  0
SECTION
  2
HEADER
  9
$ANGBASE
  50
0.0
  9
$ANGDIR
  70
1
  9
$MEASUREMENT
  70
1
  0
ENDSEC
  0
SECTION
  2
TABLES
  0
TABLE
  2
LTYPE
  70
4
  0
LTYPE
  5
40F
  2
CONTINUOUS
  70
0
  3
Solid line
  72
65
  73
0
  40
0.0
  0
LTYPE
  5
410
  2
DASHDOT
 70
0
  3
Dash Dot ____ _ ____ _
 72
65
 73
4
 40
2.0
 49
1.25
 49
-0.25
 49
0.25
 49
-0.25
  0
LTYPE
  5
411
  2
DASHED
 70
0
  3
Dashed __ __ __ __ __
 72
65
 73
2
 40
0.75
 49
0.5
 49
-0.25
  0
LTYPE
  5
43B
  2
DOTTED
 70
0
  3
Dotted .  .  .  .
 72
65
 73
2
 40
0.2
 49
0.0
 49
-0.2
  0
ENDTAB
  0
TABLE
  2
STYLE
  70
4
  0
STYLE
  2
KICAD
  70
0
  40
0
  41
1
  42
1
  50
0
  71
0
  3
isocp.shx
  0
STYLE
  2
KICADB
  70
0
  40
0
  41
1
  42
1
  50
0
  71
0
  3
isocp.shx
  0
STYLE
  2
KICADI
  70
0
  40
0
  41
1
  42
1
  50
15
  71
0
  3
isocp.shx
  0
STYLE
  2
KICADBI
  70
0
  40
0
  41
1
  42
1
  50
15
  71
0
  3
isocp.shx
  0
ENDTAB
  0
TABLE
  2
LAYER
  70
35
  0
LAYER
  2
BLACK
  70
0
  62
7
  6
CONTINUOUS
  0
LAYER
  2
GRAY1
  70
0
  62
251
  6
CONTINUOUS
  0
LAYER
  2
GRAY2
  70
0
  62
8
  6
CONTINUOUS
  0
LAYER
  2
GRAY3
  70
0
  62
9
  6
CONTINUOUS
  0
LAYER
  2
WHITE
  70
0
  62
7
  6
CONTINUOUS
  0
LAYER
  2
LYELLOW
  70
0
  62
51
  6
CONTINUOUS
  0
LAYER
  2
LORANGE
  70
0
  62
41
  6
CONTINUOUS
  0
LAYER
  2
BLUE1
  70
0
  62
178
  6
CONTINUOUS
  0
LAYER
  2
GREEN1
  70
0
  62
98
  6
CONTINUOUS
  0
LAYER
  2
CYAN1
  70
0
  62
138
  6
CONTINUOUS
  0
LAYER
  2
RED1
  70
0
  62
18
  6
CONTINUOUS
  0
LAYER
  2
MAGENTA1
  70
0
  62
228
  6
CONTINUOUS
  0
LAYER
  2
BROWN1
  70
0
  62
58
  6
CONTINUOUS
  0
LAYER
  2
ORANGE1
  70
0
  62
34
  6
CONTINUOUS
  0
LAYER
  2
BLUE2
  70
0
  62
5
  6
CONTINUOUS
  0
LAYER
  2
GREEN2
  70
0
  62
3
  6
CONTINUOUS
  0
LAYER
  2
CYAN2
  70
0
  62
4
  6
CONTINUOUS
  0
LAYER
  2
RED2
  70
0
  62
1
  6
CONTINUOUS
  0
LAYER
  2
MAGENTA2
  70
0
  62
6
  6
CONTINUOUS
  0
LAYER
  2
BROWN2
  70
0
  62
54
  6
CONTINUOUS
  0
LAYER
  2
ORANGE2
  70
0
  62
42
  6
CONTINUOUS
  0
LAYER
  2
BLUE3
  70
0
  62
171
  6
CONTINUOUS
  0
LAYER
  2
GREEN3
  70
0
  62
91
  6
CONTINUOUS
  0
LAYER
  2
CYAN3
  70
0
  62
131
  6
CONTINUOUS
  0
LAYER
  2
RED3
  70
0
  62
11
  6
CONTINUOUS
  0
LAYER
  2
MAGENTA3
  70
0
  62
221
  6
CONTINUOUS
  0
LAYER
  2
YELLOW3
  70
0
  62
2
  6
CONTINUOUS
  0
LAYER
  2
ORANGE3
  70
0
  62
32
  6
CONTINUOUS
  0
LAYER
  2
BLUE4
  70
0
  62
5
  6
CONTINUOUS
  0
LAYER
  2
GREEN4
  70
0
  62
3
  6
CONTINUOUS
  0
LAYER
  2
CYAN4
  70
0
  62
4
  6
CONTINUOUS
  0
LAYER
  2
RED4
  70
0
  62
1
  6
CONTINUOUS
  0
LAYER
  2
MAGENTA4
  70
0
  62
6
  6
CONTINUOUS
  0
LAYER
  2
YELLOW4
  70
0
  62
2
  6
CONTINUOUS
  0
LAYER
  2
ORANGE4
  70
0
  62
40
  6
CONTINUOUS
  0
ENDTAB
  0
ENDSEC
  0
SECTION
  2
ENTITIES
0
LINE
8
BLACK
6
CONTINUOUS
10
83.3579639999999955
20
-61.5393929999999969
11
83.361621999999997
21
-61.5390279999999947
0
LINE
8
BLACK
6
CONTINUOUS
10
83.361621999999997
20
-61.5390279999999947
11
83.3651940000000025
21
-61.5401049999999969
0
LINE
8
BLACK
6
CONTINUOUS
10
83.3651940000000025
20
-61.5401049999999969
11
83.3764060000000029
21
-61.5412099999999995
0
LINE
8
BLACK
6
CONTINUOUS
10
83.3764060000000029
20
-61.5412099999999995
11
83.3966649999999987
21
-61.5496009999999956
0
LINE
8
BLACK
6
CONTINUOUS
10
83.3966649999999987
20
-61.5496009999999956
11
83.4176539999999989
21
-61.5559349999999981
0
LINE
8
BLACK
6
CONTINUOUS
10
83.4176539999999989
20
-61.5559349999999981
11
83.423497999999995
21
-61.5607159999999993
0
LINE
8
BLACK
6
CONTINUOUS
10
83.423497999999995
20
-61.5607159999999993
11
83.4304779999999937
21
-61.563607999999995
0
LINE
8
BLACK
6
CONTINUOUS
10
83.4304779999999937
20
-61.563607999999995
11
83.4459829999999982
21
-61.5791129999999995
0
LINE
8
BLACK
6
CONTINUOUS
10
83.4459829999999982
20
-61.5791129999999995
11
83.4629509999999897
21
-61.5929959999999994
0
LINE
8
BLACK
6
CONTINUOUS
10
83.4629509999999897
20
-61.5929959999999994
11
83.4665210000000002
21
-61.5996509999999944
0
LINE
8
BLACK
6
CONTINUOUS
10
83.4665210000000002
20
-61.5996509999999944
11
83.4718620000000016
21
-61.6049919999999958
0
LINE
8
BLACK
6
CONTINUOUS
10
83.4718620000000016
20
-61.6049919999999958
11
83.4802529999999905
21
-61.6252489999999966
0
LINE
8
BLACK
6
CONTINUOUS
10
83.4802529999999905
20
-61.6252489999999966
11
83.4906179999999978
21
-61.6445709999999991
0
LINE
8
BLACK
6
CONTINUOUS
10
83.4906179999999978
20
-61.6445709999999991
11
83.4928319999999928
21
-61.6556179999999969
0
LINE
8
BLACK
6
CONTINUOUS
10
83.4928319999999928
20
-61.6556179999999969
11
83.494259999999997
21
-61.6590640000000008
0
LINE
8
BLACK
6
CONTINUOUS
10
83.494259999999997
20
-61.6590640000000008
11
83.494259999999997
21
-61.6627379999999974
0
LINE
8
BLACK
6
CONTINUOUS
10
83.494259999999997
20
-61.6627379999999974
11
83.4963979999999992
21
-61.6734030000000004
0
LINE
8
BLACK
6
CONTINUOUS
10
83.4963979999999992
20
-61.6734030000000004
11
83.5678259999999966
21
-62.3876879999999971
0
LINE
8
BLACK
6
CONTINUOUS
10
83.5678259999999966
20
-62.3876879999999971
11
83.5678699999999992
21
-62.4170939999999987
0
LINE
8
BLACK
6
CONTINUOUS
10
83.5678699999999992
20
-62.4170939999999987
11
83.5656869999999969
21
-62.4243279999999956
0
LINE
8
BLACK
6
CONTINUOUS
10
83.5656869999999969
20
-62.4243279999999956
11
83.5656869999999969
21
-62.4318779999999975
0
LINE
8
BLACK
6
CONTINUOUS
10
83.5656869999999969
20
-62.4318779999999975
11
83.5572969999999913
21
-62.4521309999999943
0
LINE
8
BLACK
6
CONTINUOUS
10
83.5572969999999913
20
-62.4521309999999943
11
83.5509629999999959
21
-62.4731260000000006
0
LINE
8
BLACK
6
CONTINUOUS
10
83.5509629999999959
20
-62.4731260000000006
11
83.5461799999999926
21
-62.4789699999999968
0
LINE
8
BLACK
6
CONTINUOUS
10
83.5461799999999926
20
-62.4789699999999968
11
83.5432899999999989
21
-62.4859499999999954
0
LINE
8
BLACK
6
CONTINUOUS
10
83.5432899999999989
20
-62.4859499999999954
11
83.527782000000002
21
-62.5014559999999975
0
LINE
8
BLACK
6
CONTINUOUS
10
83.527782000000002
20
-62.5014559999999975
11
83.5139020000000016
21
-62.5184219999999939
0
LINE
8
BLACK
6
CONTINUOUS
10
83.5139020000000016
20
-62.5184219999999939
11
83.507245999999995
21
-62.5219919999999973
0
LINE
8
BLACK
6
CONTINUOUS
10
83.507245999999995
20
-62.5219919999999973
11
83.5019039999999961
21
-62.5273349999999937
0
LINE
8
BLACK
6
CONTINUOUS
10
83.5019039999999961
20
-62.5273349999999937
11
83.4816459999999978
21
-62.5357249999999993
0
LINE
8
BLACK
6
CONTINUOUS
10
83.4816459999999978
20
-62.5357249999999993
11
83.4623270000000019
21
-62.5460899999999995
0
LINE
8
BLACK
6
CONTINUOUS
10
83.4623270000000019
20
-62.5460899999999995
11
83.4548099999999948
21
-62.5468410000000006
0
LINE
8
BLACK
6
CONTINUOUS
10
83.4548099999999948
20
-62.5468410000000006
11
83.4478319999999911
21
-62.5497319999999988
0
LINE
8
BLACK
6
CONTINUOUS
10
83.4478319999999911
20
-62.5497319999999988
11
83.4259059999999977
21
-62.5497309999999942
0
LINE
8
BLACK
6
CONTINUOUS
10
83.4259059999999977
20
-62.5497309999999942
11
83.4040899999999965
21
-62.551912999999999
0
LINE
8
BLACK
6
CONTINUOUS
10
83.4040899999999965
20
-62.551912999999999
11
83.3968579999999946
21
-62.5497309999999942
0
LINE
8
BLACK
6
CONTINUOUS
10
83.3968579999999946
20
-62.5497309999999942
11
83.3893059999999906
21
-62.5497309999999942
0
LINE
8
BLACK
6
CONTINUOUS
10
83.3893059999999906
20
-62.5497309999999942
11
83.3690489999999897
21
-62.5413399999999982
0
LINE
8
BLACK
6
CONTINUOUS
10
83.3690489999999897
20
-62.5413399999999982
11
83.3480579999999946
21
-62.5350070000000002
0
LINE
8
BLACK
6
CONTINUOUS
10
83.3480579999999946
20
-62.5350070000000002
11
83.3422119999999893
21
-62.5302239999999969
0
LINE
8
BLACK
6
CONTINUOUS
10
83.3422119999999893
20
-62.5302239999999969
11
83.3352339999999998
21
-62.5273339999999962
0
LINE
8
BLACK
6
CONTINUOUS
10
83.3352339999999998
20
-62.5273339999999962
11
83.3125029999999924
21
-62.5086789999999937
0
LINE
8
BLACK
6
CONTINUOUS
10
83.3125029999999924
20
-62.5086789999999937
11
83.2582859999999982
21
-62.4544619999999995
0
LINE
8
BLACK
6
CONTINUOUS
10
83.2582859999999982
20
-62.4544619999999995
11
83.1688749999999999
21
-62.409756999999999
0
LINE
8
BLACK
6
CONTINUOUS
10
83.1688749999999999
20
-62.409756999999999
11
82.8825519999999898
21
-62.409756999999999
0
LINE
8
BLACK
6
CONTINUOUS
10
82.8825519999999898
20
-62.409756999999999
11
82.793137999999999
21
-62.454462999999997
0
LINE
8
BLACK
6
CONTINUOUS
10
82.793137999999999
20
-62.454462999999997
11
82.756134000000003
21
-62.4914670000000001
0
LINE
8
BLACK
6
CONTINUOUS
10
82.756134000000003
20
-62.4914670000000001
11
82.7114270000000005
21
-62.580880999999998
0
LINE
8
BLACK
6
CONTINUOUS
10
82.7114270000000005
20
-62.580880999999998
11
82.7114270000000005
21
-62.8672029999999964
0
LINE
8
BLACK
6
CONTINUOUS
10
82.7114270000000005
20
-62.8672029999999964
11
82.756134000000003
21
-62.9566169999999943
0
LINE
8
BLACK
6
CONTINUOUS
10
82.756134000000003
20
-62.9566169999999943
11
82.793137999999999
21
-62.9936209999999974
0
LINE
8
BLACK
6
CONTINUOUS
10
82.793137999999999
20
-62.9936209999999974
11
82.8825519999999898
21
-63.0383279999999999
0
LINE
8
BLACK
6
CONTINUOUS
10
82.8825519999999898
20
-63.0383279999999999
11
83.1688749999999999
21
-63.0383279999999999
0
LINE
8
BLACK
6
CONTINUOUS
10
83.1688749999999999
20
-63.0383279999999999
11
83.2582859999999982
21
-62.9936219999999949
0
LINE
8
BLACK
6
CONTINUOUS
10
83.2582859999999982
20
-62.9936219999999949
11
83.3125029999999924
21
-62.9394059999999982
0
LINE
8
BLACK
6
CONTINUOUS
10
83.3125029999999924
20
-62.9394059999999982
11
83.3352339999999998
21
-62.9207509999999957
0
LINE
8
BLACK
6
CONTINUOUS
10
83.3352339999999998
20
-62.9207509999999957
11
83.3893059999999906
21
-62.8983539999999977
0
LINE
8
BLACK
6
CONTINUOUS
10
83.3893059999999906
20
-62.8983539999999977
11
83.4478319999999911
21
-62.8983530000000002
0
LINE
8
BLACK
6
CONTINUOUS
10
83.4478319999999911
20
-62.8983530000000002
11
83.5019039999999961
21
-62.9207499999999982
0
LINE
8
BLACK
6
CONTINUOUS
10
83.5019039999999961
20
-62.9207499999999982
11
83.5432899999999989
21
-62.9621349999999964
0
LINE
8
BLACK
6
CONTINUOUS
10
83.5432899999999989
20
-62.9621349999999964
11
83.5656869999999969
21
-63.0162069999999943
0
LINE
8
BLACK
6
CONTINUOUS
10
83.5656869999999969
20
-63.0162069999999943
11
83.5656879999999944
21
-63.0747329999999948
0
LINE
8
BLACK
6
CONTINUOUS
10
83.5656879999999944
20
-63.0747329999999948
11
83.5432909999999964
21
-63.1288059999999973
0
LINE
8
BLACK
6
CONTINUOUS
10
83.5432909999999964
20
-63.1288059999999973
11
83.5246369999999985
21
-63.1515360000000001
0
LINE
8
BLACK
6
CONTINUOUS
10
83.5246369999999985
20
-63.1515360000000001
11
83.4532090000000011
21
-63.222964999999995
0
LINE
8
BLACK
6
CONTINUOUS
10
83.4532090000000011
20
-63.222964999999995
11
83.4417059999999964
21
-63.2324039999999954
0
LINE
8
BLACK
6
CONTINUOUS
10
83.4417059999999964
20
-63.2324039999999954
11
83.4391099999999994
21
-63.2353989999999939
0
LINE
8
BLACK
6
CONTINUOUS
10
83.4391099999999994
20
-63.2353989999999939
11
83.4345950000000016
21
-63.2382399999999976
0
LINE
8
BLACK
6
CONTINUOUS
10
83.4345950000000016
20
-63.2382399999999976
11
83.4304779999999937
21
-63.2416199999999975
0
LINE
8
BLACK
6
CONTINUOUS
10
83.4304779999999937
20
-63.2416199999999975
11
83.4268189999999947
21
-63.2431349999999952
0
LINE
8
BLACK
6
CONTINUOUS
10
83.4268189999999947
20
-63.2431349999999952
11
83.4142239999999902
21
-63.2510639999999995
0
LINE
8
BLACK
6
CONTINUOUS
10
83.4142239999999902
20
-63.2510639999999995
11
83.2713669999999979
21
-63.3224919999999969
0
LINE
8
BLACK
6
CONTINUOUS
10
83.2713669999999979
20
-63.3224919999999969
11
83.2439030000000031
21
-63.3330020000000005
0
LINE
8
BLACK
6
CONTINUOUS
10
83.2439030000000031
20
-63.3330020000000005
11
83.2385269999999906
21
-63.3333829999999978
0
LINE
8
BLACK
6
CONTINUOUS
10
83.2385269999999906
20
-63.3333829999999978
11
83.2335489999999965
21
-63.3354459999999975
0
LINE
8
BLACK
6
CONTINUOUS
10
83.2335489999999965
20
-63.3354459999999975
11
83.2042849999999987
21
-63.3383279999999971
0
LINE
8
BLACK
6
CONTINUOUS
10
83.2042849999999987
20
-63.3383279999999971
11
82.847141999999991
21
-63.3383279999999971
0
LINE
8
BLACK
6
CONTINUOUS
10
82.847141999999991
20
-63.3383279999999971
11
82.8178779999999932
21
-63.3354459999999975
0
LINE
8
BLACK
6
CONTINUOUS
10
82.8178779999999932
20
-63.3354459999999975
11
82.8128990000000016
21
-63.3333829999999978
0
LINE
8
BLACK
6
CONTINUOUS
10
82.8128990000000016
20
-63.3333829999999978
11
82.8075240000000008
21
-63.3330020000000005
0
LINE
8
BLACK
6
CONTINUOUS
10
82.8075240000000008
20
-63.3330020000000005
11
82.7800609999999892
21
-63.3224919999999969
0
LINE
8
BLACK
6
CONTINUOUS
10
82.7800609999999892
20
-63.3224919999999969
11
82.6372029999999995
21
-63.2510639999999995
0
LINE
8
BLACK
6
CONTINUOUS
10
82.6372029999999995
20
-63.2510639999999995
11
82.6246110000000016
21
-63.2431369999999973
0
LINE
8
BLACK
6
CONTINUOUS
10
82.6246110000000016
20
-63.2431369999999973
11
82.6209499999999935
21
-63.241620999999995
0
LINE
8
BLACK
6
CONTINUOUS
10
82.6209499999999935
20
-63.241620999999995
11
82.6168270000000007
21
-63.238236999999998
0
LINE
8
BLACK
6
CONTINUOUS
10
82.6168270000000007
20
-63.238236999999998
11
82.6123180000000019
21
-63.2353989999999939
0
LINE
8
BLACK
6
CONTINUOUS
10
82.6123180000000019
20
-63.2353989999999939
11
82.6097230000000025
21
-63.2324069999999949
0
LINE
8
BLACK
6
CONTINUOUS
10
82.6097230000000025
20
-63.2324069999999949
11
82.5982190000000003
21
-63.2229659999999996
0
LINE
8
BLACK
6
CONTINUOUS
10
82.5982190000000003
20
-63.2229659999999996
11
82.5267899999999912
21
-63.1515369999999976
0
LINE
8
BLACK
6
CONTINUOUS
10
82.5267899999999912
20
-63.1515369999999976
11
82.5173499999999933
21
-63.1400349999999975
0
LINE
8
BLACK
6
CONTINUOUS
10
82.5173499999999933
20
-63.1400349999999975
11
82.5143569999999897
21
-63.1374390000000005
0
LINE
8
BLACK
6
CONTINUOUS
10
82.5143569999999897
20
-63.1374390000000005
11
82.5115160000000003
21
-63.1329250000000002
0
LINE
8
BLACK
6
CONTINUOUS
10
82.5115160000000003
20
-63.1329250000000002
11
82.5081349999999958
21
-63.1288059999999973
0
LINE
8
BLACK
6
CONTINUOUS
10
82.5081349999999958
20
-63.1288059999999973
11
82.5066190000000006
21
-63.1251459999999938
0
LINE
8
BLACK
6
CONTINUOUS
10
82.5066190000000006
20
-63.1251459999999938
11
82.4986919999999913
21
-63.1125529999999983
0
LINE
8
BLACK
6
CONTINUOUS
10
82.4986919999999913
20
-63.1125529999999983
11
82.4272629999999964
21
-62.969695999999999
0
LINE
8
BLACK
6
CONTINUOUS
10
82.4272629999999964
20
-62.969695999999999
11
82.4167539999999974
21
-62.9422329999999945
0
LINE
8
BLACK
6
CONTINUOUS
10
82.4167539999999974
20
-62.9422329999999945
11
82.4163719999999955
21
-62.9368579999999938
0
LINE
8
BLACK
6
CONTINUOUS
10
82.4163719999999955
20
-62.9368579999999938
11
82.4143090000000029
21
-62.9318779999999975
0
LINE
8
BLACK
6
CONTINUOUS
10
82.4143090000000029
20
-62.9318779999999975
11
82.4114270000000033
21
-62.9026139999999998
0
LINE
8
BLACK
6
CONTINUOUS
10
82.4114270000000033
20
-62.9026139999999998
11
82.4114270000000033
21
-62.5454709999999992
0
LINE
8
BLACK
6
CONTINUOUS
10
82.4114270000000033
20
-62.5454709999999992
11
82.4143090000000029
21
-62.5162069999999943
0
LINE
8
BLACK
6
CONTINUOUS
10
82.4143090000000029
20
-62.5162069999999943
11
82.4163719999999955
21
-62.5112260000000006
0
LINE
8
BLACK
6
CONTINUOUS
10
82.4163719999999955
20
-62.5112260000000006
11
82.4167539999999974
21
-62.5058519999999973
0
LINE
8
BLACK
6
CONTINUOUS
10
82.4167539999999974
20
-62.5058519999999973
11
82.4272629999999964
21
-62.478389
0
LINE
8
BLACK
6
CONTINUOUS
10
82.4272629999999964
20
-62.478389
11
82.4986919999999913
21
-62.3355320000000006
0
LINE
8
BLACK
6
CONTINUOUS
10
82.4986919999999913
20
-62.3355320000000006
11
82.5066190000000006
21
-62.3229380000000006
0
LINE
8
BLACK
6
CONTINUOUS
10
82.5066190000000006
20
-62.3229380000000006
11
82.5081349999999958
21
-62.3192789999999945
0
LINE
8
BLACK
6
CONTINUOUS
10
82.5081349999999958
20
-62.3192789999999945
11
82.5115160000000003
21
-62.3151589999999942
0
LINE
8
BLACK
6
CONTINUOUS
10
82.5115160000000003
20
-62.3151589999999942
11
82.5143569999999897
21
-62.3106459999999984
0
LINE
8
BLACK
6
CONTINUOUS
10
82.5143569999999897
20
-62.3106459999999984
11
82.5173499999999933
21
-62.3080489999999969
0
LINE
8
BLACK
6
CONTINUOUS
10
82.5173499999999933
20
-62.3080489999999969
11
82.5267899999999912
21
-62.2965479999999943
0
LINE
8
BLACK
6
CONTINUOUS
10
82.5267899999999912
20
-62.2965479999999943
11
82.5982190000000003
21
-62.2251189999999994
0
LINE
8
BLACK
6
CONTINUOUS
10
82.5982190000000003
20
-62.2251189999999994
11
82.6097230000000025
21
-62.2156769999999995
0
LINE
8
BLACK
6
CONTINUOUS
10
82.6097230000000025
20
-62.2156769999999995
11
82.6123180000000019
21
-62.2126859999999979
0
LINE
8
BLACK
6
CONTINUOUS
10
82.6123180000000019
20
-62.2126859999999979
11
82.6168270000000007
21
-62.2098469999999963
0
LINE
8
BLACK
6
CONTINUOUS
10
82.6168270000000007
20
-62.2098469999999963
11
82.6209499999999935
21
-62.2064639999999969
0
LINE
8
BLACK
6
CONTINUOUS
10
82.6209499999999935
20
-62.2064639999999969
11
82.6246110000000016
21
-62.2049469999999971
0
LINE
8
BLACK
6
CONTINUOUS
10
82.6246110000000016
20
-62.2049469999999971
11
82.6372029999999995
21
-62.1970209999999994
0
LINE
8
BLACK
6
CONTINUOUS
10
82.6372029999999995
20
-62.1970209999999994
11
82.7800609999999892
21
-62.125592999999995
0
LINE
8
BLACK
6
CONTINUOUS
10
82.7800609999999892
20
-62.125592999999995
11
82.8075240000000008
21
-62.1150829999999985
0
LINE
8
BLACK
6
CONTINUOUS
10
82.8075240000000008
20
-62.1150829999999985
11
82.8128990000000016
21
-62.1147009999999966
0
LINE
8
BLACK
6
CONTINUOUS
10
82.8128990000000016
20
-62.1147009999999966
11
82.8178779999999932
21
-62.1126389999999944
0
LINE
8
BLACK
6
CONTINUOUS
10
82.8178779999999932
20
-62.1126389999999944
11
82.847141999999991
21
-62.1097569999999948
0
LINE
8
BLACK
6
CONTINUOUS
10
82.847141999999991
20
-62.1097569999999948
11
83.2042849999999987
21
-62.1097569999999948
0
LINE
8
BLACK
6
CONTINUOUS
10
83.2042849999999987
20
-62.1097569999999948
11
83.2335489999999965
21
-62.1126389999999944
0
LINE
8
BLACK
6
CONTINUOUS
10
83.2335489999999965
20
-62.1126389999999944
11
83.2385269999999906
21
-62.1147009999999966
0
LINE
8
BLACK
6
CONTINUOUS
10
83.2385269999999906
20
-62.1147009999999966
11
83.2390339999999895
21
-62.1147369999999981
0
LINE
8
BLACK
6
CONTINUOUS
10
83.2390339999999895
20
-62.1147369999999981
11
83.2113930000000011
21
-61.8383279999999971
0
LINE
8
BLACK
6
CONTINUOUS
10
83.2113930000000011
20
-61.8383279999999971
11
82.6328559999999896
21
-61.8383279999999971
0
LINE
8
BLACK
6
CONTINUOUS
10
82.6328559999999896
20
-61.8383279999999971
11
82.6035919999999919
21
-61.8354459999999975
0
LINE
8
BLACK
6
CONTINUOUS
10
82.6035919999999919
20
-61.8354459999999975
11
82.5495200000000011
21
-61.8130479999999949
0
LINE
8
BLACK
6
CONTINUOUS
10
82.5495200000000011
20
-61.8130479999999949
11
82.5081359999999933
21
-61.7716639999999941
0
LINE
8
BLACK
6
CONTINUOUS
10
82.5081359999999933
20
-61.7716639999999941
11
82.4857379999999978
21
-61.7175919999999962
0
LINE
8
BLACK
6
CONTINUOUS
10
82.4857379999999978
20
-61.7175919999999962
11
82.4857379999999978
21
-61.6590640000000008
0
LINE
8
BLACK
6
CONTINUOUS
10
82.4857379999999978
20
-61.6590640000000008
11
82.5081359999999933
21
-61.6049919999999958
0
LINE
8
BLACK
6
CONTINUOUS
10
82.5081359999999933
20
-61.6049919999999958
11
82.5495200000000011
21
-61.563607999999995
0
LINE
8
BLACK
6
CONTINUOUS
10
82.5495200000000011
20
-61.563607999999995
11
82.6035919999999919
21
-61.5412099999999995
0
LINE
8
BLACK
6
CONTINUOUS
10
82.6035919999999919
20
-61.5412099999999995
11
82.6328559999999896
21
-61.5383279999999999
0
LINE
8
BLACK
6
CONTINUOUS
10
82.6328559999999896
20
-61.5383279999999999
11
83.347141999999991
21
-61.5383279999999999
0
LINE
8
BLACK
6
CONTINUOUS
10
83.347141999999991
20
-61.5383279999999999
11
83.3579639999999955
21
-61.5393929999999969
0
LINE
8
BLACK
6
CONTINUOUS
10
84.8764060000000029
20
-61.5412099999999995
11
84.9304779999999937
21
-61.563607999999995
0
LINE
8
BLACK
6
CONTINUOUS
10
84.9304779999999937
20
-61.563607999999995
11
84.9718620000000016
21
-61.6049919999999958
0
LINE
8
BLACK
6
CONTINUOUS
10
84.9718620000000016
20
-61.6049919999999958
11
84.994259999999997
21
-61.6590640000000008
0
LINE
8
BLACK
6
CONTINUOUS
10
84.994259999999997
20
-61.6590640000000008
11
84.9971419999999966
21
-61.6883279999999985
0
LINE
8
BLACK
6
CONTINUOUS
10
84.9971419999999966
20
-61.6883279999999985
11
84.9971419999999966
21
-63.1883279999999985
0
LINE
8
BLACK
6
CONTINUOUS
10
84.9971419999999966
20
-63.1883279999999985
11
84.994259999999997
21
-63.2175919999999962
0
LINE
8
BLACK
6
CONTINUOUS
10
84.994259999999997
20
-63.2175919999999962
11
84.9718620000000016
21
-63.2716639999999941
0
LINE
8
BLACK
6
CONTINUOUS
10
84.9718620000000016
20
-63.2716639999999941
11
84.9304779999999937
21
-63.3130479999999949
0
LINE
8
BLACK
6
CONTINUOUS
10
84.9304779999999937
20
-63.3130479999999949
11
84.8764060000000029
21
-63.3354459999999975
0
LINE
8
BLACK
6
CONTINUOUS
10
84.8764060000000029
20
-63.3354459999999975
11
84.8178779999999932
21
-63.3354459999999975
0
LINE
8
BLACK
6
CONTINUOUS
10
84.8178779999999932
20
-63.3354459999999975
11
84.7638060000000024
21
-63.3130479999999949
0
LINE
8
BLACK
6
CONTINUOUS
10
84.7638060000000024
20
-63.3130479999999949
11
84.7224219999999946
21
-63.2716639999999941
0
LINE
8
BLACK
6
CONTINUOUS
10
84.7224219999999946
20
-63.2716639999999941
11
84.7000239999999991
21
-63.2175919999999962
0
LINE
8
BLACK
6
CONTINUOUS
10
84.7000239999999991
20
-63.2175919999999962
11
84.6971419999999995
21
-63.1883279999999985
0
LINE
8
BLACK
6
CONTINUOUS
10
84.6971419999999995
20
-63.1883279999999985
11
84.6971419999999995
21
-62.6240419999999958
0
LINE
8
BLACK
6
CONTINUOUS
10
84.6971419999999995
20
-62.6240419999999958
11
84.5680969999999945
21
-62.6240419999999958
0
LINE
8
BLACK
6
CONTINUOUS
10
84.5680969999999945
20
-62.6240419999999958
11
84.112883999999994
21
-63.2743469999999988
0
LINE
8
BLACK
6
CONTINUOUS
10
84.112883999999994
20
-63.2743469999999988
11
84.0937409999999943
21
-63.2966689999999943
0
LINE
8
BLACK
6
CONTINUOUS
10
84.0937409999999943
20
-63.2966689999999943
11
84.0443839999999938
21
-63.3281220000000005
0
LINE
8
BLACK
6
CONTINUOUS
10
84.0443839999999938
20
-63.3281220000000005
11
83.9867479999999915
21
-63.3382930000000002
0
LINE
8
BLACK
6
CONTINUOUS
10
83.9867479999999915
20
-63.3382930000000002
11
83.9296059999999926
21
-63.3256339999999938
0
LINE
8
BLACK
6
CONTINUOUS
10
83.9296059999999926
20
-63.3256339999999938
11
83.8816580000000016
21
-63.2920699999999954
0
LINE
8
BLACK
6
CONTINUOUS
10
83.8816580000000016
20
-63.2920699999999954
11
83.8502050000000025
21
-63.2427129999999948
0
LINE
8
BLACK
6
CONTINUOUS
10
83.8502050000000025
20
-63.2427129999999948
11
83.8400340000000028
21
-63.1850769999999997
0
LINE
8
BLACK
6
CONTINUOUS
10
83.8400340000000028
20
-63.1850769999999997
11
83.8526930000000021
21
-63.1279349999999937
0
LINE
8
BLACK
6
CONTINUOUS
10
83.8526930000000021
20
-63.1279349999999937
11
83.8671140000000008
21
-63.1023089999999982
0
LINE
8
BLACK
6
CONTINUOUS
10
83.8671140000000008
20
-63.1023089999999982
11
84.212065999999993
21
-62.6095199999999963
0
LINE
8
BLACK
6
CONTINUOUS
10
84.212065999999993
20
-62.6095199999999963
11
84.2086319999999944
21
-62.6082059999999956
0
LINE
8
BLACK
6
CONTINUOUS
10
84.2086319999999944
20
-62.6082059999999956
11
84.0657739999999905
21
-62.5367779999999982
0
LINE
8
BLACK
6
CONTINUOUS
10
84.0657739999999905
20
-62.5367779999999982
11
84.0531819999999925
21
-62.528850999999996
0
LINE
8
BLACK
6
CONTINUOUS
10
84.0531819999999925
20
-62.528850999999996
11
84.0495209999999986
21
-62.5273349999999937
0
LINE
8
BLACK
6
CONTINUOUS
10
84.0495209999999986
20
-62.5273349999999937
11
84.0453979999999916
21
-62.5239509999999967
0
LINE
8
BLACK
6
CONTINUOUS
10
84.0453979999999916
20
-62.5239509999999967
11
84.0408889999999928
21
-62.5211129999999997
0
LINE
8
BLACK
6
CONTINUOUS
10
84.0408889999999928
20
-62.5211129999999997
11
84.0382939999999934
21
-62.5181210000000007
0
LINE
8
BLACK
6
CONTINUOUS
10
84.0382939999999934
20
-62.5181210000000007
11
84.0267899999999912
21
-62.5086799999999982
0
LINE
8
BLACK
6
CONTINUOUS
10
84.0267899999999912
20
-62.5086799999999982
11
83.9553609999999964
21
-62.4372509999999963
0
LINE
8
BLACK
6
CONTINUOUS
10
83.9553609999999964
20
-62.4372509999999963
11
83.9459209999999985
21
-62.4257489999999962
0
LINE
8
BLACK
6
CONTINUOUS
10
83.9459209999999985
20
-62.4257489999999962
11
83.9429279999999949
21
-62.4231529999999992
0
LINE
8
BLACK
6
CONTINUOUS
10
83.9429279999999949
20
-62.4231529999999992
11
83.9400869999999912
21
-62.4186389999999989
0
LINE
8
BLACK
6
CONTINUOUS
10
83.9400869999999912
20
-62.4186389999999989
11
83.9367060000000009
21
-62.414519999999996
0
LINE
8
BLACK
6
CONTINUOUS
10
83.9367060000000009
20
-62.414519999999996
11
83.9351899999999915
21
-62.4108599999999996
0
LINE
8
BLACK
6
CONTINUOUS
10
83.9351899999999915
20
-62.4108599999999996
11
83.9272629999999964
21
-62.398266999999997
0
LINE
8
BLACK
6
CONTINUOUS
10
83.9272629999999964
20
-62.398266999999997
11
83.855834999999999
21
-62.2554099999999977
0
LINE
8
BLACK
6
CONTINUOUS
10
83.855834999999999
20
-62.2554099999999977
11
83.8453250000000025
21
-62.2279459999999958
0
LINE
8
BLACK
6
CONTINUOUS
10
83.8453250000000025
20
-62.2279459999999958
11
83.8449430000000007
21
-62.2225699999999975
0
LINE
8
BLACK
6
CONTINUOUS
10
83.8449430000000007
20
-62.2225699999999975
11
83.8428809999999913
21
-62.2175919999999962
0
LINE
8
BLACK
6
CONTINUOUS
10
83.8428809999999913
20
-62.2175919999999962
11
83.8399989999999917
21
-62.1883279999999985
0
LINE
8
BLACK
6
CONTINUOUS
10
83.8399989999999917
20
-62.1883279999999985
11
83.8399989999999917
21
-61.9740419999999972
0
LINE
8
BLACK
6
CONTINUOUS
10
83.8399989999999917
20
-61.9740419999999972
11
83.8428809999999913
21
-61.9447779999999995
0
LINE
8
BLACK
6
CONTINUOUS
10
83.8428809999999913
20
-61.9447779999999995
11
83.8449430000000007
21
-61.9397990000000007
0
LINE
8
BLACK
6
CONTINUOUS
10
83.8449430000000007
20
-61.9397990000000007
11
83.8453250000000025
21
-61.9344239999999999
0
LINE
8
BLACK
6
CONTINUOUS
10
83.8453250000000025
20
-61.9344239999999999
11
83.855834999999999
21
-61.906959999999998
0
LINE
8
BLACK
6
CONTINUOUS
10
83.855834999999999
20
-61.906959999999998
11
83.9272629999999964
21
-61.7641029999999986
0
LINE
8
BLACK
6
CONTINUOUS
10
83.9272629999999964
20
-61.7641029999999986
11
83.9351910000000032
21
-61.7515069999999966
0
LINE
8
BLACK
6
CONTINUOUS
10
83.9351910000000032
20
-61.7515069999999966
11
83.9367069999999984
21
-61.7478489999999951
0
LINE
8
BLACK
6
CONTINUOUS
10
83.9367069999999984
20
-61.7478489999999951
11
83.9400859999999938
21
-61.7437309999999968
0
LINE
8
BLACK
6
CONTINUOUS
10
83.9400859999999938
20
-61.7437309999999968
11
83.9429279999999949
21
-61.7392169999999965
0
LINE
8
BLACK
6
CONTINUOUS
10
83.9429279999999949
20
-61.7392169999999965
11
83.9459219999999959
21
-61.7366199999999949
0
LINE
8
BLACK
6
CONTINUOUS
10
83.9459219999999959
20
-61.7366199999999949
11
83.9553619999999938
21
-61.7251179999999948
0
LINE
8
BLACK
6
CONTINUOUS
10
83.9553619999999938
20
-61.7251179999999948
11
84.0267910000000029
21
-61.6536899999999974
0
LINE
8
BLACK
6
CONTINUOUS
10
84.0267910000000029
20
-61.6536899999999974
11
84.038291000000001
21
-61.644250999999997
0
LINE
8
BLACK
6
CONTINUOUS
10
84.038291000000001
20
-61.644250999999997
11
84.0408879999999954
21
-61.6412580000000005
0
LINE
8
BLACK
6
CONTINUOUS
10
84.0408879999999954
20
-61.6412580000000005
11
84.0454000000000008
21
-61.6384169999999969
0
LINE
8
BLACK
6
CONTINUOUS
10
84.0454000000000008
20
-61.6384169999999969
11
84.0495209999999986
21
-61.6350359999999995
0
LINE
8
BLACK
6
CONTINUOUS
10
84.0495209999999986
20
-61.6350359999999995
11
84.0531799999999976
21
-61.6335199999999972
0
LINE
8
BLACK
6
CONTINUOUS
10
84.0531799999999976
20
-61.6335199999999972
11
84.0657739999999905
21
-61.625592999999995
0
LINE
8
BLACK
6
CONTINUOUS
10
84.0657739999999905
20
-61.625592999999995
11
84.2086299999999994
21
-61.5541640000000001
0
LINE
8
BLACK
6
CONTINUOUS
10
84.2086299999999994
20
-61.5541640000000001
11
84.2360939999999943
21
-61.543654999999994
0
LINE
8
BLACK
6
CONTINUOUS
10
84.2360939999999943
20
-61.543654999999994
11
84.2414679999999976
21
-61.5432729999999992
0
LINE
8
BLACK
6
CONTINUOUS
10
84.2414679999999976
20
-61.5432729999999992
11
84.2464489999999984
21
-61.5412099999999995
0
LINE
8
BLACK
6
CONTINUOUS
10
84.2464489999999984
20
-61.5412099999999995
11
84.2757129999999961
21
-61.5383279999999999
0
LINE
8
BLACK
6
CONTINUOUS
10
84.2757129999999961
20
-61.5383279999999999
11
84.847141999999991
21
-61.5383279999999999
0
LINE
8
BLACK
6
CONTINUOUS
10
84.847141999999991
20
-61.5383279999999999
11
84.8764060000000029
21
-61.5412099999999995
0
LINE
8
BLACK
6
CONTINUOUS
10
84.2217089999999899
20
-61.8830349999999996
11
84.1847039999999964
21
-61.9200400000000002
0
LINE
8
BLACK
6
CONTINUOUS
10
84.1847039999999964
20
-61.9200400000000002
11
84.1399990000000031
21
-62.0094509999999985
0
LINE
8
BLACK
6
CONTINUOUS
10
84.1399990000000031
20
-62.0094509999999985
11
84.1399990000000031
21
-62.1529179999999997
0
LINE
8
BLACK
6
CONTINUOUS
10
84.1399990000000031
20
-62.1529179999999997
11
84.1847039999999964
21
-62.2423299999999955
0
LINE
8
BLACK
6
CONTINUOUS
10
84.1847039999999964
20
-62.2423299999999955
11
84.2217089999999899
21
-62.2793349999999961
0
LINE
8
BLACK
6
CONTINUOUS
10
84.2217089999999899
20
-62.2793349999999961
11
84.3111229999999949
21
-62.3240419999999986
0
LINE
8
BLACK
6
CONTINUOUS
10
84.3111229999999949
20
-62.3240419999999986
11
84.6971419999999995
21
-62.3240419999999986
0
LINE
8
BLACK
6
CONTINUOUS
10
84.6971419999999995
20
-62.3240419999999986
11
84.6971419999999995
21
-61.8383279999999971
0
LINE
8
BLACK
6
CONTINUOUS
10
84.6971419999999995
20
-61.8383279999999971
11
84.3111229999999949
21
-61.8383279999999971
0
LINE
8
BLACK
6
CONTINUOUS
10
84.3111229999999949
20
-61.8383279999999971
11
84.2217089999999899
21
-61.8830349999999996
0
LINE
8
BLACK
6
CONTINUOUS
10
50.9364059999999981
20
-61.5412099999999995
11
50.990477999999996
21
-61.563607999999995
0
LINE
8
BLACK
6
CONTINUOUS
10
50.990477999999996
20
-61.563607999999995
11
51.0318619999999967
21
-61.6049919999999958
0
LINE
8
BLACK
6
CONTINUOUS
10
51.0318619999999967
20
-61.6049919999999958
11
51.0542599999999993
21
-61.6590640000000008
0
LINE
8
BLACK
6
CONTINUOUS
10
51.0542599999999993
20
-61.6590640000000008
11
51.0571419999999989
21
-61.6883279999999985
0
LINE
8
BLACK
6
CONTINUOUS
10
51.0571419999999989
20
-61.6883279999999985
11
51.0571419999999989
21
-63.1883279999999985
0
LINE
8
BLACK
6
CONTINUOUS
10
51.0571419999999989
20
-63.1883279999999985
11
51.0542599999999993
21
-63.2175919999999962
0
LINE
8
BLACK
6
CONTINUOUS
10
51.0542599999999993
20
-63.2175919999999962
11
51.0318619999999967
21
-63.2716639999999941
0
LINE
8
BLACK
6
CONTINUOUS
10
51.0318619999999967
20
-63.2716639999999941
11
50.990477999999996
21
-63.3130479999999949
0
LINE
8
BLACK
6
CONTINUOUS
10
50.990477999999996
20
-63.3130479999999949
11
50.9364059999999981
21
-63.3354459999999975
0
LINE
8
BLACK
6
CONTINUOUS
10
50.9364059999999981
20
-63.3354459999999975
11
50.8778779999999955
21
-63.3354459999999975
0
LINE
8
BLACK
6
CONTINUOUS
10
50.8778779999999955
20
-63.3354459999999975
11
50.8238059999999976
21
-63.3130479999999949
0
LINE
8
BLACK
6
CONTINUOUS
10
50.8238059999999976
20
-63.3130479999999949
11
50.7824219999999968
21
-63.2716639999999941
0
LINE
8
BLACK
6
CONTINUOUS
10
50.7824219999999968
20
-63.2716639999999941
11
50.7600239999999943
21
-63.2175919999999962
0
LINE
8
BLACK
6
CONTINUOUS
10
50.7600239999999943
20
-63.2175919999999962
11
50.7571419999999947
21
-63.1883279999999985
0
LINE
8
BLACK
6
CONTINUOUS
10
50.7571419999999947
20
-63.1883279999999985
11
50.7571419999999947
21
-62.6240419999999958
0
LINE
8
BLACK
6
CONTINUOUS
10
50.7571419999999947
20
-62.6240419999999958
11
50.6280969999999968
21
-62.6240419999999958
0
LINE
8
BLACK
6
CONTINUOUS
10
50.6280969999999968
20
-62.6240419999999958
11
50.1728839999999963
21
-63.2743469999999988
0
LINE
8
BLACK
6
CONTINUOUS
10
50.1728839999999963
20
-63.2743469999999988
11
50.1537409999999966
21
-63.2966689999999943
0
LINE
8
BLACK
6
CONTINUOUS
10
50.1537409999999966
20
-63.2966689999999943
11
50.104383999999996
21
-63.3281220000000005
0
LINE
8
BLACK
6
CONTINUOUS
10
50.104383999999996
20
-63.3281220000000005
11
50.0467480000000009
21
-63.3382930000000002
0
LINE
8
BLACK
6
CONTINUOUS
10
50.0467480000000009
20
-63.3382930000000002
11
49.9896059999999949
21
-63.3256339999999938
0
LINE
8
BLACK
6
CONTINUOUS
10
49.9896059999999949
20
-63.3256339999999938
11
49.9416579999999968
21
-63.2920699999999954
0
LINE
8
BLACK
6
CONTINUOUS
10
49.9416579999999968
20
-63.2920699999999954
11
49.9102049999999977
21
-63.2427129999999948
0
LINE
8
BLACK
6
CONTINUOUS
10
49.9102049999999977
20
-63.2427129999999948
11
49.900033999999998
21
-63.1850769999999997
0
LINE
8
BLACK
6
CONTINUOUS
10
49.900033999999998
20
-63.1850769999999997
11
49.9126929999999973
21
-63.1279349999999937
0
LINE
8
BLACK
6
CONTINUOUS
10
49.9126929999999973
20
-63.1279349999999937
11
49.927113999999996
21
-63.1023089999999982
0
LINE
8
BLACK
6
CONTINUOUS
10
49.927113999999996
20
-63.1023089999999982
11
50.2720659999999953
21
-62.6095199999999963
0
LINE
8
BLACK
6
CONTINUOUS
10
50.2720659999999953
20
-62.6095199999999963
11
50.2686319999999967
21
-62.6082059999999956
0
LINE
8
BLACK
6
CONTINUOUS
10
50.2686319999999967
20
-62.6082059999999956
11
50.1257739999999998
21
-62.5367779999999982
0
LINE
8
BLACK
6
CONTINUOUS
10
50.1257739999999998
20
-62.5367779999999982
11
50.1131819999999948
21
-62.528850999999996
0
LINE
8
BLACK
6
CONTINUOUS
10
50.1131819999999948
20
-62.528850999999996
11
50.1095210000000009
21
-62.5273349999999937
0
LINE
8
BLACK
6
CONTINUOUS
10
50.1095210000000009
20
-62.5273349999999937
11
50.105398000000001
21
-62.5239509999999967
0
LINE
8
BLACK
6
CONTINUOUS
10
50.105398000000001
20
-62.5239509999999967
11
50.1008889999999951
21
-62.5211129999999997
0
LINE
8
BLACK
6
CONTINUOUS
10
50.1008889999999951
20
-62.5211129999999997
11
50.0982939999999957
21
-62.5181210000000007
0
LINE
8
BLACK
6
CONTINUOUS
10
50.0982939999999957
20
-62.5181210000000007
11
50.0867900000000006
21
-62.5086799999999982
0
LINE
8
BLACK
6
CONTINUOUS
10
50.0867900000000006
20
-62.5086799999999982
11
50.0153609999999986
21
-62.4372509999999963
0
LINE
8
BLACK
6
CONTINUOUS
10
50.0153609999999986
20
-62.4372509999999963
11
50.0059210000000007
21
-62.4257489999999962
0
LINE
8
BLACK
6
CONTINUOUS
10
50.0059210000000007
20
-62.4257489999999962
11
50.0029279999999972
21
-62.4231529999999992
0
LINE
8
BLACK
6
CONTINUOUS
10
50.0029279999999972
20
-62.4231529999999992
11
50.0000870000000006
21
-62.4186389999999989
0
LINE
8
BLACK
6
CONTINUOUS
10
50.0000870000000006
20
-62.4186389999999989
11
49.9967059999999961
21
-62.414519999999996
0
LINE
8
BLACK
6
CONTINUOUS
10
49.9967059999999961
20
-62.414519999999996
11
49.9951900000000009
21
-62.4108599999999996
0
LINE
8
BLACK
6
CONTINUOUS
10
49.9951900000000009
20
-62.4108599999999996
11
49.9872629999999987
21
-62.398266999999997
0
LINE
8
BLACK
6
CONTINUOUS
10
49.9872629999999987
20
-62.398266999999997
11
49.9158350000000013
21
-62.2554099999999977
0
LINE
8
BLACK
6
CONTINUOUS
10
49.9158350000000013
20
-62.2554099999999977
11
49.9053249999999977
21
-62.2279459999999958
0
LINE
8
BLACK
6
CONTINUOUS
10
49.9053249999999977
20
-62.2279459999999958
11
49.9049429999999958
21
-62.2225699999999975
0
LINE
8
BLACK
6
CONTINUOUS
10
49.9049429999999958
20
-62.2225699999999975
11
49.9028810000000007
21
-62.2175919999999962
0
LINE
8
BLACK
6
CONTINUOUS
10
49.9028810000000007
20
-62.2175919999999962
11
49.8999990000000011
21
-62.1883279999999985
0
LINE
8
BLACK
6
CONTINUOUS
10
49.8999990000000011
20
-62.1883279999999985
11
49.8999990000000011
21
-61.9740419999999972
0
LINE
8
BLACK
6
CONTINUOUS
10
49.8999990000000011
20
-61.9740419999999972
11
49.9028810000000007
21
-61.9447779999999995
0
LINE
8
BLACK
6
CONTINUOUS
10
49.9028810000000007
20
-61.9447779999999995
11
49.9049429999999958
21
-61.9397990000000007
0
LINE
8
BLACK
6
CONTINUOUS
10
49.9049429999999958
20
-61.9397990000000007
11
49.9053249999999977
21
-61.9344239999999999
0
LINE
8
BLACK
6
CONTINUOUS
10
49.9053249999999977
20
-61.9344239999999999
11
49.9158350000000013
21
-61.906959999999998
0
LINE
8
BLACK
6
CONTINUOUS
10
49.9158350000000013
20
-61.906959999999998
11
49.9872629999999987
21
-61.7641029999999986
0
LINE
8
BLACK
6
CONTINUOUS
10
49.9872629999999987
20
-61.7641029999999986
11
49.9951909999999984
21
-61.7515069999999966
0
LINE
8
BLACK
6
CONTINUOUS
10
49.9951909999999984
20
-61.7515069999999966
11
49.9967070000000007
21
-61.7478489999999951
0
LINE
8
BLACK
6
CONTINUOUS
10
49.9967070000000007
20
-61.7478489999999951
11
50.000085999999996
21
-61.7437309999999968
0
LINE
8
BLACK
6
CONTINUOUS
10
50.000085999999996
20
-61.7437309999999968
11
50.0029279999999972
21
-61.7392169999999965
0
LINE
8
BLACK
6
CONTINUOUS
10
50.0029279999999972
20
-61.7392169999999965
11
50.0059219999999982
21
-61.7366199999999949
0
LINE
8
BLACK
6
CONTINUOUS
10
50.0059219999999982
20
-61.7366199999999949
11
50.0153619999999961
21
-61.7251179999999948
0
LINE
8
BLACK
6
CONTINUOUS
10
50.0153619999999961
20
-61.7251179999999948
11
50.0867909999999981
21
-61.6536899999999974
0
LINE
8
BLACK
6
CONTINUOUS
10
50.0867909999999981
20
-61.6536899999999974
11
50.0982909999999961
21
-61.644250999999997
0
LINE
8
BLACK
6
CONTINUOUS
10
50.0982909999999961
20
-61.644250999999997
11
50.1008879999999976
21
-61.6412580000000005
0
LINE
8
BLACK
6
CONTINUOUS
10
50.1008879999999976
20
-61.6412580000000005
11
50.1053999999999959
21
-61.6384169999999969
0
LINE
8
BLACK
6
CONTINUOUS
10
50.1053999999999959
20
-61.6384169999999969
11
50.1095210000000009
21
-61.6350359999999995
0
LINE
8
BLACK
6
CONTINUOUS
10
50.1095210000000009
20
-61.6350359999999995
11
50.1131799999999998
21
-61.6335199999999972
0
LINE
8
BLACK
6
CONTINUOUS
10
50.1131799999999998
20
-61.6335199999999972
11
50.1257739999999998
21
-61.625592999999995
0
LINE
8
BLACK
6
CONTINUOUS
10
50.1257739999999998
20
-61.625592999999995
11
50.2686299999999946
21
-61.5541640000000001
0
LINE
8
BLACK
6
CONTINUOUS
10
50.2686299999999946
20
-61.5541640000000001
11
50.2960939999999965
21
-61.543654999999994
0
LINE
8
BLACK
6
CONTINUOUS
10
50.2960939999999965
20
-61.543654999999994
11
50.3014679999999998
21
-61.5432729999999992
0
LINE
8
BLACK
6
CONTINUOUS
10
50.3014679999999998
20
-61.5432729999999992
11
50.3064490000000006
21
-61.5412099999999995
0
LINE
8
BLACK
6
CONTINUOUS
10
50.3064490000000006
20
-61.5412099999999995
11
50.3357129999999984
21
-61.5383279999999999
0
LINE
8
BLACK
6
CONTINUOUS
10
50.3357129999999984
20
-61.5383279999999999
11
50.9071420000000003
21
-61.5383279999999999
0
LINE
8
BLACK
6
CONTINUOUS
10
50.9071420000000003
20
-61.5383279999999999
11
50.9364059999999981
21
-61.5412099999999995
0
LINE
8
BLACK
6
CONTINUOUS
10
50.2817089999999993
20
-61.8830349999999996
11
50.2447039999999987
21
-61.9200400000000002
0
LINE
8
BLACK
6
CONTINUOUS
10
50.2447039999999987
20
-61.9200400000000002
11
50.1999989999999983
21
-62.0094509999999985
0
LINE
8
BLACK
6
CONTINUOUS
10
50.1999989999999983
20
-62.0094509999999985
11
50.1999989999999983
21
-62.1529179999999997
0
LINE
8
BLACK
6
CONTINUOUS
10
50.1999989999999983
20
-62.1529179999999997
11
50.2447039999999987
21
-62.2423299999999955
0
LINE
8
BLACK
6
CONTINUOUS
10
50.2447039999999987
20
-62.2423299999999955
11
50.2817089999999993
21
-62.2793349999999961
0
LINE
8
BLACK
6
CONTINUOUS
10
50.2817089999999993
20
-62.2793349999999961
11
50.3711229999999972
21
-62.3240419999999986
0
LINE
8
BLACK
6
CONTINUOUS
10
50.3711229999999972
20
-62.3240419999999986
11
50.7571419999999947
21
-62.3240419999999986
0
LINE
8
BLACK
6
CONTINUOUS
10
50.7571419999999947
20
-62.3240419999999986
11
50.7571419999999947
21
-61.8383279999999971
0
LINE
8
BLACK
6
CONTINUOUS
10
50.7571419999999947
20
-61.8383279999999971
11
50.3711229999999972
21
-61.8383279999999971
0
LINE
8
BLACK
6
CONTINUOUS
10
50.3711229999999972
20
-61.8383279999999971
11
50.2817089999999993
21
-61.8830349999999996
0
LINE
8
BLACK
6
CONTINUOUS
10
49.1610469999999964
20
-61.4722269999999966
11
49.213394000000001
21
-61.4984009999999941
0
LINE
8
BLACK
6
CONTINUOUS
10
49.213394000000001
20
-61.4984009999999941
11
49.2517409999999956
21
-61.5426149999999978
0
LINE
8
BLACK
6
CONTINUOUS
10
49.2517409999999956
20
-61.5426149999999978
11
49.2637289999999979
21
-61.5694659999999985
0
LINE
8
BLACK
6
CONTINUOUS
10
49.2637289999999979
20
-61.5694659999999985
11
49.6208719999999985
21
-62.6408929999999984
0
LINE
8
BLACK
6
CONTINUOUS
10
49.6208719999999985
20
-62.6408929999999984
11
49.6241709999999969
21
-62.6554019999999952
0
LINE
8
BLACK
6
CONTINUOUS
10
49.6241709999999969
20
-62.6554019999999952
11
49.6256879999999967
21
-62.6590639999999937
0
LINE
8
BLACK
6
CONTINUOUS
10
49.6256879999999967
20
-62.6590639999999937
11
49.6256879999999967
21
-62.6620729999999995
0
LINE
8
BLACK
6
CONTINUOUS
10
49.6256879999999967
20
-62.6620729999999995
11
49.6273920000000004
21
-62.6695670000000007
0
LINE
8
BLACK
6
CONTINUOUS
10
49.6273920000000004
20
-62.6695670000000007
11
49.6256879999999967
21
-62.6935429999999982
0
LINE
8
BLACK
6
CONTINUOUS
10
49.6256879999999967
20
-62.6935429999999982
11
49.6256879999999967
21
-62.7175919999999962
0
LINE
8
BLACK
6
CONTINUOUS
10
49.6256879999999967
20
-62.7175919999999962
11
49.6236239999999995
21
-62.7225719999999995
0
LINE
8
BLACK
6
CONTINUOUS
10
49.6236239999999995
20
-62.7225719999999995
11
49.6232429999999951
21
-62.7279470000000003
0
LINE
8
BLACK
6
CONTINUOUS
10
49.6232429999999951
20
-62.7279470000000003
11
49.6124930000000006
21
-62.7494459999999989
0
LINE
8
BLACK
6
CONTINUOUS
10
49.6124930000000006
20
-62.7494459999999989
11
49.6032900000000012
21
-62.7716639999999941
0
LINE
8
BLACK
6
CONTINUOUS
10
49.6032900000000012
20
-62.7716639999999941
11
49.5994779999999977
21
-62.7754750000000001
0
LINE
8
BLACK
6
CONTINUOUS
10
49.5994779999999977
20
-62.7754750000000001
11
49.5970689999999976
21
-62.7802939999999978
0
LINE
8
BLACK
6
CONTINUOUS
10
49.5970689999999976
20
-62.7802939999999978
11
49.578910999999998
21
-62.7960419999999999
0
LINE
8
BLACK
6
CONTINUOUS
10
49.578910999999998
20
-62.7960419999999999
11
49.5619060000000005
21
-62.8130479999999949
0
LINE
8
BLACK
6
CONTINUOUS
10
49.5619060000000005
20
-62.8130479999999949
11
49.5569259999999971
21
-62.8151099999999971
0
LINE
8
BLACK
6
CONTINUOUS
10
49.5569259999999971
20
-62.8151099999999971
11
49.552855000000001
21
-62.818641999999997
0
LINE
8
BLACK
6
CONTINUOUS
10
49.552855000000001
20
-62.818641999999997
11
49.5300499999999957
21
-62.8262429999999981
0
LINE
8
BLACK
6
CONTINUOUS
10
49.5300499999999957
20
-62.8262429999999981
11
49.5078339999999955
21
-62.8354459999999975
0
LINE
8
BLACK
6
CONTINUOUS
10
49.5078339999999955
20
-62.8354459999999975
11
49.5001800000000003
21
-62.8361990000000006
0
LINE
8
BLACK
6
CONTINUOUS
10
49.5001800000000003
20
-62.8361990000000006
11
49.4973299999999981
21
-62.8371499999999941
0
LINE
8
BLACK
6
CONTINUOUS
10
49.4973299999999981
20
-62.8371499999999941
11
49.4933809999999994
21
-62.8368690000000001
0
LINE
8
BLACK
6
CONTINUOUS
10
49.4933809999999994
20
-62.8368690000000001
11
49.4785699999999977
21
-62.8383279999999971
0
LINE
8
BLACK
6
CONTINUOUS
10
49.4785699999999977
20
-62.8383279999999971
11
48.9142849999999996
21
-62.8383279999999971
0
LINE
8
BLACK
6
CONTINUOUS
10
48.9142849999999996
20
-62.8383279999999971
11
48.9142849999999996
21
-63.1883279999999985
0
LINE
8
BLACK
6
CONTINUOUS
10
48.9142849999999996
20
-63.1883279999999985
11
48.911403
21
-63.2175919999999962
0
LINE
8
BLACK
6
CONTINUOUS
10
48.911403
20
-63.2175919999999962
11
48.8890049999999974
21
-63.2716639999999941
0
LINE
8
BLACK
6
CONTINUOUS
10
48.8890049999999974
20
-63.2716639999999941
11
48.8476209999999966
21
-63.3130479999999949
0
LINE
8
BLACK
6
CONTINUOUS
10
48.8476209999999966
20
-63.3130479999999949
11
48.7935489999999987
21
-63.3354459999999975
0
LINE
8
BLACK
6
CONTINUOUS
10
48.7935489999999987
20
-63.3354459999999975
11
48.7350209999999961
21
-63.3354459999999975
0
LINE
8
BLACK
6
CONTINUOUS
10
48.7350209999999961
20
-63.3354459999999975
11
48.6809489999999983
21
-63.3130479999999949
0
LINE
8
BLACK
6
CONTINUOUS
10
48.6809489999999983
20
-63.3130479999999949
11
48.6395649999999975
21
-63.2716639999999941
0
LINE
8
BLACK
6
CONTINUOUS
10
48.6395649999999975
20
-63.2716639999999941
11
48.6171669999999949
21
-63.2175919999999962
0
LINE
8
BLACK
6
CONTINUOUS
10
48.6171669999999949
20
-63.2175919999999962
11
48.6142849999999953
21
-63.1883279999999985
0
LINE
8
BLACK
6
CONTINUOUS
10
48.6142849999999953
20
-63.1883279999999985
11
48.6142849999999953
21
-62.8383279999999971
0
LINE
8
BLACK
6
CONTINUOUS
10
48.6142849999999953
20
-62.8383279999999971
11
48.5499989999999997
21
-62.8383279999999971
0
LINE
8
BLACK
6
CONTINUOUS
10
48.5499989999999997
20
-62.8383279999999971
11
48.5207349999999948
21
-62.8354459999999975
0
LINE
8
BLACK
6
CONTINUOUS
10
48.5207349999999948
20
-62.8354459999999975
11
48.4666629999999969
21
-62.8130479999999949
0
LINE
8
BLACK
6
CONTINUOUS
10
48.4666629999999969
20
-62.8130479999999949
11
48.4252789999999962
21
-62.7716639999999941
0
LINE
8
BLACK
6
CONTINUOUS
10
48.4252789999999962
20
-62.7716639999999941
11
48.4028810000000007
21
-62.7175919999999962
0
LINE
8
BLACK
6
CONTINUOUS
10
48.4028810000000007
20
-62.7175919999999962
11
48.4028810000000007
21
-62.6590639999999937
0
LINE
8
BLACK
6
CONTINUOUS
10
48.4028810000000007
20
-62.6590639999999937
11
48.4252789999999962
21
-62.6049919999999958
0
LINE
8
BLACK
6
CONTINUOUS
10
48.4252789999999962
20
-62.6049919999999958
11
48.4666629999999969
21
-62.563607999999995
0
LINE
8
BLACK
6
CONTINUOUS
10
48.4666629999999969
20
-62.563607999999995
11
48.5207349999999948
21
-62.5412099999999995
0
LINE
8
BLACK
6
CONTINUOUS
10
48.5207349999999948
20
-62.5412099999999995
11
48.5499989999999997
21
-62.5383279999999999
0
LINE
8
BLACK
6
CONTINUOUS
10
48.5499989999999997
20
-62.5383279999999999
11
48.6142849999999953
21
-62.5383279999999999
0
LINE
8
BLACK
6
CONTINUOUS
10
48.6142849999999953
20
-62.5383279999999999
11
48.6142849999999953
21
-62.1883279999999985
0
LINE
8
BLACK
6
CONTINUOUS
10
48.6142849999999953
20
-62.1883279999999985
11
48.6171669999999949
21
-62.1590639999999937
0
LINE
8
BLACK
6
CONTINUOUS
10
48.6171669999999949
20
-62.1590639999999937
11
48.6395649999999975
21
-62.1049919999999958
0
LINE
8
BLACK
6
CONTINUOUS
10
48.6395649999999975
20
-62.1049919999999958
11
48.6809489999999983
21
-62.063607999999995
0
LINE
8
BLACK
6
CONTINUOUS
10
48.6809489999999983
20
-62.063607999999995
11
48.7350209999999961
21
-62.0412099999999995
0
LINE
8
BLACK
6
CONTINUOUS
10
48.7350209999999961
20
-62.0412099999999995
11
48.7935489999999987
21
-62.0412099999999995
0
LINE
8
BLACK
6
CONTINUOUS
10
48.7935489999999987
20
-62.0412099999999995
11
48.8476209999999966
21
-62.063607999999995
0
LINE
8
BLACK
6
CONTINUOUS
10
48.8476209999999966
20
-62.063607999999995
11
48.8890049999999974
21
-62.1049919999999958
0
LINE
8
BLACK
6
CONTINUOUS
10
48.8890049999999974
20
-62.1049919999999958
11
48.911403
21
-62.1590639999999937
0
LINE
8
BLACK
6
CONTINUOUS
10
48.911403
20
-62.1590639999999937
11
48.9142849999999996
21
-62.1883279999999985
0
LINE
8
BLACK
6
CONTINUOUS
10
48.9142849999999996
20
-62.1883279999999985
11
48.9142849999999996
21
-62.5383279999999999
0
LINE
8
BLACK
6
CONTINUOUS
10
48.9142849999999996
20
-62.5383279999999999
11
49.2704559999999958
21
-62.5383279999999999
0
LINE
8
BLACK
6
CONTINUOUS
10
49.2704559999999958
20
-62.5383279999999999
11
48.9791249999999962
21
-61.6643339999999966
0
LINE
8
BLACK
6
CONTINUOUS
10
48.9791249999999962
20
-61.6643339999999966
11
48.9726049999999944
21
-61.6356609999999989
0
LINE
8
BLACK
6
CONTINUOUS
10
48.9726049999999944
20
-61.6356609999999989
11
48.9767539999999997
21
-61.5772799999999947
0
LINE
8
BLACK
6
CONTINUOUS
10
48.9767539999999997
20
-61.5772799999999947
11
49.0029279999999972
21
-61.5249329999999972
0
LINE
8
BLACK
6
CONTINUOUS
10
49.0029279999999972
20
-61.5249329999999972
11
49.0471420000000009
21
-61.4865859999999955
0
LINE
8
BLACK
6
CONTINUOUS
10
49.0471420000000009
20
-61.4865859999999955
11
49.1026659999999993
21
-61.4680779999999984
0
LINE
8
BLACK
6
CONTINUOUS
10
49.1026659999999993
20
-61.4680779999999984
11
49.1610469999999964
21
-61.4722269999999966
0
LINE
8
BLACK
6
CONTINUOUS
10
81.1434139999999928
20
-38.3288519999999977
11
81.2972279999999898
21
-38.3594480000000004
0
LINE
8
BLACK
6
CONTINUOUS
10
81.2972279999999898
20
-38.3594480000000004
11
81.4421169999999961
21
-38.4194630000000004
0
LINE
8
BLACK
6
CONTINUOUS
10
81.4421169999999961
20
-38.4194630000000004
11
81.5725149999999957
21
-38.5065919999999977
0
LINE
8
BLACK
6
CONTINUOUS
10
81.5725149999999957
20
-38.5065919999999977
11
81.683408
21
-38.617484999999995
0
LINE
8
BLACK
6
CONTINUOUS
10
81.683408
20
-38.617484999999995
11
81.7705369999999903
21
-38.7478830000000016
0
LINE
8
BLACK
6
CONTINUOUS
10
81.7705369999999903
20
-38.7478830000000016
11
81.8305519999999973
21
-38.8927720000000008
0
LINE
8
BLACK
6
CONTINUOUS
10
81.8305519999999973
20
-38.8927720000000008
11
81.861148
21
-39.0465859999999978
0
LINE
8
BLACK
6
CONTINUOUS
10
81.861148
20
-39.0465859999999978
11
81.861148
21
-39.2034139999999951
0
LINE
8
BLACK
6
CONTINUOUS
10
81.861148
20
-39.2034139999999951
11
81.8305519999999973
21
-39.3572279999999992
0
LINE
8
BLACK
6
CONTINUOUS
10
81.8305519999999973
20
-39.3572279999999992
11
81.7705369999999903
21
-39.5021169999999984
0
LINE
8
BLACK
6
CONTINUOUS
10
81.7705369999999903
20
-39.5021169999999984
11
81.683408
21
-39.6325149999999979
0
LINE
8
BLACK
6
CONTINUOUS
10
81.683408
20
-39.6325149999999979
11
81.5725149999999957
21
-39.7434079999999952
0
LINE
8
BLACK
6
CONTINUOUS
10
81.5725149999999957
20
-39.7434079999999952
11
81.4421169999999961
21
-39.8305369999999996
0
LINE
8
BLACK
6
CONTINUOUS
10
81.4421169999999961
20
-39.8305369999999996
11
81.2972279999999898
21
-39.8905519999999996
0
LINE
8
BLACK
6
CONTINUOUS
10
81.2972279999999898
20
-39.8905519999999996
11
81.1434139999999928
21
-39.9211479999999952
0
LINE
8
BLACK
6
CONTINUOUS
10
81.1434139999999928
20
-39.9211479999999952
11
81.0649999999999977
21
-39.9249999999999972
0
LINE
8
BLACK
6
CONTINUOUS
10
81.0649999999999977
20
-39.9249999999999972
11
80.2650000000000006
21
-39.9249999999999972
0
LINE
8
BLACK
6
CONTINUOUS
10
80.2650000000000006
20
-39.9249999999999972
11
80.1865859999999913
21
-39.9211479999999952
0
LINE
8
BLACK
6
CONTINUOUS
10
80.1865859999999913
20
-39.9211479999999952
11
80.0327719999999943
21
-39.8905519999999996
0
LINE
8
BLACK
6
CONTINUOUS
10
80.0327719999999943
20
-39.8905519999999996
11
79.8878830000000022
21
-39.8305369999999996
0
LINE
8
BLACK
6
CONTINUOUS
10
79.8878830000000022
20
-39.8305369999999996
11
79.7574850000000026
21
-39.7434079999999952
0
LINE
8
BLACK
6
CONTINUOUS
10
79.7574850000000026
20
-39.7434079999999952
11
79.6465919999999983
21
-39.6325149999999979
0
LINE
8
BLACK
6
CONTINUOUS
10
79.6465919999999983
20
-39.6325149999999979
11
79.641570999999999
21
-39.625
0
LINE
8
BLACK
6
CONTINUOUS
10
79.641570999999999
20
-39.625
11
78.6632999999999925
21
-39.625
0
LINE
8
BLACK
6
CONTINUOUS
10
78.6632999999999925
20
-39.625
11
78.6632999999999925
21
-44.8743939999999952
0
LINE
8
BLACK
6
CONTINUOUS
10
78.6632999999999925
20
-44.8743939999999952
11
81.9258529999999894
21
-48.1369469999999993
0
LINE
8
BLACK
6
CONTINUOUS
10
81.9258529999999894
20
-48.1369469999999993
11
81.9689679999999896
21
-48.1861099999999993
0
LINE
8
BLACK
6
CONTINUOUS
10
81.9689679999999896
20
-48.1861099999999993
11
81.9689769999999953
21
-48.1861189999999979
0
LINE
8
BLACK
6
CONTINUOUS
10
81.9689769999999953
20
-48.1861189999999979
11
82.010035000000002
21
-48.2572339999999969
0
LINE
8
BLACK
6
CONTINUOUS
10
82.010035000000002
20
-48.2572339999999969
11
82.0342399999999969
21
-48.2991579999999985
0
LINE
8
BLACK
6
CONTINUOUS
10
82.0342399999999969
20
-48.2991579999999985
11
82.0680229999999966
21
-48.4252369999999956
0
LINE
8
BLACK
6
CONTINUOUS
10
82.0680229999999966
20
-48.4252369999999956
11
82.0680229999999966
21
-48.4252520000000004
0
LINE
8
BLACK
6
CONTINUOUS
10
82.0680229999999966
20
-48.4252520000000004
11
82.0722999999999985
21
-48.4904999999999973
0
LINE
8
BLACK
6
CONTINUOUS
10
82.0722999999999985
20
-48.4904999999999973
11
82.0722999999999985
21
-51.0448999999999984
0
LINE
8
BLACK
6
CONTINUOUS
10
82.0722999999999985
20
-51.0448999999999984
11
82.0680229999999966
21
-51.1101469999999978
0
LINE
8
BLACK
6
CONTINUOUS
10
82.0680229999999966
20
-51.1101469999999978
11
82.0680229999999966
21
-51.110163
0
LINE
8
BLACK
6
CONTINUOUS
10
82.0680229999999966
20
-51.110163
11
82.0390639999999962
21
-51.218238999999997
0
LINE
8
BLACK
6
CONTINUOUS
10
82.0390639999999962
20
-51.218238999999997
11
82.0342399999999969
21
-51.2362419999999972
0
LINE
8
BLACK
6
CONTINUOUS
10
82.0342399999999969
20
-51.2362419999999972
11
81.9689769999999953
21
-51.3492809999999977
0
LINE
8
BLACK
6
CONTINUOUS
10
81.9689769999999953
20
-51.3492809999999977
11
81.9689679999999896
21
-51.3492889999999989
0
LINE
8
BLACK
6
CONTINUOUS
10
81.9689679999999896
20
-51.3492889999999989
11
81.9258529999999894
21
-51.398454000000001
0
LINE
8
BLACK
6
CONTINUOUS
10
81.9258529999999894
20
-51.398454000000001
11
73.0703529999999972
21
-60.2539529999999957
0
LINE
8
BLACK
6
CONTINUOUS
10
73.0703529999999972
20
-60.2539529999999957
11
73.0211960000000033
21
-60.2970609999999994
0
LINE
8
BLACK
6
CONTINUOUS
10
73.0211960000000033
20
-60.2970609999999994
11
73.0211809999999986
21
-60.2970769999999945
0
LINE
8
BLACK
6
CONTINUOUS
10
73.0211809999999986
20
-60.2970769999999945
11
72.908141999999998
21
-60.3623399999999961
0
LINE
8
BLACK
6
CONTINUOUS
10
72.908141999999998
20
-60.3623399999999961
11
72.7820629999999937
21
-60.3961229999999958
0
LINE
8
BLACK
6
CONTINUOUS
10
72.7820629999999937
20
-60.3961229999999958
11
72.7820480000000032
21
-60.3961229999999958
0
LINE
8
BLACK
6
CONTINUOUS
10
72.7820480000000032
20
-60.3961229999999958
11
72.7167999999999921
21
-60.4003999999999976
0
LINE
8
BLACK
6
CONTINUOUS
10
72.7167999999999921
20
-60.4003999999999976
11
56.1903999999999968
21
-60.4003999999999976
0
LINE
8
BLACK
6
CONTINUOUS
10
56.1903999999999968
20
-60.4003999999999976
11
56.1251519999999999
21
-60.3961229999999958
0
LINE
8
BLACK
6
CONTINUOUS
10
56.1251519999999999
20
-60.3961229999999958
11
56.1251369999999952
21
-60.3961229999999958
0
LINE
8
BLACK
6
CONTINUOUS
10
56.1251369999999952
20
-60.3961229999999958
11
55.999057999999998
21
-60.3623399999999961
0
LINE
8
BLACK
6
CONTINUOUS
10
55.999057999999998
20
-60.3623399999999961
11
55.8860189999999974
21
-60.2970769999999945
0
LINE
8
BLACK
6
CONTINUOUS
10
55.8860189999999974
20
-60.2970769999999945
11
55.8860099999999989
21
-60.2970679999999959
0
LINE
8
BLACK
6
CONTINUOUS
10
55.8860099999999989
20
-60.2970679999999959
11
55.8368459999999942
21
-60.2539529999999957
0
LINE
8
BLACK
6
CONTINUOUS
10
55.8368459999999942
20
-60.2539529999999957
11
54.1622780000000006
21
-58.5793839999999975
0
LINE
8
BLACK
6
CONTINUOUS
10
54.1622780000000006
20
-58.5793839999999975
11
54.1534139999999979
21
-58.5811479999999989
0
LINE
8
BLACK
6
CONTINUOUS
10
54.1534139999999979
20
-58.5811479999999989
11
53.9965860000000006
21
-58.5811479999999989
0
LINE
8
BLACK
6
CONTINUOUS
10
53.9965860000000006
20
-58.5811479999999989
11
53.8427719999999965
21
-58.5505519999999962
0
LINE
8
BLACK
6
CONTINUOUS
10
53.8427719999999965
20
-58.5505519999999962
11
53.6978829999999974
21
-58.4905369999999962
0
LINE
8
BLACK
6
CONTINUOUS
10
53.6978829999999974
20
-58.4905369999999962
11
53.5674849999999978
21
-58.4034079999999989
0
LINE
8
BLACK
6
CONTINUOUS
10
53.5674849999999978
20
-58.4034079999999989
11
53.4565920000000006
21
-58.2925149999999945
0
LINE
8
BLACK
6
CONTINUOUS
10
53.4565920000000006
20
-58.2925149999999945
11
53.3694629999999961
21
-58.162116999999995
0
LINE
8
BLACK
6
CONTINUOUS
10
53.3694629999999961
20
-58.162116999999995
11
53.3094479999999962
21
-58.0172279999999958
0
LINE
8
BLACK
6
CONTINUOUS
10
53.3094479999999962
20
-58.0172279999999958
11
53.2788520000000005
21
-57.8634139999999988
0
LINE
8
BLACK
6
CONTINUOUS
10
53.2788520000000005
20
-57.8634139999999988
11
53.2788520000000005
21
-57.7065859999999944
0
LINE
8
BLACK
6
CONTINUOUS
10
53.2788520000000005
20
-57.7065859999999944
11
53.3094479999999962
21
-57.5527719999999974
0
LINE
8
BLACK
6
CONTINUOUS
10
53.3094479999999962
20
-57.5527719999999974
11
53.3694629999999961
21
-57.4078829999999982
0
LINE
8
BLACK
6
CONTINUOUS
10
53.3694629999999961
20
-57.4078829999999982
11
53.4565920000000006
21
-57.2774849999999986
0
LINE
8
BLACK
6
CONTINUOUS
10
53.4565920000000006
20
-57.2774849999999986
11
53.5674849999999978
21
-57.1665919999999943
0
LINE
8
BLACK
6
CONTINUOUS
10
53.5674849999999978
20
-57.1665919999999943
11
53.6978829999999974
21
-57.079462999999997
0
LINE
8
BLACK
6
CONTINUOUS
10
53.6978829999999974
20
-57.079462999999997
11
53.8427719999999965
21
-57.019447999999997
0
LINE
8
BLACK
6
CONTINUOUS
10
53.8427719999999965
20
-57.019447999999997
11
53.9965860000000006
21
-56.9888519999999943
0
LINE
8
BLACK
6
CONTINUOUS
10
53.9965860000000006
20
-56.9888519999999943
11
54.1534139999999979
21
-56.9888519999999943
0
LINE
8
BLACK
6
CONTINUOUS
10
54.1534139999999979
20
-56.9888519999999943
11
54.3072279999999949
21
-57.019447999999997
0
LINE
8
BLACK
6
CONTINUOUS
10
54.3072279999999949
20
-57.019447999999997
11
54.4521169999999941
21
-57.079462999999997
0
LINE
8
BLACK
6
CONTINUOUS
10
54.4521169999999941
20
-57.079462999999997
11
54.5825150000000008
21
-57.1665919999999943
0
LINE
8
BLACK
6
CONTINUOUS
10
54.5825150000000008
20
-57.1665919999999943
11
54.693407999999998
21
-57.2774849999999986
0
LINE
8
BLACK
6
CONTINUOUS
10
54.693407999999998
20
-57.2774849999999986
11
54.7805369999999954
21
-57.4078829999999982
0
LINE
8
BLACK
6
CONTINUOUS
10
54.7805369999999954
20
-57.4078829999999982
11
54.8405519999999953
21
-57.5527719999999974
0
LINE
8
BLACK
6
CONTINUOUS
10
54.8405519999999953
20
-57.5527719999999974
11
54.871147999999998
21
-57.7065859999999944
0
LINE
8
BLACK
6
CONTINUOUS
10
54.871147999999998
20
-57.7065859999999944
11
54.871147999999998
21
-57.8634139999999988
0
LINE
8
BLACK
6
CONTINUOUS
10
54.871147999999998
20
-57.8634139999999988
11
54.8693839999999966
21
-57.8722779999999943
0
LINE
8
BLACK
6
CONTINUOUS
10
54.8693839999999966
20
-57.8722779999999943
11
56.3975069999999974
21
-59.4003999999999976
0
LINE
8
BLACK
6
CONTINUOUS
10
56.3975069999999974
20
-59.4003999999999976
11
72.5096939999999961
21
-59.4003999999999976
0
LINE
8
BLACK
6
CONTINUOUS
10
72.5096939999999961
20
-59.4003999999999976
11
81.0722999999999985
21
-50.8377929999999978
0
LINE
8
BLACK
6
CONTINUOUS
10
81.0722999999999985
20
-50.8377929999999978
11
81.0722999999999985
21
-48.6976060000000004
0
LINE
8
BLACK
6
CONTINUOUS
10
81.0722999999999985
20
-48.6976060000000004
11
77.8097470000000015
21
-45.4350529999999964
0
LINE
8
BLACK
6
CONTINUOUS
10
77.8097470000000015
20
-45.4350529999999964
11
77.7666380000000004
21
-45.3858959999999954
0
LINE
8
BLACK
6
CONTINUOUS
10
77.7666380000000004
20
-45.3858959999999954
11
77.7666229999999956
21
-45.3858809999999977
0
LINE
8
BLACK
6
CONTINUOUS
10
77.7666229999999956
20
-45.3858809999999977
11
77.701359999999994
21
-45.2728419999999971
0
LINE
8
BLACK
6
CONTINUOUS
10
77.701359999999994
20
-45.2728419999999971
11
77.693963999999994
21
-45.2452399999999955
0
LINE
8
BLACK
6
CONTINUOUS
10
77.693963999999994
20
-45.2452399999999955
11
77.6675769999999943
21
-45.146763
0
LINE
8
BLACK
6
CONTINUOUS
10
77.6675769999999943
20
-45.146763
11
77.6675769999999943
21
-45.1467469999999977
0
LINE
8
BLACK
6
CONTINUOUS
10
77.6675769999999943
20
-45.1467469999999977
11
77.6632999999999925
21
-45.0814999999999984
0
LINE
8
BLACK
6
CONTINUOUS
10
77.6632999999999925
20
-45.0814999999999984
11
77.6632999999999925
21
-39.125
0
LINE
8
BLACK
6
CONTINUOUS
10
77.6632999999999925
20
-39.125
11
77.6675779999999918
21
-39.0597369999999984
0
LINE
8
BLACK
6
CONTINUOUS
10
77.6675779999999918
20
-39.0597369999999984
11
77.701359999999994
21
-38.9336580000000012
0
LINE
8
BLACK
6
CONTINUOUS
10
77.701359999999994
20
-38.9336580000000012
11
77.7666229999999956
21
-38.8206190000000007
0
LINE
8
BLACK
6
CONTINUOUS
10
77.7666229999999956
20
-38.8206190000000007
11
77.8589190000000002
21
-38.7283229999999961
0
LINE
8
BLACK
6
CONTINUOUS
10
77.8589190000000002
20
-38.7283229999999961
11
77.9719580000000008
21
-38.6630600000000015
0
LINE
8
BLACK
6
CONTINUOUS
10
77.9719580000000008
20
-38.6630600000000015
11
78.0980369999999908
21
-38.6292779999999993
0
LINE
8
BLACK
6
CONTINUOUS
10
78.0980369999999908
20
-38.6292779999999993
11
78.1632999999999925
21
-38.625
0
LINE
8
BLACK
6
CONTINUOUS
10
78.1632999999999925
20
-38.625
11
79.641570999999999
21
-38.625
0
LINE
8
BLACK
6
CONTINUOUS
10
79.641570999999999
20
-38.625
11
79.6465919999999983
21
-38.617484999999995
0
LINE
8
BLACK
6
CONTINUOUS
10
79.6465919999999983
20
-38.617484999999995
11
79.7574850000000026
21
-38.5065919999999977
0
LINE
8
BLACK
6
CONTINUOUS
10
79.7574850000000026
20
-38.5065919999999977
11
79.8878830000000022
21
-38.4194630000000004
0
LINE
8
BLACK
6
CONTINUOUS
10
79.8878830000000022
20
-38.4194630000000004
11
80.0327719999999943
21
-38.3594480000000004
0
LINE
8
BLACK
6
CONTINUOUS
10
80.0327719999999943
20
-38.3594480000000004
11
80.1865859999999913
21
-38.3288519999999977
0
LINE
8
BLACK
6
CONTINUOUS
10
80.1865859999999913
20
-38.3288519999999977
11
80.2650000000000006
21
-38.3249999999999957
0
LINE
8
BLACK
6
CONTINUOUS
10
80.2650000000000006
20
-38.3249999999999957
11
81.0649999999999977
21
-38.3249999999999957
0
LINE
8
BLACK
6
CONTINUOUS
10
81.0649999999999977
20
-38.3249999999999957
11
81.1434139999999928
21
-38.3288519999999977
0
LINE
8
BLACK
6
CONTINUOUS
10
65.5635489999999947
20
-54.9912099999999953
11
65.5685289999999981
21
-54.993272999999995
0
LINE
8
BLACK
6
CONTINUOUS
10
65.5685289999999981
20
-54.993272999999995
11
65.5739039999999989
21
-54.9936549999999968
0
LINE
8
BLACK
6
CONTINUOUS
10
65.5739039999999989
20
-54.9936549999999968
11
65.6013669999999962
21
-55.0041639999999958
0
LINE
8
BLACK
6
CONTINUOUS
10
65.6013669999999962
20
-55.0041639999999958
11
65.7442240000000027
21
-55.0755929999999978
0
LINE
8
BLACK
6
CONTINUOUS
10
65.7442240000000027
20
-55.0755929999999978
11
65.7568169999999981
21
-55.08352
0
LINE
8
BLACK
6
CONTINUOUS
10
65.7568169999999981
20
-55.08352
11
65.7604769999999945
21
-55.0850359999999952
0
LINE
8
BLACK
6
CONTINUOUS
10
65.7604769999999945
20
-55.0850359999999952
11
65.7645959999999974
21
-55.0884169999999997
0
LINE
8
BLACK
6
CONTINUOUS
10
65.7645959999999974
20
-55.0884169999999997
11
65.7691099999999977
21
-55.0912579999999963
0
LINE
8
BLACK
6
CONTINUOUS
10
65.7691099999999977
20
-55.0912579999999963
11
65.7717059999999947
21
-55.0942509999999999
0
LINE
8
BLACK
6
CONTINUOUS
10
65.7717059999999947
20
-55.0942509999999999
11
65.7832080000000019
21
-55.1036909999999978
0
LINE
8
BLACK
6
CONTINUOUS
10
65.7832080000000019
20
-55.1036909999999978
11
65.8546359999999993
21
-55.1751189999999951
0
LINE
8
BLACK
6
CONTINUOUS
10
65.8546359999999993
20
-55.1751189999999951
11
65.8732909999999947
21
-55.1978489999999979
0
LINE
8
BLACK
6
CONTINUOUS
10
65.8732909999999947
20
-55.1978489999999979
11
65.8956869999999952
21
-55.2519220000000004
0
LINE
8
BLACK
6
CONTINUOUS
10
65.8956869999999952
20
-55.2519220000000004
11
65.8956869999999952
21
-55.3104480000000009
0
LINE
8
BLACK
6
CONTINUOUS
10
65.8956869999999952
20
-55.3104480000000009
11
65.8732909999999947
21
-55.3645199999999988
0
LINE
8
BLACK
6
CONTINUOUS
10
65.8732909999999947
20
-55.3645199999999988
11
65.8319049999999919
21
-55.4059059999999945
0
LINE
8
BLACK
6
CONTINUOUS
10
65.8319049999999919
20
-55.4059059999999945
11
65.7778330000000011
21
-55.4283019999999951
0
LINE
8
BLACK
6
CONTINUOUS
10
65.7778330000000011
20
-55.4283019999999951
11
65.7193070000000006
21
-55.4283019999999951
0
LINE
8
BLACK
6
CONTINUOUS
10
65.7193070000000006
20
-55.4283019999999951
11
65.6652339999999981
21
-55.4059059999999945
0
LINE
8
BLACK
6
CONTINUOUS
10
65.6652339999999981
20
-55.4059059999999945
11
65.6425040000000024
21
-55.3872509999999991
0
LINE
8
BLACK
6
CONTINUOUS
10
65.6425040000000024
20
-55.3872509999999991
11
65.5882879999999915
21
-55.3330349999999953
0
LINE
8
BLACK
6
CONTINUOUS
10
65.5882879999999915
20
-55.3330349999999953
11
65.4988749999999982
21
-55.2883279999999999
0
LINE
8
BLACK
6
CONTINUOUS
10
65.4988749999999982
20
-55.2883279999999999
11
65.2125520000000023
21
-55.2883279999999999
0
LINE
8
BLACK
6
CONTINUOUS
10
65.2125520000000023
20
-55.2883279999999999
11
65.1231379999999973
21
-55.3330349999999953
0
LINE
8
BLACK
6
CONTINUOUS
10
65.1231379999999973
20
-55.3330349999999953
11
65.0861340000000013
21
-55.370038000000001
0
LINE
8
BLACK
6
CONTINUOUS
10
65.0861340000000013
20
-55.370038000000001
11
65.0414269999999988
21
-55.4594519999999989
0
LINE
8
BLACK
6
CONTINUOUS
10
65.0414269999999988
20
-55.4594519999999989
11
65.0414269999999988
21
-55.5425579999999997
0
LINE
8
BLACK
6
CONTINUOUS
10
65.0414269999999988
20
-55.5425579999999997
11
65.0939599999999956
21
-55.7001569999999973
0
LINE
8
BLACK
6
CONTINUOUS
10
65.0939599999999956
20
-55.7001569999999973
11
65.9260649999999941
21
-56.5322619999999958
0
LINE
8
BLACK
6
CONTINUOUS
10
65.9260649999999941
20
-56.5322619999999958
11
65.9447200000000038
21
-56.5549919999999986
0
LINE
8
BLACK
6
CONTINUOUS
10
65.9447200000000038
20
-56.5549919999999986
11
65.9671170000000018
21
-56.609064999999994
0
LINE
8
BLACK
6
CONTINUOUS
10
65.9671170000000018
20
-56.609064999999994
11
65.9671170000000018
21
-56.6675909999999945
0
LINE
8
BLACK
6
CONTINUOUS
10
65.9671170000000018
20
-56.6675909999999945
11
65.9447200000000038
21
-56.7216629999999995
0
LINE
8
BLACK
6
CONTINUOUS
10
65.9447200000000038
20
-56.7216629999999995
11
65.903334000000001
21
-56.7630489999999952
0
LINE
8
BLACK
6
CONTINUOUS
10
65.903334000000001
20
-56.7630489999999952
11
65.8729510000000005
21
-56.7756339999999966
0
LINE
8
BLACK
6
CONTINUOUS
10
65.8729510000000005
20
-56.7756339999999966
11
65.8492629999999934
21
-56.7854460000000003
0
LINE
8
BLACK
6
CONTINUOUS
10
65.8492629999999934
20
-56.7854460000000003
11
65.8199989999999957
21
-56.7883279999999999
0
LINE
8
BLACK
6
CONTINUOUS
10
65.8199989999999957
20
-56.7883279999999999
11
64.8914269999999931
21
-56.7883279999999999
0
LINE
8
BLACK
6
CONTINUOUS
10
64.8914269999999931
20
-56.7883279999999999
11
64.8621629999999953
21
-56.7854460000000003
0
LINE
8
BLACK
6
CONTINUOUS
10
64.8621629999999953
20
-56.7854460000000003
11
64.8080909999999903
21
-56.7630479999999977
0
LINE
8
BLACK
6
CONTINUOUS
10
64.8080909999999903
20
-56.7630479999999977
11
64.7667069999999967
21
-56.721663999999997
0
LINE
8
BLACK
6
CONTINUOUS
10
64.7667069999999967
20
-56.721663999999997
11
64.7443090000000012
21
-56.6675919999999991
0
LINE
8
BLACK
6
CONTINUOUS
10
64.7443090000000012
20
-56.6675919999999991
11
64.7443090000000012
21
-56.6090639999999965
0
LINE
8
BLACK
6
CONTINUOUS
10
64.7443090000000012
20
-56.6090639999999965
11
64.7667069999999967
21
-56.5549919999999986
0
LINE
8
BLACK
6
CONTINUOUS
10
64.7667069999999967
20
-56.5549919999999986
11
64.8080909999999903
21
-56.5136079999999978
0
LINE
8
BLACK
6
CONTINUOUS
10
64.8080909999999903
20
-56.5136079999999978
11
64.8621629999999953
21
-56.4912099999999953
0
LINE
8
BLACK
6
CONTINUOUS
10
64.8621629999999953
20
-56.4912099999999953
11
64.8914269999999931
21
-56.4883279999999957
0
LINE
8
BLACK
6
CONTINUOUS
10
64.8914269999999931
20
-56.4883279999999957
11
65.4578669999999931
21
-56.4883279999999957
0
LINE
8
BLACK
6
CONTINUOUS
10
65.4578669999999931
20
-56.4883279999999957
11
64.8567900000000037
21
-55.8872509999999991
0
LINE
8
BLACK
6
CONTINUOUS
10
64.8567900000000037
20
-55.8872509999999991
11
64.8381349999999941
21
-55.8645199999999988
0
LINE
8
BLACK
6
CONTINUOUS
10
64.8381349999999941
20
-55.8645199999999988
11
64.8360720000000015
21
-55.8595399999999955
0
LINE
8
BLACK
6
CONTINUOUS
10
64.8360720000000015
20
-55.8595399999999955
11
64.8325420000000037
21
-55.8554699999999968
0
LINE
8
BLACK
6
CONTINUOUS
10
64.8325420000000037
20
-55.8554699999999968
11
64.8205540000000013
21
-55.8286189999999962
0
LINE
8
BLACK
6
CONTINUOUS
10
64.8205540000000013
20
-55.8286189999999962
11
64.7491249999999923
21
-55.614334999999997
0
LINE
8
BLACK
6
CONTINUOUS
10
64.7491249999999923
20
-55.614334999999997
11
64.7458249999999964
21
-55.5998249999999956
0
LINE
8
BLACK
6
CONTINUOUS
10
64.7458249999999964
20
-55.5998249999999956
11
64.7443090000000012
21
-55.5961639999999946
0
LINE
8
BLACK
6
CONTINUOUS
10
64.7443090000000012
20
-55.5961639999999946
11
64.7437860000000001
21
-55.5908549999999977
0
LINE
8
BLACK
6
CONTINUOUS
10
64.7437860000000001
20
-55.5908549999999977
11
64.7426049999999975
21
-55.5856609999999947
0
LINE
8
BLACK
6
CONTINUOUS
10
64.7426049999999975
20
-55.5856609999999947
11
64.7428850000000011
21
-55.5817109999999985
0
LINE
8
BLACK
6
CONTINUOUS
10
64.7428850000000011
20
-55.5817109999999985
11
64.7414270000000016
21
-55.5668999999999969
0
LINE
8
BLACK
6
CONTINUOUS
10
64.7414270000000016
20
-55.5668999999999969
11
64.7414270000000016
21
-55.424042
0
LINE
8
BLACK
6
CONTINUOUS
10
64.7414270000000016
20
-55.424042
11
64.7443090000000012
21
-55.3947779999999952
0
LINE
8
BLACK
6
CONTINUOUS
10
64.7443090000000012
20
-55.3947779999999952
11
64.7463719999999938
21
-55.3897969999999944
0
LINE
8
BLACK
6
CONTINUOUS
10
64.7463719999999938
20
-55.3897969999999944
11
64.7467539999999957
21
-55.3844229999999982
0
LINE
8
BLACK
6
CONTINUOUS
10
64.7467539999999957
20
-55.3844229999999982
11
64.7572629999999947
21
-55.3569600000000008
0
LINE
8
BLACK
6
CONTINUOUS
10
64.7572629999999947
20
-55.3569600000000008
11
64.8286920000000038
21
-55.2141029999999944
0
LINE
8
BLACK
6
CONTINUOUS
10
64.8286920000000038
20
-55.2141029999999944
11
64.8366199999999964
21
-55.2015069999999994
0
LINE
8
BLACK
6
CONTINUOUS
10
64.8366199999999964
20
-55.2015069999999994
11
64.8381359999999916
21
-55.1978489999999979
0
LINE
8
BLACK
6
CONTINUOUS
10
64.8381359999999916
20
-55.1978489999999979
11
64.8415150000000011
21
-55.1937309999999997
0
LINE
8
BLACK
6
CONTINUOUS
10
64.8415150000000011
20
-55.1937309999999997
11
64.8443570000000022
21
-55.1892169999999993
0
LINE
8
BLACK
6
CONTINUOUS
10
64.8443570000000022
20
-55.1892169999999993
11
64.8473510000000033
21
-55.1866199999999978
0
LINE
8
BLACK
6
CONTINUOUS
10
64.8473510000000033
20
-55.1866199999999978
11
64.8567910000000012
21
-55.1751179999999977
0
LINE
8
BLACK
6
CONTINUOUS
10
64.8567910000000012
20
-55.1751179999999977
11
64.928219999999996
21
-55.1036900000000003
0
LINE
8
BLACK
6
CONTINUOUS
10
64.928219999999996
20
-55.1036900000000003
11
64.9397199999999941
21
-55.0942509999999999
0
LINE
8
BLACK
6
CONTINUOUS
10
64.9397199999999941
20
-55.0942509999999999
11
64.9423170000000027
21
-55.0912579999999963
0
LINE
8
BLACK
6
CONTINUOUS
10
64.9423170000000027
20
-55.0912579999999963
11
64.9468289999999939
21
-55.0884169999999997
0
LINE
8
BLACK
6
CONTINUOUS
10
64.9468289999999939
20
-55.0884169999999997
11
64.9509499999999917
21
-55.0850359999999952
0
LINE
8
BLACK
6
CONTINUOUS
10
64.9509499999999917
20
-55.0850359999999952
11
64.9546089999999907
21
-55.08352
0
LINE
8
BLACK
6
CONTINUOUS
10
64.9546089999999907
20
-55.08352
11
64.9672029999999978
21
-55.0755929999999978
0
LINE
8
BLACK
6
CONTINUOUS
10
64.9672029999999978
20
-55.0755929999999978
11
65.1100589999999926
21
-55.0041639999999958
0
LINE
8
BLACK
6
CONTINUOUS
10
65.1100589999999926
20
-55.0041639999999958
11
65.1375230000000016
21
-54.9936549999999968
0
LINE
8
BLACK
6
CONTINUOUS
10
65.1375230000000016
20
-54.9936549999999968
11
65.1428969999999907
21
-54.993272999999995
0
LINE
8
BLACK
6
CONTINUOUS
10
65.1428969999999907
20
-54.993272999999995
11
65.1478779999999915
21
-54.9912099999999953
0
LINE
8
BLACK
6
CONTINUOUS
10
65.1478779999999915
20
-54.9912099999999953
11
65.1771420000000035
21
-54.9883279999999957
0
LINE
8
BLACK
6
CONTINUOUS
10
65.1771420000000035
20
-54.9883279999999957
11
65.534284999999997
21
-54.9883279999999957
0
LINE
8
BLACK
6
CONTINUOUS
10
65.534284999999997
20
-54.9883279999999957
11
65.5635489999999947
21
-54.9912099999999953
0
LINE
8
BLACK
6
CONTINUOUS
10
67.2064060000000012
20
-54.9912099999999953
11
67.260477999999992
21
-55.0136079999999978
0
LINE
8
BLACK
6
CONTINUOUS
10
67.260477999999992
20
-55.0136079999999978
11
67.3018619999999999
21
-55.0549919999999986
0
LINE
8
BLACK
6
CONTINUOUS
10
67.3018619999999999
20
-55.0549919999999986
11
67.3242599999999953
21
-55.1090639999999965
0
LINE
8
BLACK
6
CONTINUOUS
10
67.3242599999999953
20
-55.1090639999999965
11
67.3271419999999949
21
-55.1383279999999942
0
LINE
8
BLACK
6
CONTINUOUS
10
67.3271419999999949
20
-55.1383279999999942
11
67.3271419999999949
21
-56.6383279999999942
0
LINE
8
BLACK
6
CONTINUOUS
10
67.3271419999999949
20
-56.6383279999999942
11
67.3242599999999953
21
-56.6675919999999991
0
LINE
8
BLACK
6
CONTINUOUS
10
67.3242599999999953
20
-56.6675919999999991
11
67.3018619999999999
21
-56.721663999999997
0
LINE
8
BLACK
6
CONTINUOUS
10
67.3018619999999999
20
-56.721663999999997
11
67.260477999999992
21
-56.7630479999999977
0
LINE
8
BLACK
6
CONTINUOUS
10
67.260477999999992
20
-56.7630479999999977
11
67.2064060000000012
21
-56.7854460000000003
0
LINE
8
BLACK
6
CONTINUOUS
10
67.2064060000000012
20
-56.7854460000000003
11
67.1478779999999915
21
-56.7854460000000003
0
LINE
8
BLACK
6
CONTINUOUS
10
67.1478779999999915
20
-56.7854460000000003
11
67.0938060000000007
21
-56.7630479999999977
0
LINE
8
BLACK
6
CONTINUOUS
10
67.0938060000000007
20
-56.7630479999999977
11
67.0524219999999929
21
-56.721663999999997
0
LINE
8
BLACK
6
CONTINUOUS
10
67.0524219999999929
20
-56.721663999999997
11
67.0300239999999974
21
-56.6675919999999991
0
LINE
8
BLACK
6
CONTINUOUS
10
67.0300239999999974
20
-56.6675919999999991
11
67.0271419999999978
21
-56.6383279999999942
0
LINE
8
BLACK
6
CONTINUOUS
10
67.0271419999999978
20
-56.6383279999999942
11
67.0271419999999978
21
-56.0740419999999986
0
LINE
8
BLACK
6
CONTINUOUS
10
67.0271419999999978
20
-56.0740419999999986
11
66.8980969999999928
21
-56.0740419999999986
0
LINE
8
BLACK
6
CONTINUOUS
10
66.8980969999999928
20
-56.0740419999999986
11
66.4428839999999923
21
-56.7243469999999945
0
LINE
8
BLACK
6
CONTINUOUS
10
66.4428839999999923
20
-56.7243469999999945
11
66.4237409999999926
21
-56.7466689999999971
0
LINE
8
BLACK
6
CONTINUOUS
10
66.4237409999999926
20
-56.7466689999999971
11
66.3743839999999921
21
-56.7781219999999962
0
LINE
8
BLACK
6
CONTINUOUS
10
66.3743839999999921
20
-56.7781219999999962
11
66.316748000000004
21
-56.7882929999999959
0
LINE
8
BLACK
6
CONTINUOUS
10
66.316748000000004
20
-56.7882929999999959
11
66.2596059999999909
21
-56.7756339999999966
0
LINE
8
BLACK
6
CONTINUOUS
10
66.2596059999999909
20
-56.7756339999999966
11
66.2116579999999999
21
-56.7420699999999982
0
LINE
8
BLACK
6
CONTINUOUS
10
66.2116579999999999
20
-56.7420699999999982
11
66.1802050000000008
21
-56.6927129999999977
0
LINE
8
BLACK
6
CONTINUOUS
10
66.1802050000000008
20
-56.6927129999999977
11
66.1700340000000011
21
-56.6350769999999955
0
LINE
8
BLACK
6
CONTINUOUS
10
66.1700340000000011
20
-56.6350769999999955
11
66.1826930000000004
21
-56.5779349999999965
0
LINE
8
BLACK
6
CONTINUOUS
10
66.1826930000000004
20
-56.5779349999999965
11
66.1971139999999991
21
-56.5523089999999939
0
LINE
8
BLACK
6
CONTINUOUS
10
66.1971139999999991
20
-56.5523089999999939
11
66.5420659999999913
21
-56.0595199999999991
0
LINE
8
BLACK
6
CONTINUOUS
10
66.5420659999999913
20
-56.0595199999999991
11
66.5386319999999927
21
-56.0582059999999984
0
LINE
8
BLACK
6
CONTINUOUS
10
66.5386319999999927
20
-56.0582059999999984
11
66.395774000000003
21
-55.9867779999999939
0
LINE
8
BLACK
6
CONTINUOUS
10
66.395774000000003
20
-55.9867779999999939
11
66.3831819999999908
21
-55.9788509999999988
0
LINE
8
BLACK
6
CONTINUOUS
10
66.3831819999999908
20
-55.9788509999999988
11
66.3795209999999969
21
-55.9773349999999965
0
LINE
8
BLACK
6
CONTINUOUS
10
66.3795209999999969
20
-55.9773349999999965
11
66.3753979999999899
21
-55.9739509999999996
0
LINE
8
BLACK
6
CONTINUOUS
10
66.3753979999999899
20
-55.9739509999999996
11
66.3708889999999911
21
-55.9711129999999955
0
LINE
8
BLACK
6
CONTINUOUS
10
66.3708889999999911
20
-55.9711129999999955
11
66.3682939999999917
21
-55.9681209999999965
0
LINE
8
BLACK
6
CONTINUOUS
10
66.3682939999999917
20
-55.9681209999999965
11
66.3567900000000037
21
-55.958679999999994
0
LINE
8
BLACK
6
CONTINUOUS
10
66.3567900000000037
20
-55.958679999999994
11
66.2853609999999946
21
-55.8872509999999991
0
LINE
8
BLACK
6
CONTINUOUS
10
66.2853609999999946
20
-55.8872509999999991
11
66.2759209999999968
21
-55.875748999999999
0
LINE
8
BLACK
6
CONTINUOUS
10
66.2759209999999968
20
-55.875748999999999
11
66.2729279999999932
21
-55.873152999999995
0
LINE
8
BLACK
6
CONTINUOUS
10
66.2729279999999932
20
-55.873152999999995
11
66.2700870000000037
21
-55.8686389999999946
0
LINE
8
BLACK
6
CONTINUOUS
10
66.2700870000000037
20
-55.8686389999999946
11
66.2667059999999992
21
-55.8645199999999988
0
LINE
8
BLACK
6
CONTINUOUS
10
66.2667059999999992
20
-55.8645199999999988
11
66.265190000000004
21
-55.8608599999999953
0
LINE
8
BLACK
6
CONTINUOUS
10
66.265190000000004
20
-55.8608599999999953
11
66.2572629999999947
21
-55.8482669999999999
0
LINE
8
BLACK
6
CONTINUOUS
10
66.2572629999999947
20
-55.8482669999999999
11
66.1858349999999973
21
-55.7054100000000005
0
LINE
8
BLACK
6
CONTINUOUS
10
66.1858349999999973
20
-55.7054100000000005
11
66.1753250000000008
21
-55.6779459999999986
0
LINE
8
BLACK
6
CONTINUOUS
10
66.1753250000000008
20
-55.6779459999999986
11
66.174942999999999
21
-55.6725700000000003
0
LINE
8
BLACK
6
CONTINUOUS
10
66.174942999999999
20
-55.6725700000000003
11
66.1728810000000038
21
-55.6675919999999991
0
LINE
8
BLACK
6
CONTINUOUS
10
66.1728810000000038
20
-55.6675919999999991
11
66.16999899999999
21
-55.6383279999999942
0
LINE
8
BLACK
6
CONTINUOUS
10
66.16999899999999
20
-55.6383279999999942
11
66.16999899999999
21
-55.424042
0
LINE
8
BLACK
6
CONTINUOUS
10
66.16999899999999
20
-55.424042
11
66.1728810000000038
21
-55.3947779999999952
0
LINE
8
BLACK
6
CONTINUOUS
10
66.1728810000000038
20
-55.3947779999999952
11
66.174942999999999
21
-55.3897989999999965
0
LINE
8
BLACK
6
CONTINUOUS
10
66.174942999999999
20
-55.3897989999999965
11
66.1753250000000008
21
-55.3844239999999957
0
LINE
8
BLACK
6
CONTINUOUS
10
66.1753250000000008
20
-55.3844239999999957
11
66.1858349999999973
21
-55.3569600000000008
0
LINE
8
BLACK
6
CONTINUOUS
10
66.1858349999999973
20
-55.3569600000000008
11
66.2572629999999947
21
-55.2141029999999944
0
LINE
8
BLACK
6
CONTINUOUS
10
66.2572629999999947
20
-55.2141029999999944
11
66.2651910000000015
21
-55.2015069999999994
0
LINE
8
BLACK
6
CONTINUOUS
10
66.2651910000000015
20
-55.2015069999999994
11
66.2667069999999967
21
-55.1978489999999979
0
LINE
8
BLACK
6
CONTINUOUS
10
66.2667069999999967
20
-55.1978489999999979
11
66.2700859999999921
21
-55.1937309999999997
0
LINE
8
BLACK
6
CONTINUOUS
10
66.2700859999999921
20
-55.1937309999999997
11
66.2729279999999932
21
-55.1892169999999993
0
LINE
8
BLACK
6
CONTINUOUS
10
66.2729279999999932
20
-55.1892169999999993
11
66.2759219999999942
21
-55.1866199999999978
0
LINE
8
BLACK
6
CONTINUOUS
10
66.2759219999999942
20
-55.1866199999999978
11
66.2853619999999921
21
-55.1751179999999977
0
LINE
8
BLACK
6
CONTINUOUS
10
66.2853619999999921
20
-55.1751179999999977
11
66.3567910000000012
21
-55.1036900000000003
0
LINE
8
BLACK
6
CONTINUOUS
10
66.3567910000000012
20
-55.1036900000000003
11
66.3682909999999993
21
-55.0942509999999999
0
LINE
8
BLACK
6
CONTINUOUS
10
66.3682909999999993
20
-55.0942509999999999
11
66.3708879999999937
21
-55.0912579999999963
0
LINE
8
BLACK
6
CONTINUOUS
10
66.3708879999999937
20
-55.0912579999999963
11
66.3753999999999991
21
-55.0884169999999997
0
LINE
8
BLACK
6
CONTINUOUS
10
66.3753999999999991
20
-55.0884169999999997
11
66.3795209999999969
21
-55.0850359999999952
0
LINE
8
BLACK
6
CONTINUOUS
10
66.3795209999999969
20
-55.0850359999999952
11
66.3831799999999959
21
-55.08352
0
LINE
8
BLACK
6
CONTINUOUS
10
66.3831799999999959
20
-55.08352
11
66.395774000000003
21
-55.0755929999999978
0
LINE
8
BLACK
6
CONTINUOUS
10
66.395774000000003
20
-55.0755929999999978
11
66.5386299999999977
21
-55.0041639999999958
0
LINE
8
BLACK
6
CONTINUOUS
10
66.5386299999999977
20
-55.0041639999999958
11
66.5660939999999925
21
-54.9936549999999968
0
LINE
8
BLACK
6
CONTINUOUS
10
66.5660939999999925
20
-54.9936549999999968
11
66.5714679999999959
21
-54.993272999999995
0
LINE
8
BLACK
6
CONTINUOUS
10
66.5714679999999959
20
-54.993272999999995
11
66.5764489999999967
21
-54.9912099999999953
0
LINE
8
BLACK
6
CONTINUOUS
10
66.5764489999999967
20
-54.9912099999999953
11
66.6057129999999944
21
-54.9883279999999957
0
LINE
8
BLACK
6
CONTINUOUS
10
66.6057129999999944
20
-54.9883279999999957
11
67.1771420000000035
21
-54.9883279999999957
0
LINE
8
BLACK
6
CONTINUOUS
10
67.1771420000000035
20
-54.9883279999999957
11
67.2064060000000012
21
-54.9912099999999953
0
LINE
8
BLACK
6
CONTINUOUS
10
66.5517090000000024
20
-55.3330349999999953
11
66.5147039999999947
21
-55.3700399999999959
0
LINE
8
BLACK
6
CONTINUOUS
10
66.5147039999999947
20
-55.3700399999999959
11
66.4699990000000014
21
-55.4594509999999943
0
LINE
8
BLACK
6
CONTINUOUS
10
66.4699990000000014
20
-55.4594509999999943
11
66.4699990000000014
21
-55.6029179999999954
0
LINE
8
BLACK
6
CONTINUOUS
10
66.4699990000000014
20
-55.6029179999999954
11
66.5147039999999947
21
-55.6923299999999983
0
LINE
8
BLACK
6
CONTINUOUS
10
66.5147039999999947
20
-55.6923299999999983
11
66.5517090000000024
21
-55.729334999999999
0
LINE
8
BLACK
6
CONTINUOUS
10
66.5517090000000024
20
-55.729334999999999
11
66.6411229999999932
21
-55.7740419999999943
0
LINE
8
BLACK
6
CONTINUOUS
10
66.6411229999999932
20
-55.7740419999999943
11
67.0271419999999978
21
-55.7740419999999943
0
LINE
8
BLACK
6
CONTINUOUS
10
67.0271419999999978
20
-55.7740419999999943
11
67.0271419999999978
21
-55.2883279999999999
0
LINE
8
BLACK
6
CONTINUOUS
10
67.0271419999999978
20
-55.2883279999999999
11
66.6411229999999932
21
-55.2883279999999999
0
LINE
8
BLACK
6
CONTINUOUS
10
66.6411229999999932
20
-55.2883279999999999
11
66.5517090000000024
21
-55.3330349999999953
0
LINE
8
BLACK
6
CONTINUOUS
10
58.2552199999999942
20
-39.8187939999999969
11
58.2895769999999942
21
-39.8796329999999983
0
LINE
8
BLACK
6
CONTINUOUS
10
58.2895769999999942
20
-39.8796329999999983
11
58.2927999999999997
21
-39.9077190000000002
0
LINE
8
BLACK
6
CONTINUOUS
10
58.2927999999999997
20
-39.9077190000000002
11
58.2927999999999997
21
-42.466947999999995
0
LINE
8
BLACK
6
CONTINUOUS
10
58.2927999999999997
20
-42.466947999999995
11
58.2927999999999997
21
-42.6716519999999946
0
LINE
8
BLACK
6
CONTINUOUS
10
58.2927999999999997
20
-42.6716519999999946
11
58.2985019999999992
21
-42.707653999999998
0
LINE
8
BLACK
6
CONTINUOUS
10
58.2985019999999992
20
-42.707653999999998
11
58.3248219999999975
21
-42.8738299999999981
0
LINE
8
BLACK
6
CONTINUOUS
10
58.3248219999999975
20
-42.8738299999999981
11
58.324822999999995
21
-42.8738369999999946
0
LINE
8
BLACK
6
CONTINUOUS
10
58.324822999999995
20
-42.8738369999999946
11
58.3287099999999938
21
-42.8857980000000012
0
LINE
8
BLACK
6
CONTINUOUS
10
58.3287099999999938
20
-42.8857980000000012
11
58.334272999999996
21
-42.9029179999999997
0
LINE
8
BLACK
6
CONTINUOUS
10
58.334272999999996
20
-42.9029179999999997
11
58.3880799999999951
21
-43.0685189999999949
0
LINE
8
BLACK
6
CONTINUOUS
10
58.3880799999999951
20
-43.0685189999999949
11
58.4327559999999977
21
-43.1561999999999983
0
LINE
8
BLACK
6
CONTINUOUS
10
58.4327559999999977
20
-43.1561999999999983
11
58.4810129999999972
21
-43.250910999999995
0
LINE
8
BLACK
6
CONTINUOUS
10
58.4810129999999972
20
-43.250910999999995
11
58.6013339999999943
21
-43.416519000000001
0
LINE
8
BLACK
6
CONTINUOUS
10
58.6013339999999943
20
-43.416519000000001
11
58.6013359999999963
21
-43.4165209999999959
0
LINE
8
BLACK
6
CONTINUOUS
10
58.6013359999999963
20
-43.4165209999999959
11
70.5081809999999933
21
-55.323366
0
LINE
8
BLACK
6
CONTINUOUS
10
70.5081809999999933
20
-55.323366
11
70.5416659999999922
21
-55.3846889999999945
0
LINE
8
BLACK
6
CONTINUOUS
10
70.5416659999999922
20
-55.3846889999999945
11
70.5444999999999993
21
-55.4110469999999964
0
LINE
8
BLACK
6
CONTINUOUS
10
70.5444999999999993
20
-55.4110469999999964
11
70.5444999999999993
21
-56.8117609999999971
0
LINE
8
BLACK
6
CONTINUOUS
10
70.5444999999999993
20
-56.8117609999999971
11
70.5248150000000038
21
-56.8787999999999982
0
LINE
8
BLACK
6
CONTINUOUS
10
70.5248150000000038
20
-56.8787999999999982
11
70.5208179999999913
21
-56.8846459999999965
0
LINE
8
BLACK
6
CONTINUOUS
10
70.5208179999999913
20
-56.8846459999999965
11
70.4761319999999927
21
-56.9461510000000004
0
LINE
8
BLACK
6
CONTINUOUS
10
70.4761319999999927
20
-56.9461510000000004
11
70.3617600000000039
21
-57.1706159999999954
0
LINE
8
BLACK
6
CONTINUOUS
10
70.3617600000000039
20
-57.1706159999999954
11
70.3289109999999908
21
-57.2717159999999978
0
LINE
8
BLACK
6
CONTINUOUS
10
70.3289109999999908
20
-57.2717159999999978
11
70.2839099999999917
21
-57.4102150000000009
0
LINE
8
BLACK
6
CONTINUOUS
10
70.2839099999999917
20
-57.4102150000000009
11
70.2445000000000022
21
-57.6590379999999953
0
LINE
8
BLACK
6
CONTINUOUS
10
70.2445000000000022
20
-57.6590379999999953
11
70.2445000000000022
21
-57.9109619999999978
0
LINE
8
BLACK
6
CONTINUOUS
10
70.2445000000000022
20
-57.9109619999999978
11
70.2839099999999917
21
-58.1597849999999994
0
LINE
8
BLACK
6
CONTINUOUS
10
70.2839099999999917
20
-58.1597849999999994
11
70.3617589999999922
21
-58.3993789999999962
0
LINE
8
BLACK
6
CONTINUOUS
10
70.3617589999999922
20
-58.3993789999999962
11
70.3617600000000039
21
-58.3993819999999957
0
LINE
8
BLACK
6
CONTINUOUS
10
70.3617600000000039
20
-58.3993819999999957
11
70.3617610000000013
21
-58.3993830000000003
0
LINE
8
BLACK
6
CONTINUOUS
10
70.3617610000000013
20
-58.3993830000000003
11
70.3720649999999921
21
-58.4196069999999992
0
LINE
8
BLACK
6
CONTINUOUS
10
70.3720649999999921
20
-58.4196069999999992
11
70.3849599999999924
21
-58.488275999999999
0
LINE
8
BLACK
6
CONTINUOUS
10
70.3849599999999924
20
-58.488275999999999
11
70.3586820000000017
21
-58.5530159999999995
0
LINE
8
BLACK
6
CONTINUOUS
10
70.3586820000000017
20
-58.5530159999999995
11
70.3015749999999997
21
-58.5932719999999989
0
LINE
8
BLACK
6
CONTINUOUS
10
70.3015749999999997
20
-58.5932719999999989
11
70.2615789999999976
21
-58.5998999999999981
0
LINE
8
BLACK
6
CONTINUOUS
10
70.2615789999999976
20
-58.5998999999999981
11
63.2784209999999945
21
-58.5998999999999981
0
LINE
8
BLACK
6
CONTINUOUS
10
63.2784209999999945
20
-58.5998999999999981
11
63.2113820000000004
21
-58.5802149999999955
0
LINE
8
BLACK
6
CONTINUOUS
10
63.2113820000000004
20
-58.5802149999999955
11
63.1656270000000006
21
-58.5274110000000007
0
LINE
8
BLACK
6
CONTINUOUS
10
63.1656270000000006
20
-58.5274110000000007
11
63.1556829999999962
21
-58.4582529999999991
0
LINE
8
BLACK
6
CONTINUOUS
10
63.1556829999999962
20
-58.4582529999999991
11
63.1679349999999999
21
-58.4196069999999992
0
LINE
8
BLACK
6
CONTINUOUS
10
63.1679349999999999
20
-58.4196069999999992
11
63.1719919999999959
21
-58.4116409999999959
0
LINE
8
BLACK
6
CONTINUOUS
10
63.1719919999999959
20
-58.4116409999999959
11
63.1782409999999999
21
-58.3993789999999962
0
LINE
8
BLACK
6
CONTINUOUS
10
63.1782409999999999
20
-58.3993789999999962
11
63.2560900000000004
21
-58.1597849999999994
0
LINE
8
BLACK
6
CONTINUOUS
10
63.2560900000000004
20
-58.1597849999999994
11
63.295499999999997
21
-57.9109619999999978
0
LINE
8
BLACK
6
CONTINUOUS
10
63.295499999999997
20
-57.9109619999999978
11
63.295499999999997
21
-57.6590379999999953
0
LINE
8
BLACK
6
CONTINUOUS
10
63.295499999999997
20
-57.6590379999999953
11
63.285618999999997
21
-57.5966549999999984
0
LINE
8
BLACK
6
CONTINUOUS
10
63.285618999999997
20
-57.5966549999999984
11
63.2560900000000004
21
-57.4102150000000009
0
LINE
8
BLACK
6
CONTINUOUS
10
63.2560900000000004
20
-57.4102150000000009
11
63.1782409999999999
21
-57.170620999999997
0
LINE
8
BLACK
6
CONTINUOUS
10
63.1782409999999999
20
-57.170620999999997
11
63.1782389999999978
21
-57.1706179999999975
0
LINE
8
BLACK
6
CONTINUOUS
10
63.1782389999999978
20
-57.1706179999999975
11
63.1782389999999978
21
-57.1706159999999954
0
LINE
8
BLACK
6
CONTINUOUS
10
63.1782389999999978
20
-57.1706159999999954
11
63.1367469999999997
21
-57.0891839999999959
0
LINE
8
BLACK
6
CONTINUOUS
10
63.1367469999999997
20
-57.0891839999999959
11
63.0638699999999943
21
-56.9461549999999974
0
LINE
8
BLACK
6
CONTINUOUS
10
63.0638699999999943
20
-56.9461549999999974
11
63.0572459999999992
21
-56.937037999999994
0
LINE
8
BLACK
6
CONTINUOUS
10
63.0572459999999992
20
-56.937037999999994
11
63.0191820000000007
21
-56.8846459999999965
0
LINE
8
BLACK
6
CONTINUOUS
10
63.0191820000000007
20
-56.8846459999999965
11
62.9957019999999943
21
-56.8188399999999945
0
LINE
8
BLACK
6
CONTINUOUS
10
62.9957019999999943
20
-56.8188399999999945
11
62.9954999999999998
21
-56.8117609999999971
0
LINE
8
BLACK
6
CONTINUOUS
10
62.9954999999999998
20
-56.8117609999999971
11
62.9954999999999998
21
-53.8477479999999957
0
LINE
8
BLACK
6
CONTINUOUS
10
62.9954999999999998
20
-53.8477479999999957
11
62.9634769999999975
21
-53.6455649999999977
0
LINE
8
BLACK
6
CONTINUOUS
10
62.9634769999999975
20
-53.6455649999999977
11
62.9002179999999953
21
-53.4508760000000009
0
LINE
8
BLACK
6
CONTINUOUS
10
62.9002179999999953
20
-53.4508760000000009
11
62.8665029999999945
21
-53.3847069999999988
0
LINE
8
BLACK
6
CONTINUOUS
10
62.8665029999999945
20
-53.3847069999999988
11
62.8072869999999952
21
-53.2684899999999999
0
LINE
8
BLACK
6
CONTINUOUS
10
62.8072869999999952
20
-53.2684899999999999
11
62.7995559999999955
21
-53.2578490000000002
0
LINE
8
BLACK
6
CONTINUOUS
10
62.7995559999999955
20
-53.2578490000000002
11
62.6869709999999998
21
-53.102885999999998
0
LINE
8
BLACK
6
CONTINUOUS
10
62.6869709999999998
20
-53.102885999999998
11
61.0335989999999953
21
-51.4495140000000006
0
LINE
8
BLACK
6
CONTINUOUS
10
61.0335989999999953
20
-51.4495140000000006
11
61.0001139999999964
21
-51.3881909999999991
0
LINE
8
BLACK
6
CONTINUOUS
10
61.0001139999999964
20
-51.3881909999999991
11
61.0050979999999967
21
-51.3184989999999956
0
LINE
8
BLACK
6
CONTINUOUS
10
61.0050979999999967
20
-51.3184989999999956
11
61.0469699999999946
21
-51.2625659999999996
0
LINE
8
BLACK
6
CONTINUOUS
10
61.0469699999999946
20
-51.2625659999999996
11
61.1124340000000004
21
-51.2381489999999999
0
LINE
8
BLACK
6
CONTINUOUS
10
61.1124340000000004
20
-51.2381489999999999
11
61.1595960000000005
21
-51.243901000000001
0
LINE
8
BLACK
6
CONTINUOUS
10
61.1595960000000005
20
-51.243901000000001
11
61.261930999999997
21
-51.277152000000001
0
LINE
8
BLACK
6
CONTINUOUS
10
61.261930999999997
20
-51.277152000000001
11
61.320214
21
-51.2960899999999995
0
LINE
8
BLACK
6
CONTINUOUS
10
61.320214
20
-51.2960899999999995
11
61.4179949999999977
21
-51.3115769999999998
0
LINE
8
BLACK
6
CONTINUOUS
10
61.4179949999999977
20
-51.3115769999999998
11
61.569037999999999
21
-51.3354999999999961
0
LINE
8
BLACK
6
CONTINUOUS
10
61.569037999999999
20
-51.3354999999999961
11
61.5690389999999965
21
-51.3354999999999961
0
LINE
8
BLACK
6
CONTINUOUS
10
61.5690389999999965
20
-51.3354999999999961
11
61.8209609999999969
21
-51.3354999999999961
0
LINE
8
BLACK
6
CONTINUOUS
10
61.8209609999999969
20
-51.3354999999999961
11
61.8209619999999944
21
-51.3354999999999961
0
LINE
8
BLACK
6
CONTINUOUS
10
61.8209619999999944
20
-51.3354999999999961
11
62.069784999999996
21
-51.2960899999999995
0
LINE
8
BLACK
6
CONTINUOUS
10
62.069784999999996
20
-51.2960899999999995
11
62.3093789999999998
21
-51.218240999999999
0
LINE
8
BLACK
6
CONTINUOUS
10
62.3093789999999998
20
-51.218240999999999
11
62.5338449999999995
21
-51.1038700000000006
0
LINE
8
BLACK
6
CONTINUOUS
10
62.5338449999999995
20
-51.1038700000000006
11
62.7376559999999941
21
-50.9557929999999999
0
LINE
8
BLACK
6
CONTINUOUS
10
62.7376559999999941
20
-50.9557929999999999
11
62.9157929999999936
21
-50.7776560000000003
0
LINE
8
BLACK
6
CONTINUOUS
10
62.9157929999999936
20
-50.7776560000000003
11
63.0638699999999943
21
-50.5738449999999986
0
LINE
8
BLACK
6
CONTINUOUS
10
63.0638699999999943
20
-50.5738449999999986
11
63.1782409999999999
21
-50.349378999999999
0
LINE
8
BLACK
6
CONTINUOUS
10
63.1782409999999999
20
-50.349378999999999
11
63.2560900000000004
21
-50.1097849999999951
0
LINE
8
BLACK
6
CONTINUOUS
10
63.2560900000000004
20
-50.1097849999999951
11
63.295499999999997
21
-49.8609620000000007
0
LINE
8
BLACK
6
CONTINUOUS
10
63.295499999999997
20
-49.8609620000000007
11
63.295499999999997
21
-49.6090379999999982
0
LINE
8
BLACK
6
CONTINUOUS
10
63.295499999999997
20
-49.6090379999999982
11
63.2560900000000004
21
-49.3602149999999966
0
LINE
8
BLACK
6
CONTINUOUS
10
63.2560900000000004
20
-49.3602149999999966
11
63.1782409999999999
21
-49.1206209999999999
0
LINE
8
BLACK
6
CONTINUOUS
10
63.1782409999999999
20
-49.1206209999999999
11
63.1782389999999978
21
-49.1206180000000003
0
LINE
8
BLACK
6
CONTINUOUS
10
63.1782389999999978
20
-49.1206180000000003
11
63.1782389999999978
21
-49.1206159999999983
0
LINE
8
BLACK
6
CONTINUOUS
10
63.1782389999999978
20
-49.1206159999999983
11
63.0823979999999978
21
-48.9325189999999992
0
LINE
8
BLACK
6
CONTINUOUS
10
63.0823979999999978
20
-48.9325189999999992
11
63.0638699999999943
21
-48.8961550000000003
0
LINE
8
BLACK
6
CONTINUOUS
10
63.0638699999999943
20
-48.8961550000000003
11
62.990401999999996
21
-48.7950349999999986
0
LINE
8
BLACK
6
CONTINUOUS
10
62.990401999999996
20
-48.7950349999999986
11
62.9157979999999952
21
-48.6923499999999976
0
LINE
8
BLACK
6
CONTINUOUS
10
62.9157979999999952
20
-48.6923499999999976
11
62.9157939999999982
21
-48.692344999999996
0
LINE
8
BLACK
6
CONTINUOUS
10
62.9157939999999982
20
-48.692344999999996
11
62.7376539999999991
21
-48.5142049999999969
0
LINE
8
BLACK
6
CONTINUOUS
10
62.7376539999999991
20
-48.5142049999999969
11
62.7376489999999976
21
-48.5142009999999999
0
LINE
8
BLACK
6
CONTINUOUS
10
62.7376489999999976
20
-48.5142009999999999
11
62.533847999999999
21
-48.3661320000000003
0
LINE
8
BLACK
6
CONTINUOUS
10
62.533847999999999
20
-48.3661320000000003
11
62.5338469999999944
21
-48.3661309999999958
0
LINE
8
BLACK
6
CONTINUOUS
10
62.5338469999999944
20
-48.3661309999999958
11
62.5338449999999995
21
-48.3661299999999983
0
LINE
8
BLACK
6
CONTINUOUS
10
62.5338449999999995
20
-48.3661299999999983
11
62.4246649999999974
21
-48.3104999999999976
0
LINE
8
BLACK
6
CONTINUOUS
10
62.4246649999999974
20
-48.3104999999999976
11
62.3093829999999969
21
-48.2517599999999973
0
LINE
8
BLACK
6
CONTINUOUS
10
62.3093829999999969
20
-48.2517599999999973
11
62.069784999999996
21
-48.1739099999999993
0
LINE
8
BLACK
6
CONTINUOUS
10
62.069784999999996
20
-48.1739099999999993
11
62.0695139999999981
21
-48.1738670000000013
0
LINE
8
BLACK
6
CONTINUOUS
10
62.0695139999999981
20
-48.1738670000000013
11
61.8209619999999944
21
-48.1344999999999956
0
LINE
8
BLACK
6
CONTINUOUS
10
61.8209619999999944
20
-48.1344999999999956
11
61.569037999999999
21
-48.1344999999999956
0
LINE
8
BLACK
6
CONTINUOUS
10
61.569037999999999
20
-48.1344999999999956
11
61.5345719999999972
21
-48.1399589999999975
0
LINE
8
BLACK
6
CONTINUOUS
10
61.5345719999999972
20
-48.1399589999999975
11
61.320214
21
-48.1739099999999993
0
LINE
8
BLACK
6
CONTINUOUS
10
61.320214
20
-48.1739099999999993
11
61.0806159999999991
21
-48.2517599999999973
0
LINE
8
BLACK
6
CONTINUOUS
10
61.0806159999999991
20
-48.2517599999999973
11
60.856150999999997
21
-48.3661320000000003
0
LINE
8
BLACK
6
CONTINUOUS
10
60.856150999999997
20
-48.3661320000000003
11
60.6523499999999984
21
-48.5142009999999999
0
LINE
8
BLACK
6
CONTINUOUS
10
60.6523499999999984
20
-48.5142009999999999
11
60.6523449999999968
21
-48.5142049999999969
0
LINE
8
BLACK
6
CONTINUOUS
10
60.6523449999999968
20
-48.5142049999999969
11
60.4742049999999978
21
-48.692344999999996
0
LINE
8
BLACK
6
CONTINUOUS
10
60.4742049999999978
20
-48.692344999999996
11
60.4742010000000008
21
-48.6923499999999976
0
LINE
8
BLACK
6
CONTINUOUS
10
60.4742010000000008
20
-48.6923499999999976
11
60.3261319999999941
21
-48.8961509999999961
0
LINE
8
BLACK
6
CONTINUOUS
10
60.3261319999999941
20
-48.8961509999999961
11
60.2117599999999982
21
-49.1206159999999983
0
LINE
8
BLACK
6
CONTINUOUS
10
60.2117599999999982
20
-49.1206159999999983
11
60.1339100000000002
21
-49.3602139999999991
0
LINE
8
BLACK
6
CONTINUOUS
10
60.1339100000000002
20
-49.3602139999999991
11
60.0944999999999965
21
-49.6090379999999982
0
LINE
8
BLACK
6
CONTINUOUS
10
60.0944999999999965
20
-49.6090379999999982
11
60.0944999999999965
21
-49.8609609999999961
0
LINE
8
BLACK
6
CONTINUOUS
10
60.0944999999999965
20
-49.8609609999999961
11
60.1339100000000002
21
-50.1097859999999997
0
LINE
8
BLACK
6
CONTINUOUS
10
60.1339100000000002
20
-50.1097859999999997
11
60.1339100000000002
21
-50.1097889999999992
0
LINE
8
BLACK
6
CONTINUOUS
10
60.1339100000000002
20
-50.1097889999999992
11
60.1860969999999966
21
-50.2704009999999997
0
LINE
8
BLACK
6
CONTINUOUS
10
60.1860969999999966
20
-50.2704009999999997
11
60.1880919999999975
21
-50.3402419999999964
0
LINE
8
BLACK
6
CONTINUOUS
10
60.1880919999999975
20
-50.3402419999999964
11
60.1520119999999991
21
-50.4000750000000011
0
LINE
8
BLACK
6
CONTINUOUS
10
60.1520119999999991
20
-50.4000750000000011
11
60.089310999999995
21
-50.4309030000000007
0
LINE
8
BLACK
6
CONTINUOUS
10
60.089310999999995
20
-50.4309030000000007
11
60.0198970000000003
21
-50.4229379999999949
0
LINE
8
BLACK
6
CONTINUOUS
10
60.0198970000000003
20
-50.4229379999999949
11
59.9804849999999945
21
-50.3963999999999999
0
LINE
8
BLACK
6
CONTINUOUS
10
59.9804849999999945
20
-50.3963999999999999
11
52.7612659999999991
21
-43.1771809999999974
0
LINE
8
BLACK
6
CONTINUOUS
10
52.7612659999999991
20
-43.1771809999999974
11
52.7277810000000002
21
-43.1158579999999958
0
LINE
8
BLACK
6
CONTINUOUS
10
52.7277810000000002
20
-43.1158579999999958
11
52.7327650000000006
21
-43.0461659999999995
0
LINE
8
BLACK
6
CONTINUOUS
10
52.7327650000000006
20
-43.0461659999999995
11
52.7746369999999985
21
-42.9902329999999964
0
LINE
8
BLACK
6
CONTINUOUS
10
52.7746369999999985
20
-42.9902329999999964
11
52.8401009999999971
21
-42.9658159999999967
0
LINE
8
BLACK
6
CONTINUOUS
10
52.8401009999999971
20
-42.9658159999999967
11
52.8489469999999955
21
-42.9654999999999987
0
LINE
8
BLACK
6
CONTINUOUS
10
52.8489469999999955
20
-42.9654999999999987
11
53.1017620000000008
21
-42.9654999999999987
0
LINE
8
BLACK
6
CONTINUOUS
10
53.1017620000000008
20
-42.9654999999999987
11
53.1688009999999949
21
-42.9851850000000013
0
LINE
8
BLACK
6
CONTINUOUS
10
53.1688009999999949
20
-42.9851850000000013
11
53.174636999999997
21
-42.9891749999999959
0
LINE
8
BLACK
6
CONTINUOUS
10
53.174636999999997
20
-42.9891749999999959
11
53.2361549999999966
21
-43.0338700000000003
0
LINE
8
BLACK
6
CONTINUOUS
10
53.2361549999999966
20
-43.0338700000000003
11
53.3371139999999997
21
-43.0853109999999973
0
LINE
8
BLACK
6
CONTINUOUS
10
53.3371139999999997
20
-43.0853109999999973
11
53.4606159999999946
21
-43.1482389999999967
0
LINE
8
BLACK
6
CONTINUOUS
10
53.4606159999999946
20
-43.1482389999999967
11
53.4606179999999966
21
-43.1482389999999967
0
LINE
8
BLACK
6
CONTINUOUS
10
53.4606179999999966
20
-43.1482389999999967
11
53.4606209999999962
21
-43.1482409999999987
0
LINE
8
BLACK
6
CONTINUOUS
10
53.4606209999999962
20
-43.1482409999999987
11
53.700215
21
-43.2260899999999992
0
LINE
8
BLACK
6
CONTINUOUS
10
53.700215
20
-43.2260899999999992
11
53.9490379999999945
21
-43.2654999999999959
0
LINE
8
BLACK
6
CONTINUOUS
10
53.9490379999999945
20
-43.2654999999999959
11
53.9490389999999991
21
-43.2654999999999959
0
LINE
8
BLACK
6
CONTINUOUS
10
53.9490389999999991
20
-43.2654999999999959
11
55.0009609999999967
21
-43.2654999999999959
0
LINE
8
BLACK
6
CONTINUOUS
10
55.0009609999999967
20
-43.2654999999999959
11
55.0009619999999941
21
-43.2654999999999959
0
LINE
8
BLACK
6
CONTINUOUS
10
55.0009619999999941
20
-43.2654999999999959
11
55.2497849999999957
21
-43.2260899999999992
0
LINE
8
BLACK
6
CONTINUOUS
10
55.2497849999999957
20
-43.2260899999999992
11
55.4893789999999996
21
-43.1482409999999987
0
LINE
8
BLACK
6
CONTINUOUS
10
55.4893789999999996
20
-43.1482409999999987
11
55.7138449999999992
21
-43.0338700000000003
0
LINE
8
BLACK
6
CONTINUOUS
10
55.7138449999999992
20
-43.0338700000000003
11
55.9176560000000009
21
-42.8857929999999996
0
LINE
8
BLACK
6
CONTINUOUS
10
55.9176560000000009
20
-42.8857929999999996
11
56.0957930000000005
21
-42.7076560000000001
0
LINE
8
BLACK
6
CONTINUOUS
10
56.0957930000000005
20
-42.7076560000000001
11
56.243869999999994
21
-42.5038449999999983
0
LINE
8
BLACK
6
CONTINUOUS
10
56.243869999999994
20
-42.5038449999999983
11
56.3582409999999996
21
-42.2793789999999987
0
LINE
8
BLACK
6
CONTINUOUS
10
56.3582409999999996
20
-42.2793789999999987
11
56.4360900000000001
21
-42.0397849999999949
0
LINE
8
BLACK
6
CONTINUOUS
10
56.4360900000000001
20
-42.0397849999999949
11
56.4754999999999967
21
-41.7909620000000004
0
LINE
8
BLACK
6
CONTINUOUS
10
56.4754999999999967
20
-41.7909620000000004
11
56.4754999999999967
21
-41.5390379999999979
0
LINE
8
BLACK
6
CONTINUOUS
10
56.4754999999999967
20
-41.5390379999999979
11
56.4360900000000001
21
-41.2902149999999963
0
LINE
8
BLACK
6
CONTINUOUS
10
56.4360900000000001
20
-41.2902149999999963
11
56.3582409999999996
21
-41.0506209999999996
0
LINE
8
BLACK
6
CONTINUOUS
10
56.3582409999999996
20
-41.0506209999999996
11
56.3582389999999975
21
-41.0506180000000001
0
LINE
8
BLACK
6
CONTINUOUS
10
56.3582389999999975
20
-41.0506180000000001
11
56.3582389999999975
21
-41.050615999999998
0
LINE
8
BLACK
6
CONTINUOUS
10
56.3582389999999975
20
-41.050615999999998
11
56.3066249999999968
21
-40.9493189999999956
0
LINE
8
BLACK
6
CONTINUOUS
10
56.3066249999999968
20
-40.9493189999999956
11
56.243869999999994
21
-40.826155
0
LINE
8
BLACK
6
CONTINUOUS
10
56.243869999999994
20
-40.826155
11
56.2332269999999994
21
-40.8115060000000014
0
LINE
8
BLACK
6
CONTINUOUS
10
56.2332269999999994
20
-40.8115060000000014
11
56.0958240000000004
21
-40.6223850000000013
0
LINE
8
BLACK
6
CONTINUOUS
10
56.0958240000000004
20
-40.6223850000000013
11
56.072343999999994
21
-40.5565789999999993
0
LINE
8
BLACK
6
CONTINUOUS
10
56.072343999999994
20
-40.5565789999999993
11
56.0881699999999981
21
-40.4885249999999957
0
LINE
8
BLACK
6
CONTINUOUS
10
56.0881699999999981
20
-40.4885249999999957
11
56.1382759999999976
21
-40.4398300000000006
0
LINE
8
BLACK
6
CONTINUOUS
10
56.1382759999999976
20
-40.4398300000000006
11
56.1961419999999947
21
-40.4254999999999995
0
LINE
8
BLACK
6
CONTINUOUS
10
56.1961419999999947
20
-40.4254999999999995
11
57.0790509999999998
21
-40.4254999999999995
0
LINE
8
BLACK
6
CONTINUOUS
10
57.0790509999999998
20
-40.4254999999999995
11
57.0790519999999972
21
-40.4254999999999995
0
LINE
8
BLACK
6
CONTINUOUS
10
57.0790519999999972
20
-40.4254999999999995
11
57.2812339999999978
21
-40.3934769999999972
0
LINE
8
BLACK
6
CONTINUOUS
10
57.2812339999999978
20
-40.3934769999999972
11
57.4759189999999975
21
-40.3302199999999971
0
LINE
8
BLACK
6
CONTINUOUS
10
57.4759189999999975
20
-40.3302199999999971
11
57.6583100000000002
21
-40.2372869999999949
0
LINE
8
BLACK
6
CONTINUOUS
10
57.6583100000000002
20
-40.2372869999999949
11
57.7542059999999964
21
-40.1676149999999978
0
LINE
8
BLACK
6
CONTINUOUS
10
57.7542059999999964
20
-40.1676149999999978
11
57.8239129999999975
21
-40.1169709999999995
0
LINE
8
BLACK
6
CONTINUOUS
10
57.8239129999999975
20
-40.1169709999999995
11
57.8239149999999995
21
-40.116968
0
LINE
8
BLACK
6
CONTINUOUS
10
57.8239149999999995
20
-40.116968
11
57.8239189999999965
21
-40.1169659999999979
0
LINE
8
BLACK
6
CONTINUOUS
10
57.8239189999999965
20
-40.1169659999999979
11
57.9686659999999989
21
-39.9722189999999955
0
LINE
8
BLACK
6
CONTINUOUS
10
57.9686659999999989
20
-39.9722189999999955
11
57.9686679999999939
21
-39.9722149999999985
0
LINE
8
BLACK
6
CONTINUOUS
10
57.9686679999999939
20
-39.9722149999999985
11
57.9686710000000005
21
-39.9722129999999964
0
LINE
8
BLACK
6
CONTINUOUS
10
57.9686710000000005
20
-39.9722129999999964
11
58.0684819999999959
21
-39.8348340000000007
0
LINE
8
BLACK
6
CONTINUOUS
10
58.0684819999999959
20
-39.8348340000000007
11
58.1238109999999963
21
-39.7921679999999967
0
LINE
8
BLACK
6
CONTINUOUS
10
58.1238109999999963
20
-39.7921679999999967
11
58.1934249999999977
21
-39.7861890000000002
0
LINE
8
BLACK
6
CONTINUOUS
10
58.1934249999999977
20
-39.7861890000000002
11
58.2552199999999942
21
-39.8187939999999969
0
LINE
8
BLACK
6
CONTINUOUS
10
68.1326419999999899
20
-57.5966549999999984
11
68.1326419999999899
21
-54.1811030000000002
0
LINE
8
BLACK
6
CONTINUOUS
10
68.1326419999999899
20
-54.1811030000000002
11
63.9342019999999991
21
-54.1811030000000002
0
LINE
8
BLACK
6
CONTINUOUS
10
63.9342019999999991
20
-54.1811030000000002
11
63.9342019999999991
21
-57.5966549999999984
0
LINE
8
BLACK
6
CONTINUOUS
10
63.9342019999999991
20
-57.5966549999999984
11
68.1326419999999899
21
-57.5966549999999984
0
LINE
8
BLACK
6
CONTINUOUS
10
55.5206710000000001
20
-33.2640299999999982
11
55.6017769999999985
21
-33.3182229999999961
0
LINE
8
BLACK
6
CONTINUOUS
10
55.6017769999999985
20
-33.3182229999999961
11
55.6559699999999964
21
-33.3993290000000016
0
LINE
8
BLACK
6
CONTINUOUS
10
55.6559699999999964
20
-33.3993290000000016
11
55.6749999999999972
21
-33.4949999999999974
0
LINE
8
BLACK
6
CONTINUOUS
10
55.6749999999999972
20
-33.4949999999999974
11
55.6749999999999972
21
-34.5949999999999989
0
LINE
8
BLACK
6
CONTINUOUS
10
55.6749999999999972
20
-34.5949999999999989
11
55.6559699999999964
21
-34.6906710000000018
0
LINE
8
BLACK
6
CONTINUOUS
10
55.6559699999999964
20
-34.6906710000000018
11
55.6017769999999985
21
-34.7717770000000002
0
LINE
8
BLACK
6
CONTINUOUS
10
55.6017769999999985
20
-34.7717770000000002
11
55.5206710000000001
21
-34.8259699999999981
0
LINE
8
BLACK
6
CONTINUOUS
10
55.5206710000000001
20
-34.8259699999999981
11
55.4249999999999972
21
-34.8449999999999989
0
LINE
8
BLACK
6
CONTINUOUS
10
55.4249999999999972
20
-34.8449999999999989
11
53.5249999999999986
21
-34.8449999999999989
0
LINE
8
BLACK
6
CONTINUOUS
10
53.5249999999999986
20
-34.8449999999999989
11
53.4293289999999956
21
-34.8259699999999981
0
LINE
8
BLACK
6
CONTINUOUS
10
53.4293289999999956
20
-34.8259699999999981
11
53.3482229999999973
21
-34.7717770000000002
0
LINE
8
BLACK
6
CONTINUOUS
10
53.3482229999999973
20
-34.7717770000000002
11
53.2940299999999993
21
-34.6906710000000018
0
LINE
8
BLACK
6
CONTINUOUS
10
53.2940299999999993
20
-34.6906710000000018
11
53.2749999999999986
21
-34.5949999999999989
0
LINE
8
BLACK
6
CONTINUOUS
10
53.2749999999999986
20
-34.5949999999999989
11
53.2749999999999986
21
-34.5450000000000017
0
LINE
8
BLACK
6
CONTINUOUS
10
53.2749999999999986
20
-34.5450000000000017
11
52.1246069999999975
21
-34.5450000000000017
0
LINE
8
BLACK
6
CONTINUOUS
10
52.1246069999999975
20
-34.5450000000000017
11
50.6485999999999947
21
-36.0210059999999999
0
LINE
8
BLACK
6
CONTINUOUS
10
50.6485999999999947
20
-36.0210059999999999
11
50.6485999999999947
21
-42.196593
0
LINE
8
BLACK
6
CONTINUOUS
10
50.6485999999999947
20
-42.196593
11
62.0485529999999983
21
-53.5965459999999965
0
LINE
8
BLACK
6
CONTINUOUS
10
62.0485529999999983
20
-53.5965459999999965
11
62.0916679999999985
21
-53.6457100000000011
0
LINE
8
BLACK
6
CONTINUOUS
10
62.0916679999999985
20
-53.6457100000000011
11
62.0916769999999971
21
-53.6457189999999997
0
LINE
8
BLACK
6
CONTINUOUS
10
62.0916769999999971
20
-53.6457189999999997
11
62.1217739999999949
21
-53.6978489999999979
0
LINE
8
BLACK
6
CONTINUOUS
10
62.1217739999999949
20
-53.6978489999999979
11
62.1569399999999987
21
-53.7587580000000003
0
LINE
8
BLACK
6
CONTINUOUS
10
62.1569399999999987
20
-53.7587580000000003
11
62.1907229999999984
21
-53.8848369999999974
0
LINE
8
BLACK
6
CONTINUOUS
10
62.1907229999999984
20
-53.8848369999999974
11
62.1907229999999984
21
-53.8848519999999951
0
LINE
8
BLACK
6
CONTINUOUS
10
62.1907229999999984
20
-53.8848519999999951
11
62.1950000000000003
21
-53.9500999999999991
0
LINE
8
BLACK
6
CONTINUOUS
10
62.1950000000000003
20
-53.9500999999999991
11
62.1950000000000003
21
-57.1615699999999975
0
LINE
8
BLACK
6
CONTINUOUS
10
62.1950000000000003
20
-57.1615699999999975
11
62.2025149999999982
21
-57.1665919999999943
0
LINE
8
BLACK
6
CONTINUOUS
10
62.2025149999999982
20
-57.1665919999999943
11
62.3134079999999955
21
-57.2774849999999986
0
LINE
8
BLACK
6
CONTINUOUS
10
62.3134079999999955
20
-57.2774849999999986
11
62.4005369999999999
21
-57.4078829999999982
0
LINE
8
BLACK
6
CONTINUOUS
10
62.4005369999999999
20
-57.4078829999999982
11
62.4605519999999999
21
-57.5527719999999974
0
LINE
8
BLACK
6
CONTINUOUS
10
62.4605519999999999
20
-57.5527719999999974
11
62.4911479999999955
21
-57.7065859999999944
0
LINE
8
BLACK
6
CONTINUOUS
10
62.4911479999999955
20
-57.7065859999999944
11
62.4911479999999955
21
-57.8634139999999988
0
LINE
8
BLACK
6
CONTINUOUS
10
62.4911479999999955
20
-57.8634139999999988
11
62.4605519999999999
21
-58.0172279999999958
0
LINE
8
BLACK
6
CONTINUOUS
10
62.4605519999999999
20
-58.0172279999999958
11
62.4005369999999999
21
-58.162116999999995
0
LINE
8
BLACK
6
CONTINUOUS
10
62.4005369999999999
20
-58.162116999999995
11
62.3134079999999955
21
-58.2925149999999945
0
LINE
8
BLACK
6
CONTINUOUS
10
62.3134079999999955
20
-58.2925149999999945
11
62.2025149999999982
21
-58.4034079999999989
0
LINE
8
BLACK
6
CONTINUOUS
10
62.2025149999999982
20
-58.4034079999999989
11
62.0721169999999987
21
-58.4905369999999962
0
LINE
8
BLACK
6
CONTINUOUS
10
62.0721169999999987
20
-58.4905369999999962
11
61.9272279999999995
21
-58.5505519999999962
0
LINE
8
BLACK
6
CONTINUOUS
10
61.9272279999999995
20
-58.5505519999999962
11
61.7734139999999954
21
-58.5811479999999989
0
LINE
8
BLACK
6
CONTINUOUS
10
61.7734139999999954
20
-58.5811479999999989
11
61.6165859999999981
21
-58.5811479999999989
0
LINE
8
BLACK
6
CONTINUOUS
10
61.6165859999999981
20
-58.5811479999999989
11
61.462771999999994
21
-58.5505519999999962
0
LINE
8
BLACK
6
CONTINUOUS
10
61.462771999999994
20
-58.5505519999999962
11
61.3178829999999948
21
-58.4905369999999962
0
LINE
8
BLACK
6
CONTINUOUS
10
61.3178829999999948
20
-58.4905369999999962
11
61.1874849999999952
21
-58.4034079999999989
0
LINE
8
BLACK
6
CONTINUOUS
10
61.1874849999999952
20
-58.4034079999999989
11
61.076591999999998
21
-58.2925149999999945
0
LINE
8
BLACK
6
CONTINUOUS
10
61.076591999999998
20
-58.2925149999999945
11
60.9894630000000006
21
-58.162116999999995
0
LINE
8
BLACK
6
CONTINUOUS
10
60.9894630000000006
20
-58.162116999999995
11
60.9294480000000007
21
-58.0172279999999958
0
LINE
8
BLACK
6
CONTINUOUS
10
60.9294480000000007
20
-58.0172279999999958
11
60.898851999999998
21
-57.8634139999999988
0
LINE
8
BLACK
6
CONTINUOUS
10
60.898851999999998
20
-57.8634139999999988
11
60.898851999999998
21
-57.7065859999999944
0
LINE
8
BLACK
6
CONTINUOUS
10
60.898851999999998
20
-57.7065859999999944
11
60.9294480000000007
21
-57.5527719999999974
0
LINE
8
BLACK
6
CONTINUOUS
10
60.9294480000000007
20
-57.5527719999999974
11
60.9894630000000006
21
-57.4078829999999982
0
LINE
8
BLACK
6
CONTINUOUS
10
60.9894630000000006
20
-57.4078829999999982
11
61.076591999999998
21
-57.2774849999999986
0
LINE
8
BLACK
6
CONTINUOUS
10
61.076591999999998
20
-57.2774849999999986
11
61.1874849999999952
21
-57.1665919999999943
0
LINE
8
BLACK
6
CONTINUOUS
10
61.1874849999999952
20
-57.1665919999999943
11
61.1950000000000003
21
-57.1615699999999975
0
LINE
8
BLACK
6
CONTINUOUS
10
61.1950000000000003
20
-57.1615699999999975
11
61.1950000000000003
21
-54.1572059999999951
0
LINE
8
BLACK
6
CONTINUOUS
10
61.1950000000000003
20
-54.1572059999999951
11
49.7950469999999967
21
-42.7572529999999986
0
LINE
8
BLACK
6
CONTINUOUS
10
49.7950469999999967
20
-42.7572529999999986
11
49.7519379999999956
21
-42.7080959999999976
0
LINE
8
BLACK
6
CONTINUOUS
10
49.7519379999999956
20
-42.7080959999999976
11
49.7519229999999979
21
-42.708081
0
LINE
8
BLACK
6
CONTINUOUS
10
49.7519229999999979
20
-42.708081
11
49.6866599999999963
21
-42.5950419999999994
0
LINE
8
BLACK
6
CONTINUOUS
10
49.6866599999999963
20
-42.5950419999999994
11
49.6528769999999966
21
-42.4689629999999951
0
LINE
8
BLACK
6
CONTINUOUS
10
49.6528769999999966
20
-42.4689629999999951
11
49.6528769999999966
21
-42.468947
0
LINE
8
BLACK
6
CONTINUOUS
10
49.6528769999999966
20
-42.468947
11
49.6485999999999947
21
-42.4037000000000006
0
LINE
8
BLACK
6
CONTINUOUS
10
49.6485999999999947
20
-42.4037000000000006
11
49.6485999999999947
21
-35.8138999999999967
0
LINE
8
BLACK
6
CONTINUOUS
10
49.6485999999999947
20
-35.8138999999999967
11
49.6528769999999966
21
-35.7486519999999999
0
LINE
8
BLACK
6
CONTINUOUS
10
49.6528769999999966
20
-35.7486519999999999
11
49.6528769999999966
21
-35.7486369999999951
0
LINE
8
BLACK
6
CONTINUOUS
10
49.6528769999999966
20
-35.7486369999999951
11
49.6866599999999963
21
-35.6225579999999979
0
LINE
8
BLACK
6
CONTINUOUS
10
49.6866599999999963
20
-35.6225579999999979
11
49.6998239999999996
21
-35.5997580000000013
0
LINE
8
BLACK
6
CONTINUOUS
10
49.6998239999999996
20
-35.5997580000000013
11
49.7519229999999979
21
-35.5095189999999974
0
LINE
8
BLACK
6
CONTINUOUS
10
49.7519229999999979
20
-35.5095189999999974
11
49.7519379999999956
21
-35.5095029999999952
0
LINE
8
BLACK
6
CONTINUOUS
10
49.7519379999999956
20
-35.5095029999999952
11
49.7950469999999967
21
-35.4603469999999987
0
LINE
8
BLACK
6
CONTINUOUS
10
49.7950469999999967
20
-35.4603469999999987
11
51.5639459999999943
21
-33.6914469999999966
0
LINE
8
BLACK
6
CONTINUOUS
10
51.5639459999999943
20
-33.6914469999999966
11
51.6131099999999989
21
-33.6483309999999989
0
LINE
8
BLACK
6
CONTINUOUS
10
51.6131099999999989
20
-33.6483309999999989
11
51.6131189999999975
21
-33.6483229999999978
0
LINE
8
BLACK
6
CONTINUOUS
10
51.6131189999999975
20
-33.6483229999999978
11
51.7261579999999981
21
-33.5830599999999961
0
LINE
8
BLACK
6
CONTINUOUS
10
51.7261579999999981
20
-33.5830599999999961
11
51.8522369999999952
21
-33.5492769999999965
0
LINE
8
BLACK
6
CONTINUOUS
10
51.8522369999999952
20
-33.5492769999999965
11
51.852252
21
-33.5492769999999965
0
LINE
8
BLACK
6
CONTINUOUS
10
51.852252
20
-33.5492769999999965
11
51.9174999999999969
21
-33.5450000000000017
0
LINE
8
BLACK
6
CONTINUOUS
10
51.9174999999999969
20
-33.5450000000000017
11
53.2749999999999986
21
-33.5450000000000017
0
LINE
8
BLACK
6
CONTINUOUS
10
53.2749999999999986
20
-33.5450000000000017
11
53.2749999999999986
21
-33.4949999999999974
0
LINE
8
BLACK
6
CONTINUOUS
10
53.2749999999999986
20
-33.4949999999999974
11
53.2940299999999993
21
-33.3993290000000016
0
LINE
8
BLACK
6
CONTINUOUS
10
53.2940299999999993
20
-33.3993290000000016
11
53.3482229999999973
21
-33.3182229999999961
0
LINE
8
BLACK
6
CONTINUOUS
10
53.3482229999999973
20
-33.3182229999999961
11
53.4293289999999956
21
-33.2640299999999982
0
LINE
8
BLACK
6
CONTINUOUS
10
53.4293289999999956
20
-33.2640299999999982
11
53.5249999999999986
21
-33.2449999999999974
0
LINE
8
BLACK
6
CONTINUOUS
10
53.5249999999999986
20
-33.2449999999999974
11
55.4249999999999972
21
-33.2449999999999974
0
LINE
8
BLACK
6
CONTINUOUS
10
55.4249999999999972
20
-33.2449999999999974
11
55.5206710000000001
21
-33.2640299999999982
0
LINE
8
BLACK
6
CONTINUOUS
10
62.5734139999999996
20
-38.3288519999999977
11
62.7272279999999967
21
-38.3594480000000004
0
LINE
8
BLACK
6
CONTINUOUS
10
62.7272279999999967
20
-38.3594480000000004
11
62.8721169999999958
21
-38.4194630000000004
0
LINE
8
BLACK
6
CONTINUOUS
10
62.8721169999999958
20
-38.4194630000000004
11
63.0025149999999954
21
-38.5065919999999977
0
LINE
8
BLACK
6
CONTINUOUS
10
63.0025149999999954
20
-38.5065919999999977
11
63.1134079999999997
21
-38.617484999999995
0
LINE
8
BLACK
6
CONTINUOUS
10
63.1134079999999997
20
-38.617484999999995
11
63.2005369999999971
21
-38.7478830000000016
0
LINE
8
BLACK
6
CONTINUOUS
10
63.2005369999999971
20
-38.7478830000000016
11
63.260551999999997
21
-38.8927720000000008
0
LINE
8
BLACK
6
CONTINUOUS
10
63.260551999999997
20
-38.8927720000000008
11
63.2911479999999997
21
-39.0465859999999978
0
LINE
8
BLACK
6
CONTINUOUS
10
63.2911479999999997
20
-39.0465859999999978
11
63.2911479999999997
21
-39.2034139999999951
0
LINE
8
BLACK
6
CONTINUOUS
10
63.2911479999999997
20
-39.2034139999999951
11
63.260551999999997
21
-39.3572279999999992
0
LINE
8
BLACK
6
CONTINUOUS
10
63.260551999999997
20
-39.3572279999999992
11
63.2005369999999971
21
-39.5021169999999984
0
LINE
8
BLACK
6
CONTINUOUS
10
63.2005369999999971
20
-39.5021169999999984
11
63.1134079999999997
21
-39.6325149999999979
0
LINE
8
BLACK
6
CONTINUOUS
10
63.1134079999999997
20
-39.6325149999999979
11
63.0025149999999954
21
-39.7434079999999952
0
LINE
8
BLACK
6
CONTINUOUS
10
63.0025149999999954
20
-39.7434079999999952
11
62.8721169999999958
21
-39.8305369999999996
0
LINE
8
BLACK
6
CONTINUOUS
10
62.8721169999999958
20
-39.8305369999999996
11
62.7272279999999967
21
-39.8905519999999996
0
LINE
8
BLACK
6
CONTINUOUS
10
62.7272279999999967
20
-39.8905519999999996
11
62.5734139999999996
21
-39.9211479999999952
0
LINE
8
BLACK
6
CONTINUOUS
10
62.5734139999999996
20
-39.9211479999999952
11
62.4949999999999974
21
-39.9249999999999972
0
LINE
8
BLACK
6
CONTINUOUS
10
62.4949999999999974
20
-39.9249999999999972
11
61.6950000000000003
21
-39.9249999999999972
0
LINE
8
BLACK
6
CONTINUOUS
10
61.6950000000000003
20
-39.9249999999999972
11
61.6165859999999981
21
-39.9211479999999952
0
LINE
8
BLACK
6
CONTINUOUS
10
61.6165859999999981
20
-39.9211479999999952
11
61.462771999999994
21
-39.8905519999999996
0
LINE
8
BLACK
6
CONTINUOUS
10
61.462771999999994
20
-39.8905519999999996
11
61.3178829999999948
21
-39.8305369999999996
0
LINE
8
BLACK
6
CONTINUOUS
10
61.3178829999999948
20
-39.8305369999999996
11
61.1874849999999952
21
-39.7434079999999952
0
LINE
8
BLACK
6
CONTINUOUS
10
61.1874849999999952
20
-39.7434079999999952
11
61.076591999999998
21
-39.6325149999999979
0
LINE
8
BLACK
6
CONTINUOUS
10
61.076591999999998
20
-39.6325149999999979
11
61.0715709999999987
21
-39.625
0
LINE
8
BLACK
6
CONTINUOUS
10
61.0715709999999987
20
-39.625
11
60.0932999999999993
21
-39.625
0
LINE
8
BLACK
6
CONTINUOUS
10
60.0932999999999993
20
-39.625
11
60.0932999999999993
21
-42.3621929999999978
0
LINE
8
BLACK
6
CONTINUOUS
10
60.0932999999999993
20
-42.3621929999999978
11
72.1985529999999898
21
-54.4674459999999954
0
LINE
8
BLACK
6
CONTINUOUS
10
72.1985529999999898
20
-54.4674459999999954
11
72.24166799999999
21
-54.51661
0
LINE
8
BLACK
6
CONTINUOUS
10
72.24166799999999
20
-54.51661
11
72.2416769999999957
21
-54.5166189999999986
0
LINE
8
BLACK
6
CONTINUOUS
10
72.2416769999999957
20
-54.5166189999999986
11
72.2748299999999944
21
-54.5740419999999986
0
LINE
8
BLACK
6
CONTINUOUS
10
72.2748299999999944
20
-54.5740419999999986
11
72.3069399999999973
21
-54.6296579999999992
0
LINE
8
BLACK
6
CONTINUOUS
10
72.3069399999999973
20
-54.6296579999999992
11
72.340722999999997
21
-54.7557369999999963
0
LINE
8
BLACK
6
CONTINUOUS
10
72.340722999999997
20
-54.7557369999999963
11
72.340722999999997
21
-54.755751999999994
0
LINE
8
BLACK
6
CONTINUOUS
10
72.340722999999997
20
-54.755751999999994
11
72.3449999999999989
21
-54.820999999999998
0
LINE
8
BLACK
6
CONTINUOUS
10
72.3449999999999989
20
-54.820999999999998
11
72.3449999999999989
21
-57.1615699999999975
0
LINE
8
BLACK
6
CONTINUOUS
10
72.3449999999999989
20
-57.1615699999999975
11
72.3525149999999968
21
-57.1665919999999943
0
LINE
8
BLACK
6
CONTINUOUS
10
72.3525149999999968
20
-57.1665919999999943
11
72.4634080000000012
21
-57.2774849999999986
0
LINE
8
BLACK
6
CONTINUOUS
10
72.4634080000000012
20
-57.2774849999999986
11
72.5505369999999914
21
-57.4078829999999982
0
LINE
8
BLACK
6
CONTINUOUS
10
72.5505369999999914
20
-57.4078829999999982
11
72.6105519999999984
21
-57.5527719999999974
0
LINE
8
BLACK
6
CONTINUOUS
10
72.6105519999999984
20
-57.5527719999999974
11
72.6411480000000012
21
-57.7065859999999944
0
LINE
8
BLACK
6
CONTINUOUS
10
72.6411480000000012
20
-57.7065859999999944
11
72.6411480000000012
21
-57.8634139999999988
0
LINE
8
BLACK
6
CONTINUOUS
10
72.6411480000000012
20
-57.8634139999999988
11
72.6105519999999984
21
-58.0172279999999958
0
LINE
8
BLACK
6
CONTINUOUS
10
72.6105519999999984
20
-58.0172279999999958
11
72.5505369999999914
21
-58.162116999999995
0
LINE
8
BLACK
6
CONTINUOUS
10
72.5505369999999914
20
-58.162116999999995
11
72.4634080000000012
21
-58.2925149999999945
0
LINE
8
BLACK
6
CONTINUOUS
10
72.4634080000000012
20
-58.2925149999999945
11
72.3525149999999968
21
-58.4034079999999989
0
LINE
8
BLACK
6
CONTINUOUS
10
72.3525149999999968
20
-58.4034079999999989
11
72.2221169999999972
21
-58.4905369999999962
0
LINE
8
BLACK
6
CONTINUOUS
10
72.2221169999999972
20
-58.4905369999999962
11
72.077227999999991
21
-58.5505519999999962
0
LINE
8
BLACK
6
CONTINUOUS
10
72.077227999999991
20
-58.5505519999999962
11
71.923413999999994
21
-58.5811479999999989
0
LINE
8
BLACK
6
CONTINUOUS
10
71.923413999999994
20
-58.5811479999999989
11
71.7665860000000038
21
-58.5811479999999989
0
LINE
8
BLACK
6
CONTINUOUS
10
71.7665860000000038
20
-58.5811479999999989
11
71.6127719999999925
21
-58.5505519999999962
0
LINE
8
BLACK
6
CONTINUOUS
10
71.6127719999999925
20
-58.5505519999999962
11
71.4678830000000005
21
-58.4905369999999962
0
LINE
8
BLACK
6
CONTINUOUS
10
71.4678830000000005
20
-58.4905369999999962
11
71.3374850000000009
21
-58.4034079999999989
0
LINE
8
BLACK
6
CONTINUOUS
10
71.3374850000000009
20
-58.4034079999999989
11
71.2265919999999966
21
-58.2925149999999945
0
LINE
8
BLACK
6
CONTINUOUS
10
71.2265919999999966
20
-58.2925149999999945
11
71.1394629999999921
21
-58.162116999999995
0
LINE
8
BLACK
6
CONTINUOUS
10
71.1394629999999921
20
-58.162116999999995
11
71.0794479999999993
21
-58.0172279999999958
0
LINE
8
BLACK
6
CONTINUOUS
10
71.0794479999999993
20
-58.0172279999999958
11
71.0488519999999966
21
-57.8634139999999988
0
LINE
8
BLACK
6
CONTINUOUS
10
71.0488519999999966
20
-57.8634139999999988
11
71.0488519999999966
21
-57.7065859999999944
0
LINE
8
BLACK
6
CONTINUOUS
10
71.0488519999999966
20
-57.7065859999999944
11
71.0794479999999993
21
-57.5527719999999974
0
LINE
8
BLACK
6
CONTINUOUS
10
71.0794479999999993
20
-57.5527719999999974
11
71.1394629999999921
21
-57.4078829999999982
0
LINE
8
BLACK
6
CONTINUOUS
10
71.1394629999999921
20
-57.4078829999999982
11
71.2265919999999966
21
-57.2774849999999986
0
LINE
8
BLACK
6
CONTINUOUS
10
71.2265919999999966
20
-57.2774849999999986
11
71.3374850000000009
21
-57.1665919999999943
0
LINE
8
BLACK
6
CONTINUOUS
10
71.3374850000000009
20
-57.1665919999999943
11
71.3449999999999989
21
-57.1615699999999975
0
LINE
8
BLACK
6
CONTINUOUS
10
71.3449999999999989
20
-57.1615699999999975
11
71.3449999999999989
21
-55.028105999999994
0
LINE
8
BLACK
6
CONTINUOUS
10
71.3449999999999989
20
-55.028105999999994
11
59.2397469999999942
21
-42.9228529999999964
0
LINE
8
BLACK
6
CONTINUOUS
10
59.2397469999999942
20
-42.9228529999999964
11
59.1966380000000001
21
-42.8736959999999954
0
LINE
8
BLACK
6
CONTINUOUS
10
59.1966380000000001
20
-42.8736959999999954
11
59.1966229999999953
21
-42.8736809999999977
0
LINE
8
BLACK
6
CONTINUOUS
10
59.1966229999999953
20
-42.8736809999999977
11
59.1313600000000008
21
-42.7606419999999972
0
LINE
8
BLACK
6
CONTINUOUS
10
59.1313600000000008
20
-42.7606419999999972
11
59.1304519999999982
21
-42.7572529999999986
0
LINE
8
BLACK
6
CONTINUOUS
10
59.1304519999999982
20
-42.7572529999999986
11
59.097576999999994
21
-42.634563
0
LINE
8
BLACK
6
CONTINUOUS
10
59.097576999999994
20
-42.634563
11
59.097576999999994
21
-42.6345469999999978
0
LINE
8
BLACK
6
CONTINUOUS
10
59.097576999999994
20
-42.6345469999999978
11
59.0932999999999993
21
-42.5692999999999984
0
LINE
8
BLACK
6
CONTINUOUS
10
59.0932999999999993
20
-42.5692999999999984
11
59.0932999999999993
21
-39.125
0
LINE
8
BLACK
6
CONTINUOUS
10
59.0932999999999993
20
-39.125
11
59.0975779999999986
21
-39.0597369999999984
0
LINE
8
BLACK
6
CONTINUOUS
10
59.0975779999999986
20
-39.0597369999999984
11
59.1313600000000008
21
-38.9336580000000012
0
LINE
8
BLACK
6
CONTINUOUS
10
59.1313600000000008
20
-38.9336580000000012
11
59.1966229999999953
21
-38.8206190000000007
0
LINE
8
BLACK
6
CONTINUOUS
10
59.1966229999999953
20
-38.8206190000000007
11
59.2889189999999999
21
-38.7283229999999961
0
LINE
8
BLACK
6
CONTINUOUS
10
59.2889189999999999
20
-38.7283229999999961
11
59.4019580000000005
21
-38.6630600000000015
0
LINE
8
BLACK
6
CONTINUOUS
10
59.4019580000000005
20
-38.6630600000000015
11
59.5280369999999976
21
-38.6292779999999993
0
LINE
8
BLACK
6
CONTINUOUS
10
59.5280369999999976
20
-38.6292779999999993
11
59.5932999999999993
21
-38.625
0
LINE
8
BLACK
6
CONTINUOUS
10
59.5932999999999993
20
-38.625
11
61.0715709999999987
21
-38.625
0
LINE
8
BLACK
6
CONTINUOUS
10
61.0715709999999987
20
-38.625
11
61.076591999999998
21
-38.617484999999995
0
LINE
8
BLACK
6
CONTINUOUS
10
61.076591999999998
20
-38.617484999999995
11
61.1874849999999952
21
-38.5065919999999977
0
LINE
8
BLACK
6
CONTINUOUS
10
61.1874849999999952
20
-38.5065919999999977
11
61.3178829999999948
21
-38.4194630000000004
0
LINE
8
BLACK
6
CONTINUOUS
10
61.3178829999999948
20
-38.4194630000000004
11
61.462771999999994
21
-38.3594480000000004
0
LINE
8
BLACK
6
CONTINUOUS
10
61.462771999999994
20
-38.3594480000000004
11
61.6165859999999981
21
-38.3288519999999977
0
LINE
8
BLACK
6
CONTINUOUS
10
61.6165859999999981
20
-38.3288519999999977
11
61.6950000000000003
21
-38.3249999999999957
0
LINE
8
BLACK
6
CONTINUOUS
10
61.6950000000000003
20
-38.3249999999999957
11
62.4949999999999974
21
-38.3249999999999957
0
LINE
8
BLACK
6
CONTINUOUS
10
62.4949999999999974
20
-38.3249999999999957
11
62.5734139999999996
21
-38.3288519999999977
0
LINE
8
BLACK
6
CONTINUOUS
10
123.5599999999999881
20
-30.2249999999999979
11
124.861699999999999
21
-30.2249999999999979
0
LINE
8
BLACK
6
CONTINUOUS
10
124.861699999999999
20
-30.2249999999999979
11
124.9269630000000006
21
-30.2292779999999972
0
LINE
8
BLACK
6
CONTINUOUS
10
124.9269630000000006
20
-30.2292779999999972
11
125.0530419999999907
21
-30.2630599999999994
0
LINE
8
BLACK
6
CONTINUOUS
10
125.0530419999999907
20
-30.2630599999999994
11
125.1660809999999913
21
-30.3283229999999975
0
LINE
8
BLACK
6
CONTINUOUS
10
125.1660809999999913
20
-30.3283229999999975
11
125.2583769999999959
21
-30.4206189999999985
0
LINE
8
BLACK
6
CONTINUOUS
10
125.2583769999999959
20
-30.4206189999999985
11
125.3236399999999975
21
-30.5336579999999991
0
LINE
8
BLACK
6
CONTINUOUS
10
125.3236399999999975
20
-30.5336579999999991
11
125.3574219999999997
21
-30.6597369999999998
0
LINE
8
BLACK
6
CONTINUOUS
10
125.3574219999999997
20
-30.6597369999999998
11
125.361699999999999
21
-30.7249999999999979
0
LINE
8
BLACK
6
CONTINUOUS
10
125.361699999999999
20
-30.7249999999999979
11
125.361699999999999
21
-34.2029999999999959
0
LINE
8
BLACK
6
CONTINUOUS
10
125.361699999999999
20
-34.2029999999999959
11
125.3574229999999972
21
-34.2682469999999952
0
LINE
8
BLACK
6
CONTINUOUS
10
125.3574229999999972
20
-34.2682469999999952
11
125.3574229999999972
21
-34.2682629999999975
0
LINE
8
BLACK
6
CONTINUOUS
10
125.3574229999999972
20
-34.2682629999999975
11
125.3358810000000005
21
-34.3486580000000004
0
LINE
8
BLACK
6
CONTINUOUS
10
125.3358810000000005
20
-34.3486580000000004
11
125.3236399999999975
21
-34.3943420000000017
0
LINE
8
BLACK
6
CONTINUOUS
10
125.3236399999999975
20
-34.3943420000000017
11
125.2583769999999959
21
-34.5073809999999952
0
LINE
8
BLACK
6
CONTINUOUS
10
125.2583769999999959
20
-34.5073809999999952
11
125.2583679999999902
21
-34.5073889999999963
0
LINE
8
BLACK
6
CONTINUOUS
10
125.2583679999999902
20
-34.5073889999999963
11
125.2152529999999899
21
-34.5565539999999984
0
LINE
8
BLACK
6
CONTINUOUS
10
125.2152529999999899
20
-34.5565539999999984
11
101.6332529999999963
21
-58.1385529999999946
0
LINE
8
BLACK
6
CONTINUOUS
10
101.6332529999999963
20
-58.1385529999999946
11
101.5840960000000024
21
-58.1816609999999983
0
LINE
8
BLACK
6
CONTINUOUS
10
101.5840960000000024
20
-58.1816609999999983
11
101.5840809999999976
21
-58.1816770000000005
0
LINE
8
BLACK
6
CONTINUOUS
10
101.5840809999999976
20
-58.1816770000000005
11
101.4710419999999971
21
-58.2469399999999951
0
LINE
8
BLACK
6
CONTINUOUS
10
101.4710419999999971
20
-58.2469399999999951
11
101.3449629999999928
21
-58.2807229999999947
0
LINE
8
BLACK
6
CONTINUOUS
10
101.3449629999999928
20
-58.2807229999999947
11
101.3449480000000023
21
-58.2807229999999947
0
LINE
8
BLACK
6
CONTINUOUS
10
101.3449480000000023
20
-58.2807229999999947
11
101.2796999999999912
21
-58.2849999999999966
0
LINE
8
BLACK
6
CONTINUOUS
10
101.2796999999999912
20
-58.2849999999999966
11
80.0884289999999908
21
-58.2849999999999966
0
LINE
8
BLACK
6
CONTINUOUS
10
80.0884289999999908
20
-58.2849999999999966
11
80.0834079999999915
21
-58.2925149999999945
0
LINE
8
BLACK
6
CONTINUOUS
10
80.0834079999999915
20
-58.2925149999999945
11
79.9725150000000014
21
-58.4034079999999989
0
LINE
8
BLACK
6
CONTINUOUS
10
79.9725150000000014
20
-58.4034079999999989
11
79.8421170000000018
21
-58.4905369999999962
0
LINE
8
BLACK
6
CONTINUOUS
10
79.8421170000000018
20
-58.4905369999999962
11
79.6972279999999955
21
-58.5505519999999962
0
LINE
8
BLACK
6
CONTINUOUS
10
79.6972279999999955
20
-58.5505519999999962
11
79.5434139999999985
21
-58.5811479999999989
0
LINE
8
BLACK
6
CONTINUOUS
10
79.5434139999999985
20
-58.5811479999999989
11
79.3865859999999941
21
-58.5811479999999989
0
LINE
8
BLACK
6
CONTINUOUS
10
79.3865859999999941
20
-58.5811479999999989
11
79.2327719999999971
21
-58.5505519999999962
0
LINE
8
BLACK
6
CONTINUOUS
10
79.2327719999999971
20
-58.5505519999999962
11
79.0878829999999908
21
-58.4905369999999962
0
LINE
8
BLACK
6
CONTINUOUS
10
79.0878829999999908
20
-58.4905369999999962
11
78.9574849999999913
21
-58.4034079999999989
0
LINE
8
BLACK
6
CONTINUOUS
10
78.9574849999999913
20
-58.4034079999999989
11
78.8465920000000011
21
-58.2925149999999945
0
LINE
8
BLACK
6
CONTINUOUS
10
78.8465920000000011
20
-58.2925149999999945
11
78.7594629999999967
21
-58.162116999999995
0
LINE
8
BLACK
6
CONTINUOUS
10
78.7594629999999967
20
-58.162116999999995
11
78.6994479999999896
21
-58.0172279999999958
0
LINE
8
BLACK
6
CONTINUOUS
10
78.6994479999999896
20
-58.0172279999999958
11
78.6688520000000011
21
-57.8634139999999988
0
LINE
8
BLACK
6
CONTINUOUS
10
78.6688520000000011
20
-57.8634139999999988
11
78.6688520000000011
21
-57.7065859999999944
0
LINE
8
BLACK
6
CONTINUOUS
10
78.6688520000000011
20
-57.7065859999999944
11
78.6994479999999896
21
-57.5527719999999974
0
LINE
8
BLACK
6
CONTINUOUS
10
78.6994479999999896
20
-57.5527719999999974
11
78.7594629999999967
21
-57.4078829999999982
0
LINE
8
BLACK
6
CONTINUOUS
10
78.7594629999999967
20
-57.4078829999999982
11
78.8465920000000011
21
-57.2774849999999986
0
LINE
8
BLACK
6
CONTINUOUS
10
78.8465920000000011
20
-57.2774849999999986
11
78.9574849999999913
21
-57.1665919999999943
0
LINE
8
BLACK
6
CONTINUOUS
10
78.9574849999999913
20
-57.1665919999999943
11
79.0878829999999908
21
-57.079462999999997
0
LINE
8
BLACK
6
CONTINUOUS
10
79.0878829999999908
20
-57.079462999999997
11
79.2327719999999971
21
-57.019447999999997
0
LINE
8
BLACK
6
CONTINUOUS
10
79.2327719999999971
20
-57.019447999999997
11
79.3865859999999941
21
-56.9888519999999943
0
LINE
8
BLACK
6
CONTINUOUS
10
79.3865859999999941
20
-56.9888519999999943
11
79.5434139999999985
21
-56.9888519999999943
0
LINE
8
BLACK
6
CONTINUOUS
10
79.5434139999999985
20
-56.9888519999999943
11
79.6972279999999955
21
-57.019447999999997
0
LINE
8
BLACK
6
CONTINUOUS
10
79.6972279999999955
20
-57.019447999999997
11
79.8421170000000018
21
-57.079462999999997
0
LINE
8
BLACK
6
CONTINUOUS
10
79.8421170000000018
20
-57.079462999999997
11
79.9725150000000014
21
-57.1665919999999943
0
LINE
8
BLACK
6
CONTINUOUS
10
79.9725150000000014
20
-57.1665919999999943
11
80.0834079999999915
21
-57.2774849999999986
0
LINE
8
BLACK
6
CONTINUOUS
10
80.0834079999999915
20
-57.2774849999999986
11
80.0884289999999908
21
-57.2849999999999966
0
LINE
8
BLACK
6
CONTINUOUS
10
80.0884289999999908
20
-57.2849999999999966
11
101.0725939999999952
21
-57.2849999999999966
0
LINE
8
BLACK
6
CONTINUOUS
10
101.0725939999999952
20
-57.2849999999999966
11
124.361699999999999
21
-33.9958929999999953
0
LINE
8
BLACK
6
CONTINUOUS
10
124.361699999999999
20
-33.9958929999999953
11
124.361699999999999
21
-31.2249999999999979
0
LINE
8
BLACK
6
CONTINUOUS
10
124.361699999999999
20
-31.2249999999999979
11
123.5599999999999881
21
-31.2249999999999979
0
LINE
8
BLACK
6
CONTINUOUS
10
123.5599999999999881
20
-31.2249999999999979
11
123.5599999999999881
21
-31.5749999999999993
0
LINE
8
BLACK
6
CONTINUOUS
10
123.5599999999999881
20
-31.5749999999999993
11
121.8599999999999994
21
-31.5749999999999993
0
LINE
8
BLACK
6
CONTINUOUS
10
121.8599999999999994
20
-31.5749999999999993
11
121.8599999999999994
21
-31.2249999999999979
0
LINE
8
BLACK
6
CONTINUOUS
10
121.8599999999999994
20
-31.2249999999999979
11
116.6920059999999921
21
-31.2249999999999979
0
LINE
8
BLACK
6
CONTINUOUS
10
116.6920059999999921
20
-31.2249999999999979
11
108.4384529999999955
21
-39.478552999999998
0
LINE
8
BLACK
6
CONTINUOUS
10
108.4384529999999955
20
-39.478552999999998
11
108.3892960000000016
21
-39.5216610000000017
0
LINE
8
BLACK
6
CONTINUOUS
10
108.3892960000000016
20
-39.5216610000000017
11
108.3892809999999969
21
-39.5216769999999968
0
LINE
8
BLACK
6
CONTINUOUS
10
108.3892809999999969
20
-39.5216769999999968
11
108.2762419999999963
21
-39.5869399999999985
0
LINE
8
BLACK
6
CONTINUOUS
10
108.2762419999999963
20
-39.5869399999999985
11
108.1501629999999921
21
-39.6207229999999981
0
LINE
8
BLACK
6
CONTINUOUS
10
108.1501629999999921
20
-39.6207229999999981
11
108.1501480000000015
21
-39.6207229999999981
0
LINE
8
BLACK
6
CONTINUOUS
10
108.1501480000000015
20
-39.6207229999999981
11
108.0848999999999904
21
-39.625
0
LINE
8
BLACK
6
CONTINUOUS
10
108.0848999999999904
20
-39.625
11
100.2584289999999925
21
-39.625
0
LINE
8
BLACK
6
CONTINUOUS
10
100.2584289999999925
20
-39.625
11
100.2534079999999932
21
-39.6325149999999979
0
LINE
8
BLACK
6
CONTINUOUS
10
100.2534079999999932
20
-39.6325149999999979
11
100.1425149999999888
21
-39.7434079999999952
0
LINE
8
BLACK
6
CONTINUOUS
10
100.1425149999999888
20
-39.7434079999999952
11
100.0121169999999893
21
-39.8305369999999996
0
LINE
8
BLACK
6
CONTINUOUS
10
100.0121169999999893
20
-39.8305369999999996
11
99.8672279999999972
21
-39.8905519999999996
0
LINE
8
BLACK
6
CONTINUOUS
10
99.8672279999999972
20
-39.8905519999999996
11
99.7134140000000002
21
-39.9211479999999952
0
LINE
8
BLACK
6
CONTINUOUS
10
99.7134140000000002
20
-39.9211479999999952
11
99.6349999999999909
21
-39.9249999999999972
0
LINE
8
BLACK
6
CONTINUOUS
10
99.6349999999999909
20
-39.9249999999999972
11
98.8349999999999937
21
-39.9249999999999972
0
LINE
8
BLACK
6
CONTINUOUS
10
98.8349999999999937
20
-39.9249999999999972
11
98.7565859999999986
21
-39.9211479999999952
0
LINE
8
BLACK
6
CONTINUOUS
10
98.7565859999999986
20
-39.9211479999999952
11
98.6027720000000016
21
-39.8905519999999996
0
LINE
8
BLACK
6
CONTINUOUS
10
98.6027720000000016
20
-39.8905519999999996
11
98.4578829999999954
21
-39.8305369999999996
0
LINE
8
BLACK
6
CONTINUOUS
10
98.4578829999999954
20
-39.8305369999999996
11
98.3274849999999958
21
-39.7434079999999952
0
LINE
8
BLACK
6
CONTINUOUS
10
98.3274849999999958
20
-39.7434079999999952
11
98.2165919999999915
21
-39.6325149999999979
0
LINE
8
BLACK
6
CONTINUOUS
10
98.2165919999999915
20
-39.6325149999999979
11
98.1294630000000012
21
-39.5021169999999984
0
LINE
8
BLACK
6
CONTINUOUS
10
98.1294630000000012
20
-39.5021169999999984
11
98.0694479999999942
21
-39.3572279999999992
0
LINE
8
BLACK
6
CONTINUOUS
10
98.0694479999999942
20
-39.3572279999999992
11
98.0388519999999914
21
-39.2034139999999951
0
LINE
8
BLACK
6
CONTINUOUS
10
98.0388519999999914
20
-39.2034139999999951
11
98.0388519999999914
21
-39.0465859999999978
0
LINE
8
BLACK
6
CONTINUOUS
10
98.0388519999999914
20
-39.0465859999999978
11
98.0694479999999942
21
-38.8927720000000008
0
LINE
8
BLACK
6
CONTINUOUS
10
98.0694479999999942
20
-38.8927720000000008
11
98.1294630000000012
21
-38.7478830000000016
0
LINE
8
BLACK
6
CONTINUOUS
10
98.1294630000000012
20
-38.7478830000000016
11
98.2165919999999915
21
-38.617484999999995
0
LINE
8
BLACK
6
CONTINUOUS
10
98.2165919999999915
20
-38.617484999999995
11
98.3274849999999958
21
-38.5065919999999977
0
LINE
8
BLACK
6
CONTINUOUS
10
98.3274849999999958
20
-38.5065919999999977
11
98.4578829999999954
21
-38.4194630000000004
0
LINE
8
BLACK
6
CONTINUOUS
10
98.4578829999999954
20
-38.4194630000000004
11
98.6027720000000016
21
-38.3594480000000004
0
LINE
8
BLACK
6
CONTINUOUS
10
98.6027720000000016
20
-38.3594480000000004
11
98.7565859999999986
21
-38.3288519999999977
0
LINE
8
BLACK
6
CONTINUOUS
10
98.7565859999999986
20
-38.3288519999999977
11
98.8349999999999937
21
-38.3249999999999957
0
LINE
8
BLACK
6
CONTINUOUS
10
98.8349999999999937
20
-38.3249999999999957
11
99.6349999999999909
21
-38.3249999999999957
0
LINE
8
BLACK
6
CONTINUOUS
10
99.6349999999999909
20
-38.3249999999999957
11
99.7134140000000002
21
-38.3288519999999977
0
LINE
8
BLACK
6
CONTINUOUS
10
99.7134140000000002
20
-38.3288519999999977
11
99.8672279999999972
21
-38.3594480000000004
0
LINE
8
BLACK
6
CONTINUOUS
10
99.8672279999999972
20
-38.3594480000000004
11
100.0121169999999893
21
-38.4194630000000004
0
LINE
8
BLACK
6
CONTINUOUS
10
100.0121169999999893
20
-38.4194630000000004
11
100.1425149999999888
21
-38.5065919999999977
0
LINE
8
BLACK
6
CONTINUOUS
10
100.1425149999999888
20
-38.5065919999999977
11
100.2534079999999932
21
-38.617484999999995
0
LINE
8
BLACK
6
CONTINUOUS
10
100.2534079999999932
20
-38.617484999999995
11
100.2584289999999925
21
-38.625
0
LINE
8
BLACK
6
CONTINUOUS
10
100.2584289999999925
20
-38.625
11
107.8777939999999944
21
-38.625
0
LINE
8
BLACK
6
CONTINUOUS
10
107.8777939999999944
20
-38.625
11
116.131346999999991
21
-30.3714469999999999
0
LINE
8
BLACK
6
CONTINUOUS
10
116.131346999999991
20
-30.3714469999999999
11
116.1805030000000016
21
-30.3283379999999987
0
LINE
8
BLACK
6
CONTINUOUS
10
116.1805030000000016
20
-30.3283379999999987
11
116.1805189999999897
21
-30.3283229999999975
0
LINE
8
BLACK
6
CONTINUOUS
10
116.1805189999999897
20
-30.3283229999999975
11
116.2935579999999902
21
-30.2630599999999994
0
LINE
8
BLACK
6
CONTINUOUS
10
116.2935579999999902
20
-30.2630599999999994
11
116.4196369999999945
21
-30.2292769999999997
0
LINE
8
BLACK
6
CONTINUOUS
10
116.4196369999999945
20
-30.2292769999999997
11
116.4196519999999992
21
-30.2292769999999997
0
LINE
8
BLACK
6
CONTINUOUS
10
116.4196519999999992
20
-30.2292769999999997
11
116.4848999999999961
21
-30.2249999999999979
0
LINE
8
BLACK
6
CONTINUOUS
10
116.4848999999999961
20
-30.2249999999999979
11
121.8599999999999994
21
-30.2249999999999979
0
LINE
8
BLACK
6
CONTINUOUS
10
121.8599999999999994
20
-30.2249999999999979
11
121.8599999999999994
21
-29.875
0
LINE
8
BLACK
6
CONTINUOUS
10
121.8599999999999994
20
-29.875
11
123.5599999999999881
21
-29.875
0
LINE
8
BLACK
6
CONTINUOUS
10
123.5599999999999881
20
-29.875
11
123.5599999999999881
21
-30.2249999999999979
0
LINE
8
BLACK
6
CONTINUOUS
10
65.9988529999999969
20
-36.8862099999999984
11
66.0135489999999976
21
-36.8862099999999984
0
LINE
8
BLACK
6
CONTINUOUS
10
66.0135489999999976
20
-36.8862099999999984
11
66.027269000000004
21
-36.8918929999999961
0
LINE
8
BLACK
6
CONTINUOUS
10
66.027269000000004
20
-36.8918929999999961
11
66.0418319999999994
21
-36.8948059999999955
0
LINE
8
BLACK
6
CONTINUOUS
10
66.0418319999999994
20
-36.8948059999999955
11
66.054042999999993
21
-36.902982999999999
0
LINE
8
BLACK
6
CONTINUOUS
10
66.054042999999993
20
-36.902982999999999
11
66.0676210000000026
21
-36.908608000000001
0
LINE
8
BLACK
6
CONTINUOUS
10
66.0676210000000026
20
-36.908608000000001
11
66.0781219999999934
21
-36.9191089999999988
0
LINE
8
BLACK
6
CONTINUOUS
10
66.0781219999999934
20
-36.9191089999999988
11
66.0904620000000023
21
-36.9273729999999958
0
LINE
8
BLACK
6
CONTINUOUS
10
66.0904620000000023
20
-36.9273729999999958
11
66.1088979999999964
21
-36.9498850000000019
0
LINE
8
BLACK
6
CONTINUOUS
10
66.1088979999999964
20
-36.9498850000000019
11
66.1090049999999962
21
-36.9499920000000017
0
LINE
8
BLACK
6
CONTINUOUS
10
66.1090049999999962
20
-36.9499920000000017
11
66.1090239999999909
21
-36.9500389999999967
0
LINE
8
BLACK
6
CONTINUOUS
10
66.1090239999999909
20
-36.9500389999999967
11
66.1090930000000014
21
-36.9501229999999978
0
LINE
8
BLACK
6
CONTINUOUS
10
66.1090930000000014
20
-36.9501229999999978
11
66.2437120000000021
21
-37.1520519999999976
0
LINE
8
BLACK
6
CONTINUOUS
10
66.2437120000000021
20
-37.1520519999999976
11
66.3588529999999963
21
-37.2671929999999989
0
LINE
8
BLACK
6
CONTINUOUS
10
66.3588529999999963
20
-37.2671929999999989
11
66.47993799999999
21
-37.3277360000000016
0
LINE
8
BLACK
6
CONTINUOUS
10
66.47993799999999
20
-37.3277360000000016
11
66.5048239999999993
21
-37.3434010000000001
0
LINE
8
BLACK
6
CONTINUOUS
10
66.5048239999999993
20
-37.3434010000000001
11
66.5431700000000035
21
-37.3876160000000013
0
LINE
8
BLACK
6
CONTINUOUS
10
66.5431700000000035
20
-37.3876160000000013
11
66.5616780000000006
21
-37.4431389999999951
0
LINE
8
BLACK
6
CONTINUOUS
10
66.5616780000000006
20
-37.4431389999999951
11
66.5575290000000024
21
-37.5015190000000018
0
LINE
8
BLACK
6
CONTINUOUS
10
66.5575290000000024
20
-37.5015190000000018
11
66.5313549999999907
21
-37.5538680000000014
0
LINE
8
BLACK
6
CONTINUOUS
10
66.5313549999999907
20
-37.5538680000000014
11
66.4871389999999991
21
-37.5922149999999959
0
LINE
8
BLACK
6
CONTINUOUS
10
66.4871389999999991
20
-37.5922149999999959
11
66.4316170000000028
21
-37.6107219999999955
0
LINE
8
BLACK
6
CONTINUOUS
10
66.4316170000000028
20
-37.6107219999999955
11
66.3732370000000031
21
-37.6065729999999974
0
LINE
8
BLACK
6
CONTINUOUS
10
66.3732370000000031
20
-37.6065729999999974
11
66.3457729999999941
21
-37.5960639999999984
0
LINE
8
BLACK
6
CONTINUOUS
10
66.3457729999999941
20
-37.5960639999999984
11
66.2029169999999993
21
-37.5246349999999964
0
LINE
8
BLACK
6
CONTINUOUS
10
66.2029169999999993
20
-37.5246349999999964
11
66.1903250000000014
21
-37.5167080000000013
0
LINE
8
BLACK
6
CONTINUOUS
10
66.1903250000000014
20
-37.5167080000000013
11
66.1866629999999958
21
-37.515191999999999
0
LINE
8
BLACK
6
CONTINUOUS
10
66.1866629999999958
20
-37.515191999999999
11
66.182540000000003
21
-37.5118079999999949
0
LINE
8
BLACK
6
CONTINUOUS
10
66.182540000000003
20
-37.5118079999999949
11
66.1780309999999901
21
-37.5089699999999979
0
LINE
8
BLACK
6
CONTINUOUS
10
66.1780309999999901
20
-37.5089699999999979
11
66.1754349999999931
21
-37.5059770000000015
0
LINE
8
BLACK
6
CONTINUOUS
10
66.1754349999999931
20
-37.5059770000000015
11
66.1639330000000001
21
-37.4965369999999965
0
LINE
8
BLACK
6
CONTINUOUS
10
66.1639330000000001
20
-37.4965369999999965
11
66.1342849999999913
21
-37.4668889999999948
0
LINE
8
BLACK
6
CONTINUOUS
10
66.1342849999999913
20
-37.4668889999999948
11
66.1342849999999913
21
-38.3833279999999988
0
LINE
8
BLACK
6
CONTINUOUS
10
66.1342849999999913
20
-38.3833279999999988
11
66.4128559999999908
21
-38.3833279999999988
0
LINE
8
BLACK
6
CONTINUOUS
10
66.4128559999999908
20
-38.3833279999999988
11
66.4421200000000027
21
-38.3862099999999984
0
LINE
8
BLACK
6
CONTINUOUS
10
66.4421200000000027
20
-38.3862099999999984
11
66.4961919999999935
21
-38.408608000000001
0
LINE
8
BLACK
6
CONTINUOUS
10
66.4961919999999935
20
-38.408608000000001
11
66.5375760000000014
21
-38.4499920000000017
0
LINE
8
BLACK
6
CONTINUOUS
10
66.5375760000000014
20
-38.4499920000000017
11
66.5599739999999969
21
-38.5040639999999996
0
LINE
8
BLACK
6
CONTINUOUS
10
66.5599739999999969
20
-38.5040639999999996
11
66.5599739999999969
21
-38.5625919999999951
0
LINE
8
BLACK
6
CONTINUOUS
10
66.5599739999999969
20
-38.5625919999999951
11
66.5375760000000014
21
-38.6166640000000001
0
LINE
8
BLACK
6
CONTINUOUS
10
66.5375760000000014
20
-38.6166640000000001
11
66.4961919999999935
21
-38.6580480000000009
0
LINE
8
BLACK
6
CONTINUOUS
10
66.4961919999999935
20
-38.6580480000000009
11
66.4421200000000027
21
-38.6804459999999963
0
LINE
8
BLACK
6
CONTINUOUS
10
66.4421200000000027
20
-38.6804459999999963
11
66.4128559999999908
21
-38.6833279999999959
0
LINE
8
BLACK
6
CONTINUOUS
10
66.4128559999999908
20
-38.6833279999999959
11
65.5557129999999972
21
-38.6833279999999959
0
LINE
8
BLACK
6
CONTINUOUS
10
65.5557129999999972
20
-38.6833279999999959
11
65.5264489999999995
21
-38.6804459999999963
0
LINE
8
BLACK
6
CONTINUOUS
10
65.5264489999999995
20
-38.6804459999999963
11
65.4723769999999945
21
-38.6580480000000009
0
LINE
8
BLACK
6
CONTINUOUS
10
65.4723769999999945
20
-38.6580480000000009
11
65.4309930000000008
21
-38.6166640000000001
0
LINE
8
BLACK
6
CONTINUOUS
10
65.4309930000000008
20
-38.6166640000000001
11
65.4085949999999912
21
-38.5625919999999951
0
LINE
8
BLACK
6
CONTINUOUS
10
65.4085949999999912
20
-38.5625919999999951
11
65.4085949999999912
21
-38.5040639999999996
0
LINE
8
BLACK
6
CONTINUOUS
10
65.4085949999999912
20
-38.5040639999999996
11
65.4309930000000008
21
-38.4499920000000017
0
LINE
8
BLACK
6
CONTINUOUS
10
65.4309930000000008
20
-38.4499920000000017
11
65.4723769999999945
21
-38.408608000000001
0
LINE
8
BLACK
6
CONTINUOUS
10
65.4723769999999945
20
-38.408608000000001
11
65.5264489999999995
21
-38.3862099999999984
0
LINE
8
BLACK
6
CONTINUOUS
10
65.5264489999999995
20
-38.3862099999999984
11
65.5557129999999972
21
-38.3833279999999988
0
LINE
8
BLACK
6
CONTINUOUS
10
65.5557129999999972
20
-38.3833279999999988
11
65.8342849999999942
21
-38.3833279999999988
0
LINE
8
BLACK
6
CONTINUOUS
10
65.8342849999999942
20
-38.3833279999999988
11
65.8342849999999942
21
-37.0333279999999974
0
LINE
8
BLACK
6
CONTINUOUS
10
65.8342849999999942
20
-37.0333279999999974
11
65.8342949999999973
21
-37.033221999999995
0
LINE
8
BLACK
6
CONTINUOUS
10
65.8342949999999973
20
-37.033221999999995
11
65.8342849999999942
21
-37.0331699999999984
0
LINE
8
BLACK
6
CONTINUOUS
10
65.8342849999999942
20
-37.0331699999999984
11
65.8343150000000037
21
-37.0330159999999964
0
LINE
8
BLACK
6
CONTINUOUS
10
65.8343150000000037
20
-37.0330159999999964
11
65.8371669999999938
21
-37.0040639999999996
0
LINE
8
BLACK
6
CONTINUOUS
10
65.8371669999999938
20
-37.0040639999999996
11
65.8428499999999985
21
-36.9903429999999958
0
LINE
8
BLACK
6
CONTINUOUS
10
65.8428499999999985
20
-36.9903429999999958
11
65.8457629999999909
21
-36.9757809999999978
0
LINE
8
BLACK
6
CONTINUOUS
10
65.8457629999999909
20
-36.9757809999999978
11
65.8539399999999944
21
-36.9635689999999997
0
LINE
8
BLACK
6
CONTINUOUS
10
65.8539399999999944
20
-36.9635689999999997
11
65.8595650000000035
21
-36.9499920000000017
0
LINE
8
BLACK
6
CONTINUOUS
10
65.8595650000000035
20
-36.9499920000000017
11
65.8700659999999942
21
-36.9394899999999993
0
LINE
8
BLACK
6
CONTINUOUS
10
65.8700659999999942
20
-36.9394899999999993
11
65.8783299999999912
21
-36.927150999999995
0
LINE
8
BLACK
6
CONTINUOUS
10
65.8783299999999912
20
-36.927150999999995
11
65.8905570000000012
21
-36.9189989999999995
0
LINE
8
BLACK
6
CONTINUOUS
10
65.8905570000000012
20
-36.9189989999999995
11
65.9009489999999971
21
-36.908608000000001
0
LINE
8
BLACK
6
CONTINUOUS
10
65.9009489999999971
20
-36.908608000000001
11
65.914670000000001
21
-36.9029239999999987
0
LINE
8
BLACK
6
CONTINUOUS
10
65.914670000000001
20
-36.9029239999999987
11
65.9270279999999929
21
-36.8946860000000001
0
LINE
8
BLACK
6
CONTINUOUS
10
65.9270279999999929
20
-36.8946860000000001
11
65.941441999999995
21
-36.8918339999999958
0
LINE
8
BLACK
6
CONTINUOUS
10
65.941441999999995
20
-36.8918339999999958
11
65.9550210000000021
21
-36.8862099999999984
0
LINE
8
BLACK
6
CONTINUOUS
10
65.9550210000000021
20
-36.8862099999999984
11
65.9698739999999901
21
-36.8862099999999984
0
LINE
8
BLACK
6
CONTINUOUS
10
65.9698739999999901
20
-36.8862099999999984
11
65.9844429999999988
21
-36.8833279999999988
0
LINE
8
BLACK
6
CONTINUOUS
10
65.9844429999999988
20
-36.8833279999999988
11
65.9988529999999969
21
-36.8862099999999984
0
LINE
8
BLACK
6
CONTINUOUS
10
67.1390499999999975
20
-36.908608000000001
11
67.1804339999999911
21
-36.9499920000000017
0
LINE
8
BLACK
6
CONTINUOUS
10
67.1804339999999911
20
-36.9499920000000017
11
67.2028320000000008
21
-37.0040639999999996
0
LINE
8
BLACK
6
CONTINUOUS
10
67.2028320000000008
20
-37.0040639999999996
11
67.2057140000000004
21
-37.0333279999999974
0
LINE
8
BLACK
6
CONTINUOUS
10
67.2057140000000004
20
-37.0333279999999974
11
67.2057140000000004
21
-38.2122039999999998
0
LINE
8
BLACK
6
CONTINUOUS
10
67.2057140000000004
20
-38.2122039999999998
11
67.2504189999999937
21
-38.3016159999999957
0
LINE
8
BLACK
6
CONTINUOUS
10
67.2504189999999937
20
-38.3016159999999957
11
67.2874240000000015
21
-38.3386209999999963
0
LINE
8
BLACK
6
CONTINUOUS
10
67.2874240000000015
20
-38.3386209999999963
11
67.3768379999999922
21
-38.3833279999999988
0
LINE
8
BLACK
6
CONTINUOUS
10
67.3768379999999922
20
-38.3833279999999988
11
67.5917329999999907
21
-38.3833279999999988
0
LINE
8
BLACK
6
CONTINUOUS
10
67.5917329999999907
20
-38.3833279999999988
11
67.6811459999999983
21
-38.3386209999999963
0
LINE
8
BLACK
6
CONTINUOUS
10
67.6811459999999983
20
-38.3386209999999963
11
67.7181489999999968
21
-38.3016170000000002
0
LINE
8
BLACK
6
CONTINUOUS
10
67.7181489999999968
20
-38.3016170000000002
11
67.7628569999999968
21
-38.2122029999999953
0
LINE
8
BLACK
6
CONTINUOUS
10
67.7628569999999968
20
-38.2122029999999953
11
67.7628569999999968
21
-37.0333279999999974
0
LINE
8
BLACK
6
CONTINUOUS
10
67.7628569999999968
20
-37.0333279999999974
11
67.7657389999999964
21
-37.0040639999999996
0
LINE
8
BLACK
6
CONTINUOUS
10
67.7657389999999964
20
-37.0040639999999996
11
67.7881369999999919
21
-36.9499920000000017
0
LINE
8
BLACK
6
CONTINUOUS
10
67.7881369999999919
20
-36.9499920000000017
11
67.8295209999999997
21
-36.908608000000001
0
LINE
8
BLACK
6
CONTINUOUS
10
67.8295209999999997
20
-36.908608000000001
11
67.8835929999999905
21
-36.8862099999999984
0
LINE
8
BLACK
6
CONTINUOUS
10
67.8835929999999905
20
-36.8862099999999984
11
67.9421210000000002
21
-36.8862099999999984
0
LINE
8
BLACK
6
CONTINUOUS
10
67.9421210000000002
20
-36.8862099999999984
11
67.996192999999991
21
-36.908608000000001
0
LINE
8
BLACK
6
CONTINUOUS
10
67.996192999999991
20
-36.908608000000001
11
68.0375769999999989
21
-36.9499920000000017
0
LINE
8
BLACK
6
CONTINUOUS
10
68.0375769999999989
20
-36.9499920000000017
11
68.0599749999999943
21
-37.0040639999999996
0
LINE
8
BLACK
6
CONTINUOUS
10
68.0599749999999943
20
-37.0040639999999996
11
68.0628569999999939
21
-37.0333279999999974
0
LINE
8
BLACK
6
CONTINUOUS
10
68.0628569999999939
20
-37.0333279999999974
11
68.0628569999999939
21
-38.2476139999999987
0
LINE
8
BLACK
6
CONTINUOUS
10
68.0628569999999939
20
-38.2476139999999987
11
68.0599749999999943
21
-38.2768779999999964
0
LINE
8
BLACK
6
CONTINUOUS
10
68.0599749999999943
20
-38.2768779999999964
11
68.0579109999999901
21
-38.2818579999999997
0
LINE
8
BLACK
6
CONTINUOUS
10
68.0579109999999901
20
-38.2818579999999997
11
68.0575299999999999
21
-38.2872330000000005
0
LINE
8
BLACK
6
CONTINUOUS
10
68.0575299999999999
20
-38.2872330000000005
11
68.0470210000000009
21
-38.3146969999999953
0
LINE
8
BLACK
6
CONTINUOUS
10
68.0470210000000009
20
-38.3146969999999953
11
67.9755919999999918
21
-38.4575529999999972
0
LINE
8
BLACK
6
CONTINUOUS
10
67.9755919999999918
20
-38.4575529999999972
11
67.9676639999999992
21
-38.4701459999999997
0
LINE
8
BLACK
6
CONTINUOUS
10
67.9676639999999992
20
-38.4701459999999997
11
67.9661490000000015
21
-38.4738059999999962
0
LINE
8
BLACK
6
CONTINUOUS
10
67.9661490000000015
20
-38.4738059999999962
11
67.9627669999999995
21
-38.4779259999999965
0
LINE
8
BLACK
6
CONTINUOUS
10
67.9627669999999995
20
-38.4779259999999965
11
67.9599269999999933
21
-38.4824389999999994
0
LINE
8
BLACK
6
CONTINUOUS
10
67.9599269999999933
20
-38.4824389999999994
11
67.9569329999999923
21
-38.4850349999999963
0
LINE
8
BLACK
6
CONTINUOUS
10
67.9569329999999923
20
-38.4850349999999963
11
67.9474950000000035
21
-38.496535999999999
0
LINE
8
BLACK
6
CONTINUOUS
10
67.9474950000000035
20
-38.496535999999999
11
67.8760669999999919
21
-38.5679650000000009
0
LINE
8
BLACK
6
CONTINUOUS
10
67.8760669999999919
20
-38.5679650000000009
11
67.8645609999999948
21
-38.5774070000000009
0
LINE
8
BLACK
6
CONTINUOUS
10
67.8645609999999948
20
-38.5774070000000009
11
67.8619669999999928
21
-38.5803989999999999
0
LINE
8
BLACK
6
CONTINUOUS
10
67.8619669999999928
20
-38.5803989999999999
11
67.8574559999999991
21
-38.5832380000000015
0
LINE
8
BLACK
6
CONTINUOUS
10
67.8574559999999991
20
-38.5832380000000015
11
67.8533359999999988
21
-38.5866199999999964
0
LINE
8
BLACK
6
CONTINUOUS
10
67.8533359999999988
20
-38.5866199999999964
11
67.8496760000000023
21
-38.5881350000000012
0
LINE
8
BLACK
6
CONTINUOUS
10
67.8496760000000023
20
-38.5881350000000012
11
67.8370819999999952
21
-38.5960639999999984
0
LINE
8
BLACK
6
CONTINUOUS
10
67.8370819999999952
20
-38.5960639999999984
11
67.6942229999999938
21
-38.6674919999999958
0
LINE
8
BLACK
6
CONTINUOUS
10
67.6942229999999938
20
-38.6674919999999958
11
67.6667599999999965
21
-38.6780019999999993
0
LINE
8
BLACK
6
CONTINUOUS
10
67.6667599999999965
20
-38.6780019999999993
11
67.6613839999999982
21
-38.6783829999999966
0
LINE
8
BLACK
6
CONTINUOUS
10
67.6613839999999982
20
-38.6783829999999966
11
67.656406000000004
21
-38.6804459999999963
0
LINE
8
BLACK
6
CONTINUOUS
10
67.656406000000004
20
-38.6804459999999963
11
67.6271419999999921
21
-38.6833279999999959
0
LINE
8
BLACK
6
CONTINUOUS
10
67.6271419999999921
20
-38.6833279999999959
11
67.3414279999999934
21
-38.6833279999999959
0
LINE
8
BLACK
6
CONTINUOUS
10
67.3414279999999934
20
-38.6833279999999959
11
67.3121639999999957
21
-38.6804459999999963
0
LINE
8
BLACK
6
CONTINUOUS
10
67.3121639999999957
20
-38.6804459999999963
11
67.307185000000004
21
-38.6783829999999966
0
LINE
8
BLACK
6
CONTINUOUS
10
67.307185000000004
20
-38.6783829999999966
11
67.3018100000000032
21
-38.6780019999999993
0
LINE
8
BLACK
6
CONTINUOUS
10
67.3018100000000032
20
-38.6780019999999993
11
67.2743469999999917
21
-38.6674919999999958
0
LINE
8
BLACK
6
CONTINUOUS
10
67.2743469999999917
20
-38.6674919999999958
11
67.131489000000002
21
-38.5960639999999984
0
LINE
8
BLACK
6
CONTINUOUS
10
67.131489000000002
20
-38.5960639999999984
11
67.118897000000004
21
-38.5881369999999961
0
LINE
8
BLACK
6
CONTINUOUS
10
67.118897000000004
20
-38.5881369999999961
11
67.1152359999999959
21
-38.5866210000000009
0
LINE
8
BLACK
6
CONTINUOUS
10
67.1152359999999959
20
-38.5866210000000009
11
67.1111130000000031
21
-38.5832369999999969
0
LINE
8
BLACK
6
CONTINUOUS
10
67.1111130000000031
20
-38.5832369999999969
11
67.1066039999999902
21
-38.5803989999999999
0
LINE
8
BLACK
6
CONTINUOUS
10
67.1066039999999902
20
-38.5803989999999999
11
67.1040089999999907
21
-38.5774070000000009
0
LINE
8
BLACK
6
CONTINUOUS
10
67.1040089999999907
20
-38.5774070000000009
11
67.0925050000000027
21
-38.5679659999999984
0
LINE
8
BLACK
6
CONTINUOUS
10
67.0925050000000027
20
-38.5679659999999984
11
67.0210759999999937
21
-38.4965369999999965
0
LINE
8
BLACK
6
CONTINUOUS
10
67.0210759999999937
20
-38.4965369999999965
11
67.0116359999999958
21
-38.4850349999999963
0
LINE
8
BLACK
6
CONTINUOUS
10
67.0116359999999958
20
-38.4850349999999963
11
67.0086429999999922
21
-38.4824389999999994
0
LINE
8
BLACK
6
CONTINUOUS
10
67.0086429999999922
20
-38.4824389999999994
11
67.0058020000000027
21
-38.477924999999999
0
LINE
8
BLACK
6
CONTINUOUS
10
67.0058020000000027
20
-38.477924999999999
11
67.0024209999999982
21
-38.4738059999999962
0
LINE
8
BLACK
6
CONTINUOUS
10
67.0024209999999982
20
-38.4738059999999962
11
67.000905000000003
21
-38.4701459999999997
0
LINE
8
BLACK
6
CONTINUOUS
10
67.000905000000003
20
-38.4701459999999997
11
66.9929779999999937
21
-38.4575529999999972
0
LINE
8
BLACK
6
CONTINUOUS
10
66.9929779999999937
20
-38.4575529999999972
11
66.9215499999999963
21
-38.3146959999999979
0
LINE
8
BLACK
6
CONTINUOUS
10
66.9215499999999963
20
-38.3146959999999979
11
66.9110399999999998
21
-38.2872319999999959
0
LINE
8
BLACK
6
CONTINUOUS
10
66.9110399999999998
20
-38.2872319999999959
11
66.910657999999998
21
-38.2818559999999977
0
LINE
8
BLACK
6
CONTINUOUS
10
66.910657999999998
20
-38.2818559999999977
11
66.9085960000000028
21
-38.2768779999999964
0
LINE
8
BLACK
6
CONTINUOUS
10
66.9085960000000028
20
-38.2768779999999964
11
66.9057140000000032
21
-38.2476139999999987
0
LINE
8
BLACK
6
CONTINUOUS
10
66.9057140000000032
20
-38.2476139999999987
11
66.9057140000000032
21
-37.0333279999999974
0
LINE
8
BLACK
6
CONTINUOUS
10
66.9057140000000032
20
-37.0333279999999974
11
66.9085960000000028
21
-37.0040639999999996
0
LINE
8
BLACK
6
CONTINUOUS
10
66.9085960000000028
20
-37.0040639999999996
11
66.9309939999999983
21
-36.9499920000000017
0
LINE
8
BLACK
6
CONTINUOUS
10
66.9309939999999983
20
-36.9499920000000017
11
66.972377999999992
21
-36.908608000000001
0
LINE
8
BLACK
6
CONTINUOUS
10
66.972377999999992
20
-36.908608000000001
11
67.026449999999997
21
-36.8862099999999984
0
LINE
8
BLACK
6
CONTINUOUS
10
67.026449999999997
20
-36.8862099999999984
11
67.0849779999999924
21
-36.8862099999999984
0
LINE
8
BLACK
6
CONTINUOUS
10
67.0849779999999924
20
-36.8862099999999984
11
67.1390499999999975
21
-36.908608000000001
0
LINE
8
BLACK
6
CONTINUOUS
10
69.1163389999999964
20
-33.2545849999999987
11
69.1620939999999962
21
-33.3073890000000006
0
LINE
8
BLACK
6
CONTINUOUS
10
69.1620939999999962
20
-33.3073890000000006
11
69.1732999999999976
21
-33.3588999999999984
0
LINE
8
BLACK
6
CONTINUOUS
10
69.1732999999999976
20
-33.3588999999999984
11
69.1732999999999976
21
-36.6178510000000017
0
LINE
8
BLACK
6
CONTINUOUS
10
69.1732999999999976
20
-36.6178510000000017
11
69.2053219999999953
21
-36.8200310000000002
0
LINE
8
BLACK
6
CONTINUOUS
10
69.2053219999999953
20
-36.8200310000000002
11
69.2053219999999953
21
-36.8200319999999977
0
LINE
8
BLACK
6
CONTINUOUS
10
69.2053219999999953
20
-36.8200319999999977
11
69.2053229999999928
21
-36.8200349999999972
0
LINE
8
BLACK
6
CONTINUOUS
10
69.2053229999999928
20
-36.8200349999999972
11
69.2279049999999927
21
-36.8895339999999976
0
LINE
8
BLACK
6
CONTINUOUS
10
69.2279049999999927
20
-36.8895339999999976
11
69.26858
21
-37.0147189999999995
0
LINE
8
BLACK
6
CONTINUOUS
10
69.26858
20
-37.0147189999999995
11
69.303054000000003
21
-37.082377000000001
0
LINE
8
BLACK
6
CONTINUOUS
10
69.303054000000003
20
-37.082377000000001
11
69.3615130000000022
21
-37.1971109999999996
0
LINE
8
BLACK
6
CONTINUOUS
10
69.3615130000000022
20
-37.1971109999999996
11
69.4120070000000027
21
-37.26661
0
LINE
8
BLACK
6
CONTINUOUS
10
69.4120070000000027
20
-37.26661
11
69.4818339999999921
21
-37.3627189999999985
0
LINE
8
BLACK
6
CONTINUOUS
10
69.4818339999999921
20
-37.3627189999999985
11
69.6960789999999974
21
-37.5769639999999967
0
LINE
8
BLACK
6
CONTINUOUS
10
69.6960789999999974
20
-37.5769639999999967
11
69.6960849999999965
21
-37.5769689999999983
0
LINE
8
BLACK
6
CONTINUOUS
10
69.6960849999999965
20
-37.5769689999999983
11
69.7623459999999938
21
-37.6251109999999969
0
LINE
8
BLACK
6
CONTINUOUS
10
69.7623459999999938
20
-37.6251109999999969
11
69.7623569999999944
21
-37.6251180000000005
0
LINE
8
BLACK
6
CONTINUOUS
10
69.7623569999999944
20
-37.6251180000000005
11
69.7660309999999981
21
-37.6277869999999979
0
LINE
8
BLACK
6
CONTINUOUS
10
69.7660309999999981
20
-37.6277869999999979
11
69.8616889999999984
21
-37.6972869999999958
0
LINE
8
BLACK
6
CONTINUOUS
10
69.8616889999999984
20
-37.6972869999999958
11
69.9528849999999949
21
-37.7437529999999981
0
LINE
8
BLACK
6
CONTINUOUS
10
69.9528849999999949
20
-37.7437529999999981
11
69.9575209999999998
21
-37.7461149999999961
0
LINE
8
BLACK
6
CONTINUOUS
10
69.9575209999999998
20
-37.7461149999999961
11
69.9619289999999978
21
-37.7488479999999953
0
LINE
8
BLACK
6
CONTINUOUS
10
69.9619289999999978
20
-37.7488479999999953
11
69.9781459999999953
21
-37.7669609999999949
0
LINE
8
BLACK
6
CONTINUOUS
10
69.9781459999999953
20
-37.7669609999999949
11
70.0051509999999979
21
-37.7924459999999982
0
LINE
8
BLACK
6
CONTINUOUS
10
70.0051509999999979
20
-37.7924459999999982
11
70.0067559999999958
21
-37.7989169999999959
0
LINE
8
BLACK
6
CONTINUOUS
10
70.0067559999999958
20
-37.7989169999999959
11
70.0085339999999974
21
-37.8009029999999981
0
LINE
8
BLACK
6
CONTINUOUS
10
70.0085339999999974
20
-37.8009029999999981
11
70.0108839999999901
21
-37.8155599999999978
0
LINE
8
BLACK
6
CONTINUOUS
10
70.0108839999999901
20
-37.8155599999999978
11
70.0192490000000021
21
-37.8492800000000003
0
LINE
8
BLACK
6
CONTINUOUS
10
70.0192490000000021
20
-37.8492800000000003
11
70.0205899999999986
21
-37.8542369999999977
0
LINE
8
BLACK
6
CONTINUOUS
10
70.0205899999999986
20
-37.8542369999999977
11
70.0205899999999986
21
-37.8542379999999952
0
LINE
8
BLACK
6
CONTINUOUS
10
70.0205899999999986
20
-37.8542379999999952
11
70.0204789999999946
21
-37.8542379999999952
0
LINE
8
BLACK
6
CONTINUOUS
10
70.0204789999999946
20
-37.8542379999999952
11
70.0219730000000027
21
-37.8602610000000013
0
LINE
8
BLACK
6
CONTINUOUS
10
70.0219730000000027
20
-37.8602610000000013
11
70.0193079999999952
21
-37.8680880000000002
0
LINE
8
BLACK
6
CONTINUOUS
10
70.0193079999999952
20
-37.8680880000000002
11
70.019598000000002
21
-37.8698909999999955
0
LINE
8
BLACK
6
CONTINUOUS
10
70.019598000000002
20
-37.8698909999999955
11
70.0155249999999967
21
-37.8792040000000014
0
LINE
8
BLACK
6
CONTINUOUS
10
70.0155249999999967
20
-37.8792040000000014
11
69.9994619999999941
21
-37.9264049999999955
0
LINE
8
BLACK
6
CONTINUOUS
10
69.9994619999999941
20
-37.9264049999999955
11
69.9920970000000011
21
-37.9327879999999951
0
LINE
8
BLACK
6
CONTINUOUS
10
69.9920970000000011
20
-37.9327879999999951
11
69.9916079999999994
21
-37.9339089999999999
0
LINE
8
BLACK
6
CONTINUOUS
10
69.9916079999999994
20
-37.9339089999999999
11
69.9881460000000004
21
-37.9362129999999951
0
LINE
8
BLACK
6
CONTINUOUS
10
69.9881460000000004
20
-37.9362129999999951
11
69.9543809999999979
21
-37.965482999999999
0
LINE
8
BLACK
6
CONTINUOUS
10
69.9543809999999979
20
-37.965482999999999
11
69.8616880000000009
21
-38.012712999999998
0
LINE
8
BLACK
6
CONTINUOUS
10
69.8616880000000009
20
-38.012712999999998
11
69.696085999999994
21
-38.1330279999999959
0
LINE
8
BLACK
6
CONTINUOUS
10
69.696085999999994
20
-38.1330279999999959
11
69.551327999999998
21
-38.277785999999999
0
LINE
8
BLACK
6
CONTINUOUS
10
69.551327999999998
20
-38.277785999999999
11
69.4310150000000021
21
-38.4433859999999967
0
LINE
8
BLACK
6
CONTINUOUS
10
69.4310150000000021
20
-38.4433859999999967
11
69.3380810000000025
21
-38.6257759999999948
0
LINE
8
BLACK
6
CONTINUOUS
10
69.3380810000000025
20
-38.6257759999999948
11
69.2748220000000003
21
-38.8204649999999987
0
LINE
8
BLACK
6
CONTINUOUS
10
69.2748220000000003
20
-38.8204649999999987
11
69.2428000000000026
21
-39.0226479999999967
0
LINE
8
BLACK
6
CONTINUOUS
10
69.2428000000000026
20
-39.0226479999999967
11
69.2428000000000026
21
-48.5356509999999943
0
LINE
8
BLACK
6
CONTINUOUS
10
69.2428000000000026
20
-48.5356509999999943
11
69.2748220000000003
21
-48.7378309999999999
0
LINE
8
BLACK
6
CONTINUOUS
10
69.2748220000000003
20
-48.7378309999999999
11
69.2748220000000003
21
-48.7378319999999974
0
LINE
8
BLACK
6
CONTINUOUS
10
69.2748220000000003
20
-48.7378319999999974
11
69.2934089999999969
21
-48.7950359999999961
0
LINE
8
BLACK
6
CONTINUOUS
10
69.2934089999999969
20
-48.7950359999999961
11
69.3380779999999959
21
-48.9325159999999997
0
LINE
8
BLACK
6
CONTINUOUS
10
69.3380779999999959
20
-48.9325159999999997
11
69.3380799999999908
21
-48.9325189999999992
0
LINE
8
BLACK
6
CONTINUOUS
10
69.3380799999999908
20
-48.9325189999999992
11
69.3845460000000003
21
-49.0237139999999982
0
LINE
8
BLACK
6
CONTINUOUS
10
69.3845460000000003
20
-49.0237139999999982
11
69.431012999999993
21
-49.1149109999999993
0
LINE
8
BLACK
6
CONTINUOUS
10
69.431012999999993
20
-49.1149109999999993
11
69.5513339999999971
21
-49.2805189999999982
0
LINE
8
BLACK
6
CONTINUOUS
10
69.5513339999999971
20
-49.2805189999999982
11
69.5513359999999921
21
-49.2805210000000002
0
LINE
8
BLACK
6
CONTINUOUS
10
69.5513359999999921
20
-49.2805210000000002
11
70.2372230000000002
21
-49.9664080000000013
0
LINE
8
BLACK
6
CONTINUOUS
10
70.2372230000000002
20
-49.9664080000000013
11
70.2707079999999991
21
-50.0277309999999957
0
LINE
8
BLACK
6
CONTINUOUS
10
70.2707079999999991
20
-50.0277309999999957
11
70.2720149999999961
21
-50.0346890000000002
0
LINE
8
BLACK
6
CONTINUOUS
10
70.2720149999999961
20
-50.0346890000000002
11
70.2839089999999942
21
-50.1097830000000002
0
LINE
8
BLACK
6
CONTINUOUS
10
70.2839089999999942
20
-50.1097830000000002
11
70.2839099999999917
21
-50.1097849999999951
0
LINE
8
BLACK
6
CONTINUOUS
10
70.2839099999999917
20
-50.1097849999999951
11
70.3587899999999991
21
-50.3402419999999964
0
LINE
8
BLACK
6
CONTINUOUS
10
70.3587899999999991
20
-50.3402419999999964
11
70.3617600000000039
21
-50.3493810000000011
0
LINE
8
BLACK
6
CONTINUOUS
10
70.3617600000000039
20
-50.3493810000000011
11
70.4761319999999927
21
-50.5738479999999981
0
LINE
8
BLACK
6
CONTINUOUS
10
70.4761319999999927
20
-50.5738479999999981
11
70.6242009999999993
21
-50.7776489999999967
0
LINE
8
BLACK
6
CONTINUOUS
10
70.6242009999999993
20
-50.7776489999999967
11
70.6242050000000035
21
-50.7776539999999983
0
LINE
8
BLACK
6
CONTINUOUS
10
70.6242050000000035
20
-50.7776539999999983
11
70.8023429999999934
21
-50.9557919999999953
0
LINE
8
BLACK
6
CONTINUOUS
10
70.8023429999999934
20
-50.9557919999999953
11
70.8023499999999899
21
-50.9557979999999944
0
LINE
8
BLACK
6
CONTINUOUS
10
70.8023499999999899
20
-50.9557979999999944
11
70.9446470000000033
21
-51.0591819999999998
0
LINE
8
BLACK
6
CONTINUOUS
10
70.9446470000000033
20
-51.0591819999999998
11
71.0061549999999926
21
-51.1038700000000006
0
LINE
8
BLACK
6
CONTINUOUS
10
71.0061549999999926
20
-51.1038700000000006
11
71.1491839999999911
21
-51.1767469999999989
0
LINE
8
BLACK
6
CONTINUOUS
10
71.1491839999999911
20
-51.1767469999999989
11
71.2306159999999977
21
-51.218238999999997
0
LINE
8
BLACK
6
CONTINUOUS
10
71.2306159999999977
20
-51.218238999999997
11
71.2306179999999927
21
-51.218238999999997
0
LINE
8
BLACK
6
CONTINUOUS
10
71.2306179999999927
20
-51.218238999999997
11
71.2306209999999993
21
-51.218240999999999
0
LINE
8
BLACK
6
CONTINUOUS
10
71.2306209999999993
20
-51.218240999999999
11
71.4702149999999961
21
-51.2960899999999995
0
LINE
8
BLACK
6
CONTINUOUS
10
71.4702149999999961
20
-51.2960899999999995
11
71.7190379999999976
21
-51.3354999999999961
0
LINE
8
BLACK
6
CONTINUOUS
10
71.7190379999999976
20
-51.3354999999999961
11
71.7190389999999951
21
-51.3354999999999961
0
LINE
8
BLACK
6
CONTINUOUS
10
71.7190389999999951
20
-51.3354999999999961
11
71.9709610000000026
21
-51.3354999999999961
0
LINE
8
BLACK
6
CONTINUOUS
10
71.9709610000000026
20
-51.3354999999999961
11
71.9709620000000001
21
-51.3354999999999961
0
LINE
8
BLACK
6
CONTINUOUS
10
71.9709620000000001
20
-51.3354999999999961
11
72.2197850000000017
21
-51.2960899999999995
0
LINE
8
BLACK
6
CONTINUOUS
10
72.2197850000000017
20
-51.2960899999999995
11
72.4593789999999984
21
-51.218240999999999
0
LINE
8
BLACK
6
CONTINUOUS
10
72.4593789999999984
20
-51.218240999999999
11
72.6838449999999909
21
-51.1038700000000006
0
LINE
8
BLACK
6
CONTINUOUS
10
72.6838449999999909
20
-51.1038700000000006
11
72.8876559999999927
21
-50.9557929999999999
0
LINE
8
BLACK
6
CONTINUOUS
10
72.8876559999999927
20
-50.9557929999999999
11
73.0657929999999993
21
-50.7776560000000003
0
LINE
8
BLACK
6
CONTINUOUS
10
73.0657929999999993
20
-50.7776560000000003
11
73.21387
21
-50.5738449999999986
0
LINE
8
BLACK
6
CONTINUOUS
10
73.21387
20
-50.5738449999999986
11
73.3282409999999913
21
-50.349378999999999
0
LINE
8
BLACK
6
CONTINUOUS
10
73.3282409999999913
20
-50.349378999999999
11
73.4060899999999918
21
-50.1097849999999951
0
LINE
8
BLACK
6
CONTINUOUS
10
73.4060899999999918
20
-50.1097849999999951
11
73.4454999999999956
21
-49.8609620000000007
0
LINE
8
BLACK
6
CONTINUOUS
10
73.4454999999999956
20
-49.8609620000000007
11
73.4454999999999956
21
-49.6090379999999982
0
LINE
8
BLACK
6
CONTINUOUS
10
73.4454999999999956
20
-49.6090379999999982
11
73.4060899999999918
21
-49.3602149999999966
0
LINE
8
BLACK
6
CONTINUOUS
10
73.4060899999999918
20
-49.3602149999999966
11
73.3282409999999913
21
-49.1206209999999999
0
LINE
8
BLACK
6
CONTINUOUS
10
73.3282409999999913
20
-49.1206209999999999
11
73.3282389999999964
21
-49.1206180000000003
0
LINE
8
BLACK
6
CONTINUOUS
10
73.3282389999999964
20
-49.1206180000000003
11
73.3282389999999964
21
-49.1206159999999983
0
LINE
8
BLACK
6
CONTINUOUS
10
73.3282389999999964
20
-49.1206159999999983
11
73.2323980000000034
21
-48.9325189999999992
0
LINE
8
BLACK
6
CONTINUOUS
10
73.2323980000000034
20
-48.9325189999999992
11
73.21387
21
-48.8961550000000003
0
LINE
8
BLACK
6
CONTINUOUS
10
73.21387
20
-48.8961550000000003
11
73.1404019999999946
21
-48.7950349999999986
0
LINE
8
BLACK
6
CONTINUOUS
10
73.1404019999999946
20
-48.7950349999999986
11
73.0657980000000009
21
-48.6923499999999976
0
LINE
8
BLACK
6
CONTINUOUS
10
73.0657980000000009
20
-48.6923499999999976
11
73.0657939999999968
21
-48.692344999999996
0
LINE
8
BLACK
6
CONTINUOUS
10
73.0657939999999968
20
-48.692344999999996
11
72.8876539999999977
21
-48.5142049999999969
0
LINE
8
BLACK
6
CONTINUOUS
10
72.8876539999999977
20
-48.5142049999999969
11
72.8876489999999961
21
-48.5142009999999999
0
LINE
8
BLACK
6
CONTINUOUS
10
72.8876489999999961
20
-48.5142009999999999
11
72.6838479999999976
21
-48.3661320000000003
0
LINE
8
BLACK
6
CONTINUOUS
10
72.6838479999999976
20
-48.3661320000000003
11
72.6838470000000001
21
-48.3661309999999958
0
LINE
8
BLACK
6
CONTINUOUS
10
72.6838470000000001
20
-48.3661309999999958
11
72.6838449999999909
21
-48.3661299999999983
0
LINE
8
BLACK
6
CONTINUOUS
10
72.6838449999999909
20
-48.3661299999999983
11
72.4593789999999984
21
-48.2517589999999998
0
LINE
8
BLACK
6
CONTINUOUS
10
72.4593789999999984
20
-48.2517589999999998
11
72.3226810000000029
21
-48.2073429999999945
0
LINE
8
BLACK
6
CONTINUOUS
10
72.3226810000000029
20
-48.2073429999999945
11
72.2197829999999925
21
-48.1739089999999948
0
LINE
8
BLACK
6
CONTINUOUS
10
72.2197829999999925
20
-48.1739089999999948
11
72.1446889999999996
21
-48.1620149999999967
0
LINE
8
BLACK
6
CONTINUOUS
10
72.1446889999999996
20
-48.1620149999999967
11
72.0815549999999945
21
-48.1320849999999965
0
LINE
8
BLACK
6
CONTINUOUS
10
72.0815549999999945
20
-48.1320849999999965
11
72.0764080000000007
21
-48.1272230000000008
0
LINE
8
BLACK
6
CONTINUOUS
10
72.0764080000000007
20
-48.1272230000000008
11
71.8801189999999934
21
-47.9309340000000006
0
LINE
8
BLACK
6
CONTINUOUS
10
71.8801189999999934
20
-47.9309340000000006
11
71.8466339999999946
21
-47.869610999999999
0
LINE
8
BLACK
6
CONTINUOUS
10
71.8466339999999946
20
-47.869610999999999
11
71.8438000000000017
21
-47.8432529999999971
0
LINE
8
BLACK
6
CONTINUOUS
10
71.8438000000000017
20
-47.8432529999999971
11
71.8438000000000017
21
-43.2553999999999945
0
LINE
8
BLACK
6
CONTINUOUS
10
71.8438000000000017
20
-43.2553999999999945
11
71.8634849999999972
21
-43.1883610000000004
0
LINE
8
BLACK
6
CONTINUOUS
10
71.8634849999999972
20
-43.1883610000000004
11
71.9162889999999919
21
-43.1426060000000007
0
LINE
8
BLACK
6
CONTINUOUS
10
71.9162889999999919
20
-43.1426060000000007
11
71.9854469999999935
21
-43.1326619999999963
0
LINE
8
BLACK
6
CONTINUOUS
10
71.9854469999999935
20
-43.1326619999999963
11
72.0240979999999951
21
-43.1449169999999995
0
LINE
8
BLACK
6
CONTINUOUS
10
72.0240979999999951
20
-43.1449169999999995
11
72.0306209999999965
21
-43.1482409999999987
0
LINE
8
BLACK
6
CONTINUOUS
10
72.0306209999999965
20
-43.1482409999999987
11
72.2702149999999932
21
-43.2260899999999992
0
LINE
8
BLACK
6
CONTINUOUS
10
72.2702149999999932
20
-43.2260899999999992
11
72.5190379999999948
21
-43.2654999999999959
0
LINE
8
BLACK
6
CONTINUOUS
10
72.5190379999999948
20
-43.2654999999999959
11
72.5190389999999923
21
-43.2654999999999959
0
LINE
8
BLACK
6
CONTINUOUS
10
72.5190389999999923
20
-43.2654999999999959
11
73.5709609999999969
21
-43.2654999999999959
0
LINE
8
BLACK
6
CONTINUOUS
10
73.5709609999999969
20
-43.2654999999999959
11
73.5709619999999944
21
-43.2654999999999959
0
LINE
8
BLACK
6
CONTINUOUS
10
73.5709619999999944
20
-43.2654999999999959
11
73.819784999999996
21
-43.2260899999999992
0
LINE
8
BLACK
6
CONTINUOUS
10
73.819784999999996
20
-43.2260899999999992
11
74.0593789999999927
21
-43.1482409999999987
0
LINE
8
BLACK
6
CONTINUOUS
10
74.0593789999999927
20
-43.1482409999999987
11
74.0658990000000017
21
-43.144917999999997
0
LINE
8
BLACK
6
CONTINUOUS
10
74.0658990000000017
20
-43.144917999999997
11
74.1345649999999949
21
-43.1320179999999951
0
LINE
8
BLACK
6
CONTINUOUS
10
74.1345649999999949
20
-43.1320179999999951
11
74.199308000000002
21
-43.1582900000000009
0
LINE
8
BLACK
6
CONTINUOUS
10
74.199308000000002
20
-43.1582900000000009
11
74.239569000000003
21
-43.2153929999999988
0
LINE
8
BLACK
6
CONTINUOUS
10
74.239569000000003
20
-43.2153929999999988
11
74.2462000000000018
21
-43.2553999999999945
0
LINE
8
BLACK
6
CONTINUOUS
10
74.2462000000000018
20
-43.2553999999999945
11
74.2462000000000018
21
-45.9190509999999961
0
LINE
8
BLACK
6
CONTINUOUS
10
74.2462000000000018
20
-45.9190509999999961
11
74.2782219999999995
21
-46.1212340000000012
0
LINE
8
BLACK
6
CONTINUOUS
10
74.2782219999999995
20
-46.1212340000000012
11
74.3414810000000017
21
-46.315922999999998
0
LINE
8
BLACK
6
CONTINUOUS
10
74.3414810000000017
20
-46.315922999999998
11
74.3751499999999908
21
-46.3819999999999979
0
LINE
8
BLACK
6
CONTINUOUS
10
74.3751499999999908
20
-46.3819999999999979
11
74.4344129999999922
21
-46.4983110000000011
0
LINE
8
BLACK
6
CONTINUOUS
10
74.4344129999999922
20
-46.4983110000000011
11
74.5547339999999963
21
-46.6639189999999999
0
LINE
8
BLACK
6
CONTINUOUS
10
74.5547339999999963
20
-46.6639189999999999
11
74.5547359999999912
21
-46.6639209999999949
0
LINE
8
BLACK
6
CONTINUOUS
10
74.5547359999999912
20
-46.6639209999999949
11
77.8572229999999905
21
-49.9664080000000013
0
LINE
8
BLACK
6
CONTINUOUS
10
77.8572229999999905
20
-49.9664080000000013
11
77.8907079999999894
21
-50.0277309999999957
0
LINE
8
BLACK
6
CONTINUOUS
10
77.8907079999999894
20
-50.0277309999999957
11
77.8920150000000007
21
-50.0346890000000002
0
LINE
8
BLACK
6
CONTINUOUS
10
77.8920150000000007
20
-50.0346890000000002
11
77.9039089999999987
21
-50.1097830000000002
0
LINE
8
BLACK
6
CONTINUOUS
10
77.9039089999999987
20
-50.1097830000000002
11
77.9039099999999962
21
-50.1097849999999951
0
LINE
8
BLACK
6
CONTINUOUS
10
77.9039099999999962
20
-50.1097849999999951
11
77.9787899999999894
21
-50.3402419999999964
0
LINE
8
BLACK
6
CONTINUOUS
10
77.9787899999999894
20
-50.3402419999999964
11
77.9817599999999942
21
-50.3493810000000011
0
LINE
8
BLACK
6
CONTINUOUS
10
77.9817599999999942
20
-50.3493810000000011
11
78.0961319999999972
21
-50.5738479999999981
0
LINE
8
BLACK
6
CONTINUOUS
10
78.0961319999999972
20
-50.5738479999999981
11
78.2442009999999897
21
-50.7776489999999967
0
LINE
8
BLACK
6
CONTINUOUS
10
78.2442009999999897
20
-50.7776489999999967
11
78.2442049999999938
21
-50.7776539999999983
0
LINE
8
BLACK
6
CONTINUOUS
10
78.2442049999999938
20
-50.7776539999999983
11
78.4223429999999979
21
-50.9557919999999953
0
LINE
8
BLACK
6
CONTINUOUS
10
78.4223429999999979
20
-50.9557919999999953
11
78.4223499999999945
21
-50.9557979999999944
0
LINE
8
BLACK
6
CONTINUOUS
10
78.4223499999999945
20
-50.9557979999999944
11
78.5646469999999937
21
-51.0591819999999998
0
LINE
8
BLACK
6
CONTINUOUS
10
78.5646469999999937
20
-51.0591819999999998
11
78.6261549999999971
21
-51.1038700000000006
0
LINE
8
BLACK
6
CONTINUOUS
10
78.6261549999999971
20
-51.1038700000000006
11
78.7691839999999956
21
-51.1767469999999989
0
LINE
8
BLACK
6
CONTINUOUS
10
78.7691839999999956
20
-51.1767469999999989
11
78.8506160000000023
21
-51.218238999999997
0
LINE
8
BLACK
6
CONTINUOUS
10
78.8506160000000023
20
-51.218238999999997
11
78.8506179999999972
21
-51.218238999999997
0
LINE
8
BLACK
6
CONTINUOUS
10
78.8506179999999972
20
-51.218238999999997
11
78.8506209999999896
21
-51.218240999999999
0
LINE
8
BLACK
6
CONTINUOUS
10
78.8506209999999896
20
-51.218240999999999
11
78.9396890000000013
21
-51.2471809999999977
0
LINE
8
BLACK
6
CONTINUOUS
10
78.9396890000000013
20
-51.2471809999999977
11
79.0902140000000031
21
-51.2960899999999995
0
LINE
8
BLACK
6
CONTINUOUS
10
79.0902140000000031
20
-51.2960899999999995
11
79.111038999999991
21
-51.2993880000000004
0
LINE
8
BLACK
6
CONTINUOUS
10
79.111038999999991
20
-51.2993880000000004
11
79.1880000000000024
21
-51.3115769999999998
0
LINE
8
BLACK
6
CONTINUOUS
10
79.1880000000000024
20
-51.3115769999999998
11
79.2511339999999933
21
-51.3415059999999954
0
LINE
8
BLACK
6
CONTINUOUS
10
79.2511339999999933
20
-51.3415059999999954
11
79.2880660000000006
21
-51.4008169999999964
0
LINE
8
BLACK
6
CONTINUOUS
10
79.2880660000000006
20
-51.4008169999999964
11
79.2870679999999908
21
-51.470678999999997
0
LINE
8
BLACK
6
CONTINUOUS
10
79.2870679999999908
20
-51.470678999999997
11
79.2562829999999963
21
-51.5217309999999955
0
LINE
8
BLACK
6
CONTINUOUS
10
79.2562829999999963
20
-51.5217309999999955
11
73.5397820000000024
21
-57.238230999999999
0
LINE
8
BLACK
6
CONTINUOUS
10
73.5397820000000024
20
-57.238230999999999
11
73.4784590000000009
21
-57.2717159999999978
0
LINE
8
BLACK
6
CONTINUOUS
10
73.4784590000000009
20
-57.2717159999999978
11
73.4087669999999974
21
-57.2667319999999975
0
LINE
8
BLACK
6
CONTINUOUS
10
73.4087669999999974
20
-57.2667319999999975
11
73.3528340000000014
21
-57.2248599999999996
0
LINE
8
BLACK
6
CONTINUOUS
10
73.3528340000000014
20
-57.2248599999999996
11
73.3341700000000003
21
-57.1888669999999948
0
LINE
8
BLACK
6
CONTINUOUS
10
73.3341700000000003
20
-57.1888669999999948
11
73.3282430000000005
21
-57.1706259999999986
0
LINE
8
BLACK
6
CONTINUOUS
10
73.3282430000000005
20
-57.1706259999999986
11
73.3282409999999913
21
-57.1706199999999995
0
LINE
8
BLACK
6
CONTINUOUS
10
73.3282409999999913
20
-57.1706199999999995
11
73.2886349999999993
21
-57.092889999999997
0
LINE
8
BLACK
6
CONTINUOUS
10
73.2886349999999993
20
-57.092889999999997
11
73.21387
21
-56.9461549999999974
0
LINE
8
BLACK
6
CONTINUOUS
10
73.21387
20
-56.9461549999999974
11
73.2072459999999978
21
-56.937037999999994
0
LINE
8
BLACK
6
CONTINUOUS
10
73.2072459999999978
20
-56.937037999999994
11
73.1691819999999922
21
-56.8846459999999965
0
LINE
8
BLACK
6
CONTINUOUS
10
73.1691819999999922
20
-56.8846459999999965
11
73.145702
21
-56.8188399999999945
0
LINE
8
BLACK
6
CONTINUOUS
10
73.145702
20
-56.8188399999999945
11
73.1454999999999984
21
-56.8117609999999971
0
LINE
8
BLACK
6
CONTINUOUS
10
73.1454999999999984
20
-56.8117609999999971
11
73.1454999999999984
21
-54.7186479999999946
0
LINE
8
BLACK
6
CONTINUOUS
10
73.1454999999999984
20
-54.7186479999999946
11
73.1134770000000032
21
-54.5164649999999966
0
LINE
8
BLACK
6
CONTINUOUS
10
73.1134770000000032
20
-54.5164649999999966
11
73.050218000000001
21
-54.3217759999999998
0
LINE
8
BLACK
6
CONTINUOUS
10
73.050218000000001
20
-54.3217759999999998
11
72.9785409999999928
21
-54.1811030000000002
0
LINE
8
BLACK
6
CONTINUOUS
10
72.9785409999999928
20
-54.1811030000000002
11
72.9785399999999953
21
-54.1811019999999957
0
LINE
8
BLACK
6
CONTINUOUS
10
72.9785399999999953
20
-54.1811019999999957
11
72.9572879999999913
21
-54.1393909999999963
0
LINE
8
BLACK
6
CONTINUOUS
10
72.9572879999999913
20
-54.1393909999999963
11
72.9572829999999897
21
-54.1393839999999997
0
LINE
8
BLACK
6
CONTINUOUS
10
72.9572829999999897
20
-54.1393839999999997
11
72.8369659999999897
21
-53.9737809999999953
0
LINE
8
BLACK
6
CONTINUOUS
10
72.8369659999999897
20
-53.9737809999999953
11
62.3403659999999959
21
-43.4771809999999945
0
LINE
8
BLACK
6
CONTINUOUS
10
62.3403659999999959
20
-43.4771809999999945
11
62.3068809999999971
21
-43.4158580000000001
0
LINE
8
BLACK
6
CONTINUOUS
10
62.3068809999999971
20
-43.4158580000000001
11
62.3118649999999974
21
-43.3461659999999966
0
LINE
8
BLACK
6
CONTINUOUS
10
62.3118649999999974
20
-43.3461659999999966
11
62.3537369999999953
21
-43.2902330000000006
0
LINE
8
BLACK
6
CONTINUOUS
10
62.3537369999999953
20
-43.2902330000000006
11
62.4192009999999939
21
-43.2658160000000009
0
LINE
8
BLACK
6
CONTINUOUS
10
62.4192009999999939
20
-43.2658160000000009
11
62.4280469999999994
21
-43.2654999999999959
0
LINE
8
BLACK
6
CONTINUOUS
10
62.4280469999999994
20
-43.2654999999999959
11
62.6209609999999941
21
-43.2654999999999959
0
LINE
8
BLACK
6
CONTINUOUS
10
62.6209609999999941
20
-43.2654999999999959
11
62.6209619999999987
21
-43.2654999999999959
0
LINE
8
BLACK
6
CONTINUOUS
10
62.6209619999999987
20
-43.2654999999999959
11
62.8697850000000003
21
-43.2260899999999992
0
LINE
8
BLACK
6
CONTINUOUS
10
62.8697850000000003
20
-43.2260899999999992
11
63.109378999999997
21
-43.1482409999999987
0
LINE
8
BLACK
6
CONTINUOUS
10
63.109378999999997
20
-43.1482409999999987
11
63.3338449999999966
21
-43.0338700000000003
0
LINE
8
BLACK
6
CONTINUOUS
10
63.3338449999999966
20
-43.0338700000000003
11
63.5376559999999984
21
-42.8857929999999996
0
LINE
8
BLACK
6
CONTINUOUS
10
63.5376559999999984
20
-42.8857929999999996
11
63.7157929999999979
21
-42.7076560000000001
0
LINE
8
BLACK
6
CONTINUOUS
10
63.7157929999999979
20
-42.7076560000000001
11
63.8638699999999986
21
-42.5038449999999983
0
LINE
8
BLACK
6
CONTINUOUS
10
63.8638699999999986
20
-42.5038449999999983
11
63.978240999999997
21
-42.2793789999999987
0
LINE
8
BLACK
6
CONTINUOUS
10
63.978240999999997
20
-42.2793789999999987
11
64.0560899999999975
21
-42.0397849999999949
0
LINE
8
BLACK
6
CONTINUOUS
10
64.0560899999999975
20
-42.0397849999999949
11
64.0955000000000013
21
-41.7909620000000004
0
LINE
8
BLACK
6
CONTINUOUS
10
64.0955000000000013
20
-41.7909620000000004
11
64.0955000000000013
21
-41.5390379999999979
0
LINE
8
BLACK
6
CONTINUOUS
10
64.0955000000000013
20
-41.5390379999999979
11
64.0560899999999975
21
-41.2902149999999963
0
LINE
8
BLACK
6
CONTINUOUS
10
64.0560899999999975
20
-41.2902149999999963
11
63.978240999999997
21
-41.0506209999999996
0
LINE
8
BLACK
6
CONTINUOUS
10
63.978240999999997
20
-41.0506209999999996
11
63.978238999999995
21
-41.0506180000000001
0
LINE
8
BLACK
6
CONTINUOUS
10
63.978238999999995
20
-41.0506180000000001
11
63.978238999999995
21
-41.050615999999998
0
LINE
8
BLACK
6
CONTINUOUS
10
63.978238999999995
20
-41.050615999999998
11
63.9266249999999943
21
-40.9493189999999956
0
LINE
8
BLACK
6
CONTINUOUS
10
63.9266249999999943
20
-40.9493189999999956
11
63.8638699999999986
21
-40.826155
0
LINE
8
BLACK
6
CONTINUOUS
10
63.8638699999999986
20
-40.826155
11
63.8449519999999993
21
-40.8001170000000002
0
LINE
8
BLACK
6
CONTINUOUS
10
63.8449519999999993
20
-40.8001170000000002
11
63.7157979999999995
21
-40.6223499999999973
0
LINE
8
BLACK
6
CONTINUOUS
10
63.7157979999999995
20
-40.6223499999999973
11
63.7157939999999954
21
-40.6223449999999957
0
LINE
8
BLACK
6
CONTINUOUS
10
63.7157939999999954
20
-40.6223449999999957
11
63.5761299999999991
21
-40.4826809999999995
0
LINE
8
BLACK
6
CONTINUOUS
10
63.5761299999999991
20
-40.4826809999999995
11
63.5426450000000003
21
-40.4213579999999979
0
LINE
8
BLACK
6
CONTINUOUS
10
63.5426450000000003
20
-40.4213579999999979
11
63.5476290000000006
21
-40.3516660000000016
0
LINE
8
BLACK
6
CONTINUOUS
10
63.5476290000000006
20
-40.3516660000000016
11
63.5761299999999991
21
-40.3073189999999997
0
LINE
8
BLACK
6
CONTINUOUS
10
63.5761299999999991
20
-40.3073189999999997
11
63.599698999999994
21
-40.2837499999999977
0
LINE
8
BLACK
6
CONTINUOUS
10
63.599698999999994
20
-40.2837499999999977
11
63.7157929999999979
21
-40.1676560000000009
0
LINE
8
BLACK
6
CONTINUOUS
10
63.7157929999999979
20
-40.1676560000000009
11
63.8638699999999986
21
-39.9638449999999992
0
LINE
8
BLACK
6
CONTINUOUS
10
63.8638699999999986
20
-39.9638449999999992
11
63.978240999999997
21
-39.7393789999999996
0
LINE
8
BLACK
6
CONTINUOUS
10
63.978240999999997
20
-39.7393789999999996
11
64.0560899999999975
21
-39.4997849999999957
0
LINE
8
BLACK
6
CONTINUOUS
10
64.0560899999999975
20
-39.4997849999999957
11
64.0575520000000012
21
-39.4905529999999985
0
LINE
8
BLACK
6
CONTINUOUS
10
64.0575520000000012
20
-39.4905529999999985
11
64.0955000000000013
21
-39.2509620000000012
0
LINE
8
BLACK
6
CONTINUOUS
10
64.0955000000000013
20
-39.2509620000000012
11
64.0955000000000013
21
-38.9990379999999988
0
LINE
8
BLACK
6
CONTINUOUS
10
64.0955000000000013
20
-38.9990379999999988
11
64.0560899999999975
21
-38.7502149999999972
0
LINE
8
BLACK
6
CONTINUOUS
10
64.0560899999999975
20
-38.7502149999999972
11
63.978240999999997
21
-38.5106210000000004
0
LINE
8
BLACK
6
CONTINUOUS
10
63.978240999999997
20
-38.5106210000000004
11
63.978238999999995
21
-38.5106180000000009
0
LINE
8
BLACK
6
CONTINUOUS
10
63.978238999999995
20
-38.5106180000000009
11
63.978238999999995
21
-38.5106159999999988
0
LINE
8
BLACK
6
CONTINUOUS
10
63.978238999999995
20
-38.5106159999999988
11
63.9296039999999977
21
-38.4151650000000018
0
LINE
8
BLACK
6
CONTINUOUS
10
63.9296039999999977
20
-38.4151650000000018
11
63.8638699999999986
21
-38.2861550000000008
0
LINE
8
BLACK
6
CONTINUOUS
10
63.8638699999999986
20
-38.2861550000000008
11
63.8449519999999993
21
-38.260117000000001
0
LINE
8
BLACK
6
CONTINUOUS
10
63.8449519999999993
20
-38.260117000000001
11
63.7157979999999995
21
-38.0823499999999981
0
LINE
8
BLACK
6
CONTINUOUS
10
63.7157979999999995
20
-38.0823499999999981
11
63.7157939999999954
21
-38.0823449999999966
0
LINE
8
BLACK
6
CONTINUOUS
10
63.7157939999999954
20
-38.0823449999999966
11
63.5761299999999991
21
-37.9426810000000003
0
LINE
8
BLACK
6
CONTINUOUS
10
63.5761299999999991
20
-37.9426810000000003
11
63.5426450000000003
21
-37.8813579999999988
0
LINE
8
BLACK
6
CONTINUOUS
10
63.5426450000000003
20
-37.8813579999999988
11
63.5476290000000006
21
-37.8116659999999953
0
LINE
8
BLACK
6
CONTINUOUS
10
63.5476290000000006
20
-37.8116659999999953
11
63.5761299999999991
21
-37.7673190000000005
0
LINE
8
BLACK
6
CONTINUOUS
10
63.5761299999999991
20
-37.7673190000000005
11
63.5996959999999945
21
-37.7437529999999981
0
LINE
8
BLACK
6
CONTINUOUS
10
63.5996959999999945
20
-37.7437529999999981
11
63.7157929999999979
21
-37.6276560000000018
0
LINE
8
BLACK
6
CONTINUOUS
10
63.7157929999999979
20
-37.6276560000000018
11
63.8638699999999986
21
-37.423845
0
LINE
8
BLACK
6
CONTINUOUS
10
63.8638699999999986
20
-37.423845
11
63.978240999999997
21
-37.1993790000000004
0
LINE
8
BLACK
6
CONTINUOUS
10
63.978240999999997
20
-37.1993790000000004
11
64.0560899999999975
21
-36.9597849999999966
0
LINE
8
BLACK
6
CONTINUOUS
10
64.0560899999999975
20
-36.9597849999999966
11
64.0955000000000013
21
-36.710961999999995
0
LINE
8
BLACK
6
CONTINUOUS
10
64.0955000000000013
20
-36.710961999999995
11
64.0955000000000013
21
-36.4590379999999996
0
LINE
8
BLACK
6
CONTINUOUS
10
64.0955000000000013
20
-36.4590379999999996
11
64.0600629999999995
21
-36.2352989999999977
0
LINE
8
BLACK
6
CONTINUOUS
10
64.0600629999999995
20
-36.2352989999999977
11
64.0560899999999975
21
-36.2102140000000006
0
LINE
8
BLACK
6
CONTINUOUS
10
64.0560899999999975
20
-36.2102140000000006
11
64.0217820000000017
21
-36.1046259999999961
0
LINE
8
BLACK
6
CONTINUOUS
10
64.0217820000000017
20
-36.1046259999999961
11
63.978240999999997
21
-35.9706210000000013
0
LINE
8
BLACK
6
CONTINUOUS
10
63.978240999999997
20
-35.9706210000000013
11
63.8638699999999986
21
-35.7461550000000017
0
LINE
8
BLACK
6
CONTINUOUS
10
63.8638699999999986
20
-35.7461550000000017
11
63.7353449999999953
21
-35.5692549999999983
0
LINE
8
BLACK
6
CONTINUOUS
10
63.7353449999999953
20
-35.5692549999999983
11
63.7157979999999995
21
-35.542349999999999
0
LINE
8
BLACK
6
CONTINUOUS
10
63.7157979999999995
20
-35.542349999999999
11
63.7157939999999954
21
-35.5423449999999974
0
LINE
8
BLACK
6
CONTINUOUS
10
63.7157939999999954
20
-35.5423449999999974
11
63.5761299999999991
21
-35.4026810000000012
0
LINE
8
BLACK
6
CONTINUOUS
10
63.5761299999999991
20
-35.4026810000000012
11
63.5426450000000003
21
-35.3413579999999996
0
LINE
8
BLACK
6
CONTINUOUS
10
63.5426450000000003
20
-35.3413579999999996
11
63.5476290000000006
21
-35.2716659999999962
0
LINE
8
BLACK
6
CONTINUOUS
10
63.5476290000000006
20
-35.2716659999999962
11
63.5761299999999991
21
-35.2273190000000014
0
LINE
8
BLACK
6
CONTINUOUS
10
63.5761299999999991
20
-35.2273190000000014
11
63.6219989999999953
21
-35.1814499999999981
0
LINE
8
BLACK
6
CONTINUOUS
10
63.6219989999999953
20
-35.1814499999999981
11
63.7157929999999979
21
-35.0876559999999955
0
LINE
8
BLACK
6
CONTINUOUS
10
63.7157929999999979
20
-35.0876559999999955
11
63.8638699999999986
21
-34.8838450000000009
0
LINE
8
BLACK
6
CONTINUOUS
10
63.8638699999999986
20
-34.8838450000000009
11
63.978240999999997
21
-34.6593790000000013
0
LINE
8
BLACK
6
CONTINUOUS
10
63.978240999999997
20
-34.6593790000000013
11
64.0560899999999975
21
-34.4197849999999974
0
LINE
8
BLACK
6
CONTINUOUS
10
64.0560899999999975
20
-34.4197849999999974
11
64.0955000000000013
21
-34.1709619999999958
0
LINE
8
BLACK
6
CONTINUOUS
10
64.0955000000000013
20
-34.1709619999999958
11
64.0955000000000013
21
-33.9190380000000005
0
LINE
8
BLACK
6
CONTINUOUS
10
64.0955000000000013
20
-33.9190380000000005
11
64.0560899999999975
21
-33.6702149999999989
0
LINE
8
BLACK
6
CONTINUOUS
10
64.0560899999999975
20
-33.6702149999999989
11
63.978240999999997
21
-33.430620999999995
0
LINE
8
BLACK
6
CONTINUOUS
10
63.978240999999997
20
-33.430620999999995
11
63.9782379999999975
21
-33.430616999999998
0
LINE
8
BLACK
6
CONTINUOUS
10
63.9782379999999975
20
-33.430616999999998
11
63.9782379999999975
21
-33.4306139999999985
0
LINE
8
BLACK
6
CONTINUOUS
10
63.9782379999999975
20
-33.4306139999999985
11
63.9703819999999936
21
-33.4151960000000017
0
LINE
8
BLACK
6
CONTINUOUS
10
63.9703819999999936
20
-33.4151960000000017
11
63.9574849999999984
21
-33.3465270000000018
0
LINE
8
BLACK
6
CONTINUOUS
10
63.9574849999999984
20
-33.3465270000000018
11
63.9837609999999941
21
-33.2817859999999968
0
LINE
8
BLACK
6
CONTINUOUS
10
63.9837609999999941
20
-33.2817859999999968
11
64.0408669999999915
21
-33.2415289999999999
0
LINE
8
BLACK
6
CONTINUOUS
10
64.0408669999999915
20
-33.2415289999999999
11
64.0808660000000003
21
-33.2348999999999961
0
LINE
8
BLACK
6
CONTINUOUS
10
64.0808660000000003
20
-33.2348999999999961
11
69.0493000000000023
21
-33.2348999999999961
0
LINE
8
BLACK
6
CONTINUOUS
10
69.0493000000000023
20
-33.2348999999999961
11
69.1163389999999964
21
-33.2545849999999987
0
LINE
8
BLACK
6
CONTINUOUS
10
68.8700819999999965
20
-39.4905529999999985
11
68.8700819999999965
21
-36.0749840000000006
0
LINE
8
BLACK
6
CONTINUOUS
10
68.8700819999999965
20
-36.0749840000000006
11
64.6002129999999966
21
-36.0749840000000006
0
LINE
8
BLACK
6
CONTINUOUS
10
64.6002129999999966
20
-36.0749840000000006
11
64.6002129999999966
21
-39.4905529999999985
0
LINE
8
BLACK
6
CONTINUOUS
10
64.6002129999999966
20
-39.4905529999999985
11
68.8700819999999965
21
-39.4905529999999985
0
LINE
8
BLACK
6
CONTINUOUS
10
35.8500000000000014
20
-34.0399999999999991
11
37.1516999999999982
21
-34.0399999999999991
0
LINE
8
BLACK
6
CONTINUOUS
10
37.1516999999999982
20
-34.0399999999999991
11
37.216947999999995
21
-34.044277000000001
0
LINE
8
BLACK
6
CONTINUOUS
10
37.216947999999995
20
-34.044277000000001
11
37.2169629999999998
21
-34.044277000000001
0
LINE
8
BLACK
6
CONTINUOUS
10
37.2169629999999998
20
-34.044277000000001
11
37.343041999999997
21
-34.0780600000000007
0
LINE
8
BLACK
6
CONTINUOUS
10
37.343041999999997
20
-34.0780600000000007
11
37.4560809999999975
21
-34.1433229999999952
0
LINE
8
BLACK
6
CONTINUOUS
10
37.4560809999999975
20
-34.1433229999999952
11
37.4560959999999952
21
-34.143338
0
LINE
8
BLACK
6
CONTINUOUS
10
37.4560959999999952
20
-34.143338
11
37.5052529999999962
21
-34.1864470000000011
0
LINE
8
BLACK
6
CONTINUOUS
10
37.5052529999999962
20
-34.1864470000000011
11
52.5538059999999945
21
-49.2349999999999994
0
LINE
8
BLACK
6
CONTINUOUS
10
52.5538059999999945
20
-49.2349999999999994
11
53.4515709999999942
21
-49.2349999999999994
0
LINE
8
BLACK
6
CONTINUOUS
10
53.4515709999999942
20
-49.2349999999999994
11
53.4565920000000006
21
-49.2274849999999944
0
LINE
8
BLACK
6
CONTINUOUS
10
53.4565920000000006
20
-49.2274849999999944
11
53.5674849999999978
21
-49.1165919999999971
0
LINE
8
BLACK
6
CONTINUOUS
10
53.5674849999999978
20
-49.1165919999999971
11
53.6978829999999974
21
-49.0294629999999998
0
LINE
8
BLACK
6
CONTINUOUS
10
53.6978829999999974
20
-49.0294629999999998
11
53.8427719999999965
21
-48.9694479999999999
0
LINE
8
BLACK
6
CONTINUOUS
10
53.8427719999999965
20
-48.9694479999999999
11
53.9965860000000006
21
-48.9388519999999971
0
LINE
8
BLACK
6
CONTINUOUS
10
53.9965860000000006
20
-48.9388519999999971
11
54.1534139999999979
21
-48.9388519999999971
0
LINE
8
BLACK
6
CONTINUOUS
10
54.1534139999999979
20
-48.9388519999999971
11
54.3072279999999949
21
-48.9694479999999999
0
LINE
8
BLACK
6
CONTINUOUS
10
54.3072279999999949
20
-48.9694479999999999
11
54.4521169999999941
21
-49.0294629999999998
0
LINE
8
BLACK
6
CONTINUOUS
10
54.4521169999999941
20
-49.0294629999999998
11
54.5825150000000008
21
-49.1165919999999971
0
LINE
8
BLACK
6
CONTINUOUS
10
54.5825150000000008
20
-49.1165919999999971
11
54.693407999999998
21
-49.2274849999999944
0
LINE
8
BLACK
6
CONTINUOUS
10
54.693407999999998
20
-49.2274849999999944
11
54.7805369999999954
21
-49.3578830000000011
0
LINE
8
BLACK
6
CONTINUOUS
10
54.7805369999999954
20
-49.3578830000000011
11
54.8405519999999953
21
-49.5027720000000002
0
LINE
8
BLACK
6
CONTINUOUS
10
54.8405519999999953
20
-49.5027720000000002
11
54.871147999999998
21
-49.6565859999999972
0
LINE
8
BLACK
6
CONTINUOUS
10
54.871147999999998
20
-49.6565859999999972
11
54.871147999999998
21
-49.8134139999999945
0
LINE
8
BLACK
6
CONTINUOUS
10
54.871147999999998
20
-49.8134139999999945
11
54.8405519999999953
21
-49.9672279999999986
0
LINE
8
BLACK
6
CONTINUOUS
10
54.8405519999999953
20
-49.9672279999999986
11
54.7805369999999954
21
-50.1121169999999978
0
LINE
8
BLACK
6
CONTINUOUS
10
54.7805369999999954
20
-50.1121169999999978
11
54.693407999999998
21
-50.2425149999999974
0
LINE
8
BLACK
6
CONTINUOUS
10
54.693407999999998
20
-50.2425149999999974
11
54.5825150000000008
21
-50.3534079999999946
0
LINE
8
BLACK
6
CONTINUOUS
10
54.5825150000000008
20
-50.3534079999999946
11
54.4521169999999941
21
-50.4405369999999991
0
LINE
8
BLACK
6
CONTINUOUS
10
54.4521169999999941
20
-50.4405369999999991
11
54.3072279999999949
21
-50.500551999999999
0
LINE
8
BLACK
6
CONTINUOUS
10
54.3072279999999949
20
-50.500551999999999
11
54.1534139999999979
21
-50.5311479999999946
0
LINE
8
BLACK
6
CONTINUOUS
10
54.1534139999999979
20
-50.5311479999999946
11
53.9965860000000006
21
-50.5311479999999946
0
LINE
8
BLACK
6
CONTINUOUS
10
53.9965860000000006
20
-50.5311479999999946
11
53.8427719999999965
21
-50.500551999999999
0
LINE
8
BLACK
6
CONTINUOUS
10
53.8427719999999965
20
-50.500551999999999
11
53.6978829999999974
21
-50.4405369999999991
0
LINE
8
BLACK
6
CONTINUOUS
10
53.6978829999999974
20
-50.4405369999999991
11
53.5674849999999978
21
-50.3534079999999946
0
LINE
8
BLACK
6
CONTINUOUS
10
53.5674849999999978
20
-50.3534079999999946
11
53.4565920000000006
21
-50.2425149999999974
0
LINE
8
BLACK
6
CONTINUOUS
10
53.4565920000000006
20
-50.2425149999999974
11
53.4515709999999942
21
-50.2349999999999994
0
LINE
8
BLACK
6
CONTINUOUS
10
53.4515709999999942
20
-50.2349999999999994
11
52.3466999999999985
21
-50.2349999999999994
0
LINE
8
BLACK
6
CONTINUOUS
10
52.3466999999999985
20
-50.2349999999999994
11
52.2814519999999945
21
-50.2307229999999976
0
LINE
8
BLACK
6
CONTINUOUS
10
52.2814519999999945
20
-50.2307229999999976
11
52.2814369999999968
21
-50.2307229999999976
0
LINE
8
BLACK
6
CONTINUOUS
10
52.2814369999999968
20
-50.2307229999999976
11
52.1553579999999997
21
-50.1969399999999979
0
LINE
8
BLACK
6
CONTINUOUS
10
52.1553579999999997
20
-50.1969399999999979
11
52.0423189999999991
21
-50.1316769999999963
0
LINE
8
BLACK
6
CONTINUOUS
10
52.0423189999999991
20
-50.1316769999999963
11
52.0423100000000005
21
-50.1316679999999977
0
LINE
8
BLACK
6
CONTINUOUS
10
52.0423100000000005
20
-50.1316679999999977
11
51.9931470000000004
21
-50.0885529999999974
0
LINE
8
BLACK
6
CONTINUOUS
10
51.9931470000000004
20
-50.0885529999999974
11
36.944593999999995
21
-35.0399999999999991
0
LINE
8
BLACK
6
CONTINUOUS
10
36.944593999999995
20
-35.0399999999999991
11
35.8500000000000014
21
-35.0399999999999991
0
LINE
8
BLACK
6
CONTINUOUS
10
35.8500000000000014
20
-35.0399999999999991
11
35.8500000000000014
21
-35.3900000000000006
0
LINE
8
BLACK
6
CONTINUOUS
10
35.8500000000000014
20
-35.3900000000000006
11
34.1499999999999986
21
-35.3900000000000006
0
LINE
8
BLACK
6
CONTINUOUS
10
34.1499999999999986
20
-35.3900000000000006
11
34.1499999999999986
21
-33.6899999999999977
0
LINE
8
BLACK
6
CONTINUOUS
10
34.1499999999999986
20
-33.6899999999999977
11
35.8500000000000014
21
-33.6899999999999977
0
LINE
8
BLACK
6
CONTINUOUS
10
35.8500000000000014
20
-33.6899999999999977
11
35.8500000000000014
21
-34.0399999999999991
0
LINE
8
BLACK
6
CONTINUOUS
10
61.9272279999999995
20
-48.9694479999999999
11
62.0721169999999987
21
-49.0294629999999998
0
LINE
8
BLACK
6
CONTINUOUS
10
62.0721169999999987
20
-49.0294629999999998
11
62.2025149999999982
21
-49.1165919999999971
0
LINE
8
BLACK
6
CONTINUOUS
10
62.2025149999999982
20
-49.1165919999999971
11
62.3134079999999955
21
-49.2274849999999944
0
LINE
8
BLACK
6
CONTINUOUS
10
62.3134079999999955
20
-49.2274849999999944
11
62.4005369999999999
21
-49.3578830000000011
0
LINE
8
BLACK
6
CONTINUOUS
10
62.4005369999999999
20
-49.3578830000000011
11
62.4605519999999999
21
-49.5027720000000002
0
LINE
8
BLACK
6
CONTINUOUS
10
62.4605519999999999
20
-49.5027720000000002
11
62.4911479999999955
21
-49.6565859999999972
0
LINE
8
BLACK
6
CONTINUOUS
10
62.4911479999999955
20
-49.6565859999999972
11
62.4911479999999955
21
-49.8134139999999945
0
LINE
8
BLACK
6
CONTINUOUS
10
62.4911479999999955
20
-49.8134139999999945
11
62.4605519999999999
21
-49.9672279999999986
0
LINE
8
BLACK
6
CONTINUOUS
10
62.4605519999999999
20
-49.9672279999999986
11
62.4005369999999999
21
-50.1121169999999978
0
LINE
8
BLACK
6
CONTINUOUS
10
62.4005369999999999
20
-50.1121169999999978
11
62.3134079999999955
21
-50.2425149999999974
0
LINE
8
BLACK
6
CONTINUOUS
10
62.3134079999999955
20
-50.2425149999999974
11
62.2025149999999982
21
-50.3534079999999946
0
LINE
8
BLACK
6
CONTINUOUS
10
62.2025149999999982
20
-50.3534079999999946
11
62.0721169999999987
21
-50.4405369999999991
0
LINE
8
BLACK
6
CONTINUOUS
10
62.0721169999999987
20
-50.4405369999999991
11
61.9272279999999995
21
-50.500551999999999
0
LINE
8
BLACK
6
CONTINUOUS
10
61.9272279999999995
20
-50.500551999999999
11
61.7734139999999954
21
-50.5311479999999946
0
LINE
8
BLACK
6
CONTINUOUS
10
61.7734139999999954
20
-50.5311479999999946
11
61.6165859999999981
21
-50.5311479999999946
0
LINE
8
BLACK
6
CONTINUOUS
10
61.6165859999999981
20
-50.5311479999999946
11
61.462771999999994
21
-50.500551999999999
0
LINE
8
BLACK
6
CONTINUOUS
10
61.462771999999994
20
-50.500551999999999
11
61.3178829999999948
21
-50.4405369999999991
0
LINE
8
BLACK
6
CONTINUOUS
10
61.3178829999999948
20
-50.4405369999999991
11
61.1874849999999952
21
-50.3534079999999946
0
LINE
8
BLACK
6
CONTINUOUS
10
61.1874849999999952
20
-50.3534079999999946
11
61.076591999999998
21
-50.2425149999999974
0
LINE
8
BLACK
6
CONTINUOUS
10
61.076591999999998
20
-50.2425149999999974
11
60.9894630000000006
21
-50.1121169999999978
0
LINE
8
BLACK
6
CONTINUOUS
10
60.9894630000000006
20
-50.1121169999999978
11
60.9294480000000007
21
-49.9672279999999986
0
LINE
8
BLACK
6
CONTINUOUS
10
60.9294480000000007
20
-49.9672279999999986
11
60.898851999999998
21
-49.8134139999999945
0
LINE
8
BLACK
6
CONTINUOUS
10
60.898851999999998
20
-49.8134139999999945
11
60.898851999999998
21
-49.6565859999999972
0
LINE
8
BLACK
6
CONTINUOUS
10
60.898851999999998
20
-49.6565859999999972
11
60.9294480000000007
21
-49.5027720000000002
0
LINE
8
BLACK
6
CONTINUOUS
10
60.9294480000000007
20
-49.5027720000000002
11
60.9894630000000006
21
-49.3578830000000011
0
LINE
8
BLACK
6
CONTINUOUS
10
60.9894630000000006
20
-49.3578830000000011
11
61.076591999999998
21
-49.2274849999999944
0
LINE
8
BLACK
6
CONTINUOUS
10
61.076591999999998
20
-49.2274849999999944
11
61.1874849999999952
21
-49.1165919999999971
0
LINE
8
BLACK
6
CONTINUOUS
10
61.1874849999999952
20
-49.1165919999999971
11
61.3178829999999948
21
-49.0294629999999998
0
LINE
8
BLACK
6
CONTINUOUS
10
61.3178829999999948
20
-49.0294629999999998
11
61.462771999999994
21
-48.9694479999999999
0
LINE
8
BLACK
6
CONTINUOUS
10
61.462771999999994
20
-48.9694479999999999
11
61.6165859999999981
21
-48.9388519999999971
0
LINE
8
BLACK
6
CONTINUOUS
10
61.6165859999999981
20
-48.9388519999999971
11
61.7734139999999954
21
-48.9388519999999971
0
LINE
8
BLACK
6
CONTINUOUS
10
61.7734139999999954
20
-48.9388519999999971
11
61.9272279999999995
21
-48.9694479999999999
0
LINE
8
BLACK
6
CONTINUOUS
10
73.5234140000000025
20
-38.3288519999999977
11
73.6772279999999995
21
-38.3594480000000004
0
LINE
8
BLACK
6
CONTINUOUS
10
73.6772279999999995
20
-38.3594480000000004
11
73.8221169999999915
21
-38.4194630000000004
0
LINE
8
BLACK
6
CONTINUOUS
10
73.8221169999999915
20
-38.4194630000000004
11
73.9525149999999911
21
-38.5065919999999977
0
LINE
8
BLACK
6
CONTINUOUS
10
73.9525149999999911
20
-38.5065919999999977
11
74.0634079999999955
21
-38.617484999999995
0
LINE
8
BLACK
6
CONTINUOUS
10
74.0634079999999955
20
-38.617484999999995
11
74.1505369999999999
21
-38.7478830000000016
0
LINE
8
BLACK
6
CONTINUOUS
10
74.1505369999999999
20
-38.7478830000000016
11
74.2105519999999927
21
-38.8927720000000008
0
LINE
8
BLACK
6
CONTINUOUS
10
74.2105519999999927
20
-38.8927720000000008
11
74.2411479999999955
21
-39.0465859999999978
0
LINE
8
BLACK
6
CONTINUOUS
10
74.2411479999999955
20
-39.0465859999999978
11
74.2411479999999955
21
-39.2034139999999951
0
LINE
8
BLACK
6
CONTINUOUS
10
74.2411479999999955
20
-39.2034139999999951
11
74.2105519999999927
21
-39.3572279999999992
0
LINE
8
BLACK
6
CONTINUOUS
10
74.2105519999999927
20
-39.3572279999999992
11
74.1505369999999999
21
-39.5021169999999984
0
LINE
8
BLACK
6
CONTINUOUS
10
74.1505369999999999
20
-39.5021169999999984
11
74.0634079999999955
21
-39.6325149999999979
0
LINE
8
BLACK
6
CONTINUOUS
10
74.0634079999999955
20
-39.6325149999999979
11
73.9525149999999911
21
-39.7434079999999952
0
LINE
8
BLACK
6
CONTINUOUS
10
73.9525149999999911
20
-39.7434079999999952
11
73.8221169999999915
21
-39.8305369999999996
0
LINE
8
BLACK
6
CONTINUOUS
10
73.8221169999999915
20
-39.8305369999999996
11
73.6772279999999995
21
-39.8905519999999996
0
LINE
8
BLACK
6
CONTINUOUS
10
73.6772279999999995
20
-39.8905519999999996
11
73.5234140000000025
21
-39.9211479999999952
0
LINE
8
BLACK
6
CONTINUOUS
10
73.5234140000000025
20
-39.9211479999999952
11
73.4449999999999932
21
-39.9249999999999972
0
LINE
8
BLACK
6
CONTINUOUS
10
73.4449999999999932
20
-39.9249999999999972
11
72.644999999999996
21
-39.9249999999999972
0
LINE
8
BLACK
6
CONTINUOUS
10
72.644999999999996
20
-39.9249999999999972
11
72.5665860000000009
21
-39.9211479999999952
0
LINE
8
BLACK
6
CONTINUOUS
10
72.5665860000000009
20
-39.9211479999999952
11
72.4127719999999897
21
-39.8905519999999996
0
LINE
8
BLACK
6
CONTINUOUS
10
72.4127719999999897
20
-39.8905519999999996
11
72.2678829999999977
21
-39.8305369999999996
0
LINE
8
BLACK
6
CONTINUOUS
10
72.2678829999999977
20
-39.8305369999999996
11
72.1374849999999981
21
-39.7434079999999952
0
LINE
8
BLACK
6
CONTINUOUS
10
72.1374849999999981
20
-39.7434079999999952
11
72.0265919999999937
21
-39.6325149999999979
0
LINE
8
BLACK
6
CONTINUOUS
10
72.0265919999999937
20
-39.6325149999999979
11
72.0215709999999945
21
-39.625
0
LINE
8
BLACK
6
CONTINUOUS
10
72.0215709999999945
20
-39.625
11
71.0433000000000021
21
-39.625
0
LINE
8
BLACK
6
CONTINUOUS
10
71.0433000000000021
20
-39.625
11
71.0433000000000021
21
-48.226192999999995
0
LINE
8
BLACK
6
CONTINUOUS
10
71.0433000000000021
20
-48.226192999999995
11
71.7577210000000036
21
-48.9406150000000011
0
LINE
8
BLACK
6
CONTINUOUS
10
71.7577210000000036
20
-48.9406150000000011
11
71.7665860000000038
21
-48.9388519999999971
0
LINE
8
BLACK
6
CONTINUOUS
10
71.7665860000000038
20
-48.9388519999999971
11
71.923413999999994
21
-48.9388519999999971
0
LINE
8
BLACK
6
CONTINUOUS
10
71.923413999999994
20
-48.9388519999999971
11
72.077227999999991
21
-48.9694479999999999
0
LINE
8
BLACK
6
CONTINUOUS
10
72.077227999999991
20
-48.9694479999999999
11
72.2221169999999972
21
-49.0294629999999998
0
LINE
8
BLACK
6
CONTINUOUS
10
72.2221169999999972
20
-49.0294629999999998
11
72.3525149999999968
21
-49.1165919999999971
0
LINE
8
BLACK
6
CONTINUOUS
10
72.3525149999999968
20
-49.1165919999999971
11
72.4634080000000012
21
-49.2274849999999944
0
LINE
8
BLACK
6
CONTINUOUS
10
72.4634080000000012
20
-49.2274849999999944
11
72.5505369999999914
21
-49.3578830000000011
0
LINE
8
BLACK
6
CONTINUOUS
10
72.5505369999999914
20
-49.3578830000000011
11
72.6105519999999984
21
-49.5027720000000002
0
LINE
8
BLACK
6
CONTINUOUS
10
72.6105519999999984
20
-49.5027720000000002
11
72.6411480000000012
21
-49.6565859999999972
0
LINE
8
BLACK
6
CONTINUOUS
10
72.6411480000000012
20
-49.6565859999999972
11
72.6411480000000012
21
-49.8134139999999945
0
LINE
8
BLACK
6
CONTINUOUS
10
72.6411480000000012
20
-49.8134139999999945
11
72.6105519999999984
21
-49.9672279999999986
0
LINE
8
BLACK
6
CONTINUOUS
10
72.6105519999999984
20
-49.9672279999999986
11
72.5505369999999914
21
-50.1121169999999978
0
LINE
8
BLACK
6
CONTINUOUS
10
72.5505369999999914
20
-50.1121169999999978
11
72.4634080000000012
21
-50.2425149999999974
0
LINE
8
BLACK
6
CONTINUOUS
10
72.4634080000000012
20
-50.2425149999999974
11
72.3525149999999968
21
-50.3534079999999946
0
LINE
8
BLACK
6
CONTINUOUS
10
72.3525149999999968
20
-50.3534079999999946
11
72.2221169999999972
21
-50.4405369999999991
0
LINE
8
BLACK
6
CONTINUOUS
10
72.2221169999999972
20
-50.4405369999999991
11
72.077227999999991
21
-50.500551999999999
0
LINE
8
BLACK
6
CONTINUOUS
10
72.077227999999991
20
-50.500551999999999
11
71.923413999999994
21
-50.5311479999999946
0
LINE
8
BLACK
6
CONTINUOUS
10
71.923413999999994
20
-50.5311479999999946
11
71.7665860000000038
21
-50.5311479999999946
0
LINE
8
BLACK
6
CONTINUOUS
10
71.7665860000000038
20
-50.5311479999999946
11
71.6127719999999925
21
-50.500551999999999
0
LINE
8
BLACK
6
CONTINUOUS
10
71.6127719999999925
20
-50.500551999999999
11
71.4678830000000005
21
-50.4405369999999991
0
LINE
8
BLACK
6
CONTINUOUS
10
71.4678830000000005
20
-50.4405369999999991
11
71.3374850000000009
21
-50.3534079999999946
0
LINE
8
BLACK
6
CONTINUOUS
10
71.3374850000000009
20
-50.3534079999999946
11
71.2265919999999966
21
-50.2425149999999974
0
LINE
8
BLACK
6
CONTINUOUS
10
71.2265919999999966
20
-50.2425149999999974
11
71.1394629999999921
21
-50.1121169999999978
0
LINE
8
BLACK
6
CONTINUOUS
10
71.1394629999999921
20
-50.1121169999999978
11
71.0794479999999993
21
-49.9672279999999986
0
LINE
8
BLACK
6
CONTINUOUS
10
71.0794479999999993
20
-49.9672279999999986
11
71.0488519999999966
21
-49.8134139999999945
0
LINE
8
BLACK
6
CONTINUOUS
10
71.0488519999999966
20
-49.8134139999999945
11
71.0488519999999966
21
-49.6565859999999972
0
LINE
8
BLACK
6
CONTINUOUS
10
71.0488519999999966
20
-49.6565859999999972
11
71.0506149999999934
21
-49.6477209999999971
0
LINE
8
BLACK
6
CONTINUOUS
10
71.0506149999999934
20
-49.6477209999999971
11
70.189746999999997
21
-48.7868530000000007
0
LINE
8
BLACK
6
CONTINUOUS
10
70.189746999999997
20
-48.7868530000000007
11
70.1466379999999958
21
-48.7376959999999997
0
LINE
8
BLACK
6
CONTINUOUS
10
70.1466379999999958
20
-48.7376959999999997
11
70.1466229999999911
21
-48.7376809999999949
0
LINE
8
BLACK
6
CONTINUOUS
10
70.1466229999999911
20
-48.7376809999999949
11
70.0813600000000037
21
-48.6246419999999944
0
LINE
8
BLACK
6
CONTINUOUS
10
70.0813600000000037
20
-48.6246419999999944
11
70.0575149999999951
21
-48.5356509999999943
0
LINE
8
BLACK
6
CONTINUOUS
10
70.0575149999999951
20
-48.5356509999999943
11
70.0475769999999898
21
-48.4985629999999972
0
LINE
8
BLACK
6
CONTINUOUS
10
70.0475769999999898
20
-48.4985629999999972
11
70.0475769999999898
21
-48.498546999999995
0
LINE
8
BLACK
6
CONTINUOUS
10
70.0475769999999898
20
-48.498546999999995
11
70.0433000000000021
21
-48.4332999999999956
0
LINE
8
BLACK
6
CONTINUOUS
10
70.0433000000000021
20
-48.4332999999999956
11
70.0433000000000021
21
-39.125
0
LINE
8
BLACK
6
CONTINUOUS
10
70.0433000000000021
20
-39.125
11
70.0475780000000015
21
-39.0597369999999984
0
LINE
8
BLACK
6
CONTINUOUS
10
70.0475780000000015
20
-39.0597369999999984
11
70.0813600000000037
21
-38.9336580000000012
0
LINE
8
BLACK
6
CONTINUOUS
10
70.0813600000000037
20
-38.9336580000000012
11
70.1466229999999911
21
-38.8206190000000007
0
LINE
8
BLACK
6
CONTINUOUS
10
70.1466229999999911
20
-38.8206190000000007
11
70.2389189999999957
21
-38.7283229999999961
0
LINE
8
BLACK
6
CONTINUOUS
10
70.2389189999999957
20
-38.7283229999999961
11
70.3519579999999962
21
-38.6630600000000015
0
LINE
8
BLACK
6
CONTINUOUS
10
70.3519579999999962
20
-38.6630600000000015
11
70.4780370000000005
21
-38.6292779999999993
0
LINE
8
BLACK
6
CONTINUOUS
10
70.4780370000000005
20
-38.6292779999999993
11
70.5433000000000021
21
-38.625
0
LINE
8
BLACK
6
CONTINUOUS
10
70.5433000000000021
20
-38.625
11
72.0215709999999945
21
-38.625
0
LINE
8
BLACK
6
CONTINUOUS
10
72.0215709999999945
20
-38.625
11
72.0265919999999937
21
-38.617484999999995
0
LINE
8
BLACK
6
CONTINUOUS
10
72.0265919999999937
20
-38.617484999999995
11
72.1374849999999981
21
-38.5065919999999977
0
LINE
8
BLACK
6
CONTINUOUS
10
72.1374849999999981
20
-38.5065919999999977
11
72.2678829999999977
21
-38.4194630000000004
0
LINE
8
BLACK
6
CONTINUOUS
10
72.2678829999999977
20
-38.4194630000000004
11
72.4127719999999897
21
-38.3594480000000004
0
LINE
8
BLACK
6
CONTINUOUS
10
72.4127719999999897
20
-38.3594480000000004
11
72.5665860000000009
21
-38.3288519999999977
0
LINE
8
BLACK
6
CONTINUOUS
10
72.5665860000000009
20
-38.3288519999999977
11
72.644999999999996
21
-38.3249999999999957
0
LINE
8
BLACK
6
CONTINUOUS
10
72.644999999999996
20
-38.3249999999999957
11
73.4449999999999932
21
-38.3249999999999957
0
LINE
8
BLACK
6
CONTINUOUS
10
73.4449999999999932
20
-38.3249999999999957
11
73.5234140000000025
21
-38.3288519999999977
0
LINE
8
BLACK
6
CONTINUOUS
10
73.5234140000000025
20
-40.8688519999999968
11
73.6772279999999995
21
-40.8994479999999996
0
LINE
8
BLACK
6
CONTINUOUS
10
73.6772279999999995
20
-40.8994479999999996
11
73.8221169999999915
21
-40.9594629999999995
0
LINE
8
BLACK
6
CONTINUOUS
10
73.8221169999999915
20
-40.9594629999999995
11
73.9525149999999911
21
-41.0465919999999969
0
LINE
8
BLACK
6
CONTINUOUS
10
73.9525149999999911
20
-41.0465919999999969
11
74.0634079999999955
21
-41.1574850000000012
0
LINE
8
BLACK
6
CONTINUOUS
10
74.0634079999999955
20
-41.1574850000000012
11
74.0684289999999947
21
-41.1649999999999991
0
LINE
8
BLACK
6
CONTINUOUS
10
74.0684289999999947
20
-41.1649999999999991
11
75.5467000000000013
21
-41.1649999999999991
0
LINE
8
BLACK
6
CONTINUOUS
10
75.5467000000000013
20
-41.1649999999999991
11
75.6119630000000029
21
-41.1692779999999985
0
LINE
8
BLACK
6
CONTINUOUS
10
75.6119630000000029
20
-41.1692779999999985
11
75.738041999999993
21
-41.2030600000000007
0
LINE
8
BLACK
6
CONTINUOUS
10
75.738041999999993
20
-41.2030600000000007
11
75.8510809999999935
21
-41.2683229999999952
0
LINE
8
BLACK
6
CONTINUOUS
10
75.8510809999999935
20
-41.2683229999999952
11
75.9433769999999981
21
-41.3606189999999998
0
LINE
8
BLACK
6
CONTINUOUS
10
75.9433769999999981
20
-41.3606189999999998
11
76.0086399999999998
21
-41.4736580000000004
0
LINE
8
BLACK
6
CONTINUOUS
10
76.0086399999999998
20
-41.4736580000000004
11
76.042422000000002
21
-41.5997369999999975
0
LINE
8
BLACK
6
CONTINUOUS
10
76.042422000000002
20
-41.5997369999999975
11
76.0467000000000013
21
-41.6649999999999991
0
LINE
8
BLACK
6
CONTINUOUS
10
76.0467000000000013
20
-41.6649999999999991
11
76.0467000000000013
21
-45.6095940000000013
0
LINE
8
BLACK
6
CONTINUOUS
10
76.0467000000000013
20
-45.6095940000000013
11
79.377720999999994
21
-48.9406150000000011
0
LINE
8
BLACK
6
CONTINUOUS
10
79.377720999999994
20
-48.9406150000000011
11
79.3865859999999941
21
-48.9388519999999971
0
LINE
8
BLACK
6
CONTINUOUS
10
79.3865859999999941
20
-48.9388519999999971
11
79.5434139999999985
21
-48.9388519999999971
0
LINE
8
BLACK
6
CONTINUOUS
10
79.5434139999999985
20
-48.9388519999999971
11
79.6972279999999955
21
-48.9694479999999999
0
LINE
8
BLACK
6
CONTINUOUS
10
79.6972279999999955
20
-48.9694479999999999
11
79.8421170000000018
21
-49.0294629999999998
0
LINE
8
BLACK
6
CONTINUOUS
10
79.8421170000000018
20
-49.0294629999999998
11
79.9725150000000014
21
-49.1165919999999971
0
LINE
8
BLACK
6
CONTINUOUS
10
79.9725150000000014
20
-49.1165919999999971
11
80.0834079999999915
21
-49.2274849999999944
0
LINE
8
BLACK
6
CONTINUOUS
10
80.0834079999999915
20
-49.2274849999999944
11
80.1705369999999959
21
-49.3578830000000011
0
LINE
8
BLACK
6
CONTINUOUS
10
80.1705369999999959
20
-49.3578830000000011
11
80.230552000000003
21
-49.5027720000000002
0
LINE
8
BLACK
6
CONTINUOUS
10
80.230552000000003
20
-49.5027720000000002
11
80.2611479999999915
21
-49.6565859999999972
0
LINE
8
BLACK
6
CONTINUOUS
10
80.2611479999999915
20
-49.6565859999999972
11
80.2611479999999915
21
-49.8134139999999945
0
LINE
8
BLACK
6
CONTINUOUS
10
80.2611479999999915
20
-49.8134139999999945
11
80.230552000000003
21
-49.9672279999999986
0
LINE
8
BLACK
6
CONTINUOUS
10
80.230552000000003
20
-49.9672279999999986
11
80.1705369999999959
21
-50.1121169999999978
0
LINE
8
BLACK
6
CONTINUOUS
10
80.1705369999999959
20
-50.1121169999999978
11
80.0834079999999915
21
-50.2425149999999974
0
LINE
8
BLACK
6
CONTINUOUS
10
80.0834079999999915
20
-50.2425149999999974
11
79.9725150000000014
21
-50.3534079999999946
0
LINE
8
BLACK
6
CONTINUOUS
10
79.9725150000000014
20
-50.3534079999999946
11
79.8421170000000018
21
-50.4405369999999991
0
LINE
8
BLACK
6
CONTINUOUS
10
79.8421170000000018
20
-50.4405369999999991
11
79.6972279999999955
21
-50.500551999999999
0
LINE
8
BLACK
6
CONTINUOUS
10
79.6972279999999955
20
-50.500551999999999
11
79.5434139999999985
21
-50.5311479999999946
0
LINE
8
BLACK
6
CONTINUOUS
10
79.5434139999999985
20
-50.5311479999999946
11
79.3865859999999941
21
-50.5311479999999946
0
LINE
8
BLACK
6
CONTINUOUS
10
79.3865859999999941
20
-50.5311479999999946
11
79.2327719999999971
21
-50.500551999999999
0
LINE
8
BLACK
6
CONTINUOUS
10
79.2327719999999971
20
-50.500551999999999
11
79.0878829999999908
21
-50.4405369999999991
0
LINE
8
BLACK
6
CONTINUOUS
10
79.0878829999999908
20
-50.4405369999999991
11
78.9574849999999913
21
-50.3534079999999946
0
LINE
8
BLACK
6
CONTINUOUS
10
78.9574849999999913
20
-50.3534079999999946
11
78.8465920000000011
21
-50.2425149999999974
0
LINE
8
BLACK
6
CONTINUOUS
10
78.8465920000000011
20
-50.2425149999999974
11
78.7594629999999967
21
-50.1121169999999978
0
LINE
8
BLACK
6
CONTINUOUS
10
78.7594629999999967
20
-50.1121169999999978
11
78.6994479999999896
21
-49.9672279999999986
0
LINE
8
BLACK
6
CONTINUOUS
10
78.6994479999999896
20
-49.9672279999999986
11
78.6688520000000011
21
-49.8134139999999945
0
LINE
8
BLACK
6
CONTINUOUS
10
78.6688520000000011
20
-49.8134139999999945
11
78.6688520000000011
21
-49.6565859999999972
0
LINE
8
BLACK
6
CONTINUOUS
10
78.6688520000000011
20
-49.6565859999999972
11
78.670614999999998
21
-49.6477209999999971
0
LINE
8
BLACK
6
CONTINUOUS
10
78.670614999999998
20
-49.6477209999999971
11
75.1931469999999962
21
-46.1702529999999953
0
LINE
8
BLACK
6
CONTINUOUS
10
75.1931469999999962
20
-46.1702529999999953
11
75.150037999999995
21
-46.1210960000000014
0
LINE
8
BLACK
6
CONTINUOUS
10
75.150037999999995
20
-46.1210960000000014
11
75.1500229999999902
21
-46.1210809999999967
0
LINE
8
BLACK
6
CONTINUOUS
10
75.1500229999999902
20
-46.1210809999999967
11
75.0847600000000028
21
-46.0080419999999961
0
LINE
8
BLACK
6
CONTINUOUS
10
75.0847600000000028
20
-46.0080419999999961
11
75.0728539999999924
21
-45.9636080000000007
0
LINE
8
BLACK
6
CONTINUOUS
10
75.0728539999999924
20
-45.9636080000000007
11
75.0509770000000032
21
-45.8819629999999989
0
LINE
8
BLACK
6
CONTINUOUS
10
75.0509770000000032
20
-45.8819629999999989
11
75.0509770000000032
21
-45.8819469999999967
0
LINE
8
BLACK
6
CONTINUOUS
10
75.0509770000000032
20
-45.8819469999999967
11
75.0467000000000013
21
-45.8166999999999973
0
LINE
8
BLACK
6
CONTINUOUS
10
75.0467000000000013
20
-45.8166999999999973
11
75.0467000000000013
21
-42.1649999999999991
0
LINE
8
BLACK
6
CONTINUOUS
10
75.0467000000000013
20
-42.1649999999999991
11
74.0684289999999947
21
-42.1649999999999991
0
LINE
8
BLACK
6
CONTINUOUS
10
74.0684289999999947
20
-42.1649999999999991
11
74.0634079999999955
21
-42.1725149999999971
0
LINE
8
BLACK
6
CONTINUOUS
10
74.0634079999999955
20
-42.1725149999999971
11
73.9525149999999911
21
-42.2834080000000014
0
LINE
8
BLACK
6
CONTINUOUS
10
73.9525149999999911
20
-42.2834080000000014
11
73.8221169999999915
21
-42.3705369999999988
0
LINE
8
BLACK
6
CONTINUOUS
10
73.8221169999999915
20
-42.3705369999999988
11
73.6772279999999995
21
-42.4305519999999987
0
LINE
8
BLACK
6
CONTINUOUS
10
73.6772279999999995
20
-42.4305519999999987
11
73.5234140000000025
21
-42.4611480000000014
0
LINE
8
BLACK
6
CONTINUOUS
10
73.5234140000000025
20
-42.4611480000000014
11
73.4449999999999932
21
-42.4649999999999963
0
LINE
8
BLACK
6
CONTINUOUS
10
73.4449999999999932
20
-42.4649999999999963
11
72.644999999999996
21
-42.4649999999999963
0
LINE
8
BLACK
6
CONTINUOUS
10
72.644999999999996
20
-42.4649999999999963
11
72.5665860000000009
21
-42.4611480000000014
0
LINE
8
BLACK
6
CONTINUOUS
10
72.5665860000000009
20
-42.4611480000000014
11
72.4127719999999897
21
-42.4305519999999987
0
LINE
8
BLACK
6
CONTINUOUS
10
72.4127719999999897
20
-42.4305519999999987
11
72.2678829999999977
21
-42.3705369999999988
0
LINE
8
BLACK
6
CONTINUOUS
10
72.2678829999999977
20
-42.3705369999999988
11
72.1374849999999981
21
-42.2834080000000014
0
LINE
8
BLACK
6
CONTINUOUS
10
72.1374849999999981
20
-42.2834080000000014
11
72.0265919999999937
21
-42.1725149999999971
0
LINE
8
BLACK
6
CONTINUOUS
10
72.0265919999999937
20
-42.1725149999999971
11
71.9394630000000035
21
-42.0421169999999975
0
LINE
8
BLACK
6
CONTINUOUS
10
71.9394630000000035
20
-42.0421169999999975
11
71.8794479999999965
21
-41.8972279999999984
0
LINE
8
BLACK
6
CONTINUOUS
10
71.8794479999999965
20
-41.8972279999999984
11
71.8488519999999937
21
-41.7434140000000014
0
LINE
8
BLACK
6
CONTINUOUS
10
71.8488519999999937
20
-41.7434140000000014
11
71.8488519999999937
21
-41.5865859999999969
0
LINE
8
BLACK
6
CONTINUOUS
10
71.8488519999999937
20
-41.5865859999999969
11
71.8794479999999965
21
-41.4327719999999999
0
LINE
8
BLACK
6
CONTINUOUS
10
71.8794479999999965
20
-41.4327719999999999
11
71.9394630000000035
21
-41.2878830000000008
0
LINE
8
BLACK
6
CONTINUOUS
10
71.9394630000000035
20
-41.2878830000000008
11
72.0265919999999937
21
-41.1574850000000012
0
LINE
8
BLACK
6
CONTINUOUS
10
72.0265919999999937
20
-41.1574850000000012
11
72.1374849999999981
21
-41.0465919999999969
0
LINE
8
BLACK
6
CONTINUOUS
10
72.1374849999999981
20
-41.0465919999999969
11
72.2678829999999977
21
-40.9594629999999995
0
LINE
8
BLACK
6
CONTINUOUS
10
72.2678829999999977
20
-40.9594629999999995
11
72.4127719999999897
21
-40.8994479999999996
0
LINE
8
BLACK
6
CONTINUOUS
10
72.4127719999999897
20
-40.8994479999999996
11
72.5665860000000009
21
-40.8688519999999968
0
LINE
8
BLACK
6
CONTINUOUS
10
72.5665860000000009
20
-40.8688519999999968
11
72.644999999999996
21
-40.8649999999999949
0
LINE
8
BLACK
6
CONTINUOUS
10
72.644999999999996
20
-40.8649999999999949
11
73.4449999999999932
21
-40.8649999999999949
0
LINE
8
BLACK
6
CONTINUOUS
10
73.4449999999999932
20
-40.8649999999999949
11
73.5234140000000025
21
-40.8688519999999968
0
LINE
8
BLACK
6
CONTINUOUS
10
70.4737999999999971
20
-31.4344000000000001
11
81.952699999999993
21
-31.4344000000000001
0
LINE
8
BLACK
6
CONTINUOUS
10
81.952699999999993
20
-31.4344000000000001
11
82.0179479999999899
21
-31.4386769999999984
0
LINE
8
BLACK
6
CONTINUOUS
10
82.0179479999999899
20
-31.4386769999999984
11
82.0179629999999946
21
-31.4386769999999984
0
LINE
8
BLACK
6
CONTINUOUS
10
82.0179629999999946
20
-31.4386769999999984
11
82.1440419999999989
21
-31.4724599999999981
0
LINE
8
BLACK
6
CONTINUOUS
10
82.1440419999999989
20
-31.4724599999999981
11
82.2570809999999994
21
-31.5377229999999997
0
LINE
8
BLACK
6
CONTINUOUS
10
82.2570809999999994
20
-31.5377229999999997
11
82.25709599999999
21
-31.5377379999999974
0
LINE
8
BLACK
6
CONTINUOUS
10
82.25709599999999
20
-31.5377379999999974
11
82.3062529999999981
21
-31.5808469999999986
0
LINE
8
BLACK
6
CONTINUOUS
10
82.3062529999999981
20
-31.5808469999999986
11
84.6902529999999985
21
-33.9648469999999989
0
LINE
8
BLACK
6
CONTINUOUS
10
84.6902529999999985
20
-33.9648469999999989
11
84.7333679999999987
21
-34.014009999999999
0
LINE
8
BLACK
6
CONTINUOUS
10
84.7333679999999987
20
-34.014009999999999
11
84.7333769999999902
21
-34.0140189999999976
0
LINE
8
BLACK
6
CONTINUOUS
10
84.7333769999999902
20
-34.0140189999999976
11
84.7833929999999896
21
-34.1006489999999971
0
LINE
8
BLACK
6
CONTINUOUS
10
84.7833929999999896
20
-34.1006489999999971
11
84.7986399999999918
21
-34.1270579999999981
0
LINE
8
BLACK
6
CONTINUOUS
10
84.7986399999999918
20
-34.1270579999999981
11
84.8324229999999915
21
-34.2531369999999953
0
LINE
8
BLACK
6
CONTINUOUS
10
84.8324229999999915
20
-34.2531369999999953
11
84.8324229999999915
21
-34.253152
0
LINE
8
BLACK
6
CONTINUOUS
10
84.8324229999999915
20
-34.253152
11
84.8366999999999933
21
-34.3183999999999969
0
LINE
8
BLACK
6
CONTINUOUS
10
84.8366999999999933
20
-34.3183999999999969
11
84.8366999999999933
21
-44.2495929999999973
0
LINE
8
BLACK
6
CONTINUOUS
10
84.8366999999999933
20
-44.2495929999999973
11
89.5277219999999971
21
-48.9406150000000011
0
LINE
8
BLACK
6
CONTINUOUS
10
89.5277219999999971
20
-48.9406150000000011
11
89.5365859999999998
21
-48.9388519999999971
0
LINE
8
BLACK
6
CONTINUOUS
10
89.5365859999999998
20
-48.9388519999999971
11
89.69341399999999
21
-48.9388519999999971
0
LINE
8
BLACK
6
CONTINUOUS
10
89.69341399999999
20
-48.9388519999999971
11
89.8472280000000012
21
-48.9694479999999999
0
LINE
8
BLACK
6
CONTINUOUS
10
89.8472280000000012
20
-48.9694479999999999
11
89.9921169999999933
21
-49.0294629999999998
0
LINE
8
BLACK
6
CONTINUOUS
10
89.9921169999999933
20
-49.0294629999999998
11
90.1225149999999928
21
-49.1165919999999971
0
LINE
8
BLACK
6
CONTINUOUS
10
90.1225149999999928
20
-49.1165919999999971
11
90.2334079999999972
21
-49.2274849999999944
0
LINE
8
BLACK
6
CONTINUOUS
10
90.2334079999999972
20
-49.2274849999999944
11
90.3205370000000016
21
-49.3578830000000011
0
LINE
8
BLACK
6
CONTINUOUS
10
90.3205370000000016
20
-49.3578830000000011
11
90.3805519999999945
21
-49.5027720000000002
0
LINE
8
BLACK
6
CONTINUOUS
10
90.3805519999999945
20
-49.5027720000000002
11
90.4111479999999972
21
-49.6565859999999972
0
LINE
8
BLACK
6
CONTINUOUS
10
90.4111479999999972
20
-49.6565859999999972
11
90.4111479999999972
21
-49.8134139999999945
0
LINE
8
BLACK
6
CONTINUOUS
10
90.4111479999999972
20
-49.8134139999999945
11
90.3805519999999945
21
-49.9672279999999986
0
LINE
8
BLACK
6
CONTINUOUS
10
90.3805519999999945
20
-49.9672279999999986
11
90.3205370000000016
21
-50.1121169999999978
0
LINE
8
BLACK
6
CONTINUOUS
10
90.3205370000000016
20
-50.1121169999999978
11
90.2334079999999972
21
-50.2425149999999974
0
LINE
8
BLACK
6
CONTINUOUS
10
90.2334079999999972
20
-50.2425149999999974
11
90.1225149999999928
21
-50.3534079999999946
0
LINE
8
BLACK
6
CONTINUOUS
10
90.1225149999999928
20
-50.3534079999999946
11
89.9921169999999933
21
-50.4405369999999991
0
LINE
8
BLACK
6
CONTINUOUS
10
89.9921169999999933
20
-50.4405369999999991
11
89.8472280000000012
21
-50.500551999999999
0
LINE
8
BLACK
6
CONTINUOUS
10
89.8472280000000012
20
-50.500551999999999
11
89.69341399999999
21
-50.5311479999999946
0
LINE
8
BLACK
6
CONTINUOUS
10
89.69341399999999
20
-50.5311479999999946
11
89.5365859999999998
21
-50.5311479999999946
0
LINE
8
BLACK
6
CONTINUOUS
10
89.5365859999999998
20
-50.5311479999999946
11
89.3827720000000028
21
-50.500551999999999
0
LINE
8
BLACK
6
CONTINUOUS
10
89.3827720000000028
20
-50.500551999999999
11
89.2378829999999965
21
-50.4405369999999991
0
LINE
8
BLACK
6
CONTINUOUS
10
89.2378829999999965
20
-50.4405369999999991
11
89.1074849999999969
21
-50.3534079999999946
0
LINE
8
BLACK
6
CONTINUOUS
10
89.1074849999999969
20
-50.3534079999999946
11
88.9965919999999926
21
-50.2425149999999974
0
LINE
8
BLACK
6
CONTINUOUS
10
88.9965919999999926
20
-50.2425149999999974
11
88.9094630000000024
21
-50.1121169999999978
0
LINE
8
BLACK
6
CONTINUOUS
10
88.9094630000000024
20
-50.1121169999999978
11
88.8494479999999953
21
-49.9672279999999986
0
LINE
8
BLACK
6
CONTINUOUS
10
88.8494479999999953
20
-49.9672279999999986
11
88.8188519999999926
21
-49.8134139999999945
0
LINE
8
BLACK
6
CONTINUOUS
10
88.8188519999999926
20
-49.8134139999999945
11
88.8188519999999926
21
-49.6565859999999972
0
LINE
8
BLACK
6
CONTINUOUS
10
88.8188519999999926
20
-49.6565859999999972
11
88.8206149999999894
21
-49.6477219999999946
0
LINE
8
BLACK
6
CONTINUOUS
10
88.8206149999999894
20
-49.6477219999999946
11
83.9831470000000024
21
-44.8102529999999959
0
LINE
8
BLACK
6
CONTINUOUS
10
83.9831470000000024
20
-44.8102529999999959
11
83.9400380000000013
21
-44.7610959999999949
0
LINE
8
BLACK
6
CONTINUOUS
10
83.9400380000000013
20
-44.7610959999999949
11
83.9400229999999965
21
-44.7610809999999972
0
LINE
8
BLACK
6
CONTINUOUS
10
83.9400229999999965
20
-44.7610809999999972
11
83.8747599999999949
21
-44.6480419999999967
0
LINE
8
BLACK
6
CONTINUOUS
10
83.8747599999999949
20
-44.6480419999999967
11
83.8671279999999939
21
-44.6195599999999999
0
LINE
8
BLACK
6
CONTINUOUS
10
83.8671279999999939
20
-44.6195599999999999
11
83.8409769999999952
21
-44.5219629999999995
0
LINE
8
BLACK
6
CONTINUOUS
10
83.8409769999999952
20
-44.5219629999999995
11
83.8409769999999952
21
-44.5219469999999973
0
LINE
8
BLACK
6
CONTINUOUS
10
83.8409769999999952
20
-44.5219469999999973
11
83.8366999999999933
21
-44.4566999999999979
0
LINE
8
BLACK
6
CONTINUOUS
10
83.8366999999999933
20
-44.4566999999999979
11
83.8366999999999933
21
-34.525506
0
LINE
8
BLACK
6
CONTINUOUS
10
83.8366999999999933
20
-34.525506
11
81.745593999999997
21
-32.4343999999999966
0
LINE
8
BLACK
6
CONTINUOUS
10
81.745593999999997
20
-32.4343999999999966
11
70.9737999999999971
21
-32.4343999999999966
0
LINE
8
BLACK
6
CONTINUOUS
10
70.9737999999999971
20
-32.4343999999999966
11
70.9737999999999971
21
-36.0850000000000009
0
LINE
8
BLACK
6
CONTINUOUS
10
70.9737999999999971
20
-36.0850000000000009
11
72.0215709999999945
21
-36.0850000000000009
0
LINE
8
BLACK
6
CONTINUOUS
10
72.0215709999999945
20
-36.0850000000000009
11
72.0265919999999937
21
-36.0774849999999958
0
LINE
8
BLACK
6
CONTINUOUS
10
72.0265919999999937
20
-36.0774849999999958
11
72.1374849999999981
21
-35.9665919999999986
0
LINE
8
BLACK
6
CONTINUOUS
10
72.1374849999999981
20
-35.9665919999999986
11
72.2678829999999977
21
-35.8794630000000012
0
LINE
8
BLACK
6
CONTINUOUS
10
72.2678829999999977
20
-35.8794630000000012
11
72.4127719999999897
21
-35.8194480000000013
0
LINE
8
BLACK
6
CONTINUOUS
10
72.4127719999999897
20
-35.8194480000000013
11
72.5665860000000009
21
-35.7888519999999986
0
LINE
8
BLACK
6
CONTINUOUS
10
72.5665860000000009
20
-35.7888519999999986
11
72.644999999999996
21
-35.7849999999999966
0
LINE
8
BLACK
6
CONTINUOUS
10
72.644999999999996
20
-35.7849999999999966
11
73.4449999999999932
21
-35.7849999999999966
0
LINE
8
BLACK
6
CONTINUOUS
10
73.4449999999999932
20
-35.7849999999999966
11
73.5234140000000025
21
-35.7888519999999986
0
LINE
8
BLACK
6
CONTINUOUS
10
73.5234140000000025
20
-35.7888519999999986
11
73.6772279999999995
21
-35.8194480000000013
0
LINE
8
BLACK
6
CONTINUOUS
10
73.6772279999999995
20
-35.8194480000000013
11
73.8221169999999915
21
-35.8794630000000012
0
LINE
8
BLACK
6
CONTINUOUS
10
73.8221169999999915
20
-35.8794630000000012
11
73.9525149999999911
21
-35.9665919999999986
0
LINE
8
BLACK
6
CONTINUOUS
10
73.9525149999999911
20
-35.9665919999999986
11
74.0634079999999955
21
-36.0774849999999958
0
LINE
8
BLACK
6
CONTINUOUS
10
74.0634079999999955
20
-36.0774849999999958
11
74.1505369999999999
21
-36.2078829999999954
0
LINE
8
BLACK
6
CONTINUOUS
10
74.1505369999999999
20
-36.2078829999999954
11
74.2105519999999927
21
-36.3527720000000016
0
LINE
8
BLACK
6
CONTINUOUS
10
74.2105519999999927
20
-36.3527720000000016
11
74.2411479999999955
21
-36.5065859999999986
0
LINE
8
BLACK
6
CONTINUOUS
10
74.2411479999999955
20
-36.5065859999999986
11
74.2411479999999955
21
-36.663413999999996
0
LINE
8
BLACK
6
CONTINUOUS
10
74.2411479999999955
20
-36.663413999999996
11
74.2105519999999927
21
-36.8172280000000001
0
LINE
8
BLACK
6
CONTINUOUS
10
74.2105519999999927
20
-36.8172280000000001
11
74.1505369999999999
21
-36.9621169999999992
0
LINE
8
BLACK
6
CONTINUOUS
10
74.1505369999999999
20
-36.9621169999999992
11
74.0634079999999955
21
-37.0925149999999988
0
LINE
8
BLACK
6
CONTINUOUS
10
74.0634079999999955
20
-37.0925149999999988
11
73.9525149999999911
21
-37.203407999999996
0
LINE
8
BLACK
6
CONTINUOUS
10
73.9525149999999911
20
-37.203407999999996
11
73.8221169999999915
21
-37.2905370000000005
0
LINE
8
BLACK
6
CONTINUOUS
10
73.8221169999999915
20
-37.2905370000000005
11
73.6772279999999995
21
-37.3505520000000004
0
LINE
8
BLACK
6
CONTINUOUS
10
73.6772279999999995
20
-37.3505520000000004
11
73.5234140000000025
21
-37.381147999999996
0
LINE
8
BLACK
6
CONTINUOUS
10
73.5234140000000025
20
-37.381147999999996
11
73.4449999999999932
21
-37.384999999999998
0
LINE
8
BLACK
6
CONTINUOUS
10
73.4449999999999932
20
-37.384999999999998
11
72.644999999999996
21
-37.384999999999998
0
LINE
8
BLACK
6
CONTINUOUS
10
72.644999999999996
20
-37.384999999999998
11
72.5665860000000009
21
-37.381147999999996
0
LINE
8
BLACK
6
CONTINUOUS
10
72.5665860000000009
20
-37.381147999999996
11
72.4127719999999897
21
-37.3505520000000004
0
LINE
8
BLACK
6
CONTINUOUS
10
72.4127719999999897
20
-37.3505520000000004
11
72.2678829999999977
21
-37.2905370000000005
0
LINE
8
BLACK
6
CONTINUOUS
10
72.2678829999999977
20
-37.2905370000000005
11
72.1374849999999981
21
-37.203407999999996
0
LINE
8
BLACK
6
CONTINUOUS
10
72.1374849999999981
20
-37.203407999999996
11
72.0265919999999937
21
-37.0925149999999988
0
LINE
8
BLACK
6
CONTINUOUS
10
72.0265919999999937
20
-37.0925149999999988
11
72.0215709999999945
21
-37.0850000000000009
0
LINE
8
BLACK
6
CONTINUOUS
10
72.0215709999999945
20
-37.0850000000000009
11
70.5433000000000021
21
-37.0850000000000009
0
LINE
8
BLACK
6
CONTINUOUS
10
70.5433000000000021
20
-37.0850000000000009
11
70.478051999999991
21
-37.080722999999999
0
LINE
8
BLACK
6
CONTINUOUS
10
70.478051999999991
20
-37.080722999999999
11
70.4780370000000005
21
-37.080722999999999
0
LINE
8
BLACK
6
CONTINUOUS
10
70.4780370000000005
20
-37.080722999999999
11
70.3519579999999962
21
-37.0469399999999993
0
LINE
8
BLACK
6
CONTINUOUS
10
70.3519579999999962
20
-37.0469399999999993
11
70.2389189999999957
21
-36.9816769999999977
0
LINE
8
BLACK
6
CONTINUOUS
10
70.2389189999999957
20
-36.9816769999999977
11
70.2389029999999934
21
-36.9816609999999955
0
LINE
8
BLACK
6
CONTINUOUS
10
70.2389029999999934
20
-36.9816609999999955
11
70.189746999999997
21
-36.9385539999999963
0
LINE
8
BLACK
6
CONTINUOUS
10
70.189746999999997
20
-36.9385539999999963
11
70.120246999999992
21
-36.869053000000001
0
LINE
8
BLACK
6
CONTINUOUS
10
70.120246999999992
20
-36.869053000000001
11
70.0771379999999908
21
-36.819896
0
LINE
8
BLACK
6
CONTINUOUS
10
70.0771379999999908
20
-36.819896
11
70.0771230000000003
21
-36.8198809999999952
0
LINE
8
BLACK
6
CONTINUOUS
10
70.0771230000000003
20
-36.8198809999999952
11
70.0118599999999986
21
-36.7068420000000017
0
LINE
8
BLACK
6
CONTINUOUS
10
70.0118599999999986
20
-36.7068420000000017
11
70.0066379999999953
21
-36.6873519999999971
0
LINE
8
BLACK
6
CONTINUOUS
10
70.0066379999999953
20
-36.6873519999999971
11
69.978076999999999
21
-36.5807629999999975
0
LINE
8
BLACK
6
CONTINUOUS
10
69.978076999999999
20
-36.5807629999999975
11
69.978076999999999
21
-36.5807469999999952
0
LINE
8
BLACK
6
CONTINUOUS
10
69.978076999999999
20
-36.5807469999999952
11
69.9737999999999971
21
-36.5154999999999959
0
LINE
8
BLACK
6
CONTINUOUS
10
69.9737999999999971
20
-36.5154999999999959
11
69.9737999999999971
21
-32.4343999999999966
0
LINE
8
BLACK
6
CONTINUOUS
10
69.9737999999999971
20
-32.4343999999999966
11
61.0405069999999981
21
-32.4343999999999966
0
LINE
8
BLACK
6
CONTINUOUS
10
61.0405069999999981
20
-32.4343999999999966
11
57.4766999999999939
21
-35.9982059999999962
0
LINE
8
BLACK
6
CONTINUOUS
10
57.4766999999999939
20
-35.9982059999999962
11
57.4766999999999939
21
-39.125
0
LINE
8
BLACK
6
CONTINUOUS
10
57.4766999999999939
20
-39.125
11
57.4724219999999946
21
-39.1902630000000016
0
LINE
8
BLACK
6
CONTINUOUS
10
57.4724219999999946
20
-39.1902630000000016
11
57.4386399999999995
21
-39.3163419999999988
0
LINE
8
BLACK
6
CONTINUOUS
10
57.4386399999999995
20
-39.3163419999999988
11
57.3733769999999978
21
-39.4293809999999993
0
LINE
8
BLACK
6
CONTINUOUS
10
57.3733769999999978
20
-39.4293809999999993
11
57.2810810000000004
21
-39.5216769999999968
0
LINE
8
BLACK
6
CONTINUOUS
10
57.2810810000000004
20
-39.5216769999999968
11
57.1680419999999998
21
-39.5869399999999985
0
LINE
8
BLACK
6
CONTINUOUS
10
57.1680419999999998
20
-39.5869399999999985
11
57.0419629999999955
21
-39.6207220000000007
0
LINE
8
BLACK
6
CONTINUOUS
10
57.0419629999999955
20
-39.6207220000000007
11
56.9766999999999939
21
-39.625
0
LINE
8
BLACK
6
CONTINUOUS
10
56.9766999999999939
20
-39.625
11
55.4984289999999945
21
-39.625
0
LINE
8
BLACK
6
CONTINUOUS
10
55.4984289999999945
20
-39.625
11
55.4934079999999952
21
-39.6325149999999979
0
LINE
8
BLACK
6
CONTINUOUS
10
55.4934079999999952
20
-39.6325149999999979
11
55.3825149999999979
21
-39.7434079999999952
0
LINE
8
BLACK
6
CONTINUOUS
10
55.3825149999999979
20
-39.7434079999999952
11
55.2521169999999984
21
-39.8305369999999996
0
LINE
8
BLACK
6
CONTINUOUS
10
55.2521169999999984
20
-39.8305369999999996
11
55.1072279999999992
21
-39.8905519999999996
0
LINE
8
BLACK
6
CONTINUOUS
10
55.1072279999999992
20
-39.8905519999999996
11
54.9534139999999951
21
-39.9211479999999952
0
LINE
8
BLACK
6
CONTINUOUS
10
54.9534139999999951
20
-39.9211479999999952
11
54.875
21
-39.9249999999999972
0
LINE
8
BLACK
6
CONTINUOUS
10
54.875
20
-39.9249999999999972
11
54.0749999999999957
21
-39.9249999999999972
0
LINE
8
BLACK
6
CONTINUOUS
10
54.0749999999999957
20
-39.9249999999999972
11
53.9965860000000006
21
-39.9211479999999952
0
LINE
8
BLACK
6
CONTINUOUS
10
53.9965860000000006
20
-39.9211479999999952
11
53.8427719999999965
21
-39.8905519999999996
0
LINE
8
BLACK
6
CONTINUOUS
10
53.8427719999999965
20
-39.8905519999999996
11
53.6978829999999974
21
-39.8305369999999996
0
LINE
8
BLACK
6
CONTINUOUS
10
53.6978829999999974
20
-39.8305369999999996
11
53.5674849999999978
21
-39.7434079999999952
0
LINE
8
BLACK
6
CONTINUOUS
10
53.5674849999999978
20
-39.7434079999999952
11
53.4565920000000006
21
-39.6325149999999979
0
LINE
8
BLACK
6
CONTINUOUS
10
53.4565920000000006
20
-39.6325149999999979
11
53.3694629999999961
21
-39.5021169999999984
0
LINE
8
BLACK
6
CONTINUOUS
10
53.3694629999999961
20
-39.5021169999999984
11
53.3094479999999962
21
-39.3572279999999992
0
LINE
8
BLACK
6
CONTINUOUS
10
53.3094479999999962
20
-39.3572279999999992
11
53.2788520000000005
21
-39.2034139999999951
0
LINE
8
BLACK
6
CONTINUOUS
10
53.2788520000000005
20
-39.2034139999999951
11
53.2788520000000005
21
-39.0465859999999978
0
LINE
8
BLACK
6
CONTINUOUS
10
53.2788520000000005
20
-39.0465859999999978
11
53.3094479999999962
21
-38.8927720000000008
0
LINE
8
BLACK
6
CONTINUOUS
10
53.3094479999999962
20
-38.8927720000000008
11
53.3694629999999961
21
-38.7478830000000016
0
LINE
8
BLACK
6
CONTINUOUS
10
53.3694629999999961
20
-38.7478830000000016
11
53.4565920000000006
21
-38.617484999999995
0
LINE
8
BLACK
6
CONTINUOUS
10
53.4565920000000006
20
-38.617484999999995
11
53.5674849999999978
21
-38.5065919999999977
0
LINE
8
BLACK
6
CONTINUOUS
10
53.5674849999999978
20
-38.5065919999999977
11
53.6978829999999974
21
-38.4194630000000004
0
LINE
8
BLACK
6
CONTINUOUS
10
53.6978829999999974
20
-38.4194630000000004
11
53.8427719999999965
21
-38.3594480000000004
0
LINE
8
BLACK
6
CONTINUOUS
10
53.8427719999999965
20
-38.3594480000000004
11
53.9965860000000006
21
-38.3288519999999977
0
LINE
8
BLACK
6
CONTINUOUS
10
53.9965860000000006
20
-38.3288519999999977
11
54.0749999999999957
21
-38.3249999999999957
0
LINE
8
BLACK
6
CONTINUOUS
10
54.0749999999999957
20
-38.3249999999999957
11
54.875
21
-38.3249999999999957
0
LINE
8
BLACK
6
CONTINUOUS
10
54.875
20
-38.3249999999999957
11
54.9534139999999951
21
-38.3288519999999977
0
LINE
8
BLACK
6
CONTINUOUS
10
54.9534139999999951
20
-38.3288519999999977
11
55.1072279999999992
21
-38.3594480000000004
0
LINE
8
BLACK
6
CONTINUOUS
10
55.1072279999999992
20
-38.3594480000000004
11
55.2521169999999984
21
-38.4194630000000004
0
LINE
8
BLACK
6
CONTINUOUS
10
55.2521169999999984
20
-38.4194630000000004
11
55.3825149999999979
21
-38.5065919999999977
0
LINE
8
BLACK
6
CONTINUOUS
10
55.3825149999999979
20
-38.5065919999999977
11
55.4934079999999952
21
-38.617484999999995
0
LINE
8
BLACK
6
CONTINUOUS
10
55.4934079999999952
20
-38.617484999999995
11
55.4984289999999945
21
-38.625
0
LINE
8
BLACK
6
CONTINUOUS
10
55.4984289999999945
20
-38.625
11
56.4766999999999939
21
-38.625
0
LINE
8
BLACK
6
CONTINUOUS
10
56.4766999999999939
20
-38.625
11
56.4766999999999939
21
-35.7911000000000001
0
LINE
8
BLACK
6
CONTINUOUS
10
56.4766999999999939
20
-35.7911000000000001
11
56.4809769999999958
21
-35.7258519999999962
0
LINE
8
BLACK
6
CONTINUOUS
10
56.4809769999999958
20
-35.7258519999999962
11
56.4809769999999958
21
-35.7258369999999985
0
LINE
8
BLACK
6
CONTINUOUS
10
56.4809769999999958
20
-35.7258369999999985
11
56.5147599999999954
21
-35.5997580000000013
0
LINE
8
BLACK
6
CONTINUOUS
10
56.5147599999999954
20
-35.5997580000000013
11
56.5323709999999977
21
-35.5692549999999983
0
LINE
8
BLACK
6
CONTINUOUS
10
56.5323709999999977
20
-35.5692549999999983
11
56.5800229999999971
21
-35.4867190000000008
0
LINE
8
BLACK
6
CONTINUOUS
10
56.5800229999999971
20
-35.4867190000000008
11
56.5800379999999947
21
-35.4867029999999986
0
LINE
8
BLACK
6
CONTINUOUS
10
56.5800379999999947
20
-35.4867029999999986
11
56.6231469999999959
21
-35.437546999999995
0
LINE
8
BLACK
6
CONTINUOUS
10
56.6231469999999959
20
-35.437546999999995
11
60.4798459999999949
21
-31.5808469999999986
0
LINE
8
BLACK
6
CONTINUOUS
10
60.4798459999999949
20
-31.5808469999999986
11
60.5290099999999995
21
-31.5377309999999973
0
LINE
8
BLACK
6
CONTINUOUS
10
60.5290099999999995
20
-31.5377309999999973
11
60.5290189999999981
21
-31.5377229999999997
0
LINE
8
BLACK
6
CONTINUOUS
10
60.5290189999999981
20
-31.5377229999999997
11
60.6420579999999987
21
-31.4724599999999981
0
LINE
8
BLACK
6
CONTINUOUS
10
60.6420579999999987
20
-31.4724599999999981
11
60.7681369999999959
21
-31.4386769999999984
0
LINE
8
BLACK
6
CONTINUOUS
10
60.7681369999999959
20
-31.4386769999999984
11
60.7681520000000006
21
-31.4386769999999984
0
LINE
8
BLACK
6
CONTINUOUS
10
60.7681520000000006
20
-31.4386769999999984
11
60.8333999999999975
21
-31.4344000000000001
0
LINE
8
BLACK
6
CONTINUOUS
10
60.8333999999999975
20
-31.4344000000000001
11
70.4737999999999971
21
-31.4344000000000001
0
LINE
8
BLACK
6
CONTINUOUS
10
35.2467419999999976
20
-28.6466010000000004
11
35.4006869999999978
21
-28.710366999999998
0
LINE
8
BLACK
6
CONTINUOUS
10
35.4006869999999978
20
-28.710366999999998
11
35.5392340000000004
21
-28.802940999999997
0
LINE
8
BLACK
6
CONTINUOUS
10
35.5392340000000004
20
-28.802940999999997
11
35.6570589999999967
21
-28.9207660000000004
0
LINE
8
BLACK
6
CONTINUOUS
10
35.6570589999999967
20
-28.9207660000000004
11
35.6832739999999973
21
-28.9599999999999973
0
LINE
8
BLACK
6
CONTINUOUS
10
35.6832739999999973
20
-28.9599999999999973
11
90.7454999999999927
21
-28.9599999999999973
0
LINE
8
BLACK
6
CONTINUOUS
10
90.7454999999999927
20
-28.9599999999999973
11
90.8107479999999896
21
-28.9642769999999992
0
LINE
8
BLACK
6
CONTINUOUS
10
90.8107479999999896
20
-28.9642769999999992
11
90.8107629999999943
21
-28.9642769999999992
0
LINE
8
BLACK
6
CONTINUOUS
10
90.8107629999999943
20
-28.9642769999999992
11
90.9368419999999986
21
-28.9980599999999988
0
LINE
8
BLACK
6
CONTINUOUS
10
90.9368419999999986
20
-28.9980599999999988
11
91.0498809999999992
21
-29.0633229999999969
0
LINE
8
BLACK
6
CONTINUOUS
10
91.0498809999999992
20
-29.0633229999999969
11
91.0498959999999897
21
-29.0633379999999981
0
LINE
8
BLACK
6
CONTINUOUS
10
91.0498959999999897
20
-29.0633379999999981
11
91.0990529999999978
21
-29.1064469999999993
0
LINE
8
BLACK
6
CONTINUOUS
10
91.0990529999999978
20
-29.1064469999999993
11
94.5335529999999977
21
-32.5409459999999982
0
LINE
8
BLACK
6
CONTINUOUS
10
94.5335529999999977
20
-32.5409459999999982
11
94.576667999999998
21
-32.5901099999999957
0
LINE
8
BLACK
6
CONTINUOUS
10
94.576667999999998
20
-32.5901099999999957
11
94.5766769999999894
21
-32.5901190000000014
0
LINE
8
BLACK
6
CONTINUOUS
10
94.5766769999999894
20
-32.5901190000000014
11
94.6419399999999911
21
-32.7031580000000019
0
LINE
8
BLACK
6
CONTINUOUS
10
94.6419399999999911
20
-32.7031580000000019
11
94.6757229999999907
21
-32.8292369999999991
0
LINE
8
BLACK
6
CONTINUOUS
10
94.6757229999999907
20
-32.8292369999999991
11
94.6757229999999907
21
-32.8292519999999968
0
LINE
8
BLACK
6
CONTINUOUS
10
94.6757229999999907
20
-32.8292519999999968
11
94.6799999999999926
21
-32.8945000000000007
0
LINE
8
BLACK
6
CONTINUOUS
10
94.6799999999999926
20
-32.8945000000000007
11
94.6799999999999926
21
-41.5211940000000013
0
LINE
8
BLACK
6
CONTINUOUS
10
94.6799999999999926
20
-41.5211940000000013
11
97.5885529999999903
21
-44.429746999999999
0
LINE
8
BLACK
6
CONTINUOUS
10
97.5885529999999903
20
-44.429746999999999
11
97.6316679999999906
21
-44.4789099999999991
0
LINE
8
BLACK
6
CONTINUOUS
10
97.6316679999999906
20
-44.4789099999999991
11
97.6316769999999963
21
-44.4789189999999977
0
LINE
8
BLACK
6
CONTINUOUS
10
97.6316769999999963
20
-44.4789189999999977
11
97.6389130000000023
21
-44.4914529999999999
0
LINE
8
BLACK
6
CONTINUOUS
10
97.6389130000000023
20
-44.4914529999999999
11
97.6969399999999979
21
-44.5919579999999982
0
LINE
8
BLACK
6
CONTINUOUS
10
97.6969399999999979
20
-44.5919579999999982
11
97.7307229999999976
21
-44.7180369999999954
0
LINE
8
BLACK
6
CONTINUOUS
10
97.7307229999999976
20
-44.7180369999999954
11
97.7307229999999976
21
-44.7180520000000001
0
LINE
8
BLACK
6
CONTINUOUS
10
97.7307229999999976
20
-44.7180520000000001
11
97.7349999999999994
21
-44.783299999999997
0
LINE
8
BLACK
6
CONTINUOUS
10
97.7349999999999994
20
-44.783299999999997
11
97.7349999999999994
21
-49.1115700000000004
0
LINE
8
BLACK
6
CONTINUOUS
10
97.7349999999999994
20
-49.1115700000000004
11
97.7425149999999974
21
-49.1165919999999971
0
LINE
8
BLACK
6
CONTINUOUS
10
97.7425149999999974
20
-49.1165919999999971
11
97.8534080000000017
21
-49.2274849999999944
0
LINE
8
BLACK
6
CONTINUOUS
10
97.8534080000000017
20
-49.2274849999999944
11
97.858429000000001
21
-49.2349999999999994
0
LINE
8
BLACK
6
CONTINUOUS
10
97.858429000000001
20
-49.2349999999999994
11
106.0328939999999989
21
-49.2349999999999994
0
LINE
8
BLACK
6
CONTINUOUS
10
106.0328939999999989
20
-49.2349999999999994
11
121.8732979999999912
21
-33.3945939999999979
0
LINE
8
BLACK
6
CONTINUOUS
10
121.8732979999999912
20
-33.3945939999999979
11
121.8640929999999969
21
-33.3483149999999995
0
LINE
8
BLACK
6
CONTINUOUS
10
121.8640929999999969
20
-33.3483149999999995
11
121.8640929999999969
21
-33.1816850000000017
0
LINE
8
BLACK
6
CONTINUOUS
10
121.8640929999999969
20
-33.1816850000000017
11
121.8966009999999898
21
-33.0182579999999959
0
LINE
8
BLACK
6
CONTINUOUS
10
121.8966009999999898
20
-33.0182579999999959
11
121.9603669999999909
21
-32.8643129999999957
0
LINE
8
BLACK
6
CONTINUOUS
10
121.9603669999999909
20
-32.8643129999999957
11
122.0529409999999899
21
-32.7257660000000001
0
LINE
8
BLACK
6
CONTINUOUS
10
122.0529409999999899
20
-32.7257660000000001
11
122.1707660000000004
21
-32.6079409999999967
0
LINE
8
BLACK
6
CONTINUOUS
10
122.1707660000000004
20
-32.6079409999999967
11
122.3093129999999888
21
-32.5153669999999977
0
LINE
8
BLACK
6
CONTINUOUS
10
122.3093129999999888
20
-32.5153669999999977
11
122.4632579999999962
21
-32.4516009999999966
0
LINE
8
BLACK
6
CONTINUOUS
10
122.4632579999999962
20
-32.4516009999999966
11
122.6266849999999948
21
-32.4190929999999966
0
LINE
8
BLACK
6
CONTINUOUS
10
122.6266849999999948
20
-32.4190929999999966
11
122.7933149999999927
21
-32.4190929999999966
0
LINE
8
BLACK
6
CONTINUOUS
10
122.7933149999999927
20
-32.4190929999999966
11
122.9567419999999913
21
-32.4516009999999966
0
LINE
8
BLACK
6
CONTINUOUS
10
122.9567419999999913
20
-32.4516009999999966
11
123.1106869999999986
21
-32.5153669999999977
0
LINE
8
BLACK
6
CONTINUOUS
10
123.1106869999999986
20
-32.5153669999999977
11
123.2492340000000013
21
-32.6079409999999967
0
LINE
8
BLACK
6
CONTINUOUS
10
123.2492340000000013
20
-32.6079409999999967
11
123.3670589999999976
21
-32.7257660000000001
0
LINE
8
BLACK
6
CONTINUOUS
10
123.3670589999999976
20
-32.7257660000000001
11
123.4596329999999966
21
-32.8643129999999957
0
LINE
8
BLACK
6
CONTINUOUS
10
123.4596329999999966
20
-32.8643129999999957
11
123.5233989999999977
21
-33.0182579999999959
0
LINE
8
BLACK
6
CONTINUOUS
10
123.5233989999999977
20
-33.0182579999999959
11
123.5559069999999906
21
-33.1816850000000017
0
LINE
8
BLACK
6
CONTINUOUS
10
123.5559069999999906
20
-33.1816850000000017
11
123.5559069999999906
21
-33.3483149999999995
0
LINE
8
BLACK
6
CONTINUOUS
10
123.5559069999999906
20
-33.3483149999999995
11
123.5233989999999977
21
-33.5117419999999981
0
LINE
8
BLACK
6
CONTINUOUS
10
123.5233989999999977
20
-33.5117419999999981
11
123.4596329999999966
21
-33.6656869999999984
0
LINE
8
BLACK
6
CONTINUOUS
10
123.4596329999999966
20
-33.6656869999999984
11
123.3670589999999976
21
-33.804234000000001
0
LINE
8
BLACK
6
CONTINUOUS
10
123.3670589999999976
20
-33.804234000000001
11
123.2492340000000013
21
-33.9220589999999973
0
LINE
8
BLACK
6
CONTINUOUS
10
123.2492340000000013
20
-33.9220589999999973
11
123.1106869999999986
21
-34.0146329999999963
0
LINE
8
BLACK
6
CONTINUOUS
10
123.1106869999999986
20
-34.0146329999999963
11
122.9567419999999913
21
-34.0783989999999974
0
LINE
8
BLACK
6
CONTINUOUS
10
122.9567419999999913
20
-34.0783989999999974
11
122.7933149999999927
21
-34.1109069999999974
0
LINE
8
BLACK
6
CONTINUOUS
10
122.7933149999999927
20
-34.1109069999999974
11
122.6266849999999948
21
-34.1109069999999974
0
LINE
8
BLACK
6
CONTINUOUS
10
122.6266849999999948
20
-34.1109069999999974
11
122.5804049999999989
21
-34.1017009999999985
0
LINE
8
BLACK
6
CONTINUOUS
10
122.5804049999999989
20
-34.1017009999999985
11
106.593553
21
-50.0885529999999974
0
LINE
8
BLACK
6
CONTINUOUS
10
106.593553
20
-50.0885529999999974
11
106.5443959999999919
21
-50.1316610000000011
0
LINE
8
BLACK
6
CONTINUOUS
10
106.5443959999999919
20
-50.1316610000000011
11
106.5443810000000013
21
-50.1316769999999963
0
LINE
8
BLACK
6
CONTINUOUS
10
106.5443810000000013
20
-50.1316769999999963
11
106.4313420000000008
21
-50.1969399999999979
0
LINE
8
BLACK
6
CONTINUOUS
10
106.4313420000000008
20
-50.1969399999999979
11
106.3052629999999965
21
-50.2307229999999976
0
LINE
8
BLACK
6
CONTINUOUS
10
106.3052629999999965
20
-50.2307229999999976
11
106.3052479999999917
21
-50.2307229999999976
0
LINE
8
BLACK
6
CONTINUOUS
10
106.3052479999999917
20
-50.2307229999999976
11
106.2399999999999949
21
-50.2349999999999994
0
LINE
8
BLACK
6
CONTINUOUS
10
106.2399999999999949
20
-50.2349999999999994
11
97.858429000000001
21
-50.2349999999999994
0
LINE
8
BLACK
6
CONTINUOUS
10
97.858429000000001
20
-50.2349999999999994
11
97.8534080000000017
21
-50.2425149999999974
0
LINE
8
BLACK
6
CONTINUOUS
10
97.8534080000000017
20
-50.2425149999999974
11
97.7425149999999974
21
-50.3534079999999946
0
LINE
8
BLACK
6
CONTINUOUS
10
97.7425149999999974
20
-50.3534079999999946
11
97.6121169999999978
21
-50.4405369999999991
0
LINE
8
BLACK
6
CONTINUOUS
10
97.6121169999999978
20
-50.4405369999999991
11
97.4672279999999915
21
-50.500551999999999
0
LINE
8
BLACK
6
CONTINUOUS
10
97.4672279999999915
20
-50.500551999999999
11
97.3134139999999945
21
-50.5311479999999946
0
LINE
8
BLACK
6
CONTINUOUS
10
97.3134139999999945
20
-50.5311479999999946
11
97.1565859999999901
21
-50.5311479999999946
0
LINE
8
BLACK
6
CONTINUOUS
10
97.1565859999999901
20
-50.5311479999999946
11
97.0027719999999931
21
-50.500551999999999
0
LINE
8
BLACK
6
CONTINUOUS
10
97.0027719999999931
20
-50.500551999999999
11
96.8578830000000011
21
-50.4405369999999991
0
LINE
8
BLACK
6
CONTINUOUS
10
96.8578830000000011
20
-50.4405369999999991
11
96.7274850000000015
21
-50.3534079999999946
0
LINE
8
BLACK
6
CONTINUOUS
10
96.7274850000000015
20
-50.3534079999999946
11
96.6165919999999971
21
-50.2425149999999974
0
LINE
8
BLACK
6
CONTINUOUS
10
96.6165919999999971
20
-50.2425149999999974
11
96.5294629999999927
21
-50.1121169999999978
0
LINE
8
BLACK
6
CONTINUOUS
10
96.5294629999999927
20
-50.1121169999999978
11
96.4694479999999999
21
-49.9672279999999986
0
LINE
8
BLACK
6
CONTINUOUS
10
96.4694479999999999
20
-49.9672279999999986
11
96.4388519999999971
21
-49.8134139999999945
0
LINE
8
BLACK
6
CONTINUOUS
10
96.4388519999999971
20
-49.8134139999999945
11
96.4388519999999971
21
-49.6565859999999972
0
LINE
8
BLACK
6
CONTINUOUS
10
96.4388519999999971
20
-49.6565859999999972
11
96.4694479999999999
21
-49.5027720000000002
0
LINE
8
BLACK
6
CONTINUOUS
10
96.4694479999999999
20
-49.5027720000000002
11
96.5294629999999927
21
-49.3578830000000011
0
LINE
8
BLACK
6
CONTINUOUS
10
96.5294629999999927
20
-49.3578830000000011
11
96.6165919999999971
21
-49.2274849999999944
0
LINE
8
BLACK
6
CONTINUOUS
10
96.6165919999999971
20
-49.2274849999999944
11
96.7274850000000015
21
-49.1165919999999971
0
LINE
8
BLACK
6
CONTINUOUS
10
96.7274850000000015
20
-49.1165919999999971
11
96.7349999999999994
21
-49.1115700000000004
0
LINE
8
BLACK
6
CONTINUOUS
10
96.7349999999999994
20
-49.1115700000000004
11
96.7349999999999994
21
-44.9904060000000001
0
LINE
8
BLACK
6
CONTINUOUS
10
96.7349999999999994
20
-44.9904060000000001
11
93.9095939999999985
21
-42.1649999999999991
0
LINE
8
BLACK
6
CONTINUOUS
10
93.9095939999999985
20
-42.1649999999999991
11
92.6384290000000021
21
-42.1649999999999991
0
LINE
8
BLACK
6
CONTINUOUS
10
92.6384290000000021
20
-42.1649999999999991
11
92.6334080000000029
21
-42.1725149999999971
0
LINE
8
BLACK
6
CONTINUOUS
10
92.6334080000000029
20
-42.1725149999999971
11
92.5225149999999985
21
-42.2834080000000014
0
LINE
8
BLACK
6
CONTINUOUS
10
92.5225149999999985
20
-42.2834080000000014
11
92.3921169999999989
21
-42.3705369999999988
0
LINE
8
BLACK
6
CONTINUOUS
10
92.3921169999999989
20
-42.3705369999999988
11
92.2472279999999927
21
-42.4305519999999987
0
LINE
8
BLACK
6
CONTINUOUS
10
92.2472279999999927
20
-42.4305519999999987
11
92.0934139999999957
21
-42.4611480000000014
0
LINE
8
BLACK
6
CONTINUOUS
10
92.0934139999999957
20
-42.4611480000000014
11
92.0150000000000006
21
-42.4649999999999963
0
LINE
8
BLACK
6
CONTINUOUS
10
92.0150000000000006
20
-42.4649999999999963
11
91.2149999999999892
21
-42.4649999999999963
0
LINE
8
BLACK
6
CONTINUOUS
10
91.2149999999999892
20
-42.4649999999999963
11
91.1365859999999941
21
-42.4611480000000014
0
LINE
8
BLACK
6
CONTINUOUS
10
91.1365859999999941
20
-42.4611480000000014
11
90.9827719999999971
21
-42.4305519999999987
0
LINE
8
BLACK
6
CONTINUOUS
10
90.9827719999999971
20
-42.4305519999999987
11
90.8378829999999908
21
-42.3705369999999988
0
LINE
8
BLACK
6
CONTINUOUS
10
90.8378829999999908
20
-42.3705369999999988
11
90.7074849999999913
21
-42.2834080000000014
0
LINE
8
BLACK
6
CONTINUOUS
10
90.7074849999999913
20
-42.2834080000000014
11
90.5965920000000011
21
-42.1725149999999971
0
LINE
8
BLACK
6
CONTINUOUS
10
90.5965920000000011
20
-42.1725149999999971
11
90.5094629999999967
21
-42.0421169999999975
0
LINE
8
BLACK
6
CONTINUOUS
10
90.5094629999999967
20
-42.0421169999999975
11
90.4494479999999896
21
-41.8972279999999984
0
LINE
8
BLACK
6
CONTINUOUS
10
90.4494479999999896
20
-41.8972279999999984
11
90.4188520000000011
21
-41.7434140000000014
0
LINE
8
BLACK
6
CONTINUOUS
10
90.4188520000000011
20
-41.7434140000000014
11
90.4188520000000011
21
-41.5865859999999969
0
LINE
8
BLACK
6
CONTINUOUS
10
90.4188520000000011
20
-41.5865859999999969
11
90.4494479999999896
21
-41.4327719999999999
0
LINE
8
BLACK
6
CONTINUOUS
10
90.4494479999999896
20
-41.4327719999999999
11
90.5094629999999967
21
-41.2878830000000008
0
LINE
8
BLACK
6
CONTINUOUS
10
90.5094629999999967
20
-41.2878830000000008
11
90.5965920000000011
21
-41.1574850000000012
0
LINE
8
BLACK
6
CONTINUOUS
10
90.5965920000000011
20
-41.1574850000000012
11
90.7074849999999913
21
-41.0465919999999969
0
LINE
8
BLACK
6
CONTINUOUS
10
90.7074849999999913
20
-41.0465919999999969
11
90.8378829999999908
21
-40.9594629999999995
0
LINE
8
BLACK
6
CONTINUOUS
10
90.8378829999999908
20
-40.9594629999999995
11
90.9827719999999971
21
-40.8994479999999996
0
LINE
8
BLACK
6
CONTINUOUS
10
90.9827719999999971
20
-40.8994479999999996
11
91.1365859999999941
21
-40.8688519999999968
0
LINE
8
BLACK
6
CONTINUOUS
10
91.1365859999999941
20
-40.8688519999999968
11
91.2149999999999892
21
-40.8649999999999949
0
LINE
8
BLACK
6
CONTINUOUS
10
91.2149999999999892
20
-40.8649999999999949
11
92.0150000000000006
21
-40.8649999999999949
0
LINE
8
BLACK
6
CONTINUOUS
10
92.0150000000000006
20
-40.8649999999999949
11
92.0934139999999957
21
-40.8688519999999968
0
LINE
8
BLACK
6
CONTINUOUS
10
92.0934139999999957
20
-40.8688519999999968
11
92.2472279999999927
21
-40.8994479999999996
0
LINE
8
BLACK
6
CONTINUOUS
10
92.2472279999999927
20
-40.8994479999999996
11
92.3921169999999989
21
-40.9594629999999995
0
LINE
8
BLACK
6
CONTINUOUS
10
92.3921169999999989
20
-40.9594629999999995
11
92.5225149999999985
21
-41.0465919999999969
0
LINE
8
BLACK
6
CONTINUOUS
10
92.5225149999999985
20
-41.0465919999999969
11
92.6334080000000029
21
-41.1574850000000012
0
LINE
8
BLACK
6
CONTINUOUS
10
92.6334080000000029
20
-41.1574850000000012
11
92.6384290000000021
21
-41.1649999999999991
0
LINE
8
BLACK
6
CONTINUOUS
10
92.6384290000000021
20
-41.1649999999999991
11
93.6799999999999926
21
-41.1649999999999991
0
LINE
8
BLACK
6
CONTINUOUS
10
93.6799999999999926
20
-41.1649999999999991
11
93.6799999999999926
21
-33.1016059999999968
0
LINE
8
BLACK
6
CONTINUOUS
10
93.6799999999999926
20
-33.1016059999999968
11
90.5383939999999967
21
-29.9599999999999973
0
LINE
8
BLACK
6
CONTINUOUS
10
90.5383939999999967
20
-29.9599999999999973
11
35.6832739999999973
21
-29.9599999999999973
0
LINE
8
BLACK
6
CONTINUOUS
10
35.6832739999999973
20
-29.9599999999999973
11
35.6570589999999967
21
-29.9992339999999977
0
LINE
8
BLACK
6
CONTINUOUS
10
35.6570589999999967
20
-29.9992339999999977
11
35.5392340000000004
21
-30.1170589999999976
0
LINE
8
BLACK
6
CONTINUOUS
10
35.5392340000000004
20
-30.1170589999999976
11
35.4006869999999978
21
-30.2096330000000002
0
LINE
8
BLACK
6
CONTINUOUS
10
35.4006869999999978
20
-30.2096330000000002
11
35.2467419999999976
21
-30.2733989999999977
0
LINE
8
BLACK
6
CONTINUOUS
10
35.2467419999999976
20
-30.2733989999999977
11
35.0833149999999989
21
-30.3059069999999977
0
LINE
8
BLACK
6
CONTINUOUS
10
35.0833149999999989
20
-30.3059069999999977
11
34.9166850000000011
21
-30.3059069999999977
0
LINE
8
BLACK
6
CONTINUOUS
10
34.9166850000000011
20
-30.3059069999999977
11
34.7532579999999953
21
-30.2733989999999977
0
LINE
8
BLACK
6
CONTINUOUS
10
34.7532579999999953
20
-30.2733989999999977
11
34.5993129999999951
21
-30.2096330000000002
0
LINE
8
BLACK
6
CONTINUOUS
10
34.5993129999999951
20
-30.2096330000000002
11
34.4607659999999996
21
-30.1170589999999976
0
LINE
8
BLACK
6
CONTINUOUS
10
34.4607659999999996
20
-30.1170589999999976
11
34.3429409999999962
21
-29.9992339999999977
0
LINE
8
BLACK
6
CONTINUOUS
10
34.3429409999999962
20
-29.9992339999999977
11
34.2503669999999971
21
-29.8606869999999986
0
LINE
8
BLACK
6
CONTINUOUS
10
34.2503669999999971
20
-29.8606869999999986
11
34.186600999999996
21
-29.7067419999999984
0
LINE
8
BLACK
6
CONTINUOUS
10
34.186600999999996
20
-29.7067419999999984
11
34.154092999999996
21
-29.5433149999999998
0
LINE
8
BLACK
6
CONTINUOUS
10
34.154092999999996
20
-29.5433149999999998
11
34.154092999999996
21
-29.3766849999999984
0
LINE
8
BLACK
6
CONTINUOUS
10
34.154092999999996
20
-29.3766849999999984
11
34.186600999999996
21
-29.2132579999999997
0
LINE
8
BLACK
6
CONTINUOUS
10
34.186600999999996
20
-29.2132579999999997
11
34.2503669999999971
21
-29.0593129999999995
0
LINE
8
BLACK
6
CONTINUOUS
10
34.2503669999999971
20
-29.0593129999999995
11
34.3429409999999962
21
-28.9207660000000004
0
LINE
8
BLACK
6
CONTINUOUS
10
34.3429409999999962
20
-28.9207660000000004
11
34.4607659999999996
21
-28.802940999999997
0
LINE
8
BLACK
6
CONTINUOUS
10
34.4607659999999996
20
-28.802940999999997
11
34.5993129999999951
21
-28.710366999999998
0
LINE
8
BLACK
6
CONTINUOUS
10
34.5993129999999951
20
-28.710366999999998
11
34.7532579999999953
21
-28.6466010000000004
0
LINE
8
BLACK
6
CONTINUOUS
10
34.7532579999999953
20
-28.6466010000000004
11
34.9166850000000011
21
-28.6140930000000004
0
LINE
8
BLACK
6
CONTINUOUS
10
34.9166850000000011
20
-28.6140930000000004
11
35.0833149999999989
21
-28.6140930000000004
0
LINE
8
BLACK
6
CONTINUOUS
10
35.0833149999999989
20
-28.6140930000000004
11
35.2467419999999976
21
-28.6466010000000004
0
LINE
8
BLACK
6
CONTINUOUS
10
59.9357919999999993
20
-30.7801849999999995
11
59.9815469999999991
21
-30.8329889999999978
0
LINE
8
BLACK
6
CONTINUOUS
10
59.9815469999999991
20
-30.8329889999999978
11
59.9914909999999963
21
-30.9021469999999994
0
LINE
8
BLACK
6
CONTINUOUS
10
59.9914909999999963
20
-30.9021469999999994
11
59.9624659999999992
21
-30.9657029999999978
0
LINE
8
BLACK
6
CONTINUOUS
10
59.9624659999999992
20
-30.9657029999999978
11
59.9564339999999945
21
-30.9721809999999991
0
LINE
8
BLACK
6
CONTINUOUS
10
59.9564339999999945
20
-30.9721809999999991
11
56.6871809999999954
21
-34.2414339999999982
0
LINE
8
BLACK
6
CONTINUOUS
10
56.6871809999999954
20
-34.2414339999999982
11
56.6258580000000009
21
-34.274918999999997
0
LINE
8
BLACK
6
CONTINUOUS
10
56.6258580000000009
20
-34.274918999999997
11
56.5561659999999975
21
-34.2699349999999967
0
LINE
8
BLACK
6
CONTINUOUS
10
56.5561659999999975
20
-34.2699349999999967
11
56.5002329999999944
21
-34.2280629999999988
0
LINE
8
BLACK
6
CONTINUOUS
10
56.5002329999999944
20
-34.2280629999999988
11
56.4758159999999947
21
-34.1625990000000002
0
LINE
8
BLACK
6
CONTINUOUS
10
56.4758159999999947
20
-34.1625990000000002
11
56.4754999999999967
21
-34.1537530000000018
0
LINE
8
BLACK
6
CONTINUOUS
10
56.4754999999999967
20
-34.1537530000000018
11
56.4754999999999967
21
-33.4433949999999953
0
LINE
8
BLACK
6
CONTINUOUS
10
56.4754999999999967
20
-33.4433949999999953
11
56.4742409999999992
21
-33.4306160000000006
0
LINE
8
BLACK
6
CONTINUOUS
10
56.4742409999999992
20
-33.4306160000000006
11
56.4602999999999966
21
-33.2890659999999983
0
LINE
8
BLACK
6
CONTINUOUS
10
56.4602999999999966
20
-33.2890659999999983
11
56.4002319999999955
21
-33.0910459999999986
0
LINE
8
BLACK
6
CONTINUOUS
10
56.4002319999999955
20
-33.0910459999999986
11
56.3026849999999968
21
-32.9085499999999982
0
LINE
8
BLACK
6
CONTINUOUS
10
56.3026849999999968
20
-32.9085499999999982
11
56.1943339999999978
21
-32.7765229999999974
0
LINE
8
BLACK
6
CONTINUOUS
10
56.1943339999999978
20
-32.7765229999999974
11
56.1714099999999945
21
-32.7485889999999955
0
LINE
8
BLACK
6
CONTINUOUS
10
56.1714099999999945
20
-32.7485889999999955
11
56.0286469999999994
21
-32.6314279999999997
0
LINE
8
BLACK
6
CONTINUOUS
10
56.0286469999999994
20
-32.6314279999999997
11
56.0114499999999964
21
-32.6173149999999978
0
LINE
8
BLACK
6
CONTINUOUS
10
56.0114499999999964
20
-32.6173149999999978
11
55.828953999999996
21
-32.5197679999999991
0
LINE
8
BLACK
6
CONTINUOUS
10
55.828953999999996
20
-32.5197679999999991
11
55.6309339999999963
21
-32.459699999999998
0
LINE
8
BLACK
6
CONTINUOUS
10
55.6309339999999963
20
-32.459699999999998
11
55.6309319999999943
21
-32.4596990000000005
0
LINE
8
BLACK
6
CONTINUOUS
10
55.6309319999999943
20
-32.4596990000000005
11
55.6309339999999963
21
-32.4596990000000005
0
LINE
8
BLACK
6
CONTINUOUS
10
55.6309339999999963
20
-32.4596990000000005
11
55.5069449999999946
21
-32.4474879999999999
0
LINE
8
BLACK
6
CONTINUOUS
10
55.5069449999999946
20
-32.4474879999999999
11
55.4766079999999988
21
-32.4444999999999979
0
LINE
8
BLACK
6
CONTINUOUS
10
55.4766079999999988
20
-32.4444999999999979
11
53.4733919999999969
21
-32.4444999999999979
0
LINE
8
BLACK
6
CONTINUOUS
10
53.4733919999999969
20
-32.4444999999999979
11
53.4430550000000011
21
-32.4474879999999999
0
LINE
8
BLACK
6
CONTINUOUS
10
53.4430550000000011
20
-32.4474879999999999
11
53.3190669999999969
21
-32.4596990000000005
0
LINE
8
BLACK
6
CONTINUOUS
10
53.3190669999999969
20
-32.4596990000000005
11
53.1210430000000002
21
-32.5197689999999966
0
LINE
8
BLACK
6
CONTINUOUS
10
53.1210430000000002
20
-32.5197689999999966
11
52.9385459999999952
21
-32.6173169999999999
0
LINE
8
BLACK
6
CONTINUOUS
10
52.9385459999999952
20
-32.6173169999999999
11
52.8178709999999967
21
-32.716352999999998
0
LINE
8
BLACK
6
CONTINUOUS
10
52.8178709999999967
20
-32.716352999999998
11
52.7535609999999977
21
-32.7436659999999975
0
LINE
8
BLACK
6
CONTINUOUS
10
52.7535609999999977
20
-32.7436659999999975
11
52.7392059999999958
21
-32.7444999999999951
0
LINE
8
BLACK
6
CONTINUOUS
10
52.7392059999999958
20
-32.7444999999999951
11
51.8151480000000006
21
-32.7444999999999951
0
LINE
8
BLACK
6
CONTINUOUS
10
51.8151480000000006
20
-32.7444999999999951
11
51.7908289999999951
21
-32.7483509999999995
0
LINE
8
BLACK
6
CONTINUOUS
10
51.7908289999999951
20
-32.7483509999999995
11
51.6129649999999955
21
-32.7765219999999999
0
LINE
8
BLACK
6
CONTINUOUS
10
51.6129649999999955
20
-32.7765219999999999
11
51.4182759999999988
21
-32.839780999999995
0
LINE
8
BLACK
6
CONTINUOUS
10
51.4182759999999988
20
-32.839780999999995
11
51.2358860000000007
21
-32.9327150000000017
0
LINE
8
BLACK
6
CONTINUOUS
10
51.2358860000000007
20
-32.9327150000000017
11
51.1186389999999946
21
-33.0178999999999974
0
LINE
8
BLACK
6
CONTINUOUS
10
51.1186389999999946
20
-33.0178999999999974
11
51.1186379999999971
21
-33.0179010000000019
0
LINE
8
BLACK
6
CONTINUOUS
10
51.1186379999999971
20
-33.0179010000000019
11
51.0702840000000009
21
-33.0530299999999997
0
LINE
8
BLACK
6
CONTINUOUS
10
51.0702840000000009
20
-33.0530299999999997
11
49.1566359999999989
21
-34.9666780000000017
0
LINE
8
BLACK
6
CONTINUOUS
10
49.1566359999999989
20
-34.9666780000000017
11
49.0363159999999993
21
-35.1322839999999985
0
LINE
8
BLACK
6
CONTINUOUS
10
49.0363159999999993
20
-35.1322839999999985
11
49.0363139999999973
21
-35.132286999999998
0
LINE
8
BLACK
6
CONTINUOUS
10
49.0363139999999973
20
-35.132286999999998
11
49.0043779999999956
21
-35.1949660000000009
0
LINE
8
BLACK
6
CONTINUOUS
10
49.0043779999999956
20
-35.1949660000000009
11
48.9433809999999951
21
-35.3146759999999986
0
LINE
8
BLACK
6
CONTINUOUS
10
48.9433809999999951
20
-35.3146759999999986
11
48.8801220000000001
21
-35.5093649999999954
0
LINE
8
BLACK
6
CONTINUOUS
10
48.8801220000000001
20
-35.5093649999999954
11
48.8480999999999952
21
-35.7115480000000005
0
LINE
8
BLACK
6
CONTINUOUS
10
48.8480999999999952
20
-35.7115480000000005
11
48.8480999999999952
21
-42.5060509999999994
0
LINE
8
BLACK
6
CONTINUOUS
10
48.8480999999999952
20
-42.5060509999999994
11
48.8801229999999975
21
-42.7082349999999948
0
LINE
8
BLACK
6
CONTINUOUS
10
48.8801229999999975
20
-42.7082349999999948
11
48.8801229999999975
21
-42.7082380000000015
0
LINE
8
BLACK
6
CONTINUOUS
10
48.8801229999999975
20
-42.7082380000000015
11
48.9433779999999956
21
-42.9029159999999976
0
LINE
8
BLACK
6
CONTINUOUS
10
48.9433779999999956
20
-42.9029159999999976
11
48.9433799999999977
21
-42.9029189999999971
0
LINE
8
BLACK
6
CONTINUOUS
10
48.9433799999999977
20
-42.9029189999999971
11
48.9589499999999944
21
-42.9334769999999963
0
LINE
8
BLACK
6
CONTINUOUS
10
48.9589499999999944
20
-42.9334769999999963
11
49.0363129999999998
21
-43.0853109999999973
0
LINE
8
BLACK
6
CONTINUOUS
10
49.0363129999999998
20
-43.0853109999999973
11
49.1566339999999968
21
-43.2509189999999961
0
LINE
8
BLACK
6
CONTINUOUS
10
49.1566339999999968
20
-43.2509189999999961
11
49.1566359999999989
21
-43.2509209999999982
0
LINE
8
BLACK
6
CONTINUOUS
10
49.1566359999999989
20
-43.2509209999999982
11
53.8556639999999973
21
-47.9499489999999966
0
LINE
8
BLACK
6
CONTINUOUS
10
53.8556639999999973
20
-47.9499489999999966
11
53.8891489999999962
21
-48.0112719999999982
0
LINE
8
BLACK
6
CONTINUOUS
10
53.8891489999999962
20
-48.0112719999999982
11
53.8841649999999959
21
-48.0809639999999945
0
LINE
8
BLACK
6
CONTINUOUS
10
53.8841649999999959
20
-48.0809639999999945
11
53.842292999999998
21
-48.1368969999999976
0
LINE
8
BLACK
6
CONTINUOUS
10
53.842292999999998
20
-48.1368969999999976
11
53.7873820000000009
21
-48.1601029999999994
0
LINE
8
BLACK
6
CONTINUOUS
10
53.7873820000000009
20
-48.1601029999999994
11
53.700212999999998
21
-48.1739099999999993
0
LINE
8
BLACK
6
CONTINUOUS
10
53.700212999999998
20
-48.1739099999999993
11
53.4606159999999946
21
-48.2517599999999973
0
LINE
8
BLACK
6
CONTINUOUS
10
53.4606159999999946
20
-48.2517599999999973
11
53.2361539999999991
21
-48.3661299999999983
0
LINE
8
BLACK
6
CONTINUOUS
10
53.2361539999999991
20
-48.3661299999999983
11
53.2058499999999981
21
-48.388148000000001
0
LINE
8
BLACK
6
CONTINUOUS
10
53.2058499999999981
20
-48.388148000000001
11
53.1746459999999956
21
-48.410817999999999
0
LINE
8
BLACK
6
CONTINUOUS
10
53.1746459999999956
20
-48.410817999999999
11
53.1546009999999995
21
-48.4179699999999968
0
LINE
8
BLACK
6
CONTINUOUS
10
53.1546009999999995
20
-48.4179699999999968
11
53.1366969999999981
21
-48.4294769999999986
0
LINE
8
BLACK
6
CONTINUOUS
10
53.1366969999999981
20
-48.4294769999999986
11
53.1126719999999963
21
-48.4329309999999964
0
LINE
8
BLACK
6
CONTINUOUS
10
53.1126719999999963
20
-48.4329309999999964
11
53.1088419999999957
21
-48.4342979999999983
0
LINE
8
BLACK
6
CONTINUOUS
10
53.1088419999999957
20
-48.4342979999999983
11
53.1017620000000008
21
-48.4344999999999999
0
LINE
8
BLACK
6
CONTINUOUS
10
53.1017620000000008
20
-48.4344999999999999
11
52.9367469999999969
21
-48.4344999999999999
0
LINE
8
BLACK
6
CONTINUOUS
10
52.9367469999999969
20
-48.4344999999999999
11
52.8697079999999957
21
-48.4148149999999973
0
LINE
8
BLACK
6
CONTINUOUS
10
52.8697079999999957
20
-48.4148149999999973
11
52.8490660000000005
21
-48.398181000000001
0
LINE
8
BLACK
6
CONTINUOUS
10
52.8490660000000005
20
-48.398181000000001
11
37.9989209999999957
21
-33.5480359999999962
0
LINE
8
BLACK
6
CONTINUOUS
10
37.9989209999999957
20
-33.5480359999999962
11
37.9989190000000008
21
-33.5480340000000012
0
LINE
8
BLACK
6
CONTINUOUS
10
37.9989190000000008
20
-33.5480340000000012
11
37.8333109999999948
21
-33.4277129999999971
0
LINE
8
BLACK
6
CONTINUOUS
10
37.8333109999999948
20
-33.4277129999999971
11
37.7070689999999971
21
-33.3633899999999954
0
LINE
8
BLACK
6
CONTINUOUS
10
37.7070689999999971
20
-33.3633899999999954
11
37.6509190000000018
21
-33.334779999999995
0
LINE
8
BLACK
6
CONTINUOUS
10
37.6509190000000018
20
-33.334779999999995
11
37.5102259999999958
21
-33.2890659999999983
0
LINE
8
BLACK
6
CONTINUOUS
10
37.5102259999999958
20
-33.2890659999999983
11
37.5073149999999984
21
-33.2881199999999993
0
LINE
8
BLACK
6
CONTINUOUS
10
37.5073149999999984
20
-33.2881199999999993
11
37.5072989999999962
21
-33.2881140000000002
0
LINE
8
BLACK
6
CONTINUOUS
10
37.5072989999999962
20
-33.2881140000000002
11
37.456235999999997
21
-33.271523000000002
0
LINE
8
BLACK
6
CONTINUOUS
10
37.456235999999997
20
-33.271523000000002
11
37.4562309999999954
21
-33.2715219999999974
0
LINE
8
BLACK
6
CONTINUOUS
10
37.4562309999999954
20
-33.2715219999999974
11
37.2668619999999962
21
-33.2415289999999999
0
LINE
8
BLACK
6
CONTINUOUS
10
37.2668619999999962
20
-33.2415289999999999
11
37.2540520000000015
21
-33.2394999999999996
0
LINE
8
BLACK
6
CONTINUOUS
10
37.2540520000000015
20
-33.2394999999999996
11
37.2540509999999969
21
-33.2394999999999996
0
LINE
8
BLACK
6
CONTINUOUS
10
37.2540509999999969
20
-33.2394999999999996
11
36.5808099999999996
21
-33.2394999999999996
0
LINE
8
BLACK
6
CONTINUOUS
10
36.5808099999999996
20
-33.2394999999999996
11
36.5508409999999984
21
-33.2306999999999988
0
LINE
8
BLACK
6
CONTINUOUS
10
36.5508409999999984
20
-33.2306999999999988
11
36.5203759999999988
21
-33.2237760000000009
0
LINE
8
BLACK
6
CONTINUOUS
10
36.5203759999999988
20
-33.2237760000000009
11
36.516728999999998
21
-33.2206830000000011
0
LINE
8
BLACK
6
CONTINUOUS
10
36.516728999999998
20
-33.2206830000000011
11
36.5137709999999984
21
-33.219814999999997
0
LINE
8
BLACK
6
CONTINUOUS
10
36.5137709999999984
20
-33.219814999999997
11
36.4923189999999948
21
-33.2023639999999958
0
LINE
8
BLACK
6
CONTINUOUS
10
36.4923189999999948
20
-33.2023639999999958
11
36.4831129999999959
21
-33.1929859999999977
0
LINE
8
BLACK
6
CONTINUOUS
10
36.4831129999999959
20
-33.1929859999999977
11
36.4798159999999996
21
-33.187737999999996
0
LINE
8
BLACK
6
CONTINUOUS
10
36.4798159999999996
20
-33.187737999999996
11
36.3789859999999976
21
-33.0869080000000011
0
LINE
8
BLACK
6
CONTINUOUS
10
36.3789859999999976
20
-33.0869080000000011
11
36.3786130000000014
21
-33.0865280000000013
0
LINE
8
BLACK
6
CONTINUOUS
10
36.3786130000000014
20
-33.0865280000000013
11
36.3623869999999982
21
-33.0561469999999957
0
LINE
8
BLACK
6
CONTINUOUS
10
36.3623869999999982
20
-33.0561469999999957
11
36.3459379999999967
21
-33.0260219999999975
0
LINE
8
BLACK
6
CONTINUOUS
10
36.3459379999999967
20
-33.0260219999999975
11
36.3459799999999973
21
-33.025425999999996
0
LINE
8
BLACK
6
CONTINUOUS
10
36.3459799999999973
20
-33.025425999999996
11
36.3456979999999987
21
-33.0248969999999957
0
LINE
8
BLACK
6
CONTINUOUS
10
36.3456979999999987
20
-33.0248969999999957
11
36.3484709999999964
21
-32.9905889999999999
0
LINE
8
BLACK
6
CONTINUOUS
10
36.3484709999999964
20
-32.9905889999999999
11
36.3509219999999971
21
-32.9563300000000012
0
LINE
8
BLACK
6
CONTINUOUS
10
36.3509219999999971
20
-32.9563300000000012
11
36.3512979999999999
21
-32.9556279999999973
0
LINE
8
BLACK
6
CONTINUOUS
10
36.3512979999999999
20
-32.9556279999999973
11
36.3513289999999998
21
-32.9552539999999965
0
LINE
8
BLACK
6
CONTINUOUS
10
36.3513289999999998
20
-32.9552539999999965
11
36.3519039999999976
21
-32.9544999999999959
0
LINE
8
BLACK
6
CONTINUOUS
10
36.3519039999999976
20
-32.9544999999999959
11
36.3667859999999976
21
-32.9267779999999988
0
LINE
8
BLACK
6
CONTINUOUS
10
36.3667859999999976
20
-32.9267779999999988
11
36.4116339999999994
21
-32.8650510000000011
0
LINE
8
BLACK
6
CONTINUOUS
10
36.4116339999999994
20
-32.8650510000000011
11
36.5295789999999982
21
-32.6335720000000009
0
LINE
8
BLACK
6
CONTINUOUS
10
36.5295789999999982
20
-32.6335720000000009
11
36.6098599999999976
21
-32.3864930000000015
0
LINE
8
BLACK
6
CONTINUOUS
10
36.6098599999999976
20
-32.3864930000000015
11
36.6341989999999953
21
-32.2328189999999992
0
LINE
8
BLACK
6
CONTINUOUS
10
36.6341989999999953
20
-32.2328189999999992
11
36.650500000000001
21
-32.1299020000000013
0
LINE
8
BLACK
6
CONTINUOUS
10
36.650500000000001
20
-32.1299020000000013
11
36.650500000000001
21
-31.8700969999999977
0
LINE
8
BLACK
6
CONTINUOUS
10
36.650500000000001
20
-31.8700969999999977
11
36.6289469999999966
21
-31.7340209999999985
0
LINE
8
BLACK
6
CONTINUOUS
10
36.6289469999999966
20
-31.7340209999999985
11
36.6098599999999976
21
-31.6135069999999985
0
LINE
8
BLACK
6
CONTINUOUS
10
36.6098599999999976
20
-31.6135069999999985
11
36.5295789999999982
21
-31.3664279999999991
0
LINE
8
BLACK
6
CONTINUOUS
10
36.5295789999999982
20
-31.3664279999999991
11
36.5295769999999962
21
-31.3664249999999996
0
LINE
8
BLACK
6
CONTINUOUS
10
36.5295769999999962
20
-31.3664249999999996
11
36.5295769999999962
21
-31.3664229999999975
0
LINE
8
BLACK
6
CONTINUOUS
10
36.5295769999999962
20
-31.3664229999999975
11
36.4867869999999996
21
-31.2824449999999992
0
LINE
8
BLACK
6
CONTINUOUS
10
36.4867869999999996
20
-31.2824449999999992
11
36.4116339999999994
21
-31.1349489999999989
0
LINE
8
BLACK
6
CONTINUOUS
10
36.4116339999999994
20
-31.1349489999999989
11
36.3937090000000012
21
-31.1102779999999974
0
LINE
8
BLACK
6
CONTINUOUS
10
36.3937090000000012
20
-31.1102779999999974
11
36.282626999999998
21
-30.9573849999999986
0
LINE
8
BLACK
6
CONTINUOUS
10
36.282626999999998
20
-30.9573849999999986
11
36.2591469999999987
21
-30.8915790000000001
0
LINE
8
BLACK
6
CONTINUOUS
10
36.2591469999999987
20
-30.8915790000000001
11
36.2749729999999957
21
-30.8235250000000001
0
LINE
8
BLACK
6
CONTINUOUS
10
36.2749729999999957
20
-30.8235250000000001
11
36.3250779999999978
21
-30.7748299999999979
0
LINE
8
BLACK
6
CONTINUOUS
10
36.3250779999999978
20
-30.7748299999999979
11
36.3829449999999994
21
-30.7604999999999968
0
LINE
8
BLACK
6
CONTINUOUS
10
36.3829449999999994
20
-30.7604999999999968
11
59.8687529999999981
21
-30.7604999999999968
0
LINE
8
BLACK
6
CONTINUOUS
10
59.8687529999999981
20
-30.7604999999999968
11
59.9357919999999993
21
-30.7801849999999995
0
LINE
8
BLACK
6
CONTINUOUS
10
95.3871919999999989
20
-28.6227850000000004
11
95.407833999999994
21
-28.6394190000000002
0
LINE
8
BLACK
6
CONTINUOUS
10
95.407833999999994
20
-28.6394190000000002
11
99.0012339999999966
21
-32.2328189999999992
0
LINE
8
BLACK
6
CONTINUOUS
10
99.0012339999999966
20
-32.2328189999999992
11
99.0347189999999955
21
-32.2941420000000008
0
LINE
8
BLACK
6
CONTINUOUS
10
99.0347189999999955
20
-32.2941420000000008
11
99.0297350000000023
21
-32.3638339999999971
0
LINE
8
BLACK
6
CONTINUOUS
10
99.0297350000000023
20
-32.3638339999999971
11
98.9878629999999902
21
-32.4197670000000002
0
LINE
8
BLACK
6
CONTINUOUS
10
98.9878629999999902
20
-32.4197670000000002
11
98.9223989999999986
21
-32.4441839999999999
0
LINE
8
BLACK
6
CONTINUOUS
10
98.9223989999999986
20
-32.4441839999999999
11
98.9135529999999932
21
-32.4444999999999979
0
LINE
8
BLACK
6
CONTINUOUS
10
98.9135529999999932
20
-32.4444999999999979
11
98.7090379999999925
21
-32.4444999999999979
0
LINE
8
BLACK
6
CONTINUOUS
10
98.7090379999999925
20
-32.4444999999999979
11
98.6130759999999924
21
-32.4596990000000005
0
LINE
8
BLACK
6
CONTINUOUS
10
98.6130759999999924
20
-32.4596990000000005
11
98.4602139999999935
21
-32.4839100000000016
0
LINE
8
BLACK
6
CONTINUOUS
10
98.4602139999999935
20
-32.4839100000000016
11
98.2206159999999926
21
-32.5617599999999996
0
LINE
8
BLACK
6
CONTINUOUS
10
98.2206159999999926
20
-32.5617599999999996
11
97.9961509999999976
21
-32.6761319999999955
0
LINE
8
BLACK
6
CONTINUOUS
10
97.9961509999999976
20
-32.6761319999999955
11
97.792349999999999
21
-32.8242009999999951
0
LINE
8
BLACK
6
CONTINUOUS
10
97.792349999999999
20
-32.8242009999999951
11
97.7923449999999974
21
-32.8242049999999992
0
LINE
8
BLACK
6
CONTINUOUS
10
97.7923449999999974
20
-32.8242049999999992
11
97.6142049999999983
21
-33.0023449999999983
0
LINE
8
BLACK
6
CONTINUOUS
10
97.6142049999999983
20
-33.0023449999999983
11
97.6142009999999942
21
-33.0023499999999999
0
LINE
8
BLACK
6
CONTINUOUS
10
97.6142009999999942
20
-33.0023499999999999
11
97.4661320000000018
21
-33.2061509999999984
0
LINE
8
BLACK
6
CONTINUOUS
10
97.4661320000000018
20
-33.2061509999999984
11
97.3517599999999987
21
-33.4306160000000006
0
LINE
8
BLACK
6
CONTINUOUS
10
97.3517599999999987
20
-33.4306160000000006
11
97.2822779999999909
21
-33.6444599999999951
0
LINE
8
BLACK
6
CONTINUOUS
10
97.2822779999999909
20
-33.6444599999999951
11
97.2739100000000008
21
-33.6702149999999989
0
LINE
8
BLACK
6
CONTINUOUS
10
97.2739100000000008
20
-33.6702149999999989
11
97.234499999999997
21
-33.9190380000000005
0
LINE
8
BLACK
6
CONTINUOUS
10
97.234499999999997
20
-33.9190380000000005
11
97.234499999999997
21
-34.1709619999999958
0
LINE
8
BLACK
6
CONTINUOUS
10
97.234499999999997
20
-34.1709619999999958
11
97.2739100000000008
21
-34.4197849999999974
0
LINE
8
BLACK
6
CONTINUOUS
10
97.2739100000000008
20
-34.4197849999999974
11
97.3517599999999987
21
-34.6593829999999983
0
LINE
8
BLACK
6
CONTINUOUS
10
97.3517599999999987
20
-34.6593829999999983
11
97.4200529999999958
21
-34.7934139999999985
0
LINE
8
BLACK
6
CONTINUOUS
10
97.4200529999999958
20
-34.7934139999999985
11
97.4652349999999927
21
-34.8820890000000006
0
LINE
8
BLACK
6
CONTINUOUS
10
97.4652349999999927
20
-34.8820890000000006
11
97.4661320000000018
21
-34.8838480000000004
0
LINE
8
BLACK
6
CONTINUOUS
10
97.4661320000000018
20
-34.8838480000000004
11
97.6142009999999942
21
-35.087648999999999
0
LINE
8
BLACK
6
CONTINUOUS
10
97.6142009999999942
20
-35.087648999999999
11
97.6142049999999983
21
-35.0876540000000006
0
LINE
8
BLACK
6
CONTINUOUS
10
97.6142049999999983
20
-35.0876540000000006
11
97.753869999999992
21
-35.2273190000000014
0
LINE
8
BLACK
6
CONTINUOUS
10
97.753869999999992
20
-35.2273190000000014
11
97.7873549999999909
21
-35.2886419999999958
0
LINE
8
BLACK
6
CONTINUOUS
10
97.7873549999999909
20
-35.2886419999999958
11
97.7823709999999977
21
-35.3583339999999993
0
LINE
8
BLACK
6
CONTINUOUS
10
97.7823709999999977
20
-35.3583339999999993
11
97.753869999999992
21
-35.4026810000000012
0
LINE
8
BLACK
6
CONTINUOUS
10
97.753869999999992
20
-35.4026810000000012
11
97.6142049999999983
21
-35.5423449999999974
0
LINE
8
BLACK
6
CONTINUOUS
10
97.6142049999999983
20
-35.5423449999999974
11
97.6142009999999942
21
-35.542349999999999
0
LINE
8
BLACK
6
CONTINUOUS
10
97.6142009999999942
20
-35.542349999999999
11
97.4661320000000018
21
-35.7461509999999976
0
LINE
8
BLACK
6
CONTINUOUS
10
97.4661320000000018
20
-35.7461509999999976
11
97.3517599999999987
21
-35.9706159999999997
0
LINE
8
BLACK
6
CONTINUOUS
10
97.3517599999999987
20
-35.9706159999999997
11
97.2739100000000008
21
-36.2102140000000006
0
LINE
8
BLACK
6
CONTINUOUS
10
97.2739100000000008
20
-36.2102140000000006
11
97.234499999999997
21
-36.4590379999999996
0
LINE
8
BLACK
6
CONTINUOUS
10
97.234499999999997
20
-36.4590379999999996
11
97.234499999999997
21
-36.7109609999999975
0
LINE
8
BLACK
6
CONTINUOUS
10
97.234499999999997
20
-36.7109609999999975
11
97.2739100000000008
21
-36.9597849999999966
0
LINE
8
BLACK
6
CONTINUOUS
10
97.2739100000000008
20
-36.9597849999999966
11
97.3517599999999987
21
-37.1993829999999974
0
LINE
8
BLACK
6
CONTINUOUS
10
97.3517599999999987
20
-37.1993829999999974
11
97.4661320000000018
21
-37.4238479999999996
0
LINE
8
BLACK
6
CONTINUOUS
10
97.4661320000000018
20
-37.4238479999999996
11
97.6142009999999942
21
-37.6276489999999981
0
LINE
8
BLACK
6
CONTINUOUS
10
97.6142009999999942
20
-37.6276489999999981
11
97.6142049999999983
21
-37.6276539999999997
0
LINE
8
BLACK
6
CONTINUOUS
10
97.6142049999999983
20
-37.6276539999999997
11
97.753869999999992
21
-37.7673190000000005
0
LINE
8
BLACK
6
CONTINUOUS
10
97.753869999999992
20
-37.7673190000000005
11
97.7873549999999909
21
-37.828641999999995
0
LINE
8
BLACK
6
CONTINUOUS
10
97.7873549999999909
20
-37.828641999999995
11
97.7823709999999977
21
-37.8983339999999984
0
LINE
8
BLACK
6
CONTINUOUS
10
97.7823709999999977
20
-37.8983339999999984
11
97.753869999999992
21
-37.9426810000000003
0
LINE
8
BLACK
6
CONTINUOUS
10
97.753869999999992
20
-37.9426810000000003
11
97.6142049999999983
21
-38.0823449999999966
0
LINE
8
BLACK
6
CONTINUOUS
10
97.6142049999999983
20
-38.0823449999999966
11
97.6142009999999942
21
-38.0823499999999981
0
LINE
8
BLACK
6
CONTINUOUS
10
97.6142009999999942
20
-38.0823499999999981
11
97.4661320000000018
21
-38.2861509999999967
0
LINE
8
BLACK
6
CONTINUOUS
10
97.4661320000000018
20
-38.2861509999999967
11
97.3517599999999987
21
-38.5106159999999988
0
LINE
8
BLACK
6
CONTINUOUS
10
97.3517599999999987
20
-38.5106159999999988
11
97.2739100000000008
21
-38.7502139999999997
0
LINE
8
BLACK
6
CONTINUOUS
10
97.2739100000000008
20
-38.7502139999999997
11
97.234499999999997
21
-38.9990379999999988
0
LINE
8
BLACK
6
CONTINUOUS
10
97.234499999999997
20
-38.9990379999999988
11
97.234499999999997
21
-39.2509609999999967
0
LINE
8
BLACK
6
CONTINUOUS
10
97.234499999999997
20
-39.2509609999999967
11
97.2739100000000008
21
-39.4997849999999957
0
LINE
8
BLACK
6
CONTINUOUS
10
97.2739100000000008
20
-39.4997849999999957
11
97.3517599999999987
21
-39.7393829999999966
0
LINE
8
BLACK
6
CONTINUOUS
10
97.3517599999999987
20
-39.7393829999999966
11
97.4232219999999955
21
-39.8796329999999983
0
LINE
8
BLACK
6
CONTINUOUS
10
97.4232219999999955
20
-39.8796329999999983
11
97.4375319999999903
21
-39.9077190000000002
0
LINE
8
BLACK
6
CONTINUOUS
10
97.4375319999999903
20
-39.9077190000000002
11
97.4661320000000018
21
-39.9638479999999987
0
LINE
8
BLACK
6
CONTINUOUS
10
97.4661320000000018
20
-39.9638479999999987
11
97.6142009999999942
21
-40.1676489999999973
0
LINE
8
BLACK
6
CONTINUOUS
10
97.6142009999999942
20
-40.1676489999999973
11
97.6142049999999983
21
-40.1676539999999989
0
LINE
8
BLACK
6
CONTINUOUS
10
97.6142049999999983
20
-40.1676539999999989
11
97.753869999999992
21
-40.3073189999999997
0
LINE
8
BLACK
6
CONTINUOUS
10
97.753869999999992
20
-40.3073189999999997
11
97.7873549999999909
21
-40.3686420000000012
0
LINE
8
BLACK
6
CONTINUOUS
10
97.7873549999999909
20
-40.3686420000000012
11
97.7823709999999977
21
-40.4383339999999976
0
LINE
8
BLACK
6
CONTINUOUS
10
97.7823709999999977
20
-40.4383339999999976
11
97.753869999999992
21
-40.4826809999999995
0
LINE
8
BLACK
6
CONTINUOUS
10
97.753869999999992
20
-40.4826809999999995
11
97.6142049999999983
21
-40.6223449999999957
0
LINE
8
BLACK
6
CONTINUOUS
10
97.6142049999999983
20
-40.6223449999999957
11
97.6142009999999942
21
-40.6223499999999973
0
LINE
8
BLACK
6
CONTINUOUS
10
97.6142009999999942
20
-40.6223499999999973
11
97.4661320000000018
21
-40.8261509999999959
0
LINE
8
BLACK
6
CONTINUOUS
10
97.4661320000000018
20
-40.8261509999999959
11
97.3517599999999987
21
-41.050615999999998
0
LINE
8
BLACK
6
CONTINUOUS
10
97.3517599999999987
20
-41.050615999999998
11
97.2739100000000008
21
-41.2902139999999989
0
LINE
8
BLACK
6
CONTINUOUS
10
97.2739100000000008
20
-41.2902139999999989
11
97.234499999999997
21
-41.5390379999999979
0
LINE
8
BLACK
6
CONTINUOUS
10
97.234499999999997
20
-41.5390379999999979
11
97.234499999999997
21
-41.7909609999999958
0
LINE
8
BLACK
6
CONTINUOUS
10
97.234499999999997
20
-41.7909609999999958
11
97.2739100000000008
21
-42.0397849999999949
0
LINE
8
BLACK
6
CONTINUOUS
10
97.2739100000000008
20
-42.0397849999999949
11
97.3517599999999987
21
-42.2793829999999957
0
LINE
8
BLACK
6
CONTINUOUS
10
97.3517599999999987
20
-42.2793829999999957
11
97.4661320000000018
21
-42.5038479999999979
0
LINE
8
BLACK
6
CONTINUOUS
10
97.4661320000000018
20
-42.5038479999999979
11
97.6142009999999942
21
-42.7076489999999964
0
LINE
8
BLACK
6
CONTINUOUS
10
97.6142009999999942
20
-42.7076489999999964
11
97.6142049999999983
21
-42.707653999999998
0
LINE
8
BLACK
6
CONTINUOUS
10
97.6142049999999983
20
-42.707653999999998
11
97.7923449999999974
21
-42.8857939999999971
0
LINE
8
BLACK
6
CONTINUOUS
10
97.7923449999999974
20
-42.8857939999999971
11
97.792349999999999
21
-42.8857980000000012
0
LINE
8
BLACK
6
CONTINUOUS
10
97.792349999999999
20
-42.8857980000000012
11
97.9346469999999982
21
-42.9891819999999996
0
LINE
8
BLACK
6
CONTINUOUS
10
97.9346469999999982
20
-42.9891819999999996
11
97.9961550000000017
21
-43.0338700000000003
0
LINE
8
BLACK
6
CONTINUOUS
10
97.9961550000000017
20
-43.0338700000000003
11
98.0971139999999906
21
-43.0853109999999973
0
LINE
8
BLACK
6
CONTINUOUS
10
98.0971139999999906
20
-43.0853109999999973
11
98.2206159999999926
21
-43.1482389999999967
0
LINE
8
BLACK
6
CONTINUOUS
10
98.2206159999999926
20
-43.1482389999999967
11
98.2206180000000018
21
-43.1482389999999967
0
LINE
8
BLACK
6
CONTINUOUS
10
98.2206180000000018
20
-43.1482389999999967
11
98.2206209999999942
21
-43.1482409999999987
0
LINE
8
BLACK
6
CONTINUOUS
10
98.2206209999999942
20
-43.1482409999999987
11
98.4602149999999909
21
-43.2260899999999992
0
LINE
8
BLACK
6
CONTINUOUS
10
98.4602149999999909
20
-43.2260899999999992
11
98.7090379999999925
21
-43.2654999999999959
0
LINE
8
BLACK
6
CONTINUOUS
10
98.7090379999999925
20
-43.2654999999999959
11
98.70903899999999
21
-43.2654999999999959
0
LINE
8
BLACK
6
CONTINUOUS
10
98.70903899999999
20
-43.2654999999999959
11
99.7609609999999947
21
-43.2654999999999959
0
LINE
8
BLACK
6
CONTINUOUS
10
99.7609609999999947
20
-43.2654999999999959
11
99.7609619999999921
21
-43.2654999999999959
0
LINE
8
BLACK
6
CONTINUOUS
10
99.7609619999999921
20
-43.2654999999999959
11
100.0097849999999937
21
-43.2260899999999992
0
LINE
8
BLACK
6
CONTINUOUS
10
100.0097849999999937
20
-43.2260899999999992
11
100.2493789999999905
21
-43.1482409999999987
0
LINE
8
BLACK
6
CONTINUOUS
10
100.2493789999999905
20
-43.1482409999999987
11
100.4738449999999972
21
-43.0338700000000003
0
LINE
8
BLACK
6
CONTINUOUS
10
100.4738449999999972
20
-43.0338700000000003
11
100.6776559999999989
21
-42.8857929999999996
0
LINE
8
BLACK
6
CONTINUOUS
10
100.6776559999999989
20
-42.8857929999999996
11
100.8557929999999914
21
-42.7076560000000001
0
LINE
8
BLACK
6
CONTINUOUS
10
100.8557929999999914
20
-42.7076560000000001
11
101.003869999999992
21
-42.5038449999999983
0
LINE
8
BLACK
6
CONTINUOUS
10
101.003869999999992
20
-42.5038449999999983
11
101.1182409999999976
21
-42.2793789999999987
0
LINE
8
BLACK
6
CONTINUOUS
10
101.1182409999999976
20
-42.2793789999999987
11
101.1960899999999981
21
-42.0397849999999949
0
LINE
8
BLACK
6
CONTINUOUS
10
101.1960899999999981
20
-42.0397849999999949
11
101.2355000000000018
21
-41.7909620000000004
0
LINE
8
BLACK
6
CONTINUOUS
10
101.2355000000000018
20
-41.7909620000000004
11
101.2355000000000018
21
-41.5390379999999979
0
LINE
8
BLACK
6
CONTINUOUS
10
101.2355000000000018
20
-41.5390379999999979
11
101.1960899999999981
21
-41.2902149999999963
0
LINE
8
BLACK
6
CONTINUOUS
10
101.1960899999999981
20
-41.2902149999999963
11
101.1182409999999976
21
-41.0506209999999996
0
LINE
8
BLACK
6
CONTINUOUS
10
101.1182409999999976
20
-41.0506209999999996
11
101.1182389999999884
21
-41.0506180000000001
0
LINE
8
BLACK
6
CONTINUOUS
10
101.1182389999999884
20
-41.0506180000000001
11
101.1182389999999884
21
-41.050615999999998
0
LINE
8
BLACK
6
CONTINUOUS
10
101.1182389999999884
20
-41.050615999999998
11
101.0666250000000019
21
-40.9493189999999956
0
LINE
8
BLACK
6
CONTINUOUS
10
101.0666250000000019
20
-40.9493189999999956
11
101.003869999999992
21
-40.826155
0
LINE
8
BLACK
6
CONTINUOUS
10
101.003869999999992
20
-40.826155
11
100.9932269999999903
21
-40.8115060000000014
0
LINE
8
BLACK
6
CONTINUOUS
10
100.9932269999999903
20
-40.8115060000000014
11
100.8558239999999984
21
-40.6223850000000013
0
LINE
8
BLACK
6
CONTINUOUS
10
100.8558239999999984
20
-40.6223850000000013
11
100.832343999999992
21
-40.5565789999999993
0
LINE
8
BLACK
6
CONTINUOUS
10
100.832343999999992
20
-40.5565789999999993
11
100.8481699999999961
21
-40.4885249999999957
0
LINE
8
BLACK
6
CONTINUOUS
10
100.8481699999999961
20
-40.4885249999999957
11
100.8982759999999956
21
-40.4398300000000006
0
LINE
8
BLACK
6
CONTINUOUS
10
100.8982759999999956
20
-40.4398300000000006
11
100.9561419999999998
21
-40.4254999999999995
0
LINE
8
BLACK
6
CONTINUOUS
10
100.9561419999999998
20
-40.4254999999999995
11
108.1872509999999892
21
-40.4254999999999995
0
LINE
8
BLACK
6
CONTINUOUS
10
108.1872509999999892
20
-40.4254999999999995
11
108.1872520000000009
21
-40.4254999999999995
0
LINE
8
BLACK
6
CONTINUOUS
10
108.1872520000000009
20
-40.4254999999999995
11
108.3894349999999918
21
-40.3934769999999972
0
LINE
8
BLACK
6
CONTINUOUS
10
108.3894349999999918
20
-40.3934769999999972
11
108.5361899999999906
21
-40.3457930000000005
0
LINE
8
BLACK
6
CONTINUOUS
10
108.5361899999999906
20
-40.3457930000000005
11
108.5841190000000012
21
-40.3302199999999971
0
LINE
8
BLACK
6
CONTINUOUS
10
108.5841190000000012
20
-40.3302199999999971
11
108.6753140000000002
21
-40.2837529999999973
0
LINE
8
BLACK
6
CONTINUOUS
10
108.6753140000000002
20
-40.2837529999999973
11
108.7665109999999942
21
-40.2372869999999949
0
LINE
8
BLACK
6
CONTINUOUS
10
108.7665109999999942
20
-40.2372869999999949
11
108.9321190000000001
21
-40.1169659999999979
0
LINE
8
BLACK
6
CONTINUOUS
10
108.9321190000000001
20
-40.1169659999999979
11
116.9872659999999911
21
-32.0618189999999998
0
LINE
8
BLACK
6
CONTINUOUS
10
116.9872659999999911
20
-32.0618189999999998
11
117.0485889999999927
21
-32.028334000000001
0
LINE
8
BLACK
6
CONTINUOUS
10
117.0485889999999927
20
-32.028334000000001
11
117.0749469999999945
21
-32.025500000000001
0
LINE
8
BLACK
6
CONTINUOUS
10
117.0749469999999945
20
-32.025500000000001
11
121.1291899999999941
21
-32.025500000000001
0
LINE
8
BLACK
6
CONTINUOUS
10
121.1291899999999941
20
-32.025500000000001
11
121.1591579999999908
21
-32.0342989999999972
0
LINE
8
BLACK
6
CONTINUOUS
10
121.1591579999999908
20
-32.0342989999999972
11
121.1896239999999949
21
-32.0412239999999997
0
LINE
8
BLACK
6
CONTINUOUS
10
121.1896239999999949
20
-32.0412239999999997
11
121.1932699999999983
21
-32.044316000000002
0
LINE
8
BLACK
6
CONTINUOUS
10
121.1932699999999983
20
-32.044316000000002
11
121.1962289999999882
21
-32.0451849999999965
0
LINE
8
BLACK
6
CONTINUOUS
10
121.1962289999999882
20
-32.0451849999999965
11
121.2176809999999989
21
-32.0626359999999977
0
LINE
8
BLACK
6
CONTINUOUS
10
121.2176809999999989
20
-32.0626359999999977
11
121.2268859999999933
21
-32.0720129999999983
0
LINE
8
BLACK
6
CONTINUOUS
10
121.2268859999999933
20
-32.0720129999999983
11
121.2301839999999942
21
-32.0772619999999975
0
LINE
8
BLACK
6
CONTINUOUS
10
121.2301839999999942
20
-32.0772619999999975
11
121.3310120000000012
21
-32.1780899999999974
0
LINE
8
BLACK
6
CONTINUOUS
10
121.3310120000000012
20
-32.1780899999999974
11
121.3313859999999949
21
-32.1784710000000018
0
LINE
8
BLACK
6
CONTINUOUS
10
121.3313859999999949
20
-32.1784710000000018
11
121.3476110000000006
21
-32.2088509999999957
0
LINE
8
BLACK
6
CONTINUOUS
10
121.3476110000000006
20
-32.2088509999999957
11
121.3640609999999924
21
-32.2389769999999984
0
LINE
8
BLACK
6
CONTINUOUS
10
121.3640609999999924
20
-32.2389769999999984
11
121.3640180000000015
21
-32.2395719999999955
0
LINE
8
BLACK
6
CONTINUOUS
10
121.3640180000000015
20
-32.2395719999999955
11
121.3643009999999975
21
-32.2401020000000003
0
LINE
8
BLACK
6
CONTINUOUS
10
121.3643009999999975
20
-32.2401020000000003
11
121.3615269999999953
21
-32.2744089999999986
0
LINE
8
BLACK
6
CONTINUOUS
10
121.3615269999999953
20
-32.2744089999999986
11
121.3590769999999992
21
-32.3086690000000019
0
LINE
8
BLACK
6
CONTINUOUS
10
121.3590769999999992
20
-32.3086690000000019
11
121.3586999999999989
21
-32.3093700000000013
0
LINE
8
BLACK
6
CONTINUOUS
10
121.3586999999999989
20
-32.3093700000000013
11
121.3586699999999894
21
-32.3097449999999995
0
LINE
8
BLACK
6
CONTINUOUS
10
121.3586699999999894
20
-32.3097449999999995
11
121.3580939999999941
21
-32.3104979999999955
0
LINE
8
BLACK
6
CONTINUOUS
10
121.3580939999999941
20
-32.3104979999999955
11
121.343213999999989
21
-32.3382189999999952
0
LINE
8
BLACK
6
CONTINUOUS
10
121.343213999999989
20
-32.3382189999999952
11
121.2983669999999989
21
-32.3999459999999999
0
LINE
8
BLACK
6
CONTINUOUS
10
121.2983669999999989
20
-32.3999459999999999
11
121.180421999999993
21
-32.6314229999999981
0
LINE
8
BLACK
6
CONTINUOUS
10
121.180421999999993
20
-32.6314229999999981
11
121.1001389999999986
21
-32.8785060000000016
0
LINE
8
BLACK
6
CONTINUOUS
10
121.1001389999999986
20
-32.8785060000000016
11
121.076864999999998
21
-33.0254569999999958
0
LINE
8
BLACK
6
CONTINUOUS
10
121.076864999999998
20
-33.0254569999999958
11
121.0469359999999881
21
-33.0885919999999984
0
LINE
8
BLACK
6
CONTINUOUS
10
121.0469359999999881
20
-33.0885919999999984
11
121.0420729999999878
21
-33.0937399999999968
0
LINE
8
BLACK
6
CONTINUOUS
10
121.0420729999999878
20
-33.0937399999999968
11
106.2217629999999957
21
-47.9140510000000006
0
LINE
8
BLACK
6
CONTINUOUS
10
106.2217629999999957
20
-47.9140510000000006
11
106.1604399999999941
21
-47.9475359999999995
0
LINE
8
BLACK
6
CONTINUOUS
10
106.1604399999999941
20
-47.9475359999999995
11
106.0907479999999907
21
-47.9425519999999992
0
LINE
8
BLACK
6
CONTINUOUS
10
106.0907479999999907
20
-47.9425519999999992
11
106.0348149999999947
21
-47.9006800000000013
0
LINE
8
BLACK
6
CONTINUOUS
10
106.0348149999999947
20
-47.9006800000000013
11
106.010397999999995
21
-47.8352159999999955
0
LINE
8
BLACK
6
CONTINUOUS
10
106.010397999999995
20
-47.8352159999999955
11
106.010081999999997
21
-47.8263699999999972
0
LINE
8
BLACK
6
CONTINUOUS
10
106.010081999999997
20
-47.8263699999999972
11
106.010081999999997
21
-44.5596749999999986
0
LINE
8
BLACK
6
CONTINUOUS
10
106.010081999999997
20
-44.5596749999999986
11
101.6687849999999997
21
-44.5596749999999986
0
LINE
8
BLACK
6
CONTINUOUS
10
101.6687849999999997
20
-44.5596749999999986
11
101.6687849999999997
21
-48.0455529999999982
0
LINE
8
BLACK
6
CONTINUOUS
10
101.6687849999999997
20
-48.0455529999999982
11
105.7908999999999935
21
-48.0455529999999982
0
LINE
8
BLACK
6
CONTINUOUS
10
105.7908999999999935
20
-48.0455529999999982
11
105.812145000000001
21
-48.0517909999999944
0
LINE
8
BLACK
6
CONTINUOUS
10
105.812145000000001
20
-48.0517909999999944
11
105.834233999999995
21
-48.0533709999999985
0
LINE
8
BLACK
6
CONTINUOUS
10
105.834233999999995
20
-48.0533709999999985
11
105.8450169999999986
21
-48.061442999999997
0
LINE
8
BLACK
6
CONTINUOUS
10
105.8450169999999986
20
-48.061442999999997
11
105.8579390000000018
21
-48.0652380000000008
0
LINE
8
BLACK
6
CONTINUOUS
10
105.8579390000000018
20
-48.0652380000000008
11
105.8724379999999883
21
-48.0819709999999958
0
LINE
8
BLACK
6
CONTINUOUS
10
105.8724379999999883
20
-48.0819709999999958
11
105.890166999999991
21
-48.0952429999999964
0
LINE
8
BLACK
6
CONTINUOUS
10
105.890166999999991
20
-48.0952429999999964
11
105.8948740000000015
21
-48.1078629999999947
0
LINE
8
BLACK
6
CONTINUOUS
10
105.8948740000000015
20
-48.1078629999999947
11
105.9036940000000016
21
-48.1180419999999955
0
LINE
8
BLACK
6
CONTINUOUS
10
105.9036940000000016
20
-48.1180419999999955
11
105.9068449999999899
21
-48.1399589999999975
0
LINE
8
BLACK
6
CONTINUOUS
10
105.9068449999999899
20
-48.1399589999999975
11
105.9145839999999907
21
-48.160706999999995
0
LINE
8
BLACK
6
CONTINUOUS
10
105.9145839999999907
20
-48.160706999999995
11
105.911721
21
-48.1738670000000013
0
LINE
8
BLACK
6
CONTINUOUS
10
105.911721
20
-48.1738670000000013
11
105.9136379999999917
21
-48.1871999999999971
0
LINE
8
BLACK
6
CONTINUOUS
10
105.9136379999999917
20
-48.1871999999999971
11
105.904437999999999
21
-48.2073429999999945
0
LINE
8
BLACK
6
CONTINUOUS
10
105.904437999999999
20
-48.2073429999999945
11
105.8997320000000002
21
-48.22898
0
LINE
8
BLACK
6
CONTINUOUS
10
105.8997320000000002
20
-48.22898
11
105.886462999999992
21
-48.2467049999999986
0
LINE
8
BLACK
6
CONTINUOUS
10
105.886462999999992
20
-48.2467049999999986
11
105.8846130000000016
21
-48.2507559999999955
0
LINE
8
BLACK
6
CONTINUOUS
10
105.8846130000000016
20
-48.2507559999999955
11
105.8785809999999969
21
-48.2572339999999969
0
LINE
8
BLACK
6
CONTINUOUS
10
105.8785809999999969
20
-48.2572339999999969
11
105.7376339999999999
21
-48.398181000000001
0
LINE
8
BLACK
6
CONTINUOUS
10
105.7376339999999999
20
-48.398181000000001
11
105.6763109999999983
21
-48.4316659999999999
0
LINE
8
BLACK
6
CONTINUOUS
10
105.6763109999999983
20
-48.4316659999999999
11
105.6499529999999965
21
-48.4344999999999999
0
LINE
8
BLACK
6
CONTINUOUS
10
105.6499529999999965
20
-48.4344999999999999
11
98.6594999999999942
21
-48.4344999999999999
0
LINE
8
BLACK
6
CONTINUOUS
10
98.6594999999999942
20
-48.4344999999999999
11
98.5924610000000001
21
-48.4148149999999973
0
LINE
8
BLACK
6
CONTINUOUS
10
98.5924610000000001
20
-48.4148149999999973
11
98.5467060000000004
21
-48.3620109999999954
0
LINE
8
BLACK
6
CONTINUOUS
10
98.5467060000000004
20
-48.3620109999999954
11
98.535499999999999
21
-48.3104999999999976
0
LINE
8
BLACK
6
CONTINUOUS
10
98.535499999999999
20
-48.3104999999999976
11
98.535499999999999
21
-44.6809480000000008
0
LINE
8
BLACK
6
CONTINUOUS
10
98.535499999999999
20
-44.6809480000000008
11
98.5034769999999895
21
-44.4787649999999957
0
LINE
8
BLACK
6
CONTINUOUS
10
98.5034769999999895
20
-44.4787649999999957
11
98.4402180000000016
21
-44.2840759999999989
0
LINE
8
BLACK
6
CONTINUOUS
10
98.4402180000000016
20
-44.2840759999999989
11
98.3937529999999896
21
-44.1928849999999969
0
LINE
8
BLACK
6
CONTINUOUS
10
98.3937529999999896
20
-44.1928849999999969
11
98.3937519999999921
21
-44.1928839999999994
0
LINE
8
BLACK
6
CONTINUOUS
10
98.3937519999999921
20
-44.1928839999999994
11
98.3472869999999944
21
-44.1016890000000004
0
LINE
8
BLACK
6
CONTINUOUS
10
98.3472869999999944
20
-44.1016890000000004
11
98.2269659999999902
21
-43.9360810000000015
0
LINE
8
BLACK
6
CONTINUOUS
10
98.2269659999999902
20
-43.9360810000000015
11
95.5168189999999981
21
-41.2259339999999952
0
LINE
8
BLACK
6
CONTINUOUS
10
95.5168189999999981
20
-41.2259339999999952
11
95.4833339999999993
21
-41.1646110000000007
0
LINE
8
BLACK
6
CONTINUOUS
10
95.4833339999999993
20
-41.1646110000000007
11
95.4804999999999922
21
-41.1382529999999988
0
LINE
8
BLACK
6
CONTINUOUS
10
95.4804999999999922
20
-41.1382529999999988
11
95.4804999999999922
21
-32.7921479999999974
0
LINE
8
BLACK
6
CONTINUOUS
10
95.4804999999999922
20
-32.7921479999999974
11
95.4484769999999969
21
-32.5899649999999994
0
LINE
8
BLACK
6
CONTINUOUS
10
95.4484769999999969
20
-32.5899649999999994
11
95.401212000000001
21
-32.4444999999999979
0
LINE
8
BLACK
6
CONTINUOUS
10
95.401212000000001
20
-32.4444999999999979
11
95.3852199999999897
21
-32.3952809999999971
0
LINE
8
BLACK
6
CONTINUOUS
10
95.3852199999999897
20
-32.3952809999999971
11
95.3852179999999947
21
-32.3952779999999976
0
LINE
8
BLACK
6
CONTINUOUS
10
95.3852179999999947
20
-32.3952779999999976
11
95.3852179999999947
21
-32.3952759999999955
0
LINE
8
BLACK
6
CONTINUOUS
10
95.3852179999999947
20
-32.3952759999999955
11
95.3336869999999976
21
-32.2941420000000008
0
LINE
8
BLACK
6
CONTINUOUS
10
95.3336869999999976
20
-32.2941420000000008
11
95.2922870000000017
21
-32.2128900000000016
0
LINE
8
BLACK
6
CONTINUOUS
10
95.2922870000000017
20
-32.2128900000000016
11
95.2845559999999949
21
-32.2022490000000019
0
LINE
8
BLACK
6
CONTINUOUS
10
95.2845559999999949
20
-32.2022490000000019
11
95.1719709999999992
21
-32.0472859999999997
0
LINE
8
BLACK
6
CONTINUOUS
10
95.1719709999999992
20
-32.0472859999999997
11
91.9394659999999959
21
-28.814781
0
LINE
8
BLACK
6
CONTINUOUS
10
91.9394659999999959
20
-28.814781
11
91.905980999999997
21
-28.7534579999999984
0
LINE
8
BLACK
6
CONTINUOUS
10
91.905980999999997
20
-28.7534579999999984
11
91.9109649999999903
21
-28.6837659999999985
0
LINE
8
BLACK
6
CONTINUOUS
10
91.9109649999999903
20
-28.6837659999999985
11
91.9528370000000024
21
-28.627832999999999
0
LINE
8
BLACK
6
CONTINUOUS
10
91.9528370000000024
20
-28.627832999999999
11
92.0183009999999939
21
-28.6034159999999993
0
LINE
8
BLACK
6
CONTINUOUS
10
92.0183009999999939
20
-28.6034159999999993
11
92.0271469999999994
21
-28.6030999999999977
0
LINE
8
BLACK
6
CONTINUOUS
10
92.0271469999999994
20
-28.6030999999999977
11
95.3201529999999906
21
-28.6030999999999977
0
LINE
8
BLACK
6
CONTINUOUS
10
95.3201529999999906
20
-28.6030999999999977
11
95.3871919999999989
21
-28.6227850000000004
0
LINE
8
BLACK
6
CONTINUOUS
10
93.2042629999999974
20
-45.5412099999999995
11
93.2583350000000024
21
-45.563607999999995
0
LINE
8
BLACK
6
CONTINUOUS
10
93.2583350000000024
20
-45.563607999999995
11
93.2997189999999961
21
-45.6049919999999958
0
LINE
8
BLACK
6
CONTINUOUS
10
93.2997189999999961
20
-45.6049919999999958
11
93.3221169999999915
21
-45.6590640000000008
0
LINE
8
BLACK
6
CONTINUOUS
10
93.3221169999999915
20
-45.6590640000000008
11
93.3221169999999915
21
-45.7175919999999962
0
LINE
8
BLACK
6
CONTINUOUS
10
93.3221169999999915
20
-45.7175919999999962
11
93.2997189999999961
21
-45.7716640000000012
0
LINE
8
BLACK
6
CONTINUOUS
10
93.2997189999999961
20
-45.7716640000000012
11
93.2583350000000024
21
-45.8130479999999949
0
LINE
8
BLACK
6
CONTINUOUS
10
93.2583350000000024
20
-45.8130479999999949
11
93.2042629999999974
21
-45.8354459999999975
0
LINE
8
BLACK
6
CONTINUOUS
10
93.2042629999999974
20
-45.8354459999999975
11
93.1749989999999997
21
-45.8383279999999971
0
LINE
8
BLACK
6
CONTINUOUS
10
93.1749989999999997
20
-45.8383279999999971
11
92.57699199999999
21
-45.8383279999999971
0
LINE
8
BLACK
6
CONTINUOUS
10
92.57699199999999
20
-45.8383279999999971
11
92.8593130000000002
21
-46.1609809999999996
0
LINE
8
BLACK
6
CONTINUOUS
10
92.8593130000000002
20
-46.1609809999999996
11
92.8683559999999915
21
-46.1736299999999957
0
LINE
8
BLACK
6
CONTINUOUS
10
92.8683559999999915
20
-46.1736299999999957
11
92.8711469999999935
21
-46.1764209999999977
0
LINE
8
BLACK
6
CONTINUOUS
10
92.8711469999999935
20
-46.1764209999999977
11
92.872242
21
-46.1790650000000014
0
LINE
8
BLACK
6
CONTINUOUS
10
92.872242
20
-46.1790650000000014
11
92.8764149999999944
21
-46.184902000000001
0
LINE
8
BLACK
6
CONTINUOUS
10
92.8764149999999944
20
-46.184902000000001
11
92.8842199999999991
21
-46.2079809999999966
0
LINE
8
BLACK
6
CONTINUOUS
10
92.8842199999999991
20
-46.2079809999999966
11
92.8935449999999889
21
-46.2304929999999956
0
LINE
8
BLACK
6
CONTINUOUS
10
92.8935449999999889
20
-46.2304929999999956
11
92.8935449999999889
21
-46.2355540000000005
0
LINE
8
BLACK
6
CONTINUOUS
10
92.8935449999999889
20
-46.2355540000000005
11
92.8951649999999916
21
-46.2403449999999978
0
LINE
8
BLACK
6
CONTINUOUS
10
92.8951649999999916
20
-46.2403449999999978
11
92.8935449999999889
21
-46.2646449999999945
0
LINE
8
BLACK
6
CONTINUOUS
10
92.8935449999999889
20
-46.2646449999999945
11
92.8935449999999889
21
-46.2890209999999982
0
LINE
8
BLACK
6
CONTINUOUS
10
92.8935449999999889
20
-46.2890209999999982
11
92.8916079999999909
21
-46.2936959999999971
0
LINE
8
BLACK
6
CONTINUOUS
10
92.8916079999999909
20
-46.2936959999999971
11
92.8912720000000007
21
-46.2987409999999997
0
LINE
8
BLACK
6
CONTINUOUS
10
92.8912720000000007
20
-46.2987409999999997
11
92.880472999999995
21
-46.3205759999999955
0
LINE
8
BLACK
6
CONTINUOUS
10
92.880472999999995
20
-46.3205759999999955
11
92.8711469999999935
21
-46.3430929999999961
0
LINE
8
BLACK
6
CONTINUOUS
10
92.8711469999999935
20
-46.3430929999999961
11
92.8675700000000006
21
-46.3466689999999986
0
LINE
8
BLACK
6
CONTINUOUS
10
92.8675700000000006
20
-46.3466689999999986
11
92.865327999999991
21
-46.3512039999999956
0
LINE
8
BLACK
6
CONTINUOUS
10
92.865327999999991
20
-46.3512039999999956
11
92.8469920000000002
21
-46.367246999999999
0
LINE
8
BLACK
6
CONTINUOUS
10
92.8469920000000002
20
-46.367246999999999
11
92.8297629999999998
21
-46.3844769999999968
0
LINE
8
BLACK
6
CONTINUOUS
10
92.8297629999999998
20
-46.3844769999999968
11
92.8250879999999938
21
-46.3864129999999975
0
LINE
8
BLACK
6
CONTINUOUS
10
92.8250879999999938
20
-46.3864129999999975
11
92.821280999999999
21
-46.3897449999999978
0
LINE
8
BLACK
6
CONTINUOUS
10
92.821280999999999
20
-46.3897449999999978
11
92.7982049999999958
21
-46.3975480000000005
0
LINE
8
BLACK
6
CONTINUOUS
10
92.7982049999999958
20
-46.3975480000000005
11
92.7756909999999948
21
-46.4068749999999994
0
LINE
8
BLACK
6
CONTINUOUS
10
92.7756909999999948
20
-46.4068749999999994
11
92.768548999999993
21
-46.4075780000000009
0
LINE
8
BLACK
6
CONTINUOUS
10
92.768548999999993
20
-46.4075780000000009
11
92.7658389999999997
21
-46.4084949999999949
0
LINE
8
BLACK
6
CONTINUOUS
10
92.7658389999999997
20
-46.4084949999999949
11
92.7619040000000012
21
-46.4082319999999982
0
LINE
8
BLACK
6
CONTINUOUS
10
92.7619040000000012
20
-46.4082319999999982
11
92.7464269999999971
21
-46.409756999999999
0
LINE
8
BLACK
6
CONTINUOUS
10
92.7464269999999971
20
-46.409756999999999
11
92.5675519999999921
21
-46.409756999999999
0
LINE
8
BLACK
6
CONTINUOUS
10
92.5675519999999921
20
-46.409756999999999
11
92.4781380000000013
21
-46.454462999999997
0
LINE
8
BLACK
6
CONTINUOUS
10
92.4781380000000013
20
-46.454462999999997
11
92.441133999999991
21
-46.4914670000000001
0
LINE
8
BLACK
6
CONTINUOUS
10
92.441133999999991
20
-46.4914670000000001
11
92.3964270000000027
21
-46.580880999999998
0
LINE
8
BLACK
6
CONTINUOUS
10
92.3964270000000027
20
-46.580880999999998
11
92.3964270000000027
21
-46.8672029999999964
0
LINE
8
BLACK
6
CONTINUOUS
10
92.3964270000000027
20
-46.8672029999999964
11
92.441133999999991
21
-46.9566170000000014
0
LINE
8
BLACK
6
CONTINUOUS
10
92.441133999999991
20
-46.9566170000000014
11
92.4781380000000013
21
-46.9936209999999974
0
LINE
8
BLACK
6
CONTINUOUS
10
92.4781380000000013
20
-46.9936209999999974
11
92.5675519999999921
21
-47.0383279999999999
0
LINE
8
BLACK
6
CONTINUOUS
10
92.5675519999999921
20
-47.0383279999999999
11
92.9253029999999995
21
-47.0383279999999999
0
LINE
8
BLACK
6
CONTINUOUS
10
92.9253029999999995
20
-47.0383279999999999
11
93.0147149999999954
21
-46.9936219999999949
0
LINE
8
BLACK
6
CONTINUOUS
10
93.0147149999999954
20
-46.9936219999999949
11
93.0689330000000012
21
-46.9394050000000007
0
LINE
8
BLACK
6
CONTINUOUS
10
93.0689330000000012
20
-46.9394050000000007
11
93.0916639999999944
21
-46.9207499999999982
0
LINE
8
BLACK
6
CONTINUOUS
10
93.0916639999999944
20
-46.9207499999999982
11
93.1457359999999994
21
-46.8983530000000002
0
LINE
8
BLACK
6
CONTINUOUS
10
93.1457359999999994
20
-46.8983530000000002
11
93.2042619999999999
21
-46.8983530000000002
0
LINE
8
BLACK
6
CONTINUOUS
10
93.2042619999999999
20
-46.8983530000000002
11
93.2583339999999907
21
-46.9207499999999982
0
LINE
8
BLACK
6
CONTINUOUS
10
93.2583339999999907
20
-46.9207499999999982
11
93.2997199999999935
21
-46.962136000000001
0
LINE
8
BLACK
6
CONTINUOUS
10
93.2997199999999935
20
-46.962136000000001
11
93.3221169999999915
21
-47.0162079999999989
0
LINE
8
BLACK
6
CONTINUOUS
10
93.3221169999999915
20
-47.0162079999999989
11
93.3221169999999915
21
-47.0747339999999994
0
LINE
8
BLACK
6
CONTINUOUS
10
93.3221169999999915
20
-47.0747339999999994
11
93.2997199999999935
21
-47.1288059999999973
0
LINE
8
BLACK
6
CONTINUOUS
10
93.2997199999999935
20
-47.1288059999999973
11
93.2810649999999981
21
-47.1515369999999976
0
LINE
8
BLACK
6
CONTINUOUS
10
93.2810649999999981
20
-47.1515369999999976
11
93.2096359999999891
21
-47.2229659999999996
0
LINE
8
BLACK
6
CONTINUOUS
10
93.2096359999999891
20
-47.2229659999999996
11
93.198133999999996
21
-47.232405
0
LINE
8
BLACK
6
CONTINUOUS
10
93.198133999999996
20
-47.232405
11
93.1955379999999991
21
-47.235399000000001
0
LINE
8
BLACK
6
CONTINUOUS
10
93.1955379999999991
20
-47.235399000000001
11
93.1910239999999988
21
-47.2382390000000001
0
LINE
8
BLACK
6
CONTINUOUS
10
93.1910239999999988
20
-47.2382390000000001
11
93.1869049999999959
21
-47.241620999999995
0
LINE
8
BLACK
6
CONTINUOUS
10
93.1869049999999959
20
-47.241620999999995
11
93.1832449999999994
21
-47.2431359999999998
0
LINE
8
BLACK
6
CONTINUOUS
10
93.1832449999999994
20
-47.2431359999999998
11
93.1706519999999898
21
-47.2510639999999995
0
LINE
8
BLACK
6
CONTINUOUS
10
93.1706519999999898
20
-47.2510639999999995
11
93.0277949999999976
21
-47.3224919999999969
0
LINE
8
BLACK
6
CONTINUOUS
10
93.0277949999999976
20
-47.3224919999999969
11
93.0003310000000027
21
-47.3330020000000005
0
LINE
8
BLACK
6
CONTINUOUS
10
93.0003310000000027
20
-47.3330020000000005
11
92.9949549999999903
21
-47.3333829999999978
0
LINE
8
BLACK
6
CONTINUOUS
10
92.9949549999999903
20
-47.3333829999999978
11
92.9899769999999961
21
-47.3354459999999975
0
LINE
8
BLACK
6
CONTINUOUS
10
92.9899769999999961
20
-47.3354459999999975
11
92.9607129999999984
21
-47.3383279999999971
0
LINE
8
BLACK
6
CONTINUOUS
10
92.9607129999999984
20
-47.3383279999999971
11
92.5321419999999932
21
-47.3383279999999971
0
LINE
8
BLACK
6
CONTINUOUS
10
92.5321419999999932
20
-47.3383279999999971
11
92.5028779999999955
21
-47.3354459999999975
0
LINE
8
BLACK
6
CONTINUOUS
10
92.5028779999999955
20
-47.3354459999999975
11
92.4978989999999897
21
-47.3333829999999978
0
LINE
8
BLACK
6
CONTINUOUS
10
92.4978989999999897
20
-47.3333829999999978
11
92.4925239999999889
21
-47.3330020000000005
0
LINE
8
BLACK
6
CONTINUOUS
10
92.4925239999999889
20
-47.3330020000000005
11
92.4650609999999915
21
-47.3224919999999969
0
LINE
8
BLACK
6
CONTINUOUS
10
92.4650609999999915
20
-47.3224919999999969
11
92.3222030000000018
21
-47.2510639999999995
0
LINE
8
BLACK
6
CONTINUOUS
10
92.3222030000000018
20
-47.2510639999999995
11
92.3096109999999896
21
-47.2431369999999973
0
LINE
8
BLACK
6
CONTINUOUS
10
92.3096109999999896
20
-47.2431369999999973
11
92.3059499999999957
21
-47.241620999999995
0
LINE
8
BLACK
6
CONTINUOUS
10
92.3059499999999957
20
-47.241620999999995
11
92.3018269999999887
21
-47.238236999999998
0
LINE
8
BLACK
6
CONTINUOUS
10
92.3018269999999887
20
-47.238236999999998
11
92.29731799999999
21
-47.235399000000001
0
LINE
8
BLACK
6
CONTINUOUS
10
92.29731799999999
20
-47.235399000000001
11
92.2947229999999905
21
-47.2324069999999949
0
LINE
8
BLACK
6
CONTINUOUS
10
92.2947229999999905
20
-47.2324069999999949
11
92.2832190000000026
21
-47.2229659999999996
0
LINE
8
BLACK
6
CONTINUOUS
10
92.2832190000000026
20
-47.2229659999999996
11
92.2117899999999935
21
-47.1515369999999976
0
LINE
8
BLACK
6
CONTINUOUS
10
92.2117899999999935
20
-47.1515369999999976
11
92.2023499999999956
21
-47.1400349999999975
0
LINE
8
BLACK
6
CONTINUOUS
10
92.2023499999999956
20
-47.1400349999999975
11
92.199356999999992
21
-47.1374390000000005
0
LINE
8
BLACK
6
CONTINUOUS
10
92.199356999999992
20
-47.1374390000000005
11
92.1965160000000026
21
-47.1329250000000002
0
LINE
8
BLACK
6
CONTINUOUS
10
92.1965160000000026
20
-47.1329250000000002
11
92.1931349999999981
21
-47.1288059999999973
0
LINE
8
BLACK
6
CONTINUOUS
10
92.1931349999999981
20
-47.1288059999999973
11
92.1916190000000029
21
-47.1251460000000009
0
LINE
8
BLACK
6
CONTINUOUS
10
92.1916190000000029
20
-47.1251460000000009
11
92.1836919999999935
21
-47.1125529999999983
0
LINE
8
BLACK
6
CONTINUOUS
10
92.1836919999999935
20
-47.1125529999999983
11
92.1122629999999987
21
-46.969695999999999
0
LINE
8
BLACK
6
CONTINUOUS
10
92.1122629999999987
20
-46.969695999999999
11
92.1017539999999997
21
-46.9422329999999945
0
LINE
8
BLACK
6
CONTINUOUS
10
92.1017539999999997
20
-46.9422329999999945
11
92.1013719999999978
21
-46.9368580000000009
0
LINE
8
BLACK
6
CONTINUOUS
10
92.1013719999999978
20
-46.9368580000000009
11
92.099308999999991
21
-46.9318779999999975
0
LINE
8
BLACK
6
CONTINUOUS
10
92.099308999999991
20
-46.9318779999999975
11
92.0964269999999914
21
-46.9026139999999998
0
LINE
8
BLACK
6
CONTINUOUS
10
92.0964269999999914
20
-46.9026139999999998
11
92.0964269999999914
21
-46.5454709999999992
0
LINE
8
BLACK
6
CONTINUOUS
10
92.0964269999999914
20
-46.5454709999999992
11
92.099308999999991
21
-46.5162070000000014
0
LINE
8
BLACK
6
CONTINUOUS
10
92.099308999999991
20
-46.5162070000000014
11
92.1013719999999978
21
-46.5112260000000006
0
LINE
8
BLACK
6
CONTINUOUS
10
92.1013719999999978
20
-46.5112260000000006
11
92.1017539999999997
21
-46.5058519999999973
0
LINE
8
BLACK
6
CONTINUOUS
10
92.1017539999999997
20
-46.5058519999999973
11
92.1122629999999987
21
-46.478389
0
LINE
8
BLACK
6
CONTINUOUS
10
92.1122629999999987
20
-46.478389
11
92.1836919999999935
21
-46.3355320000000006
0
LINE
8
BLACK
6
CONTINUOUS
10
92.1836919999999935
20
-46.3355320000000006
11
92.1916190000000029
21
-46.3229380000000006
0
LINE
8
BLACK
6
CONTINUOUS
10
92.1916190000000029
20
-46.3229380000000006
11
92.1931349999999981
21
-46.3192789999999945
0
LINE
8
BLACK
6
CONTINUOUS
10
92.1931349999999981
20
-46.3192789999999945
11
92.1965160000000026
21
-46.3151590000000013
0
LINE
8
BLACK
6
CONTINUOUS
10
92.1965160000000026
20
-46.3151590000000013
11
92.199356999999992
21
-46.3106459999999984
0
LINE
8
BLACK
6
CONTINUOUS
10
92.199356999999992
20
-46.3106459999999984
11
92.2023499999999956
21
-46.3080489999999969
0
LINE
8
BLACK
6
CONTINUOUS
10
92.2023499999999956
20
-46.3080489999999969
11
92.2117899999999935
21
-46.2965480000000014
0
LINE
8
BLACK
6
CONTINUOUS
10
92.2117899999999935
20
-46.2965480000000014
11
92.2832190000000026
21
-46.2251189999999994
0
LINE
8
BLACK
6
CONTINUOUS
10
92.2832190000000026
20
-46.2251189999999994
11
92.2947229999999905
21
-46.2156769999999995
0
LINE
8
BLACK
6
CONTINUOUS
10
92.2947229999999905
20
-46.2156769999999995
11
92.29731799999999
21
-46.2126859999999979
0
LINE
8
BLACK
6
CONTINUOUS
10
92.29731799999999
20
-46.2126859999999979
11
92.3018269999999887
21
-46.2098469999999963
0
LINE
8
BLACK
6
CONTINUOUS
10
92.3018269999999887
20
-46.2098469999999963
11
92.3059499999999957
21
-46.2064639999999969
0
LINE
8
BLACK
6
CONTINUOUS
10
92.3059499999999957
20
-46.2064639999999969
11
92.3096109999999896
21
-46.2049469999999971
0
LINE
8
BLACK
6
CONTINUOUS
10
92.3096109999999896
20
-46.2049469999999971
11
92.3222030000000018
21
-46.1970209999999994
0
LINE
8
BLACK
6
CONTINUOUS
10
92.3222030000000018
20
-46.1970209999999994
11
92.4404739999999947
21
-46.1378859999999946
0
LINE
8
BLACK
6
CONTINUOUS
10
92.4404739999999947
20
-46.1378859999999946
11
92.1335399999999964
21
-45.7871039999999994
0
LINE
8
BLACK
6
CONTINUOUS
10
92.1335399999999964
20
-45.7871039999999994
11
92.1244959999999935
21
-45.7744530000000012
0
LINE
8
BLACK
6
CONTINUOUS
10
92.1244959999999935
20
-45.7744530000000012
11
92.1217070000000007
21
-45.7716640000000012
0
LINE
8
BLACK
6
CONTINUOUS
10
92.1217070000000007
20
-45.7716640000000012
11
92.1206099999999992
21
-45.7690179999999955
0
LINE
8
BLACK
6
CONTINUOUS
10
92.1206099999999992
20
-45.7690179999999955
11
92.1164389999999997
21
-45.7631820000000005
0
LINE
8
BLACK
6
CONTINUOUS
10
92.1164389999999997
20
-45.7631820000000005
11
92.1086320000000001
21
-45.7400999999999982
0
LINE
8
BLACK
6
CONTINUOUS
10
92.1086320000000001
20
-45.7400999999999982
11
92.099308999999991
21
-45.7175919999999962
0
LINE
8
BLACK
6
CONTINUOUS
10
92.099308999999991
20
-45.7175919999999962
11
92.099308999999991
21
-45.7125319999999959
0
LINE
8
BLACK
6
CONTINUOUS
10
92.099308999999991
20
-45.7125319999999959
11
92.0976879999999909
21
-45.7077400000000011
0
LINE
8
BLACK
6
CONTINUOUS
10
92.0976879999999909
20
-45.7077400000000011
11
92.099308999999991
21
-45.6834300000000013
0
LINE
8
BLACK
6
CONTINUOUS
10
92.099308999999991
20
-45.6834300000000013
11
92.099308999999991
21
-45.6590640000000008
0
LINE
8
BLACK
6
CONTINUOUS
10
92.099308999999991
20
-45.6590640000000008
11
92.1012449999999916
21
-45.6543879999999973
0
LINE
8
BLACK
6
CONTINUOUS
10
92.1012449999999916
20
-45.6543879999999973
11
92.1015819999999934
21
-45.6493439999999993
0
LINE
8
BLACK
6
CONTINUOUS
10
92.1015819999999934
20
-45.6493439999999993
11
92.1123800000000017
21
-45.6275079999999988
0
LINE
8
BLACK
6
CONTINUOUS
10
92.1123800000000017
20
-45.6275079999999988
11
92.1217070000000007
21
-45.6049919999999958
0
LINE
8
BLACK
6
CONTINUOUS
10
92.1217070000000007
20
-45.6049919999999958
11
92.125282999999996
21
-45.6014149999999958
0
LINE
8
BLACK
6
CONTINUOUS
10
92.125282999999996
20
-45.6014149999999958
11
92.1275259999999889
21
-45.5968809999999962
0
LINE
8
BLACK
6
CONTINUOUS
10
92.1275259999999889
20
-45.5968809999999962
11
92.1458609999999965
21
-45.5808369999999954
0
LINE
8
BLACK
6
CONTINUOUS
10
92.1458609999999965
20
-45.5808369999999954
11
92.1630909999999943
21
-45.563607999999995
0
LINE
8
BLACK
6
CONTINUOUS
10
92.1630909999999943
20
-45.563607999999995
11
92.1677650000000028
21
-45.5616709999999969
0
LINE
8
BLACK
6
CONTINUOUS
10
92.1677650000000028
20
-45.5616709999999969
11
92.1715729999999951
21
-45.5583400000000012
0
LINE
8
BLACK
6
CONTINUOUS
10
92.1715729999999951
20
-45.5583400000000012
11
92.1946539999999999
21
-45.5505329999999944
0
LINE
8
BLACK
6
CONTINUOUS
10
92.1946539999999999
20
-45.5505329999999944
11
92.2171629999999993
21
-45.5412099999999995
0
LINE
8
BLACK
6
CONTINUOUS
10
92.2171629999999993
20
-45.5412099999999995
11
92.2242999999999995
21
-45.5405069999999981
0
LINE
8
BLACK
6
CONTINUOUS
10
92.2242999999999995
20
-45.5405069999999981
11
92.2270149999999944
21
-45.5395889999999994
0
LINE
8
BLACK
6
CONTINUOUS
10
92.2270149999999944
20
-45.5395889999999994
11
92.230953999999997
21
-45.5398509999999987
0
LINE
8
BLACK
6
CONTINUOUS
10
92.230953999999997
20
-45.5398509999999987
11
92.2464269999999971
21
-45.5383279999999999
0
LINE
8
BLACK
6
CONTINUOUS
10
92.2464269999999971
20
-45.5383279999999999
11
93.1749989999999997
21
-45.5383279999999999
0
LINE
8
BLACK
6
CONTINUOUS
10
93.1749989999999997
20
-45.5383279999999999
11
93.2042629999999974
21
-45.5412099999999995
0
LINE
8
BLACK
6
CONTINUOUS
10
94.561405999999991
20
-45.5412099999999995
11
94.615477999999996
21
-45.563607999999995
0
LINE
8
BLACK
6
CONTINUOUS
10
94.615477999999996
20
-45.563607999999995
11
94.6568619999999896
21
-45.6049919999999958
0
LINE
8
BLACK
6
CONTINUOUS
10
94.6568619999999896
20
-45.6049919999999958
11
94.6792599999999993
21
-45.6590640000000008
0
LINE
8
BLACK
6
CONTINUOUS
10
94.6792599999999993
20
-45.6590640000000008
11
94.6821419999999989
21
-45.6883279999999985
0
LINE
8
BLACK
6
CONTINUOUS
10
94.6821419999999989
20
-45.6883279999999985
11
94.6821419999999989
21
-47.1883279999999985
0
LINE
8
BLACK
6
CONTINUOUS
10
94.6821419999999989
20
-47.1883279999999985
11
94.6792599999999993
21
-47.2175919999999962
0
LINE
8
BLACK
6
CONTINUOUS
10
94.6792599999999993
20
-47.2175919999999962
11
94.6568619999999896
21
-47.2716640000000012
0
LINE
8
BLACK
6
CONTINUOUS
10
94.6568619999999896
20
-47.2716640000000012
11
94.615477999999996
21
-47.3130479999999949
0
LINE
8
BLACK
6
CONTINUOUS
10
94.615477999999996
20
-47.3130479999999949
11
94.561405999999991
21
-47.3354459999999975
0
LINE
8
BLACK
6
CONTINUOUS
10
94.561405999999991
20
-47.3354459999999975
11
94.5028779999999955
21
-47.3354459999999975
0
LINE
8
BLACK
6
CONTINUOUS
10
94.5028779999999955
20
-47.3354459999999975
11
94.4488059999999905
21
-47.3130479999999949
0
LINE
8
BLACK
6
CONTINUOUS
10
94.4488059999999905
20
-47.3130479999999949
11
94.4074219999999968
21
-47.2716640000000012
0
LINE
8
BLACK
6
CONTINUOUS
10
94.4074219999999968
20
-47.2716640000000012
11
94.3850240000000014
21
-47.2175919999999962
0
LINE
8
BLACK
6
CONTINUOUS
10
94.3850240000000014
20
-47.2175919999999962
11
94.3821420000000018
21
-47.1883279999999985
0
LINE
8
BLACK
6
CONTINUOUS
10
94.3821420000000018
20
-47.1883279999999985
11
94.3821420000000018
21
-46.6240419999999958
0
LINE
8
BLACK
6
CONTINUOUS
10
94.3821420000000018
20
-46.6240419999999958
11
94.2530969999999968
21
-46.6240419999999958
0
LINE
8
BLACK
6
CONTINUOUS
10
94.2530969999999968
20
-46.6240419999999958
11
93.7978839999999963
21
-47.2743469999999988
0
LINE
8
BLACK
6
CONTINUOUS
10
93.7978839999999963
20
-47.2743469999999988
11
93.7787409999999966
21
-47.2966690000000014
0
LINE
8
BLACK
6
CONTINUOUS
10
93.7787409999999966
20
-47.2966690000000014
11
93.729383999999996
21
-47.3281220000000005
0
LINE
8
BLACK
6
CONTINUOUS
10
93.729383999999996
20
-47.3281220000000005
11
93.6717479999999938
21
-47.3382930000000002
0
LINE
8
BLACK
6
CONTINUOUS
10
93.6717479999999938
20
-47.3382930000000002
11
93.6146059999999949
21
-47.3256340000000009
0
LINE
8
BLACK
6
CONTINUOUS
10
93.6146059999999949
20
-47.3256340000000009
11
93.5666579999999897
21
-47.2920699999999954
0
LINE
8
BLACK
6
CONTINUOUS
10
93.5666579999999897
20
-47.2920699999999954
11
93.5352049999999906
21
-47.2427129999999948
0
LINE
8
BLACK
6
CONTINUOUS
10
93.5352049999999906
20
-47.2427129999999948
11
93.5250339999999909
21
-47.1850769999999997
0
LINE
8
BLACK
6
CONTINUOUS
10
93.5250339999999909
20
-47.1850769999999997
11
93.5376929999999902
21
-47.1279350000000008
0
LINE
8
BLACK
6
CONTINUOUS
10
93.5376929999999902
20
-47.1279350000000008
11
93.5521139999999889
21
-47.1023089999999982
0
LINE
8
BLACK
6
CONTINUOUS
10
93.5521139999999889
20
-47.1023089999999982
11
93.8970659999999953
21
-46.6095199999999963
0
LINE
8
BLACK
6
CONTINUOUS
10
93.8970659999999953
20
-46.6095199999999963
11
93.8936319999999967
21
-46.6082059999999956
0
LINE
8
BLACK
6
CONTINUOUS
10
93.8936319999999967
20
-46.6082059999999956
11
93.7507739999999927
21
-46.5367779999999982
0
LINE
8
BLACK
6
CONTINUOUS
10
93.7507739999999927
20
-46.5367779999999982
11
93.7381819999999948
21
-46.528850999999996
0
LINE
8
BLACK
6
CONTINUOUS
10
93.7381819999999948
20
-46.528850999999996
11
93.7345210000000009
21
-46.5273350000000008
0
LINE
8
BLACK
6
CONTINUOUS
10
93.7345210000000009
20
-46.5273350000000008
11
93.7303979999999939
21
-46.5239509999999967
0
LINE
8
BLACK
6
CONTINUOUS
10
93.7303979999999939
20
-46.5239509999999967
11
93.7258889999999951
21
-46.5211129999999997
0
LINE
8
BLACK
6
CONTINUOUS
10
93.7258889999999951
20
-46.5211129999999997
11
93.7232939999999957
21
-46.5181210000000007
0
LINE
8
BLACK
6
CONTINUOUS
10
93.7232939999999957
20
-46.5181210000000007
11
93.7117899999999935
21
-46.5086799999999982
0
LINE
8
BLACK
6
CONTINUOUS
10
93.7117899999999935
20
-46.5086799999999982
11
93.6403609999999986
21
-46.4372509999999963
0
LINE
8
BLACK
6
CONTINUOUS
10
93.6403609999999986
20
-46.4372509999999963
11
93.6309210000000007
21
-46.4257489999999962
0
LINE
8
BLACK
6
CONTINUOUS
10
93.6309210000000007
20
-46.4257489999999962
11
93.6279279999999972
21
-46.4231529999999992
0
LINE
8
BLACK
6
CONTINUOUS
10
93.6279279999999972
20
-46.4231529999999992
11
93.6250869999999935
21
-46.4186389999999989
0
LINE
8
BLACK
6
CONTINUOUS
10
93.6250869999999935
20
-46.4186389999999989
11
93.621705999999989
21
-46.414519999999996
0
LINE
8
BLACK
6
CONTINUOUS
10
93.621705999999989
20
-46.414519999999996
11
93.6201899999999938
21
-46.4108599999999996
0
LINE
8
BLACK
6
CONTINUOUS
10
93.6201899999999938
20
-46.4108599999999996
11
93.6122629999999987
21
-46.398266999999997
0
LINE
8
BLACK
6
CONTINUOUS
10
93.6122629999999987
20
-46.398266999999997
11
93.5408350000000013
21
-46.2554099999999977
0
LINE
8
BLACK
6
CONTINUOUS
10
93.5408350000000013
20
-46.2554099999999977
11
93.5303249999999906
21
-46.2279459999999958
0
LINE
8
BLACK
6
CONTINUOUS
10
93.5303249999999906
20
-46.2279459999999958
11
93.5299429999999887
21
-46.2225699999999975
0
LINE
8
BLACK
6
CONTINUOUS
10
93.5299429999999887
20
-46.2225699999999975
11
93.5278809999999936
21
-46.2175919999999962
0
LINE
8
BLACK
6
CONTINUOUS
10
93.5278809999999936
20
-46.2175919999999962
11
93.524998999999994
21
-46.1883279999999985
0
LINE
8
BLACK
6
CONTINUOUS
10
93.524998999999994
20
-46.1883279999999985
11
93.524998999999994
21
-45.9740419999999972
0
LINE
8
BLACK
6
CONTINUOUS
10
93.524998999999994
20
-45.9740419999999972
11
93.5278809999999936
21
-45.9447779999999995
0
LINE
8
BLACK
6
CONTINUOUS
10
93.5278809999999936
20
-45.9447779999999995
11
93.5299429999999887
21
-45.9397990000000007
0
LINE
8
BLACK
6
CONTINUOUS
10
93.5299429999999887
20
-45.9397990000000007
11
93.5303249999999906
21
-45.9344239999999999
0
LINE
8
BLACK
6
CONTINUOUS
10
93.5303249999999906
20
-45.9344239999999999
11
93.5408350000000013
21
-45.906959999999998
0
LINE
8
BLACK
6
CONTINUOUS
10
93.5408350000000013
20
-45.906959999999998
11
93.6122629999999987
21
-45.7641029999999986
0
LINE
8
BLACK
6
CONTINUOUS
10
93.6122629999999987
20
-45.7641029999999986
11
93.6201909999999913
21
-45.7515069999999966
0
LINE
8
BLACK
6
CONTINUOUS
10
93.6201909999999913
20
-45.7515069999999966
11
93.6217070000000007
21
-45.7478489999999951
0
LINE
8
BLACK
6
CONTINUOUS
10
93.6217070000000007
20
-45.7478489999999951
11
93.625085999999996
21
-45.7437309999999968
0
LINE
8
BLACK
6
CONTINUOUS
10
93.625085999999996
20
-45.7437309999999968
11
93.6279279999999972
21
-45.7392169999999965
0
LINE
8
BLACK
6
CONTINUOUS
10
93.6279279999999972
20
-45.7392169999999965
11
93.6309219999999982
21
-45.7366199999999949
0
LINE
8
BLACK
6
CONTINUOUS
10
93.6309219999999982
20
-45.7366199999999949
11
93.6403619999999961
21
-45.7251179999999948
0
LINE
8
BLACK
6
CONTINUOUS
10
93.6403619999999961
20
-45.7251179999999948
11
93.711790999999991
21
-45.6536899999999974
0
LINE
8
BLACK
6
CONTINUOUS
10
93.711790999999991
20
-45.6536899999999974
11
93.723290999999989
21
-45.644250999999997
0
LINE
8
BLACK
6
CONTINUOUS
10
93.723290999999989
20
-45.644250999999997
11
93.7258879999999976
21
-45.6412580000000005
0
LINE
8
BLACK
6
CONTINUOUS
10
93.7258879999999976
20
-45.6412580000000005
11
93.7303999999999888
21
-45.6384169999999969
0
LINE
8
BLACK
6
CONTINUOUS
10
93.7303999999999888
20
-45.6384169999999969
11
93.7345210000000009
21
-45.6350359999999995
0
LINE
8
BLACK
6
CONTINUOUS
10
93.7345210000000009
20
-45.6350359999999995
11
93.7381799999999998
21
-45.6335199999999972
0
LINE
8
BLACK
6
CONTINUOUS
10
93.7381799999999998
20
-45.6335199999999972
11
93.7507739999999927
21
-45.625592999999995
0
LINE
8
BLACK
6
CONTINUOUS
10
93.7507739999999927
20
-45.625592999999995
11
93.8936300000000017
21
-45.5541640000000001
0
LINE
8
BLACK
6
CONTINUOUS
10
93.8936300000000017
20
-45.5541640000000001
11
93.9210939999999965
21
-45.5436550000000011
0
LINE
8
BLACK
6
CONTINUOUS
10
93.9210939999999965
20
-45.5436550000000011
11
93.9264679999999998
21
-45.5432729999999992
0
LINE
8
BLACK
6
CONTINUOUS
10
93.9264679999999998
20
-45.5432729999999992
11
93.9314490000000006
21
-45.5412099999999995
0
LINE
8
BLACK
6
CONTINUOUS
10
93.9314490000000006
20
-45.5412099999999995
11
93.9607129999999984
21
-45.5383279999999999
0
LINE
8
BLACK
6
CONTINUOUS
10
93.9607129999999984
20
-45.5383279999999999
11
94.5321419999999932
21
-45.5383279999999999
0
LINE
8
BLACK
6
CONTINUOUS
10
94.5321419999999932
20
-45.5383279999999999
11
94.561405999999991
21
-45.5412099999999995
0
LINE
8
BLACK
6
CONTINUOUS
10
93.9067089999999922
20
-45.8830349999999996
11
93.8697039999999987
21
-45.9200400000000002
0
LINE
8
BLACK
6
CONTINUOUS
10
93.8697039999999987
20
-45.9200400000000002
11
93.8249989999999912
21
-46.0094509999999985
0
LINE
8
BLACK
6
CONTINUOUS
10
93.8249989999999912
20
-46.0094509999999985
11
93.8249989999999912
21
-46.1529179999999997
0
LINE
8
BLACK
6
CONTINUOUS
10
93.8249989999999912
20
-46.1529179999999997
11
93.8697039999999987
21
-46.2423299999999955
0
LINE
8
BLACK
6
CONTINUOUS
10
93.8697039999999987
20
-46.2423299999999955
11
93.9067089999999922
21
-46.2793349999999961
0
LINE
8
BLACK
6
CONTINUOUS
10
93.9067089999999922
20
-46.2793349999999961
11
93.9961229999999972
21
-46.3240419999999986
0
LINE
8
BLACK
6
CONTINUOUS
10
93.9961229999999972
20
-46.3240419999999986
11
94.3821420000000018
21
-46.3240419999999986
0
LINE
8
BLACK
6
CONTINUOUS
10
94.3821420000000018
20
-46.3240419999999986
11
94.3821420000000018
21
-45.8383279999999971
0
LINE
8
BLACK
6
CONTINUOUS
10
94.3821420000000018
20
-45.8383279999999971
11
93.9961229999999972
21
-45.8383279999999971
0
LINE
8
BLACK
6
CONTINUOUS
10
93.9961229999999972
20
-45.8383279999999971
11
93.9067089999999922
21
-45.8830349999999996
0
LINE
8
BLACK
6
CONTINUOUS
10
104.279049999999998
20
-45.4636080000000007
11
104.3204339999999917
21
-45.5049920000000014
0
LINE
8
BLACK
6
CONTINUOUS
10
104.3204339999999917
20
-45.5049920000000014
11
104.3428320000000014
21
-45.5590639999999993
0
LINE
8
BLACK
6
CONTINUOUS
10
104.3428320000000014
20
-45.5590639999999993
11
104.345714000000001
21
-45.5883279999999971
0
LINE
8
BLACK
6
CONTINUOUS
10
104.345714000000001
20
-45.5883279999999971
11
104.345714000000001
21
-46.7672039999999996
0
LINE
8
BLACK
6
CONTINUOUS
10
104.345714000000001
20
-46.7672039999999996
11
104.3904189999999943
21
-46.8566159999999954
0
LINE
8
BLACK
6
CONTINUOUS
10
104.3904189999999943
20
-46.8566159999999954
11
104.427424000000002
21
-46.893620999999996
0
LINE
8
BLACK
6
CONTINUOUS
10
104.427424000000002
20
-46.893620999999996
11
104.5168379999999928
21
-46.9383279999999985
0
LINE
8
BLACK
6
CONTINUOUS
10
104.5168379999999928
20
-46.9383279999999985
11
104.7317329999999913
21
-46.9383279999999985
0
LINE
8
BLACK
6
CONTINUOUS
10
104.7317329999999913
20
-46.9383279999999985
11
104.8211459999999988
21
-46.893620999999996
0
LINE
8
BLACK
6
CONTINUOUS
10
104.8211459999999988
20
-46.893620999999996
11
104.8581489999999974
21
-46.856617
0
LINE
8
BLACK
6
CONTINUOUS
10
104.8581489999999974
20
-46.856617
11
104.9028569999999974
21
-46.767202999999995
0
LINE
8
BLACK
6
CONTINUOUS
10
104.9028569999999974
20
-46.767202999999995
11
104.9028569999999974
21
-45.5883279999999971
0
LINE
8
BLACK
6
CONTINUOUS
10
104.9028569999999974
20
-45.5883279999999971
11
104.905738999999997
21
-45.5590639999999993
0
LINE
8
BLACK
6
CONTINUOUS
10
104.905738999999997
20
-45.5590639999999993
11
104.9281369999999924
21
-45.5049920000000014
0
LINE
8
BLACK
6
CONTINUOUS
10
104.9281369999999924
20
-45.5049920000000014
11
104.9695210000000003
21
-45.4636080000000007
0
LINE
8
BLACK
6
CONTINUOUS
10
104.9695210000000003
20
-45.4636080000000007
11
105.0235929999999911
21
-45.4412099999999981
0
LINE
8
BLACK
6
CONTINUOUS
10
105.0235929999999911
20
-45.4412099999999981
11
105.0821210000000008
21
-45.4412099999999981
0
LINE
8
BLACK
6
CONTINUOUS
10
105.0821210000000008
20
-45.4412099999999981
11
105.1361929999999916
21
-45.4636080000000007
0
LINE
8
BLACK
6
CONTINUOUS
10
105.1361929999999916
20
-45.4636080000000007
11
105.1775769999999994
21
-45.5049920000000014
0
LINE
8
BLACK
6
CONTINUOUS
10
105.1775769999999994
20
-45.5049920000000014
11
105.1999749999999949
21
-45.5590639999999993
0
LINE
8
BLACK
6
CONTINUOUS
10
105.1999749999999949
20
-45.5590639999999993
11
105.2028569999999945
21
-45.5883279999999971
0
LINE
8
BLACK
6
CONTINUOUS
10
105.2028569999999945
20
-45.5883279999999971
11
105.2028569999999945
21
-46.8026139999999984
0
LINE
8
BLACK
6
CONTINUOUS
10
105.2028569999999945
20
-46.8026139999999984
11
105.1999749999999949
21
-46.8318779999999961
0
LINE
8
BLACK
6
CONTINUOUS
10
105.1999749999999949
20
-46.8318779999999961
11
105.1979109999999906
21
-46.8368579999999994
0
LINE
8
BLACK
6
CONTINUOUS
10
105.1979109999999906
20
-46.8368579999999994
11
105.1975300000000004
21
-46.8422330000000002
0
LINE
8
BLACK
6
CONTINUOUS
10
105.1975300000000004
20
-46.8422330000000002
11
105.1870210000000014
21
-46.8696969999999951
0
LINE
8
BLACK
6
CONTINUOUS
10
105.1870210000000014
20
-46.8696969999999951
11
105.1155919999999924
21
-47.0125529999999969
0
LINE
8
BLACK
6
CONTINUOUS
10
105.1155919999999924
20
-47.0125529999999969
11
105.1076639999999998
21
-47.0251459999999994
0
LINE
8
BLACK
6
CONTINUOUS
10
105.1076639999999998
20
-47.0251459999999994
11
105.106149000000002
21
-47.0288059999999959
0
LINE
8
BLACK
6
CONTINUOUS
10
105.106149000000002
20
-47.0288059999999959
11
105.1027670000000001
21
-47.0329259999999962
0
LINE
8
BLACK
6
CONTINUOUS
10
105.1027670000000001
20
-47.0329259999999962
11
105.0999269999999939
21
-47.0374389999999991
0
LINE
8
BLACK
6
CONTINUOUS
10
105.0999269999999939
20
-47.0374389999999991
11
105.0969329999999928
21
-47.040034999999996
0
LINE
8
BLACK
6
CONTINUOUS
10
105.0969329999999928
20
-47.040034999999996
11
105.0874949999999899
21
-47.0515359999999987
0
LINE
8
BLACK
6
CONTINUOUS
10
105.0874949999999899
20
-47.0515359999999987
11
105.0160669999999925
21
-47.1229650000000007
0
LINE
8
BLACK
6
CONTINUOUS
10
105.0160669999999925
20
-47.1229650000000007
11
105.0045609999999954
21
-47.1324070000000006
0
LINE
8
BLACK
6
CONTINUOUS
10
105.0045609999999954
20
-47.1324070000000006
11
105.0019669999999934
21
-47.1353989999999996
0
LINE
8
BLACK
6
CONTINUOUS
10
105.0019669999999934
20
-47.1353989999999996
11
104.9974559999999997
21
-47.1382380000000012
0
LINE
8
BLACK
6
CONTINUOUS
10
104.9974559999999997
20
-47.1382380000000012
11
104.9933359999999993
21
-47.1416199999999961
0
LINE
8
BLACK
6
CONTINUOUS
10
104.9933359999999993
20
-47.1416199999999961
11
104.9896759999999887
21
-47.1431350000000009
0
LINE
8
BLACK
6
CONTINUOUS
10
104.9896759999999887
20
-47.1431350000000009
11
104.9770819999999958
21
-47.1510639999999981
0
LINE
8
BLACK
6
CONTINUOUS
10
104.9770819999999958
20
-47.1510639999999981
11
104.8342229999999944
21
-47.2224919999999955
0
LINE
8
BLACK
6
CONTINUOUS
10
104.8342229999999944
20
-47.2224919999999955
11
104.806759999999997
21
-47.233001999999999
0
LINE
8
BLACK
6
CONTINUOUS
10
104.806759999999997
20
-47.233001999999999
11
104.8013839999999988
21
-47.2333829999999963
0
LINE
8
BLACK
6
CONTINUOUS
10
104.8013839999999988
20
-47.2333829999999963
11
104.7964059999999904
21
-47.235445999999996
0
LINE
8
BLACK
6
CONTINUOUS
10
104.7964059999999904
20
-47.235445999999996
11
104.7671419999999927
21
-47.2383279999999957
0
LINE
8
BLACK
6
CONTINUOUS
10
104.7671419999999927
20
-47.2383279999999957
11
104.481427999999994
21
-47.2383279999999957
0
LINE
8
BLACK
6
CONTINUOUS
10
104.481427999999994
20
-47.2383279999999957
11
104.4521639999999962
21
-47.235445999999996
0
LINE
8
BLACK
6
CONTINUOUS
10
104.4521639999999962
20
-47.235445999999996
11
104.4471849999999904
21
-47.2333829999999963
0
LINE
8
BLACK
6
CONTINUOUS
10
104.4471849999999904
20
-47.2333829999999963
11
104.4418099999999896
21
-47.233001999999999
0
LINE
8
BLACK
6
CONTINUOUS
10
104.4418099999999896
20
-47.233001999999999
11
104.4143469999999922
21
-47.2224919999999955
0
LINE
8
BLACK
6
CONTINUOUS
10
104.4143469999999922
20
-47.2224919999999955
11
104.2714889999999883
21
-47.1510639999999981
0
LINE
8
BLACK
6
CONTINUOUS
10
104.2714889999999883
20
-47.1510639999999981
11
104.2588969999999904
21
-47.1431369999999959
0
LINE
8
BLACK
6
CONTINUOUS
10
104.2588969999999904
20
-47.1431369999999959
11
104.2552359999999965
21
-47.1416210000000007
0
LINE
8
BLACK
6
CONTINUOUS
10
104.2552359999999965
20
-47.1416210000000007
11
104.2511129999999895
21
-47.1382369999999966
0
LINE
8
BLACK
6
CONTINUOUS
10
104.2511129999999895
20
-47.1382369999999966
11
104.2466039999999907
21
-47.1353989999999996
0
LINE
8
BLACK
6
CONTINUOUS
10
104.2466039999999907
20
-47.1353989999999996
11
104.2440089999999913
21
-47.1324070000000006
0
LINE
8
BLACK
6
CONTINUOUS
10
104.2440089999999913
20
-47.1324070000000006
11
104.2325049999999891
21
-47.1229659999999981
0
LINE
8
BLACK
6
CONTINUOUS
10
104.2325049999999891
20
-47.1229659999999981
11
104.1610759999999942
21
-47.0515369999999962
0
LINE
8
BLACK
6
CONTINUOUS
10
104.1610759999999942
20
-47.0515369999999962
11
104.1516359999999963
21
-47.040034999999996
0
LINE
8
BLACK
6
CONTINUOUS
10
104.1516359999999963
20
-47.040034999999996
11
104.1486429999999928
21
-47.0374389999999991
0
LINE
8
BLACK
6
CONTINUOUS
10
104.1486429999999928
20
-47.0374389999999991
11
104.1458019999999891
21
-47.0329249999999988
0
LINE
8
BLACK
6
CONTINUOUS
10
104.1458019999999891
20
-47.0329249999999988
11
104.1424209999999988
21
-47.0288059999999959
0
LINE
8
BLACK
6
CONTINUOUS
10
104.1424209999999988
20
-47.0288059999999959
11
104.1409049999999894
21
-47.0251459999999994
0
LINE
8
BLACK
6
CONTINUOUS
10
104.1409049999999894
20
-47.0251459999999994
11
104.1329779999999943
21
-47.0125529999999969
0
LINE
8
BLACK
6
CONTINUOUS
10
104.1329779999999943
20
-47.0125529999999969
11
104.0615499999999969
21
-46.8696959999999976
0
LINE
8
BLACK
6
CONTINUOUS
10
104.0615499999999969
20
-46.8696959999999976
11
104.0510400000000004
21
-46.8422319999999957
0
LINE
8
BLACK
6
CONTINUOUS
10
104.0510400000000004
20
-46.8422319999999957
11
104.0506579999999985
21
-46.8368559999999974
0
LINE
8
BLACK
6
CONTINUOUS
10
104.0506579999999985
20
-46.8368559999999974
11
104.0485959999999892
21
-46.8318779999999961
0
LINE
8
BLACK
6
CONTINUOUS
10
104.0485959999999892
20
-46.8318779999999961
11
104.0457139999999896
21
-46.8026139999999984
0
LINE
8
BLACK
6
CONTINUOUS
10
104.0457139999999896
20
-46.8026139999999984
11
104.0457139999999896
21
-45.5883279999999971
0
LINE
8
BLACK
6
CONTINUOUS
10
104.0457139999999896
20
-45.5883279999999971
11
104.0485959999999892
21
-45.5590639999999993
0
LINE
8
BLACK
6
CONTINUOUS
10
104.0485959999999892
20
-45.5590639999999993
11
104.0709939999999989
21
-45.5049920000000014
0
LINE
8
BLACK
6
CONTINUOUS
10
104.0709939999999989
20
-45.5049920000000014
11
104.1123779999999925
21
-45.4636080000000007
0
LINE
8
BLACK
6
CONTINUOUS
10
104.1123779999999925
20
-45.4636080000000007
11
104.1664499999999975
21
-45.4412099999999981
0
LINE
8
BLACK
6
CONTINUOUS
10
104.1664499999999975
20
-45.4412099999999981
11
104.224977999999993
21
-45.4412099999999981
0
LINE
8
BLACK
6
CONTINUOUS
10
104.224977999999993
20
-45.4412099999999981
11
104.279049999999998
21
-45.4636080000000007
0
LINE
8
BLACK
6
CONTINUOUS
10
103.2353329999999971
20
-45.3722269999999952
11
103.2876799999999946
21
-45.3984009999999998
0
LINE
8
BLACK
6
CONTINUOUS
10
103.2876799999999946
20
-45.3984009999999998
11
103.3260269999999963
21
-45.4426149999999964
0
LINE
8
BLACK
6
CONTINUOUS
10
103.3260269999999963
20
-45.4426149999999964
11
103.3380149999999986
21
-45.4694659999999971
0
LINE
8
BLACK
6
CONTINUOUS
10
103.3380149999999986
20
-45.4694659999999971
11
103.6951579999999922
21
-46.540892999999997
0
LINE
8
BLACK
6
CONTINUOUS
10
103.6951579999999922
20
-46.540892999999997
11
103.6984569999999906
21
-46.5554020000000008
0
LINE
8
BLACK
6
CONTINUOUS
10
103.6984569999999906
20
-46.5554020000000008
11
103.6999739999999974
21
-46.5590639999999993
0
LINE
8
BLACK
6
CONTINUOUS
10
103.6999739999999974
20
-46.5590639999999993
11
103.6999739999999974
21
-46.562072999999998
0
LINE
8
BLACK
6
CONTINUOUS
10
103.6999739999999974
20
-46.562072999999998
11
103.7016780000000011
21
-46.5695669999999993
0
LINE
8
BLACK
6
CONTINUOUS
10
103.7016780000000011
20
-46.5695669999999993
11
103.6999739999999974
21
-46.5935429999999968
0
LINE
8
BLACK
6
CONTINUOUS
10
103.6999739999999974
20
-46.5935429999999968
11
103.6999739999999974
21
-46.6175919999999948
0
LINE
8
BLACK
6
CONTINUOUS
10
103.6999739999999974
20
-46.6175919999999948
11
103.6979099999999931
21
-46.6225719999999981
0
LINE
8
BLACK
6
CONTINUOUS
10
103.6979099999999931
20
-46.6225719999999981
11
103.6975289999999887
21
-46.6279469999999989
0
LINE
8
BLACK
6
CONTINUOUS
10
103.6975289999999887
20
-46.6279469999999989
11
103.6867790000000014
21
-46.6494459999999975
0
LINE
8
BLACK
6
CONTINUOUS
10
103.6867790000000014
20
-46.6494459999999975
11
103.677576000000002
21
-46.6716639999999998
0
LINE
8
BLACK
6
CONTINUOUS
10
103.677576000000002
20
-46.6716639999999998
11
103.6737639999999914
21
-46.6754749999999987
0
LINE
8
BLACK
6
CONTINUOUS
10
103.6737639999999914
20
-46.6754749999999987
11
103.6713549999999913
21
-46.6802939999999964
0
LINE
8
BLACK
6
CONTINUOUS
10
103.6713549999999913
20
-46.6802939999999964
11
103.6531969999999916
21
-46.6960419999999985
0
LINE
8
BLACK
6
CONTINUOUS
10
103.6531969999999916
20
-46.6960419999999985
11
103.6361919999999941
21
-46.7130480000000006
0
LINE
8
BLACK
6
CONTINUOUS
10
103.6361919999999941
20
-46.7130480000000006
11
103.6312119999999908
21
-46.7151099999999957
0
LINE
8
BLACK
6
CONTINUOUS
10
103.6312119999999908
20
-46.7151099999999957
11
103.6271409999999946
21
-46.7186419999999956
0
LINE
8
BLACK
6
CONTINUOUS
10
103.6271409999999946
20
-46.7186419999999956
11
103.6043359999999893
21
-46.7262429999999966
0
LINE
8
BLACK
6
CONTINUOUS
10
103.6043359999999893
20
-46.7262429999999966
11
103.5821199999999891
21
-46.735445999999996
0
LINE
8
BLACK
6
CONTINUOUS
10
103.5821199999999891
20
-46.735445999999996
11
103.574466000000001
21
-46.7361989999999992
0
LINE
8
BLACK
6
CONTINUOUS
10
103.574466000000001
20
-46.7361989999999992
11
103.5716159999999917
21
-46.7371499999999997
0
LINE
8
BLACK
6
CONTINUOUS
10
103.5716159999999917
20
-46.7371499999999997
11
103.5676670000000001
21
-46.7368689999999987
0
LINE
8
BLACK
6
CONTINUOUS
10
103.5676670000000001
20
-46.7368689999999987
11
103.5528559999999914
21
-46.7383279999999957
0
LINE
8
BLACK
6
CONTINUOUS
10
103.5528559999999914
20
-46.7383279999999957
11
102.9885709999999932
21
-46.7383279999999957
0
LINE
8
BLACK
6
CONTINUOUS
10
102.9885709999999932
20
-46.7383279999999957
11
102.9885709999999932
21
-47.0883279999999971
0
LINE
8
BLACK
6
CONTINUOUS
10
102.9885709999999932
20
-47.0883279999999971
11
102.9856889999999936
21
-47.1175919999999948
0
LINE
8
BLACK
6
CONTINUOUS
10
102.9856889999999936
20
-47.1175919999999948
11
102.9632909999999981
21
-47.1716639999999998
0
LINE
8
BLACK
6
CONTINUOUS
10
102.9632909999999981
20
-47.1716639999999998
11
102.9219069999999903
21
-47.2130480000000006
0
LINE
8
BLACK
6
CONTINUOUS
10
102.9219069999999903
20
-47.2130480000000006
11
102.8678349999999995
21
-47.235445999999996
0
LINE
8
BLACK
6
CONTINUOUS
10
102.8678349999999995
20
-47.235445999999996
11
102.8093069999999898
21
-47.235445999999996
0
LINE
8
BLACK
6
CONTINUOUS
10
102.8093069999999898
20
-47.235445999999996
11
102.755234999999999
21
-47.2130480000000006
0
LINE
8
BLACK
6
CONTINUOUS
10
102.755234999999999
20
-47.2130480000000006
11
102.7138509999999911
21
-47.1716639999999998
0
LINE
8
BLACK
6
CONTINUOUS
10
102.7138509999999911
20
-47.1716639999999998
11
102.6914529999999957
21
-47.1175919999999948
0
LINE
8
BLACK
6
CONTINUOUS
10
102.6914529999999957
20
-47.1175919999999948
11
102.688570999999996
21
-47.0883279999999971
0
LINE
8
BLACK
6
CONTINUOUS
10
102.688570999999996
20
-47.0883279999999971
11
102.688570999999996
21
-46.7383279999999957
0
LINE
8
BLACK
6
CONTINUOUS
10
102.688570999999996
20
-46.7383279999999957
11
102.6242850000000004
21
-46.7383279999999957
0
LINE
8
BLACK
6
CONTINUOUS
10
102.6242850000000004
20
-46.7383279999999957
11
102.5950209999999885
21
-46.735445999999996
0
LINE
8
BLACK
6
CONTINUOUS
10
102.5950209999999885
20
-46.735445999999996
11
102.5409489999999977
21
-46.7130480000000006
0
LINE
8
BLACK
6
CONTINUOUS
10
102.5409489999999977
20
-46.7130480000000006
11
102.4995649999999898
21
-46.6716639999999998
0
LINE
8
BLACK
6
CONTINUOUS
10
102.4995649999999898
20
-46.6716639999999998
11
102.4771669999999943
21
-46.6175919999999948
0
LINE
8
BLACK
6
CONTINUOUS
10
102.4771669999999943
20
-46.6175919999999948
11
102.4771669999999943
21
-46.5590639999999993
0
LINE
8
BLACK
6
CONTINUOUS
10
102.4771669999999943
20
-46.5590639999999993
11
102.4995649999999898
21
-46.5049920000000014
0
LINE
8
BLACK
6
CONTINUOUS
10
102.4995649999999898
20
-46.5049920000000014
11
102.5409489999999977
21
-46.4636080000000007
0
LINE
8
BLACK
6
CONTINUOUS
10
102.5409489999999977
20
-46.4636080000000007
11
102.5950209999999885
21
-46.4412099999999981
0
LINE
8
BLACK
6
CONTINUOUS
10
102.5950209999999885
20
-46.4412099999999981
11
102.6242850000000004
21
-46.4383279999999985
0
LINE
8
BLACK
6
CONTINUOUS
10
102.6242850000000004
20
-46.4383279999999985
11
102.688570999999996
21
-46.4383279999999985
0
LINE
8
BLACK
6
CONTINUOUS
10
102.688570999999996
20
-46.4383279999999985
11
102.688570999999996
21
-46.0883279999999971
0
LINE
8
BLACK
6
CONTINUOUS
10
102.688570999999996
20
-46.0883279999999971
11
102.6914529999999957
21
-46.0590639999999993
0
LINE
8
BLACK
6
CONTINUOUS
10
102.6914529999999957
20
-46.0590639999999993
11
102.7138509999999911
21
-46.0049920000000014
0
LINE
8
BLACK
6
CONTINUOUS
10
102.7138509999999911
20
-46.0049920000000014
11
102.755234999999999
21
-45.9636080000000007
0
LINE
8
BLACK
6
CONTINUOUS
10
102.755234999999999
20
-45.9636080000000007
11
102.8093069999999898
21
-45.9412099999999981
0
LINE
8
BLACK
6
CONTINUOUS
10
102.8093069999999898
20
-45.9412099999999981
11
102.8678349999999995
21
-45.9412099999999981
0
LINE
8
BLACK
6
CONTINUOUS
10
102.8678349999999995
20
-45.9412099999999981
11
102.9219069999999903
21
-45.9636080000000007
0
LINE
8
BLACK
6
CONTINUOUS
10
102.9219069999999903
20
-45.9636080000000007
11
102.9632909999999981
21
-46.0049920000000014
0
LINE
8
BLACK
6
CONTINUOUS
10
102.9632909999999981
20
-46.0049920000000014
11
102.9856889999999936
21
-46.0590639999999993
0
LINE
8
BLACK
6
CONTINUOUS
10
102.9856889999999936
20
-46.0590639999999993
11
102.9885709999999932
21
-46.0883279999999971
0
LINE
8
BLACK
6
CONTINUOUS
10
102.9885709999999932
20
-46.0883279999999971
11
102.9885709999999932
21
-46.4383279999999985
0
LINE
8
BLACK
6
CONTINUOUS
10
102.9885709999999932
20
-46.4383279999999985
11
103.3447419999999966
21
-46.4383279999999985
0
LINE
8
BLACK
6
CONTINUOUS
10
103.3447419999999966
20
-46.4383279999999985
11
103.053410999999997
21
-45.5643339999999952
0
LINE
8
BLACK
6
CONTINUOUS
10
103.053410999999997
20
-45.5643339999999952
11
103.0468910000000022
21
-45.5356609999999975
0
LINE
8
BLACK
6
CONTINUOUS
10
103.0468910000000022
20
-45.5356609999999975
11
103.0510400000000004
21
-45.4772800000000004
0
LINE
8
BLACK
6
CONTINUOUS
10
103.0510400000000004
20
-45.4772800000000004
11
103.0772139999999979
21
-45.4249329999999958
0
LINE
8
BLACK
6
CONTINUOUS
10
103.0772139999999979
20
-45.4249329999999958
11
103.1214279999999945
21
-45.3865860000000012
0
LINE
8
BLACK
6
CONTINUOUS
10
103.1214279999999945
20
-45.3865860000000012
11
103.176952
21
-45.368077999999997
0
LINE
8
BLACK
6
CONTINUOUS
10
103.176952
20
-45.368077999999997
11
103.2353329999999971
21
-45.3722269999999952
0
LINE
8
BLACK
6
CONTINUOUS
10
54.9534139999999951
20
-35.7888519999999986
11
55.1072279999999992
21
-35.8194480000000013
0
LINE
8
BLACK
6
CONTINUOUS
10
55.1072279999999992
20
-35.8194480000000013
11
55.2521169999999984
21
-35.8794630000000012
0
LINE
8
BLACK
6
CONTINUOUS
10
55.2521169999999984
20
-35.8794630000000012
11
55.3825149999999979
21
-35.9665919999999986
0
LINE
8
BLACK
6
CONTINUOUS
10
55.3825149999999979
20
-35.9665919999999986
11
55.4934079999999952
21
-36.0774849999999958
0
LINE
8
BLACK
6
CONTINUOUS
10
55.4934079999999952
20
-36.0774849999999958
11
55.5805369999999996
21
-36.2078829999999954
0
LINE
8
BLACK
6
CONTINUOUS
10
55.5805369999999996
20
-36.2078829999999954
11
55.6405519999999996
21
-36.3527720000000016
0
LINE
8
BLACK
6
CONTINUOUS
10
55.6405519999999996
20
-36.3527720000000016
11
55.6711479999999952
21
-36.5065859999999986
0
LINE
8
BLACK
6
CONTINUOUS
10
55.6711479999999952
20
-36.5065859999999986
11
55.6711479999999952
21
-36.663413999999996
0
LINE
8
BLACK
6
CONTINUOUS
10
55.6711479999999952
20
-36.663413999999996
11
55.6405519999999996
21
-36.8172280000000001
0
LINE
8
BLACK
6
CONTINUOUS
10
55.6405519999999996
20
-36.8172280000000001
11
55.5805369999999996
21
-36.9621169999999992
0
LINE
8
BLACK
6
CONTINUOUS
10
55.5805369999999996
20
-36.9621169999999992
11
55.4934079999999952
21
-37.0925149999999988
0
LINE
8
BLACK
6
CONTINUOUS
10
55.4934079999999952
20
-37.0925149999999988
11
55.3825149999999979
21
-37.203407999999996
0
LINE
8
BLACK
6
CONTINUOUS
10
55.3825149999999979
20
-37.203407999999996
11
55.2521169999999984
21
-37.2905370000000005
0
LINE
8
BLACK
6
CONTINUOUS
10
55.2521169999999984
20
-37.2905370000000005
11
55.1072279999999992
21
-37.3505520000000004
0
LINE
8
BLACK
6
CONTINUOUS
10
55.1072279999999992
20
-37.3505520000000004
11
54.9534139999999951
21
-37.381147999999996
0
LINE
8
BLACK
6
CONTINUOUS
10
54.9534139999999951
20
-37.381147999999996
11
54.875
21
-37.384999999999998
0
LINE
8
BLACK
6
CONTINUOUS
10
54.875
20
-37.384999999999998
11
54.0749999999999957
21
-37.384999999999998
0
LINE
8
BLACK
6
CONTINUOUS
10
54.0749999999999957
20
-37.384999999999998
11
53.9965860000000006
21
-37.381147999999996
0
LINE
8
BLACK
6
CONTINUOUS
10
53.9965860000000006
20
-37.381147999999996
11
53.8427719999999965
21
-37.3505520000000004
0
LINE
8
BLACK
6
CONTINUOUS
10
53.8427719999999965
20
-37.3505520000000004
11
53.6978829999999974
21
-37.2905370000000005
0
LINE
8
BLACK
6
CONTINUOUS
10
53.6978829999999974
20
-37.2905370000000005
11
53.5674849999999978
21
-37.203407999999996
0
LINE
8
BLACK
6
CONTINUOUS
10
53.5674849999999978
20
-37.203407999999996
11
53.4565920000000006
21
-37.0925149999999988
0
LINE
8
BLACK
6
CONTINUOUS
10
53.4565920000000006
20
-37.0925149999999988
11
53.4515709999999942
21
-37.0850000000000009
0
LINE
8
BLACK
6
CONTINUOUS
10
53.4515709999999942
20
-37.0850000000000009
11
52.4732999999999947
21
-37.0850000000000009
0
LINE
8
BLACK
6
CONTINUOUS
10
52.4732999999999947
20
-37.0850000000000009
11
52.4732999999999947
21
-41.1649999999999991
0
LINE
8
BLACK
6
CONTINUOUS
10
52.4732999999999947
20
-41.1649999999999991
11
53.4515709999999942
21
-41.1649999999999991
0
LINE
8
BLACK
6
CONTINUOUS
10
53.4515709999999942
20
-41.1649999999999991
11
53.4565920000000006
21
-41.1574850000000012
0
LINE
8
BLACK
6
CONTINUOUS
10
53.4565920000000006
20
-41.1574850000000012
11
53.5674849999999978
21
-41.0465919999999969
0
LINE
8
BLACK
6
CONTINUOUS
10
53.5674849999999978
20
-41.0465919999999969
11
53.6978829999999974
21
-40.9594629999999995
0
LINE
8
BLACK
6
CONTINUOUS
10
53.6978829999999974
20
-40.9594629999999995
11
53.8427719999999965
21
-40.8994479999999996
0
LINE
8
BLACK
6
CONTINUOUS
10
53.8427719999999965
20
-40.8994479999999996
11
53.9965860000000006
21
-40.8688519999999968
0
LINE
8
BLACK
6
CONTINUOUS
10
53.9965860000000006
20
-40.8688519999999968
11
54.0749999999999957
21
-40.8649999999999949
0
LINE
8
BLACK
6
CONTINUOUS
10
54.0749999999999957
20
-40.8649999999999949
11
54.875
21
-40.8649999999999949
0
LINE
8
BLACK
6
CONTINUOUS
10
54.875
20
-40.8649999999999949
11
54.9534139999999951
21
-40.8688519999999968
0
LINE
8
BLACK
6
CONTINUOUS
10
54.9534139999999951
20
-40.8688519999999968
11
55.1072279999999992
21
-40.8994479999999996
0
LINE
8
BLACK
6
CONTINUOUS
10
55.1072279999999992
20
-40.8994479999999996
11
55.2521169999999984
21
-40.9594629999999995
0
LINE
8
BLACK
6
CONTINUOUS
10
55.2521169999999984
20
-40.9594629999999995
11
55.3825149999999979
21
-41.0465919999999969
0
LINE
8
BLACK
6
CONTINUOUS
10
55.3825149999999979
20
-41.0465919999999969
11
55.4934079999999952
21
-41.1574850000000012
0
LINE
8
BLACK
6
CONTINUOUS
10
55.4934079999999952
20
-41.1574850000000012
11
55.5805369999999996
21
-41.2878830000000008
0
LINE
8
BLACK
6
CONTINUOUS
10
55.5805369999999996
20
-41.2878830000000008
11
55.6405519999999996
21
-41.4327719999999999
0
LINE
8
BLACK
6
CONTINUOUS
10
55.6405519999999996
20
-41.4327719999999999
11
55.6711479999999952
21
-41.5865859999999969
0
LINE
8
BLACK
6
CONTINUOUS
10
55.6711479999999952
20
-41.5865859999999969
11
55.6711479999999952
21
-41.7434140000000014
0
LINE
8
BLACK
6
CONTINUOUS
10
55.6711479999999952
20
-41.7434140000000014
11
55.6405519999999996
21
-41.8972279999999984
0
LINE
8
BLACK
6
CONTINUOUS
10
55.6405519999999996
20
-41.8972279999999984
11
55.5805369999999996
21
-42.0421169999999975
0
LINE
8
BLACK
6
CONTINUOUS
10
55.5805369999999996
20
-42.0421169999999975
11
55.4934079999999952
21
-42.1725149999999971
0
LINE
8
BLACK
6
CONTINUOUS
10
55.4934079999999952
20
-42.1725149999999971
11
55.3825149999999979
21
-42.2834080000000014
0
LINE
8
BLACK
6
CONTINUOUS
10
55.3825149999999979
20
-42.2834080000000014
11
55.2521169999999984
21
-42.3705369999999988
0
LINE
8
BLACK
6
CONTINUOUS
10
55.2521169999999984
20
-42.3705369999999988
11
55.1072279999999992
21
-42.4305519999999987
0
LINE
8
BLACK
6
CONTINUOUS
10
55.1072279999999992
20
-42.4305519999999987
11
54.9534139999999951
21
-42.4611480000000014
0
LINE
8
BLACK
6
CONTINUOUS
10
54.9534139999999951
20
-42.4611480000000014
11
54.875
21
-42.4649999999999963
0
LINE
8
BLACK
6
CONTINUOUS
10
54.875
20
-42.4649999999999963
11
54.0749999999999957
21
-42.4649999999999963
0
LINE
8
BLACK
6
CONTINUOUS
10
54.0749999999999957
20
-42.4649999999999963
11
53.9965860000000006
21
-42.4611480000000014
0
LINE
8
BLACK
6
CONTINUOUS
10
53.9965860000000006
20
-42.4611480000000014
11
53.8427719999999965
21
-42.4305519999999987
0
LINE
8
BLACK
6
CONTINUOUS
10
53.8427719999999965
20
-42.4305519999999987
11
53.6978829999999974
21
-42.3705369999999988
0
LINE
8
BLACK
6
CONTINUOUS
10
53.6978829999999974
20
-42.3705369999999988
11
53.5674849999999978
21
-42.2834080000000014
0
LINE
8
BLACK
6
CONTINUOUS
10
53.5674849999999978
20
-42.2834080000000014
11
53.4565920000000006
21
-42.1725149999999971
0
LINE
8
BLACK
6
CONTINUOUS
10
53.4565920000000006
20
-42.1725149999999971
11
53.4515709999999942
21
-42.1649999999999991
0
LINE
8
BLACK
6
CONTINUOUS
10
53.4515709999999942
20
-42.1649999999999991
11
51.9732999999999947
21
-42.1649999999999991
0
LINE
8
BLACK
6
CONTINUOUS
10
51.9732999999999947
20
-42.1649999999999991
11
51.9080370000000002
21
-42.1607219999999998
0
LINE
8
BLACK
6
CONTINUOUS
10
51.9080370000000002
20
-42.1607219999999998
11
51.7819579999999959
21
-42.1269399999999976
0
LINE
8
BLACK
6
CONTINUOUS
10
51.7819579999999959
20
-42.1269399999999976
11
51.6689189999999954
21
-42.061676999999996
0
LINE
8
BLACK
6
CONTINUOUS
10
51.6689189999999954
20
-42.061676999999996
11
51.5766229999999979
21
-41.9693809999999985
0
LINE
8
BLACK
6
CONTINUOUS
10
51.5766229999999979
20
-41.9693809999999985
11
51.5113599999999963
21
-41.8563419999999979
0
LINE
8
BLACK
6
CONTINUOUS
10
51.5113599999999963
20
-41.8563419999999979
11
51.4775780000000012
21
-41.7302630000000008
0
LINE
8
BLACK
6
CONTINUOUS
10
51.4775780000000012
20
-41.7302630000000008
11
51.4732999999999947
21
-41.6649999999999991
0
LINE
8
BLACK
6
CONTINUOUS
10
51.4732999999999947
20
-41.6649999999999991
11
51.4732999999999947
21
-36.5850000000000009
0
LINE
8
BLACK
6
CONTINUOUS
10
51.4732999999999947
20
-36.5850000000000009
11
51.4775780000000012
21
-36.5197369999999992
0
LINE
8
BLACK
6
CONTINUOUS
10
51.4775780000000012
20
-36.5197369999999992
11
51.5113599999999963
21
-36.393657999999995
0
LINE
8
BLACK
6
CONTINUOUS
10
51.5113599999999963
20
-36.393657999999995
11
51.5766229999999979
21
-36.2806190000000015
0
LINE
8
BLACK
6
CONTINUOUS
10
51.5766229999999979
20
-36.2806190000000015
11
51.6689189999999954
21
-36.1883229999999969
0
LINE
8
BLACK
6
CONTINUOUS
10
51.6689189999999954
20
-36.1883229999999969
11
51.7819579999999959
21
-36.1230599999999953
0
LINE
8
BLACK
6
CONTINUOUS
10
51.7819579999999959
20
-36.1230599999999953
11
51.9080370000000002
21
-36.0892780000000002
0
LINE
8
BLACK
6
CONTINUOUS
10
51.9080370000000002
20
-36.0892780000000002
11
51.9732999999999947
21
-36.0850000000000009
0
LINE
8
BLACK
6
CONTINUOUS
10
51.9732999999999947
20
-36.0850000000000009
11
53.4515709999999942
21
-36.0850000000000009
0
LINE
8
BLACK
6
CONTINUOUS
10
53.4515709999999942
20
-36.0850000000000009
11
53.4565920000000006
21
-36.0774849999999958
0
LINE
8
BLACK
6
CONTINUOUS
10
53.4565920000000006
20
-36.0774849999999958
11
53.5674849999999978
21
-35.9665919999999986
0
LINE
8
BLACK
6
CONTINUOUS
10
53.5674849999999978
20
-35.9665919999999986
11
53.6978829999999974
21
-35.8794630000000012
0
LINE
8
BLACK
6
CONTINUOUS
10
53.6978829999999974
20
-35.8794630000000012
11
53.8427719999999965
21
-35.8194480000000013
0
LINE
8
BLACK
6
CONTINUOUS
10
53.8427719999999965
20
-35.8194480000000013
11
53.9965860000000006
21
-35.7888519999999986
0
LINE
8
BLACK
6
CONTINUOUS
10
53.9965860000000006
20
-35.7888519999999986
11
54.0749999999999957
21
-35.7849999999999966
0
LINE
8
BLACK
6
CONTINUOUS
10
54.0749999999999957
20
-35.7849999999999966
11
54.875
21
-35.7849999999999966
0
LINE
8
BLACK
6
CONTINUOUS
10
54.875
20
-35.7849999999999966
11
54.9534139999999951
21
-35.7888519999999986
0
LINE
8
BLACK
6
CONTINUOUS
10
62.5734139999999996
20
-40.8688519999999968
11
62.7272279999999967
21
-40.8994479999999996
0
LINE
8
BLACK
6
CONTINUOUS
10
62.7272279999999967
20
-40.8994479999999996
11
62.8721169999999958
21
-40.9594629999999995
0
LINE
8
BLACK
6
CONTINUOUS
10
62.8721169999999958
20
-40.9594629999999995
11
63.0025149999999954
21
-41.0465919999999969
0
LINE
8
BLACK
6
CONTINUOUS
10
63.0025149999999954
20
-41.0465919999999969
11
63.1134079999999997
21
-41.1574850000000012
0
LINE
8
BLACK
6
CONTINUOUS
10
63.1134079999999997
20
-41.1574850000000012
11
63.2005369999999971
21
-41.2878830000000008
0
LINE
8
BLACK
6
CONTINUOUS
10
63.2005369999999971
20
-41.2878830000000008
11
63.260551999999997
21
-41.4327719999999999
0
LINE
8
BLACK
6
CONTINUOUS
10
63.260551999999997
20
-41.4327719999999999
11
63.2911479999999997
21
-41.5865859999999969
0
LINE
8
BLACK
6
CONTINUOUS
10
63.2911479999999997
20
-41.5865859999999969
11
63.2911479999999997
21
-41.7434140000000014
0
LINE
8
BLACK
6
CONTINUOUS
10
63.2911479999999997
20
-41.7434140000000014
11
63.260551999999997
21
-41.8972279999999984
0
LINE
8
BLACK
6
CONTINUOUS
10
63.260551999999997
20
-41.8972279999999984
11
63.2005369999999971
21
-42.0421169999999975
0
LINE
8
BLACK
6
CONTINUOUS
10
63.2005369999999971
20
-42.0421169999999975
11
63.1134079999999997
21
-42.1725149999999971
0
LINE
8
BLACK
6
CONTINUOUS
10
63.1134079999999997
20
-42.1725149999999971
11
63.0025149999999954
21
-42.2834080000000014
0
LINE
8
BLACK
6
CONTINUOUS
10
63.0025149999999954
20
-42.2834080000000014
11
62.8721169999999958
21
-42.3705369999999988
0
LINE
8
BLACK
6
CONTINUOUS
10
62.8721169999999958
20
-42.3705369999999988
11
62.7272279999999967
21
-42.4305519999999987
0
LINE
8
BLACK
6
CONTINUOUS
10
62.7272279999999967
20
-42.4305519999999987
11
62.5734139999999996
21
-42.4611480000000014
0
LINE
8
BLACK
6
CONTINUOUS
10
62.5734139999999996
20
-42.4611480000000014
11
62.4949999999999974
21
-42.4649999999999963
0
LINE
8
BLACK
6
CONTINUOUS
10
62.4949999999999974
20
-42.4649999999999963
11
61.6950000000000003
21
-42.4649999999999963
0
LINE
8
BLACK
6
CONTINUOUS
10
61.6950000000000003
20
-42.4649999999999963
11
61.6165859999999981
21
-42.4611480000000014
0
LINE
8
BLACK
6
CONTINUOUS
10
61.6165859999999981
20
-42.4611480000000014
11
61.462771999999994
21
-42.4305519999999987
0
LINE
8
BLACK
6
CONTINUOUS
10
61.462771999999994
20
-42.4305519999999987
11
61.3178829999999948
21
-42.3705369999999988
0
LINE
8
BLACK
6
CONTINUOUS
10
61.3178829999999948
20
-42.3705369999999988
11
61.1874849999999952
21
-42.2834080000000014
0
LINE
8
BLACK
6
CONTINUOUS
10
61.1874849999999952
20
-42.2834080000000014
11
61.076591999999998
21
-42.1725149999999971
0
LINE
8
BLACK
6
CONTINUOUS
10
61.076591999999998
20
-42.1725149999999971
11
60.9894630000000006
21
-42.0421169999999975
0
LINE
8
BLACK
6
CONTINUOUS
10
60.9894630000000006
20
-42.0421169999999975
11
60.9294480000000007
21
-41.8972279999999984
0
LINE
8
BLACK
6
CONTINUOUS
10
60.9294480000000007
20
-41.8972279999999984
11
60.898851999999998
21
-41.7434140000000014
0
LINE
8
BLACK
6
CONTINUOUS
10
60.898851999999998
20
-41.7434140000000014
11
60.898851999999998
21
-41.5865859999999969
0
LINE
8
BLACK
6
CONTINUOUS
10
60.898851999999998
20
-41.5865859999999969
11
60.9294480000000007
21
-41.4327719999999999
0
LINE
8
BLACK
6
CONTINUOUS
10
60.9294480000000007
20
-41.4327719999999999
11
60.9894630000000006
21
-41.2878830000000008
0
LINE
8
BLACK
6
CONTINUOUS
10
60.9894630000000006
20
-41.2878830000000008
11
61.076591999999998
21
-41.1574850000000012
0
LINE
8
BLACK
6
CONTINUOUS
10
61.076591999999998
20
-41.1574850000000012
11
61.1874849999999952
21
-41.0465919999999969
0
LINE
8
BLACK
6
CONTINUOUS
10
61.1874849999999952
20
-41.0465919999999969
11
61.3178829999999948
21
-40.9594629999999995
0
LINE
8
BLACK
6
CONTINUOUS
10
61.3178829999999948
20
-40.9594629999999995
11
61.462771999999994
21
-40.8994479999999996
0
LINE
8
BLACK
6
CONTINUOUS
10
61.462771999999994
20
-40.8994479999999996
11
61.6165859999999981
21
-40.8688519999999968
0
LINE
8
BLACK
6
CONTINUOUS
10
61.6165859999999981
20
-40.8688519999999968
11
61.6950000000000003
21
-40.8649999999999949
0
LINE
8
BLACK
6
CONTINUOUS
10
61.6950000000000003
20
-40.8649999999999949
11
62.4949999999999974
21
-40.8649999999999949
0
LINE
8
BLACK
6
CONTINUOUS
10
62.4949999999999974
20
-40.8649999999999949
11
62.5734139999999996
21
-40.8688519999999968
0
LINE
8
BLACK
6
CONTINUOUS
10
81.1434139999999928
20
-40.8688519999999968
11
81.2972279999999898
21
-40.8994479999999996
0
LINE
8
BLACK
6
CONTINUOUS
10
81.2972279999999898
20
-40.8994479999999996
11
81.4421169999999961
21
-40.9594629999999995
0
LINE
8
BLACK
6
CONTINUOUS
10
81.4421169999999961
20
-40.9594629999999995
11
81.5725149999999957
21
-41.0465919999999969
0
LINE
8
BLACK
6
CONTINUOUS
10
81.5725149999999957
20
-41.0465919999999969
11
81.683408
21
-41.1574850000000012
0
LINE
8
BLACK
6
CONTINUOUS
10
81.683408
20
-41.1574850000000012
11
81.7705369999999903
21
-41.2878830000000008
0
LINE
8
BLACK
6
CONTINUOUS
10
81.7705369999999903
20
-41.2878830000000008
11
81.8305519999999973
21
-41.4327719999999999
0
LINE
8
BLACK
6
CONTINUOUS
10
81.8305519999999973
20
-41.4327719999999999
11
81.861148
21
-41.5865859999999969
0
LINE
8
BLACK
6
CONTINUOUS
10
81.861148
20
-41.5865859999999969
11
81.861148
21
-41.7434140000000014
0
LINE
8
BLACK
6
CONTINUOUS
10
81.861148
20
-41.7434140000000014
11
81.8305519999999973
21
-41.8972279999999984
0
LINE
8
BLACK
6
CONTINUOUS
10
81.8305519999999973
20
-41.8972279999999984
11
81.7705369999999903
21
-42.0421169999999975
0
LINE
8
BLACK
6
CONTINUOUS
10
81.7705369999999903
20
-42.0421169999999975
11
81.683408
21
-42.1725149999999971
0
LINE
8
BLACK
6
CONTINUOUS
10
81.683408
20
-42.1725149999999971
11
81.5725149999999957
21
-42.2834080000000014
0
LINE
8
BLACK
6
CONTINUOUS
10
81.5725149999999957
20
-42.2834080000000014
11
81.4421169999999961
21
-42.3705369999999988
0
LINE
8
BLACK
6
CONTINUOUS
10
81.4421169999999961
20
-42.3705369999999988
11
81.2972279999999898
21
-42.4305519999999987
0
LINE
8
BLACK
6
CONTINUOUS
10
81.2972279999999898
20
-42.4305519999999987
11
81.1434139999999928
21
-42.4611480000000014
0
LINE
8
BLACK
6
CONTINUOUS
10
81.1434139999999928
20
-42.4611480000000014
11
81.0649999999999977
21
-42.4649999999999963
0
LINE
8
BLACK
6
CONTINUOUS
10
81.0649999999999977
20
-42.4649999999999963
11
80.2650000000000006
21
-42.4649999999999963
0
LINE
8
BLACK
6
CONTINUOUS
10
80.2650000000000006
20
-42.4649999999999963
11
80.1865859999999913
21
-42.4611480000000014
0
LINE
8
BLACK
6
CONTINUOUS
10
80.1865859999999913
20
-42.4611480000000014
11
80.0327719999999943
21
-42.4305519999999987
0
LINE
8
BLACK
6
CONTINUOUS
10
80.0327719999999943
20
-42.4305519999999987
11
79.8878830000000022
21
-42.3705369999999988
0
LINE
8
BLACK
6
CONTINUOUS
10
79.8878830000000022
20
-42.3705369999999988
11
79.7574850000000026
21
-42.2834080000000014
0
LINE
8
BLACK
6
CONTINUOUS
10
79.7574850000000026
20
-42.2834080000000014
11
79.6465919999999983
21
-42.1725149999999971
0
LINE
8
BLACK
6
CONTINUOUS
10
79.6465919999999983
20
-42.1725149999999971
11
79.5594629999999938
21
-42.0421169999999975
0
LINE
8
BLACK
6
CONTINUOUS
10
79.5594629999999938
20
-42.0421169999999975
11
79.499448000000001
21
-41.8972279999999984
0
LINE
8
BLACK
6
CONTINUOUS
10
79.499448000000001
20
-41.8972279999999984
11
79.4688519999999983
21
-41.7434140000000014
0
LINE
8
BLACK
6
CONTINUOUS
10
79.4688519999999983
20
-41.7434140000000014
11
79.4688519999999983
21
-41.5865859999999969
0
LINE
8
BLACK
6
CONTINUOUS
10
79.4688519999999983
20
-41.5865859999999969
11
79.499448000000001
21
-41.4327719999999999
0
LINE
8
BLACK
6
CONTINUOUS
10
79.499448000000001
20
-41.4327719999999999
11
79.5594629999999938
21
-41.2878830000000008
0
LINE
8
BLACK
6
CONTINUOUS
10
79.5594629999999938
20
-41.2878830000000008
11
79.6465919999999983
21
-41.1574850000000012
0
LINE
8
BLACK
6
CONTINUOUS
10
79.6465919999999983
20
-41.1574850000000012
11
79.7574850000000026
21
-41.0465919999999969
0
LINE
8
BLACK
6
CONTINUOUS
10
79.7574850000000026
20
-41.0465919999999969
11
79.8878830000000022
21
-40.9594629999999995
0
LINE
8
BLACK
6
CONTINUOUS
10
79.8878830000000022
20
-40.9594629999999995
11
80.0327719999999943
21
-40.8994479999999996
0
LINE
8
BLACK
6
CONTINUOUS
10
80.0327719999999943
20
-40.8994479999999996
11
80.1865859999999913
21
-40.8688519999999968
0
LINE
8
BLACK
6
CONTINUOUS
10
80.1865859999999913
20
-40.8688519999999968
11
80.2650000000000006
21
-40.8649999999999949
0
LINE
8
BLACK
6
CONTINUOUS
10
80.2650000000000006
20
-40.8649999999999949
11
81.0649999999999977
21
-40.8649999999999949
0
LINE
8
BLACK
6
CONTINUOUS
10
81.0649999999999977
20
-40.8649999999999949
11
81.1434139999999928
21
-40.8688519999999968
0
LINE
8
BLACK
6
CONTINUOUS
10
99.7134140000000002
20
-40.8688519999999968
11
99.8672279999999972
21
-40.8994479999999996
0
LINE
8
BLACK
6
CONTINUOUS
10
99.8672279999999972
20
-40.8994479999999996
11
100.0121169999999893
21
-40.9594629999999995
0
LINE
8
BLACK
6
CONTINUOUS
10
100.0121169999999893
20
-40.9594629999999995
11
100.1425149999999888
21
-41.0465919999999969
0
LINE
8
BLACK
6
CONTINUOUS
10
100.1425149999999888
20
-41.0465919999999969
11
100.2534079999999932
21
-41.1574850000000012
0
LINE
8
BLACK
6
CONTINUOUS
10
100.2534079999999932
20
-41.1574850000000012
11
100.3405369999999976
21
-41.2878830000000008
0
LINE
8
BLACK
6
CONTINUOUS
10
100.3405369999999976
20
-41.2878830000000008
11
100.4005519999999905
21
-41.4327719999999999
0
LINE
8
BLACK
6
CONTINUOUS
10
100.4005519999999905
20
-41.4327719999999999
11
100.4311479999999932
21
-41.5865859999999969
0
LINE
8
BLACK
6
CONTINUOUS
10
100.4311479999999932
20
-41.5865859999999969
11
100.4311479999999932
21
-41.7434140000000014
0
LINE
8
BLACK
6
CONTINUOUS
10
100.4311479999999932
20
-41.7434140000000014
11
100.4005519999999905
21
-41.8972279999999984
0
LINE
8
BLACK
6
CONTINUOUS
10
100.4005519999999905
20
-41.8972279999999984
11
100.3405369999999976
21
-42.0421169999999975
0
LINE
8
BLACK
6
CONTINUOUS
10
100.3405369999999976
20
-42.0421169999999975
11
100.2534079999999932
21
-42.1725149999999971
0
LINE
8
BLACK
6
CONTINUOUS
10
100.2534079999999932
20
-42.1725149999999971
11
100.1425149999999888
21
-42.2834080000000014
0
LINE
8
BLACK
6
CONTINUOUS
10
100.1425149999999888
20
-42.2834080000000014
11
100.0121169999999893
21
-42.3705369999999988
0
LINE
8
BLACK
6
CONTINUOUS
10
100.0121169999999893
20
-42.3705369999999988
11
99.8672279999999972
21
-42.4305519999999987
0
LINE
8
BLACK
6
CONTINUOUS
10
99.8672279999999972
20
-42.4305519999999987
11
99.7134140000000002
21
-42.4611480000000014
0
LINE
8
BLACK
6
CONTINUOUS
10
99.7134140000000002
20
-42.4611480000000014
11
99.6349999999999909
21
-42.4649999999999963
0
LINE
8
BLACK
6
CONTINUOUS
10
99.6349999999999909
20
-42.4649999999999963
11
98.8349999999999937
21
-42.4649999999999963
0
LINE
8
BLACK
6
CONTINUOUS
10
98.8349999999999937
20
-42.4649999999999963
11
98.7565859999999986
21
-42.4611480000000014
0
LINE
8
BLACK
6
CONTINUOUS
10
98.7565859999999986
20
-42.4611480000000014
11
98.6027720000000016
21
-42.4305519999999987
0
LINE
8
BLACK
6
CONTINUOUS
10
98.6027720000000016
20
-42.4305519999999987
11
98.4578829999999954
21
-42.3705369999999988
0
LINE
8
BLACK
6
CONTINUOUS
10
98.4578829999999954
20
-42.3705369999999988
11
98.3274849999999958
21
-42.2834080000000014
0
LINE
8
BLACK
6
CONTINUOUS
10
98.3274849999999958
20
-42.2834080000000014
11
98.2165919999999915
21
-42.1725149999999971
0
LINE
8
BLACK
6
CONTINUOUS
10
98.2165919999999915
20
-42.1725149999999971
11
98.1294630000000012
21
-42.0421169999999975
0
LINE
8
BLACK
6
CONTINUOUS
10
98.1294630000000012
20
-42.0421169999999975
11
98.0694479999999942
21
-41.8972279999999984
0
LINE
8
BLACK
6
CONTINUOUS
10
98.0694479999999942
20
-41.8972279999999984
11
98.0388519999999914
21
-41.7434140000000014
0
LINE
8
BLACK
6
CONTINUOUS
10
98.0388519999999914
20
-41.7434140000000014
11
98.0388519999999914
21
-41.5865859999999969
0
LINE
8
BLACK
6
CONTINUOUS
10
98.0388519999999914
20
-41.5865859999999969
11
98.0694479999999942
21
-41.4327719999999999
0
LINE
8
BLACK
6
CONTINUOUS
10
98.0694479999999942
20
-41.4327719999999999
11
98.1294630000000012
21
-41.2878830000000008
0
LINE
8
BLACK
6
CONTINUOUS
10
98.1294630000000012
20
-41.2878830000000008
11
98.2165919999999915
21
-41.1574850000000012
0
LINE
8
BLACK
6
CONTINUOUS
10
98.2165919999999915
20
-41.1574850000000012
11
98.3274849999999958
21
-41.0465919999999969
0
LINE
8
BLACK
6
CONTINUOUS
10
98.3274849999999958
20
-41.0465919999999969
11
98.4578829999999954
21
-40.9594629999999995
0
LINE
8
BLACK
6
CONTINUOUS
10
98.4578829999999954
20
-40.9594629999999995
11
98.6027720000000016
21
-40.8994479999999996
0
LINE
8
BLACK
6
CONTINUOUS
10
98.6027720000000016
20
-40.8994479999999996
11
98.7565859999999986
21
-40.8688519999999968
0
LINE
8
BLACK
6
CONTINUOUS
10
98.7565859999999986
20
-40.8688519999999968
11
98.8349999999999937
21
-40.8649999999999949
0
LINE
8
BLACK
6
CONTINUOUS
10
98.8349999999999937
20
-40.8649999999999949
11
99.6349999999999909
21
-40.8649999999999949
0
LINE
8
BLACK
6
CONTINUOUS
10
99.6349999999999909
20
-40.8649999999999949
11
99.7134140000000002
21
-40.8688519999999968
0
LINE
8
BLACK
6
CONTINUOUS
10
78.7461729999999989
20
-33.2545849999999987
11
78.7919279999999986
21
-33.3073890000000006
0
LINE
8
BLACK
6
CONTINUOUS
10
78.7919279999999986
20
-33.3073890000000006
11
78.801872000000003
21
-33.3765469999999951
0
LINE
8
BLACK
6
CONTINUOUS
10
78.801872000000003
20
-33.3765469999999951
11
78.7896179999999902
21
-33.4151960000000017
0
LINE
8
BLACK
6
CONTINUOUS
10
78.7896179999999902
20
-33.4151960000000017
11
78.781761000000003
21
-33.4306139999999985
0
LINE
8
BLACK
6
CONTINUOUS
10
78.781761000000003
20
-33.4306139999999985
11
78.7147689999999898
21
-33.6367959999999968
0
LINE
8
BLACK
6
CONTINUOUS
10
78.7147689999999898
20
-33.6367959999999968
11
78.7039099999999934
21
-33.6702149999999989
0
LINE
8
BLACK
6
CONTINUOUS
10
78.7039099999999934
20
-33.6702149999999989
11
78.6644999999999897
21
-33.9190380000000005
0
LINE
8
BLACK
6
CONTINUOUS
10
78.6644999999999897
20
-33.9190380000000005
11
78.6644999999999897
21
-34.1709619999999958
0
LINE
8
BLACK
6
CONTINUOUS
10
78.6644999999999897
20
-34.1709619999999958
11
78.7039099999999934
21
-34.4197849999999974
0
LINE
8
BLACK
6
CONTINUOUS
10
78.7039099999999934
20
-34.4197849999999974
11
78.7817599999999914
21
-34.6593829999999983
0
LINE
8
BLACK
6
CONTINUOUS
10
78.7817599999999914
20
-34.6593829999999983
11
78.8500530000000026
21
-34.7934139999999985
0
LINE
8
BLACK
6
CONTINUOUS
10
78.8500530000000026
20
-34.7934139999999985
11
78.8952349999999996
21
-34.8820890000000006
0
LINE
8
BLACK
6
CONTINUOUS
10
78.8952349999999996
20
-34.8820890000000006
11
78.8961319999999944
21
-34.8838480000000004
0
LINE
8
BLACK
6
CONTINUOUS
10
78.8961319999999944
20
-34.8838480000000004
11
79.044201000000001
21
-35.087648999999999
0
LINE
8
BLACK
6
CONTINUOUS
10
79.044201000000001
20
-35.087648999999999
11
79.0442049999999909
21
-35.0876540000000006
0
LINE
8
BLACK
6
CONTINUOUS
10
79.0442049999999909
20
-35.0876540000000006
11
79.1838699999999989
21
-35.2273190000000014
0
LINE
8
BLACK
6
CONTINUOUS
10
79.1838699999999989
20
-35.2273190000000014
11
79.2173549999999977
21
-35.2886419999999958
0
LINE
8
BLACK
6
CONTINUOUS
10
79.2173549999999977
20
-35.2886419999999958
11
79.2123709999999903
21
-35.3583339999999993
0
LINE
8
BLACK
6
CONTINUOUS
10
79.2123709999999903
20
-35.3583339999999993
11
79.1838699999999989
21
-35.4026810000000012
0
LINE
8
BLACK
6
CONTINUOUS
10
79.1838699999999989
20
-35.4026810000000012
11
79.0442049999999909
21
-35.5423449999999974
0
LINE
8
BLACK
6
CONTINUOUS
10
79.0442049999999909
20
-35.5423449999999974
11
79.044201000000001
21
-35.542349999999999
0
LINE
8
BLACK
6
CONTINUOUS
10
79.044201000000001
20
-35.542349999999999
11
78.8961319999999944
21
-35.7461509999999976
0
LINE
8
BLACK
6
CONTINUOUS
10
78.8961319999999944
20
-35.7461509999999976
11
78.7817599999999914
21
-35.9706159999999997
0
LINE
8
BLACK
6
CONTINUOUS
10
78.7817599999999914
20
-35.9706159999999997
11
78.7039099999999934
21
-36.2102140000000006
0
LINE
8
BLACK
6
CONTINUOUS
10
78.7039099999999934
20
-36.2102140000000006
11
78.6644999999999897
21
-36.4590379999999996
0
LINE
8
BLACK
6
CONTINUOUS
10
78.6644999999999897
20
-36.4590379999999996
11
78.6644999999999897
21
-36.7109609999999975
0
LINE
8
BLACK
6
CONTINUOUS
10
78.6644999999999897
20
-36.7109609999999975
11
78.7039099999999934
21
-36.9597849999999966
0
LINE
8
BLACK
6
CONTINUOUS
10
78.7039099999999934
20
-36.9597849999999966
11
78.7817599999999914
21
-37.1993829999999974
0
LINE
8
BLACK
6
CONTINUOUS
10
78.7817599999999914
20
-37.1993829999999974
11
78.8961319999999944
21
-37.4238479999999996
0
LINE
8
BLACK
6
CONTINUOUS
10
78.8961319999999944
20
-37.4238479999999996
11
79.0441759999999931
21
-37.6276149999999987
0
LINE
8
BLACK
6
CONTINUOUS
10
79.0441759999999931
20
-37.6276149999999987
11
79.0676559999999995
21
-37.6934210000000007
0
LINE
8
BLACK
6
CONTINUOUS
10
79.0676559999999995
20
-37.6934210000000007
11
79.0518299999999954
21
-37.7614749999999972
0
LINE
8
BLACK
6
CONTINUOUS
10
79.0518299999999954
20
-37.7614749999999972
11
79.0017239999999958
21
-37.8101699999999994
0
LINE
8
BLACK
6
CONTINUOUS
10
79.0017239999999958
20
-37.8101699999999994
11
78.9438579999999916
21
-37.8245000000000005
0
LINE
8
BLACK
6
CONTINUOUS
10
78.9438579999999916
20
-37.8245000000000005
11
78.2656520000000029
21
-37.8245000000000005
0
LINE
8
BLACK
6
CONTINUOUS
10
78.2656520000000029
20
-37.8245000000000005
11
78.0609479999999962
21
-37.8245000000000005
0
LINE
8
BLACK
6
CONTINUOUS
10
78.0609479999999962
20
-37.8245000000000005
11
78.0366289999999907
21
-37.8283509999999978
0
LINE
8
BLACK
6
CONTINUOUS
10
78.0366289999999907
20
-37.8283509999999978
11
77.8587649999999911
21
-37.8565219999999982
0
LINE
8
BLACK
6
CONTINUOUS
10
77.8587649999999911
20
-37.8565219999999982
11
77.6640759999999943
21
-37.9197810000000004
0
LINE
8
BLACK
6
CONTINUOUS
10
77.6640759999999943
20
-37.9197810000000004
11
77.4816859999999963
21
-38.012715
0
LINE
8
BLACK
6
CONTINUOUS
10
77.4816859999999963
20
-38.012715
11
77.3160859999999985
21
-38.1330279999999959
0
LINE
8
BLACK
6
CONTINUOUS
10
77.3160859999999985
20
-38.1330279999999959
11
77.1713280000000026
21
-38.277785999999999
0
LINE
8
BLACK
6
CONTINUOUS
10
77.1713280000000026
20
-38.277785999999999
11
77.0510149999999925
21
-38.4433859999999967
0
LINE
8
BLACK
6
CONTINUOUS
10
77.0510149999999925
20
-38.4433859999999967
11
76.9580809999999929
21
-38.6257759999999948
0
LINE
8
BLACK
6
CONTINUOUS
10
76.9580809999999929
20
-38.6257759999999948
11
76.8948219999999907
21
-38.8204649999999987
0
LINE
8
BLACK
6
CONTINUOUS
10
76.8948219999999907
20
-38.8204649999999987
11
76.8627999999999929
21
-39.0226479999999967
0
LINE
8
BLACK
6
CONTINUOUS
10
76.8627999999999929
20
-39.0226479999999967
11
76.8627999999999929
21
-40.8822800000000015
0
LINE
8
BLACK
6
CONTINUOUS
10
76.8627999999999929
20
-40.8822800000000015
11
76.8431149999999974
21
-40.9493189999999956
0
LINE
8
BLACK
6
CONTINUOUS
10
76.8431149999999974
20
-40.9493189999999956
11
76.7903110000000027
21
-40.9950739999999954
0
LINE
8
BLACK
6
CONTINUOUS
10
76.7903110000000027
20
-40.9950739999999954
11
76.721153000000001
21
-41.0050179999999997
0
LINE
8
BLACK
6
CONTINUOUS
10
76.721153000000001
20
-41.0050179999999997
11
76.6575969999999955
21
-40.9759929999999954
0
LINE
8
BLACK
6
CONTINUOUS
10
76.6575969999999955
20
-40.9759929999999954
11
76.6384819999999962
21
-40.9551650000000009
0
LINE
8
BLACK
6
CONTINUOUS
10
76.6384819999999962
20
-40.9551650000000009
11
76.5386709999999937
21
-40.8177869999999956
0
LINE
8
BLACK
6
CONTINUOUS
10
76.5386709999999937
20
-40.8177869999999956
11
76.5386669999999896
21
-40.8177820000000011
0
LINE
8
BLACK
6
CONTINUOUS
10
76.5386669999999896
20
-40.8177820000000011
11
76.3939129999999977
21
-40.6730279999999951
0
LINE
8
BLACK
6
CONTINUOUS
10
76.3939129999999977
20
-40.6730279999999951
11
76.228313
21
-40.5527149999999992
0
LINE
8
BLACK
6
CONTINUOUS
10
76.228313
20
-40.5527149999999992
11
76.2283120000000025
21
-40.5527140000000017
0
LINE
8
BLACK
6
CONTINUOUS
10
76.2283120000000025
20
-40.5527140000000017
11
76.2283099999999934
21
-40.5527129999999971
0
LINE
8
BLACK
6
CONTINUOUS
10
76.2283099999999934
20
-40.5527129999999971
11
76.1713529999999963
21
-40.5236909999999995
0
LINE
8
BLACK
6
CONTINUOUS
10
76.1713529999999963
20
-40.5236909999999995
11
76.0459230000000019
21
-40.4597809999999996
0
LINE
8
BLACK
6
CONTINUOUS
10
76.0459230000000019
20
-40.4597809999999996
11
75.8512339999999909
21
-40.3965219999999974
0
LINE
8
BLACK
6
CONTINUOUS
10
75.8512339999999909
20
-40.3965219999999974
11
75.6752029999999962
21
-40.3686420000000012
0
LINE
8
BLACK
6
CONTINUOUS
10
75.6752029999999962
20
-40.3686420000000012
11
75.6490519999999975
21
-40.3644999999999996
0
LINE
8
BLACK
6
CONTINUOUS
10
75.6490519999999975
20
-40.3644999999999996
11
75.649051
21
-40.3644999999999996
0
LINE
8
BLACK
6
CONTINUOUS
10
75.649051
20
-40.3644999999999996
11
74.7661420000000021
21
-40.3644999999999996
0
LINE
8
BLACK
6
CONTINUOUS
10
74.7661420000000021
20
-40.3644999999999996
11
74.6991029999999938
21
-40.344814999999997
0
LINE
8
BLACK
6
CONTINUOUS
10
74.6991029999999938
20
-40.344814999999997
11
74.653347999999994
21
-40.2920109999999951
0
LINE
8
BLACK
6
CONTINUOUS
10
74.653347999999994
20
-40.2920109999999951
11
74.6434039999999897
21
-40.2228530000000006
0
LINE
8
BLACK
6
CONTINUOUS
10
74.6434039999999897
20
-40.2228530000000006
11
74.6658240000000006
21
-40.1676149999999978
0
LINE
8
BLACK
6
CONTINUOUS
10
74.6658240000000006
20
-40.1676149999999978
11
74.7541030000000006
21
-40.0461059999999947
0
LINE
8
BLACK
6
CONTINUOUS
10
74.7541030000000006
20
-40.0461059999999947
11
74.8138699999999943
21
-39.9638449999999992
0
LINE
8
BLACK
6
CONTINUOUS
10
74.8138699999999943
20
-39.9638449999999992
11
74.9282409999999999
21
-39.7393789999999996
0
LINE
8
BLACK
6
CONTINUOUS
10
74.9282409999999999
20
-39.7393789999999996
11
75.0060900000000004
21
-39.4997849999999957
0
LINE
8
BLACK
6
CONTINUOUS
10
75.0060900000000004
20
-39.4997849999999957
11
75.0454999999999899
21
-39.2509620000000012
0
LINE
8
BLACK
6
CONTINUOUS
10
75.0454999999999899
20
-39.2509620000000012
11
75.0454999999999899
21
-38.9990379999999988
0
LINE
8
BLACK
6
CONTINUOUS
10
75.0454999999999899
20
-38.9990379999999988
11
75.0060900000000004
21
-38.7502149999999972
0
LINE
8
BLACK
6
CONTINUOUS
10
75.0060900000000004
20
-38.7502149999999972
11
74.9282409999999999
21
-38.5106210000000004
0
LINE
8
BLACK
6
CONTINUOUS
10
74.9282409999999999
20
-38.5106210000000004
11
74.9282389999999907
21
-38.5106180000000009
0
LINE
8
BLACK
6
CONTINUOUS
10
74.9282389999999907
20
-38.5106180000000009
11
74.9282389999999907
21
-38.5106159999999988
0
LINE
8
BLACK
6
CONTINUOUS
10
74.9282389999999907
20
-38.5106159999999988
11
74.8796040000000005
21
-38.4151650000000018
0
LINE
8
BLACK
6
CONTINUOUS
10
74.8796040000000005
20
-38.4151650000000018
11
74.8138699999999943
21
-38.2861550000000008
0
LINE
8
BLACK
6
CONTINUOUS
10
74.8138699999999943
20
-38.2861550000000008
11
74.794951999999995
21
-38.260117000000001
0
LINE
8
BLACK
6
CONTINUOUS
10
74.794951999999995
20
-38.260117000000001
11
74.6657979999999952
21
-38.0823499999999981
0
LINE
8
BLACK
6
CONTINUOUS
10
74.6657979999999952
20
-38.0823499999999981
11
74.6657939999999911
21
-38.0823449999999966
0
LINE
8
BLACK
6
CONTINUOUS
10
74.6657939999999911
20
-38.0823449999999966
11
74.5261299999999949
21
-37.9426810000000003
0
LINE
8
BLACK
6
CONTINUOUS
10
74.5261299999999949
20
-37.9426810000000003
11
74.492644999999996
21
-37.8813579999999988
0
LINE
8
BLACK
6
CONTINUOUS
10
74.492644999999996
20
-37.8813579999999988
11
74.4976290000000034
21
-37.8116659999999953
0
LINE
8
BLACK
6
CONTINUOUS
10
74.4976290000000034
20
-37.8116659999999953
11
74.5261299999999949
21
-37.7673190000000005
0
LINE
8
BLACK
6
CONTINUOUS
10
74.5261299999999949
20
-37.7673190000000005
11
74.5496959999999973
21
-37.7437529999999981
0
LINE
8
BLACK
6
CONTINUOUS
10
74.5496959999999973
20
-37.7437529999999981
11
74.6657929999999936
21
-37.6276560000000018
0
LINE
8
BLACK
6
CONTINUOUS
10
74.6657929999999936
20
-37.6276560000000018
11
74.8138699999999943
21
-37.423845
0
LINE
8
BLACK
6
CONTINUOUS
10
74.8138699999999943
20
-37.423845
11
74.9282409999999999
21
-37.1993790000000004
0
LINE
8
BLACK
6
CONTINUOUS
10
74.9282409999999999
20
-37.1993790000000004
11
75.0060900000000004
21
-36.9597849999999966
0
LINE
8
BLACK
6
CONTINUOUS
10
75.0060900000000004
20
-36.9597849999999966
11
75.0454999999999899
21
-36.710961999999995
0
LINE
8
BLACK
6
CONTINUOUS
10
75.0454999999999899
20
-36.710961999999995
11
75.0454999999999899
21
-36.4590379999999996
0
LINE
8
BLACK
6
CONTINUOUS
10
75.0454999999999899
20
-36.4590379999999996
11
75.0060900000000004
21
-36.210214999999998
0
LINE
8
BLACK
6
CONTINUOUS
10
75.0060900000000004
20
-36.210214999999998
11
74.9282409999999999
21
-35.9706210000000013
0
LINE
8
BLACK
6
CONTINUOUS
10
74.9282409999999999
20
-35.9706210000000013
11
74.9282389999999907
21
-35.9706180000000018
0
LINE
8
BLACK
6
CONTINUOUS
10
74.9282389999999907
20
-35.9706180000000018
11
74.9282389999999907
21
-35.9706159999999997
0
LINE
8
BLACK
6
CONTINUOUS
10
74.9282389999999907
20
-35.9706159999999997
11
74.8703859999999963
21
-35.8570750000000018
0
LINE
8
BLACK
6
CONTINUOUS
10
74.8703859999999963
20
-35.8570750000000018
11
74.8138699999999943
21
-35.7461550000000017
0
LINE
8
BLACK
6
CONTINUOUS
10
74.8138699999999943
20
-35.7461550000000017
11
74.6712959999999981
21
-35.5499179999999981
0
LINE
8
BLACK
6
CONTINUOUS
10
74.6712959999999981
20
-35.5499179999999981
11
74.6478159999999917
21
-35.4841119999999961
0
LINE
8
BLACK
6
CONTINUOUS
10
74.6478159999999917
20
-35.4841119999999961
11
74.6636409999999984
21
-35.4160579999999996
0
LINE
8
BLACK
6
CONTINUOUS
10
74.6636409999999984
20
-35.4160579999999996
11
74.6929480000000012
21
-35.381180999999998
0
LINE
8
BLACK
6
CONTINUOUS
10
74.6929480000000012
20
-35.381180999999998
11
74.7414100000000019
21
-35.3414099999999962
0
LINE
8
BLACK
6
CONTINUOUS
10
74.7414100000000019
20
-35.3414099999999962
11
74.8726849999999899
21
-35.1814499999999981
0
LINE
8
BLACK
6
CONTINUOUS
10
74.8726849999999899
20
-35.1814499999999981
11
74.9702319999999958
21
-34.9989539999999977
0
LINE
8
BLACK
6
CONTINUOUS
10
74.9702319999999958
20
-34.9989539999999977
11
75.0302999999999969
21
-34.800933999999998
0
LINE
8
BLACK
6
CONTINUOUS
10
75.0302999999999969
20
-34.800933999999998
11
75.0454999999999899
21
-34.6466080000000005
0
LINE
8
BLACK
6
CONTINUOUS
10
75.0454999999999899
20
-34.6466080000000005
11
75.0454999999999899
21
-33.4433919999999958
0
LINE
8
BLACK
6
CONTINUOUS
10
75.0454999999999899
20
-33.4433919999999958
11
75.038375000000002
21
-33.3710529999999963
0
LINE
8
BLACK
6
CONTINUOUS
10
75.038375000000002
20
-33.3710529999999963
11
75.0513940000000019
21
-33.3024079999999998
0
LINE
8
BLACK
6
CONTINUOUS
10
75.0513940000000019
20
-33.3024079999999998
11
75.099458999999996
21
-33.2516979999999975
0
LINE
8
BLACK
6
CONTINUOUS
10
75.099458999999996
20
-33.2516979999999975
11
75.1617779999999982
21
-33.2348999999999961
0
LINE
8
BLACK
6
CONTINUOUS
10
75.1617779999999982
20
-33.2348999999999961
11
78.6791339999999906
21
-33.2348999999999961
0
LINE
8
BLACK
6
CONTINUOUS
10
78.6791339999999906
20
-33.2348999999999961
11
78.7461729999999989
21
-33.2545849999999987
0
LINE
8
BLACK
6
CONTINUOUS
10
92.0934139999999957
20
-38.3288519999999977
11
92.2472279999999927
21
-38.3594480000000004
0
LINE
8
BLACK
6
CONTINUOUS
10
92.2472279999999927
20
-38.3594480000000004
11
92.3921169999999989
21
-38.4194630000000004
0
LINE
8
BLACK
6
CONTINUOUS
10
92.3921169999999989
20
-38.4194630000000004
11
92.5225149999999985
21
-38.5065919999999977
0
LINE
8
BLACK
6
CONTINUOUS
10
92.5225149999999985
20
-38.5065919999999977
11
92.6334080000000029
21
-38.617484999999995
0
LINE
8
BLACK
6
CONTINUOUS
10
92.6334080000000029
20
-38.617484999999995
11
92.7205369999999931
21
-38.7478830000000016
0
LINE
8
BLACK
6
CONTINUOUS
10
92.7205369999999931
20
-38.7478830000000016
11
92.7805520000000001
21
-38.8927720000000008
0
LINE
8
BLACK
6
CONTINUOUS
10
92.7805520000000001
20
-38.8927720000000008
11
92.8111480000000029
21
-39.0465859999999978
0
LINE
8
BLACK
6
CONTINUOUS
10
92.8111480000000029
20
-39.0465859999999978
11
92.8111480000000029
21
-39.2034139999999951
0
LINE
8
BLACK
6
CONTINUOUS
10
92.8111480000000029
20
-39.2034139999999951
11
92.7805520000000001
21
-39.3572279999999992
0
LINE
8
BLACK
6
CONTINUOUS
10
92.7805520000000001
20
-39.3572279999999992
11
92.7205369999999931
21
-39.5021169999999984
0
LINE
8
BLACK
6
CONTINUOUS
10
92.7205369999999931
20
-39.5021169999999984
11
92.6334080000000029
21
-39.6325149999999979
0
LINE
8
BLACK
6
CONTINUOUS
10
92.6334080000000029
20
-39.6325149999999979
11
92.5225149999999985
21
-39.7434079999999952
0
LINE
8
BLACK
6
CONTINUOUS
10
92.5225149999999985
20
-39.7434079999999952
11
92.3921169999999989
21
-39.8305369999999996
0
LINE
8
BLACK
6
CONTINUOUS
10
92.3921169999999989
20
-39.8305369999999996
11
92.2472279999999927
21
-39.8905519999999996
0
LINE
8
BLACK
6
CONTINUOUS
10
92.2472279999999927
20
-39.8905519999999996
11
92.0934139999999957
21
-39.9211479999999952
0
LINE
8
BLACK
6
CONTINUOUS
10
92.0934139999999957
20
-39.9211479999999952
11
92.0150000000000006
21
-39.9249999999999972
0
LINE
8
BLACK
6
CONTINUOUS
10
92.0150000000000006
20
-39.9249999999999972
11
91.2149999999999892
21
-39.9249999999999972
0
LINE
8
BLACK
6
CONTINUOUS
10
91.2149999999999892
20
-39.9249999999999972
11
91.1365859999999941
21
-39.9211479999999952
0
LINE
8
BLACK
6
CONTINUOUS
10
91.1365859999999941
20
-39.9211479999999952
11
90.9827719999999971
21
-39.8905519999999996
0
LINE
8
BLACK
6
CONTINUOUS
10
90.9827719999999971
20
-39.8905519999999996
11
90.8378829999999908
21
-39.8305369999999996
0
LINE
8
BLACK
6
CONTINUOUS
10
90.8378829999999908
20
-39.8305369999999996
11
90.7074849999999913
21
-39.7434079999999952
0
LINE
8
BLACK
6
CONTINUOUS
10
90.7074849999999913
20
-39.7434079999999952
11
90.5965920000000011
21
-39.6325149999999979
0
LINE
8
BLACK
6
CONTINUOUS
10
90.5965920000000011
20
-39.6325149999999979
11
90.5094629999999967
21
-39.5021169999999984
0
LINE
8
BLACK
6
CONTINUOUS
10
90.5094629999999967
20
-39.5021169999999984
11
90.4494479999999896
21
-39.3572279999999992
0
LINE
8
BLACK
6
CONTINUOUS
10
90.4494479999999896
20
-39.3572279999999992
11
90.4188520000000011
21
-39.2034139999999951
0
LINE
8
BLACK
6
CONTINUOUS
10
90.4188520000000011
20
-39.2034139999999951
11
90.4188520000000011
21
-39.0465859999999978
0
LINE
8
BLACK
6
CONTINUOUS
10
90.4188520000000011
20
-39.0465859999999978
11
90.4494479999999896
21
-38.8927720000000008
0
LINE
8
BLACK
6
CONTINUOUS
10
90.4494479999999896
20
-38.8927720000000008
11
90.5094629999999967
21
-38.7478830000000016
0
LINE
8
BLACK
6
CONTINUOUS
10
90.5094629999999967
20
-38.7478830000000016
11
90.5965920000000011
21
-38.617484999999995
0
LINE
8
BLACK
6
CONTINUOUS
10
90.5965920000000011
20
-38.617484999999995
11
90.7074849999999913
21
-38.5065919999999977
0
LINE
8
BLACK
6
CONTINUOUS
10
90.7074849999999913
20
-38.5065919999999977
11
90.8378829999999908
21
-38.4194630000000004
0
LINE
8
BLACK
6
CONTINUOUS
10
90.8378829999999908
20
-38.4194630000000004
11
90.9827719999999971
21
-38.3594480000000004
0
LINE
8
BLACK
6
CONTINUOUS
10
90.9827719999999971
20
-38.3594480000000004
11
91.1365859999999941
21
-38.3288519999999977
0
LINE
8
BLACK
6
CONTINUOUS
10
91.1365859999999941
20
-38.3288519999999977
11
91.2149999999999892
21
-38.3249999999999957
0
LINE
8
BLACK
6
CONTINUOUS
10
91.2149999999999892
20
-38.3249999999999957
11
92.0150000000000006
21
-38.3249999999999957
0
LINE
8
BLACK
6
CONTINUOUS
10
92.0150000000000006
20
-38.3249999999999957
11
92.0934139999999957
21
-38.3288519999999977
0
LINE
8
BLACK
6
CONTINUOUS
10
34.4431389999999951
20
-37.0662099999999981
11
34.4578349999999958
21
-37.0662099999999981
0
LINE
8
BLACK
6
CONTINUOUS
10
34.4578349999999958
20
-37.0662099999999981
11
34.4715549999999951
21
-37.0718929999999958
0
LINE
8
BLACK
6
CONTINUOUS
10
34.4715549999999951
20
-37.0718929999999958
11
34.4861179999999976
21
-37.0748059999999953
0
LINE
8
BLACK
6
CONTINUOUS
10
34.4861179999999976
20
-37.0748059999999953
11
34.4983289999999982
21
-37.0829829999999987
0
LINE
8
BLACK
6
CONTINUOUS
10
34.4983289999999982
20
-37.0829829999999987
11
34.5119070000000008
21
-37.0886080000000007
0
LINE
8
BLACK
6
CONTINUOUS
10
34.5119070000000008
20
-37.0886080000000007
11
34.5224079999999987
21
-37.0991089999999986
0
LINE
8
BLACK
6
CONTINUOUS
10
34.5224079999999987
20
-37.0991089999999986
11
34.5347480000000004
21
-37.1073729999999955
0
LINE
8
BLACK
6
CONTINUOUS
10
34.5347480000000004
20
-37.1073729999999955
11
34.5531840000000017
21
-37.1298850000000016
0
LINE
8
BLACK
6
CONTINUOUS
10
34.5531840000000017
20
-37.1298850000000016
11
34.5532910000000015
21
-37.1299920000000014
0
LINE
8
BLACK
6
CONTINUOUS
10
34.5532910000000015
20
-37.1299920000000014
11
34.5533099999999962
21
-37.1300389999999965
0
LINE
8
BLACK
6
CONTINUOUS
10
34.5533099999999962
20
-37.1300389999999965
11
34.5533789999999996
21
-37.1301229999999975
0
LINE
8
BLACK
6
CONTINUOUS
10
34.5533789999999996
20
-37.1301229999999975
11
34.6879980000000003
21
-37.3320519999999973
0
LINE
8
BLACK
6
CONTINUOUS
10
34.6879980000000003
20
-37.3320519999999973
11
34.8031390000000016
21
-37.4471929999999986
0
LINE
8
BLACK
6
CONTINUOUS
10
34.8031390000000016
20
-37.4471929999999986
11
34.9242239999999953
21
-37.5077360000000013
0
LINE
8
BLACK
6
CONTINUOUS
10
34.9242239999999953
20
-37.5077360000000013
11
34.9491099999999975
21
-37.5234009999999998
0
LINE
8
BLACK
6
CONTINUOUS
10
34.9491099999999975
20
-37.5234009999999998
11
34.9874560000000017
21
-37.567616000000001
0
LINE
8
BLACK
6
CONTINUOUS
10
34.9874560000000017
20
-37.567616000000001
11
35.0059639999999987
21
-37.6231389999999948
0
LINE
8
BLACK
6
CONTINUOUS
10
35.0059639999999987
20
-37.6231389999999948
11
35.0018150000000006
21
-37.6815190000000015
0
LINE
8
BLACK
6
CONTINUOUS
10
35.0018150000000006
20
-37.6815190000000015
11
34.975640999999996
21
-37.7338680000000011
0
LINE
8
BLACK
6
CONTINUOUS
10
34.975640999999996
20
-37.7338680000000011
11
34.9314249999999973
21
-37.7722149999999957
0
LINE
8
BLACK
6
CONTINUOUS
10
34.9314249999999973
20
-37.7722149999999957
11
34.875903000000001
21
-37.7907219999999953
0
LINE
8
BLACK
6
CONTINUOUS
10
34.875903000000001
20
-37.7907219999999953
11
34.8175230000000013
21
-37.7865729999999971
0
LINE
8
BLACK
6
CONTINUOUS
10
34.8175230000000013
20
-37.7865729999999971
11
34.7900589999999994
21
-37.7760639999999981
0
LINE
8
BLACK
6
CONTINUOUS
10
34.7900589999999994
20
-37.7760639999999981
11
34.6472029999999975
21
-37.7046349999999961
0
LINE
8
BLACK
6
CONTINUOUS
10
34.6472029999999975
20
-37.7046349999999961
11
34.6346109999999996
21
-37.696708000000001
0
LINE
8
BLACK
6
CONTINUOUS
10
34.6346109999999996
20
-37.696708000000001
11
34.6309490000000011
21
-37.6951919999999987
0
LINE
8
BLACK
6
CONTINUOUS
10
34.6309490000000011
20
-37.6951919999999987
11
34.6268260000000012
21
-37.6918080000000018
0
LINE
8
BLACK
6
CONTINUOUS
10
34.6268260000000012
20
-37.6918080000000018
11
34.6223169999999953
21
-37.6889699999999976
0
LINE
8
BLACK
6
CONTINUOUS
10
34.6223169999999953
20
-37.6889699999999976
11
34.6197209999999984
21
-37.6859770000000012
0
LINE
8
BLACK
6
CONTINUOUS
10
34.6197209999999984
20
-37.6859770000000012
11
34.6082189999999983
21
-37.6765369999999962
0
LINE
8
BLACK
6
CONTINUOUS
10
34.6082189999999983
20
-37.6765369999999962
11
34.5785709999999966
21
-37.6468890000000016
0
LINE
8
BLACK
6
CONTINUOUS
10
34.5785709999999966
20
-37.6468890000000016
11
34.5785709999999966
21
-38.5633279999999985
0
LINE
8
BLACK
6
CONTINUOUS
10
34.5785709999999966
20
-38.5633279999999985
11
34.8571419999999961
21
-38.5633279999999985
0
LINE
8
BLACK
6
CONTINUOUS
10
34.8571419999999961
20
-38.5633279999999985
11
34.8864060000000009
21
-38.5662099999999981
0
LINE
8
BLACK
6
CONTINUOUS
10
34.8864060000000009
20
-38.5662099999999981
11
34.9404779999999988
21
-38.5886080000000007
0
LINE
8
BLACK
6
CONTINUOUS
10
34.9404779999999988
20
-38.5886080000000007
11
34.9818619999999996
21
-38.6299920000000014
0
LINE
8
BLACK
6
CONTINUOUS
10
34.9818619999999996
20
-38.6299920000000014
11
35.004259999999995
21
-38.6840639999999993
0
LINE
8
BLACK
6
CONTINUOUS
10
35.004259999999995
20
-38.6840639999999993
11
35.004259999999995
21
-38.7425919999999948
0
LINE
8
BLACK
6
CONTINUOUS
10
35.004259999999995
20
-38.7425919999999948
11
34.9818619999999996
21
-38.7966639999999998
0
LINE
8
BLACK
6
CONTINUOUS
10
34.9818619999999996
20
-38.7966639999999998
11
34.9404779999999988
21
-38.8380480000000006
0
LINE
8
BLACK
6
CONTINUOUS
10
34.9404779999999988
20
-38.8380480000000006
11
34.8864060000000009
21
-38.860445999999996
0
LINE
8
BLACK
6
CONTINUOUS
10
34.8864060000000009
20
-38.860445999999996
11
34.8571419999999961
21
-38.8633279999999957
0
LINE
8
BLACK
6
CONTINUOUS
10
34.8571419999999961
20
-38.8633279999999957
11
33.9999989999999954
21
-38.8633279999999957
0
LINE
8
BLACK
6
CONTINUOUS
10
33.9999989999999954
20
-38.8633279999999957
11
33.9707349999999977
21
-38.860445999999996
0
LINE
8
BLACK
6
CONTINUOUS
10
33.9707349999999977
20
-38.860445999999996
11
33.9166629999999998
21
-38.8380480000000006
0
LINE
8
BLACK
6
CONTINUOUS
10
33.9166629999999998
20
-38.8380480000000006
11
33.875278999999999
21
-38.7966639999999998
0
LINE
8
BLACK
6
CONTINUOUS
10
33.875278999999999
20
-38.7966639999999998
11
33.8528809999999964
21
-38.7425919999999948
0
LINE
8
BLACK
6
CONTINUOUS
10
33.8528809999999964
20
-38.7425919999999948
11
33.8528809999999964
21
-38.6840639999999993
0
LINE
8
BLACK
6
CONTINUOUS
10
33.8528809999999964
20
-38.6840639999999993
11
33.875278999999999
21
-38.6299920000000014
0
LINE
8
BLACK
6
CONTINUOUS
10
33.875278999999999
20
-38.6299920000000014
11
33.9166629999999998
21
-38.5886080000000007
0
LINE
8
BLACK
6
CONTINUOUS
10
33.9166629999999998
20
-38.5886080000000007
11
33.9707349999999977
21
-38.5662099999999981
0
LINE
8
BLACK
6
CONTINUOUS
10
33.9707349999999977
20
-38.5662099999999981
11
33.9999989999999954
21
-38.5633279999999985
0
LINE
8
BLACK
6
CONTINUOUS
10
33.9999989999999954
20
-38.5633279999999985
11
34.2785709999999995
21
-38.5633279999999985
0
LINE
8
BLACK
6
CONTINUOUS
10
34.2785709999999995
20
-38.5633279999999985
11
34.2785709999999995
21
-37.2133279999999971
0
LINE
8
BLACK
6
CONTINUOUS
10
34.2785709999999995
20
-37.2133279999999971
11
34.2785809999999955
21
-37.2132220000000018
0
LINE
8
BLACK
6
CONTINUOUS
10
34.2785809999999955
20
-37.2132220000000018
11
34.2785709999999995
21
-37.2131699999999981
0
LINE
8
BLACK
6
CONTINUOUS
10
34.2785709999999995
20
-37.2131699999999981
11
34.2786010000000019
21
-37.2130159999999961
0
LINE
8
BLACK
6
CONTINUOUS
10
34.2786010000000019
20
-37.2130159999999961
11
34.2814529999999991
21
-37.1840639999999993
0
LINE
8
BLACK
6
CONTINUOUS
10
34.2814529999999991
20
-37.1840639999999993
11
34.2871359999999967
21
-37.1703429999999955
0
LINE
8
BLACK
6
CONTINUOUS
10
34.2871359999999967
20
-37.1703429999999955
11
34.2900489999999962
21
-37.1557809999999975
0
LINE
8
BLACK
6
CONTINUOUS
10
34.2900489999999962
20
-37.1557809999999975
11
34.2982259999999997
21
-37.1435689999999994
0
LINE
8
BLACK
6
CONTINUOUS
10
34.2982259999999997
20
-37.1435689999999994
11
34.3038510000000016
21
-37.1299920000000014
0
LINE
8
BLACK
6
CONTINUOUS
10
34.3038510000000016
20
-37.1299920000000014
11
34.3143519999999995
21
-37.119489999999999
0
LINE
8
BLACK
6
CONTINUOUS
10
34.3143519999999995
20
-37.119489999999999
11
34.3226159999999965
21
-37.1071510000000018
0
LINE
8
BLACK
6
CONTINUOUS
10
34.3226159999999965
20
-37.1071510000000018
11
34.3348429999999993
21
-37.0989989999999992
0
LINE
8
BLACK
6
CONTINUOUS
10
34.3348429999999993
20
-37.0989989999999992
11
34.3452349999999953
21
-37.0886080000000007
0
LINE
8
BLACK
6
CONTINUOUS
10
34.3452349999999953
20
-37.0886080000000007
11
34.3589559999999992
21
-37.0829239999999984
0
LINE
8
BLACK
6
CONTINUOUS
10
34.3589559999999992
20
-37.0829239999999984
11
34.3713139999999981
21
-37.0746859999999998
0
LINE
8
BLACK
6
CONTINUOUS
10
34.3713139999999981
20
-37.0746859999999998
11
34.3857280000000003
21
-37.0718339999999955
0
LINE
8
BLACK
6
CONTINUOUS
10
34.3857280000000003
20
-37.0718339999999955
11
34.3993070000000003
21
-37.0662099999999981
0
LINE
8
BLACK
6
CONTINUOUS
10
34.3993070000000003
20
-37.0662099999999981
11
34.4141599999999954
21
-37.0662099999999981
0
LINE
8
BLACK
6
CONTINUOUS
10
34.4141599999999954
20
-37.0662099999999981
11
34.428728999999997
21
-37.0633279999999985
0
LINE
8
BLACK
6
CONTINUOUS
10
34.428728999999997
20
-37.0633279999999985
11
34.4431389999999951
21
-37.0662099999999981
0
LINE
8
BLACK
6
CONTINUOUS
10
35.5833349999999982
20
-37.0886080000000007
11
35.6247189999999989
21
-37.1299920000000014
0
LINE
8
BLACK
6
CONTINUOUS
10
35.6247189999999989
20
-37.1299920000000014
11
35.6471170000000015
21
-37.1840639999999993
0
LINE
8
BLACK
6
CONTINUOUS
10
35.6471170000000015
20
-37.1840639999999993
11
35.6499990000000011
21
-37.2133279999999971
0
LINE
8
BLACK
6
CONTINUOUS
10
35.6499990000000011
20
-37.2133279999999971
11
35.6499990000000011
21
-38.2604149999999947
0
LINE
8
BLACK
6
CONTINUOUS
10
35.6499990000000011
20
-38.2604149999999947
11
35.7025319999999979
21
-38.4180139999999994
0
LINE
8
BLACK
6
CONTINUOUS
10
35.7025319999999979
20
-38.4180139999999994
11
35.7953109999999981
21
-38.5107939999999971
0
LINE
8
BLACK
6
CONTINUOUS
10
35.7953109999999981
20
-38.5107939999999971
11
35.9529139999999998
21
-38.5633279999999985
0
LINE
8
BLACK
6
CONTINUOUS
10
35.9529139999999998
20
-38.5633279999999985
11
36.0714279999999974
21
-38.5633279999999985
0
LINE
8
BLACK
6
CONTINUOUS
10
36.0714279999999974
20
-38.5633279999999985
11
36.1006919999999951
21
-38.5662099999999981
0
LINE
8
BLACK
6
CONTINUOUS
10
36.1006919999999951
20
-38.5662099999999981
11
36.1547640000000001
21
-38.5886080000000007
0
LINE
8
BLACK
6
CONTINUOUS
10
36.1547640000000001
20
-38.5886080000000007
11
36.1961480000000009
21
-38.6299920000000014
0
LINE
8
BLACK
6
CONTINUOUS
10
36.1961480000000009
20
-38.6299920000000014
11
36.2185459999999964
21
-38.6840639999999993
0
LINE
8
BLACK
6
CONTINUOUS
10
36.2185459999999964
20
-38.6840639999999993
11
36.2185459999999964
21
-38.7425919999999948
0
LINE
8
BLACK
6
CONTINUOUS
10
36.2185459999999964
20
-38.7425919999999948
11
36.1961480000000009
21
-38.7966639999999998
0
LINE
8
BLACK
6
CONTINUOUS
10
36.1961480000000009
20
-38.7966639999999998
11
36.1547640000000001
21
-38.8380480000000006
0
LINE
8
BLACK
6
CONTINUOUS
10
36.1547640000000001
20
-38.8380480000000006
11
36.1006919999999951
21
-38.860445999999996
0
LINE
8
BLACK
6
CONTINUOUS
10
36.1006919999999951
20
-38.860445999999996
11
36.0714279999999974
21
-38.8633279999999957
0
LINE
8
BLACK
6
CONTINUOUS
10
36.0714279999999974
20
-38.8633279999999957
11
35.928570999999998
21
-38.8633279999999957
0
LINE
8
BLACK
6
CONTINUOUS
10
35.928570999999998
20
-38.8633279999999957
11
35.9137649999999979
21
-38.8618689999999987
0
LINE
8
BLACK
6
CONTINUOUS
10
35.9137649999999979
20
-38.8618689999999987
11
35.9098109999999977
21
-38.8621509999999972
0
LINE
8
BLACK
6
CONTINUOUS
10
35.9098109999999977
20
-38.8621509999999972
11
35.9046090000000007
21
-38.8609679999999997
0
LINE
8
BLACK
6
CONTINUOUS
10
35.9046090000000007
20
-38.8609679999999997
11
35.8993070000000003
21
-38.860445999999996
0
LINE
8
BLACK
6
CONTINUOUS
10
35.8993070000000003
20
-38.860445999999996
11
35.8956489999999988
21
-38.8589300000000009
0
LINE
8
BLACK
6
CONTINUOUS
10
35.8956489999999988
20
-38.8589300000000009
11
35.8811369999999954
21
-38.8556309999999954
0
LINE
8
BLACK
6
CONTINUOUS
10
35.8811369999999954
20
-38.8556309999999954
11
35.6668510000000012
21
-38.784202999999998
0
LINE
8
BLACK
6
CONTINUOUS
10
35.6668510000000012
20
-38.784202999999998
11
35.6400000000000006
21
-38.7722149999999957
0
LINE
8
BLACK
6
CONTINUOUS
10
35.6400000000000006
20
-38.7722149999999957
11
35.6359279999999998
21
-38.7686829999999958
0
LINE
8
BLACK
6
CONTINUOUS
10
35.6359279999999998
20
-38.7686829999999958
11
35.6309490000000011
21
-38.7666210000000007
0
LINE
8
BLACK
6
CONTINUOUS
10
35.6309490000000011
20
-38.7666210000000007
11
35.6082189999999983
21
-38.7479659999999981
0
LINE
8
BLACK
6
CONTINUOUS
10
35.6082189999999983
20
-38.7479659999999981
11
35.4653619999999989
21
-38.6051080000000013
0
LINE
8
BLACK
6
CONTINUOUS
10
35.4653619999999989
20
-38.6051080000000013
11
35.4467069999999964
21
-38.582377000000001
0
LINE
8
BLACK
6
CONTINUOUS
10
35.4467069999999964
20
-38.582377000000001
11
35.4446439999999967
21
-38.5773969999999977
0
LINE
8
BLACK
6
CONTINUOUS
10
35.4446439999999967
20
-38.5773969999999977
11
35.4411139999999989
21
-38.573326999999999
0
LINE
8
BLACK
6
CONTINUOUS
10
35.4411139999999989
20
-38.573326999999999
11
35.4291259999999966
21
-38.5464759999999984
0
LINE
8
BLACK
6
CONTINUOUS
10
35.4291259999999966
20
-38.5464759999999984
11
35.3576970000000017
21
-38.3321919999999992
0
LINE
8
BLACK
6
CONTINUOUS
10
35.3576970000000017
20
-38.3321919999999992
11
35.3543969999999987
21
-38.3176819999999978
0
LINE
8
BLACK
6
CONTINUOUS
10
35.3543969999999987
20
-38.3176819999999978
11
35.3528809999999964
21
-38.3140209999999968
0
LINE
8
BLACK
6
CONTINUOUS
10
35.3528809999999964
20
-38.3140209999999968
11
35.3523579999999953
21
-38.3087119999999999
0
LINE
8
BLACK
6
CONTINUOUS
10
35.3523579999999953
20
-38.3087119999999999
11
35.3511769999999999
21
-38.3035179999999968
0
LINE
8
BLACK
6
CONTINUOUS
10
35.3511769999999999
20
-38.3035179999999968
11
35.3514569999999964
21
-38.2995680000000007
0
LINE
8
BLACK
6
CONTINUOUS
10
35.3514569999999964
20
-38.2995680000000007
11
35.3499989999999968
21
-38.284756999999999
0
LINE
8
BLACK
6
CONTINUOUS
10
35.3499989999999968
20
-38.284756999999999
11
35.3499989999999968
21
-37.2133279999999971
0
LINE
8
BLACK
6
CONTINUOUS
10
35.3499989999999968
20
-37.2133279999999971
11
35.3528809999999964
21
-37.1840639999999993
0
LINE
8
BLACK
6
CONTINUOUS
10
35.3528809999999964
20
-37.1840639999999993
11
35.375278999999999
21
-37.1299920000000014
0
LINE
8
BLACK
6
CONTINUOUS
10
35.375278999999999
20
-37.1299920000000014
11
35.4166629999999998
21
-37.0886080000000007
0
LINE
8
BLACK
6
CONTINUOUS
10
35.4166629999999998
20
-37.0886080000000007
11
35.4707349999999977
21
-37.0662099999999981
0
LINE
8
BLACK
6
CONTINUOUS
10
35.4707349999999977
20
-37.0662099999999981
11
35.5292630000000003
21
-37.0662099999999981
0
LINE
8
BLACK
6
CONTINUOUS
10
35.5292630000000003
20
-37.0662099999999981
11
35.5833349999999982
21
-37.0886080000000007
0
LINE
8
BLACK
6
CONTINUOUS
10
60.1349109999999953
20
-34.5745859999999965
11
60.1908439999999985
21
-34.6164580000000015
0
LINE
8
BLACK
6
CONTINUOUS
10
60.1908439999999985
20
-34.6164580000000015
11
60.2095059999999975
21
-34.6524469999999951
0
LINE
8
BLACK
6
CONTINUOUS
10
60.2095059999999975
20
-34.6524469999999951
11
60.2117590000000007
21
-34.6593790000000013
0
LINE
8
BLACK
6
CONTINUOUS
10
60.2117590000000007
20
-34.6593790000000013
11
60.3252349999999993
21
-34.8820890000000006
0
LINE
8
BLACK
6
CONTINUOUS
10
60.3252349999999993
20
-34.8820890000000006
11
60.3261319999999941
21
-34.8838480000000004
0
LINE
8
BLACK
6
CONTINUOUS
10
60.3261319999999941
20
-34.8838480000000004
11
60.4742010000000008
21
-35.087648999999999
0
LINE
8
BLACK
6
CONTINUOUS
10
60.4742010000000008
20
-35.087648999999999
11
60.4742049999999978
21
-35.0876540000000006
0
LINE
8
BLACK
6
CONTINUOUS
10
60.4742049999999978
20
-35.0876540000000006
11
60.6138699999999986
21
-35.2273190000000014
0
LINE
8
BLACK
6
CONTINUOUS
10
60.6138699999999986
20
-35.2273190000000014
11
60.6473549999999975
21
-35.2886419999999958
0
LINE
8
BLACK
6
CONTINUOUS
10
60.6473549999999975
20
-35.2886419999999958
11
60.6423709999999971
21
-35.3583339999999993
0
LINE
8
BLACK
6
CONTINUOUS
10
60.6423709999999971
20
-35.3583339999999993
11
60.6138699999999986
21
-35.4026810000000012
0
LINE
8
BLACK
6
CONTINUOUS
10
60.6138699999999986
20
-35.4026810000000012
11
60.4742049999999978
21
-35.5423449999999974
0
LINE
8
BLACK
6
CONTINUOUS
10
60.4742049999999978
20
-35.5423449999999974
11
60.4742010000000008
21
-35.542349999999999
0
LINE
8
BLACK
6
CONTINUOUS
10
60.4742010000000008
20
-35.542349999999999
11
60.3261319999999941
21
-35.7461509999999976
0
LINE
8
BLACK
6
CONTINUOUS
10
60.3261319999999941
20
-35.7461509999999976
11
60.2117599999999982
21
-35.9706159999999997
0
LINE
8
BLACK
6
CONTINUOUS
10
60.2117599999999982
20
-35.9706159999999997
11
60.1339100000000002
21
-36.2102140000000006
0
LINE
8
BLACK
6
CONTINUOUS
10
60.1339100000000002
20
-36.2102140000000006
11
60.0944999999999965
21
-36.4590379999999996
0
LINE
8
BLACK
6
CONTINUOUS
10
60.0944999999999965
20
-36.4590379999999996
11
60.0944999999999965
21
-36.7109609999999975
0
LINE
8
BLACK
6
CONTINUOUS
10
60.0944999999999965
20
-36.7109609999999975
11
60.1339100000000002
21
-36.9597849999999966
0
LINE
8
BLACK
6
CONTINUOUS
10
60.1339100000000002
20
-36.9597849999999966
11
60.2117599999999982
21
-37.1993829999999974
0
LINE
8
BLACK
6
CONTINUOUS
10
60.2117599999999982
20
-37.1993829999999974
11
60.3261319999999941
21
-37.4238479999999996
0
LINE
8
BLACK
6
CONTINUOUS
10
60.3261319999999941
20
-37.4238479999999996
11
60.4741759999999999
21
-37.6276149999999987
0
LINE
8
BLACK
6
CONTINUOUS
10
60.4741759999999999
20
-37.6276149999999987
11
60.4976559999999992
21
-37.6934210000000007
0
LINE
8
BLACK
6
CONTINUOUS
10
60.4976559999999992
20
-37.6934210000000007
11
60.4818299999999951
21
-37.7614749999999972
0
LINE
8
BLACK
6
CONTINUOUS
10
60.4818299999999951
20
-37.7614749999999972
11
60.4317239999999956
21
-37.8101699999999994
0
LINE
8
BLACK
6
CONTINUOUS
10
60.4317239999999956
20
-37.8101699999999994
11
60.3738579999999985
21
-37.8245000000000005
0
LINE
8
BLACK
6
CONTINUOUS
10
60.3738579999999985
20
-37.8245000000000005
11
59.6956519999999955
21
-37.8245000000000005
0
LINE
8
BLACK
6
CONTINUOUS
10
59.6956519999999955
20
-37.8245000000000005
11
59.4909479999999959
21
-37.8245000000000005
0
LINE
8
BLACK
6
CONTINUOUS
10
59.4909479999999959
20
-37.8245000000000005
11
59.4666289999999975
21
-37.8283509999999978
0
LINE
8
BLACK
6
CONTINUOUS
10
59.4666289999999975
20
-37.8283509999999978
11
59.2887649999999979
21
-37.8565219999999982
0
LINE
8
BLACK
6
CONTINUOUS
10
59.2887649999999979
20
-37.8565219999999982
11
59.0940759999999941
21
-37.9197810000000004
0
LINE
8
BLACK
6
CONTINUOUS
10
59.0940759999999941
20
-37.9197810000000004
11
58.911685999999996
21
-38.012715
0
LINE
8
BLACK
6
CONTINUOUS
10
58.911685999999996
20
-38.012715
11
58.7460859999999983
21
-38.1330279999999959
0
LINE
8
BLACK
6
CONTINUOUS
10
58.7460859999999983
20
-38.1330279999999959
11
58.6013319999999993
21
-38.2777819999999949
0
LINE
8
BLACK
6
CONTINUOUS
10
58.6013319999999993
20
-38.2777819999999949
11
58.6013279999999952
21
-38.2777869999999965
0
LINE
8
BLACK
6
CONTINUOUS
10
58.6013279999999952
20
-38.2777869999999965
11
58.5015179999999972
21
-38.4151650000000018
0
LINE
8
BLACK
6
CONTINUOUS
10
58.5015179999999972
20
-38.4151650000000018
11
58.4461879999999994
21
-38.4578309999999988
0
LINE
8
BLACK
6
CONTINUOUS
10
58.4461879999999994
20
-38.4578309999999988
11
58.3765749999999954
21
-38.4638099999999952
0
LINE
8
BLACK
6
CONTINUOUS
10
58.3765749999999954
20
-38.4638099999999952
11
58.3147799999999989
21
-38.431204000000001
0
LINE
8
BLACK
6
CONTINUOUS
10
58.3147799999999989
20
-38.431204000000001
11
58.280422999999999
21
-38.3703659999999971
0
LINE
8
BLACK
6
CONTINUOUS
10
58.280422999999999
20
-38.3703659999999971
11
58.2772000000000006
21
-38.3422799999999953
0
LINE
8
BLACK
6
CONTINUOUS
10
58.2772000000000006
20
-38.3422799999999953
11
58.2772000000000006
21
-36.3811460000000011
0
LINE
8
BLACK
6
CONTINUOUS
10
58.2772000000000006
20
-36.3811460000000011
11
58.2968849999999961
21
-36.3141069999999999
0
LINE
8
BLACK
6
CONTINUOUS
10
58.2968849999999961
20
-36.3141069999999999
11
58.3135139999999978
21
-36.2934699999999992
0
LINE
8
BLACK
6
CONTINUOUS
10
58.3135139999999978
20
-36.2934699999999992
11
60.0038979999999995
21
-34.6030850000000001
0
LINE
8
BLACK
6
CONTINUOUS
10
60.0038979999999995
20
-34.6030850000000001
11
60.065218999999999
21
-34.5696019999999962
0
LINE
8
BLACK
6
CONTINUOUS
10
60.065218999999999
20
-34.5696019999999962
11
60.1349109999999953
21
-34.5745859999999965
0
LINE
8
BLACK
6
CONTINUOUS
10
62.5734139999999996
20
-35.7888519999999986
11
62.7272279999999967
21
-35.8194480000000013
0
LINE
8
BLACK
6
CONTINUOUS
10
62.7272279999999967
20
-35.8194480000000013
11
62.8721169999999958
21
-35.8794630000000012
0
LINE
8
BLACK
6
CONTINUOUS
10
62.8721169999999958
20
-35.8794630000000012
11
63.0025149999999954
21
-35.9665919999999986
0
LINE
8
BLACK
6
CONTINUOUS
10
63.0025149999999954
20
-35.9665919999999986
11
63.1134079999999997
21
-36.0774849999999958
0
LINE
8
BLACK
6
CONTINUOUS
10
63.1134079999999997
20
-36.0774849999999958
11
63.2005369999999971
21
-36.2078829999999954
0
LINE
8
BLACK
6
CONTINUOUS
10
63.2005369999999971
20
-36.2078829999999954
11
63.260551999999997
21
-36.3527720000000016
0
LINE
8
BLACK
6
CONTINUOUS
10
63.260551999999997
20
-36.3527720000000016
11
63.2911479999999997
21
-36.5065859999999986
0
LINE
8
BLACK
6
CONTINUOUS
10
63.2911479999999997
20
-36.5065859999999986
11
63.2911479999999997
21
-36.663413999999996
0
LINE
8
BLACK
6
CONTINUOUS
10
63.2911479999999997
20
-36.663413999999996
11
63.260551999999997
21
-36.8172280000000001
0
LINE
8
BLACK
6
CONTINUOUS
10
63.260551999999997
20
-36.8172280000000001
11
63.2005369999999971
21
-36.9621169999999992
0
LINE
8
BLACK
6
CONTINUOUS
10
63.2005369999999971
20
-36.9621169999999992
11
63.1134079999999997
21
-37.0925149999999988
0
LINE
8
BLACK
6
CONTINUOUS
10
63.1134079999999997
20
-37.0925149999999988
11
63.0025149999999954
21
-37.203407999999996
0
LINE
8
BLACK
6
CONTINUOUS
10
63.0025149999999954
20
-37.203407999999996
11
62.8721169999999958
21
-37.2905370000000005
0
LINE
8
BLACK
6
CONTINUOUS
10
62.8721169999999958
20
-37.2905370000000005
11
62.7272279999999967
21
-37.3505520000000004
0
LINE
8
BLACK
6
CONTINUOUS
10
62.7272279999999967
20
-37.3505520000000004
11
62.5734139999999996
21
-37.381147999999996
0
LINE
8
BLACK
6
CONTINUOUS
10
62.5734139999999996
20
-37.381147999999996
11
62.4949999999999974
21
-37.384999999999998
0
LINE
8
BLACK
6
CONTINUOUS
10
62.4949999999999974
20
-37.384999999999998
11
61.6950000000000003
21
-37.384999999999998
0
LINE
8
BLACK
6
CONTINUOUS
10
61.6950000000000003
20
-37.384999999999998
11
61.6165859999999981
21
-37.381147999999996
0
LINE
8
BLACK
6
CONTINUOUS
10
61.6165859999999981
20
-37.381147999999996
11
61.462771999999994
21
-37.3505520000000004
0
LINE
8
BLACK
6
CONTINUOUS
10
61.462771999999994
20
-37.3505520000000004
11
61.3178829999999948
21
-37.2905370000000005
0
LINE
8
BLACK
6
CONTINUOUS
10
61.3178829999999948
20
-37.2905370000000005
11
61.1874849999999952
21
-37.203407999999996
0
LINE
8
BLACK
6
CONTINUOUS
10
61.1874849999999952
20
-37.203407999999996
11
61.076591999999998
21
-37.0925149999999988
0
LINE
8
BLACK
6
CONTINUOUS
10
61.076591999999998
20
-37.0925149999999988
11
60.9894630000000006
21
-36.9621169999999992
0
LINE
8
BLACK
6
CONTINUOUS
10
60.9894630000000006
20
-36.9621169999999992
11
60.9294480000000007
21
-36.8172280000000001
0
LINE
8
BLACK
6
CONTINUOUS
10
60.9294480000000007
20
-36.8172280000000001
11
60.898851999999998
21
-36.663413999999996
0
LINE
8
BLACK
6
CONTINUOUS
10
60.898851999999998
20
-36.663413999999996
11
60.898851999999998
21
-36.5065859999999986
0
LINE
8
BLACK
6
CONTINUOUS
10
60.898851999999998
20
-36.5065859999999986
11
60.9294480000000007
21
-36.3527720000000016
0
LINE
8
BLACK
6
CONTINUOUS
10
60.9294480000000007
20
-36.3527720000000016
11
60.9894630000000006
21
-36.2078829999999954
0
LINE
8
BLACK
6
CONTINUOUS
10
60.9894630000000006
20
-36.2078829999999954
11
61.076591999999998
21
-36.0774849999999958
0
LINE
8
BLACK
6
CONTINUOUS
10
61.076591999999998
20
-36.0774849999999958
11
61.1874849999999952
21
-35.9665919999999986
0
LINE
8
BLACK
6
CONTINUOUS
10
61.1874849999999952
20
-35.9665919999999986
11
61.3178829999999948
21
-35.8794630000000012
0
LINE
8
BLACK
6
CONTINUOUS
10
61.3178829999999948
20
-35.8794630000000012
11
61.462771999999994
21
-35.8194480000000013
0
LINE
8
BLACK
6
CONTINUOUS
10
61.462771999999994
20
-35.8194480000000013
11
61.6165859999999981
21
-35.7888519999999986
0
LINE
8
BLACK
6
CONTINUOUS
10
61.6165859999999981
20
-35.7888519999999986
11
61.6950000000000003
21
-35.7849999999999966
0
LINE
8
BLACK
6
CONTINUOUS
10
61.6950000000000003
20
-35.7849999999999966
11
62.4949999999999974
21
-35.7849999999999966
0
LINE
8
BLACK
6
CONTINUOUS
10
62.4949999999999974
20
-35.7849999999999966
11
62.5734139999999996
21
-35.7888519999999986
0
LINE
8
BLACK
6
CONTINUOUS
10
81.1434139999999928
20
-35.7888519999999986
11
81.2972279999999898
21
-35.8194480000000013
0
LINE
8
BLACK
6
CONTINUOUS
10
81.2972279999999898
20
-35.8194480000000013
11
81.4421169999999961
21
-35.8794630000000012
0
LINE
8
BLACK
6
CONTINUOUS
10
81.4421169999999961
20
-35.8794630000000012
11
81.5725149999999957
21
-35.9665919999999986
0
LINE
8
BLACK
6
CONTINUOUS
10
81.5725149999999957
20
-35.9665919999999986
11
81.683408
21
-36.0774849999999958
0
LINE
8
BLACK
6
CONTINUOUS
10
81.683408
20
-36.0774849999999958
11
81.7705369999999903
21
-36.2078829999999954
0
LINE
8
BLACK
6
CONTINUOUS
10
81.7705369999999903
20
-36.2078829999999954
11
81.8305519999999973
21
-36.3527720000000016
0
LINE
8
BLACK
6
CONTINUOUS
10
81.8305519999999973
20
-36.3527720000000016
11
81.861148
21
-36.5065859999999986
0
LINE
8
BLACK
6
CONTINUOUS
10
81.861148
20
-36.5065859999999986
11
81.861148
21
-36.663413999999996
0
LINE
8
BLACK
6
CONTINUOUS
10
81.861148
20
-36.663413999999996
11
81.8305519999999973
21
-36.8172280000000001
0
LINE
8
BLACK
6
CONTINUOUS
10
81.8305519999999973
20
-36.8172280000000001
11
81.7705369999999903
21
-36.9621169999999992
0
LINE
8
BLACK
6
CONTINUOUS
10
81.7705369999999903
20
-36.9621169999999992
11
81.683408
21
-37.0925149999999988
0
LINE
8
BLACK
6
CONTINUOUS
10
81.683408
20
-37.0925149999999988
11
81.5725149999999957
21
-37.203407999999996
0
LINE
8
BLACK
6
CONTINUOUS
10
81.5725149999999957
20
-37.203407999999996
11
81.4421169999999961
21
-37.2905370000000005
0
LINE
8
BLACK
6
CONTINUOUS
10
81.4421169999999961
20
-37.2905370000000005
11
81.2972279999999898
21
-37.3505520000000004
0
LINE
8
BLACK
6
CONTINUOUS
10
81.2972279999999898
20
-37.3505520000000004
11
81.1434139999999928
21
-37.381147999999996
0
LINE
8
BLACK
6
CONTINUOUS
10
81.1434139999999928
20
-37.381147999999996
11
81.0649999999999977
21
-37.384999999999998
0
LINE
8
BLACK
6
CONTINUOUS
10
81.0649999999999977
20
-37.384999999999998
11
80.2650000000000006
21
-37.384999999999998
0
LINE
8
BLACK
6
CONTINUOUS
10
80.2650000000000006
20
-37.384999999999998
11
80.1865859999999913
21
-37.381147999999996
0
LINE
8
BLACK
6
CONTINUOUS
10
80.1865859999999913
20
-37.381147999999996
11
80.0327719999999943
21
-37.3505520000000004
0
LINE
8
BLACK
6
CONTINUOUS
10
80.0327719999999943
20
-37.3505520000000004
11
79.8878830000000022
21
-37.2905370000000005
0
LINE
8
BLACK
6
CONTINUOUS
10
79.8878830000000022
20
-37.2905370000000005
11
79.7574850000000026
21
-37.203407999999996
0
LINE
8
BLACK
6
CONTINUOUS
10
79.7574850000000026
20
-37.203407999999996
11
79.6465919999999983
21
-37.0925149999999988
0
LINE
8
BLACK
6
CONTINUOUS
10
79.6465919999999983
20
-37.0925149999999988
11
79.5594629999999938
21
-36.9621169999999992
0
LINE
8
BLACK
6
CONTINUOUS
10
79.5594629999999938
20
-36.9621169999999992
11
79.499448000000001
21
-36.8172280000000001
0
LINE
8
BLACK
6
CONTINUOUS
10
79.499448000000001
20
-36.8172280000000001
11
79.4688519999999983
21
-36.663413999999996
0
LINE
8
BLACK
6
CONTINUOUS
10
79.4688519999999983
20
-36.663413999999996
11
79.4688519999999983
21
-36.5065859999999986
0
LINE
8
BLACK
6
CONTINUOUS
10
79.4688519999999983
20
-36.5065859999999986
11
79.499448000000001
21
-36.3527720000000016
0
LINE
8
BLACK
6
CONTINUOUS
10
79.499448000000001
20
-36.3527720000000016
11
79.5594629999999938
21
-36.2078829999999954
0
LINE
8
BLACK
6
CONTINUOUS
10
79.5594629999999938
20
-36.2078829999999954
11
79.6465919999999983
21
-36.0774849999999958
0
LINE
8
BLACK
6
CONTINUOUS
10
79.6465919999999983
20
-36.0774849999999958
11
79.7574850000000026
21
-35.9665919999999986
0
LINE
8
BLACK
6
CONTINUOUS
10
79.7574850000000026
20
-35.9665919999999986
11
79.8878830000000022
21
-35.8794630000000012
0
LINE
8
BLACK
6
CONTINUOUS
10
79.8878830000000022
20
-35.8794630000000012
11
80.0327719999999943
21
-35.8194480000000013
0
LINE
8
BLACK
6
CONTINUOUS
10
80.0327719999999943
20
-35.8194480000000013
11
80.1865859999999913
21
-35.7888519999999986
0
LINE
8
BLACK
6
CONTINUOUS
10
80.1865859999999913
20
-35.7888519999999986
11
80.2650000000000006
21
-35.7849999999999966
0
LINE
8
BLACK
6
CONTINUOUS
10
80.2650000000000006
20
-35.7849999999999966
11
81.0649999999999977
21
-35.7849999999999966
0
LINE
8
BLACK
6
CONTINUOUS
10
81.0649999999999977
20
-35.7849999999999966
11
81.1434139999999928
21
-35.7888519999999986
0
LINE
8
BLACK
6
CONTINUOUS
10
92.0934139999999957
20
-35.7888519999999986
11
92.2472279999999927
21
-35.8194480000000013
0
LINE
8
BLACK
6
CONTINUOUS
10
92.2472279999999927
20
-35.8194480000000013
11
92.3921169999999989
21
-35.8794630000000012
0
LINE
8
BLACK
6
CONTINUOUS
10
92.3921169999999989
20
-35.8794630000000012
11
92.5225149999999985
21
-35.9665919999999986
0
LINE
8
BLACK
6
CONTINUOUS
10
92.5225149999999985
20
-35.9665919999999986
11
92.6334080000000029
21
-36.0774849999999958
0
LINE
8
BLACK
6
CONTINUOUS
10
92.6334080000000029
20
-36.0774849999999958
11
92.7205369999999931
21
-36.2078829999999954
0
LINE
8
BLACK
6
CONTINUOUS
10
92.7205369999999931
20
-36.2078829999999954
11
92.7805520000000001
21
-36.3527720000000016
0
LINE
8
BLACK
6
CONTINUOUS
10
92.7805520000000001
20
-36.3527720000000016
11
92.8111480000000029
21
-36.5065859999999986
0
LINE
8
BLACK
6
CONTINUOUS
10
92.8111480000000029
20
-36.5065859999999986
11
92.8111480000000029
21
-36.663413999999996
0
LINE
8
BLACK
6
CONTINUOUS
10
92.8111480000000029
20
-36.663413999999996
11
92.7805520000000001
21
-36.8172280000000001
0
LINE
8
BLACK
6
CONTINUOUS
10
92.7805520000000001
20
-36.8172280000000001
11
92.7205369999999931
21
-36.9621169999999992
0
LINE
8
BLACK
6
CONTINUOUS
10
92.7205369999999931
20
-36.9621169999999992
11
92.6334080000000029
21
-37.0925149999999988
0
LINE
8
BLACK
6
CONTINUOUS
10
92.6334080000000029
20
-37.0925149999999988
11
92.5225149999999985
21
-37.203407999999996
0
LINE
8
BLACK
6
CONTINUOUS
10
92.5225149999999985
20
-37.203407999999996
11
92.3921169999999989
21
-37.2905370000000005
0
LINE
8
BLACK
6
CONTINUOUS
10
92.3921169999999989
20
-37.2905370000000005
11
92.2472279999999927
21
-37.3505520000000004
0
LINE
8
BLACK
6
CONTINUOUS
10
92.2472279999999927
20
-37.3505520000000004
11
92.0934139999999957
21
-37.381147999999996
0
LINE
8
BLACK
6
CONTINUOUS
10
92.0934139999999957
20
-37.381147999999996
11
92.0150000000000006
21
-37.384999999999998
0
LINE
8
BLACK
6
CONTINUOUS
10
92.0150000000000006
20
-37.384999999999998
11
91.2149999999999892
21
-37.384999999999998
0
LINE
8
BLACK
6
CONTINUOUS
10
91.2149999999999892
20
-37.384999999999998
11
91.1365859999999941
21
-37.381147999999996
0
LINE
8
BLACK
6
CONTINUOUS
10
91.1365859999999941
20
-37.381147999999996
11
90.9827719999999971
21
-37.3505520000000004
0
LINE
8
BLACK
6
CONTINUOUS
10
90.9827719999999971
20
-37.3505520000000004
11
90.8378829999999908
21
-37.2905370000000005
0
LINE
8
BLACK
6
CONTINUOUS
10
90.8378829999999908
20
-37.2905370000000005
11
90.7074849999999913
21
-37.203407999999996
0
LINE
8
BLACK
6
CONTINUOUS
10
90.7074849999999913
20
-37.203407999999996
11
90.5965920000000011
21
-37.0925149999999988
0
LINE
8
BLACK
6
CONTINUOUS
10
90.5965920000000011
20
-37.0925149999999988
11
90.5094629999999967
21
-36.9621169999999992
0
LINE
8
BLACK
6
CONTINUOUS
10
90.5094629999999967
20
-36.9621169999999992
11
90.4494479999999896
21
-36.8172280000000001
0
LINE
8
BLACK
6
CONTINUOUS
10
90.4494479999999896
20
-36.8172280000000001
11
90.4188520000000011
21
-36.663413999999996
0
LINE
8
BLACK
6
CONTINUOUS
10
90.4188520000000011
20
-36.663413999999996
11
90.4188520000000011
21
-36.5065859999999986
0
LINE
8
BLACK
6
CONTINUOUS
10
90.4188520000000011
20
-36.5065859999999986
11
90.4494479999999896
21
-36.3527720000000016
0
LINE
8
BLACK
6
CONTINUOUS
10
90.4494479999999896
20
-36.3527720000000016
11
90.5094629999999967
21
-36.2078829999999954
0
LINE
8
BLACK
6
CONTINUOUS
10
90.5094629999999967
20
-36.2078829999999954
11
90.5965920000000011
21
-36.0774849999999958
0
LINE
8
BLACK
6
CONTINUOUS
10
90.5965920000000011
20
-36.0774849999999958
11
90.7074849999999913
21
-35.9665919999999986
0
LINE
8
BLACK
6
CONTINUOUS
10
90.7074849999999913
20
-35.9665919999999986
11
90.8378829999999908
21
-35.8794630000000012
0
LINE
8
BLACK
6
CONTINUOUS
10
90.8378829999999908
20
-35.8794630000000012
11
90.9827719999999971
21
-35.8194480000000013
0
LINE
8
BLACK
6
CONTINUOUS
10
90.9827719999999971
20
-35.8194480000000013
11
91.1365859999999941
21
-35.7888519999999986
0
LINE
8
BLACK
6
CONTINUOUS
10
91.1365859999999941
20
-35.7888519999999986
11
91.2149999999999892
21
-35.7849999999999966
0
LINE
8
BLACK
6
CONTINUOUS
10
91.2149999999999892
20
-35.7849999999999966
11
92.0150000000000006
21
-35.7849999999999966
0
LINE
8
BLACK
6
CONTINUOUS
10
92.0150000000000006
20
-35.7849999999999966
11
92.0934139999999957
21
-35.7888519999999986
0
LINE
8
BLACK
6
CONTINUOUS
10
95.9754480000000001
20
-26.8068770000000001
11
95.9754629999999906
21
-26.8068770000000001
0
LINE
8
BLACK
6
CONTINUOUS
10
95.9754629999999906
20
-26.8068770000000001
11
96.1015419999999949
21
-26.8406599999999997
0
LINE
8
BLACK
6
CONTINUOUS
10
96.1015419999999949
20
-26.8406599999999997
11
96.2145809999999955
21
-26.9059229999999978
0
LINE
8
BLACK
6
CONTINUOUS
10
96.2145809999999955
20
-26.9059229999999978
11
96.2145960000000002
21
-26.905937999999999
0
LINE
8
BLACK
6
CONTINUOUS
10
96.2145960000000002
20
-26.905937999999999
11
96.2637529999999941
21
-26.9490470000000002
0
LINE
8
BLACK
6
CONTINUOUS
10
96.2637529999999941
20
-26.9490470000000002
11
102.0902529999999899
21
-32.7755459999999985
0
LINE
8
BLACK
6
CONTINUOUS
10
102.0902529999999899
20
-32.7755459999999985
11
102.1333679999999902
21
-32.8247099999999961
0
LINE
8
BLACK
6
CONTINUOUS
10
102.1333679999999902
20
-32.8247099999999961
11
102.1333769999999959
21
-32.8247190000000018
0
LINE
8
BLACK
6
CONTINUOUS
10
102.1333769999999959
20
-32.8247190000000018
11
102.1736649999999997
21
-32.8945000000000007
0
LINE
8
BLACK
6
CONTINUOUS
10
102.1736649999999997
20
-32.8945000000000007
11
102.1986399999999975
21
-32.9377579999999952
0
LINE
8
BLACK
6
CONTINUOUS
10
102.1986399999999975
20
-32.9377579999999952
11
102.2324229999999972
21
-33.0638369999999995
0
LINE
8
BLACK
6
CONTINUOUS
10
102.2324229999999972
20
-33.0638369999999995
11
102.2324229999999972
21
-33.0638519999999971
0
LINE
8
BLACK
6
CONTINUOUS
10
102.2324229999999972
20
-33.0638519999999971
11
102.236699999999999
21
-33.1291000000000011
0
LINE
8
BLACK
6
CONTINUOUS
10
102.236699999999999
20
-33.1291000000000011
11
102.236699999999999
21
-36.5850000000000009
0
LINE
8
BLACK
6
CONTINUOUS
10
102.236699999999999
20
-36.5850000000000009
11
102.2324219999999997
21
-36.6502629999999954
0
LINE
8
BLACK
6
CONTINUOUS
10
102.2324219999999997
20
-36.6502629999999954
11
102.1986399999999975
21
-36.7763419999999996
0
LINE
8
BLACK
6
CONTINUOUS
10
102.1986399999999975
20
-36.7763419999999996
11
102.1333769999999959
21
-36.8893810000000002
0
LINE
8
BLACK
6
CONTINUOUS
10
102.1333769999999959
20
-36.8893810000000002
11
102.0410809999999913
21
-36.9816769999999977
0
LINE
8
BLACK
6
CONTINUOUS
10
102.0410809999999913
20
-36.9816769999999977
11
101.9280419999999907
21
-37.0469399999999993
0
LINE
8
BLACK
6
CONTINUOUS
10
101.9280419999999907
20
-37.0469399999999993
11
101.8019630000000006
21
-37.0807220000000015
0
LINE
8
BLACK
6
CONTINUOUS
10
101.8019630000000006
20
-37.0807220000000015
11
101.736699999999999
21
-37.0850000000000009
0
LINE
8
BLACK
6
CONTINUOUS
10
101.736699999999999
20
-37.0850000000000009
11
100.2584289999999925
21
-37.0850000000000009
0
LINE
8
BLACK
6
CONTINUOUS
10
100.2584289999999925
20
-37.0850000000000009
11
100.2534079999999932
21
-37.0925149999999988
0
LINE
8
BLACK
6
CONTINUOUS
10
100.2534079999999932
20
-37.0925149999999988
11
100.1425149999999888
21
-37.203407999999996
0
LINE
8
BLACK
6
CONTINUOUS
10
100.1425149999999888
20
-37.203407999999996
11
100.0121169999999893
21
-37.2905370000000005
0
LINE
8
BLACK
6
CONTINUOUS
10
100.0121169999999893
20
-37.2905370000000005
11
99.8672279999999972
21
-37.3505520000000004
0
LINE
8
BLACK
6
CONTINUOUS
10
99.8672279999999972
20
-37.3505520000000004
11
99.7134140000000002
21
-37.381147999999996
0
LINE
8
BLACK
6
CONTINUOUS
10
99.7134140000000002
20
-37.381147999999996
11
99.6349999999999909
21
-37.384999999999998
0
LINE
8
BLACK
6
CONTINUOUS
10
99.6349999999999909
20
-37.384999999999998
11
98.8349999999999937
21
-37.384999999999998
0
LINE
8
BLACK
6
CONTINUOUS
10
98.8349999999999937
20
-37.384999999999998
11
98.7565859999999986
21
-37.381147999999996
0
LINE
8
BLACK
6
CONTINUOUS
10
98.7565859999999986
20
-37.381147999999996
11
98.6027720000000016
21
-37.3505520000000004
0
LINE
8
BLACK
6
CONTINUOUS
10
98.6027720000000016
20
-37.3505520000000004
11
98.4578829999999954
21
-37.2905370000000005
0
LINE
8
BLACK
6
CONTINUOUS
10
98.4578829999999954
20
-37.2905370000000005
11
98.3274849999999958
21
-37.203407999999996
0
LINE
8
BLACK
6
CONTINUOUS
10
98.3274849999999958
20
-37.203407999999996
11
98.2165919999999915
21
-37.0925149999999988
0
LINE
8
BLACK
6
CONTINUOUS
10
98.2165919999999915
20
-37.0925149999999988
11
98.1294630000000012
21
-36.9621169999999992
0
LINE
8
BLACK
6
CONTINUOUS
10
98.1294630000000012
20
-36.9621169999999992
11
98.0694479999999942
21
-36.8172280000000001
0
LINE
8
BLACK
6
CONTINUOUS
10
98.0694479999999942
20
-36.8172280000000001
11
98.0388519999999914
21
-36.663413999999996
0
LINE
8
BLACK
6
CONTINUOUS
10
98.0388519999999914
20
-36.663413999999996
11
98.0388519999999914
21
-36.5065859999999986
0
LINE
8
BLACK
6
CONTINUOUS
10
98.0388519999999914
20
-36.5065859999999986
11
98.0694479999999942
21
-36.3527720000000016
0
LINE
8
BLACK
6
CONTINUOUS
10
98.0694479999999942
20
-36.3527720000000016
11
98.1294630000000012
21
-36.2078829999999954
0
LINE
8
BLACK
6
CONTINUOUS
10
98.1294630000000012
20
-36.2078829999999954
11
98.2165919999999915
21
-36.0774849999999958
0
LINE
8
BLACK
6
CONTINUOUS
10
98.2165919999999915
20
-36.0774849999999958
11
98.3274849999999958
21
-35.9665919999999986
0
LINE
8
BLACK
6
CONTINUOUS
10
98.3274849999999958
20
-35.9665919999999986
11
98.4578829999999954
21
-35.8794630000000012
0
LINE
8
BLACK
6
CONTINUOUS
10
98.4578829999999954
20
-35.8794630000000012
11
98.6027720000000016
21
-35.8194480000000013
0
LINE
8
BLACK
6
CONTINUOUS
10
98.6027720000000016
20
-35.8194480000000013
11
98.7565859999999986
21
-35.7888519999999986
0
LINE
8
BLACK
6
CONTINUOUS
10
98.7565859999999986
20
-35.7888519999999986
11
98.8349999999999937
21
-35.7849999999999966
0
LINE
8
BLACK
6
CONTINUOUS
10
98.8349999999999937
20
-35.7849999999999966
11
99.6349999999999909
21
-35.7849999999999966
0
LINE
8
BLACK
6
CONTINUOUS
10
99.6349999999999909
20
-35.7849999999999966
11
99.7134140000000002
21
-35.7888519999999986
0
LINE
8
BLACK
6
CONTINUOUS
10
99.7134140000000002
20
-35.7888519999999986
11
99.8672279999999972
21
-35.8194480000000013
0
LINE
8
BLACK
6
CONTINUOUS
10
99.8672279999999972
20
-35.8194480000000013
11
100.0121169999999893
21
-35.8794630000000012
0
LINE
8
BLACK
6
CONTINUOUS
10
100.0121169999999893
20
-35.8794630000000012
11
100.1425149999999888
21
-35.9665919999999986
0
LINE
8
BLACK
6
CONTINUOUS
10
100.1425149999999888
20
-35.9665919999999986
11
100.2534079999999932
21
-36.0774849999999958
0
LINE
8
BLACK
6
CONTINUOUS
10
100.2534079999999932
20
-36.0774849999999958
11
100.2584289999999925
21
-36.0850000000000009
0
LINE
8
BLACK
6
CONTINUOUS
10
100.2584289999999925
20
-36.0850000000000009
11
101.236699999999999
21
-36.0850000000000009
0
LINE
8
BLACK
6
CONTINUOUS
10
101.236699999999999
20
-36.0850000000000009
11
101.236699999999999
21
-33.3362059999999971
0
LINE
8
BLACK
6
CONTINUOUS
10
101.236699999999999
20
-33.3362059999999971
11
95.703093999999993
21
-27.8025999999999982
0
LINE
8
BLACK
6
CONTINUOUS
10
95.703093999999993
20
-27.8025999999999982
11
34.2300070000000005
21
-27.8025999999999982
0
LINE
8
BLACK
6
CONTINUOUS
10
34.2300070000000005
20
-27.8025999999999982
11
33.3057000000000016
21
-28.7269059999999996
0
LINE
8
BLACK
6
CONTINUOUS
10
33.3057000000000016
20
-28.7269059999999996
11
33.3057000000000016
21
-30.120393
0
LINE
8
BLACK
6
CONTINUOUS
10
33.3057000000000016
20
-30.120393
11
34.5012180000000015
21
-31.3159109999999998
0
LINE
8
BLACK
6
CONTINUOUS
10
34.5012180000000015
20
-31.3159109999999998
11
34.5993129999999951
21
-31.2503669999999971
0
LINE
8
BLACK
6
CONTINUOUS
10
34.5993129999999951
20
-31.2503669999999971
11
34.7532579999999953
21
-31.1866009999999996
0
LINE
8
BLACK
6
CONTINUOUS
10
34.7532579999999953
20
-31.1866009999999996
11
34.9166850000000011
21
-31.1540929999999996
0
LINE
8
BLACK
6
CONTINUOUS
10
34.9166850000000011
20
-31.1540929999999996
11
35.0833149999999989
21
-31.1540929999999996
0
LINE
8
BLACK
6
CONTINUOUS
10
35.0833149999999989
20
-31.1540929999999996
11
35.2467419999999976
21
-31.1866009999999996
0
LINE
8
BLACK
6
CONTINUOUS
10
35.2467419999999976
20
-31.1866009999999996
11
35.4006869999999978
21
-31.2503669999999971
0
LINE
8
BLACK
6
CONTINUOUS
10
35.4006869999999978
20
-31.2503669999999971
11
35.5392340000000004
21
-31.3429409999999997
0
LINE
8
BLACK
6
CONTINUOUS
10
35.5392340000000004
20
-31.3429409999999997
11
35.6570589999999967
21
-31.4607659999999996
0
LINE
8
BLACK
6
CONTINUOUS
10
35.6570589999999967
20
-31.4607659999999996
11
35.7496329999999958
21
-31.5993129999999987
0
LINE
8
BLACK
6
CONTINUOUS
10
35.7496329999999958
20
-31.5993129999999987
11
35.8133989999999969
21
-31.7532579999999989
0
LINE
8
BLACK
6
CONTINUOUS
10
35.8133989999999969
20
-31.7532579999999989
11
35.8459069999999969
21
-31.9166849999999975
0
LINE
8
BLACK
6
CONTINUOUS
10
35.8459069999999969
20
-31.9166849999999975
11
35.8459069999999969
21
-32.0833149999999989
0
LINE
8
BLACK
6
CONTINUOUS
10
35.8459069999999969
20
-32.0833149999999989
11
35.8133989999999969
21
-32.2467419999999976
0
LINE
8
BLACK
6
CONTINUOUS
10
35.8133989999999969
20
-32.2467419999999976
11
35.7496329999999958
21
-32.4006869999999978
0
LINE
8
BLACK
6
CONTINUOUS
10
35.7496329999999958
20
-32.4006869999999978
11
35.6570589999999967
21
-32.5392340000000004
0
LINE
8
BLACK
6
CONTINUOUS
10
35.6570589999999967
20
-32.5392340000000004
11
35.5392340000000004
21
-32.6570589999999967
0
LINE
8
BLACK
6
CONTINUOUS
10
35.5392340000000004
20
-32.6570589999999967
11
35.4006869999999978
21
-32.7496329999999958
0
LINE
8
BLACK
6
CONTINUOUS
10
35.4006869999999978
20
-32.7496329999999958
11
35.2467419999999976
21
-32.8133989999999969
0
LINE
8
BLACK
6
CONTINUOUS
10
35.2467419999999976
20
-32.8133989999999969
11
35.0833149999999989
21
-32.8459069999999969
0
LINE
8
BLACK
6
CONTINUOUS
10
35.0833149999999989
20
-32.8459069999999969
11
34.9166850000000011
21
-32.8459069999999969
0
LINE
8
BLACK
6
CONTINUOUS
10
34.9166850000000011
20
-32.8459069999999969
11
34.7532579999999953
21
-32.8133989999999969
0
LINE
8
BLACK
6
CONTINUOUS
10
34.7532579999999953
20
-32.8133989999999969
11
34.5993129999999951
21
-32.7496329999999958
0
LINE
8
BLACK
6
CONTINUOUS
10
34.5993129999999951
20
-32.7496329999999958
11
34.4607659999999996
21
-32.6570589999999967
0
LINE
8
BLACK
6
CONTINUOUS
10
34.4607659999999996
20
-32.6570589999999967
11
34.3429409999999962
21
-32.5392340000000004
0
LINE
8
BLACK
6
CONTINUOUS
10
34.3429409999999962
20
-32.5392340000000004
11
34.2922620000000009
21
-32.4633880000000019
0
LINE
8
BLACK
6
CONTINUOUS
10
34.2922620000000009
20
-32.4633880000000019
11
34.2868579999999952
21
-32.4619399999999985
0
LINE
8
BLACK
6
CONTINUOUS
10
34.2868579999999952
20
-32.4619399999999985
11
34.282978
21
-32.459699999999998
0
LINE
8
BLACK
6
CONTINUOUS
10
34.282978
20
-32.459699999999998
11
34.1738190000000017
21
-32.3966769999999968
0
LINE
8
BLACK
6
CONTINUOUS
10
34.1738190000000017
20
-32.3966769999999968
11
34.173809999999996
21
-32.3966679999999982
0
LINE
8
BLACK
6
CONTINUOUS
10
34.173809999999996
20
-32.3966679999999982
11
34.1246459999999985
21
-32.353552999999998
0
LINE
8
BLACK
6
CONTINUOUS
10
34.1246459999999985
20
-32.353552999999998
11
32.4521469999999965
21
-30.6810529999999986
0
LINE
8
BLACK
6
CONTINUOUS
10
32.4521469999999965
20
-30.6810529999999986
11
32.4090379999999953
21
-30.6318959999999976
0
LINE
8
BLACK
6
CONTINUOUS
10
32.4090379999999953
20
-30.6318959999999976
11
32.4090229999999977
21
-30.6318809999999999
0
LINE
8
BLACK
6
CONTINUOUS
10
32.4090229999999977
20
-30.6318809999999999
11
32.3437599999999961
21
-30.5188419999999994
0
LINE
8
BLACK
6
CONTINUOUS
10
32.3437599999999961
20
-30.5188419999999994
11
32.3099769999999964
21
-30.3927629999999986
0
LINE
8
BLACK
6
CONTINUOUS
10
32.3099769999999964
20
-30.3927629999999986
11
32.3099769999999964
21
-30.392747
0
LINE
8
BLACK
6
CONTINUOUS
10
32.3099769999999964
20
-30.392747
11
32.3057000000000016
21
-30.327499999999997
0
LINE
8
BLACK
6
CONTINUOUS
10
32.3057000000000016
20
-30.327499999999997
11
32.3057000000000016
21
-28.5198
0
LINE
8
BLACK
6
CONTINUOUS
10
32.3057000000000016
20
-28.5198
11
32.3099769999999964
21
-28.4545519999999996
0
LINE
8
BLACK
6
CONTINUOUS
10
32.3099769999999964
20
-28.4545519999999996
11
32.3099769999999964
21
-28.4545369999999984
0
LINE
8
BLACK
6
CONTINUOUS
10
32.3099769999999964
20
-28.4545369999999984
11
32.3437599999999961
21
-28.3284579999999977
0
LINE
8
BLACK
6
CONTINUOUS
10
32.3437599999999961
20
-28.3284579999999977
11
32.4090229999999977
21
-28.2154189999999971
0
LINE
8
BLACK
6
CONTINUOUS
10
32.4090229999999977
20
-28.2154189999999971
11
32.4090379999999953
21
-28.2154029999999985
0
LINE
8
BLACK
6
CONTINUOUS
10
32.4090379999999953
20
-28.2154029999999985
11
32.4521469999999965
21
-28.1662469999999985
0
LINE
8
BLACK
6
CONTINUOUS
10
32.4521469999999965
20
-28.1662469999999985
11
33.6693470000000019
21
-26.9490459999999992
0
LINE
8
BLACK
6
CONTINUOUS
10
33.6693470000000019
20
-26.9490459999999992
11
33.7185029999999983
21
-26.905937999999999
0
LINE
8
BLACK
6
CONTINUOUS
10
33.7185029999999983
20
-26.905937999999999
11
33.7185190000000006
21
-26.9059229999999978
0
LINE
8
BLACK
6
CONTINUOUS
10
33.7185190000000006
20
-26.9059229999999978
11
33.8315580000000011
21
-26.8406599999999997
0
LINE
8
BLACK
6
CONTINUOUS
10
33.8315580000000011
20
-26.8406599999999997
11
33.9576369999999983
21
-26.8068770000000001
0
LINE
8
BLACK
6
CONTINUOUS
10
33.9576369999999983
20
-26.8068770000000001
11
33.957651999999996
21
-26.8068770000000001
0
LINE
8
BLACK
6
CONTINUOUS
10
33.957651999999996
20
-26.8068770000000001
11
34.0228999999999999
21
-26.8025999999999982
0
LINE
8
BLACK
6
CONTINUOUS
10
34.0228999999999999
20
-26.8025999999999982
11
95.910199999999989
21
-26.8025999999999982
0
LINE
8
BLACK
6
CONTINUOUS
10
95.910199999999989
20
-26.8025999999999982
11
95.9754480000000001
21
-26.8068770000000001
0
LINE
8
BLACK
6
CONTINUOUS
10
36.5892699999999991
20
-35.8570750000000018
11
36.6156289999999984
21
-35.8589610000000008
0
LINE
8
BLACK
6
CONTINUOUS
10
36.6156289999999984
20
-35.8589610000000008
11
36.624682
21
-35.8647789999999986
0
LINE
8
BLACK
6
CONTINUOUS
10
36.624682
20
-35.8647789999999986
11
36.6317230000000009
21
-35.8663109999999961
0
LINE
8
BLACK
6
CONTINUOUS
10
36.6317230000000009
20
-35.8663109999999961
11
36.6599769999999978
21
-35.8874619999999993
0
LINE
8
BLACK
6
CONTINUOUS
10
36.6599769999999978
20
-35.8874619999999993
11
36.8158180000000002
21
-36.0433030000000016
0
LINE
8
BLACK
6
CONTINUOUS
10
36.8158180000000002
20
-36.0433030000000016
11
36.849302999999999
21
-36.1046259999999961
0
LINE
8
BLACK
6
CONTINUOUS
10
36.849302999999999
20
-36.1046259999999961
11
36.8443189999999987
21
-36.1743179999999995
0
LINE
8
BLACK
6
CONTINUOUS
10
36.8443189999999987
20
-36.1743179999999995
11
36.8024470000000008
21
-36.2302509999999955
0
LINE
8
BLACK
6
CONTINUOUS
10
36.8024470000000008
20
-36.2302509999999955
11
36.7369829999999951
21
-36.2546679999999952
0
LINE
8
BLACK
6
CONTINUOUS
10
36.7369829999999951
20
-36.2546679999999952
11
36.7281369999999967
21
-36.2549840000000003
0
LINE
8
BLACK
6
CONTINUOUS
10
36.7281369999999967
20
-36.2549840000000003
11
36.4084080000000014
21
-36.2549840000000003
0
LINE
8
BLACK
6
CONTINUOUS
10
36.4084080000000014
20
-36.2549840000000003
11
36.3413690000000003
21
-36.2352989999999977
0
LINE
8
BLACK
6
CONTINUOUS
10
36.3413690000000003
20
-36.2352989999999977
11
36.2956140000000005
21
-36.1824949999999959
0
LINE
8
BLACK
6
CONTINUOUS
10
36.2956140000000005
20
-36.1824949999999959
11
36.2856699999999961
21
-36.1133370000000014
0
LINE
8
BLACK
6
CONTINUOUS
10
36.2856699999999961
20
-36.1133370000000014
11
36.3146950000000004
21
-36.0497809999999959
0
LINE
8
BLACK
6
CONTINUOUS
10
36.3146950000000004
20
-36.0497809999999959
11
36.3424350000000018
21
-36.0259909999999977
0
LINE
8
BLACK
6
CONTINUOUS
10
36.3424350000000018
20
-36.0259909999999977
11
36.3459050000000019
21
-36.0238099999999974
0
LINE
8
BLACK
6
CONTINUOUS
10
36.3459050000000019
20
-36.0238099999999974
11
36.3522619999999961
21
-36.0198159999999987
0
LINE
8
BLACK
6
CONTINUOUS
10
36.3522619999999961
20
-36.0198159999999987
11
36.4798159999999996
21
-35.8922619999999952
0
LINE
8
BLACK
6
CONTINUOUS
10
36.4798159999999996
20
-35.8922619999999952
11
36.4798189999999991
21
-35.8922559999999962
0
LINE
8
BLACK
6
CONTINUOUS
10
36.4798189999999991
20
-35.8922559999999962
11
36.4846140000000005
21
-35.8874619999999993
0
LINE
8
BLACK
6
CONTINUOUS
10
36.4846140000000005
20
-35.8874619999999993
11
36.4925609999999949
21
-35.8831220000000002
0
LINE
8
BLACK
6
CONTINUOUS
10
36.4925609999999949
20
-35.8831220000000002
11
36.4979859999999974
21
-35.8758759999999981
0
LINE
8
BLACK
6
CONTINUOUS
10
36.4979859999999974
20
-35.8758759999999981
11
36.5227420000000009
21
-35.8666419999999988
0
LINE
8
BLACK
6
CONTINUOUS
10
36.5227420000000009
20
-35.8666419999999988
11
36.545936999999995
21
-35.8539770000000004
0
LINE
8
BLACK
6
CONTINUOUS
10
36.545936999999995
20
-35.8539770000000004
11
36.5549669999999978
21
-35.8546219999999991
0
LINE
8
BLACK
6
CONTINUOUS
10
36.5549669999999978
20
-35.8546219999999991
11
36.563449999999996
21
-35.8514589999999984
0
LINE
8
BLACK
6
CONTINUOUS
10
36.563449999999996
20
-35.8514589999999984
11
36.5892699999999991
21
-35.8570750000000018
0
LINE
8
BLACK
6
CONTINUOUS
10
62.5734139999999996
20
-33.2488519999999994
11
62.7272279999999967
21
-33.279447999999995
0
LINE
8
BLACK
6
CONTINUOUS
10
62.7272279999999967
20
-33.279447999999995
11
62.8721169999999958
21
-33.339462999999995
0
LINE
8
BLACK
6
CONTINUOUS
10
62.8721169999999958
20
-33.339462999999995
11
63.0025149999999954
21
-33.4265919999999994
0
LINE
8
BLACK
6
CONTINUOUS
10
63.0025149999999954
20
-33.4265919999999994
11
63.1134079999999997
21
-33.5374849999999967
0
LINE
8
BLACK
6
CONTINUOUS
10
63.1134079999999997
20
-33.5374849999999967
11
63.2005369999999971
21
-33.6678829999999962
0
LINE
8
BLACK
6
CONTINUOUS
10
63.2005369999999971
20
-33.6678829999999962
11
63.260551999999997
21
-33.8127719999999954
0
LINE
8
BLACK
6
CONTINUOUS
10
63.260551999999997
20
-33.8127719999999954
11
63.2911479999999997
21
-33.9665859999999995
0
LINE
8
BLACK
6
CONTINUOUS
10
63.2911479999999997
20
-33.9665859999999995
11
63.2911479999999997
21
-34.1234139999999968
0
LINE
8
BLACK
6
CONTINUOUS
10
63.2911479999999997
20
-34.1234139999999968
11
63.260551999999997
21
-34.2772280000000009
0
LINE
8
BLACK
6
CONTINUOUS
10
63.260551999999997
20
-34.2772280000000009
11
63.2005369999999971
21
-34.4221170000000001
0
LINE
8
BLACK
6
CONTINUOUS
10
63.2005369999999971
20
-34.4221170000000001
11
63.1134079999999997
21
-34.5525149999999996
0
LINE
8
BLACK
6
CONTINUOUS
10
63.1134079999999997
20
-34.5525149999999996
11
63.0025149999999954
21
-34.6634079999999969
0
LINE
8
BLACK
6
CONTINUOUS
10
63.0025149999999954
20
-34.6634079999999969
11
62.8721169999999958
21
-34.7505370000000013
0
LINE
8
BLACK
6
CONTINUOUS
10
62.8721169999999958
20
-34.7505370000000013
11
62.7272279999999967
21
-34.8105520000000013
0
LINE
8
BLACK
6
CONTINUOUS
10
62.7272279999999967
20
-34.8105520000000013
11
62.5734139999999996
21
-34.8411479999999969
0
LINE
8
BLACK
6
CONTINUOUS
10
62.5734139999999996
20
-34.8411479999999969
11
62.4949999999999974
21
-34.8449999999999989
0
LINE
8
BLACK
6
CONTINUOUS
10
62.4949999999999974
20
-34.8449999999999989
11
61.6950000000000003
21
-34.8449999999999989
0
LINE
8
BLACK
6
CONTINUOUS
10
61.6950000000000003
20
-34.8449999999999989
11
61.6165859999999981
21
-34.8411479999999969
0
LINE
8
BLACK
6
CONTINUOUS
10
61.6165859999999981
20
-34.8411479999999969
11
61.462771999999994
21
-34.8105520000000013
0
LINE
8
BLACK
6
CONTINUOUS
10
61.462771999999994
20
-34.8105520000000013
11
61.3178829999999948
21
-34.7505370000000013
0
LINE
8
BLACK
6
CONTINUOUS
10
61.3178829999999948
20
-34.7505370000000013
11
61.1874849999999952
21
-34.6634079999999969
0
LINE
8
BLACK
6
CONTINUOUS
10
61.1874849999999952
20
-34.6634079999999969
11
61.076591999999998
21
-34.5525149999999996
0
LINE
8
BLACK
6
CONTINUOUS
10
61.076591999999998
20
-34.5525149999999996
11
60.9894630000000006
21
-34.4221170000000001
0
LINE
8
BLACK
6
CONTINUOUS
10
60.9894630000000006
20
-34.4221170000000001
11
60.9294480000000007
21
-34.2772280000000009
0
LINE
8
BLACK
6
CONTINUOUS
10
60.9294480000000007
20
-34.2772280000000009
11
60.898851999999998
21
-34.1234139999999968
0
LINE
8
BLACK
6
CONTINUOUS
10
60.898851999999998
20
-34.1234139999999968
11
60.898851999999998
21
-33.9665859999999995
0
LINE
8
BLACK
6
CONTINUOUS
10
60.898851999999998
20
-33.9665859999999995
11
60.9294480000000007
21
-33.8127719999999954
0
LINE
8
BLACK
6
CONTINUOUS
10
60.9294480000000007
20
-33.8127719999999954
11
60.9894630000000006
21
-33.6678829999999962
0
LINE
8
BLACK
6
CONTINUOUS
10
60.9894630000000006
20
-33.6678829999999962
11
61.076591999999998
21
-33.5374849999999967
0
LINE
8
BLACK
6
CONTINUOUS
10
61.076591999999998
20
-33.5374849999999967
11
61.1874849999999952
21
-33.4265919999999994
0
LINE
8
BLACK
6
CONTINUOUS
10
61.1874849999999952
20
-33.4265919999999994
11
61.3178829999999948
21
-33.339462999999995
0
LINE
8
BLACK
6
CONTINUOUS
10
61.3178829999999948
20
-33.339462999999995
11
61.462771999999994
21
-33.279447999999995
0
LINE
8
BLACK
6
CONTINUOUS
10
61.462771999999994
20
-33.279447999999995
11
61.6165859999999981
21
-33.2488519999999994
0
LINE
8
BLACK
6
CONTINUOUS
10
61.6165859999999981
20
-33.2488519999999994
11
61.6950000000000003
21
-33.2449999999999974
0
LINE
8
BLACK
6
CONTINUOUS
10
61.6950000000000003
20
-33.2449999999999974
11
62.4949999999999974
21
-33.2449999999999974
0
LINE
8
BLACK
6
CONTINUOUS
10
62.4949999999999974
20
-33.2449999999999974
11
62.5734139999999996
21
-33.2488519999999994
0
LINE
8
BLACK
6
CONTINUOUS
10
74.0906710000000004
20
-33.2640299999999982
11
74.1717769999999916
21
-33.3182229999999961
0
LINE
8
BLACK
6
CONTINUOUS
10
74.1717769999999916
20
-33.3182229999999961
11
74.2259699999999896
21
-33.3993290000000016
0
LINE
8
BLACK
6
CONTINUOUS
10
74.2259699999999896
20
-33.3993290000000016
11
74.2449999999999903
21
-33.4949999999999974
0
LINE
8
BLACK
6
CONTINUOUS
10
74.2449999999999903
20
-33.4949999999999974
11
74.2449999999999903
21
-34.5949999999999989
0
LINE
8
BLACK
6
CONTINUOUS
10
74.2449999999999903
20
-34.5949999999999989
11
74.2259699999999896
21
-34.6906710000000018
0
LINE
8
BLACK
6
CONTINUOUS
10
74.2259699999999896
20
-34.6906710000000018
11
74.1717769999999916
21
-34.7717770000000002
0
LINE
8
BLACK
6
CONTINUOUS
10
74.1717769999999916
20
-34.7717770000000002
11
74.0906710000000004
21
-34.8259699999999981
0
LINE
8
BLACK
6
CONTINUOUS
10
74.0906710000000004
20
-34.8259699999999981
11
73.9949999999999903
21
-34.8449999999999989
0
LINE
8
BLACK
6
CONTINUOUS
10
73.9949999999999903
20
-34.8449999999999989
11
72.0949999999999989
21
-34.8449999999999989
0
LINE
8
BLACK
6
CONTINUOUS
10
72.0949999999999989
20
-34.8449999999999989
11
71.999329000000003
21
-34.8259699999999981
0
LINE
8
BLACK
6
CONTINUOUS
10
71.999329000000003
20
-34.8259699999999981
11
71.9182229999999976
21
-34.7717770000000002
0
LINE
8
BLACK
6
CONTINUOUS
10
71.9182229999999976
20
-34.7717770000000002
11
71.8640299999999996
21
-34.6906710000000018
0
LINE
8
BLACK
6
CONTINUOUS
10
71.8640299999999996
20
-34.6906710000000018
11
71.8449999999999989
21
-34.5949999999999989
0
LINE
8
BLACK
6
CONTINUOUS
10
71.8449999999999989
20
-34.5949999999999989
11
71.8449999999999989
21
-33.4949999999999974
0
LINE
8
BLACK
6
CONTINUOUS
10
71.8449999999999989
20
-33.4949999999999974
11
71.8640299999999996
21
-33.3993290000000016
0
LINE
8
BLACK
6
CONTINUOUS
10
71.8640299999999996
20
-33.3993290000000016
11
71.9182229999999976
21
-33.3182229999999961
0
LINE
8
BLACK
6
CONTINUOUS
10
71.9182229999999976
20
-33.3182229999999961
11
71.999329000000003
21
-33.2640299999999982
0
LINE
8
BLACK
6
CONTINUOUS
10
71.999329000000003
20
-33.2640299999999982
11
72.0949999999999989
21
-33.2449999999999974
0
LINE
8
BLACK
6
CONTINUOUS
10
72.0949999999999989
20
-33.2449999999999974
11
73.9949999999999903
21
-33.2449999999999974
0
LINE
8
BLACK
6
CONTINUOUS
10
73.9949999999999903
20
-33.2449999999999974
11
74.0906710000000004
21
-33.2640299999999982
0
LINE
8
BLACK
6
CONTINUOUS
10
81.1434139999999928
20
-33.2488519999999994
11
81.2972279999999898
21
-33.279447999999995
0
LINE
8
BLACK
6
CONTINUOUS
10
81.2972279999999898
20
-33.279447999999995
11
81.4421169999999961
21
-33.339462999999995
0
LINE
8
BLACK
6
CONTINUOUS
10
81.4421169999999961
20
-33.339462999999995
11
81.5725149999999957
21
-33.4265919999999994
0
LINE
8
BLACK
6
CONTINUOUS
10
81.5725149999999957
20
-33.4265919999999994
11
81.683408
21
-33.5374849999999967
0
LINE
8
BLACK
6
CONTINUOUS
10
81.683408
20
-33.5374849999999967
11
81.7705369999999903
21
-33.6678829999999962
0
LINE
8
BLACK
6
CONTINUOUS
10
81.7705369999999903
20
-33.6678829999999962
11
81.8305519999999973
21
-33.8127719999999954
0
LINE
8
BLACK
6
CONTINUOUS
10
81.8305519999999973
20
-33.8127719999999954
11
81.861148
21
-33.9665859999999995
0
LINE
8
BLACK
6
CONTINUOUS
10
81.861148
20
-33.9665859999999995
11
81.861148
21
-34.1234139999999968
0
LINE
8
BLACK
6
CONTINUOUS
10
81.861148
20
-34.1234139999999968
11
81.8305519999999973
21
-34.2772280000000009
0
LINE
8
BLACK
6
CONTINUOUS
10
81.8305519999999973
20
-34.2772280000000009
11
81.7705369999999903
21
-34.4221170000000001
0
LINE
8
BLACK
6
CONTINUOUS
10
81.7705369999999903
20
-34.4221170000000001
11
81.683408
21
-34.5525149999999996
0
LINE
8
BLACK
6
CONTINUOUS
10
81.683408
20
-34.5525149999999996
11
81.5725149999999957
21
-34.6634079999999969
0
LINE
8
BLACK
6
CONTINUOUS
10
81.5725149999999957
20
-34.6634079999999969
11
81.4421169999999961
21
-34.7505370000000013
0
LINE
8
BLACK
6
CONTINUOUS
10
81.4421169999999961
20
-34.7505370000000013
11
81.2972279999999898
21
-34.8105520000000013
0
LINE
8
BLACK
6
CONTINUOUS
10
81.2972279999999898
20
-34.8105520000000013
11
81.1434139999999928
21
-34.8411479999999969
0
LINE
8
BLACK
6
CONTINUOUS
10
81.1434139999999928
20
-34.8411479999999969
11
81.0649999999999977
21
-34.8449999999999989
0
LINE
8
BLACK
6
CONTINUOUS
10
81.0649999999999977
20
-34.8449999999999989
11
80.2650000000000006
21
-34.8449999999999989
0
LINE
8
BLACK
6
CONTINUOUS
10
80.2650000000000006
20
-34.8449999999999989
11
80.1865859999999913
21
-34.8411479999999969
0
LINE
8
BLACK
6
CONTINUOUS
10
80.1865859999999913
20
-34.8411479999999969
11
80.0327719999999943
21
-34.8105520000000013
0
LINE
8
BLACK
6
CONTINUOUS
10
80.0327719999999943
20
-34.8105520000000013
11
79.8878830000000022
21
-34.7505370000000013
0
LINE
8
BLACK
6
CONTINUOUS
10
79.8878830000000022
20
-34.7505370000000013
11
79.7574850000000026
21
-34.6634079999999969
0
LINE
8
BLACK
6
CONTINUOUS
10
79.7574850000000026
20
-34.6634079999999969
11
79.6465919999999983
21
-34.5525149999999996
0
LINE
8
BLACK
6
CONTINUOUS
10
79.6465919999999983
20
-34.5525149999999996
11
79.5594629999999938
21
-34.4221170000000001
0
LINE
8
BLACK
6
CONTINUOUS
10
79.5594629999999938
20
-34.4221170000000001
11
79.499448000000001
21
-34.2772280000000009
0
LINE
8
BLACK
6
CONTINUOUS
10
79.499448000000001
20
-34.2772280000000009
11
79.4688519999999983
21
-34.1234139999999968
0
LINE
8
BLACK
6
CONTINUOUS
10
79.4688519999999983
20
-34.1234139999999968
11
79.4688519999999983
21
-33.9665859999999995
0
LINE
8
BLACK
6
CONTINUOUS
10
79.4688519999999983
20
-33.9665859999999995
11
79.499448000000001
21
-33.8127719999999954
0
LINE
8
BLACK
6
CONTINUOUS
10
79.499448000000001
20
-33.8127719999999954
11
79.5594629999999938
21
-33.6678829999999962
0
LINE
8
BLACK
6
CONTINUOUS
10
79.5594629999999938
20
-33.6678829999999962
11
79.6465919999999983
21
-33.5374849999999967
0
LINE
8
BLACK
6
CONTINUOUS
10
79.6465919999999983
20
-33.5374849999999967
11
79.7574850000000026
21
-33.4265919999999994
0
LINE
8
BLACK
6
CONTINUOUS
10
79.7574850000000026
20
-33.4265919999999994
11
79.8878830000000022
21
-33.339462999999995
0
LINE
8
BLACK
6
CONTINUOUS
10
79.8878830000000022
20
-33.339462999999995
11
80.0327719999999943
21
-33.279447999999995
0
LINE
8
BLACK
6
CONTINUOUS
10
80.0327719999999943
20
-33.279447999999995
11
80.1865859999999913
21
-33.2488519999999994
0
LINE
8
BLACK
6
CONTINUOUS
10
80.1865859999999913
20
-33.2488519999999994
11
80.2650000000000006
21
-33.2449999999999974
0
LINE
8
BLACK
6
CONTINUOUS
10
80.2650000000000006
20
-33.2449999999999974
11
81.0649999999999977
21
-33.2449999999999974
0
LINE
8
BLACK
6
CONTINUOUS
10
81.0649999999999977
20
-33.2449999999999974
11
81.1434139999999928
21
-33.2488519999999994
0
LINE
8
BLACK
6
CONTINUOUS
10
92.6606709999999936
20
-33.2640299999999982
11
92.741776999999999
21
-33.3182229999999961
0
LINE
8
BLACK
6
CONTINUOUS
10
92.741776999999999
20
-33.3182229999999961
11
92.795969999999997
21
-33.3993290000000016
0
LINE
8
BLACK
6
CONTINUOUS
10
92.795969999999997
20
-33.3993290000000016
11
92.8149999999999977
21
-33.4949999999999974
0
LINE
8
BLACK
6
CONTINUOUS
10
92.8149999999999977
20
-33.4949999999999974
11
92.8149999999999977
21
-34.5949999999999989
0
LINE
8
BLACK
6
CONTINUOUS
10
92.8149999999999977
20
-34.5949999999999989
11
92.795969999999997
21
-34.6906710000000018
0
LINE
8
BLACK
6
CONTINUOUS
10
92.795969999999997
20
-34.6906710000000018
11
92.741776999999999
21
-34.7717770000000002
0
LINE
8
BLACK
6
CONTINUOUS
10
92.741776999999999
20
-34.7717770000000002
11
92.6606709999999936
21
-34.8259699999999981
0
LINE
8
BLACK
6
CONTINUOUS
10
92.6606709999999936
20
-34.8259699999999981
11
92.5649999999999977
21
-34.8449999999999989
0
LINE
8
BLACK
6
CONTINUOUS
10
92.5649999999999977
20
-34.8449999999999989
11
90.664999999999992
21
-34.8449999999999989
0
LINE
8
BLACK
6
CONTINUOUS
10
90.664999999999992
20
-34.8449999999999989
11
90.5693289999999962
21
-34.8259699999999981
0
LINE
8
BLACK
6
CONTINUOUS
10
90.5693289999999962
20
-34.8259699999999981
11
90.4882229999999907
21
-34.7717770000000002
0
LINE
8
BLACK
6
CONTINUOUS
10
90.4882229999999907
20
-34.7717770000000002
11
90.4340299999999928
21
-34.6906710000000018
0
LINE
8
BLACK
6
CONTINUOUS
10
90.4340299999999928
20
-34.6906710000000018
11
90.414999999999992
21
-34.5949999999999989
0
LINE
8
BLACK
6
CONTINUOUS
10
90.414999999999992
20
-34.5949999999999989
11
90.414999999999992
21
-33.4949999999999974
0
LINE
8
BLACK
6
CONTINUOUS
10
90.414999999999992
20
-33.4949999999999974
11
90.4340299999999928
21
-33.3993290000000016
0
LINE
8
BLACK
6
CONTINUOUS
10
90.4340299999999928
20
-33.3993290000000016
11
90.4882229999999907
21
-33.3182229999999961
0
LINE
8
BLACK
6
CONTINUOUS
10
90.4882229999999907
20
-33.3182229999999961
11
90.5693289999999962
21
-33.2640299999999982
0
LINE
8
BLACK
6
CONTINUOUS
10
90.5693289999999962
20
-33.2640299999999982
11
90.664999999999992
21
-33.2449999999999974
0
LINE
8
BLACK
6
CONTINUOUS
10
90.664999999999992
20
-33.2449999999999974
11
92.5649999999999977
21
-33.2449999999999974
0
LINE
8
BLACK
6
CONTINUOUS
10
92.5649999999999977
20
-33.2449999999999974
11
92.6606709999999936
21
-33.2640299999999982
0
LINE
8
BLACK
6
CONTINUOUS
10
99.7134140000000002
20
-33.2488519999999994
11
99.8672279999999972
21
-33.279447999999995
0
LINE
8
BLACK
6
CONTINUOUS
10
99.8672279999999972
20
-33.279447999999995
11
100.0121169999999893
21
-33.339462999999995
0
LINE
8
BLACK
6
CONTINUOUS
10
100.0121169999999893
20
-33.339462999999995
11
100.1425149999999888
21
-33.4265919999999994
0
LINE
8
BLACK
6
CONTINUOUS
10
100.1425149999999888
20
-33.4265919999999994
11
100.2534079999999932
21
-33.5374849999999967
0
LINE
8
BLACK
6
CONTINUOUS
10
100.2534079999999932
20
-33.5374849999999967
11
100.3405369999999976
21
-33.6678829999999962
0
LINE
8
BLACK
6
CONTINUOUS
10
100.3405369999999976
20
-33.6678829999999962
11
100.4005519999999905
21
-33.8127719999999954
0
LINE
8
BLACK
6
CONTINUOUS
10
100.4005519999999905
20
-33.8127719999999954
11
100.4311479999999932
21
-33.9665859999999995
0
LINE
8
BLACK
6
CONTINUOUS
10
100.4311479999999932
20
-33.9665859999999995
11
100.4311479999999932
21
-34.1234139999999968
0
LINE
8
BLACK
6
CONTINUOUS
10
100.4311479999999932
20
-34.1234139999999968
11
100.4005519999999905
21
-34.2772280000000009
0
LINE
8
BLACK
6
CONTINUOUS
10
100.4005519999999905
20
-34.2772280000000009
11
100.3405369999999976
21
-34.4221170000000001
0
LINE
8
BLACK
6
CONTINUOUS
10
100.3405369999999976
20
-34.4221170000000001
11
100.2534079999999932
21
-34.5525149999999996
0
LINE
8
BLACK
6
CONTINUOUS
10
100.2534079999999932
20
-34.5525149999999996
11
100.1425149999999888
21
-34.6634079999999969
0
LINE
8
BLACK
6
CONTINUOUS
10
100.1425149999999888
20
-34.6634079999999969
11
100.0121169999999893
21
-34.7505370000000013
0
LINE
8
BLACK
6
CONTINUOUS
10
100.0121169999999893
20
-34.7505370000000013
11
99.8672279999999972
21
-34.8105520000000013
0
LINE
8
BLACK
6
CONTINUOUS
10
99.8672279999999972
20
-34.8105520000000013
11
99.7134140000000002
21
-34.8411479999999969
0
LINE
8
BLACK
6
CONTINUOUS
10
99.7134140000000002
20
-34.8411479999999969
11
99.6349999999999909
21
-34.8449999999999989
0
LINE
8
BLACK
6
CONTINUOUS
10
99.6349999999999909
20
-34.8449999999999989
11
98.8349999999999937
21
-34.8449999999999989
0
LINE
8
BLACK
6
CONTINUOUS
10
98.8349999999999937
20
-34.8449999999999989
11
98.7565859999999986
21
-34.8411479999999969
0
LINE
8
BLACK
6
CONTINUOUS
10
98.7565859999999986
20
-34.8411479999999969
11
98.6027720000000016
21
-34.8105520000000013
0
LINE
8
BLACK
6
CONTINUOUS
10
98.6027720000000016
20
-34.8105520000000013
11
98.4578829999999954
21
-34.7505370000000013
0
LINE
8
BLACK
6
CONTINUOUS
10
98.4578829999999954
20
-34.7505370000000013
11
98.3274849999999958
21
-34.6634079999999969
0
LINE
8
BLACK
6
CONTINUOUS
10
98.3274849999999958
20
-34.6634079999999969
11
98.2165919999999915
21
-34.5525149999999996
0
LINE
8
BLACK
6
CONTINUOUS
10
98.2165919999999915
20
-34.5525149999999996
11
98.1294630000000012
21
-34.4221170000000001
0
LINE
8
BLACK
6
CONTINUOUS
10
98.1294630000000012
20
-34.4221170000000001
11
98.0694479999999942
21
-34.2772280000000009
0
LINE
8
BLACK
6
CONTINUOUS
10
98.0694479999999942
20
-34.2772280000000009
11
98.0388519999999914
21
-34.1234139999999968
0
LINE
8
BLACK
6
CONTINUOUS
10
98.0388519999999914
20
-34.1234139999999968
11
98.0388519999999914
21
-33.9665859999999995
0
LINE
8
BLACK
6
CONTINUOUS
10
98.0388519999999914
20
-33.9665859999999995
11
98.0694479999999942
21
-33.8127719999999954
0
LINE
8
BLACK
6
CONTINUOUS
10
98.0694479999999942
20
-33.8127719999999954
11
98.1294630000000012
21
-33.6678829999999962
0
LINE
8
BLACK
6
CONTINUOUS
10
98.1294630000000012
20
-33.6678829999999962
11
98.2165919999999915
21
-33.5374849999999967
0
LINE
8
BLACK
6
CONTINUOUS
10
98.2165919999999915
20
-33.5374849999999967
11
98.3274849999999958
21
-33.4265919999999994
0
LINE
8
BLACK
6
CONTINUOUS
10
98.3274849999999958
20
-33.4265919999999994
11
98.4578829999999954
21
-33.339462999999995
0
LINE
8
BLACK
6
CONTINUOUS
10
98.4578829999999954
20
-33.339462999999995
11
98.6027720000000016
21
-33.279447999999995
0
LINE
8
BLACK
6
CONTINUOUS
10
98.6027720000000016
20
-33.279447999999995
11
98.7565859999999986
21
-33.2488519999999994
0
LINE
8
BLACK
6
CONTINUOUS
10
98.7565859999999986
20
-33.2488519999999994
11
98.8349999999999937
21
-33.2449999999999974
0
LINE
8
BLACK
6
CONTINUOUS
10
98.8349999999999937
20
-33.2449999999999974
11
99.6349999999999909
21
-33.2449999999999974
0
LINE
8
BLACK
6
CONTINUOUS
10
99.6349999999999909
20
-33.2449999999999974
11
99.7134140000000002
21
-33.2488519999999994
0
LINE
8
BLACK
6
CONTINUOUS
10
122.3821209999999979
20
-26.2612099999999984
11
122.3871010000000012
21
-26.2632729999999981
0
LINE
8
BLACK
6
CONTINUOUS
10
122.3871010000000012
20
-26.2632729999999981
11
122.3924759999999878
21
-26.263655
0
LINE
8
BLACK
6
CONTINUOUS
10
122.3924759999999878
20
-26.263655
11
122.4199389999999994
21
-26.274163999999999
0
LINE
8
BLACK
6
CONTINUOUS
10
122.4199389999999994
20
-26.274163999999999
11
122.5627959999999916
21
-26.3455929999999974
0
LINE
8
BLACK
6
CONTINUOUS
10
122.5627959999999916
20
-26.3455929999999974
11
122.5753890000000013
21
-26.3535199999999996
0
LINE
8
BLACK
6
CONTINUOUS
10
122.5753890000000013
20
-26.3535199999999996
11
122.5790489999999977
21
-26.3550359999999984
0
LINE
8
BLACK
6
CONTINUOUS
10
122.5790489999999977
20
-26.3550359999999984
11
122.5831680000000006
21
-26.3584169999999993
0
LINE
8
BLACK
6
CONTINUOUS
10
122.5831680000000006
20
-26.3584169999999993
11
122.5876820000000009
21
-26.3612579999999994
0
LINE
8
BLACK
6
CONTINUOUS
10
122.5876820000000009
20
-26.3612579999999994
11
122.5902779999999979
21
-26.3642509999999994
0
LINE
8
BLACK
6
CONTINUOUS
10
122.5902779999999979
20
-26.3642509999999994
11
122.6017799999999909
21
-26.3736909999999973
0
LINE
8
BLACK
6
CONTINUOUS
10
122.6017799999999909
20
-26.3736909999999973
11
122.6732079999999883
21
-26.4451189999999983
0
LINE
8
BLACK
6
CONTINUOUS
10
122.6732079999999883
20
-26.4451189999999983
11
122.6918629999999979
21
-26.4678489999999975
0
LINE
8
BLACK
6
CONTINUOUS
10
122.6918629999999979
20
-26.4678489999999975
11
122.7142589999999984
21
-26.521922
0
LINE
8
BLACK
6
CONTINUOUS
10
122.7142589999999984
20
-26.521922
11
122.7142589999999984
21
-26.5804480000000005
0
LINE
8
BLACK
6
CONTINUOUS
10
122.7142589999999984
20
-26.5804480000000005
11
122.6918629999999979
21
-26.6345199999999984
0
LINE
8
BLACK
6
CONTINUOUS
10
122.6918629999999979
20
-26.6345199999999984
11
122.6504769999999951
21
-26.6759059999999977
0
LINE
8
BLACK
6
CONTINUOUS
10
122.6504769999999951
20
-26.6759059999999977
11
122.5964049999999901
21
-26.6983019999999982
0
LINE
8
BLACK
6
CONTINUOUS
10
122.5964049999999901
20
-26.6983019999999982
11
122.5378789999999896
21
-26.6983019999999982
0
LINE
8
BLACK
6
CONTINUOUS
10
122.5378789999999896
20
-26.6983019999999982
11
122.4838060000000013
21
-26.6759059999999977
0
LINE
8
BLACK
6
CONTINUOUS
10
122.4838060000000013
20
-26.6759059999999977
11
122.4610759999999914
21
-26.6572509999999987
0
LINE
8
BLACK
6
CONTINUOUS
10
122.4610759999999914
20
-26.6572509999999987
11
122.4068599999999947
21
-26.6030349999999984
0
LINE
8
BLACK
6
CONTINUOUS
10
122.4068599999999947
20
-26.6030349999999984
11
122.3174470000000014
21
-26.5583279999999995
0
LINE
8
BLACK
6
CONTINUOUS
10
122.3174470000000014
20
-26.5583279999999995
11
122.0311239999999913
21
-26.5583279999999995
0
LINE
8
BLACK
6
CONTINUOUS
10
122.0311239999999913
20
-26.5583279999999995
11
121.9417100000000005
21
-26.6030349999999984
0
LINE
8
BLACK
6
CONTINUOUS
10
121.9417100000000005
20
-26.6030349999999984
11
121.9047059999999902
21
-26.6400380000000006
0
LINE
8
BLACK
6
CONTINUOUS
10
121.9047059999999902
20
-26.6400380000000006
11
121.8599989999999877
21
-26.7294519999999984
0
LINE
8
BLACK
6
CONTINUOUS
10
121.8599989999999877
20
-26.7294519999999984
11
121.8599989999999877
21
-26.8125579999999992
0
LINE
8
BLACK
6
CONTINUOUS
10
121.8599989999999877
20
-26.8125579999999992
11
121.9125319999999988
21
-26.9701570000000004
0
LINE
8
BLACK
6
CONTINUOUS
10
121.9125319999999988
20
-26.9701570000000004
11
122.7446369999999973
21
-27.8022619999999989
0
LINE
8
BLACK
6
CONTINUOUS
10
122.7446369999999973
20
-27.8022619999999989
11
122.7632919999999928
21
-27.8249919999999982
0
LINE
8
BLACK
6
CONTINUOUS
10
122.7632919999999928
20
-27.8249919999999982
11
122.7856889999999908
21
-27.8790649999999971
0
LINE
8
BLACK
6
CONTINUOUS
10
122.7856889999999908
20
-27.8790649999999971
11
122.7856889999999908
21
-27.9375909999999976
0
LINE
8
BLACK
6
CONTINUOUS
10
122.7856889999999908
20
-27.9375909999999976
11
122.7632919999999928
21
-27.9916629999999991
0
LINE
8
BLACK
6
CONTINUOUS
10
122.7632919999999928
20
-27.9916629999999991
11
122.7219059999999899
21
-28.0330489999999983
0
LINE
8
BLACK
6
CONTINUOUS
10
122.7219059999999899
20
-28.0330489999999983
11
122.6902319999999946
21
-28.046167999999998
0
LINE
8
BLACK
6
CONTINUOUS
10
122.6902319999999946
20
-28.046167999999998
11
122.6678349999999966
21
-28.0554459999999999
0
LINE
8
BLACK
6
CONTINUOUS
10
122.6678349999999966
20
-28.0554459999999999
11
122.6385709999999989
21
-28.0583279999999995
0
LINE
8
BLACK
6
CONTINUOUS
10
122.6385709999999989
20
-28.0583279999999995
11
121.7099989999999963
21
-28.0583279999999995
0
LINE
8
BLACK
6
CONTINUOUS
10
121.7099989999999963
20
-28.0583279999999995
11
121.6807349999999985
21
-28.0554459999999999
0
LINE
8
BLACK
6
CONTINUOUS
10
121.6807349999999985
20
-28.0554459999999999
11
121.6266629999999935
21
-28.0330479999999973
0
LINE
8
BLACK
6
CONTINUOUS
10
121.6266629999999935
20
-28.0330479999999973
11
121.5852789999999999
21
-27.9916640000000001
0
LINE
8
BLACK
6
CONTINUOUS
10
121.5852789999999999
20
-27.9916640000000001
11
121.5628809999999902
21
-27.9375919999999986
0
LINE
8
BLACK
6
CONTINUOUS
10
121.5628809999999902
20
-27.9375919999999986
11
121.5628809999999902
21
-27.8790639999999996
0
LINE
8
BLACK
6
CONTINUOUS
10
121.5628809999999902
20
-27.8790639999999996
11
121.5852789999999999
21
-27.8249919999999982
0
LINE
8
BLACK
6
CONTINUOUS
10
121.5852789999999999
20
-27.8249919999999982
11
121.6266629999999935
21
-27.7836079999999974
0
LINE
8
BLACK
6
CONTINUOUS
10
121.6266629999999935
20
-27.7836079999999974
11
121.6807349999999985
21
-27.7612099999999984
0
LINE
8
BLACK
6
CONTINUOUS
10
121.6807349999999985
20
-27.7612099999999984
11
121.7099989999999963
21
-27.7583279999999988
0
LINE
8
BLACK
6
CONTINUOUS
10
121.7099989999999963
20
-27.7583279999999988
11
122.2764389999999963
21
-27.7583279999999988
0
LINE
8
BLACK
6
CONTINUOUS
10
122.2764389999999963
20
-27.7583279999999988
11
121.6753619999999927
21
-27.1572509999999987
0
LINE
8
BLACK
6
CONTINUOUS
10
121.6753619999999927
20
-27.1572509999999987
11
121.6567069999999973
21
-27.1345199999999984
0
LINE
8
BLACK
6
CONTINUOUS
10
121.6567069999999973
20
-27.1345199999999984
11
121.6546439999999905
21
-27.1295399999999987
0
LINE
8
BLACK
6
CONTINUOUS
10
121.6546439999999905
20
-27.1295399999999987
11
121.6511139999999926
21
-27.12547
0
LINE
8
BLACK
6
CONTINUOUS
10
121.6511139999999926
20
-27.12547
11
121.6391259999999903
21
-27.0986189999999993
0
LINE
8
BLACK
6
CONTINUOUS
10
121.6391259999999903
20
-27.0986189999999993
11
121.5676969999999955
21
-26.8843350000000001
0
LINE
8
BLACK
6
CONTINUOUS
10
121.5676969999999955
20
-26.8843350000000001
11
121.5643969999999996
21
-26.8698249999999987
0
LINE
8
BLACK
6
CONTINUOUS
10
121.5643969999999996
20
-26.8698249999999987
11
121.5628809999999902
21
-26.8661639999999977
0
LINE
8
BLACK
6
CONTINUOUS
10
121.5628809999999902
20
-26.8661639999999977
11
121.562357999999989
21
-26.8608549999999973
0
LINE
8
BLACK
6
CONTINUOUS
10
121.562357999999989
20
-26.8608549999999973
11
121.5611770000000007
21
-26.8556609999999978
0
LINE
8
BLACK
6
CONTINUOUS
10
121.5611770000000007
20
-26.8556609999999978
11
121.5614569999999901
21
-26.8517109999999981
0
LINE
8
BLACK
6
CONTINUOUS
10
121.5614569999999901
20
-26.8517109999999981
11
121.5599989999999906
21
-26.8369
0
LINE
8
BLACK
6
CONTINUOUS
10
121.5599989999999906
20
-26.8369
11
121.5599989999999906
21
-26.6940419999999996
0
LINE
8
BLACK
6
CONTINUOUS
10
121.5599989999999906
20
-26.6940419999999996
11
121.5628809999999902
21
-26.6647779999999983
0
LINE
8
BLACK
6
CONTINUOUS
10
121.5628809999999902
20
-26.6647779999999983
11
121.564943999999997
21
-26.6597969999999975
0
LINE
8
BLACK
6
CONTINUOUS
10
121.564943999999997
20
-26.6597969999999975
11
121.5653259999999989
21
-26.6544229999999978
0
LINE
8
BLACK
6
CONTINUOUS
10
121.5653259999999989
20
-26.6544229999999978
11
121.5758349999999979
21
-26.6269600000000004
0
LINE
8
BLACK
6
CONTINUOUS
10
121.5758349999999979
20
-26.6269600000000004
11
121.6472639999999927
21
-26.4841029999999975
0
LINE
8
BLACK
6
CONTINUOUS
10
121.6472639999999927
20
-26.4841029999999975
11
121.6551919999999996
21
-26.471506999999999
0
LINE
8
BLACK
6
CONTINUOUS
10
121.6551919999999996
20
-26.471506999999999
11
121.6567079999999947
21
-26.4678489999999975
0
LINE
8
BLACK
6
CONTINUOUS
10
121.6567079999999947
20
-26.4678489999999975
11
121.6600869999999901
21
-26.4637309999999992
0
LINE
8
BLACK
6
CONTINUOUS
10
121.6600869999999901
20
-26.4637309999999992
11
121.6629289999999912
21
-26.4592169999999989
0
LINE
8
BLACK
6
CONTINUOUS
10
121.6629289999999912
20
-26.4592169999999989
11
121.6659229999999923
21
-26.4566199999999974
0
LINE
8
BLACK
6
CONTINUOUS
10
121.6659229999999923
20
-26.4566199999999974
11
121.6753629999999902
21
-26.4451179999999972
0
LINE
8
BLACK
6
CONTINUOUS
10
121.6753629999999902
20
-26.4451179999999972
11
121.7467919999999992
21
-26.3736899999999999
0
LINE
8
BLACK
6
CONTINUOUS
10
121.7467919999999992
20
-26.3736899999999999
11
121.7582919999999973
21
-26.3642509999999994
0
LINE
8
BLACK
6
CONTINUOUS
10
121.7582919999999973
20
-26.3642509999999994
11
121.7608889999999917
21
-26.3612579999999994
0
LINE
8
BLACK
6
CONTINUOUS
10
121.7608889999999917
20
-26.3612579999999994
11
121.7654009999999971
21
-26.3584169999999993
0
LINE
8
BLACK
6
CONTINUOUS
10
121.7654009999999971
20
-26.3584169999999993
11
121.7695219999999949
21
-26.3550359999999984
0
LINE
8
BLACK
6
CONTINUOUS
10
121.7695219999999949
20
-26.3550359999999984
11
121.7731809999999939
21
-26.3535199999999996
0
LINE
8
BLACK
6
CONTINUOUS
10
121.7731809999999939
20
-26.3535199999999996
11
121.785775000000001
21
-26.3455929999999974
0
LINE
8
BLACK
6
CONTINUOUS
10
121.785775000000001
20
-26.3455929999999974
11
121.9286309999999958
21
-26.274163999999999
0
LINE
8
BLACK
6
CONTINUOUS
10
121.9286309999999958
20
-26.274163999999999
11
121.9560949999999906
21
-26.263655
0
LINE
8
BLACK
6
CONTINUOUS
10
121.9560949999999906
20
-26.263655
11
121.9614689999999939
21
-26.2632729999999981
0
LINE
8
BLACK
6
CONTINUOUS
10
121.9614689999999939
20
-26.2632729999999981
11
121.9664499999999947
21
-26.2612099999999984
0
LINE
8
BLACK
6
CONTINUOUS
10
121.9664499999999947
20
-26.2612099999999984
11
121.9957139999999924
21
-26.2583279999999988
0
LINE
8
BLACK
6
CONTINUOUS
10
121.9957139999999924
20
-26.2583279999999988
11
122.3528570000000002
21
-26.2583279999999988
0
LINE
8
BLACK
6
CONTINUOUS
10
122.3528570000000002
20
-26.2583279999999988
11
122.3821209999999979
21
-26.2612099999999984
0
LINE
8
BLACK
6
CONTINUOUS
10
123.293334999999999
20
-26.2836079999999974
11
123.3347189999999927
21
-26.3249919999999982
0
LINE
8
BLACK
6
CONTINUOUS
10
123.3347189999999927
20
-26.3249919999999982
11
123.3571169999999881
21
-26.3790639999999996
0
LINE
8
BLACK
6
CONTINUOUS
10
123.3571169999999881
20
-26.3790639999999996
11
123.3599989999999877
21
-26.4083279999999974
0
LINE
8
BLACK
6
CONTINUOUS
10
123.3599989999999877
20
-26.4083279999999974
11
123.3599989999999877
21
-27.4554149999999986
0
LINE
8
BLACK
6
CONTINUOUS
10
123.3599989999999877
20
-27.4554149999999986
11
123.4125319999999988
21
-27.6130139999999997
0
LINE
8
BLACK
6
CONTINUOUS
10
123.4125319999999988
20
-27.6130139999999997
11
123.5053109999999919
21
-27.7057939999999974
0
LINE
8
BLACK
6
CONTINUOUS
10
123.5053109999999919
20
-27.7057939999999974
11
123.6629140000000007
21
-27.7583279999999988
0
LINE
8
BLACK
6
CONTINUOUS
10
123.6629140000000007
20
-27.7583279999999988
11
123.7814279999999911
21
-27.7583279999999988
0
LINE
8
BLACK
6
CONTINUOUS
10
123.7814279999999911
20
-27.7583279999999988
11
123.8106919999999889
21
-27.7612099999999984
0
LINE
8
BLACK
6
CONTINUOUS
10
123.8106919999999889
20
-27.7612099999999984
11
123.8647639999999939
21
-27.7836079999999974
0
LINE
8
BLACK
6
CONTINUOUS
10
123.8647639999999939
20
-27.7836079999999974
11
123.9061479999999875
21
-27.8249919999999982
0
LINE
8
BLACK
6
CONTINUOUS
10
123.9061479999999875
20
-27.8249919999999982
11
123.9285459999999972
21
-27.8790639999999996
0
LINE
8
BLACK
6
CONTINUOUS
10
123.9285459999999972
20
-27.8790639999999996
11
123.9285459999999972
21
-27.9375919999999986
0
LINE
8
BLACK
6
CONTINUOUS
10
123.9285459999999972
20
-27.9375919999999986
11
123.9061479999999875
21
-27.9916640000000001
0
LINE
8
BLACK
6
CONTINUOUS
10
123.9061479999999875
20
-27.9916640000000001
11
123.8647639999999939
21
-28.0330479999999973
0
LINE
8
BLACK
6
CONTINUOUS
10
123.8647639999999939
20
-28.0330479999999973
11
123.8106919999999889
21
-28.0554459999999999
0
LINE
8
BLACK
6
CONTINUOUS
10
123.8106919999999889
20
-28.0554459999999999
11
123.7814279999999911
21
-28.0583279999999995
0
LINE
8
BLACK
6
CONTINUOUS
10
123.7814279999999911
20
-28.0583279999999995
11
123.6385709999999989
21
-28.0583279999999995
0
LINE
8
BLACK
6
CONTINUOUS
10
123.6385709999999989
20
-28.0583279999999995
11
123.6237649999999917
21
-28.0568689999999989
0
LINE
8
BLACK
6
CONTINUOUS
10
123.6237649999999917
20
-28.0568689999999989
11
123.6198109999999986
21
-28.0571509999999975
0
LINE
8
BLACK
6
CONTINUOUS
10
123.6198109999999986
20
-28.0571509999999975
11
123.6146089999999873
21
-28.055968
0
LINE
8
BLACK
6
CONTINUOUS
10
123.6146089999999873
20
-28.055968
11
123.6093070000000012
21
-28.0554459999999999
0
LINE
8
BLACK
6
CONTINUOUS
10
123.6093070000000012
20
-28.0554459999999999
11
123.6056489999999997
21
-28.0539299999999976
0
LINE
8
BLACK
6
CONTINUOUS
10
123.6056489999999997
20
-28.0539299999999976
11
123.5911369999999891
21
-28.0506309999999992
0
LINE
8
BLACK
6
CONTINUOUS
10
123.5911369999999891
20
-28.0506309999999992
11
123.3768509999999878
21
-27.9792029999999983
0
LINE
8
BLACK
6
CONTINUOUS
10
123.3768509999999878
20
-27.9792029999999983
11
123.3499999999999943
21
-27.9672149999999995
0
LINE
8
BLACK
6
CONTINUOUS
10
123.3499999999999943
20
-27.9672149999999995
11
123.3459280000000007
21
-27.9636829999999996
0
LINE
8
BLACK
6
CONTINUOUS
10
123.3459280000000007
20
-27.9636829999999996
11
123.3409489999999948
21
-27.9616209999999974
0
LINE
8
BLACK
6
CONTINUOUS
10
123.3409489999999948
20
-27.9616209999999974
11
123.3182189999999991
21
-27.9429659999999984
0
LINE
8
BLACK
6
CONTINUOUS
10
123.3182189999999991
20
-27.9429659999999984
11
123.1753619999999927
21
-27.800107999999998
0
LINE
8
BLACK
6
CONTINUOUS
10
123.1753619999999927
20
-27.800107999999998
11
123.1567069999999973
21
-27.7773769999999978
0
LINE
8
BLACK
6
CONTINUOUS
10
123.1567069999999973
20
-27.7773769999999978
11
123.1546439999999905
21
-27.772396999999998
0
LINE
8
BLACK
6
CONTINUOUS
10
123.1546439999999905
20
-27.772396999999998
11
123.1511139999999926
21
-27.7683269999999993
0
LINE
8
BLACK
6
CONTINUOUS
10
123.1511139999999926
20
-27.7683269999999993
11
123.1391259999999903
21
-27.7414759999999987
0
LINE
8
BLACK
6
CONTINUOUS
10
123.1391259999999903
20
-27.7414759999999987
11
123.0676969999999955
21
-27.5271919999999994
0
LINE
8
BLACK
6
CONTINUOUS
10
123.0676969999999955
20
-27.5271919999999994
11
123.0643969999999996
21
-27.5126819999999981
0
LINE
8
BLACK
6
CONTINUOUS
10
123.0643969999999996
20
-27.5126819999999981
11
123.0628809999999902
21
-27.5090209999999971
0
LINE
8
BLACK
6
CONTINUOUS
10
123.0628809999999902
20
-27.5090209999999971
11
123.062357999999989
21
-27.5037120000000002
0
LINE
8
BLACK
6
CONTINUOUS
10
123.062357999999989
20
-27.5037120000000002
11
123.0611770000000007
21
-27.4985179999999971
0
LINE
8
BLACK
6
CONTINUOUS
10
123.0611770000000007
20
-27.4985179999999971
11
123.0614569999999901
21
-27.4945679999999975
0
LINE
8
BLACK
6
CONTINUOUS
10
123.0614569999999901
20
-27.4945679999999975
11
123.0599989999999906
21
-27.4797569999999993
0
LINE
8
BLACK
6
CONTINUOUS
10
123.0599989999999906
20
-27.4797569999999993
11
123.0599989999999906
21
-26.4083279999999974
0
LINE
8
BLACK
6
CONTINUOUS
10
123.0599989999999906
20
-26.4083279999999974
11
123.0628809999999902
21
-26.3790639999999996
0
LINE
8
BLACK
6
CONTINUOUS
10
123.0628809999999902
20
-26.3790639999999996
11
123.0852789999999999
21
-26.3249919999999982
0
LINE
8
BLACK
6
CONTINUOUS
10
123.0852789999999999
20
-26.3249919999999982
11
123.1266629999999935
21
-26.2836079999999974
0
LINE
8
BLACK
6
CONTINUOUS
10
123.1266629999999935
20
-26.2836079999999974
11
123.1807349999999985
21
-26.2612099999999984
0
LINE
8
BLACK
6
CONTINUOUS
10
123.1807349999999985
20
-26.2612099999999984
11
123.239262999999994
21
-26.2612099999999984
0
LINE
8
BLACK
6
CONTINUOUS
10
123.239262999999994
20
-26.2612099999999984
11
123.293334999999999
21
-26.2836079999999974
0
LINE
8
BLACK
6
CONTINUOUS
10
49.0645669999999967
20
-53.4912099999999953
11
49.0792629999999974
21
-53.4912099999999953
0
LINE
8
BLACK
6
CONTINUOUS
10
49.0792629999999974
20
-53.4912099999999953
11
49.0929829999999967
21
-53.496893
0
LINE
8
BLACK
6
CONTINUOUS
10
49.0929829999999967
20
-53.496893
11
49.1075459999999993
21
-53.4998059999999995
0
LINE
8
BLACK
6
CONTINUOUS
10
49.1075459999999993
20
-53.4998059999999995
11
49.1197569999999999
21
-53.5079829999999959
0
LINE
8
BLACK
6
CONTINUOUS
10
49.1197569999999999
20
-53.5079829999999959
11
49.1333349999999953
21
-53.5136079999999978
0
LINE
8
BLACK
6
CONTINUOUS
10
49.1333349999999953
20
-53.5136079999999978
11
49.1438360000000003
21
-53.5241089999999957
0
LINE
8
BLACK
6
CONTINUOUS
10
49.1438360000000003
20
-53.5241089999999957
11
49.156175999999995
21
-53.5323729999999998
0
LINE
8
BLACK
6
CONTINUOUS
10
49.156175999999995
20
-53.5323729999999998
11
49.1746119999999962
21
-53.5548849999999987
0
LINE
8
BLACK
6
CONTINUOUS
10
49.1746119999999962
20
-53.5548849999999987
11
49.1747189999999961
21
-53.5549919999999986
0
LINE
8
BLACK
6
CONTINUOUS
10
49.1747189999999961
20
-53.5549919999999986
11
49.1747379999999978
21
-53.5550390000000007
0
LINE
8
BLACK
6
CONTINUOUS
10
49.1747379999999978
20
-53.5550390000000007
11
49.1748070000000013
21
-53.5551229999999947
0
LINE
8
BLACK
6
CONTINUOUS
10
49.1748070000000013
20
-53.5551229999999947
11
49.3094259999999949
21
-53.7570519999999945
0
LINE
8
BLACK
6
CONTINUOUS
10
49.3094259999999949
20
-53.7570519999999945
11
49.4245669999999961
21
-53.8721929999999958
0
LINE
8
BLACK
6
CONTINUOUS
10
49.4245669999999961
20
-53.8721929999999958
11
49.5456519999999969
21
-53.9327359999999985
0
LINE
8
BLACK
6
CONTINUOUS
10
49.5456519999999969
20
-53.9327359999999985
11
49.5705379999999991
21
-53.9484009999999969
0
LINE
8
BLACK
6
CONTINUOUS
10
49.5705379999999991
20
-53.9484009999999969
11
49.6088839999999962
21
-53.9926159999999982
0
LINE
8
BLACK
6
CONTINUOUS
10
49.6088839999999962
20
-53.9926159999999982
11
49.6273920000000004
21
-54.048138999999999
0
LINE
8
BLACK
6
CONTINUOUS
10
49.6273920000000004
20
-54.048138999999999
11
49.6232429999999951
21
-54.1065189999999987
0
LINE
8
BLACK
6
CONTINUOUS
10
49.6232429999999951
20
-54.1065189999999987
11
49.5970689999999976
21
-54.1588679999999982
0
LINE
8
BLACK
6
CONTINUOUS
10
49.5970689999999976
20
-54.1588679999999982
11
49.5528529999999989
21
-54.1972149999999999
0
LINE
8
BLACK
6
CONTINUOUS
10
49.5528529999999989
20
-54.1972149999999999
11
49.4973309999999955
21
-54.2157219999999995
0
LINE
8
BLACK
6
CONTINUOUS
10
49.4973309999999955
20
-54.2157219999999995
11
49.4389509999999959
21
-54.2115729999999942
0
LINE
8
BLACK
6
CONTINUOUS
10
49.4389509999999959
20
-54.2115729999999942
11
49.411487000000001
21
-54.2010639999999952
0
LINE
8
BLACK
6
CONTINUOUS
10
49.411487000000001
20
-54.2010639999999952
11
49.2686309999999992
21
-54.1296350000000004
0
LINE
8
BLACK
6
CONTINUOUS
10
49.2686309999999992
20
-54.1296350000000004
11
49.2560390000000012
21
-54.1217079999999982
0
LINE
8
BLACK
6
CONTINUOUS
10
49.2560390000000012
20
-54.1217079999999982
11
49.2523769999999956
21
-54.1201919999999959
0
LINE
8
BLACK
6
CONTINUOUS
10
49.2523769999999956
20
-54.1201919999999959
11
49.2482539999999958
21
-54.1168079999999989
0
LINE
8
BLACK
6
CONTINUOUS
10
49.2482539999999958
20
-54.1168079999999989
11
49.243744999999997
21
-54.1139699999999948
0
LINE
8
BLACK
6
CONTINUOUS
10
49.243744999999997
20
-54.1139699999999948
11
49.2411490000000001
21
-54.1109769999999983
0
LINE
8
BLACK
6
CONTINUOUS
10
49.2411490000000001
20
-54.1109769999999983
11
49.2296469999999999
21
-54.1015370000000004
0
LINE
8
BLACK
6
CONTINUOUS
10
49.2296469999999999
20
-54.1015370000000004
11
49.1999989999999983
21
-54.0718889999999988
0
LINE
8
BLACK
6
CONTINUOUS
10
49.1999989999999983
20
-54.0718889999999988
11
49.1999989999999983
21
-54.9883279999999957
0
LINE
8
BLACK
6
CONTINUOUS
10
49.1999989999999983
20
-54.9883279999999957
11
49.4785699999999977
21
-54.9883279999999957
0
LINE
8
BLACK
6
CONTINUOUS
10
49.4785699999999977
20
-54.9883279999999957
11
49.5078339999999955
21
-54.9912099999999953
0
LINE
8
BLACK
6
CONTINUOUS
10
49.5078339999999955
20
-54.9912099999999953
11
49.5619060000000005
21
-55.0136079999999978
0
LINE
8
BLACK
6
CONTINUOUS
10
49.5619060000000005
20
-55.0136079999999978
11
49.6032900000000012
21
-55.0549919999999986
0
LINE
8
BLACK
6
CONTINUOUS
10
49.6032900000000012
20
-55.0549919999999986
11
49.6256879999999967
21
-55.1090639999999965
0
LINE
8
BLACK
6
CONTINUOUS
10
49.6256879999999967
20
-55.1090639999999965
11
49.6256879999999967
21
-55.1675919999999991
0
LINE
8
BLACK
6
CONTINUOUS
10
49.6256879999999967
20
-55.1675919999999991
11
49.6032900000000012
21
-55.221663999999997
0
LINE
8
BLACK
6
CONTINUOUS
10
49.6032900000000012
20
-55.221663999999997
11
49.5619060000000005
21
-55.2630479999999977
0
LINE
8
BLACK
6
CONTINUOUS
10
49.5619060000000005
20
-55.2630479999999977
11
49.5078339999999955
21
-55.2854460000000003
0
LINE
8
BLACK
6
CONTINUOUS
10
49.5078339999999955
20
-55.2854460000000003
11
49.4785699999999977
21
-55.2883279999999999
0
LINE
8
BLACK
6
CONTINUOUS
10
49.4785699999999977
20
-55.2883279999999999
11
48.6214269999999971
21
-55.2883279999999999
0
LINE
8
BLACK
6
CONTINUOUS
10
48.6214269999999971
20
-55.2883279999999999
11
48.5921629999999993
21
-55.2854460000000003
0
LINE
8
BLACK
6
CONTINUOUS
10
48.5921629999999993
20
-55.2854460000000003
11
48.5380909999999943
21
-55.2630479999999977
0
LINE
8
BLACK
6
CONTINUOUS
10
48.5380909999999943
20
-55.2630479999999977
11
48.4967070000000007
21
-55.221663999999997
0
LINE
8
BLACK
6
CONTINUOUS
10
48.4967070000000007
20
-55.221663999999997
11
48.4743089999999981
21
-55.1675919999999991
0
LINE
8
BLACK
6
CONTINUOUS
10
48.4743089999999981
20
-55.1675919999999991
11
48.4743089999999981
21
-55.1090639999999965
0
LINE
8
BLACK
6
CONTINUOUS
10
48.4743089999999981
20
-55.1090639999999965
11
48.4967070000000007
21
-55.0549919999999986
0
LINE
8
BLACK
6
CONTINUOUS
10
48.4967070000000007
20
-55.0549919999999986
11
48.5380909999999943
21
-55.0136079999999978
0
LINE
8
BLACK
6
CONTINUOUS
10
48.5380909999999943
20
-55.0136079999999978
11
48.5921629999999993
21
-54.9912099999999953
0
LINE
8
BLACK
6
CONTINUOUS
10
48.5921629999999993
20
-54.9912099999999953
11
48.6214269999999971
21
-54.9883279999999957
0
LINE
8
BLACK
6
CONTINUOUS
10
48.6214269999999971
20
-54.9883279999999957
11
48.8999990000000011
21
-54.9883279999999957
0
LINE
8
BLACK
6
CONTINUOUS
10
48.8999990000000011
20
-54.9883279999999957
11
48.8999990000000011
21
-53.6383279999999942
0
LINE
8
BLACK
6
CONTINUOUS
10
48.8999990000000011
20
-53.6383279999999942
11
48.9000089999999972
21
-53.638221999999999
0
LINE
8
BLACK
6
CONTINUOUS
10
48.9000089999999972
20
-53.638221999999999
11
48.8999990000000011
21
-53.6381699999999952
0
LINE
8
BLACK
6
CONTINUOUS
10
48.8999990000000011
20
-53.6381699999999952
11
48.9000289999999964
21
-53.6380160000000004
0
LINE
8
BLACK
6
CONTINUOUS
10
48.9000289999999964
20
-53.6380160000000004
11
48.9028810000000007
21
-53.6090639999999965
0
LINE
8
BLACK
6
CONTINUOUS
10
48.9028810000000007
20
-53.6090639999999965
11
48.9085639999999984
21
-53.5953429999999997
0
LINE
8
BLACK
6
CONTINUOUS
10
48.9085639999999984
20
-53.5953429999999997
11
48.9114769999999979
21
-53.5807809999999947
0
LINE
8
BLACK
6
CONTINUOUS
10
48.9114769999999979
20
-53.5807809999999947
11
48.9196540000000013
21
-53.5685689999999965
0
LINE
8
BLACK
6
CONTINUOUS
10
48.9196540000000013
20
-53.5685689999999965
11
48.9252789999999962
21
-53.5549919999999986
0
LINE
8
BLACK
6
CONTINUOUS
10
48.9252789999999962
20
-53.5549919999999986
11
48.9357800000000012
21
-53.5444899999999961
0
LINE
8
BLACK
6
CONTINUOUS
10
48.9357800000000012
20
-53.5444899999999961
11
48.9440439999999981
21
-53.5321509999999989
0
LINE
8
BLACK
6
CONTINUOUS
10
48.9440439999999981
20
-53.5321509999999989
11
48.956271000000001
21
-53.5239989999999963
0
LINE
8
BLACK
6
CONTINUOUS
10
48.956271000000001
20
-53.5239989999999963
11
48.9666629999999969
21
-53.5136079999999978
0
LINE
8
BLACK
6
CONTINUOUS
10
48.9666629999999969
20
-53.5136079999999978
11
48.9803840000000008
21
-53.5079239999999956
0
LINE
8
BLACK
6
CONTINUOUS
10
48.9803840000000008
20
-53.5079239999999956
11
48.9927419999999998
21
-53.499685999999997
0
LINE
8
BLACK
6
CONTINUOUS
10
48.9927419999999998
20
-53.499685999999997
11
49.0071559999999948
21
-53.4968339999999998
0
LINE
8
BLACK
6
CONTINUOUS
10
49.0071559999999948
20
-53.4968339999999998
11
49.0207349999999948
21
-53.4912099999999953
0
LINE
8
BLACK
6
CONTINUOUS
10
49.0207349999999948
20
-53.4912099999999953
11
49.0355879999999971
21
-53.4912099999999953
0
LINE
8
BLACK
6
CONTINUOUS
10
49.0355879999999971
20
-53.4912099999999953
11
49.0501569999999987
21
-53.4883279999999957
0
LINE
8
BLACK
6
CONTINUOUS
10
49.0501569999999987
20
-53.4883279999999957
11
49.0645669999999967
21
-53.4912099999999953
0
LINE
8
BLACK
6
CONTINUOUS
10
50.9364059999999981
20
-53.4912099999999953
11
50.990477999999996
21
-53.5136079999999978
0
LINE
8
BLACK
6
CONTINUOUS
10
50.990477999999996
20
-53.5136079999999978
11
51.0318619999999967
21
-53.5549919999999986
0
LINE
8
BLACK
6
CONTINUOUS
10
51.0318619999999967
20
-53.5549919999999986
11
51.0542599999999993
21
-53.6090639999999965
0
LINE
8
BLACK
6
CONTINUOUS
10
51.0542599999999993
20
-53.6090639999999965
11
51.0571419999999989
21
-53.6383279999999942
0
LINE
8
BLACK
6
CONTINUOUS
10
51.0571419999999989
20
-53.6383279999999942
11
51.0571419999999989
21
-55.1383279999999942
0
LINE
8
BLACK
6
CONTINUOUS
10
51.0571419999999989
20
-55.1383279999999942
11
51.0542599999999993
21
-55.1675919999999991
0
LINE
8
BLACK
6
CONTINUOUS
10
51.0542599999999993
20
-55.1675919999999991
11
51.0318619999999967
21
-55.221663999999997
0
LINE
8
BLACK
6
CONTINUOUS
10
51.0318619999999967
20
-55.221663999999997
11
50.990477999999996
21
-55.2630479999999977
0
LINE
8
BLACK
6
CONTINUOUS
10
50.990477999999996
20
-55.2630479999999977
11
50.9364059999999981
21
-55.2854460000000003
0
LINE
8
BLACK
6
CONTINUOUS
10
50.9364059999999981
20
-55.2854460000000003
11
50.8778779999999955
21
-55.2854460000000003
0
LINE
8
BLACK
6
CONTINUOUS
10
50.8778779999999955
20
-55.2854460000000003
11
50.8238059999999976
21
-55.2630479999999977
0
LINE
8
BLACK
6
CONTINUOUS
10
50.8238059999999976
20
-55.2630479999999977
11
50.7824219999999968
21
-55.221663999999997
0
LINE
8
BLACK
6
CONTINUOUS
10
50.7824219999999968
20
-55.221663999999997
11
50.7600239999999943
21
-55.1675919999999991
0
LINE
8
BLACK
6
CONTINUOUS
10
50.7600239999999943
20
-55.1675919999999991
11
50.7571419999999947
21
-55.1383279999999942
0
LINE
8
BLACK
6
CONTINUOUS
10
50.7571419999999947
20
-55.1383279999999942
11
50.7571419999999947
21
-54.5740419999999986
0
LINE
8
BLACK
6
CONTINUOUS
10
50.7571419999999947
20
-54.5740419999999986
11
50.6280969999999968
21
-54.5740419999999986
0
LINE
8
BLACK
6
CONTINUOUS
10
50.6280969999999968
20
-54.5740419999999986
11
50.1728839999999963
21
-55.2243469999999945
0
LINE
8
BLACK
6
CONTINUOUS
10
50.1728839999999963
20
-55.2243469999999945
11
50.1537409999999966
21
-55.2466689999999971
0
LINE
8
BLACK
6
CONTINUOUS
10
50.1537409999999966
20
-55.2466689999999971
11
50.104383999999996
21
-55.2781219999999962
0
LINE
8
BLACK
6
CONTINUOUS
10
50.104383999999996
20
-55.2781219999999962
11
50.0467480000000009
21
-55.2882929999999959
0
LINE
8
BLACK
6
CONTINUOUS
10
50.0467480000000009
20
-55.2882929999999959
11
49.9896059999999949
21
-55.2756339999999966
0
LINE
8
BLACK
6
CONTINUOUS
10
49.9896059999999949
20
-55.2756339999999966
11
49.9416579999999968
21
-55.2420699999999982
0
LINE
8
BLACK
6
CONTINUOUS
10
49.9416579999999968
20
-55.2420699999999982
11
49.9102049999999977
21
-55.1927129999999977
0
LINE
8
BLACK
6
CONTINUOUS
10
49.9102049999999977
20
-55.1927129999999977
11
49.900033999999998
21
-55.1350769999999955
0
LINE
8
BLACK
6
CONTINUOUS
10
49.900033999999998
20
-55.1350769999999955
11
49.9126929999999973
21
-55.0779349999999965
0
LINE
8
BLACK
6
CONTINUOUS
10
49.9126929999999973
20
-55.0779349999999965
11
49.927113999999996
21
-55.052309000000001
0
LINE
8
BLACK
6
CONTINUOUS
10
49.927113999999996
20
-55.052309000000001
11
50.2720659999999953
21
-54.5595199999999991
0
LINE
8
BLACK
6
CONTINUOUS
10
50.2720659999999953
20
-54.5595199999999991
11
50.2686319999999967
21
-54.5582059999999984
0
LINE
8
BLACK
6
CONTINUOUS
10
50.2686319999999967
20
-54.5582059999999984
11
50.1257739999999998
21
-54.486778000000001
0
LINE
8
BLACK
6
CONTINUOUS
10
50.1257739999999998
20
-54.486778000000001
11
50.1131819999999948
21
-54.4788509999999988
0
LINE
8
BLACK
6
CONTINUOUS
10
50.1131819999999948
20
-54.4788509999999988
11
50.1095210000000009
21
-54.4773349999999965
0
LINE
8
BLACK
6
CONTINUOUS
10
50.1095210000000009
20
-54.4773349999999965
11
50.105398000000001
21
-54.4739509999999996
0
LINE
8
BLACK
6
CONTINUOUS
10
50.105398000000001
20
-54.4739509999999996
11
50.1008889999999951
21
-54.4711129999999955
0
LINE
8
BLACK
6
CONTINUOUS
10
50.1008889999999951
20
-54.4711129999999955
11
50.0982939999999957
21
-54.4681209999999965
0
LINE
8
BLACK
6
CONTINUOUS
10
50.0982939999999957
20
-54.4681209999999965
11
50.0867900000000006
21
-54.4586800000000011
0
LINE
8
BLACK
6
CONTINUOUS
10
50.0867900000000006
20
-54.4586800000000011
11
50.0153609999999986
21
-54.3872509999999991
0
LINE
8
BLACK
6
CONTINUOUS
10
50.0153609999999986
20
-54.3872509999999991
11
50.0059210000000007
21
-54.375748999999999
0
LINE
8
BLACK
6
CONTINUOUS
10
50.0059210000000007
20
-54.375748999999999
11
50.0029279999999972
21
-54.373152999999995
0
LINE
8
BLACK
6
CONTINUOUS
10
50.0029279999999972
20
-54.373152999999995
11
50.0000870000000006
21
-54.3686389999999946
0
LINE
8
BLACK
6
CONTINUOUS
10
50.0000870000000006
20
-54.3686389999999946
11
49.9967059999999961
21
-54.3645199999999988
0
LINE
8
BLACK
6
CONTINUOUS
10
49.9967059999999961
20
-54.3645199999999988
11
49.9951900000000009
21
-54.3608599999999953
0
LINE
8
BLACK
6
CONTINUOUS
10
49.9951900000000009
20
-54.3608599999999953
11
49.9872629999999987
21
-54.3482669999999999
0
LINE
8
BLACK
6
CONTINUOUS
10
49.9872629999999987
20
-54.3482669999999999
11
49.9158350000000013
21
-54.2054100000000005
0
LINE
8
BLACK
6
CONTINUOUS
10
49.9158350000000013
20
-54.2054100000000005
11
49.9053249999999977
21
-54.1779459999999986
0
LINE
8
BLACK
6
CONTINUOUS
10
49.9053249999999977
20
-54.1779459999999986
11
49.9049429999999958
21
-54.1725700000000003
0
LINE
8
BLACK
6
CONTINUOUS
10
49.9049429999999958
20
-54.1725700000000003
11
49.9028810000000007
21
-54.1675919999999991
0
LINE
8
BLACK
6
CONTINUOUS
10
49.9028810000000007
20
-54.1675919999999991
11
49.8999990000000011
21
-54.1383279999999942
0
LINE
8
BLACK
6
CONTINUOUS
10
49.8999990000000011
20
-54.1383279999999942
11
49.8999990000000011
21
-53.924042
0
LINE
8
BLACK
6
CONTINUOUS
10
49.8999990000000011
20
-53.924042
11
49.9028810000000007
21
-53.8947779999999952
0
LINE
8
BLACK
6
CONTINUOUS
10
49.9028810000000007
20
-53.8947779999999952
11
49.9049429999999958
21
-53.8897989999999965
0
LINE
8
BLACK
6
CONTINUOUS
10
49.9049429999999958
20
-53.8897989999999965
11
49.9053249999999977
21
-53.8844239999999957
0
LINE
8
BLACK
6
CONTINUOUS
10
49.9053249999999977
20
-53.8844239999999957
11
49.9158350000000013
21
-53.8569600000000008
0
LINE
8
BLACK
6
CONTINUOUS
10
49.9158350000000013
20
-53.8569600000000008
11
49.9872629999999987
21
-53.7141029999999944
0
LINE
8
BLACK
6
CONTINUOUS
10
49.9872629999999987
20
-53.7141029999999944
11
49.9951909999999984
21
-53.7015069999999994
0
LINE
8
BLACK
6
CONTINUOUS
10
49.9951909999999984
20
-53.7015069999999994
11
49.9967070000000007
21
-53.6978489999999979
0
LINE
8
BLACK
6
CONTINUOUS
10
49.9967070000000007
20
-53.6978489999999979
11
50.000085999999996
21
-53.6937309999999997
0
LINE
8
BLACK
6
CONTINUOUS
10
50.000085999999996
20
-53.6937309999999997
11
50.0029279999999972
21
-53.6892169999999993
0
LINE
8
BLACK
6
CONTINUOUS
10
50.0029279999999972
20
-53.6892169999999993
11
50.0059219999999982
21
-53.6866199999999978
0
LINE
8
BLACK
6
CONTINUOUS
10
50.0059219999999982
20
-53.6866199999999978
11
50.0153619999999961
21
-53.6751179999999977
0
LINE
8
BLACK
6
CONTINUOUS
10
50.0153619999999961
20
-53.6751179999999977
11
50.0867909999999981
21
-53.6036900000000003
0
LINE
8
BLACK
6
CONTINUOUS
10
50.0867909999999981
20
-53.6036900000000003
11
50.0982909999999961
21
-53.5942509999999999
0
LINE
8
BLACK
6
CONTINUOUS
10
50.0982909999999961
20
-53.5942509999999999
11
50.1008879999999976
21
-53.5912579999999963
0
LINE
8
BLACK
6
CONTINUOUS
10
50.1008879999999976
20
-53.5912579999999963
11
50.1053999999999959
21
-53.5884169999999997
0
LINE
8
BLACK
6
CONTINUOUS
10
50.1053999999999959
20
-53.5884169999999997
11
50.1095210000000009
21
-53.5850359999999952
0
LINE
8
BLACK
6
CONTINUOUS
10
50.1095210000000009
20
-53.5850359999999952
11
50.1131799999999998
21
-53.58352
0
LINE
8
BLACK
6
CONTINUOUS
10
50.1131799999999998
20
-53.58352
11
50.1257739999999998
21
-53.5755929999999978
0
LINE
8
BLACK
6
CONTINUOUS
10
50.1257739999999998
20
-53.5755929999999978
11
50.2686299999999946
21
-53.5041639999999958
0
LINE
8
BLACK
6
CONTINUOUS
10
50.2686299999999946
20
-53.5041639999999958
11
50.2960939999999965
21
-53.4936549999999968
0
LINE
8
BLACK
6
CONTINUOUS
10
50.2960939999999965
20
-53.4936549999999968
11
50.3014679999999998
21
-53.493272999999995
0
LINE
8
BLACK
6
CONTINUOUS
10
50.3014679999999998
20
-53.493272999999995
11
50.3064490000000006
21
-53.4912099999999953
0
LINE
8
BLACK
6
CONTINUOUS
10
50.3064490000000006
20
-53.4912099999999953
11
50.3357129999999984
21
-53.4883279999999957
0
LINE
8
BLACK
6
CONTINUOUS
10
50.3357129999999984
20
-53.4883279999999957
11
50.9071420000000003
21
-53.4883279999999957
0
LINE
8
BLACK
6
CONTINUOUS
10
50.9071420000000003
20
-53.4883279999999957
11
50.9364059999999981
21
-53.4912099999999953
0
LINE
8
BLACK
6
CONTINUOUS
10
50.2817089999999993
20
-53.8330349999999953
11
50.2447039999999987
21
-53.8700399999999959
0
LINE
8
BLACK
6
CONTINUOUS
10
50.2447039999999987
20
-53.8700399999999959
11
50.1999989999999983
21
-53.9594509999999943
0
LINE
8
BLACK
6
CONTINUOUS
10
50.1999989999999983
20
-53.9594509999999943
11
50.1999989999999983
21
-54.1029179999999954
0
LINE
8
BLACK
6
CONTINUOUS
10
50.1999989999999983
20
-54.1029179999999954
11
50.2447039999999987
21
-54.1923299999999983
0
LINE
8
BLACK
6
CONTINUOUS
10
50.2447039999999987
20
-54.1923299999999983
11
50.2817089999999993
21
-54.229334999999999
0
LINE
8
BLACK
6
CONTINUOUS
10
50.2817089999999993
20
-54.229334999999999
11
50.3711229999999972
21
-54.2740419999999943
0
LINE
8
BLACK
6
CONTINUOUS
10
50.3711229999999972
20
-54.2740419999999943
11
50.7571419999999947
21
-54.2740419999999943
0
LINE
8
BLACK
6
CONTINUOUS
10
50.7571419999999947
20
-54.2740419999999943
11
50.7571419999999947
21
-53.7883279999999999
0
LINE
8
BLACK
6
CONTINUOUS
10
50.7571419999999947
20
-53.7883279999999999
11
50.3711229999999972
21
-53.7883279999999999
0
LINE
8
BLACK
6
CONTINUOUS
10
50.3711229999999972
20
-53.7883279999999999
11
50.2817089999999993
21
-53.8330349999999953
0
LINE
8
BLACK
6
CONTINUOUS
10
137.4425389999999823
20
-20.5201849999999979
11
137.4882939999999962
21
-20.5729889999999997
0
LINE
8
BLACK
6
CONTINUOUS
10
137.4882939999999962
20
-20.5729889999999997
11
137.4994999999999834
21
-20.6244999999999976
0
LINE
8
BLACK
6
CONTINUOUS
10
137.4994999999999834
20
-20.6244999999999976
11
137.4994999999999834
21
-69.3755000000000024
0
LINE
8
BLACK
6
CONTINUOUS
10
137.4994999999999834
20
-69.3755000000000024
11
137.4798150000000021
21
-69.4425389999999965
0
LINE
8
BLACK
6
CONTINUOUS
10
137.4798150000000021
20
-69.4425389999999965
11
137.4270109999999931
21
-69.4882939999999962
0
LINE
8
BLACK
6
CONTINUOUS
10
137.4270109999999931
20
-69.4882939999999962
11
137.3754999999999882
21
-69.4994999999999976
0
LINE
8
BLACK
6
CONTINUOUS
10
137.3754999999999882
20
-69.4994999999999976
11
20.6244999999999976
21
-69.4994999999999976
0
LINE
8
BLACK
6
CONTINUOUS
10
20.6244999999999976
20
-69.4994999999999976
11
20.557461
21
-69.4798150000000021
0
LINE
8
BLACK
6
CONTINUOUS
10
20.557461
20
-69.4798150000000021
11
20.5117060000000002
21
-69.4270109999999931
0
LINE
8
BLACK
6
CONTINUOUS
10
20.5117060000000002
20
-69.4270109999999931
11
20.5004999999999988
21
-69.3755000000000024
0
LINE
8
BLACK
6
CONTINUOUS
10
20.5004999999999988
20
-69.3755000000000024
11
20.5004999999999988
21
-64.1466549999999955
0
LINE
8
BLACK
6
CONTINUOUS
10
20.5004999999999988
20
-64.1466549999999955
11
20.5004999999999988
21
-56.0966549999999984
0
LINE
8
BLACK
6
CONTINUOUS
10
20.5004999999999988
20
-56.0966549999999984
11
20.5004999999999988
21
-28.4174480000000003
0
LINE
8
BLACK
6
CONTINUOUS
10
20.5004999999999988
20
-28.4174480000000003
11
20.5004999999999988
21
-20.6244999999999976
0
LINE
8
BLACK
6
CONTINUOUS
10
20.5004999999999988
20
-20.6244999999999976
11
20.5201849999999979
21
-20.557461
0
LINE
8
BLACK
6
CONTINUOUS
10
20.5201849999999979
20
-20.557461
11
20.5729889999999997
21
-20.5117060000000002
0
LINE
8
BLACK
6
CONTINUOUS
10
20.5729889999999997
20
-20.5117060000000002
11
20.6244999999999976
21
-20.5004999999999988
0
LINE
8
BLACK
6
CONTINUOUS
10
20.6244999999999976
20
-20.5004999999999988
11
137.3754999999999882
21
-20.5004999999999988
0
LINE
8
BLACK
6
CONTINUOUS
10
137.3754999999999882
20
-20.5004999999999988
11
137.4425389999999823
21
-20.5201849999999979
0
LINE
8
BLACK
6
CONTINUOUS
10
85.8026419999999916
20
-64.1466549999999955
11
85.8026419999999916
21
-60.7306290000000004
0
LINE
8
BLACK
6
CONTINUOUS
10
85.8026419999999916
20
-60.7306290000000004
11
81.6042020000000008
21
-60.7306290000000004
0
LINE
8
BLACK
6
CONTINUOUS
10
81.6042020000000008
20
-60.7306290000000004
11
81.6042020000000008
21
-64.1466549999999955
0
LINE
8
BLACK
6
CONTINUOUS
10
81.6042020000000008
20
-64.1466549999999955
11
85.8026419999999916
21
-64.1466549999999955
0
LINE
8
BLACK
6
CONTINUOUS
10
51.862642000000001
20
-64.1466549999999955
11
51.862642000000001
21
-60.659675
0
LINE
8
BLACK
6
CONTINUOUS
10
51.862642000000001
20
-60.659675
11
47.594498999999999
21
-60.659675
0
LINE
8
BLACK
6
CONTINUOUS
10
47.594498999999999
20
-60.659675
11
47.594498999999999
21
-64.1466549999999955
0
LINE
8
BLACK
6
CONTINUOUS
10
47.594498999999999
20
-64.1466549999999955
11
51.862642000000001
21
-64.1466549999999955
0
LINE
8
BLACK
6
CONTINUOUS
10
31.5051999999999985
20
-30.4298509999999993
11
31.5372219999999999
21
-30.6320309999999978
0
LINE
8
BLACK
6
CONTINUOUS
10
31.5372219999999999
20
-30.6320309999999978
11
31.5372219999999999
21
-30.6320319999999988
0
LINE
8
BLACK
6
CONTINUOUS
10
31.5372219999999999
20
-30.6320319999999988
11
31.5591439999999999
21
-30.6994999999999969
0
LINE
8
BLACK
6
CONTINUOUS
10
31.5591439999999999
20
-30.6994999999999969
11
31.6004809999999985
21
-30.8267229999999977
0
LINE
8
BLACK
6
CONTINUOUS
10
31.6004809999999985
20
-30.8267229999999977
11
31.6315579999999983
21
-30.887712999999998
0
LINE
8
BLACK
6
CONTINUOUS
10
31.6315579999999983
20
-30.887712999999998
11
31.6934129999999996
21
-31.0091109999999972
0
LINE
8
BLACK
6
CONTINUOUS
10
31.6934129999999996
20
-31.0091109999999972
11
31.8137340000000002
21
-31.1747189999999996
0
LINE
8
BLACK
6
CONTINUOUS
10
31.8137340000000002
20
-31.1747189999999996
11
31.8137359999999987
21
-31.1747209999999981
0
LINE
8
BLACK
6
CONTINUOUS
10
31.8137359999999987
20
-31.1747209999999981
11
33.5857869999999963
21
-32.9467719999999957
0
LINE
8
BLACK
6
CONTINUOUS
10
33.5857869999999963
20
-32.9467719999999957
11
33.6192719999999952
21
-33.0080949999999973
0
LINE
8
BLACK
6
CONTINUOUS
10
33.6192719999999952
20
-33.0080949999999973
11
33.6142880000000019
21
-33.0777870000000007
0
LINE
8
BLACK
6
CONTINUOUS
10
33.6142880000000019
20
-33.0777870000000007
11
33.5857880000000009
21
-33.1221339999999955
0
LINE
8
BLACK
6
CONTINUOUS
10
33.5857880000000009
20
-33.1221339999999955
11
33.5201829999999958
21
-33.1877390000000005
0
LINE
8
BLACK
6
CONTINUOUS
10
33.5201829999999958
20
-33.1877390000000005
11
33.4242109999999997
21
-33.3404759999999953
0
LINE
8
BLACK
6
CONTINUOUS
10
33.4242109999999997
20
-33.3404759999999953
11
33.3646309999999957
21
-33.510745
0
LINE
8
BLACK
6
CONTINUOUS
10
33.3646309999999957
20
-33.510745
11
33.3646299999999982
21
-33.5107500000000016
0
LINE
8
BLACK
6
CONTINUOUS
10
33.3646299999999982
20
-33.5107500000000016
11
33.349499999999999
21
-33.645038999999997
0
LINE
8
BLACK
6
CONTINUOUS
10
33.349499999999999
20
-33.645038999999997
11
33.349499999999999
21
-35.4349599999999967
0
LINE
8
BLACK
6
CONTINUOUS
10
33.349499999999999
20
-35.4349599999999967
11
33.3646299999999982
21
-35.5692489999999992
0
LINE
8
BLACK
6
CONTINUOUS
10
33.3646299999999982
20
-35.5692489999999992
11
33.3646309999999957
21
-35.5692540000000008
0
LINE
8
BLACK
6
CONTINUOUS
10
33.3646309999999957
20
-35.5692540000000008
11
33.4242109999999997
21
-35.7395229999999984
0
LINE
8
BLACK
6
CONTINUOUS
10
33.4242109999999997
20
-35.7395229999999984
11
33.5029150000000016
21
-35.8647789999999986
0
LINE
8
BLACK
6
CONTINUOUS
10
33.5029150000000016
20
-35.8647789999999986
11
33.5201840000000004
21
-35.8922619999999952
0
LINE
8
BLACK
6
CONTINUOUS
10
33.5201840000000004
20
-35.8922619999999952
11
33.6477379999999968
21
-36.0198159999999987
0
LINE
8
BLACK
6
CONTINUOUS
10
33.6477379999999968
20
-36.0198159999999987
11
33.652434999999997
21
-36.0227670000000018
0
LINE
8
BLACK
6
CONTINUOUS
10
33.652434999999997
20
-36.0227670000000018
11
33.6575649999999982
21
-36.0259909999999977
0
LINE
8
BLACK
6
CONTINUOUS
10
33.6575649999999982
20
-36.0259909999999977
11
33.7038560000000018
21
-36.078325999999997
0
LINE
8
BLACK
6
CONTINUOUS
10
33.7038560000000018
20
-36.078325999999997
11
33.7145030000000006
21
-36.1473790000000008
0
LINE
8
BLACK
6
CONTINUOUS
10
33.7145030000000006
20
-36.1473790000000008
11
33.6861279999999965
21
-36.2112279999999984
0
LINE
8
BLACK
6
CONTINUOUS
10
33.6861279999999965
20
-36.2112279999999984
11
33.6277369999999962
21
-36.2495989999999964
0
LINE
8
BLACK
6
CONTINUOUS
10
33.6277369999999962
20
-36.2495989999999964
11
33.5915919999999986
21
-36.2549840000000003
0
LINE
8
BLACK
6
CONTINUOUS
10
33.5915919999999986
20
-36.2549840000000003
11
33.0444990000000018
21
-36.2549840000000003
0
LINE
8
BLACK
6
CONTINUOUS
10
33.0444990000000018
20
-36.2549840000000003
11
33.0444990000000018
21
-39.6705529999999982
0
LINE
8
BLACK
6
CONTINUOUS
10
33.0444990000000018
20
-39.6705529999999982
11
37.0269279999999981
21
-39.6705529999999982
0
LINE
8
BLACK
6
CONTINUOUS
10
37.0269279999999981
20
-39.6705529999999982
11
37.0269279999999981
21
-36.5537750000000017
0
LINE
8
BLACK
6
CONTINUOUS
10
37.0269279999999981
20
-36.5537750000000017
11
37.0466130000000007
21
-36.4867360000000005
0
LINE
8
BLACK
6
CONTINUOUS
10
37.0466130000000007
20
-36.4867360000000005
11
37.0994169999999954
21
-36.4409810000000007
0
LINE
8
BLACK
6
CONTINUOUS
10
37.0994169999999954
20
-36.4409810000000007
11
37.168574999999997
21
-36.4310369999999963
0
LINE
8
BLACK
6
CONTINUOUS
10
37.168574999999997
20
-36.4310369999999963
11
37.2321309999999954
21
-36.4600620000000006
0
LINE
8
BLACK
6
CONTINUOUS
10
37.2321309999999954
20
-36.4600620000000006
11
37.2386089999999967
21
-36.4660939999999982
0
LINE
8
BLACK
6
CONTINUOUS
10
37.2386089999999967
20
-36.4660939999999982
11
51.4994809999999958
21
-50.7269659999999973
0
LINE
8
BLACK
6
CONTINUOUS
10
51.4994809999999958
20
-50.7269659999999973
11
51.6650889999999947
21
-50.8472869999999944
0
LINE
8
BLACK
6
CONTINUOUS
10
51.6650889999999947
20
-50.8472869999999944
11
51.7562849999999983
21
-50.8937529999999967
0
LINE
8
BLACK
6
CONTINUOUS
10
51.7562849999999983
20
-50.8937529999999967
11
51.8474809999999948
21
-50.9402199999999965
0
LINE
8
BLACK
6
CONTINUOUS
10
51.8474809999999948
20
-50.9402199999999965
11
51.8954099999999983
21
-50.9557929999999999
0
LINE
8
BLACK
6
CONTINUOUS
10
51.8954099999999983
20
-50.9557929999999999
11
52.0421649999999971
21
-51.0034769999999966
0
LINE
8
BLACK
6
CONTINUOUS
10
52.0421649999999971
20
-51.0034769999999966
11
52.2443479999999951
21
-51.035499999999999
0
LINE
8
BLACK
6
CONTINUOUS
10
52.2443479999999951
20
-51.035499999999999
11
53.1017620000000008
21
-51.035499999999999
0
LINE
8
BLACK
6
CONTINUOUS
10
53.1017620000000008
20
-51.035499999999999
11
53.1688009999999949
21
-51.0551849999999945
0
LINE
8
BLACK
6
CONTINUOUS
10
53.1688009999999949
20
-51.0551849999999945
11
53.174636999999997
21
-51.0591749999999962
0
LINE
8
BLACK
6
CONTINUOUS
10
53.174636999999997
20
-51.0591749999999962
11
53.2361549999999966
21
-51.1038700000000006
0
LINE
8
BLACK
6
CONTINUOUS
10
53.2361549999999966
20
-51.1038700000000006
11
53.3212949999999992
21
-51.1472509999999971
0
LINE
8
BLACK
6
CONTINUOUS
10
53.3212949999999992
20
-51.1472509999999971
11
53.4606159999999946
21
-51.218238999999997
0
LINE
8
BLACK
6
CONTINUOUS
10
53.4606159999999946
20
-51.218238999999997
11
53.4606179999999966
21
-51.218238999999997
0
LINE
8
BLACK
6
CONTINUOUS
10
53.4606179999999966
20
-51.218238999999997
11
53.4606209999999962
21
-51.218240999999999
0
LINE
8
BLACK
6
CONTINUOUS
10
53.4606209999999962
20
-51.218240999999999
11
53.700215
21
-51.2960899999999995
0
LINE
8
BLACK
6
CONTINUOUS
10
53.700215
20
-51.2960899999999995
11
53.9490379999999945
21
-51.3354999999999961
0
LINE
8
BLACK
6
CONTINUOUS
10
53.9490379999999945
20
-51.3354999999999961
11
53.9490389999999991
21
-51.3354999999999961
0
LINE
8
BLACK
6
CONTINUOUS
10
53.9490389999999991
20
-51.3354999999999961
11
54.2009609999999995
21
-51.3354999999999961
0
LINE
8
BLACK
6
CONTINUOUS
10
54.2009609999999995
20
-51.3354999999999961
11
54.200961999999997
21
-51.3354999999999961
0
LINE
8
BLACK
6
CONTINUOUS
10
54.200961999999997
20
-51.3354999999999961
11
54.4497849999999985
21
-51.2960899999999995
0
LINE
8
BLACK
6
CONTINUOUS
10
54.4497849999999985
20
-51.2960899999999995
11
54.6893789999999953
21
-51.218240999999999
0
LINE
8
BLACK
6
CONTINUOUS
10
54.6893789999999953
20
-51.218240999999999
11
54.9138449999999949
21
-51.1038700000000006
0
LINE
8
BLACK
6
CONTINUOUS
10
54.9138449999999949
20
-51.1038700000000006
11
55.1176559999999967
21
-50.9557929999999999
0
LINE
8
BLACK
6
CONTINUOUS
10
55.1176559999999967
20
-50.9557929999999999
11
55.2957929999999962
21
-50.7776560000000003
0
LINE
8
BLACK
6
CONTINUOUS
10
55.2957929999999962
20
-50.7776560000000003
11
55.4438699999999969
21
-50.5738449999999986
0
LINE
8
BLACK
6
CONTINUOUS
10
55.4438699999999969
20
-50.5738449999999986
11
55.5582409999999953
21
-50.349378999999999
0
LINE
8
BLACK
6
CONTINUOUS
10
55.5582409999999953
20
-50.349378999999999
11
55.6360899999999958
21
-50.1097849999999951
0
LINE
8
BLACK
6
CONTINUOUS
10
55.6360899999999958
20
-50.1097849999999951
11
55.6498959999999983
21
-50.0226169999999968
0
LINE
8
BLACK
6
CONTINUOUS
10
55.6498959999999983
20
-50.0226169999999968
11
55.679825000000001
21
-49.9594829999999988
0
LINE
8
BLACK
6
CONTINUOUS
10
55.679825000000001
20
-49.9594829999999988
11
55.7391369999999995
21
-49.922551999999996
0
LINE
8
BLACK
6
CONTINUOUS
10
55.7391369999999995
20
-49.922551999999996
11
55.808999
21
-49.9235499999999988
0
LINE
8
BLACK
6
CONTINUOUS
10
55.808999
20
-49.9235499999999988
11
55.860049999999994
21
-49.9543350000000004
0
LINE
8
BLACK
6
CONTINUOUS
10
55.860049999999994
20
-49.9543350000000004
11
60.3581809999999948
21
-54.452465999999994
0
LINE
8
BLACK
6
CONTINUOUS
10
60.3581809999999948
20
-54.452465999999994
11
60.3916660000000007
21
-54.5137889999999956
0
LINE
8
BLACK
6
CONTINUOUS
10
60.3916660000000007
20
-54.5137889999999956
11
60.3945000000000007
21
-54.5401469999999975
0
LINE
8
BLACK
6
CONTINUOUS
10
60.3945000000000007
20
-54.5401469999999975
11
60.3945000000000007
21
-56.8117609999999971
0
LINE
8
BLACK
6
CONTINUOUS
10
60.3945000000000007
20
-56.8117609999999971
11
60.3748149999999981
21
-56.8787999999999982
0
LINE
8
BLACK
6
CONTINUOUS
10
60.3748149999999981
20
-56.8787999999999982
11
60.3708179999999999
21
-56.8846459999999965
0
LINE
8
BLACK
6
CONTINUOUS
10
60.3708179999999999
20
-56.8846459999999965
11
60.3261319999999941
21
-56.9461510000000004
0
LINE
8
BLACK
6
CONTINUOUS
10
60.3261319999999941
20
-56.9461510000000004
11
60.2117599999999982
21
-57.1706159999999954
0
LINE
8
BLACK
6
CONTINUOUS
10
60.2117599999999982
20
-57.1706159999999954
11
60.1789109999999994
21
-57.2717159999999978
0
LINE
8
BLACK
6
CONTINUOUS
10
60.1789109999999994
20
-57.2717159999999978
11
60.1339100000000002
21
-57.4102150000000009
0
LINE
8
BLACK
6
CONTINUOUS
10
60.1339100000000002
20
-57.4102150000000009
11
60.0944999999999965
21
-57.6590379999999953
0
LINE
8
BLACK
6
CONTINUOUS
10
60.0944999999999965
20
-57.6590379999999953
11
60.0944999999999965
21
-57.9109619999999978
0
LINE
8
BLACK
6
CONTINUOUS
10
60.0944999999999965
20
-57.9109619999999978
11
60.1339100000000002
21
-58.1597849999999994
0
LINE
8
BLACK
6
CONTINUOUS
10
60.1339100000000002
20
-58.1597849999999994
11
60.2117590000000007
21
-58.3993789999999962
0
LINE
8
BLACK
6
CONTINUOUS
10
60.2117590000000007
20
-58.3993789999999962
11
60.2117599999999982
21
-58.3993819999999957
0
LINE
8
BLACK
6
CONTINUOUS
10
60.2117599999999982
20
-58.3993819999999957
11
60.2117609999999956
21
-58.3993830000000003
0
LINE
8
BLACK
6
CONTINUOUS
10
60.2117609999999956
20
-58.3993830000000003
11
60.2220650000000006
21
-58.4196069999999992
0
LINE
8
BLACK
6
CONTINUOUS
10
60.2220650000000006
20
-58.4196069999999992
11
60.2349599999999938
21
-58.488275999999999
0
LINE
8
BLACK
6
CONTINUOUS
10
60.2349599999999938
20
-58.488275999999999
11
60.208681999999996
21
-58.5530159999999995
0
LINE
8
BLACK
6
CONTINUOUS
10
60.208681999999996
20
-58.5530159999999995
11
60.151574999999994
21
-58.5932719999999989
0
LINE
8
BLACK
6
CONTINUOUS
10
60.151574999999994
20
-58.5932719999999989
11
60.111578999999999
21
-58.5998999999999981
0
LINE
8
BLACK
6
CONTINUOUS
10
60.111578999999999
20
-58.5998999999999981
11
56.7804469999999952
21
-58.5998999999999981
0
LINE
8
BLACK
6
CONTINUOUS
10
56.7804469999999952
20
-58.5998999999999981
11
56.713407999999994
21
-58.5802149999999955
0
LINE
8
BLACK
6
CONTINUOUS
10
56.713407999999994
20
-58.5802149999999955
11
56.6927659999999989
21
-58.5635809999999992
0
LINE
8
BLACK
6
CONTINUOUS
10
56.6927659999999989
20
-58.5635809999999992
11
55.6827749999999995
21
-57.5535899999999998
0
LINE
8
BLACK
6
CONTINUOUS
10
55.6827749999999995
20
-57.5535899999999998
11
55.6492900000000006
21
-57.4922669999999982
0
LINE
8
BLACK
6
CONTINUOUS
10
55.6492900000000006
20
-57.4922669999999982
11
55.6479829999999964
21
-57.4853059999999942
0
LINE
8
BLACK
6
CONTINUOUS
10
55.6479829999999964
20
-57.4853059999999942
11
55.6360899999999958
21
-57.4102139999999963
0
LINE
8
BLACK
6
CONTINUOUS
10
55.6360899999999958
20
-57.4102139999999963
11
55.5641689999999997
21
-57.1888669999999948
0
LINE
8
BLACK
6
CONTINUOUS
10
55.5641689999999997
20
-57.1888669999999948
11
55.5582409999999953
21
-57.170620999999997
0
LINE
8
BLACK
6
CONTINUOUS
10
55.5582409999999953
20
-57.170620999999997
11
55.5582390000000004
21
-57.1706179999999975
0
LINE
8
BLACK
6
CONTINUOUS
10
55.5582390000000004
20
-57.1706179999999975
11
55.5582390000000004
21
-57.1706159999999954
0
LINE
8
BLACK
6
CONTINUOUS
10
55.5582390000000004
20
-57.1706159999999954
11
55.5167469999999952
21
-57.0891839999999959
0
LINE
8
BLACK
6
CONTINUOUS
10
55.5167469999999952
20
-57.0891839999999959
11
55.4438699999999969
21
-56.9461549999999974
0
LINE
8
BLACK
6
CONTINUOUS
10
55.4438699999999969
20
-56.9461549999999974
11
55.3754999999999953
21
-56.8520509999999959
0
LINE
8
BLACK
6
CONTINUOUS
10
55.3754999999999953
20
-56.8520509999999959
11
55.2957979999999978
21
-56.7423499999999947
0
LINE
8
BLACK
6
CONTINUOUS
10
55.2957979999999978
20
-56.7423499999999947
11
55.2957940000000008
21
-56.7423450000000003
0
LINE
8
BLACK
6
CONTINUOUS
10
55.2957940000000008
20
-56.7423450000000003
11
55.1176539999999946
21
-56.5642049999999941
0
LINE
8
BLACK
6
CONTINUOUS
10
55.1176539999999946
20
-56.5642049999999941
11
55.1176490000000001
21
-56.5642009999999971
0
LINE
8
BLACK
6
CONTINUOUS
10
55.1176490000000001
20
-56.5642009999999971
11
54.9138479999999944
21
-56.4161319999999975
0
LINE
8
BLACK
6
CONTINUOUS
10
54.9138479999999944
20
-56.4161319999999975
11
54.913846999999997
21
-56.416131
0
LINE
8
BLACK
6
CONTINUOUS
10
54.913846999999997
20
-56.416131
11
54.9138449999999949
21
-56.4161299999999954
0
LINE
8
BLACK
6
CONTINUOUS
10
54.9138449999999949
20
-56.4161299999999954
11
54.8437470000000005
21
-56.3804129999999972
0
LINE
8
BLACK
6
CONTINUOUS
10
54.8437470000000005
20
-56.3804129999999972
11
54.6893829999999994
21
-56.3017599999999945
0
LINE
8
BLACK
6
CONTINUOUS
10
54.6893829999999994
20
-56.3017599999999945
11
54.4497849999999985
21
-56.2239099999999965
0
LINE
8
BLACK
6
CONTINUOUS
10
54.4497849999999985
20
-56.2239099999999965
11
54.200961999999997
21
-56.1844999999999999
0
LINE
8
BLACK
6
CONTINUOUS
10
54.200961999999997
20
-56.1844999999999999
11
53.9490379999999945
21
-56.1844999999999999
0
LINE
8
BLACK
6
CONTINUOUS
10
53.9490379999999945
20
-56.1844999999999999
11
53.824625999999995
21
-56.2042049999999946
0
LINE
8
BLACK
6
CONTINUOUS
10
53.824625999999995
20
-56.2042049999999946
11
53.7002139999999955
21
-56.2239099999999965
0
LINE
8
BLACK
6
CONTINUOUS
10
53.7002139999999955
20
-56.2239099999999965
11
53.4606159999999946
21
-56.3017599999999945
0
LINE
8
BLACK
6
CONTINUOUS
10
53.4606159999999946
20
-56.3017599999999945
11
53.2361509999999996
21
-56.4161319999999975
0
LINE
8
BLACK
6
CONTINUOUS
10
53.2361509999999996
20
-56.4161319999999975
11
53.032350000000001
21
-56.5642009999999971
0
LINE
8
BLACK
6
CONTINUOUS
10
53.032350000000001
20
-56.5642009999999971
11
53.0323449999999994
21
-56.5642049999999941
0
LINE
8
BLACK
6
CONTINUOUS
10
53.0323449999999994
20
-56.5642049999999941
11
52.8542050000000003
21
-56.7423450000000003
0
LINE
8
BLACK
6
CONTINUOUS
10
52.8542050000000003
20
-56.7423450000000003
11
52.8542009999999962
21
-56.7423499999999947
0
LINE
8
BLACK
6
CONTINUOUS
10
52.8542009999999962
20
-56.7423499999999947
11
52.7061319999999967
21
-56.9461510000000004
0
LINE
8
BLACK
6
CONTINUOUS
10
52.7061319999999967
20
-56.9461510000000004
11
52.5917600000000007
21
-57.1706159999999954
0
LINE
8
BLACK
6
CONTINUOUS
10
52.5917600000000007
20
-57.1706159999999954
11
52.5139099999999956
21
-57.4102139999999963
0
LINE
8
BLACK
6
CONTINUOUS
10
52.5139099999999956
20
-57.4102139999999963
11
52.474499999999999
21
-57.6590379999999953
0
LINE
8
BLACK
6
CONTINUOUS
10
52.474499999999999
20
-57.6590379999999953
11
52.474499999999999
21
-57.9109610000000004
0
LINE
8
BLACK
6
CONTINUOUS
10
52.474499999999999
20
-57.9109610000000004
11
52.5139099999999956
21
-58.1597849999999994
0
LINE
8
BLACK
6
CONTINUOUS
10
52.5139099999999956
20
-58.1597849999999994
11
52.5917600000000007
21
-58.3993830000000003
0
LINE
8
BLACK
6
CONTINUOUS
10
52.5917600000000007
20
-58.3993830000000003
11
52.6370539999999991
21
-58.488275999999999
0
LINE
8
BLACK
6
CONTINUOUS
10
52.6370539999999991
20
-58.488275999999999
11
52.6939289999999971
21
-58.5998999999999981
0
LINE
8
BLACK
6
CONTINUOUS
10
52.6939289999999971
20
-58.5998999999999981
11
52.7061319999999967
21
-58.6238479999999953
0
LINE
8
BLACK
6
CONTINUOUS
10
52.7061319999999967
20
-58.6238479999999953
11
52.8542009999999962
21
-58.8276489999999939
0
LINE
8
BLACK
6
CONTINUOUS
10
52.8542009999999962
20
-58.8276489999999939
11
52.8542050000000003
21
-58.8276539999999954
0
LINE
8
BLACK
6
CONTINUOUS
10
52.8542050000000003
20
-58.8276539999999954
11
53.0323439999999948
21
-59.0057929999999971
0
LINE
8
BLACK
6
CONTINUOUS
10
53.0323439999999948
20
-59.0057929999999971
11
53.032350000000001
21
-59.0057979999999986
0
LINE
8
BLACK
6
CONTINUOUS
10
53.032350000000001
20
-59.0057979999999986
11
53.1746470000000002
21
-59.109181999999997
0
LINE
8
BLACK
6
CONTINUOUS
10
53.1746470000000002
20
-59.109181999999997
11
53.2361549999999966
21
-59.1538699999999977
0
LINE
8
BLACK
6
CONTINUOUS
10
53.2361549999999966
20
-59.1538699999999977
11
53.3791839999999951
21
-59.226746999999996
0
LINE
8
BLACK
6
CONTINUOUS
10
53.3791839999999951
20
-59.226746999999996
11
53.4606159999999946
21
-59.2682389999999941
0
LINE
8
BLACK
6
CONTINUOUS
10
53.4606159999999946
20
-59.2682389999999941
11
53.4606179999999966
21
-59.2682389999999941
0
LINE
8
BLACK
6
CONTINUOUS
10
53.4606179999999966
20
-59.2682389999999941
11
53.4606209999999962
21
-59.2682409999999962
0
LINE
8
BLACK
6
CONTINUOUS
10
53.4606209999999962
20
-59.2682409999999962
11
53.5890489999999957
21
-59.3099699999999999
0
LINE
8
BLACK
6
CONTINUOUS
10
53.5890489999999957
20
-59.3099699999999999
11
53.7002139999999955
21
-59.3460899999999967
0
LINE
8
BLACK
6
CONTINUOUS
10
53.7002139999999955
20
-59.3460899999999967
11
53.7394389999999973
21
-59.3523019999999946
0
LINE
8
BLACK
6
CONTINUOUS
10
53.7394389999999973
20
-59.3523019999999946
11
53.7753060000000005
21
-59.3579829999999973
0
LINE
8
BLACK
6
CONTINUOUS
10
53.7753060000000005
20
-59.3579829999999973
11
53.838440999999996
21
-59.387912
0
LINE
8
BLACK
6
CONTINUOUS
10
53.838440999999996
20
-59.387912
11
53.843589999999999
21
-59.3927750000000003
0
LINE
8
BLACK
6
CONTINUOUS
10
53.843589999999999
20
-59.3927750000000003
11
55.3431859999999958
21
-60.8923709999999971
0
LINE
8
BLACK
6
CONTINUOUS
10
55.3431859999999958
20
-60.8923709999999971
11
55.498148999999998
21
-61.004956
0
LINE
8
BLACK
6
CONTINUOUS
10
55.498148999999998
20
-61.004956
11
55.5087899999999976
21
-61.0126869999999997
0
LINE
8
BLACK
6
CONTINUOUS
10
55.5087899999999976
20
-61.0126869999999997
11
55.5999849999999967
21
-61.0591529999999949
0
LINE
8
BLACK
6
CONTINUOUS
10
55.5999849999999967
20
-61.0591529999999949
11
55.6911759999999987
21
-61.1056179999999998
0
LINE
8
BLACK
6
CONTINUOUS
10
55.6911759999999987
20
-61.1056179999999998
11
55.6911780000000007
21
-61.1056179999999998
0
LINE
8
BLACK
6
CONTINUOUS
10
55.6911780000000007
20
-61.1056179999999998
11
55.6911810000000003
21
-61.1056199999999947
0
LINE
8
BLACK
6
CONTINUOUS
10
55.6911810000000003
20
-61.1056199999999947
11
55.7885220000000004
21
-61.1372479999999996
0
LINE
8
BLACK
6
CONTINUOUS
10
55.7885220000000004
20
-61.1372479999999996
11
55.8858649999999955
21
-61.1688769999999948
0
LINE
8
BLACK
6
CONTINUOUS
10
55.8858649999999955
20
-61.1688769999999948
11
55.9869569999999968
21
-61.1848879999999937
0
LINE
8
BLACK
6
CONTINUOUS
10
55.9869569999999968
20
-61.1848879999999937
11
56.0880480000000006
21
-61.2008999999999972
0
LINE
8
BLACK
6
CONTINUOUS
10
56.0880480000000006
20
-61.2008999999999972
11
56.088048999999998
21
-61.2008999999999972
0
LINE
8
BLACK
6
CONTINUOUS
10
56.088048999999998
20
-61.2008999999999972
11
72.8191509999999909
21
-61.2008999999999972
0
LINE
8
BLACK
6
CONTINUOUS
10
72.8191509999999909
20
-61.2008999999999972
11
72.8191520000000025
21
-61.2008999999999972
0
LINE
8
BLACK
6
CONTINUOUS
10
72.8191520000000025
20
-61.2008999999999972
11
73.0213349999999934
21
-61.1688769999999948
0
LINE
8
BLACK
6
CONTINUOUS
10
73.0213349999999934
20
-61.1688769999999948
11
73.1186759999999936
21
-61.1372479999999996
0
LINE
8
BLACK
6
CONTINUOUS
10
73.1186759999999936
20
-61.1372479999999996
11
73.2160190000000028
21
-61.1056199999999947
0
LINE
8
BLACK
6
CONTINUOUS
10
73.2160190000000028
20
-61.1056199999999947
11
73.3072140000000019
21
-61.0591529999999949
0
LINE
8
BLACK
6
CONTINUOUS
10
73.3072140000000019
20
-61.0591529999999949
11
73.3984109999999959
21
-61.0126869999999997
0
LINE
8
BLACK
6
CONTINUOUS
10
73.3984109999999959
20
-61.0126869999999997
11
73.5640190000000018
21
-60.8923659999999956
0
LINE
8
BLACK
6
CONTINUOUS
10
73.5640190000000018
20
-60.8923659999999956
11
82.5642659999999893
21
-51.892119000000001
0
LINE
8
BLACK
6
CONTINUOUS
10
82.5642659999999893
20
-51.892119000000001
11
82.6845869999999934
21
-51.726510999999995
0
LINE
8
BLACK
6
CONTINUOUS
10
82.6845869999999934
20
-51.726510999999995
11
82.7310530000000028
21
-51.635314000000001
0
LINE
8
BLACK
6
CONTINUOUS
10
82.7310530000000028
20
-51.635314000000001
11
82.7775199999999955
21
-51.5441189999999949
0
LINE
8
BLACK
6
CONTINUOUS
10
82.7775199999999955
20
-51.5441189999999949
11
82.8407770000000028
21
-51.3494339999999951
0
LINE
8
BLACK
6
CONTINUOUS
10
82.8407770000000028
20
-51.3494339999999951
11
82.872799999999998
21
-51.1472519999999946
0
LINE
8
BLACK
6
CONTINUOUS
10
82.872799999999998
20
-51.1472519999999946
11
82.872799999999998
21
-48.388148000000001
0
LINE
8
BLACK
6
CONTINUOUS
10
82.872799999999998
20
-48.388148000000001
11
82.8441629999999947
21
-48.2073429999999945
0
LINE
8
BLACK
6
CONTINUOUS
10
82.8441629999999947
20
-48.2073429999999945
11
82.8407770000000028
21
-48.1859649999999959
0
LINE
8
BLACK
6
CONTINUOUS
10
82.8407770000000028
20
-48.1859649999999959
11
82.7775180000000006
21
-47.9912759999999992
0
LINE
8
BLACK
6
CONTINUOUS
10
82.7775180000000006
20
-47.9912759999999992
11
82.7310530000000028
21
-47.9000849999999971
0
LINE
8
BLACK
6
CONTINUOUS
10
82.7310530000000028
20
-47.9000849999999971
11
82.7310519999999912
21
-47.9000839999999997
0
LINE
8
BLACK
6
CONTINUOUS
10
82.7310519999999912
20
-47.9000839999999997
11
82.6845869999999934
21
-47.8088890000000006
0
LINE
8
BLACK
6
CONTINUOUS
10
82.6845869999999934
20
-47.8088890000000006
11
82.5642659999999893
21
-47.6432809999999947
0
LINE
8
BLACK
6
CONTINUOUS
10
82.5642659999999893
20
-47.6432809999999947
11
79.500118999999998
21
-44.5791339999999963
0
LINE
8
BLACK
6
CONTINUOUS
10
79.500118999999998
20
-44.5791339999999963
11
79.4666339999999991
21
-44.5178109999999947
0
LINE
8
BLACK
6
CONTINUOUS
10
79.4666339999999991
20
-44.5178109999999947
11
79.463799999999992
21
-44.4914529999999999
0
LINE
8
BLACK
6
CONTINUOUS
10
79.463799999999992
20
-44.4914529999999999
11
79.463799999999992
21
-43.2553999999999945
0
LINE
8
BLACK
6
CONTINUOUS
10
79.463799999999992
20
-43.2553999999999945
11
79.4834850000000017
21
-43.1883610000000004
0
LINE
8
BLACK
6
CONTINUOUS
10
79.4834850000000017
20
-43.1883610000000004
11
79.5362889999999965
21
-43.1426060000000007
0
LINE
8
BLACK
6
CONTINUOUS
10
79.5362889999999965
20
-43.1426060000000007
11
79.6054469999999981
21
-43.1326619999999963
0
LINE
8
BLACK
6
CONTINUOUS
10
79.6054469999999981
20
-43.1326619999999963
11
79.6440979999999996
21
-43.1449169999999995
0
LINE
8
BLACK
6
CONTINUOUS
10
79.6440979999999996
20
-43.1449169999999995
11
79.650621000000001
21
-43.1482409999999987
0
LINE
8
BLACK
6
CONTINUOUS
10
79.650621000000001
20
-43.1482409999999987
11
79.8902149999999978
21
-43.2260899999999992
0
LINE
8
BLACK
6
CONTINUOUS
10
79.8902149999999978
20
-43.2260899999999992
11
80.1390379999999993
21
-43.2654999999999959
0
LINE
8
BLACK
6
CONTINUOUS
10
80.1390379999999993
20
-43.2654999999999959
11
80.1390389999999968
21
-43.2654999999999959
0
LINE
8
BLACK
6
CONTINUOUS
10
80.1390389999999968
20
-43.2654999999999959
11
81.1909610000000015
21
-43.2654999999999959
0
LINE
8
BLACK
6
CONTINUOUS
10
81.1909610000000015
20
-43.2654999999999959
11
81.190961999999999
21
-43.2654999999999959
0
LINE
8
BLACK
6
CONTINUOUS
10
81.190961999999999
20
-43.2654999999999959
11
81.4397850000000005
21
-43.2260899999999992
0
LINE
8
BLACK
6
CONTINUOUS
10
81.4397850000000005
20
-43.2260899999999992
11
81.6793789999999973
21
-43.1482409999999987
0
LINE
8
BLACK
6
CONTINUOUS
10
81.6793789999999973
20
-43.1482409999999987
11
81.9038449999999898
21
-43.0338700000000003
0
LINE
8
BLACK
6
CONTINUOUS
10
81.9038449999999898
20
-43.0338700000000003
11
82.1076559999999915
21
-42.8857929999999996
0
LINE
8
BLACK
6
CONTINUOUS
10
82.1076559999999915
20
-42.8857929999999996
11
82.2857929999999982
21
-42.7076560000000001
0
LINE
8
BLACK
6
CONTINUOUS
10
82.2857929999999982
20
-42.7076560000000001
11
82.4338699999999989
21
-42.5038449999999983
0
LINE
8
BLACK
6
CONTINUOUS
10
82.4338699999999989
20
-42.5038449999999983
11
82.5482409999999902
21
-42.2793789999999987
0
LINE
8
BLACK
6
CONTINUOUS
10
82.5482409999999902
20
-42.2793789999999987
11
82.6260899999999907
21
-42.0397849999999949
0
LINE
8
BLACK
6
CONTINUOUS
10
82.6260899999999907
20
-42.0397849999999949
11
82.6654999999999944
21
-41.7909620000000004
0
LINE
8
BLACK
6
CONTINUOUS
10
82.6654999999999944
20
-41.7909620000000004
11
82.6654999999999944
21
-41.5390379999999979
0
LINE
8
BLACK
6
CONTINUOUS
10
82.6654999999999944
20
-41.5390379999999979
11
82.6260899999999907
21
-41.2902149999999963
0
LINE
8
BLACK
6
CONTINUOUS
10
82.6260899999999907
20
-41.2902149999999963
11
82.5482409999999902
21
-41.0506209999999996
0
LINE
8
BLACK
6
CONTINUOUS
10
82.5482409999999902
20
-41.0506209999999996
11
82.5482389999999953
21
-41.0506180000000001
0
LINE
8
BLACK
6
CONTINUOUS
10
82.5482389999999953
20
-41.0506180000000001
11
82.5482389999999953
21
-41.050615999999998
0
LINE
8
BLACK
6
CONTINUOUS
10
82.5482389999999953
20
-41.050615999999998
11
82.4966249999999945
21
-40.9493189999999956
0
LINE
8
BLACK
6
CONTINUOUS
10
82.4966249999999945
20
-40.9493189999999956
11
82.4338699999999989
21
-40.826155
0
LINE
8
BLACK
6
CONTINUOUS
10
82.4338699999999989
20
-40.826155
11
82.4149519999999995
21
-40.8001170000000002
0
LINE
8
BLACK
6
CONTINUOUS
10
82.4149519999999995
20
-40.8001170000000002
11
82.2857979999999998
21
-40.6223499999999973
0
LINE
8
BLACK
6
CONTINUOUS
10
82.2857979999999998
20
-40.6223499999999973
11
82.2857939999999957
21
-40.6223449999999957
0
LINE
8
BLACK
6
CONTINUOUS
10
82.2857939999999957
20
-40.6223449999999957
11
82.1461299999999994
21
-40.4826809999999995
0
LINE
8
BLACK
6
CONTINUOUS
10
82.1461299999999994
20
-40.4826809999999995
11
82.1126450000000006
21
-40.4213579999999979
0
LINE
8
BLACK
6
CONTINUOUS
10
82.1126450000000006
20
-40.4213579999999979
11
82.1176289999999938
21
-40.3516660000000016
0
LINE
8
BLACK
6
CONTINUOUS
10
82.1176289999999938
20
-40.3516660000000016
11
82.1461299999999994
21
-40.3073189999999997
0
LINE
8
BLACK
6
CONTINUOUS
10
82.1461299999999994
20
-40.3073189999999997
11
82.1696989999999943
21
-40.2837499999999977
0
LINE
8
BLACK
6
CONTINUOUS
10
82.1696989999999943
20
-40.2837499999999977
11
82.2857929999999982
21
-40.1676560000000009
0
LINE
8
BLACK
6
CONTINUOUS
10
82.2857929999999982
20
-40.1676560000000009
11
82.4338699999999989
21
-39.9638449999999992
0
LINE
8
BLACK
6
CONTINUOUS
10
82.4338699999999989
20
-39.9638449999999992
11
82.5482409999999902
21
-39.7393789999999996
0
LINE
8
BLACK
6
CONTINUOUS
10
82.5482409999999902
20
-39.7393789999999996
11
82.6260899999999907
21
-39.4997849999999957
0
LINE
8
BLACK
6
CONTINUOUS
10
82.6260899999999907
20
-39.4997849999999957
11
82.6654999999999944
21
-39.2509620000000012
0
LINE
8
BLACK
6
CONTINUOUS
10
82.6654999999999944
20
-39.2509620000000012
11
82.6654999999999944
21
-38.9990379999999988
0
LINE
8
BLACK
6
CONTINUOUS
10
82.6654999999999944
20
-38.9990379999999988
11
82.6260899999999907
21
-38.7502149999999972
0
LINE
8
BLACK
6
CONTINUOUS
10
82.6260899999999907
20
-38.7502149999999972
11
82.5482409999999902
21
-38.5106210000000004
0
LINE
8
BLACK
6
CONTINUOUS
10
82.5482409999999902
20
-38.5106210000000004
11
82.5482389999999953
21
-38.5106180000000009
0
LINE
8
BLACK
6
CONTINUOUS
10
82.5482389999999953
20
-38.5106180000000009
11
82.5482389999999953
21
-38.5106159999999988
0
LINE
8
BLACK
6
CONTINUOUS
10
82.5482389999999953
20
-38.5106159999999988
11
82.4996039999999908
21
-38.4151650000000018
0
LINE
8
BLACK
6
CONTINUOUS
10
82.4996039999999908
20
-38.4151650000000018
11
82.4338699999999989
21
-38.2861550000000008
0
LINE
8
BLACK
6
CONTINUOUS
10
82.4338699999999989
20
-38.2861550000000008
11
82.4149519999999995
21
-38.260117000000001
0
LINE
8
BLACK
6
CONTINUOUS
10
82.4149519999999995
20
-38.260117000000001
11
82.2857979999999998
21
-38.0823499999999981
0
LINE
8
BLACK
6
CONTINUOUS
10
82.2857979999999998
20
-38.0823499999999981
11
82.2857939999999957
21
-38.0823449999999966
0
LINE
8
BLACK
6
CONTINUOUS
10
82.2857939999999957
20
-38.0823449999999966
11
82.1461299999999994
21
-37.9426810000000003
0
LINE
8
BLACK
6
CONTINUOUS
10
82.1461299999999994
20
-37.9426810000000003
11
82.1126450000000006
21
-37.8813579999999988
0
LINE
8
BLACK
6
CONTINUOUS
10
82.1126450000000006
20
-37.8813579999999988
11
82.1176289999999938
21
-37.8116659999999953
0
LINE
8
BLACK
6
CONTINUOUS
10
82.1176289999999938
20
-37.8116659999999953
11
82.1461299999999994
21
-37.7673190000000005
0
LINE
8
BLACK
6
CONTINUOUS
10
82.1461299999999994
20
-37.7673190000000005
11
82.1696960000000018
21
-37.7437529999999981
0
LINE
8
BLACK
6
CONTINUOUS
10
82.1696960000000018
20
-37.7437529999999981
11
82.2857929999999982
21
-37.6276560000000018
0
LINE
8
BLACK
6
CONTINUOUS
10
82.2857929999999982
20
-37.6276560000000018
11
82.4338699999999989
21
-37.423845
0
LINE
8
BLACK
6
CONTINUOUS
10
82.4338699999999989
20
-37.423845
11
82.5482409999999902
21
-37.1993790000000004
0
LINE
8
BLACK
6
CONTINUOUS
10
82.5482409999999902
20
-37.1993790000000004
11
82.6260899999999907
21
-36.9597849999999966
0
LINE
8
BLACK
6
CONTINUOUS
10
82.6260899999999907
20
-36.9597849999999966
11
82.6654999999999944
21
-36.710961999999995
0
LINE
8
BLACK
6
CONTINUOUS
10
82.6654999999999944
20
-36.710961999999995
11
82.6654999999999944
21
-36.4590379999999996
0
LINE
8
BLACK
6
CONTINUOUS
10
82.6654999999999944
20
-36.4590379999999996
11
82.6260899999999907
21
-36.210214999999998
0
LINE
8
BLACK
6
CONTINUOUS
10
82.6260899999999907
20
-36.210214999999998
11
82.5482409999999902
21
-35.9706210000000013
0
LINE
8
BLACK
6
CONTINUOUS
10
82.5482409999999902
20
-35.9706210000000013
11
82.5482389999999953
21
-35.9706180000000018
0
LINE
8
BLACK
6
CONTINUOUS
10
82.5482389999999953
20
-35.9706180000000018
11
82.5482389999999953
21
-35.9706159999999997
0
LINE
8
BLACK
6
CONTINUOUS
10
82.5482389999999953
20
-35.9706159999999997
11
82.4903860000000009
21
-35.8570750000000018
0
LINE
8
BLACK
6
CONTINUOUS
10
82.4903860000000009
20
-35.8570750000000018
11
82.4338699999999989
21
-35.7461550000000017
0
LINE
8
BLACK
6
CONTINUOUS
10
82.4338699999999989
20
-35.7461550000000017
11
82.3053450000000026
21
-35.5692549999999983
0
LINE
8
BLACK
6
CONTINUOUS
10
82.3053450000000026
20
-35.5692549999999983
11
82.2857979999999998
21
-35.542349999999999
0
LINE
8
BLACK
6
CONTINUOUS
10
82.2857979999999998
20
-35.542349999999999
11
82.2857939999999957
21
-35.5423449999999974
0
LINE
8
BLACK
6
CONTINUOUS
10
82.2857939999999957
20
-35.5423449999999974
11
82.1461299999999994
21
-35.4026810000000012
0
LINE
8
BLACK
6
CONTINUOUS
10
82.1461299999999994
20
-35.4026810000000012
11
82.1126450000000006
21
-35.3413579999999996
0
LINE
8
BLACK
6
CONTINUOUS
10
82.1126450000000006
20
-35.3413579999999996
11
82.1176289999999938
21
-35.2716659999999962
0
LINE
8
BLACK
6
CONTINUOUS
10
82.1176289999999938
20
-35.2716659999999962
11
82.1461299999999994
21
-35.2273190000000014
0
LINE
8
BLACK
6
CONTINUOUS
10
82.1461299999999994
20
-35.2273190000000014
11
82.1919989999999956
21
-35.1814499999999981
0
LINE
8
BLACK
6
CONTINUOUS
10
82.1919989999999956
20
-35.1814499999999981
11
82.2857929999999982
21
-35.0876559999999955
0
LINE
8
BLACK
6
CONTINUOUS
10
82.2857929999999982
20
-35.0876559999999955
11
82.4338699999999989
21
-34.8838450000000009
0
LINE
8
BLACK
6
CONTINUOUS
10
82.4338699999999989
20
-34.8838450000000009
11
82.5482409999999902
21
-34.6593790000000013
0
LINE
8
BLACK
6
CONTINUOUS
10
82.5482409999999902
20
-34.6593790000000013
11
82.5568909999999931
21
-34.632753000000001
0
LINE
8
BLACK
6
CONTINUOUS
10
82.5568909999999931
20
-34.632753000000001
11
82.5963270000000023
21
-34.5750789999999952
0
LINE
8
BLACK
6
CONTINUOUS
10
82.5963270000000023
20
-34.5750789999999952
11
82.6606850000000009
21
-34.5478790000000018
0
LINE
8
BLACK
6
CONTINUOUS
10
82.6606850000000009
20
-34.5478790000000018
11
82.7295309999999944
21
-34.559790999999997
0
LINE
8
BLACK
6
CONTINUOUS
10
82.7295309999999944
20
-34.559790999999997
11
82.7625039999999927
21
-34.5833889999999968
0
LINE
8
BLACK
6
CONTINUOUS
10
82.7625039999999927
20
-34.5833889999999968
11
82.999881000000002
21
-34.820765999999999
0
LINE
8
BLACK
6
CONTINUOUS
10
82.999881000000002
20
-34.820765999999999
11
83.0333660000000009
21
-34.8820890000000006
0
LINE
8
BLACK
6
CONTINUOUS
10
83.0333660000000009
20
-34.8820890000000006
11
83.0361999999999938
21
-34.9084469999999953
0
LINE
8
BLACK
6
CONTINUOUS
10
83.0361999999999938
20
-34.9084469999999953
11
83.0361999999999938
21
-44.5590509999999966
0
LINE
8
BLACK
6
CONTINUOUS
10
83.0361999999999938
20
-44.5590509999999966
11
83.0682219999999916
21
-44.7612339999999946
0
LINE
8
BLACK
6
CONTINUOUS
10
83.0682219999999916
20
-44.7612339999999946
11
83.1052289999999942
21
-44.8751269999999991
0
LINE
8
BLACK
6
CONTINUOUS
10
83.1052289999999942
20
-44.8751269999999991
11
83.1314799999999963
21
-44.9559190000000015
0
LINE
8
BLACK
6
CONTINUOUS
10
83.1314799999999963
20
-44.9559190000000015
11
83.1314809999999937
21
-44.955919999999999
0
LINE
8
BLACK
6
CONTINUOUS
10
83.1314809999999937
20
-44.955919999999999
11
83.1314819999999912
21
-44.955923999999996
0
LINE
8
BLACK
6
CONTINUOUS
10
83.1314819999999912
20
-44.955923999999996
11
83.1433159999999987
21
-44.979147999999995
0
LINE
8
BLACK
6
CONTINUOUS
10
83.1433159999999987
20
-44.979147999999995
11
83.1433169999999961
21
-44.9791499999999971
0
LINE
8
BLACK
6
CONTINUOUS
10
83.1433169999999961
20
-44.9791499999999971
11
83.2244109999999893
21
-45.1383089999999996
0
LINE
8
BLACK
6
CONTINUOUS
10
83.2244109999999893
20
-45.1383089999999996
11
83.2574999999999932
21
-45.1838519999999946
0
LINE
8
BLACK
6
CONTINUOUS
10
83.2574999999999932
20
-45.1838519999999946
11
83.3447340000000025
21
-45.3039190000000005
0
LINE
8
BLACK
6
CONTINUOUS
10
83.3447340000000025
20
-45.3039190000000005
11
83.3447359999999975
21
-45.3039209999999954
0
LINE
8
BLACK
6
CONTINUOUS
10
83.3447359999999975
20
-45.3039209999999954
11
88.0072229999999962
21
-49.9664080000000013
0
LINE
8
BLACK
6
CONTINUOUS
10
88.0072229999999962
20
-49.9664080000000013
11
88.0407079999999951
21
-50.0277309999999957
0
LINE
8
BLACK
6
CONTINUOUS
10
88.0407079999999951
20
-50.0277309999999957
11
88.0420149999999921
21
-50.0346890000000002
0
LINE
8
BLACK
6
CONTINUOUS
10
88.0420149999999921
20
-50.0346890000000002
11
88.0539089999999902
21
-50.1097830000000002
0
LINE
8
BLACK
6
CONTINUOUS
10
88.0539089999999902
20
-50.1097830000000002
11
88.0539100000000019
21
-50.1097849999999951
0
LINE
8
BLACK
6
CONTINUOUS
10
88.0539100000000019
20
-50.1097849999999951
11
88.1287899999999951
21
-50.3402419999999964
0
LINE
8
BLACK
6
CONTINUOUS
10
88.1287899999999951
20
-50.3402419999999964
11
88.1317599999999999
21
-50.3493810000000011
0
LINE
8
BLACK
6
CONTINUOUS
10
88.1317599999999999
20
-50.3493810000000011
11
88.2461320000000029
21
-50.5738479999999981
0
LINE
8
BLACK
6
CONTINUOUS
10
88.2461320000000029
20
-50.5738479999999981
11
88.3942009999999954
21
-50.7776489999999967
0
LINE
8
BLACK
6
CONTINUOUS
10
88.3942009999999954
20
-50.7776489999999967
11
88.3942049999999995
21
-50.7776539999999983
0
LINE
8
BLACK
6
CONTINUOUS
10
88.3942049999999995
20
-50.7776539999999983
11
88.5723429999999894
21
-50.9557919999999953
0
LINE
8
BLACK
6
CONTINUOUS
10
88.5723429999999894
20
-50.9557919999999953
11
88.5723500000000001
21
-50.9557979999999944
0
LINE
8
BLACK
6
CONTINUOUS
10
88.5723500000000001
20
-50.9557979999999944
11
88.7146469999999994
21
-51.0591819999999998
0
LINE
8
BLACK
6
CONTINUOUS
10
88.7146469999999994
20
-51.0591819999999998
11
88.7761550000000028
21
-51.1038700000000006
0
LINE
8
BLACK
6
CONTINUOUS
10
88.7761550000000028
20
-51.1038700000000006
11
88.9191840000000013
21
-51.1767469999999989
0
LINE
8
BLACK
6
CONTINUOUS
10
88.9191840000000013
20
-51.1767469999999989
11
89.0006159999999937
21
-51.218238999999997
0
LINE
8
BLACK
6
CONTINUOUS
10
89.0006159999999937
20
-51.218238999999997
11
89.0006180000000029
21
-51.218238999999997
0
LINE
8
BLACK
6
CONTINUOUS
10
89.0006180000000029
20
-51.218238999999997
11
89.0006209999999953
21
-51.218240999999999
0
LINE
8
BLACK
6
CONTINUOUS
10
89.0006209999999953
20
-51.218240999999999
11
89.2402149999999921
21
-51.2960899999999995
0
LINE
8
BLACK
6
CONTINUOUS
10
89.2402149999999921
20
-51.2960899999999995
11
89.4890379999999936
21
-51.3354999999999961
0
LINE
8
BLACK
6
CONTINUOUS
10
89.4890379999999936
20
-51.3354999999999961
11
89.4890389999999911
21
-51.3354999999999961
0
LINE
8
BLACK
6
CONTINUOUS
10
89.4890389999999911
20
-51.3354999999999961
11
89.7409609999999986
21
-51.3354999999999961
0
LINE
8
BLACK
6
CONTINUOUS
10
89.7409609999999986
20
-51.3354999999999961
11
89.7409619999999961
21
-51.3354999999999961
0
LINE
8
BLACK
6
CONTINUOUS
10
89.7409619999999961
20
-51.3354999999999961
11
89.9897849999999977
21
-51.2960899999999995
0
LINE
8
BLACK
6
CONTINUOUS
10
89.9897849999999977
20
-51.2960899999999995
11
90.2293789999999944
21
-51.218240999999999
0
LINE
8
BLACK
6
CONTINUOUS
10
90.2293789999999944
20
-51.218240999999999
11
90.4538450000000012
21
-51.1038700000000006
0
LINE
8
BLACK
6
CONTINUOUS
10
90.4538450000000012
20
-51.1038700000000006
11
90.6576560000000029
21
-50.9557929999999999
0
LINE
8
BLACK
6
CONTINUOUS
10
90.6576560000000029
20
-50.9557929999999999
11
90.8357929999999953
21
-50.7776560000000003
0
LINE
8
BLACK
6
CONTINUOUS
10
90.8357929999999953
20
-50.7776560000000003
11
90.983869999999996
21
-50.5738449999999986
0
LINE
8
BLACK
6
CONTINUOUS
10
90.983869999999996
20
-50.5738449999999986
11
91.0982410000000016
21
-50.349378999999999
0
LINE
8
BLACK
6
CONTINUOUS
10
91.0982410000000016
20
-50.349378999999999
11
91.1760900000000021
21
-50.1097849999999951
0
LINE
8
BLACK
6
CONTINUOUS
10
91.1760900000000021
20
-50.1097849999999951
11
91.2154999999999916
21
-49.8609620000000007
0
LINE
8
BLACK
6
CONTINUOUS
10
91.2154999999999916
20
-49.8609620000000007
11
91.2154999999999916
21
-49.6090379999999982
0
LINE
8
BLACK
6
CONTINUOUS
10
91.2154999999999916
20
-49.6090379999999982
11
91.1760900000000021
21
-49.3602149999999966
0
LINE
8
BLACK
6
CONTINUOUS
10
91.1760900000000021
20
-49.3602149999999966
11
91.0982410000000016
21
-49.1206209999999999
0
LINE
8
BLACK
6
CONTINUOUS
10
91.0982410000000016
20
-49.1206209999999999
11
91.0982389999999924
21
-49.1206180000000003
0
LINE
8
BLACK
6
CONTINUOUS
10
91.0982389999999924
20
-49.1206180000000003
11
91.0982389999999924
21
-49.1206159999999983
0
LINE
8
BLACK
6
CONTINUOUS
10
91.0982389999999924
20
-49.1206159999999983
11
91.0023979999999995
21
-48.9325189999999992
0
LINE
8
BLACK
6
CONTINUOUS
10
91.0023979999999995
20
-48.9325189999999992
11
90.983869999999996
21
-48.8961550000000003
0
LINE
8
BLACK
6
CONTINUOUS
10
90.983869999999996
20
-48.8961550000000003
11
90.9104019999999906
21
-48.7950349999999986
0
LINE
8
BLACK
6
CONTINUOUS
10
90.9104019999999906
20
-48.7950349999999986
11
90.8357979999999969
21
-48.6923499999999976
0
LINE
8
BLACK
6
CONTINUOUS
10
90.8357979999999969
20
-48.6923499999999976
11
90.8357939999999928
21
-48.692344999999996
0
LINE
8
BLACK
6
CONTINUOUS
10
90.8357939999999928
20
-48.692344999999996
11
90.6576539999999937
21
-48.5142049999999969
0
LINE
8
BLACK
6
CONTINUOUS
10
90.6576539999999937
20
-48.5142049999999969
11
90.6576489999999922
21
-48.5142009999999999
0
LINE
8
BLACK
6
CONTINUOUS
10
90.6576489999999922
20
-48.5142009999999999
11
90.4538479999999936
21
-48.3661320000000003
0
LINE
8
BLACK
6
CONTINUOUS
10
90.4538479999999936
20
-48.3661320000000003
11
90.4538469999999961
21
-48.3661309999999958
0
LINE
8
BLACK
6
CONTINUOUS
10
90.4538469999999961
20
-48.3661309999999958
11
90.4538450000000012
21
-48.3661299999999983
0
LINE
8
BLACK
6
CONTINUOUS
10
90.4538450000000012
20
-48.3661299999999983
11
90.2293789999999944
21
-48.2517589999999998
0
LINE
8
BLACK
6
CONTINUOUS
10
90.2293789999999944
20
-48.2517589999999998
11
90.0926809999999989
21
-48.2073429999999945
0
LINE
8
BLACK
6
CONTINUOUS
10
90.0926809999999989
20
-48.2073429999999945
11
89.9897830000000027
21
-48.1739089999999948
0
LINE
8
BLACK
6
CONTINUOUS
10
89.9897830000000027
20
-48.1739089999999948
11
89.9146889999999956
21
-48.1620149999999967
0
LINE
8
BLACK
6
CONTINUOUS
10
89.9146889999999956
20
-48.1620149999999967
11
89.8515549999999905
21
-48.1320849999999965
0
LINE
8
BLACK
6
CONTINUOUS
10
89.8515549999999905
20
-48.1320849999999965
11
89.8464079999999967
21
-48.1272230000000008
0
LINE
8
BLACK
6
CONTINUOUS
10
89.8464079999999967
20
-48.1272230000000008
11
85.6735189999999989
21
-43.9543339999999958
0
LINE
8
BLACK
6
CONTINUOUS
10
85.6735189999999989
20
-43.9543339999999958
11
85.640034
21
-43.8930110000000013
0
LINE
8
BLACK
6
CONTINUOUS
10
85.640034
20
-43.8930110000000013
11
85.6371999999999929
21
-43.8666529999999995
0
LINE
8
BLACK
6
CONTINUOUS
10
85.6371999999999929
20
-43.8666529999999995
11
85.6371999999999929
21
-34.2160480000000007
0
LINE
8
BLACK
6
CONTINUOUS
10
85.6371999999999929
20
-34.2160480000000007
11
85.6287939999999992
21
-34.1629760000000005
0
LINE
8
BLACK
6
CONTINUOUS
10
85.6287939999999992
20
-34.1629760000000005
11
85.6051769999999976
21
-34.0138679999999951
0
LINE
8
BLACK
6
CONTINUOUS
10
85.6051769999999976
20
-34.0138679999999951
11
85.6051769999999976
21
-34.0138649999999956
0
LINE
8
BLACK
6
CONTINUOUS
10
85.6051769999999976
20
-34.0138649999999956
11
85.5419199999999904
21
-33.8191819999999979
0
LINE
8
BLACK
6
CONTINUOUS
10
85.5419199999999904
20
-33.8191819999999979
11
85.5419199999999904
21
-33.8191810000000004
0
LINE
8
BLACK
6
CONTINUOUS
10
85.5419199999999904
20
-33.8191810000000004
11
85.4531939999999963
21
-33.6450460000000007
0
LINE
8
BLACK
6
CONTINUOUS
10
85.4531939999999963
20
-33.6450460000000007
11
85.4489870000000025
21
-33.6367890000000003
0
LINE
8
BLACK
6
CONTINUOUS
10
85.4489870000000025
20
-33.6367890000000003
11
85.3286659999999983
21
-33.4711810000000014
0
LINE
8
BLACK
6
CONTINUOUS
10
85.3286659999999983
20
-33.4711810000000014
11
82.8296660000000031
21
-30.9721809999999991
0
LINE
8
BLACK
6
CONTINUOUS
10
82.8296660000000031
20
-30.9721809999999991
11
82.79618099999999
21
-30.9108579999999975
0
LINE
8
BLACK
6
CONTINUOUS
10
82.79618099999999
20
-30.9108579999999975
11
82.8011649999999975
21
-30.8411659999999976
0
LINE
8
BLACK
6
CONTINUOUS
10
82.8011649999999975
20
-30.8411659999999976
11
82.8430369999999954
21
-30.7852329999999981
0
LINE
8
BLACK
6
CONTINUOUS
10
82.8430369999999954
20
-30.7852329999999981
11
82.9085010000000011
21
-30.7608159999999984
0
LINE
8
BLACK
6
CONTINUOUS
10
82.9085010000000011
20
-30.7608159999999984
11
82.9173469999999924
21
-30.7604999999999968
0
LINE
8
BLACK
6
CONTINUOUS
10
82.9173469999999924
20
-30.7604999999999968
11
90.1554529999999943
21
-30.7604999999999968
0
LINE
8
BLACK
6
CONTINUOUS
10
90.1554529999999943
20
-30.7604999999999968
11
90.2224920000000026
21
-30.7801849999999995
0
LINE
8
BLACK
6
CONTINUOUS
10
90.2224920000000026
20
-30.7801849999999995
11
90.2431339999999977
21
-30.7968189999999993
0
LINE
8
BLACK
6
CONTINUOUS
10
90.2431339999999977
20
-30.7968189999999993
11
91.6791339999999906
21
-32.2328189999999992
0
LINE
8
BLACK
6
CONTINUOUS
10
91.6791339999999906
20
-32.2328189999999992
11
91.7126189999999895
21
-32.2941420000000008
0
LINE
8
BLACK
6
CONTINUOUS
10
91.7126189999999895
20
-32.2941420000000008
11
91.7076349999999962
21
-32.3638339999999971
0
LINE
8
BLACK
6
CONTINUOUS
10
91.7076349999999962
20
-32.3638339999999971
11
91.6657629999999983
21
-32.4197670000000002
0
LINE
8
BLACK
6
CONTINUOUS
10
91.6657629999999983
20
-32.4197670000000002
11
91.6002989999999926
21
-32.4441839999999999
0
LINE
8
BLACK
6
CONTINUOUS
10
91.6002989999999926
20
-32.4441839999999999
11
91.5914530000000013
21
-32.4444999999999979
0
LINE
8
BLACK
6
CONTINUOUS
10
91.5914530000000013
20
-32.4444999999999979
11
90.6133919999999904
21
-32.4444999999999979
0
LINE
8
BLACK
6
CONTINUOUS
10
90.6133919999999904
20
-32.4444999999999979
11
90.5830550000000017
21
-32.4474879999999999
0
LINE
8
BLACK
6
CONTINUOUS
10
90.5830550000000017
20
-32.4474879999999999
11
90.4590669999999903
21
-32.4596990000000005
0
LINE
8
BLACK
6
CONTINUOUS
10
90.4590669999999903
20
-32.4596990000000005
11
90.2610430000000008
21
-32.5197689999999966
0
LINE
8
BLACK
6
CONTINUOUS
10
90.2610430000000008
20
-32.5197689999999966
11
90.1824869999999947
21
-32.561758999999995
0
LINE
8
BLACK
6
CONTINUOUS
10
90.1824869999999947
20
-32.561758999999995
11
90.0785499999999928
21
-32.6173149999999978
0
LINE
8
BLACK
6
CONTINUOUS
10
90.0785499999999928
20
-32.6173149999999978
11
90.0785479999999978
21
-32.6173159999999953
0
LINE
8
BLACK
6
CONTINUOUS
10
90.0785479999999978
20
-32.6173159999999953
11
90.0785470000000004
21
-32.6173169999999999
0
LINE
8
BLACK
6
CONTINUOUS
10
90.0785470000000004
20
-32.6173169999999999
11
89.9185889999999972
21
-32.7485889999999955
0
LINE
8
BLACK
6
CONTINUOUS
10
89.9185889999999972
20
-32.7485889999999955
11
89.7873170000000016
21
-32.9085469999999987
0
LINE
8
BLACK
6
CONTINUOUS
10
89.7873170000000016
20
-32.9085469999999987
11
89.7873149999999924
21
-32.9085499999999982
0
LINE
8
BLACK
6
CONTINUOUS
10
89.7873149999999924
20
-32.9085499999999982
11
89.766885000000002
21
-32.9467719999999957
0
LINE
8
BLACK
6
CONTINUOUS
10
89.766885000000002
20
-32.9467719999999957
11
89.6897689999999983
21
-33.0910429999999991
0
LINE
8
BLACK
6
CONTINUOUS
10
89.6897689999999983
20
-33.0910429999999991
11
89.6897680000000008
21
-33.0910450000000012
0
LINE
8
BLACK
6
CONTINUOUS
10
89.6897680000000008
20
-33.0910450000000012
11
89.6897680000000008
21
-33.0910459999999986
0
LINE
8
BLACK
6
CONTINUOUS
10
89.6897680000000008
20
-33.0910459999999986
11
89.6296999999999997
21
-33.2890659999999983
0
LINE
8
BLACK
6
CONTINUOUS
10
89.6296999999999997
20
-33.2890659999999983
11
89.6144999999999925
21
-33.4433919999999958
0
LINE
8
BLACK
6
CONTINUOUS
10
89.6144999999999925
20
-33.4433919999999958
11
89.6144999999999925
21
-34.6466080000000005
0
LINE
8
BLACK
6
CONTINUOUS
10
89.6144999999999925
20
-34.6466080000000005
11
89.6195019999999971
21
-34.6973979999999997
0
LINE
8
BLACK
6
CONTINUOUS
10
89.6195019999999971
20
-34.6973979999999997
11
89.6296990000000022
21
-34.800931999999996
0
LINE
8
BLACK
6
CONTINUOUS
10
89.6296990000000022
20
-34.800931999999996
11
89.6296999999999997
21
-34.800933999999998
0
LINE
8
BLACK
6
CONTINUOUS
10
89.6296999999999997
20
-34.800933999999998
11
89.6897680000000008
21
-34.9989539999999977
0
LINE
8
BLACK
6
CONTINUOUS
10
89.6897680000000008
20
-34.9989539999999977
11
89.7873149999999924
21
-35.1814499999999981
0
LINE
8
BLACK
6
CONTINUOUS
10
89.7873149999999924
20
-35.1814499999999981
11
89.8565329999999989
21
-35.2657929999999951
0
LINE
8
BLACK
6
CONTINUOUS
10
89.8565329999999989
20
-35.2657929999999951
11
89.9185899999999947
21
-35.3414099999999962
0
LINE
8
BLACK
6
CONTINUOUS
10
89.9185899999999947
20
-35.3414099999999962
11
89.9670490000000029
21
-35.3811800000000005
0
LINE
8
BLACK
6
CONTINUOUS
10
89.9670490000000029
20
-35.3811800000000005
11
90.0063829999999996
21
-35.438925999999995
0
LINE
8
BLACK
6
CONTINUOUS
10
90.0063829999999996
20
-35.438925999999995
11
90.0082539999999938
21
-35.5087699999999984
0
LINE
8
BLACK
6
CONTINUOUS
10
90.0082539999999938
20
-35.5087699999999984
11
89.988703000000001
21
-35.5499179999999981
0
LINE
8
BLACK
6
CONTINUOUS
10
89.988703000000001
20
-35.5499179999999981
11
89.8461289999999906
21
-35.7461550000000017
0
LINE
8
BLACK
6
CONTINUOUS
10
89.8461289999999906
20
-35.7461550000000017
11
89.7317599999999942
21
-35.9706159999999997
0
LINE
8
BLACK
6
CONTINUOUS
10
89.7317599999999942
20
-35.9706159999999997
11
89.6539099999999962
21
-36.2102140000000006
0
LINE
8
BLACK
6
CONTINUOUS
10
89.6539099999999962
20
-36.2102140000000006
11
89.6144999999999925
21
-36.4590379999999996
0
LINE
8
BLACK
6
CONTINUOUS
10
89.6144999999999925
20
-36.4590379999999996
11
89.6144999999999925
21
-36.7109609999999975
0
LINE
8
BLACK
6
CONTINUOUS
10
89.6144999999999925
20
-36.7109609999999975
11
89.6539099999999962
21
-36.9597849999999966
0
LINE
8
BLACK
6
CONTINUOUS
10
89.6539099999999962
20
-36.9597849999999966
11
89.7317599999999942
21
-37.1993829999999974
0
LINE
8
BLACK
6
CONTINUOUS
10
89.7317599999999942
20
-37.1993829999999974
11
89.8461319999999972
21
-37.4238479999999996
0
LINE
8
BLACK
6
CONTINUOUS
10
89.8461319999999972
20
-37.4238479999999996
11
89.9942009999999897
21
-37.6276489999999981
0
LINE
8
BLACK
6
CONTINUOUS
10
89.9942009999999897
20
-37.6276489999999981
11
89.9942049999999938
21
-37.6276539999999997
0
LINE
8
BLACK
6
CONTINUOUS
10
89.9942049999999938
20
-37.6276539999999997
11
90.1338700000000017
21
-37.7673190000000005
0
LINE
8
BLACK
6
CONTINUOUS
10
90.1338700000000017
20
-37.7673190000000005
11
90.1673550000000006
21
-37.828641999999995
0
LINE
8
BLACK
6
CONTINUOUS
10
90.1673550000000006
20
-37.828641999999995
11
90.1623709999999932
21
-37.8983339999999984
0
LINE
8
BLACK
6
CONTINUOUS
10
90.1623709999999932
20
-37.8983339999999984
11
90.1338700000000017
21
-37.9426810000000003
0
LINE
8
BLACK
6
CONTINUOUS
10
90.1338700000000017
20
-37.9426810000000003
11
89.9942049999999938
21
-38.0823449999999966
0
LINE
8
BLACK
6
CONTINUOUS
10
89.9942049999999938
20
-38.0823449999999966
11
89.9942009999999897
21
-38.0823499999999981
0
LINE
8
BLACK
6
CONTINUOUS
10
89.9942009999999897
20
-38.0823499999999981
11
89.8461319999999972
21
-38.2861509999999967
0
LINE
8
BLACK
6
CONTINUOUS
10
89.8461319999999972
20
-38.2861509999999967
11
89.7317599999999942
21
-38.5106159999999988
0
LINE
8
BLACK
6
CONTINUOUS
10
89.7317599999999942
20
-38.5106159999999988
11
89.6539099999999962
21
-38.7502139999999997
0
LINE
8
BLACK
6
CONTINUOUS
10
89.6539099999999962
20
-38.7502139999999997
11
89.6144999999999925
21
-38.9990379999999988
0
LINE
8
BLACK
6
CONTINUOUS
10
89.6144999999999925
20
-38.9990379999999988
11
89.6144999999999925
21
-39.2509609999999967
0
LINE
8
BLACK
6
CONTINUOUS
10
89.6144999999999925
20
-39.2509609999999967
11
89.6539099999999962
21
-39.4997849999999957
0
LINE
8
BLACK
6
CONTINUOUS
10
89.6539099999999962
20
-39.4997849999999957
11
89.7317599999999942
21
-39.7393829999999966
0
LINE
8
BLACK
6
CONTINUOUS
10
89.7317599999999942
20
-39.7393829999999966
11
89.803221999999991
21
-39.8796329999999983
0
LINE
8
BLACK
6
CONTINUOUS
10
89.803221999999991
20
-39.8796329999999983
11
89.8175319999999999
21
-39.9077190000000002
0
LINE
8
BLACK
6
CONTINUOUS
10
89.8175319999999999
20
-39.9077190000000002
11
89.8461319999999972
21
-39.9638479999999987
0
LINE
8
BLACK
6
CONTINUOUS
10
89.8461319999999972
20
-39.9638479999999987
11
89.9942009999999897
21
-40.1676489999999973
0
LINE
8
BLACK
6
CONTINUOUS
10
89.9942009999999897
20
-40.1676489999999973
11
89.9942049999999938
21
-40.1676539999999989
0
LINE
8
BLACK
6
CONTINUOUS
10
89.9942049999999938
20
-40.1676539999999989
11
90.1338700000000017
21
-40.3073189999999997
0
LINE
8
BLACK
6
CONTINUOUS
10
90.1338700000000017
20
-40.3073189999999997
11
90.1673550000000006
21
-40.3686420000000012
0
LINE
8
BLACK
6
CONTINUOUS
10
90.1673550000000006
20
-40.3686420000000012
11
90.1623709999999932
21
-40.4383339999999976
0
LINE
8
BLACK
6
CONTINUOUS
10
90.1623709999999932
20
-40.4383339999999976
11
90.1338700000000017
21
-40.4826809999999995
0
LINE
8
BLACK
6
CONTINUOUS
10
90.1338700000000017
20
-40.4826809999999995
11
89.9942049999999938
21
-40.6223449999999957
0
LINE
8
BLACK
6
CONTINUOUS
10
89.9942049999999938
20
-40.6223449999999957
11
89.9942009999999897
21
-40.6223499999999973
0
LINE
8
BLACK
6
CONTINUOUS
10
89.9942009999999897
20
-40.6223499999999973
11
89.8461319999999972
21
-40.8261509999999959
0
LINE
8
BLACK
6
CONTINUOUS
10
89.8461319999999972
20
-40.8261509999999959
11
89.7317599999999942
21
-41.050615999999998
0
LINE
8
BLACK
6
CONTINUOUS
10
89.7317599999999942
20
-41.050615999999998
11
89.6539099999999962
21
-41.2902139999999989
0
LINE
8
BLACK
6
CONTINUOUS
10
89.6539099999999962
20
-41.2902139999999989
11
89.6144999999999925
21
-41.5390379999999979
0
LINE
8
BLACK
6
CONTINUOUS
10
89.6144999999999925
20
-41.5390379999999979
11
89.6144999999999925
21
-41.7909609999999958
0
LINE
8
BLACK
6
CONTINUOUS
10
89.6144999999999925
20
-41.7909609999999958
11
89.6539099999999962
21
-42.0397849999999949
0
LINE
8
BLACK
6
CONTINUOUS
10
89.6539099999999962
20
-42.0397849999999949
11
89.7317599999999942
21
-42.2793829999999957
0
LINE
8
BLACK
6
CONTINUOUS
10
89.7317599999999942
20
-42.2793829999999957
11
89.8461319999999972
21
-42.5038479999999979
0
LINE
8
BLACK
6
CONTINUOUS
10
89.8461319999999972
20
-42.5038479999999979
11
89.9942009999999897
21
-42.7076489999999964
0
LINE
8
BLACK
6
CONTINUOUS
10
89.9942009999999897
20
-42.7076489999999964
11
89.9942049999999938
21
-42.707653999999998
0
LINE
8
BLACK
6
CONTINUOUS
10
89.9942049999999938
20
-42.707653999999998
11
90.1723449999999929
21
-42.8857939999999971
0
LINE
8
BLACK
6
CONTINUOUS
10
90.1723449999999929
20
-42.8857939999999971
11
90.1723499999999945
21
-42.8857980000000012
0
LINE
8
BLACK
6
CONTINUOUS
10
90.1723499999999945
20
-42.8857980000000012
11
90.3146469999999937
21
-42.9891819999999996
0
LINE
8
BLACK
6
CONTINUOUS
10
90.3146469999999937
20
-42.9891819999999996
11
90.3761549999999971
21
-43.0338700000000003
0
LINE
8
BLACK
6
CONTINUOUS
10
90.3761549999999971
20
-43.0338700000000003
11
90.4771140000000003
21
-43.0853109999999973
0
LINE
8
BLACK
6
CONTINUOUS
10
90.4771140000000003
20
-43.0853109999999973
11
90.6006160000000023
21
-43.1482389999999967
0
LINE
8
BLACK
6
CONTINUOUS
10
90.6006160000000023
20
-43.1482389999999967
11
90.6006179999999972
21
-43.1482389999999967
0
LINE
8
BLACK
6
CONTINUOUS
10
90.6006179999999972
20
-43.1482389999999967
11
90.6006209999999896
21
-43.1482409999999987
0
LINE
8
BLACK
6
CONTINUOUS
10
90.6006209999999896
20
-43.1482409999999987
11
90.8402150000000006
21
-43.2260899999999992
0
LINE
8
BLACK
6
CONTINUOUS
10
90.8402150000000006
20
-43.2260899999999992
11
91.0890380000000022
21
-43.2654999999999959
0
LINE
8
BLACK
6
CONTINUOUS
10
91.0890380000000022
20
-43.2654999999999959
11
91.0890389999999996
21
-43.2654999999999959
0
LINE
8
BLACK
6
CONTINUOUS
10
91.0890389999999996
20
-43.2654999999999959
11
92.1409609999999901
21
-43.2654999999999959
0
LINE
8
BLACK
6
CONTINUOUS
10
92.1409609999999901
20
-43.2654999999999959
11
92.1409620000000018
21
-43.2654999999999959
0
LINE
8
BLACK
6
CONTINUOUS
10
92.1409620000000018
20
-43.2654999999999959
11
92.3897849999999892
21
-43.2260899999999992
0
LINE
8
BLACK
6
CONTINUOUS
10
92.3897849999999892
20
-43.2260899999999992
11
92.6293790000000001
21
-43.1482409999999987
0
LINE
8
BLACK
6
CONTINUOUS
10
92.6293790000000001
20
-43.1482409999999987
11
92.8538449999999926
21
-43.0338700000000003
0
LINE
8
BLACK
6
CONTINUOUS
10
92.8538449999999926
20
-43.0338700000000003
11
92.9153529999999961
21
-42.989180999999995
0
LINE
8
BLACK
6
CONTINUOUS
10
92.9153529999999961
20
-42.989180999999995
11
92.9811579999999935
21
-42.9657020000000003
0
LINE
8
BLACK
6
CONTINUOUS
10
92.9811579999999935
20
-42.9657020000000003
11
92.9882379999999955
21
-42.9654999999999987
0
LINE
8
BLACK
6
CONTINUOUS
10
92.9882379999999955
20
-42.9654999999999987
11
93.526652999999996
21
-42.9654999999999987
0
LINE
8
BLACK
6
CONTINUOUS
10
93.526652999999996
20
-42.9654999999999987
11
93.5936919999999901
21
-42.9851850000000013
0
LINE
8
BLACK
6
CONTINUOUS
10
93.5936919999999901
20
-42.9851850000000013
11
93.6143339999999995
21
-43.0018189999999976
0
LINE
8
BLACK
6
CONTINUOUS
10
93.6143339999999995
20
-43.0018189999999976
11
95.1319369999999935
21
-44.5194219999999987
0
LINE
8
BLACK
6
CONTINUOUS
10
95.1319369999999935
20
-44.5194219999999987
11
95.1654219999999924
21
-44.5807450000000003
0
LINE
8
BLACK
6
CONTINUOUS
10
95.1654219999999924
20
-44.5807450000000003
11
95.1604379999999992
21
-44.6504369999999966
0
LINE
8
BLACK
6
CONTINUOUS
10
95.1604379999999992
20
-44.6504369999999966
11
95.1185660000000013
21
-44.7063699999999997
0
LINE
8
BLACK
6
CONTINUOUS
10
95.1185660000000013
20
-44.7063699999999997
11
95.0531019999999955
21
-44.7307869999999994
0
LINE
8
BLACK
6
CONTINUOUS
10
95.0531019999999955
20
-44.7307869999999994
11
95.0442559999999901
21
-44.7311029999999974
0
LINE
8
BLACK
6
CONTINUOUS
10
95.0442559999999901
20
-44.7311029999999974
11
91.2892019999999889
21
-44.7311029999999974
0
LINE
8
BLACK
6
CONTINUOUS
10
91.2892019999999889
20
-44.7311029999999974
11
91.2892019999999889
21
-48.1466549999999955
0
LINE
8
BLACK
6
CONTINUOUS
10
91.2892019999999889
20
-48.1466549999999955
11
95.4876419999999939
21
-48.1466549999999955
0
LINE
8
BLACK
6
CONTINUOUS
10
95.4876419999999939
20
-48.1466549999999955
11
95.4876419999999939
21
-45.1744890000000012
0
LINE
8
BLACK
6
CONTINUOUS
10
95.4876419999999939
20
-45.1744890000000012
11
95.5073269999999894
21
-45.10745
0
LINE
8
BLACK
6
CONTINUOUS
10
95.5073269999999894
20
-45.10745
11
95.5601309999999984
21
-45.0616950000000003
0
LINE
8
BLACK
6
CONTINUOUS
10
95.5601309999999984
20
-45.0616950000000003
11
95.629289
21
-45.0517509999999959
0
LINE
8
BLACK
6
CONTINUOUS
10
95.629289
20
-45.0517509999999959
11
95.6928449999999913
21
-45.0807760000000002
0
LINE
8
BLACK
6
CONTINUOUS
10
95.6928449999999913
20
-45.0807760000000002
11
95.6993229999999926
21
-45.0868079999999978
0
LINE
8
BLACK
6
CONTINUOUS
10
95.6993229999999926
20
-45.0868079999999978
11
95.8981809999999939
21
-45.2856659999999991
0
LINE
8
BLACK
6
CONTINUOUS
10
95.8981809999999939
20
-45.2856659999999991
11
95.9316659999999928
21
-45.3469890000000007
0
LINE
8
BLACK
6
CONTINUOUS
10
95.9316659999999928
20
-45.3469890000000007
11
95.9344999999999999
21
-45.3733469999999954
0
LINE
8
BLACK
6
CONTINUOUS
10
95.9344999999999999
20
-45.3733469999999954
11
95.9344999999999999
21
-48.7617609999999999
0
LINE
8
BLACK
6
CONTINUOUS
10
95.9344999999999999
20
-48.7617609999999999
11
95.9148149999999902
21
-48.8288000000000011
0
LINE
8
BLACK
6
CONTINUOUS
10
95.9148149999999902
20
-48.8288000000000011
11
95.9108179999999919
21
-48.8346459999999993
0
LINE
8
BLACK
6
CONTINUOUS
10
95.9108179999999919
20
-48.8346459999999993
11
95.8661319999999932
21
-48.8961509999999961
0
LINE
8
BLACK
6
CONTINUOUS
10
95.8661319999999932
20
-48.8961509999999961
11
95.7517599999999902
21
-49.1206159999999983
0
LINE
8
BLACK
6
CONTINUOUS
10
95.7517599999999902
20
-49.1206159999999983
11
95.6739099999999922
21
-49.3602139999999991
0
LINE
8
BLACK
6
CONTINUOUS
10
95.6739099999999922
20
-49.3602139999999991
11
95.6345000000000027
21
-49.6090379999999982
0
LINE
8
BLACK
6
CONTINUOUS
10
95.6345000000000027
20
-49.6090379999999982
11
95.6345000000000027
21
-49.8609609999999961
0
LINE
8
BLACK
6
CONTINUOUS
10
95.6345000000000027
20
-49.8609609999999961
11
95.6739099999999922
21
-50.1097849999999951
0
LINE
8
BLACK
6
CONTINUOUS
10
95.6739099999999922
20
-50.1097849999999951
11
95.7517599999999902
21
-50.349382999999996
0
LINE
8
BLACK
6
CONTINUOUS
10
95.7517599999999902
20
-50.349382999999996
11
95.8661319999999932
21
-50.5738479999999981
0
LINE
8
BLACK
6
CONTINUOUS
10
95.8661319999999932
20
-50.5738479999999981
11
96.0142009999999999
21
-50.7776489999999967
0
LINE
8
BLACK
6
CONTINUOUS
10
96.0142009999999999
20
-50.7776489999999967
11
96.0142049999999898
21
-50.7776539999999983
0
LINE
8
BLACK
6
CONTINUOUS
10
96.0142049999999898
20
-50.7776539999999983
11
96.1923429999999939
21
-50.9557919999999953
0
LINE
8
BLACK
6
CONTINUOUS
10
96.1923429999999939
20
-50.9557919999999953
11
96.1923499999999905
21
-50.9557979999999944
0
LINE
8
BLACK
6
CONTINUOUS
10
96.1923499999999905
20
-50.9557979999999944
11
96.3346469999999897
21
-51.0591819999999998
0
LINE
8
BLACK
6
CONTINUOUS
10
96.3346469999999897
20
-51.0591819999999998
11
96.3961549999999932
21
-51.1038700000000006
0
LINE
8
BLACK
6
CONTINUOUS
10
96.3961549999999932
20
-51.1038700000000006
11
96.5391839999999917
21
-51.1767469999999989
0
LINE
8
BLACK
6
CONTINUOUS
10
96.5391839999999917
20
-51.1767469999999989
11
96.6206159999999983
21
-51.218238999999997
0
LINE
8
BLACK
6
CONTINUOUS
10
96.6206159999999983
20
-51.218238999999997
11
96.6206179999999932
21
-51.218238999999997
0
LINE
8
BLACK
6
CONTINUOUS
10
96.6206179999999932
20
-51.218238999999997
11
96.6206209999999999
21
-51.218240999999999
0
LINE
8
BLACK
6
CONTINUOUS
10
96.6206209999999999
20
-51.218240999999999
11
96.8602149999999966
21
-51.2960899999999995
0
LINE
8
BLACK
6
CONTINUOUS
10
96.8602149999999966
20
-51.2960899999999995
11
97.1090379999999982
21
-51.3354999999999961
0
LINE
8
BLACK
6
CONTINUOUS
10
97.1090379999999982
20
-51.3354999999999961
11
97.1090389999999957
21
-51.3354999999999961
0
LINE
8
BLACK
6
CONTINUOUS
10
97.1090389999999957
20
-51.3354999999999961
11
97.360960999999989
21
-51.3354999999999961
0
LINE
8
BLACK
6
CONTINUOUS
10
97.360960999999989
20
-51.3354999999999961
11
97.3609620000000007
21
-51.3354999999999961
0
LINE
8
BLACK
6
CONTINUOUS
10
97.3609620000000007
20
-51.3354999999999961
11
97.6097850000000022
21
-51.2960899999999995
0
LINE
8
BLACK
6
CONTINUOUS
10
97.6097850000000022
20
-51.2960899999999995
11
97.849378999999999
21
-51.218240999999999
0
LINE
8
BLACK
6
CONTINUOUS
10
97.849378999999999
20
-51.218240999999999
11
98.0738449999999915
21
-51.1038700000000006
0
LINE
8
BLACK
6
CONTINUOUS
10
98.0738449999999915
20
-51.1038700000000006
11
98.1353529999999949
21
-51.0591809999999953
0
LINE
8
BLACK
6
CONTINUOUS
10
98.1353529999999949
20
-51.0591809999999953
11
98.2011579999999924
21
-51.0357020000000006
0
LINE
8
BLACK
6
CONTINUOUS
10
98.2011579999999924
20
-51.0357020000000006
11
98.2082379999999944
21
-51.035499999999999
0
LINE
8
BLACK
6
CONTINUOUS
10
98.2082379999999944
20
-51.035499999999999
11
105.8906530000000004
21
-51.035499999999999
0
LINE
8
BLACK
6
CONTINUOUS
10
105.8906530000000004
20
-51.035499999999999
11
105.9576919999999944
21
-51.0551849999999945
0
LINE
8
BLACK
6
CONTINUOUS
10
105.9576919999999944
20
-51.0551849999999945
11
106.0034469999999942
21
-51.1079889999999963
0
LINE
8
BLACK
6
CONTINUOUS
10
106.0034469999999942
20
-51.1079889999999963
11
106.0133909999999986
21
-51.1771469999999979
0
LINE
8
BLACK
6
CONTINUOUS
10
106.0133909999999986
20
-51.1771469999999979
11
105.9843659999999943
21
-51.2407029999999963
0
LINE
8
BLACK
6
CONTINUOUS
10
105.9843659999999943
20
-51.2407029999999963
11
105.9783339999999896
21
-51.2471809999999977
0
LINE
8
BLACK
6
CONTINUOUS
10
105.9783339999999896
20
-51.2471809999999977
11
100.7773339999999962
21
-56.4481809999999982
0
LINE
8
BLACK
6
CONTINUOUS
10
100.7773339999999962
20
-56.4481809999999982
11
100.7160109999999946
21
-56.481665999999997
0
LINE
8
BLACK
6
CONTINUOUS
10
100.7160109999999946
20
-56.481665999999997
11
100.6896529999999927
21
-56.484499999999997
0
LINE
8
BLACK
6
CONTINUOUS
10
100.6896529999999927
20
-56.484499999999997
11
80.4382379999999984
21
-56.484499999999997
0
LINE
8
BLACK
6
CONTINUOUS
10
80.4382379999999984
20
-56.484499999999997
11
80.3711989999999901
21
-56.4648149999999944
0
LINE
8
BLACK
6
CONTINUOUS
10
80.3711989999999901
20
-56.4648149999999944
11
80.3653619999999904
21
-56.4608239999999952
0
LINE
8
BLACK
6
CONTINUOUS
10
80.3653619999999904
20
-56.4608239999999952
11
80.3038449999999955
21
-56.4161299999999954
0
LINE
8
BLACK
6
CONTINUOUS
10
80.3038449999999955
20
-56.4161299999999954
11
80.0793829999999929
21
-56.3017599999999945
0
LINE
8
BLACK
6
CONTINUOUS
10
80.0793829999999929
20
-56.3017599999999945
11
79.839784999999992
21
-56.2239099999999965
0
LINE
8
BLACK
6
CONTINUOUS
10
79.839784999999992
20
-56.2239099999999965
11
79.5909619999999904
21
-56.1844999999999999
0
LINE
8
BLACK
6
CONTINUOUS
10
79.5909619999999904
20
-56.1844999999999999
11
79.3390380000000022
21
-56.1844999999999999
0
LINE
8
BLACK
6
CONTINUOUS
10
79.3390380000000022
20
-56.1844999999999999
11
79.2146259999999955
21
-56.2042049999999946
0
LINE
8
BLACK
6
CONTINUOUS
10
79.2146259999999955
20
-56.2042049999999946
11
79.0902140000000031
21
-56.2239099999999965
0
LINE
8
BLACK
6
CONTINUOUS
10
79.0902140000000031
20
-56.2239099999999965
11
78.8506160000000023
21
-56.3017599999999945
0
LINE
8
BLACK
6
CONTINUOUS
10
78.8506160000000023
20
-56.3017599999999945
11
78.626150999999993
21
-56.4161319999999975
0
LINE
8
BLACK
6
CONTINUOUS
10
78.626150999999993
20
-56.4161319999999975
11
78.4223499999999945
21
-56.5642009999999971
0
LINE
8
BLACK
6
CONTINUOUS
10
78.4223499999999945
20
-56.5642009999999971
11
78.4223449999999929
21
-56.5642049999999941
0
LINE
8
BLACK
6
CONTINUOUS
10
78.4223449999999929
20
-56.5642049999999941
11
78.2442049999999938
21
-56.7423450000000003
0
LINE
8
BLACK
6
CONTINUOUS
10
78.2442049999999938
20
-56.7423450000000003
11
78.2442009999999897
21
-56.7423499999999947
0
LINE
8
BLACK
6
CONTINUOUS
10
78.2442009999999897
20
-56.7423499999999947
11
78.0961319999999972
21
-56.9461510000000004
0
LINE
8
BLACK
6
CONTINUOUS
10
78.0961319999999972
20
-56.9461510000000004
11
77.9817599999999942
21
-57.1706159999999954
0
LINE
8
BLACK
6
CONTINUOUS
10
77.9817599999999942
20
-57.1706159999999954
11
77.9039099999999962
21
-57.4102139999999963
0
LINE
8
BLACK
6
CONTINUOUS
10
77.9039099999999962
20
-57.4102139999999963
11
77.8644999999999925
21
-57.6590379999999953
0
LINE
8
BLACK
6
CONTINUOUS
10
77.8644999999999925
20
-57.6590379999999953
11
77.8644999999999925
21
-57.9109610000000004
0
LINE
8
BLACK
6
CONTINUOUS
10
77.8644999999999925
20
-57.9109610000000004
11
77.9039099999999962
21
-58.1597849999999994
0
LINE
8
BLACK
6
CONTINUOUS
10
77.9039099999999962
20
-58.1597849999999994
11
77.9817599999999942
21
-58.3993830000000003
0
LINE
8
BLACK
6
CONTINUOUS
10
77.9817599999999942
20
-58.3993830000000003
11
78.0270539999999926
21
-58.488275999999999
0
LINE
8
BLACK
6
CONTINUOUS
10
78.0270539999999926
20
-58.488275999999999
11
78.0839289999999977
21
-58.5998999999999981
0
LINE
8
BLACK
6
CONTINUOUS
10
78.0839289999999977
20
-58.5998999999999981
11
78.0961319999999972
21
-58.6238479999999953
0
LINE
8
BLACK
6
CONTINUOUS
10
78.0961319999999972
20
-58.6238479999999953
11
78.2442009999999897
21
-58.8276489999999939
0
LINE
8
BLACK
6
CONTINUOUS
10
78.2442009999999897
20
-58.8276489999999939
11
78.2442049999999938
21
-58.8276539999999954
0
LINE
8
BLACK
6
CONTINUOUS
10
78.2442049999999938
20
-58.8276539999999954
11
78.4223439999999954
21
-59.0057929999999971
0
LINE
8
BLACK
6
CONTINUOUS
10
78.4223439999999954
20
-59.0057929999999971
11
78.4223499999999945
21
-59.0057979999999986
0
LINE
8
BLACK
6
CONTINUOUS
10
78.4223499999999945
20
-59.0057979999999986
11
78.5646469999999937
21
-59.109181999999997
0
LINE
8
BLACK
6
CONTINUOUS
10
78.5646469999999937
20
-59.109181999999997
11
78.6261549999999971
21
-59.1538699999999977
0
LINE
8
BLACK
6
CONTINUOUS
10
78.6261549999999971
20
-59.1538699999999977
11
78.7691839999999956
21
-59.226746999999996
0
LINE
8
BLACK
6
CONTINUOUS
10
78.7691839999999956
20
-59.226746999999996
11
78.8506160000000023
21
-59.2682389999999941
0
LINE
8
BLACK
6
CONTINUOUS
10
78.8506160000000023
20
-59.2682389999999941
11
78.8506179999999972
21
-59.2682389999999941
0
LINE
8
BLACK
6
CONTINUOUS
10
78.8506179999999972
20
-59.2682389999999941
11
78.8506209999999896
21
-59.2682409999999962
0
LINE
8
BLACK
6
CONTINUOUS
10
78.8506209999999896
20
-59.2682409999999962
11
79.0902150000000006
21
-59.3460899999999967
0
LINE
8
BLACK
6
CONTINUOUS
10
79.0902150000000006
20
-59.3460899999999967
11
79.3390380000000022
21
-59.3855000000000004
0
LINE
8
BLACK
6
CONTINUOUS
10
79.3390380000000022
20
-59.3855000000000004
11
79.3390389999999996
21
-59.3855000000000004
0
LINE
8
BLACK
6
CONTINUOUS
10
79.3390389999999996
20
-59.3855000000000004
11
79.590960999999993
21
-59.3855000000000004
0
LINE
8
BLACK
6
CONTINUOUS
10
79.590960999999993
20
-59.3855000000000004
11
79.5909619999999904
21
-59.3855000000000004
0
LINE
8
BLACK
6
CONTINUOUS
10
79.5909619999999904
20
-59.3855000000000004
11
79.839784999999992
21
-59.3460899999999967
0
LINE
8
BLACK
6
CONTINUOUS
10
79.839784999999992
20
-59.3460899999999967
11
80.079379000000003
21
-59.2682409999999962
0
LINE
8
BLACK
6
CONTINUOUS
10
80.079379000000003
20
-59.2682409999999962
11
80.3038449999999955
21
-59.1538699999999977
0
LINE
8
BLACK
6
CONTINUOUS
10
80.3038449999999955
20
-59.1538699999999977
11
80.3653529999999989
21
-59.1091809999999995
0
LINE
8
BLACK
6
CONTINUOUS
10
80.3653529999999989
20
-59.1091809999999995
11
80.4311579999999964
21
-59.0857019999999977
0
LINE
8
BLACK
6
CONTINUOUS
10
80.4311579999999964
20
-59.0857019999999977
11
80.4382379999999984
21
-59.0854999999999961
0
LINE
8
BLACK
6
CONTINUOUS
10
80.4382379999999984
20
-59.0854999999999961
11
101.3820509999999899
21
-59.0854999999999961
0
LINE
8
BLACK
6
CONTINUOUS
10
101.3820509999999899
20
-59.0854999999999961
11
101.3820520000000016
21
-59.0854999999999961
0
LINE
8
BLACK
6
CONTINUOUS
10
101.3820520000000016
20
-59.0854999999999961
11
101.5842349999999925
21
-59.0534769999999938
0
LINE
8
BLACK
6
CONTINUOUS
10
101.5842349999999925
20
-59.0534769999999938
11
101.7309899999999914
21
-59.0057929999999971
0
LINE
8
BLACK
6
CONTINUOUS
10
101.7309899999999914
20
-59.0057929999999971
11
101.7789190000000019
21
-58.9902200000000008
0
LINE
8
BLACK
6
CONTINUOUS
10
101.7789190000000019
20
-58.9902200000000008
11
101.8701140000000009
21
-58.9437529999999938
0
LINE
8
BLACK
6
CONTINUOUS
10
101.8701140000000009
20
-58.9437529999999938
11
101.9613109999999949
21
-58.8972869999999986
0
LINE
8
BLACK
6
CONTINUOUS
10
101.9613109999999949
20
-58.8972869999999986
11
102.1269190000000009
21
-58.7769659999999945
0
LINE
8
BLACK
6
CONTINUOUS
10
102.1269190000000009
20
-58.7769659999999945
11
125.8536659999999898
21
-35.0502189999999985
0
LINE
8
BLACK
6
CONTINUOUS
10
125.8536659999999898
20
-35.0502189999999985
11
125.9739869999999939
21
-34.8846109999999996
0
LINE
8
BLACK
6
CONTINUOUS
10
125.9739869999999939
20
-34.8846109999999996
11
126.0204529999999892
21
-34.7934139999999985
0
LINE
8
BLACK
6
CONTINUOUS
10
126.0204529999999892
20
-34.7934139999999985
11
126.0669199999999961
21
-34.7022189999999995
0
LINE
8
BLACK
6
CONTINUOUS
10
126.0669199999999961
20
-34.7022189999999995
11
126.1178659999999923
21
-34.5454229999999995
0
LINE
8
BLACK
6
CONTINUOUS
10
126.1178659999999923
20
-34.5454229999999995
11
126.1301769999999891
21
-34.5075349999999972
0
LINE
8
BLACK
6
CONTINUOUS
10
126.1301769999999891
20
-34.5075349999999972
11
126.1621999999999986
21
-34.3053519999999992
0
LINE
8
BLACK
6
CONTINUOUS
10
126.1621999999999986
20
-34.3053519999999992
11
126.1621999999999986
21
-34.1006489999999971
0
LINE
8
BLACK
6
CONTINUOUS
10
126.1621999999999986
20
-34.1006489999999971
11
126.1621999999999986
21
-30.6226479999999981
0
LINE
8
BLACK
6
CONTINUOUS
10
126.1621999999999986
20
-30.6226479999999981
11
126.1316640000000007
21
-30.4298520000000003
0
LINE
8
BLACK
6
CONTINUOUS
10
126.1316640000000007
20
-30.4298520000000003
11
126.1301769999999891
21
-30.4204650000000001
0
LINE
8
BLACK
6
CONTINUOUS
10
126.1301769999999891
20
-30.4204650000000001
11
126.0669180000000011
21
-30.2257759999999998
0
LINE
8
BLACK
6
CONTINUOUS
10
126.0669180000000011
20
-30.2257759999999998
11
126.0332030000000003
21
-30.1596069999999976
0
LINE
8
BLACK
6
CONTINUOUS
10
126.0332030000000003
20
-30.1596069999999976
11
125.9739869999999939
21
-30.0433899999999987
0
LINE
8
BLACK
6
CONTINUOUS
10
125.9739869999999939
20
-30.0433899999999987
11
125.9662560000000013
21
-30.032748999999999
0
LINE
8
BLACK
6
CONTINUOUS
10
125.9662560000000013
20
-30.032748999999999
11
125.8536709999999914
21
-29.8777860000000004
0
LINE
8
BLACK
6
CONTINUOUS
10
125.8536709999999914
20
-29.8777860000000004
11
125.7089129999999955
21
-29.7330279999999973
0
LINE
8
BLACK
6
CONTINUOUS
10
125.7089129999999955
20
-29.7330279999999973
11
125.5433129999999977
21
-29.6127149999999979
0
LINE
8
BLACK
6
CONTINUOUS
10
125.5433129999999977
20
-29.6127149999999979
11
125.5433120000000002
21
-29.6127140000000004
0
LINE
8
BLACK
6
CONTINUOUS
10
125.5433120000000002
20
-29.6127140000000004
11
125.5433099999999911
21
-29.6127129999999994
0
LINE
8
BLACK
6
CONTINUOUS
10
125.5433099999999911
20
-29.6127129999999994
11
125.486352999999994
21
-29.5836909999999982
0
LINE
8
BLACK
6
CONTINUOUS
10
125.486352999999994
20
-29.5836909999999982
11
125.3609229999999997
21
-29.5197809999999983
0
LINE
8
BLACK
6
CONTINUOUS
10
125.3609229999999997
20
-29.5197809999999983
11
125.1662339999999887
21
-29.4565219999999997
0
LINE
8
BLACK
6
CONTINUOUS
10
125.1662339999999887
20
-29.4565219999999997
11
124.9916949999999929
21
-29.4288779999999974
0
LINE
8
BLACK
6
CONTINUOUS
10
124.9916949999999929
20
-29.4288779999999974
11
124.9640519999999952
21
-29.4244999999999983
0
LINE
8
BLACK
6
CONTINUOUS
10
124.9640519999999952
20
-29.4244999999999983
11
124.9640509999999978
21
-29.4244999999999983
0
LINE
8
BLACK
6
CONTINUOUS
10
124.9640509999999978
20
-29.4244999999999983
11
124.2908099999999934
21
-29.4244999999999983
0
LINE
8
BLACK
6
CONTINUOUS
10
124.2908099999999934
20
-29.4244999999999983
11
124.2237709999999993
21
-29.4048149999999993
0
LINE
8
BLACK
6
CONTINUOUS
10
124.2237709999999993
20
-29.4048149999999993
11
124.1938649999999882
21
-29.3778149999999982
0
LINE
8
BLACK
6
CONTINUOUS
10
124.1938649999999882
20
-29.3778149999999982
11
124.1898159999999933
21
-29.3727379999999982
0
LINE
8
BLACK
6
CONTINUOUS
10
124.1898159999999933
20
-29.3727379999999982
11
124.0622619999999898
21
-29.2451839999999983
0
LINE
8
BLACK
6
CONTINUOUS
10
124.0622619999999898
20
-29.2451839999999983
11
123.909520999999998
21
-29.1492100000000001
0
LINE
8
BLACK
6
CONTINUOUS
10
123.909520999999998
20
-29.1492100000000001
11
123.7877329999999887
21
-29.1065949999999987
0
LINE
8
BLACK
6
CONTINUOUS
10
123.7877329999999887
20
-29.1065949999999987
11
123.7309559999999919
21
-29.0658729999999998
0
LINE
8
BLACK
6
CONTINUOUS
10
123.7309559999999919
20
-29.0658729999999998
11
123.7052089999999964
21
-29.0009199999999971
0
LINE
8
BLACK
6
CONTINUOUS
10
123.7052089999999964
20
-29.0009199999999971
11
123.7186650000000014
21
-28.9323589999999982
0
LINE
8
BLACK
6
CONTINUOUS
10
123.7186650000000014
20
-28.9323589999999982
11
123.7670519999999925
21
-28.8819559999999989
0
LINE
8
BLACK
6
CONTINUOUS
10
123.7670519999999925
20
-28.8819559999999989
11
123.828686999999988
21
-28.8655529999999985
0
LINE
8
BLACK
6
CONTINUOUS
10
123.828686999999988
20
-28.8655529999999985
11
124.7369279999999918
21
-28.8655529999999985
0
LINE
8
BLACK
6
CONTINUOUS
10
124.7369279999999918
20
-28.8655529999999985
11
124.7369279999999918
21
-25.4511029999999998
0
LINE
8
BLACK
6
CONTINUOUS
10
124.7369279999999918
20
-25.4511029999999998
11
120.7527739999999881
21
-25.4511029999999998
0
LINE
8
BLACK
6
CONTINUOUS
10
120.7527739999999881
20
-25.4511029999999998
11
120.7527739999999881
21
-28.8655529999999985
0
LINE
8
BLACK
6
CONTINUOUS
10
120.7527739999999881
20
-28.8655529999999985
11
121.5913129999999995
21
-28.8655529999999985
0
LINE
8
BLACK
6
CONTINUOUS
10
121.5913129999999995
20
-28.8655529999999985
11
121.6583519999999936
21
-28.8852379999999975
0
LINE
8
BLACK
6
CONTINUOUS
10
121.6583519999999936
20
-28.8852379999999975
11
121.7041069999999934
21
-28.9380419999999994
0
LINE
8
BLACK
6
CONTINUOUS
10
121.7041069999999934
20
-28.9380419999999994
11
121.7140509999999978
21
-29.0071999999999974
0
LINE
8
BLACK
6
CONTINUOUS
10
121.7140509999999978
20
-29.0071999999999974
11
121.6850259999999935
21
-29.0707559999999994
0
LINE
8
BLACK
6
CONTINUOUS
10
121.6850259999999935
20
-29.0707559999999994
11
121.6322669999999988
21
-29.1065949999999987
0
LINE
8
BLACK
6
CONTINUOUS
10
121.6322669999999988
20
-29.1065949999999987
11
121.510477999999992
21
-29.1492100000000001
0
LINE
8
BLACK
6
CONTINUOUS
10
121.510477999999992
20
-29.1492100000000001
11
121.3577370000000002
21
-29.2451839999999983
0
LINE
8
BLACK
6
CONTINUOUS
10
121.3577370000000002
20
-29.2451839999999983
11
121.2301829999999967
21
-29.3727379999999982
0
LINE
8
BLACK
6
CONTINUOUS
10
121.2301829999999967
20
-29.3727379999999982
11
121.2261349999999993
21
-29.3778149999999982
0
LINE
8
BLACK
6
CONTINUOUS
10
121.2261349999999993
20
-29.3778149999999982
11
121.1689459999999912
21
-29.4179539999999982
0
LINE
8
BLACK
6
CONTINUOUS
10
121.1689459999999912
20
-29.4179539999999982
11
121.1291899999999941
21
-29.4244999999999983
0
LINE
8
BLACK
6
CONTINUOUS
10
121.1291899999999941
20
-29.4244999999999983
11
116.5872519999999923
21
-29.4244999999999983
0
LINE
8
BLACK
6
CONTINUOUS
10
116.5872519999999923
20
-29.4244999999999983
11
116.3825479999999999
21
-29.4244999999999983
0
LINE
8
BLACK
6
CONTINUOUS
10
116.3825479999999999
20
-29.4244999999999983
11
116.335678999999999
21
-29.4319229999999976
0
LINE
8
BLACK
6
CONTINUOUS
10
116.335678999999999
20
-29.4319229999999976
11
116.1803680000000014
21
-29.4565219999999997
0
LINE
8
BLACK
6
CONTINUOUS
10
116.1803680000000014
20
-29.4565219999999997
11
116.1803669999999897
21
-29.4565219999999997
0
LINE
8
BLACK
6
CONTINUOUS
10
116.1803669999999897
20
-29.4565219999999997
11
116.1072459999999893
21
-29.480280999999998
0
LINE
8
BLACK
6
CONTINUOUS
10
116.1072459999999893
20
-29.480280999999998
11
115.9856779999999929
21
-29.5197809999999983
0
LINE
8
BLACK
6
CONTINUOUS
10
115.9856779999999929
20
-29.5197809999999983
11
115.902128999999988
21
-29.5623519999999971
0
LINE
8
BLACK
6
CONTINUOUS
10
115.902128999999988
20
-29.5623519999999971
11
115.8032869999999974
21
-29.6127140000000004
0
LINE
8
BLACK
6
CONTINUOUS
10
115.8032869999999974
20
-29.6127140000000004
11
115.8032839999999908
21
-29.6127159999999989
0
LINE
8
BLACK
6
CONTINUOUS
10
115.8032839999999908
20
-29.6127159999999989
11
115.637677999999994
21
-29.7330359999999985
0
LINE
8
BLACK
6
CONTINUOUS
10
115.637677999999994
20
-29.7330359999999985
11
107.5825339999999954
21
-37.7881810000000016
0
LINE
8
BLACK
6
CONTINUOUS
10
107.5825339999999954
20
-37.7881810000000016
11
107.5212109999999939
21
-37.8216660000000005
0
LINE
8
BLACK
6
CONTINUOUS
10
107.5212109999999939
20
-37.8216660000000005
11
107.494852999999992
21
-37.8245000000000005
0
LINE
8
BLACK
6
CONTINUOUS
10
107.494852999999992
20
-37.8245000000000005
11
102.6248509999999925
21
-37.8245000000000005
0
LINE
8
BLACK
6
CONTINUOUS
10
102.6248509999999925
20
-37.8245000000000005
11
102.5578119999999984
21
-37.8048149999999978
0
LINE
8
BLACK
6
CONTINUOUS
10
102.5578119999999984
20
-37.8048149999999978
11
102.5120569999999987
21
-37.752010999999996
0
LINE
8
BLACK
6
CONTINUOUS
10
102.5120569999999987
20
-37.752010999999996
11
102.5021129999999943
21
-37.6828530000000015
0
LINE
8
BLACK
6
CONTINUOUS
10
102.5021129999999943
20
-37.6828530000000015
11
102.5311379999999986
21
-37.619296999999996
0
LINE
8
BLACK
6
CONTINUOUS
10
102.5311379999999986
20
-37.619296999999996
11
102.5519659999999931
21
-37.6001819999999967
0
LINE
8
BLACK
6
CONTINUOUS
10
102.5519659999999931
20
-37.6001819999999967
11
102.5839129999999955
21
-37.5769710000000003
0
LINE
8
BLACK
6
CONTINUOUS
10
102.5839129999999955
20
-37.5769710000000003
11
102.5839149999999904
21
-37.5769680000000008
0
LINE
8
BLACK
6
CONTINUOUS
10
102.5839149999999904
20
-37.5769680000000008
11
102.5839189999999945
21
-37.5769659999999988
0
LINE
8
BLACK
6
CONTINUOUS
10
102.5839189999999945
20
-37.5769659999999988
11
102.7286659999999898
21
-37.4322189999999964
0
LINE
8
BLACK
6
CONTINUOUS
10
102.7286659999999898
20
-37.4322189999999964
11
102.728667999999999
21
-37.4322149999999993
0
LINE
8
BLACK
6
CONTINUOUS
10
102.728667999999999
20
-37.4322149999999993
11
102.7286709999999914
21
-37.4322129999999973
0
LINE
8
BLACK
6
CONTINUOUS
10
102.7286709999999914
20
-37.4322129999999973
11
102.7814319999999952
21
-37.3595899999999972
0
LINE
8
BLACK
6
CONTINUOUS
10
102.7814319999999952
20
-37.3595899999999972
11
102.8489869999999939
21
-37.26661
0
LINE
8
BLACK
6
CONTINUOUS
10
102.8489869999999939
20
-37.26661
11
102.9419199999999961
21
-37.0842189999999974
0
LINE
8
BLACK
6
CONTINUOUS
10
102.9419199999999961
20
-37.0842189999999974
11
103.0051769999999891
21
-36.8895339999999976
0
LINE
8
BLACK
6
CONTINUOUS
10
103.0051769999999891
20
-36.8895339999999976
11
103.0371999999999986
21
-36.6873519999999971
0
LINE
8
BLACK
6
CONTINUOUS
10
103.0371999999999986
20
-36.6873519999999971
11
103.0371999999999986
21
-33.0267479999999978
0
LINE
8
BLACK
6
CONTINUOUS
10
103.0371999999999986
20
-33.0267479999999978
11
103.0184789999999992
21
-32.9085499999999982
0
LINE
8
BLACK
6
CONTINUOUS
10
103.0184789999999992
20
-32.9085499999999982
11
103.0051769999999891
21
-32.8245649999999998
0
LINE
8
BLACK
6
CONTINUOUS
10
103.0051769999999891
20
-32.8245649999999998
11
102.9431189999999958
21
-32.6335720000000009
0
LINE
8
BLACK
6
CONTINUOUS
10
102.9431189999999958
20
-32.6335720000000009
11
102.9419199999999961
21
-32.6298809999999975
0
LINE
8
BLACK
6
CONTINUOUS
10
102.9419199999999961
20
-32.6298809999999975
11
102.8858149999999938
21
-32.5197679999999991
0
LINE
8
BLACK
6
CONTINUOUS
10
102.8858149999999938
20
-32.5197679999999991
11
102.8489869999999939
21
-32.4474889999999974
0
LINE
8
BLACK
6
CONTINUOUS
10
102.8489869999999939
20
-32.4474889999999974
11
102.7286659999999898
21
-32.2818809999999985
0
LINE
8
BLACK
6
CONTINUOUS
10
102.7286659999999898
20
-32.2818809999999985
11
96.7574189999999987
21
-26.3106340000000003
0
LINE
8
BLACK
6
CONTINUOUS
10
96.7574189999999987
20
-26.3106340000000003
11
96.5918109999999928
21
-26.1903129999999997
0
LINE
8
BLACK
6
CONTINUOUS
10
96.5918109999999928
20
-26.1903129999999997
11
96.5006139999999988
21
-26.1438459999999999
0
LINE
8
BLACK
6
CONTINUOUS
10
96.5006139999999988
20
-26.1438459999999999
11
96.4094229999999897
21
-26.0973809999999986
0
LINE
8
BLACK
6
CONTINUOUS
10
96.4094229999999897
20
-26.0973809999999986
11
96.3627149999999943
21
-26.0822039999999973
0
LINE
8
BLACK
6
CONTINUOUS
10
96.3627149999999943
20
-26.0822039999999973
11
96.3120759999999905
21
-26.0657509999999988
0
LINE
8
BLACK
6
CONTINUOUS
10
96.3120759999999905
20
-26.0657509999999988
11
96.2882029999999958
21
-26.0579939999999972
0
LINE
8
BLACK
6
CONTINUOUS
10
96.2882029999999958
20
-26.0579939999999972
11
96.2147349999999904
21
-26.034122
0
LINE
8
BLACK
6
CONTINUOUS
10
96.2147349999999904
20
-26.034122
11
96.0401949999999971
21
-26.0064779999999978
0
LINE
8
BLACK
6
CONTINUOUS
10
96.0401949999999971
20
-26.0064779999999978
11
96.0125519999999995
21
-26.0020999999999987
0
LINE
8
BLACK
6
CONTINUOUS
10
96.0125519999999995
20
-26.0020999999999987
11
33.9205479999999966
21
-26.0020999999999987
0
LINE
8
BLACK
6
CONTINUOUS
10
33.9205479999999966
20
-26.0020999999999987
11
33.8531539999999964
21
-26.0127740000000003
0
LINE
8
BLACK
6
CONTINUOUS
10
33.8531539999999964
20
-26.0127740000000003
11
33.7183640000000011
21
-26.0341229999999975
0
LINE
8
BLACK
6
CONTINUOUS
10
33.7183640000000011
20
-26.0341229999999975
11
33.5236839999999958
21
-26.097376999999998
0
LINE
8
BLACK
6
CONTINUOUS
10
33.5236839999999958
20
-26.097376999999998
11
33.5236809999999963
21
-26.0973779999999991
0
LINE
8
BLACK
6
CONTINUOUS
10
33.5236809999999963
20
-26.0973779999999991
11
33.3412859999999966
21
-26.1903149999999982
0
LINE
8
BLACK
6
CONTINUOUS
10
33.3412859999999966
20
-26.1903149999999982
11
33.1756859999999989
21
-26.3106279999999977
0
LINE
8
BLACK
6
CONTINUOUS
10
33.1756859999999989
20
-26.3106279999999977
11
31.8137359999999987
21
-27.6725779999999979
0
LINE
8
BLACK
6
CONTINUOUS
10
31.8137359999999987
20
-27.6725779999999979
11
31.8137309999999971
21
-27.6725840000000005
0
LINE
8
BLACK
6
CONTINUOUS
10
31.8137309999999971
20
-27.6725840000000005
11
31.6934129999999996
21
-27.8381869999999978
0
LINE
8
BLACK
6
CONTINUOUS
10
31.6934129999999996
20
-27.8381869999999978
11
31.6934100000000001
21
-27.8381930000000004
0
LINE
8
BLACK
6
CONTINUOUS
10
31.6934100000000001
20
-27.8381930000000004
11
31.6876469999999983
21
-27.8495029999999986
0
LINE
8
BLACK
6
CONTINUOUS
10
31.6876469999999983
20
-27.8495029999999986
11
31.6875889999999991
21
-27.849618999999997
0
LINE
8
BLACK
6
CONTINUOUS
10
31.6875889999999991
20
-27.849618999999997
11
31.6873240000000003
21
-27.8501399999999997
0
LINE
8
BLACK
6
CONTINUOUS
10
31.6873240000000003
20
-27.8501399999999997
11
31.6004799999999975
21
-28.020581
0
LINE
8
BLACK
6
CONTINUOUS
10
31.6004799999999975
20
-28.020581
11
31.6004799999999975
21
-28.0205819999999974
0
LINE
8
BLACK
6
CONTINUOUS
10
31.6004799999999975
20
-28.0205819999999974
11
31.5961639999999981
21
-28.0338639999999977
0
LINE
8
BLACK
6
CONTINUOUS
10
31.5961639999999981
20
-28.0338639999999977
11
31.5961590000000001
21
-28.0338749999999983
0
LINE
8
BLACK
6
CONTINUOUS
10
31.5961590000000001
20
-28.0338749999999983
11
31.5449389999999994
21
-28.191519999999997
0
LINE
8
BLACK
6
CONTINUOUS
10
31.5449389999999994
20
-28.191519999999997
11
31.5449379999999984
21
-28.1915239999999976
0
LINE
8
BLACK
6
CONTINUOUS
10
31.5449379999999984
20
-28.1915239999999976
11
31.5372219999999999
21
-28.2152679999999982
0
LINE
8
BLACK
6
CONTINUOUS
10
31.5372219999999999
20
-28.2152679999999982
11
31.5051999999999985
21
-28.4174480000000003
0
LINE
8
BLACK
6
CONTINUOUS
10
31.5051999999999985
20
-28.4174480000000003
11
31.5051999999999985
21
-30.4298509999999993
0
LINE
8
BLACK
6
CONTINUOUS
10
51.862642000000001
20
-56.0966549999999984
11
51.862642000000001
21
-52.6799839999999975
0
LINE
8
BLACK
6
CONTINUOUS
10
51.862642000000001
20
-52.6799839999999975
11
47.6659269999999964
21
-52.6799839999999975
0
LINE
8
BLACK
6
CONTINUOUS
10
47.6659269999999964
20
-52.6799839999999975
11
47.6659269999999964
21
-56.0966549999999984
0
LINE
8
BLACK
6
CONTINUOUS
10
47.6659269999999964
20
-56.0966549999999984
11
51.862642000000001
21
-56.0966549999999984
0
CIRCLE
8
BLACK
10
35.
20
-34.5399999999999991
40
0.175
0
CIRCLE
8
BLACK
10
35.
20
-32.
40
0.175
0
CIRCLE
8
BLACK
10
35.
20
-29.4599999999999973
40
0.175
0
CIRCLE
8
BLACK
10
54.0749999999999957
20
-57.7849999999999966
40
0.175
0
CIRCLE
8
BLACK
10
61.6950000000000003
20
-57.7849999999999966
40
0.175
0
CIRCLE
8
BLACK
10
54.4749999999999943
20
-34.0450000000000017
40
0.175
0
CIRCLE
8
BLACK
10
54.4749999999999943
20
-36.5850000000000009
40
0.175
0
CIRCLE
8
BLACK
10
54.4749999999999943
20
-39.125
40
0.175
0
CIRCLE
8
BLACK
10
54.4749999999999943
20
-41.6649999999999991
40
0.175
0
CIRCLE
8
BLACK
10
62.0949999999999989
20
-41.6649999999999991
40
0.175
0
CIRCLE
8
BLACK
10
62.0949999999999989
20
-39.125
40
0.175
0
CIRCLE
8
BLACK
10
62.0949999999999989
20
-36.5850000000000009
40
0.175
0
CIRCLE
8
BLACK
10
62.0949999999999989
20
-34.0450000000000017
40
0.175
0
CIRCLE
8
BLACK
10
54.0749999999999957
20
-49.7349999999999994
40
0.175
0
CIRCLE
8
BLACK
10
61.6950000000000003
20
-49.7349999999999994
40
0.175
0
CIRCLE
8
BLACK
10
91.6149999999999949
20
-34.0450000000000017
40
0.175
0
CIRCLE
8
BLACK
10
91.6149999999999949
20
-36.5850000000000009
40
0.175
0
CIRCLE
8
BLACK
10
91.6149999999999949
20
-39.125
40
0.175
0
CIRCLE
8
BLACK
10
91.6149999999999949
20
-41.6649999999999991
40
0.175
0
CIRCLE
8
BLACK
10
99.2349999999999994
20
-41.6649999999999991
40
0.175
0
CIRCLE
8
BLACK
10
99.2349999999999994
20
-39.125
40
0.175
0
CIRCLE
8
BLACK
10
99.2349999999999994
20
-36.5850000000000009
40
0.175
0
CIRCLE
8
BLACK
10
99.2349999999999994
20
-34.0450000000000017
40
0.175
0
CIRCLE
8
BLACK
10
71.8449999999999989
20
-49.7349999999999994
40
0.175
0
CIRCLE
8
BLACK
10
79.4650000000000034
20
-49.7349999999999994
40
0.175
0
CIRCLE
8
BLACK
10
71.8449999999999989
20
-57.7849999999999966
40
0.175
0
CIRCLE
8
BLACK
10
79.4650000000000034
20
-57.7849999999999966
40
0.175
0
CIRCLE
8
BLACK
10
89.6149999999999949
20
-49.7349999999999994
40
0.175
0
CIRCLE
8
BLACK
10
97.2349999999999994
20
-49.7349999999999994
40
0.175
0
CIRCLE
8
BLACK
10
122.7099999999999937
20
-30.7249999999999979
40
0.175
0
CIRCLE
8
BLACK
10
122.7099999999999937
20
-33.2650000000000006
40
0.175
0
CIRCLE
8
BLACK
10
73.0450000000000017
20
-34.0450000000000017
40
0.175
0
CIRCLE
8
BLACK
10
73.0450000000000017
20
-36.5850000000000009
40
0.175
0
CIRCLE
8
BLACK
10
73.0450000000000017
20
-39.125
40
0.175
0
CIRCLE
8
BLACK
10
73.0450000000000017
20
-41.6649999999999991
40
0.175
0
CIRCLE
8
BLACK
10
80.664999999999992
20
-41.6649999999999991
40
0.175
0
CIRCLE
8
BLACK
10
80.664999999999992
20
-39.125
40
0.175
0
CIRCLE
8
BLACK
10
80.664999999999992
20
-36.5850000000000009
40
0.175
0
CIRCLE
8
BLACK
10
80.664999999999992
20
-34.0450000000000017
40
0.175
0
LINE
8
WHITE
6
CONTINUOUS
10
20.
20
-20.
11
138.
21
-20.
0
LINE
8
WHITE
6
CONTINUOUS
10
138.
20
-20.
11
138.
21
-70.
0
LINE
8
WHITE
6
CONTINUOUS
10
138.
20
-70.
11
20.
21
-70.
0
LINE
8
WHITE
6
CONTINUOUS
10
20.
20
-70.
11
20.
21
-20.
0
CIRCLE
8
WHITE
10
35.
20
-34.5399999999999991
40
0.175
0
CIRCLE
8
WHITE
10
35.
20
-32.
40
0.175
0
CIRCLE
8
WHITE
10
35.
20
-29.4599999999999973
40
0.175
0
CIRCLE
8
WHITE
10
54.0749999999999957
20
-57.7849999999999966
40
0.175
0
CIRCLE
8
WHITE
10
61.6950000000000003
20
-57.7849999999999966
40
0.175
0
CIRCLE
8
WHITE
10
54.4749999999999943
20
-34.0450000000000017
40
0.175
0
CIRCLE
8
WHITE
10
54.4749999999999943
20
-36.5850000000000009
40
0.175
0
CIRCLE
8
WHITE
10
54.4749999999999943
20
-39.125
40
0.175
0
CIRCLE
8
WHITE
10
54.4749999999999943
20
-41.6649999999999991
40
0.175
0
CIRCLE
8
WHITE
10
62.0949999999999989
20
-41.6649999999999991
40
0.175
0
CIRCLE
8
WHITE
10
62.0949999999999989
20
-39.125
40
0.175
0
CIRCLE
8
WHITE
10
62.0949999999999989
20
-36.5850000000000009
40
0.175
0
CIRCLE
8
WHITE
10
62.0949999999999989
20
-34.0450000000000017
40
0.175
0
CIRCLE
8
WHITE
10
54.0749999999999957
20
-49.7349999999999994
40
0.175
0
CIRCLE
8
WHITE
10
61.6950000000000003
20
-49.7349999999999994
40
0.175
0
CIRCLE
8
WHITE
10
91.6149999999999949
20
-34.0450000000000017
40
0.175
0
CIRCLE
8
WHITE
10
91.6149999999999949
20
-36.5850000000000009
40
0.175
0
CIRCLE
8
WHITE
10
91.6149999999999949
20
-39.125
40
0.175
0
CIRCLE
8
WHITE
10
91.6149999999999949
20
-41.6649999999999991
40
0.175
0
CIRCLE
8
WHITE
10
99.2349999999999994
20
-41.6649999999999991
40
0.175
0
CIRCLE
8
WHITE
10
99.2349999999999994
20
-39.125
40
0.175
0
CIRCLE
8
WHITE
10
99.2349999999999994
20
-36.5850000000000009
40
0.175
0
CIRCLE
8
WHITE
10
99.2349999999999994
20
-34.0450000000000017
40
0.175
0
CIRCLE
8
WHITE
10
71.8449999999999989
20
-49.7349999999999994
40
0.175
0
CIRCLE
8
WHITE
10
79.4650000000000034
20
-49.7349999999999994
40
0.175
0
CIRCLE
8
WHITE
10
71.8449999999999989
20
-57.7849999999999966
40
0.175
0
CIRCLE
8
WHITE
10
79.4650000000000034
20
-57.7849999999999966
40
0.175
0
CIRCLE
8
WHITE
10
89.6149999999999949
20
-49.7349999999999994
40
0.175
0
CIRCLE
8
WHITE
10
97.2349999999999994
20
-49.7349999999999994
40
0.175
0
CIRCLE
8
WHITE
10
122.7099999999999937
20
-30.7249999999999979
40
0.175
0
CIRCLE
8
WHITE
10
122.7099999999999937
20
-33.2650000000000006
40
0.175
0
CIRCLE
8
WHITE
10
73.0450000000000017
20
-34.0450000000000017
40
0.175
0
CIRCLE
8
WHITE
10
73.0450000000000017
20
-36.5850000000000009
40
0.175
0
CIRCLE
8
WHITE
10
73.0450000000000017
20
-39.125
40
0.175
0
CIRCLE
8
WHITE
10
73.0450000000000017
20
-41.6649999999999991
40
0.175
0
CIRCLE
8
WHITE
10
80.664999999999992
20
-41.6649999999999991
40
0.175
0
CIRCLE
8
WHITE
10
80.664999999999992
20
-39.125
40
0.175
0
CIRCLE
8
WHITE
10
80.664999999999992
20
-36.5850000000000009
40
0.175
0
CIRCLE
8
WHITE
10
80.664999999999992
20
-34.0450000000000017
40
0.175
  0
ENDSEC
  0
EOF
