  0
SECTION
  2
HEADER
  9
$ANGBASE
  50
0.0
  9
$ANGDIR
  70
1
  9
$MEASUREMENT
  70
1
  0
ENDSEC
  0
SECTION
  2
TABLES
  0
TABLE
  2
LTYPE
  70
4
  0
LTYPE
  5
40F
  2
CONTINUOUS
  70
0
  3
Solid line
  72
65
  73
0
  40
0.0
  0
LTYPE
  5
410
  2
DASHDOT
 70
0
  3
Dash Dot ____ _ ____ _
 72
65
 73
4
 40
2.0
 49
1.25
 49
-0.25
 49
0.25
 49
-0.25
  0
LTYPE
  5
411
  2
DASHED
 70
0
  3
Dashed __ __ __ __ __
 72
65
 73
2
 40
0.75
 49
0.5
 49
-0.25
  0
LTYPE
  5
43B
  2
DOTTED
 70
0
  3
Dotted .  .  .  .
 72
65
 73
2
 40
0.2
 49
0.0
 49
-0.2
  0
ENDTAB
  0
TABLE
  2
STYLE
  70
4
  0
STYLE
  2
KICAD
  70
0
  40
0
  41
1
  42
1
  50
0
  71
0
  3
isocp.shx
  0
STYLE
  2
KICADB
  70
0
  40
0
  41
1
  42
1
  50
0
  71
0
  3
isocp.shx
  0
STYLE
  2
KICADI
  70
0
  40
0
  41
1
  42
1
  50
15
  71
0
  3
isocp.shx
  0
STYLE
  2
KICADBI
  70
0
  40
0
  41
1
  42
1
  50
15
  71
0
  3
isocp.shx
  0
ENDTAB
  0
TABLE
  2
LAYER
  70
35
  0
LAYER
  2
BLACK
  70
0
  62
7
  6
CONTINUOUS
  0
LAYER
  2
GRAY1
  70
0
  62
251
  6
CONTINUOUS
  0
LAYER
  2
GRAY2
  70
0
  62
8
  6
CONTINUOUS
  0
LAYER
  2
GRAY3
  70
0
  62
9
  6
CONTINUOUS
  0
LAYER
  2
WHITE
  70
0
  62
7
  6
CONTINUOUS
  0
LAYER
  2
LYELLOW
  70
0
  62
51
  6
CONTINUOUS
  0
LAYER
  2
LORANGE
  70
0
  62
41
  6
CONTINUOUS
  0
LAYER
  2
BLUE1
  70
0
  62
178
  6
CONTINUOUS
  0
LAYER
  2
GREEN1
  70
0
  62
98
  6
CONTINUOUS
  0
LAYER
  2
CYAN1
  70
0
  62
138
  6
CONTINUOUS
  0
LAYER
  2
RED1
  70
0
  62
18
  6
CONTINUOUS
  0
LAYER
  2
MAGENTA1
  70
0
  62
228
  6
CONTINUOUS
  0
LAYER
  2
BROWN1
  70
0
  62
58
  6
CONTINUOUS
  0
LAYER
  2
ORANGE1
  70
0
  62
34
  6
CONTINUOUS
  0
LAYER
  2
BLUE2
  70
0
  62
5
  6
CONTINUOUS
  0
LAYER
  2
GREEN2
  70
0
  62
3
  6
CONTINUOUS
  0
LAYER
  2
CYAN2
  70
0
  62
4
  6
CONTINUOUS
  0
LAYER
  2
RED2
  70
0
  62
1
  6
CONTINUOUS
  0
LAYER
  2
MAGENTA2
  70
0
  62
6
  6
CONTINUOUS
  0
LAYER
  2
BROWN2
  70
0
  62
54
  6
CONTINUOUS
  0
LAYER
  2
ORANGE2
  70
0
  62
42
  6
CONTINUOUS
  0
LAYER
  2
BLUE3
  70
0
  62
171
  6
CONTINUOUS
  0
LAYER
  2
GREEN3
  70
0
  62
91
  6
CONTINUOUS
  0
LAYER
  2
CYAN3
  70
0
  62
131
  6
CONTINUOUS
  0
LAYER
  2
RED3
  70
0
  62
11
  6
CONTINUOUS
  0
LAYER
  2
MAGENTA3
  70
0
  62
221
  6
CONTINUOUS
  0
LAYER
  2
YELLOW3
  70
0
  62
2
  6
CONTINUOUS
  0
LAYER
  2
ORANGE3
  70
0
  62
32
  6
CONTINUOUS
  0
LAYER
  2
BLUE4
  70
0
  62
5
  6
CONTINUOUS
  0
LAYER
  2
GREEN4
  70
0
  62
3
  6
CONTINUOUS
  0
LAYER
  2
CYAN4
  70
0
  62
4
  6
CONTINUOUS
  0
LAYER
  2
RED4
  70
0
  62
1
  6
CONTINUOUS
  0
LAYER
  2
MAGENTA4
  70
0
  62
6
  6
CONTINUOUS
  0
LAYER
  2
YELLOW4
  70
0
  62
2
  6
CONTINUOUS
  0
LAYER
  2
ORANGE4
  70
0
  62
40
  6
CONTINUOUS
  0
ENDTAB
  0
ENDSEC
  0
SECTION
  2
ENTITIES
0
LINE
8
BLACK
6
CONTINUOUS
10
73.3297000000000025
20
-78.3250000000000028
11
71.6296999999999997
21
-78.3250000000000028
0
LINE
8
BLACK
6
CONTINUOUS
10
71.6296999999999997
20
-78.3250000000000028
11
71.6296999999999997
21
-76.3250000000000028
0
LINE
8
BLACK
6
CONTINUOUS
10
71.6296999999999997
20
-76.3250000000000028
11
73.3297000000000025
21
-76.3250000000000028
0
LINE
8
BLACK
6
CONTINUOUS
10
73.3297000000000025
20
-76.3250000000000028
11
73.3297000000000025
21
-78.3250000000000028
0
LINE
8
BLACK
6
CONTINUOUS
10
75.2664419999999978
20
-76.3616009999999932
11
75.420386999999991
21
-76.4253669999999943
0
LINE
8
BLACK
6
CONTINUOUS
10
75.420386999999991
20
-76.4253669999999943
11
75.5589339999999936
21
-76.5179409999999933
0
LINE
8
BLACK
6
CONTINUOUS
10
75.5589339999999936
20
-76.5179409999999933
11
75.6767589999999899
21
-76.6357659999999896
0
LINE
8
BLACK
6
CONTINUOUS
10
75.6767589999999899
20
-76.6357659999999896
11
75.7693330000000032
21
-76.7743129999999923
0
LINE
8
BLACK
6
CONTINUOUS
10
75.7693330000000032
20
-76.7743129999999923
11
75.83309899999999
21
-76.9282579999999996
0
LINE
8
BLACK
6
CONTINUOUS
10
75.83309899999999
20
-76.9282579999999996
11
75.8656069999999971
21
-77.0916849999999982
0
LINE
8
BLACK
6
CONTINUOUS
10
75.8656069999999971
20
-77.0916849999999982
11
75.8696999999999946
21
-77.1749999999999972
0
LINE
8
BLACK
6
CONTINUOUS
10
75.8696999999999946
20
-77.1749999999999972
11
75.8696999999999946
21
-77.4749999999999943
0
LINE
8
BLACK
6
CONTINUOUS
10
75.8696999999999946
20
-77.4749999999999943
11
75.8656069999999971
21
-77.5583149999999932
0
LINE
8
BLACK
6
CONTINUOUS
10
75.8656069999999971
20
-77.5583149999999932
11
75.83309899999999
21
-77.7217419999999919
0
LINE
8
BLACK
6
CONTINUOUS
10
75.83309899999999
20
-77.7217419999999919
11
75.7693330000000032
21
-77.8756869999999992
0
LINE
8
BLACK
6
CONTINUOUS
10
75.7693330000000032
20
-77.8756869999999992
11
75.6767589999999899
21
-78.0142340000000019
0
LINE
8
BLACK
6
CONTINUOUS
10
75.6767589999999899
20
-78.0142340000000019
11
75.5589339999999936
21
-78.1320589999999982
0
LINE
8
BLACK
6
CONTINUOUS
10
75.5589339999999936
20
-78.1320589999999982
11
75.420386999999991
21
-78.2246329999999972
0
LINE
8
BLACK
6
CONTINUOUS
10
75.420386999999991
20
-78.2246329999999972
11
75.2664419999999978
21
-78.2883989999999983
0
LINE
8
BLACK
6
CONTINUOUS
10
75.2664419999999978
20
-78.2883989999999983
11
75.1030149999999992
21
-78.3209069999999912
0
LINE
8
BLACK
6
CONTINUOUS
10
75.1030149999999992
20
-78.3209069999999912
11
74.9363850000000014
21
-78.3209069999999912
0
LINE
8
BLACK
6
CONTINUOUS
10
74.9363850000000014
20
-78.3209069999999912
11
74.7729580000000027
21
-78.2883989999999983
0
LINE
8
BLACK
6
CONTINUOUS
10
74.7729580000000027
20
-78.2883989999999983
11
74.6190129999999954
21
-78.2246329999999972
0
LINE
8
BLACK
6
CONTINUOUS
10
74.6190129999999954
20
-78.2246329999999972
11
74.4804659999999927
21
-78.1320589999999982
0
LINE
8
BLACK
6
CONTINUOUS
10
74.4804659999999927
20
-78.1320589999999982
11
74.3626409999999964
21
-78.0142340000000019
0
LINE
8
BLACK
6
CONTINUOUS
10
74.3626409999999964
20
-78.0142340000000019
11
74.2700669999999974
21
-77.8756869999999992
0
LINE
8
BLACK
6
CONTINUOUS
10
74.2700669999999974
20
-77.8756869999999992
11
74.2063009999999963
21
-77.7217419999999919
0
LINE
8
BLACK
6
CONTINUOUS
10
74.2063009999999963
20
-77.7217419999999919
11
74.1737930000000034
21
-77.5583149999999932
0
LINE
8
BLACK
6
CONTINUOUS
10
74.1737930000000034
20
-77.5583149999999932
11
74.1696999999999917
21
-77.4749999999999943
0
LINE
8
BLACK
6
CONTINUOUS
10
74.1696999999999917
20
-77.4749999999999943
11
74.1696999999999917
21
-77.1749999999999972
0
LINE
8
BLACK
6
CONTINUOUS
10
74.1696999999999917
20
-77.1749999999999972
11
74.1737930000000034
21
-77.0916849999999982
0
LINE
8
BLACK
6
CONTINUOUS
10
74.1737930000000034
20
-77.0916849999999982
11
74.2063009999999963
21
-76.9282579999999996
0
LINE
8
BLACK
6
CONTINUOUS
10
74.2063009999999963
20
-76.9282579999999996
11
74.2700669999999974
21
-76.7743129999999923
0
LINE
8
BLACK
6
CONTINUOUS
10
74.2700669999999974
20
-76.7743129999999923
11
74.3626409999999964
21
-76.6357659999999896
0
LINE
8
BLACK
6
CONTINUOUS
10
74.3626409999999964
20
-76.6357659999999896
11
74.4804659999999927
21
-76.5179409999999933
0
LINE
8
BLACK
6
CONTINUOUS
10
74.4804659999999927
20
-76.5179409999999933
11
74.6190129999999954
21
-76.4253669999999943
0
LINE
8
BLACK
6
CONTINUOUS
10
74.6190129999999954
20
-76.4253669999999943
11
74.7729580000000027
21
-76.3616009999999932
0
LINE
8
BLACK
6
CONTINUOUS
10
74.7729580000000027
20
-76.3616009999999932
11
74.9363850000000014
21
-76.3290930000000003
0
LINE
8
BLACK
6
CONTINUOUS
10
74.9363850000000014
20
-76.3290930000000003
11
75.1030149999999992
21
-76.3290930000000003
0
LINE
8
BLACK
6
CONTINUOUS
10
75.1030149999999992
20
-76.3290930000000003
11
75.2664419999999978
21
-76.3616009999999932
0
LINE
8
BLACK
6
CONTINUOUS
10
77.7251809999999921
20
-47.8384289999999979
11
77.9778790000000015
21
-47.9061400000000006
0
LINE
8
BLACK
6
CONTINUOUS
10
77.9778790000000015
20
-47.9061400000000006
11
78.219577000000001
21
-48.0062549999999959
0
LINE
8
BLACK
6
CONTINUOUS
10
78.219577000000001
20
-48.0062549999999959
11
78.4461399999999998
21
-48.1370609999999957
0
LINE
8
BLACK
6
CONTINUOUS
10
78.4461399999999998
20
-48.1370609999999957
11
78.6536919999999924
21
-48.2963199999999944
0
LINE
8
BLACK
6
CONTINUOUS
10
78.6536919999999924
20
-48.2963199999999944
11
78.8386799999999965
21
-48.4813079999999985
0
LINE
8
BLACK
6
CONTINUOUS
10
78.8386799999999965
20
-48.4813079999999985
11
78.9979390000000024
21
-48.6888599999999983
0
LINE
8
BLACK
6
CONTINUOUS
10
78.9979390000000024
20
-48.6888599999999983
11
79.128744999999995
21
-48.915422999999997
0
LINE
8
BLACK
6
CONTINUOUS
10
79.128744999999995
20
-48.915422999999997
11
79.2288599999999974
21
-49.1571209999999965
0
LINE
8
BLACK
6
CONTINUOUS
10
79.2288599999999974
20
-49.1571209999999965
11
79.2965710000000001
21
-49.4098189999999988
0
LINE
8
BLACK
6
CONTINUOUS
10
79.2965710000000001
20
-49.4098189999999988
11
79.3307179999999903
21
-49.6691939999999974
0
LINE
8
BLACK
6
CONTINUOUS
10
79.3307179999999903
20
-49.6691939999999974
11
79.3307179999999903
21
-49.9308059999999969
0
LINE
8
BLACK
6
CONTINUOUS
10
79.3307179999999903
20
-49.9308059999999969
11
79.2965710000000001
21
-50.1901809999999955
0
LINE
8
BLACK
6
CONTINUOUS
10
79.2965710000000001
20
-50.1901809999999955
11
79.2288599999999974
21
-50.4428789999999978
0
LINE
8
BLACK
6
CONTINUOUS
10
79.2288599999999974
20
-50.4428789999999978
11
79.128744999999995
21
-50.6845769999999973
0
LINE
8
BLACK
6
CONTINUOUS
10
79.128744999999995
20
-50.6845769999999973
11
78.9979390000000024
21
-50.9111399999999961
0
LINE
8
BLACK
6
CONTINUOUS
10
78.9979390000000024
20
-50.9111399999999961
11
78.8386799999999965
21
-51.1186919999999958
0
LINE
8
BLACK
6
CONTINUOUS
10
78.8386799999999965
20
-51.1186919999999958
11
78.6536919999999924
21
-51.3036799999999999
0
LINE
8
BLACK
6
CONTINUOUS
10
78.6536919999999924
20
-51.3036799999999999
11
78.4461399999999998
21
-51.4629389999999987
0
LINE
8
BLACK
6
CONTINUOUS
10
78.4461399999999998
20
-51.4629389999999987
11
78.219577000000001
21
-51.5937449999999984
0
LINE
8
BLACK
6
CONTINUOUS
10
78.219577000000001
20
-51.5937449999999984
11
78.0596999999999923
21
-51.6599679999999992
0
LINE
8
BLACK
6
CONTINUOUS
10
78.0596999999999923
20
-51.6599679999999992
11
78.0596999999999923
21
-76.4917250000000024
0
LINE
8
BLACK
6
CONTINUOUS
10
78.0596999999999923
20
-76.4917250000000024
11
78.0989339999999999
21
-76.5179409999999933
0
LINE
8
BLACK
6
CONTINUOUS
10
78.0989339999999999
20
-76.5179409999999933
11
78.2167589999999961
21
-76.6357659999999896
0
LINE
8
BLACK
6
CONTINUOUS
10
78.2167589999999961
20
-76.6357659999999896
11
78.3093329999999952
21
-76.7743129999999923
0
LINE
8
BLACK
6
CONTINUOUS
10
78.3093329999999952
20
-76.7743129999999923
11
78.3730989999999963
21
-76.9282579999999996
0
LINE
8
BLACK
6
CONTINUOUS
10
78.3730989999999963
20
-76.9282579999999996
11
78.4056070000000034
21
-77.0916849999999982
0
LINE
8
BLACK
6
CONTINUOUS
10
78.4056070000000034
20
-77.0916849999999982
11
78.4097000000000008
21
-77.1749999999999972
0
LINE
8
BLACK
6
CONTINUOUS
10
78.4097000000000008
20
-77.1749999999999972
11
78.4097000000000008
21
-77.4749999999999943
0
LINE
8
BLACK
6
CONTINUOUS
10
78.4097000000000008
20
-77.4749999999999943
11
78.4056070000000034
21
-77.5583149999999932
0
LINE
8
BLACK
6
CONTINUOUS
10
78.4056070000000034
20
-77.5583149999999932
11
78.3730989999999963
21
-77.7217419999999919
0
LINE
8
BLACK
6
CONTINUOUS
10
78.3730989999999963
20
-77.7217419999999919
11
78.3093329999999952
21
-77.8756869999999992
0
LINE
8
BLACK
6
CONTINUOUS
10
78.3093329999999952
20
-77.8756869999999992
11
78.2167589999999961
21
-78.0142340000000019
0
LINE
8
BLACK
6
CONTINUOUS
10
78.2167589999999961
20
-78.0142340000000019
11
78.0989339999999999
21
-78.1320589999999982
0
LINE
8
BLACK
6
CONTINUOUS
10
78.0989339999999999
20
-78.1320589999999982
11
77.9603869999999972
21
-78.2246329999999972
0
LINE
8
BLACK
6
CONTINUOUS
10
77.9603869999999972
20
-78.2246329999999972
11
77.8064419999999899
21
-78.2883989999999983
0
LINE
8
BLACK
6
CONTINUOUS
10
77.8064419999999899
20
-78.2883989999999983
11
77.6430149999999912
21
-78.3209069999999912
0
LINE
8
BLACK
6
CONTINUOUS
10
77.6430149999999912
20
-78.3209069999999912
11
77.4763849999999934
21
-78.3209069999999912
0
LINE
8
BLACK
6
CONTINUOUS
10
77.4763849999999934
20
-78.3209069999999912
11
77.3129579999999947
21
-78.2883989999999983
0
LINE
8
BLACK
6
CONTINUOUS
10
77.3129579999999947
20
-78.2883989999999983
11
77.1590130000000016
21
-78.2246329999999972
0
LINE
8
BLACK
6
CONTINUOUS
10
77.1590130000000016
20
-78.2246329999999972
11
77.020465999999999
21
-78.1320589999999982
0
LINE
8
BLACK
6
CONTINUOUS
10
77.020465999999999
20
-78.1320589999999982
11
76.9026410000000027
21
-78.0142340000000019
0
LINE
8
BLACK
6
CONTINUOUS
10
76.9026410000000027
20
-78.0142340000000019
11
76.8100669999999894
21
-77.8756869999999992
0
LINE
8
BLACK
6
CONTINUOUS
10
76.8100669999999894
20
-77.8756869999999992
11
76.7463010000000025
21
-77.7217419999999919
0
LINE
8
BLACK
6
CONTINUOUS
10
76.7463010000000025
20
-77.7217419999999919
11
76.7137929999999955
21
-77.5583149999999932
0
LINE
8
BLACK
6
CONTINUOUS
10
76.7137929999999955
20
-77.5583149999999932
11
76.709699999999998
21
-77.4749999999999943
0
LINE
8
BLACK
6
CONTINUOUS
10
76.709699999999998
20
-77.4749999999999943
11
76.709699999999998
21
-77.1749999999999972
0
LINE
8
BLACK
6
CONTINUOUS
10
76.709699999999998
20
-77.1749999999999972
11
76.7137929999999955
21
-77.0916849999999982
0
LINE
8
BLACK
6
CONTINUOUS
10
76.7137929999999955
20
-77.0916849999999982
11
76.7463010000000025
21
-76.9282579999999996
0
LINE
8
BLACK
6
CONTINUOUS
10
76.7463010000000025
20
-76.9282579999999996
11
76.8100669999999894
21
-76.7743129999999923
0
LINE
8
BLACK
6
CONTINUOUS
10
76.8100669999999894
20
-76.7743129999999923
11
76.9026410000000027
21
-76.6357659999999896
0
LINE
8
BLACK
6
CONTINUOUS
10
76.9026410000000027
20
-76.6357659999999896
11
77.020465999999999
21
-76.5179409999999933
0
LINE
8
BLACK
6
CONTINUOUS
10
77.020465999999999
20
-76.5179409999999933
11
77.0596999999999923
21
-76.4917250000000024
0
LINE
8
BLACK
6
CONTINUOUS
10
77.0596999999999923
20
-76.4917250000000024
11
77.0596999999999923
21
-51.7766949999999966
0
LINE
8
BLACK
6
CONTINUOUS
10
77.0596999999999923
20
-51.7766949999999966
11
76.9448189999999954
21
-51.7615709999999964
0
LINE
8
BLACK
6
CONTINUOUS
10
76.9448189999999954
20
-51.7615709999999964
11
76.6921210000000002
21
-51.6938600000000008
0
LINE
8
BLACK
6
CONTINUOUS
10
76.6921210000000002
20
-51.6938600000000008
11
76.4504230000000007
21
-51.5937449999999984
0
LINE
8
BLACK
6
CONTINUOUS
10
76.4504230000000007
20
-51.5937449999999984
11
76.2238600000000019
21
-51.4629389999999987
0
LINE
8
BLACK
6
CONTINUOUS
10
76.2238600000000019
20
-51.4629389999999987
11
76.0163079999999951
21
-51.3036799999999999
0
LINE
8
BLACK
6
CONTINUOUS
10
76.0163079999999951
20
-51.3036799999999999
11
75.831319999999991
21
-51.1186919999999958
0
LINE
8
BLACK
6
CONTINUOUS
10
75.831319999999991
20
-51.1186919999999958
11
75.6720609999999994
21
-50.9111399999999961
0
LINE
8
BLACK
6
CONTINUOUS
10
75.6720609999999994
20
-50.9111399999999961
11
75.5412549999999925
21
-50.6845769999999973
0
LINE
8
BLACK
6
CONTINUOUS
10
75.5412549999999925
20
-50.6845769999999973
11
75.4411399999999901
21
-50.4428789999999978
0
LINE
8
BLACK
6
CONTINUOUS
10
75.4411399999999901
20
-50.4428789999999978
11
75.3734290000000016
21
-50.1901809999999955
0
LINE
8
BLACK
6
CONTINUOUS
10
75.3734290000000016
20
-50.1901809999999955
11
75.3392819999999972
21
-49.9308059999999969
0
LINE
8
BLACK
6
CONTINUOUS
10
75.3392819999999972
20
-49.9308059999999969
11
75.3392819999999972
21
-49.6691939999999974
0
LINE
8
BLACK
6
CONTINUOUS
10
75.3392819999999972
20
-49.6691939999999974
11
75.3734290000000016
21
-49.4098189999999988
0
LINE
8
BLACK
6
CONTINUOUS
10
75.3734290000000016
20
-49.4098189999999988
11
75.4411399999999901
21
-49.1571209999999965
0
LINE
8
BLACK
6
CONTINUOUS
10
75.4411399999999901
20
-49.1571209999999965
11
75.5412549999999925
21
-48.915422999999997
0
LINE
8
BLACK
6
CONTINUOUS
10
75.5412549999999925
20
-48.915422999999997
11
75.6720609999999994
21
-48.6888599999999983
0
LINE
8
BLACK
6
CONTINUOUS
10
75.6720609999999994
20
-48.6888599999999983
11
75.831319999999991
21
-48.4813079999999985
0
LINE
8
BLACK
6
CONTINUOUS
10
75.831319999999991
20
-48.4813079999999985
11
76.0163079999999951
21
-48.2963199999999944
0
LINE
8
BLACK
6
CONTINUOUS
10
76.0163079999999951
20
-48.2963199999999944
11
76.2238600000000019
21
-48.1370609999999957
0
LINE
8
BLACK
6
CONTINUOUS
10
76.2238600000000019
20
-48.1370609999999957
11
76.4504230000000007
21
-48.0062549999999959
0
LINE
8
BLACK
6
CONTINUOUS
10
76.4504230000000007
20
-48.0062549999999959
11
76.6921210000000002
21
-47.9061400000000006
0
LINE
8
BLACK
6
CONTINUOUS
10
76.6921210000000002
20
-47.9061400000000006
11
76.9448189999999954
21
-47.8384289999999979
0
LINE
8
BLACK
6
CONTINUOUS
10
76.9448189999999954
20
-47.8384289999999979
11
77.2041940000000011
21
-47.8042820000000006
0
LINE
8
BLACK
6
CONTINUOUS
10
77.2041940000000011
20
-47.8042820000000006
11
77.4658060000000006
21
-47.8042820000000006
0
LINE
8
BLACK
6
CONTINUOUS
10
77.4658060000000006
20
-47.8042820000000006
11
77.7251809999999921
21
-47.8384289999999979
0
LINE
8
BLACK
6
CONTINUOUS
10
68.91625599999999
20
-75.4062100000000015
11
68.9311069999999972
21
-75.4062100000000015
0
LINE
8
BLACK
6
CONTINUOUS
10
68.9311069999999972
20
-75.4062100000000015
11
68.9446810000000028
21
-75.4118319999999898
0
LINE
8
BLACK
6
CONTINUOUS
10
68.9446810000000028
20
-75.4118319999999898
11
68.9590999999999923
21
-75.4146849999999915
0
LINE
8
BLACK
6
CONTINUOUS
10
68.9590999999999923
20
-75.4146849999999915
11
68.9714599999999933
21
-75.4229249999999922
0
LINE
8
BLACK
6
CONTINUOUS
10
68.9714599999999933
20
-75.4229249999999922
11
68.9851790000000022
21
-75.428607999999997
0
LINE
8
BLACK
6
CONTINUOUS
10
68.9851790000000022
20
-75.428607999999997
11
68.9955679999999916
21
-75.4389970000000005
0
LINE
8
BLACK
6
CONTINUOUS
10
68.9955679999999916
20
-75.4389970000000005
11
69.0077989999999915
21
-75.447150999999991
0
LINE
8
BLACK
6
CONTINUOUS
10
69.0077989999999915
20
-75.447150999999991
11
69.0160640000000001
21
-75.4594929999999948
0
LINE
8
BLACK
6
CONTINUOUS
10
69.0160640000000001
20
-75.4594929999999948
11
69.0265629999999959
21
-75.4699919999999906
0
LINE
8
BLACK
6
CONTINUOUS
10
69.0265629999999959
20
-75.4699919999999906
11
69.0321859999999958
21
-75.4835679999999911
0
LINE
8
BLACK
6
CONTINUOUS
10
69.0321859999999958
20
-75.4835679999999911
11
69.0403649999999942
21
-75.4957809999999938
0
LINE
8
BLACK
6
CONTINUOUS
10
69.0403649999999942
20
-75.4957809999999938
11
69.0432770000000033
21
-75.5103429999999918
0
LINE
8
BLACK
6
CONTINUOUS
10
69.0432770000000033
20
-75.5103429999999918
11
69.0489609999999914
21
-75.5240639999999956
0
LINE
8
BLACK
6
CONTINUOUS
10
69.0489609999999914
20
-75.5240639999999956
11
69.0518119999999982
21
-75.5530159999999995
0
LINE
8
BLACK
6
CONTINUOUS
10
69.0518119999999982
20
-75.5530159999999995
11
69.051842999999991
21
-75.5531699999999944
0
LINE
8
BLACK
6
CONTINUOUS
10
69.051842999999991
20
-75.5531699999999944
11
69.0518319999999903
21
-75.553221999999991
0
LINE
8
BLACK
6
CONTINUOUS
10
69.0518319999999903
20
-75.553221999999991
11
69.051842999999991
21
-75.5533279999999934
0
LINE
8
BLACK
6
CONTINUOUS
10
69.051842999999991
20
-75.5533279999999934
11
69.051842999999991
21
-76.9033280000000019
0
LINE
8
BLACK
6
CONTINUOUS
10
69.051842999999991
20
-76.9033280000000019
11
69.3304150000000021
21
-76.9033280000000019
0
LINE
8
BLACK
6
CONTINUOUS
10
69.3304150000000021
20
-76.9033280000000019
11
69.3596789999999999
21
-76.9062100000000015
0
LINE
8
BLACK
6
CONTINUOUS
10
69.3596789999999999
20
-76.9062100000000015
11
69.4137509999999907
21
-76.928607999999997
0
LINE
8
BLACK
6
CONTINUOUS
10
69.4137509999999907
20
-76.928607999999997
11
69.4551349999999985
21
-76.9699919999999906
0
LINE
8
BLACK
6
CONTINUOUS
10
69.4551349999999985
20
-76.9699919999999906
11
69.477532999999994
21
-77.0240639999999956
0
LINE
8
BLACK
6
CONTINUOUS
10
69.477532999999994
20
-77.0240639999999956
11
69.477532999999994
21
-77.0825919999999911
0
LINE
8
BLACK
6
CONTINUOUS
10
69.477532999999994
20
-77.0825919999999911
11
69.4551349999999985
21
-77.1366639999999961
0
LINE
8
BLACK
6
CONTINUOUS
10
69.4551349999999985
20
-77.1366639999999961
11
69.4137509999999907
21
-77.1780479999999898
0
LINE
8
BLACK
6
CONTINUOUS
10
69.4137509999999907
20
-77.1780479999999898
11
69.3596789999999999
21
-77.2004459999999995
0
LINE
8
BLACK
6
CONTINUOUS
10
69.3596789999999999
20
-77.2004459999999995
11
69.3304150000000021
21
-77.2033279999999991
0
LINE
8
BLACK
6
CONTINUOUS
10
69.3304150000000021
20
-77.2033279999999991
11
68.4732719999999944
21
-77.2033279999999991
0
LINE
8
BLACK
6
CONTINUOUS
10
68.4732719999999944
20
-77.2033279999999991
11
68.4440079999999966
21
-77.2004459999999995
0
LINE
8
BLACK
6
CONTINUOUS
10
68.4440079999999966
20
-77.2004459999999995
11
68.3899359999999916
21
-77.1780479999999898
0
LINE
8
BLACK
6
CONTINUOUS
10
68.3899359999999916
20
-77.1780479999999898
11
68.348551999999998
21
-77.1366639999999961
0
LINE
8
BLACK
6
CONTINUOUS
10
68.348551999999998
20
-77.1366639999999961
11
68.3261540000000025
21
-77.0825919999999911
0
LINE
8
BLACK
6
CONTINUOUS
10
68.3261540000000025
20
-77.0825919999999911
11
68.3261540000000025
21
-77.0240639999999956
0
LINE
8
BLACK
6
CONTINUOUS
10
68.3261540000000025
20
-77.0240639999999956
11
68.348551999999998
21
-76.9699919999999906
0
LINE
8
BLACK
6
CONTINUOUS
10
68.348551999999998
20
-76.9699919999999906
11
68.3899359999999916
21
-76.928607999999997
0
LINE
8
BLACK
6
CONTINUOUS
10
68.3899359999999916
20
-76.928607999999997
11
68.4440079999999966
21
-76.9062100000000015
0
LINE
8
BLACK
6
CONTINUOUS
10
68.4440079999999966
20
-76.9062100000000015
11
68.4732719999999944
21
-76.9033280000000019
0
LINE
8
BLACK
6
CONTINUOUS
10
68.4732719999999944
20
-76.9033280000000019
11
68.7518429999999938
21
-76.9033280000000019
0
LINE
8
BLACK
6
CONTINUOUS
10
68.7518429999999938
20
-76.9033280000000019
11
68.7518429999999938
21
-75.9868889999999908
0
LINE
8
BLACK
6
CONTINUOUS
10
68.7518429999999938
20
-75.9868889999999908
11
68.7221949999999993
21
-76.0165369999999996
0
LINE
8
BLACK
6
CONTINUOUS
10
68.7221949999999993
20
-76.0165369999999996
11
68.710692999999992
21
-76.025976
0
LINE
8
BLACK
6
CONTINUOUS
10
68.710692999999992
20
-76.025976
11
68.7080969999999951
21
-76.0289700000000011
0
LINE
8
BLACK
6
CONTINUOUS
10
68.7080969999999951
20
-76.0289700000000011
11
68.7035829999999947
21
-76.031809999999993
0
LINE
8
BLACK
6
CONTINUOUS
10
68.7035829999999947
20
-76.031809999999993
11
68.6994639999999919
21
-76.035191999999995
0
LINE
8
BLACK
6
CONTINUOUS
10
68.6994639999999919
20
-76.035191999999995
11
68.6958039999999954
21
-76.0367069999999927
0
LINE
8
BLACK
6
CONTINUOUS
10
68.6958039999999954
20
-76.0367069999999927
11
68.683211
21
-76.0446349999999995
0
LINE
8
BLACK
6
CONTINUOUS
10
68.683211
20
-76.0446349999999995
11
68.5403539999999936
21
-76.1160639999999944
0
LINE
8
BLACK
6
CONTINUOUS
10
68.5403539999999936
20
-76.1160639999999944
11
68.5128909999999962
21
-76.1265729999999934
0
LINE
8
BLACK
6
CONTINUOUS
10
68.5128909999999962
20
-76.1265729999999934
11
68.4545109999999966
21
-76.1307219999999916
0
LINE
8
BLACK
6
CONTINUOUS
10
68.4545109999999966
20
-76.1307219999999916
11
68.3989880000000028
21
-76.112214999999992
0
LINE
8
BLACK
6
CONTINUOUS
10
68.3989880000000028
20
-76.112214999999992
11
68.3547729999999945
21
-76.0738679999999903
0
LINE
8
BLACK
6
CONTINUOUS
10
68.3547729999999945
20
-76.0738679999999903
11
68.328598999999997
21
-76.0215189999999978
0
LINE
8
BLACK
6
CONTINUOUS
10
68.328598999999997
20
-76.0215189999999978
11
68.3244499999999988
21
-75.9631389999999982
0
LINE
8
BLACK
6
CONTINUOUS
10
68.3244499999999988
20
-75.9631389999999982
11
68.3429569999999984
21
-75.9076159999999902
0
LINE
8
BLACK
6
CONTINUOUS
10
68.3429569999999984
20
-75.9076159999999902
11
68.3813040000000001
21
-75.8634009999999961
0
LINE
8
BLACK
6
CONTINUOUS
10
68.3813040000000001
20
-75.8634009999999961
11
68.4061899999999952
21
-75.8477359999999976
0
LINE
8
BLACK
6
CONTINUOUS
10
68.4061899999999952
20
-75.8477359999999976
11
68.527275000000003
21
-75.7871919999999903
0
LINE
8
BLACK
6
CONTINUOUS
10
68.527275000000003
20
-75.7871919999999903
11
68.6424159999999972
21
-75.6720509999999962
0
LINE
8
BLACK
6
CONTINUOUS
10
68.6424159999999972
20
-75.6720509999999962
11
68.7770359999999954
21
-75.470123000000001
0
LINE
8
BLACK
6
CONTINUOUS
10
68.7770359999999954
20
-75.470123000000001
11
68.7771019999999993
21
-75.4700419999999923
0
LINE
8
BLACK
6
CONTINUOUS
10
68.7771019999999993
20
-75.4700419999999923
11
68.7771230000000031
21
-75.4699919999999906
0
LINE
8
BLACK
6
CONTINUOUS
10
68.7771230000000031
20
-75.4699919999999906
11
68.7772339999999929
21
-75.4698800000000034
0
LINE
8
BLACK
6
CONTINUOUS
10
68.7772339999999929
20
-75.4698800000000034
11
68.7956659999999971
21
-75.4473720000000014
0
LINE
8
BLACK
6
CONTINUOUS
10
68.7956659999999971
20
-75.4473720000000014
11
68.8080080000000009
21
-75.4391059999999953
0
LINE
8
BLACK
6
CONTINUOUS
10
68.8080080000000009
20
-75.4391059999999953
11
68.8185069999999968
21
-75.428607999999997
0
LINE
8
BLACK
6
CONTINUOUS
10
68.8185069999999968
20
-75.428607999999997
11
68.8320829999999972
21
-75.4229839999999996
0
LINE
8
BLACK
6
CONTINUOUS
10
68.8320829999999972
20
-75.4229839999999996
11
68.8442959999999999
21
-75.4148059999999987
0
LINE
8
BLACK
6
CONTINUOUS
10
68.8442959999999999
20
-75.4148059999999987
11
68.8588570000000004
21
-75.4118929999999921
0
LINE
8
BLACK
6
CONTINUOUS
10
68.8588570000000004
20
-75.4118929999999921
11
68.8725790000000018
21
-75.4062100000000015
0
LINE
8
BLACK
6
CONTINUOUS
10
68.8725790000000018
20
-75.4062100000000015
11
68.887276
21
-75.4062100000000015
0
LINE
8
BLACK
6
CONTINUOUS
10
68.887276
20
-75.4062100000000015
11
68.901685999999998
21
-75.4033280000000019
0
LINE
8
BLACK
6
CONTINUOUS
10
68.901685999999998
20
-75.4033280000000019
11
68.91625599999999
21
-75.4062100000000015
0
LINE
8
BLACK
6
CONTINUOUS
10
67.8336539999999957
20
-75.4062100000000015
11
67.8596780000000024
21
-75.4062100000000015
0
LINE
8
BLACK
6
CONTINUOUS
10
67.8596780000000024
20
-75.4062100000000015
11
67.862764999999996
21
-75.4074889999999982
0
LINE
8
BLACK
6
CONTINUOUS
10
67.862764999999996
20
-75.4074889999999982
11
67.8661099999999919
21
-75.4076359999999966
0
LINE
8
BLACK
6
CONTINUOUS
10
67.8661099999999919
20
-75.4076359999999966
11
67.8897189999999995
21
-75.4186540000000036
0
LINE
8
BLACK
6
CONTINUOUS
10
67.8897189999999995
20
-75.4186540000000036
11
67.9137499999999932
21
-75.428607999999997
0
LINE
8
BLACK
6
CONTINUOUS
10
67.9137499999999932
20
-75.428607999999997
11
67.9161129999999957
21
-75.4309709999999995
0
LINE
8
BLACK
6
CONTINUOUS
10
67.9161129999999957
20
-75.4309709999999995
11
67.9191469999999953
21
-75.4323869999999914
0
LINE
8
BLACK
6
CONTINUOUS
10
67.9191469999999953
20
-75.4323869999999914
11
67.9367359999999962
21
-75.4515940000000001
0
LINE
8
BLACK
6
CONTINUOUS
10
67.9367359999999962
20
-75.4515940000000001
11
67.955134000000001
21
-75.4699919999999906
0
LINE
8
BLACK
6
CONTINUOUS
10
67.955134000000001
20
-75.4699919999999906
11
67.9564139999999952
21
-75.4730819999999909
0
LINE
8
BLACK
6
CONTINUOUS
10
67.9564139999999952
20
-75.4730819999999909
11
67.958674000000002
21
-75.4755499999999984
0
LINE
8
BLACK
6
CONTINUOUS
10
67.958674000000002
20
-75.4755499999999984
11
67.9675709999999924
21
-75.5000179999999972
0
LINE
8
BLACK
6
CONTINUOUS
10
67.9675709999999924
20
-75.5000179999999972
11
67.9775319999999965
21
-75.5240639999999956
0
LINE
8
BLACK
6
CONTINUOUS
10
67.9775319999999965
20
-75.5240639999999956
11
67.9779829999999947
21
-75.5286509999999964
0
LINE
8
BLACK
6
CONTINUOUS
10
67.9779829999999947
20
-75.5286509999999964
11
67.9786749999999955
21
-75.5305520000000001
0
LINE
8
BLACK
6
CONTINUOUS
10
67.9786749999999955
20
-75.5305520000000001
11
67.9785189999999915
21
-75.534089999999992
0
LINE
8
BLACK
6
CONTINUOUS
10
67.9785189999999915
20
-75.534089999999992
11
67.9804139999999961
21
-75.5533279999999934
0
LINE
8
BLACK
6
CONTINUOUS
10
67.9804139999999961
20
-75.5533279999999934
11
67.9804139999999961
21
-77.0533279999999934
0
LINE
8
BLACK
6
CONTINUOUS
10
67.9804139999999961
20
-77.0533279999999934
11
67.9775319999999965
21
-77.0825919999999911
0
LINE
8
BLACK
6
CONTINUOUS
10
67.9775319999999965
20
-77.0825919999999911
11
67.955134000000001
21
-77.1366639999999961
0
LINE
8
BLACK
6
CONTINUOUS
10
67.955134000000001
20
-77.1366639999999961
11
67.9137499999999932
21
-77.1780479999999898
0
LINE
8
BLACK
6
CONTINUOUS
10
67.9137499999999932
20
-77.1780479999999898
11
67.8596780000000024
21
-77.2004459999999995
0
LINE
8
BLACK
6
CONTINUOUS
10
67.8596780000000024
20
-77.2004459999999995
11
67.8011499999999927
21
-77.2004459999999995
0
LINE
8
BLACK
6
CONTINUOUS
10
67.8011499999999927
20
-77.2004459999999995
11
67.7470780000000019
21
-77.1780479999999898
0
LINE
8
BLACK
6
CONTINUOUS
10
67.7470780000000019
20
-77.1780479999999898
11
67.705693999999994
21
-77.1366639999999961
0
LINE
8
BLACK
6
CONTINUOUS
10
67.705693999999994
20
-77.1366639999999961
11
67.6832959999999986
21
-77.0825919999999911
0
LINE
8
BLACK
6
CONTINUOUS
10
67.6832959999999986
20
-77.0825919999999911
11
67.680413999999999
21
-77.0533279999999934
0
LINE
8
BLACK
6
CONTINUOUS
10
67.680413999999999
20
-77.0533279999999934
11
67.680413999999999
21
-76.2294619999999981
0
LINE
8
BLACK
6
CONTINUOUS
10
67.680413999999999
20
-76.2294619999999981
11
67.4663409999999999
21
-76.6881899999999916
0
LINE
8
BLACK
6
CONTINUOUS
10
67.4663409999999999
20
-76.6881899999999916
11
67.4599929999999972
21
-76.6989049999999963
0
LINE
8
BLACK
6
CONTINUOUS
10
67.4599929999999972
20
-76.6989049999999963
11
67.458674000000002
21
-76.7025349999999975
0
LINE
8
BLACK
6
CONTINUOUS
10
67.458674000000002
20
-76.7025349999999975
11
67.4563229999999976
21
-76.7051009999999991
0
LINE
8
BLACK
6
CONTINUOUS
10
67.4563229999999976
20
-76.7051009999999991
11
67.4513549999999924
21
-76.7134899999999931
0
LINE
8
BLACK
6
CONTINUOUS
10
67.4513549999999924
20
-76.7134899999999931
11
67.4345419999999933
21
-76.7288849999999911
0
LINE
8
BLACK
6
CONTINUOUS
10
67.4345419999999933
20
-76.7288849999999911
11
67.4191469999999953
21
-76.7456979999999902
0
LINE
8
BLACK
6
CONTINUOUS
10
67.4191469999999953
20
-76.7456979999999902
11
67.4131050000000016
21
-76.7485169999999925
0
LINE
8
BLACK
6
CONTINUOUS
10
67.4131050000000016
20
-76.7485169999999925
11
67.4081919999999997
21
-76.7530169999999998
0
LINE
8
BLACK
6
CONTINUOUS
10
67.4081919999999997
20
-76.7530169999999998
11
67.386776999999995
21
-76.7608039999999932
0
LINE
8
BLACK
6
CONTINUOUS
10
67.386776999999995
20
-76.7608039999999932
11
67.3661099999999919
21
-76.7704489999999993
0
LINE
8
BLACK
6
CONTINUOUS
10
67.3661099999999919
20
-76.7704489999999993
11
67.3594480000000004
21
-76.770741000000001
0
LINE
8
BLACK
6
CONTINUOUS
10
67.3594480000000004
20
-76.770741000000001
11
67.3531890000000004
21
-76.7730179999999933
0
LINE
8
BLACK
6
CONTINUOUS
10
67.3531890000000004
20
-76.7730179999999933
11
67.3304179999999945
21
-76.7720169999999911
0
LINE
8
BLACK
6
CONTINUOUS
10
67.3304179999999945
20
-76.7720169999999911
11
67.3076389999999947
21
-76.7730179999999933
0
LINE
8
BLACK
6
CONTINUOUS
10
67.3076389999999947
20
-76.7730179999999933
11
67.3013759999999905
21
-76.7707400000000035
0
LINE
8
BLACK
6
CONTINUOUS
10
67.3013759999999905
20
-76.7707400000000035
11
67.2947190000000006
21
-76.7704480000000018
0
LINE
8
BLACK
6
CONTINUOUS
10
67.2947190000000006
20
-76.7704480000000018
11
67.2740569999999991
21
-76.7608060000000023
0
LINE
8
BLACK
6
CONTINUOUS
10
67.2740569999999991
20
-76.7608060000000023
11
67.2526369999999929
21
-76.7530169999999998
0
LINE
8
BLACK
6
CONTINUOUS
10
67.2526369999999929
20
-76.7530169999999998
11
67.247723999999991
21
-76.74851799999999
0
LINE
8
BLACK
6
CONTINUOUS
10
67.247723999999991
20
-76.74851799999999
11
67.2416809999999998
21
-76.7456979999999902
0
LINE
8
BLACK
6
CONTINUOUS
10
67.2416809999999998
20
-76.7456979999999902
11
67.226278999999991
21
-76.7288799999999895
0
LINE
8
BLACK
6
CONTINUOUS
10
67.226278999999991
20
-76.7288799999999895
11
67.2094740000000002
21
-76.7134899999999931
0
LINE
8
BLACK
6
CONTINUOUS
10
67.2094740000000002
20
-76.7134899999999931
11
67.2045049999999975
21
-76.705102999999994
0
LINE
8
BLACK
6
CONTINUOUS
10
67.2045049999999975
20
-76.705102999999994
11
67.2021539999999931
21
-76.7025349999999975
0
LINE
8
BLACK
6
CONTINUOUS
10
67.2021539999999931
20
-76.7025349999999975
11
67.2008330000000029
21
-76.6989030000000014
0
LINE
8
BLACK
6
CONTINUOUS
10
67.2008330000000029
20
-76.6989030000000014
11
67.1944869999999952
21
-76.6881899999999916
0
LINE
8
BLACK
6
CONTINUOUS
10
67.1944869999999952
20
-76.6881899999999916
11
66.9804139999999961
21
-76.2294610000000006
0
LINE
8
BLACK
6
CONTINUOUS
10
66.9804139999999961
20
-76.2294610000000006
11
66.9804139999999961
21
-77.0533279999999934
0
LINE
8
BLACK
6
CONTINUOUS
10
66.9804139999999961
20
-77.0533279999999934
11
66.9775319999999965
21
-77.0825919999999911
0
LINE
8
BLACK
6
CONTINUOUS
10
66.9775319999999965
20
-77.0825919999999911
11
66.955134000000001
21
-77.1366639999999961
0
LINE
8
BLACK
6
CONTINUOUS
10
66.955134000000001
20
-77.1366639999999961
11
66.9137499999999932
21
-77.1780479999999898
0
LINE
8
BLACK
6
CONTINUOUS
10
66.9137499999999932
20
-77.1780479999999898
11
66.8596780000000024
21
-77.2004459999999995
0
LINE
8
BLACK
6
CONTINUOUS
10
66.8596780000000024
20
-77.2004459999999995
11
66.8011499999999927
21
-77.2004459999999995
0
LINE
8
BLACK
6
CONTINUOUS
10
66.8011499999999927
20
-77.2004459999999995
11
66.7470780000000019
21
-77.1780479999999898
0
LINE
8
BLACK
6
CONTINUOUS
10
66.7470780000000019
20
-77.1780479999999898
11
66.705693999999994
21
-77.1366639999999961
0
LINE
8
BLACK
6
CONTINUOUS
10
66.705693999999994
20
-77.1366639999999961
11
66.6832959999999986
21
-77.0825919999999911
0
LINE
8
BLACK
6
CONTINUOUS
10
66.6832959999999986
20
-77.0825919999999911
11
66.680413999999999
21
-77.0533279999999934
0
LINE
8
BLACK
6
CONTINUOUS
10
66.680413999999999
20
-77.0533279999999934
11
66.680413999999999
21
-75.5533279999999934
0
LINE
8
BLACK
6
CONTINUOUS
10
66.680413999999999
20
-75.5533279999999934
11
66.6823079999999919
21
-75.5340910000000036
0
LINE
8
BLACK
6
CONTINUOUS
10
66.6823079999999919
20
-75.5340910000000036
11
66.6821529999999996
21
-75.5305529999999976
0
LINE
8
BLACK
6
CONTINUOUS
10
66.6821529999999996
20
-75.5305529999999976
11
66.6828440000000029
21
-75.5286519999999939
0
LINE
8
BLACK
6
CONTINUOUS
10
66.6828440000000029
20
-75.5286519999999939
11
66.6832959999999986
21
-75.5240639999999956
0
LINE
8
BLACK
6
CONTINUOUS
10
66.6832959999999986
20
-75.5240639999999956
11
66.6932570000000027
21
-75.5000149999999906
0
LINE
8
BLACK
6
CONTINUOUS
10
66.6932570000000027
20
-75.5000149999999906
11
66.7021539999999931
21
-75.4755499999999984
0
LINE
8
BLACK
6
CONTINUOUS
10
66.7021539999999931
20
-75.4755499999999984
11
66.7044130000000024
21
-75.4730819999999909
0
LINE
8
BLACK
6
CONTINUOUS
10
66.7044130000000024
20
-75.4730819999999909
11
66.705693999999994
21
-75.4699919999999906
0
LINE
8
BLACK
6
CONTINUOUS
10
66.705693999999994
20
-75.4699919999999906
11
66.7240910000000014
21
-75.4515940000000001
0
LINE
8
BLACK
6
CONTINUOUS
10
66.7240910000000014
20
-75.4515940000000001
11
66.7416809999999998
21
-75.4323869999999914
0
LINE
8
BLACK
6
CONTINUOUS
10
66.7416809999999998
20
-75.4323869999999914
11
66.7447140000000019
21
-75.4309709999999995
0
LINE
8
BLACK
6
CONTINUOUS
10
66.7447140000000019
20
-75.4309709999999995
11
66.7470780000000019
21
-75.428607999999997
0
LINE
8
BLACK
6
CONTINUOUS
10
66.7470780000000019
20
-75.428607999999997
11
66.7711230000000029
21
-75.4186469999999929
0
LINE
8
BLACK
6
CONTINUOUS
10
66.7711230000000029
20
-75.4186469999999929
11
66.7947190000000006
21
-75.407636999999994
0
LINE
8
BLACK
6
CONTINUOUS
10
66.7947190000000006
20
-75.407636999999994
11
66.798058999999995
21
-75.4074899999999957
0
LINE
8
BLACK
6
CONTINUOUS
10
66.798058999999995
20
-75.4074899999999957
11
66.8011499999999927
21
-75.4062100000000015
0
LINE
8
BLACK
6
CONTINUOUS
10
66.8011499999999927
20
-75.4062100000000015
11
66.8271850000000001
21
-75.4062100000000015
0
LINE
8
BLACK
6
CONTINUOUS
10
66.8271850000000001
20
-75.4062100000000015
11
66.8531890000000004
21
-75.4050670000000025
0
LINE
8
BLACK
6
CONTINUOUS
10
66.8531890000000004
20
-75.4050670000000025
11
66.8563319999999948
21
-75.4062100000000015
0
LINE
8
BLACK
6
CONTINUOUS
10
66.8563319999999948
20
-75.4062100000000015
11
66.8596780000000024
21
-75.4062100000000015
0
LINE
8
BLACK
6
CONTINUOUS
10
66.8596780000000024
20
-75.4062100000000015
11
66.8837259999999958
21
-75.4161709999999914
0
LINE
8
BLACK
6
CONTINUOUS
10
66.8837259999999958
20
-75.4161709999999914
11
66.9081919999999997
21
-75.425067999999996
0
LINE
8
BLACK
6
CONTINUOUS
10
66.9081919999999997
20
-75.425067999999996
11
66.9106589999999954
21
-75.4273269999999911
0
LINE
8
BLACK
6
CONTINUOUS
10
66.9106589999999954
20
-75.4273269999999911
11
66.9137499999999932
21
-75.428607999999997
0
LINE
8
BLACK
6
CONTINUOUS
10
66.9137499999999932
20
-75.428607999999997
11
66.9321470000000005
21
-75.4470049999999901
0
LINE
8
BLACK
6
CONTINUOUS
10
66.9321470000000005
20
-75.4470049999999901
11
66.9513549999999924
21
-75.4645950000000028
0
LINE
8
BLACK
6
CONTINUOUS
10
66.9513549999999924
20
-75.4645950000000028
11
66.9537049999999994
21
-75.4685630000000032
0
LINE
8
BLACK
6
CONTINUOUS
10
66.9537049999999994
20
-75.4685630000000032
11
66.955134000000001
21
-75.4699919999999906
0
LINE
8
BLACK
6
CONTINUOUS
10
66.955134000000001
20
-75.4699919999999906
11
66.9564869999999956
21
-75.4732599999999962
0
LINE
8
BLACK
6
CONTINUOUS
10
66.9564869999999956
20
-75.4732599999999962
11
66.9663409999999999
21
-75.48989499999999
0
LINE
8
BLACK
6
CONTINUOUS
10
66.9663409999999999
20
-75.48989499999999
11
67.3304139999999904
21
-76.2700509999999952
0
LINE
8
BLACK
6
CONTINUOUS
10
67.3304139999999904
20
-76.2700509999999952
11
67.6944869999999952
21
-75.48989499999999
0
LINE
8
BLACK
6
CONTINUOUS
10
67.6944869999999952
20
-75.48989499999999
11
67.7043379999999928
21
-75.4732640000000004
0
LINE
8
BLACK
6
CONTINUOUS
10
67.7043379999999928
20
-75.4732640000000004
11
67.705693999999994
21
-75.4699919999999906
0
LINE
8
BLACK
6
CONTINUOUS
10
67.705693999999994
20
-75.4699919999999906
11
67.7071239999999932
21
-75.468560999999994
0
LINE
8
BLACK
6
CONTINUOUS
10
67.7071239999999932
20
-75.468560999999994
11
67.7094740000000002
21
-75.4645950000000028
0
LINE
8
BLACK
6
CONTINUOUS
10
67.7094740000000002
20
-75.4645950000000028
11
67.7286689999999965
21
-75.4470159999999908
0
LINE
8
BLACK
6
CONTINUOUS
10
67.7286689999999965
20
-75.4470159999999908
11
67.7470780000000019
21
-75.428607999999997
0
LINE
8
BLACK
6
CONTINUOUS
10
67.7470780000000019
20
-75.428607999999997
11
67.7501689999999996
21
-75.4273269999999911
0
LINE
8
BLACK
6
CONTINUOUS
10
67.7501689999999996
20
-75.4273269999999911
11
67.7526369999999929
21
-75.425067999999996
0
LINE
8
BLACK
6
CONTINUOUS
10
67.7526369999999929
20
-75.425067999999996
11
67.7770969999999977
21
-75.4161730000000006
0
LINE
8
BLACK
6
CONTINUOUS
10
67.7770969999999977
20
-75.4161730000000006
11
67.8011499999999927
21
-75.4062100000000015
0
LINE
8
BLACK
6
CONTINUOUS
10
67.8011499999999927
20
-75.4062100000000015
11
67.8044960000000003
21
-75.4062100000000015
0
LINE
8
BLACK
6
CONTINUOUS
10
67.8044960000000003
20
-75.4062100000000015
11
67.8076389999999947
21
-75.4050670000000025
0
LINE
8
BLACK
6
CONTINUOUS
10
67.8076389999999947
20
-75.4050670000000025
11
67.8336539999999957
21
-75.4062100000000015
0
LINE
8
BLACK
6
CONTINUOUS
10
56.3653709999999961
20
-75.5940300000000036
11
56.4464769999999945
21
-75.6482230000000015
0
LINE
8
BLACK
6
CONTINUOUS
10
56.4464769999999945
20
-75.6482230000000015
11
56.5006699999999995
21
-75.7293289999999928
0
LINE
8
BLACK
6
CONTINUOUS
10
56.5006699999999995
20
-75.7293289999999928
11
56.5197000000000003
21
-75.8250000000000028
0
LINE
8
BLACK
6
CONTINUOUS
10
56.5197000000000003
20
-75.8250000000000028
11
56.5197000000000003
21
-76.9249999999999972
0
LINE
8
BLACK
6
CONTINUOUS
10
56.5197000000000003
20
-76.9249999999999972
11
56.5006699999999995
21
-77.020670999999993
0
LINE
8
BLACK
6
CONTINUOUS
10
56.5006699999999995
20
-77.020670999999993
11
56.4464769999999945
21
-77.1017769999999985
0
LINE
8
BLACK
6
CONTINUOUS
10
56.4464769999999945
20
-77.1017769999999985
11
56.3653709999999961
21
-77.1559699999999964
0
LINE
8
BLACK
6
CONTINUOUS
10
56.3653709999999961
20
-77.1559699999999964
11
56.2697000000000003
21
-77.1749999999999972
0
LINE
8
BLACK
6
CONTINUOUS
10
56.2697000000000003
20
-77.1749999999999972
11
55.1696999999999989
21
-77.1749999999999972
0
LINE
8
BLACK
6
CONTINUOUS
10
55.1696999999999989
20
-77.1749999999999972
11
55.0740289999999959
21
-77.1559699999999964
0
LINE
8
BLACK
6
CONTINUOUS
10
55.0740289999999959
20
-77.1559699999999964
11
54.9929229999999976
21
-77.1017769999999985
0
LINE
8
BLACK
6
CONTINUOUS
10
54.9929229999999976
20
-77.1017769999999985
11
54.9387299999999996
21
-77.020670999999993
0
LINE
8
BLACK
6
CONTINUOUS
10
54.9387299999999996
20
-77.020670999999993
11
54.9196999999999989
21
-76.9249999999999972
0
LINE
8
BLACK
6
CONTINUOUS
10
54.9196999999999989
20
-76.9249999999999972
11
54.9196999999999989
21
-75.8250000000000028
0
LINE
8
BLACK
6
CONTINUOUS
10
54.9196999999999989
20
-75.8250000000000028
11
54.9387299999999996
21
-75.7293289999999928
0
LINE
8
BLACK
6
CONTINUOUS
10
54.9387299999999996
20
-75.7293289999999928
11
54.9929229999999976
21
-75.6482230000000015
0
LINE
8
BLACK
6
CONTINUOUS
10
54.9929229999999976
20
-75.6482230000000015
11
55.0740289999999959
21
-75.5940300000000036
0
LINE
8
BLACK
6
CONTINUOUS
10
55.0740289999999959
20
-75.5940300000000036
11
55.1696999999999989
21
-75.5750000000000028
0
LINE
8
BLACK
6
CONTINUOUS
10
55.1696999999999989
20
-75.5750000000000028
11
56.2697000000000003
21
-75.5750000000000028
0
LINE
8
BLACK
6
CONTINUOUS
10
56.2697000000000003
20
-75.5750000000000028
11
56.3653709999999961
21
-75.5940300000000036
0
LINE
8
BLACK
6
CONTINUOUS
10
59.4519279999999952
20
-75.6094480000000004
11
59.5968169999999944
21
-75.6694629999999933
0
LINE
8
BLACK
6
CONTINUOUS
10
59.5968169999999944
20
-75.6694629999999933
11
59.7272149999999939
21
-75.7565919999999977
0
LINE
8
BLACK
6
CONTINUOUS
10
59.7272149999999939
20
-75.7565919999999977
11
59.8381079999999983
21
-75.8674850000000021
0
LINE
8
BLACK
6
CONTINUOUS
10
59.8381079999999983
20
-75.8674850000000021
11
59.9252369999999956
21
-75.9978830000000016
0
LINE
8
BLACK
6
CONTINUOUS
10
59.9252369999999956
20
-75.9978830000000016
11
59.9852519999999956
21
-76.1427719999999937
0
LINE
8
BLACK
6
CONTINUOUS
10
59.9852519999999956
20
-76.1427719999999937
11
60.0158479999999983
21
-76.2965859999999907
0
LINE
8
BLACK
6
CONTINUOUS
10
60.0158479999999983
20
-76.2965859999999907
11
60.0158479999999983
21
-76.4534139999999951
0
LINE
8
BLACK
6
CONTINUOUS
10
60.0158479999999983
20
-76.4534139999999951
11
59.9852519999999956
21
-76.6072279999999921
0
LINE
8
BLACK
6
CONTINUOUS
10
59.9852519999999956
20
-76.6072279999999921
11
59.9252369999999956
21
-76.7521169999999984
0
LINE
8
BLACK
6
CONTINUOUS
10
59.9252369999999956
20
-76.7521169999999984
11
59.8381079999999983
21
-76.8825149999999979
0
LINE
8
BLACK
6
CONTINUOUS
10
59.8381079999999983
20
-76.8825149999999979
11
59.7272149999999939
21
-76.9934080000000023
0
LINE
8
BLACK
6
CONTINUOUS
10
59.7272149999999939
20
-76.9934080000000023
11
59.5968169999999944
21
-77.0805369999999925
0
LINE
8
BLACK
6
CONTINUOUS
10
59.5968169999999944
20
-77.0805369999999925
11
59.4519279999999952
21
-77.1405519999999996
0
LINE
8
BLACK
6
CONTINUOUS
10
59.4519279999999952
20
-77.1405519999999996
11
59.2981139999999982
21
-77.1711480000000023
0
LINE
8
BLACK
6
CONTINUOUS
10
59.2981139999999982
20
-77.1711480000000023
11
59.1412859999999938
21
-77.1711480000000023
0
LINE
8
BLACK
6
CONTINUOUS
10
59.1412859999999938
20
-77.1711480000000023
11
58.9874719999999968
21
-77.1405519999999996
0
LINE
8
BLACK
6
CONTINUOUS
10
58.9874719999999968
20
-77.1405519999999996
11
58.8425829999999976
21
-77.0805369999999925
0
LINE
8
BLACK
6
CONTINUOUS
10
58.8425829999999976
20
-77.0805369999999925
11
58.7121849999999981
21
-76.9934080000000023
0
LINE
8
BLACK
6
CONTINUOUS
10
58.7121849999999981
20
-76.9934080000000023
11
58.6012920000000008
21
-76.8825149999999979
0
LINE
8
BLACK
6
CONTINUOUS
10
58.6012920000000008
20
-76.8825149999999979
11
58.5141629999999964
21
-76.7521169999999984
0
LINE
8
BLACK
6
CONTINUOUS
10
58.5141629999999964
20
-76.7521169999999984
11
58.4541479999999964
21
-76.6072279999999921
0
LINE
8
BLACK
6
CONTINUOUS
10
58.4541479999999964
20
-76.6072279999999921
11
58.4235520000000008
21
-76.4534139999999951
0
LINE
8
BLACK
6
CONTINUOUS
10
58.4235520000000008
20
-76.4534139999999951
11
58.4235520000000008
21
-76.2965859999999907
0
LINE
8
BLACK
6
CONTINUOUS
10
58.4235520000000008
20
-76.2965859999999907
11
58.4541479999999964
21
-76.1427719999999937
0
LINE
8
BLACK
6
CONTINUOUS
10
58.4541479999999964
20
-76.1427719999999937
11
58.5141629999999964
21
-75.9978830000000016
0
LINE
8
BLACK
6
CONTINUOUS
10
58.5141629999999964
20
-75.9978830000000016
11
58.6012920000000008
21
-75.8674850000000021
0
LINE
8
BLACK
6
CONTINUOUS
10
58.6012920000000008
20
-75.8674850000000021
11
58.7121849999999981
21
-75.7565919999999977
0
LINE
8
BLACK
6
CONTINUOUS
10
58.7121849999999981
20
-75.7565919999999977
11
58.8425829999999976
21
-75.6694629999999933
0
LINE
8
BLACK
6
CONTINUOUS
10
58.8425829999999976
20
-75.6694629999999933
11
58.9874719999999968
21
-75.6094480000000004
0
LINE
8
BLACK
6
CONTINUOUS
10
58.9874719999999968
20
-75.6094480000000004
11
59.1412859999999938
21
-75.5788519999999977
0
LINE
8
BLACK
6
CONTINUOUS
10
59.1412859999999938
20
-75.5788519999999977
11
59.2981139999999982
21
-75.5788519999999977
0
LINE
8
BLACK
6
CONTINUOUS
10
59.2981139999999982
20
-75.5788519999999977
11
59.4519279999999952
21
-75.6094480000000004
0
LINE
8
BLACK
6
CONTINUOUS
10
89.6019280000000009
20
-75.6094480000000004
11
89.746816999999993
21
-75.6694629999999933
0
LINE
8
BLACK
6
CONTINUOUS
10
89.746816999999993
20
-75.6694629999999933
11
89.8772149999999925
21
-75.7565919999999977
0
LINE
8
BLACK
6
CONTINUOUS
10
89.8772149999999925
20
-75.7565919999999977
11
89.9881079999999969
21
-75.8674850000000021
0
LINE
8
BLACK
6
CONTINUOUS
10
89.9881079999999969
20
-75.8674850000000021
11
90.0752370000000013
21
-75.9978830000000016
0
LINE
8
BLACK
6
CONTINUOUS
10
90.0752370000000013
20
-75.9978830000000016
11
90.1352519999999942
21
-76.1427719999999937
0
LINE
8
BLACK
6
CONTINUOUS
10
90.1352519999999942
20
-76.1427719999999937
11
90.1658479999999969
21
-76.2965859999999907
0
LINE
8
BLACK
6
CONTINUOUS
10
90.1658479999999969
20
-76.2965859999999907
11
90.1658479999999969
21
-76.4534139999999951
0
LINE
8
BLACK
6
CONTINUOUS
10
90.1658479999999969
20
-76.4534139999999951
11
90.1352519999999942
21
-76.6072279999999921
0
LINE
8
BLACK
6
CONTINUOUS
10
90.1352519999999942
20
-76.6072279999999921
11
90.0752370000000013
21
-76.7521169999999984
0
LINE
8
BLACK
6
CONTINUOUS
10
90.0752370000000013
20
-76.7521169999999984
11
89.9881079999999969
21
-76.8825149999999979
0
LINE
8
BLACK
6
CONTINUOUS
10
89.9881079999999969
20
-76.8825149999999979
11
89.8772149999999925
21
-76.9934080000000023
0
LINE
8
BLACK
6
CONTINUOUS
10
89.8772149999999925
20
-76.9934080000000023
11
89.746816999999993
21
-77.0805369999999925
0
LINE
8
BLACK
6
CONTINUOUS
10
89.746816999999993
20
-77.0805369999999925
11
89.6019280000000009
21
-77.1405519999999996
0
LINE
8
BLACK
6
CONTINUOUS
10
89.6019280000000009
20
-77.1405519999999996
11
89.4481139999999897
21
-77.1711480000000023
0
LINE
8
BLACK
6
CONTINUOUS
10
89.4481139999999897
20
-77.1711480000000023
11
89.2912859999999995
21
-77.1711480000000023
0
LINE
8
BLACK
6
CONTINUOUS
10
89.2912859999999995
20
-77.1711480000000023
11
89.1374720000000025
21
-77.1405519999999996
0
LINE
8
BLACK
6
CONTINUOUS
10
89.1374720000000025
20
-77.1405519999999996
11
88.9925829999999962
21
-77.0805369999999925
0
LINE
8
BLACK
6
CONTINUOUS
10
88.9925829999999962
20
-77.0805369999999925
11
88.8621849999999966
21
-76.9934080000000023
0
LINE
8
BLACK
6
CONTINUOUS
10
88.8621849999999966
20
-76.9934080000000023
11
88.7512919999999923
21
-76.8825149999999979
0
LINE
8
BLACK
6
CONTINUOUS
10
88.7512919999999923
20
-76.8825149999999979
11
88.6641630000000021
21
-76.7521169999999984
0
LINE
8
BLACK
6
CONTINUOUS
10
88.6641630000000021
20
-76.7521169999999984
11
88.604147999999995
21
-76.6072279999999921
0
LINE
8
BLACK
6
CONTINUOUS
10
88.604147999999995
20
-76.6072279999999921
11
88.5735519999999923
21
-76.4534139999999951
0
LINE
8
BLACK
6
CONTINUOUS
10
88.5735519999999923
20
-76.4534139999999951
11
88.5735519999999923
21
-76.2965859999999907
0
LINE
8
BLACK
6
CONTINUOUS
10
88.5735519999999923
20
-76.2965859999999907
11
88.604147999999995
21
-76.1427719999999937
0
LINE
8
BLACK
6
CONTINUOUS
10
88.604147999999995
20
-76.1427719999999937
11
88.6641630000000021
21
-75.9978830000000016
0
LINE
8
BLACK
6
CONTINUOUS
10
88.6641630000000021
20
-75.9978830000000016
11
88.7512919999999923
21
-75.8674850000000021
0
LINE
8
BLACK
6
CONTINUOUS
10
88.7512919999999923
20
-75.8674850000000021
11
88.8621849999999966
21
-75.7565919999999977
0
LINE
8
BLACK
6
CONTINUOUS
10
88.8621849999999966
20
-75.7565919999999977
11
88.9925829999999962
21
-75.6694629999999933
0
LINE
8
BLACK
6
CONTINUOUS
10
88.9925829999999962
20
-75.6694629999999933
11
89.1374720000000025
21
-75.6094480000000004
0
LINE
8
BLACK
6
CONTINUOUS
10
89.1374720000000025
20
-75.6094480000000004
11
89.2912859999999995
21
-75.5788519999999977
0
LINE
8
BLACK
6
CONTINUOUS
10
89.2912859999999995
20
-75.5788519999999977
11
89.4481139999999897
21
-75.5788519999999977
0
LINE
8
BLACK
6
CONTINUOUS
10
89.4481139999999897
20
-75.5788519999999977
11
89.6019280000000009
21
-75.6094480000000004
0
LINE
8
BLACK
6
CONTINUOUS
10
97.2219279999999912
20
-75.6094480000000004
11
97.3668169999999975
21
-75.6694629999999933
0
LINE
8
BLACK
6
CONTINUOUS
10
97.3668169999999975
20
-75.6694629999999933
11
97.4972149999999971
21
-75.7565919999999977
0
LINE
8
BLACK
6
CONTINUOUS
10
97.4972149999999971
20
-75.7565919999999977
11
97.6081080000000014
21
-75.8674850000000021
0
LINE
8
BLACK
6
CONTINUOUS
10
97.6081080000000014
20
-75.8674850000000021
11
97.6952369999999917
21
-75.9978830000000016
0
LINE
8
BLACK
6
CONTINUOUS
10
97.6952369999999917
20
-75.9978830000000016
11
97.7552519999999987
21
-76.1427719999999937
0
LINE
8
BLACK
6
CONTINUOUS
10
97.7552519999999987
20
-76.1427719999999937
11
97.7858480000000014
21
-76.2965859999999907
0
LINE
8
BLACK
6
CONTINUOUS
10
97.7858480000000014
20
-76.2965859999999907
11
97.7858480000000014
21
-76.4534139999999951
0
LINE
8
BLACK
6
CONTINUOUS
10
97.7858480000000014
20
-76.4534139999999951
11
97.7552519999999987
21
-76.6072279999999921
0
LINE
8
BLACK
6
CONTINUOUS
10
97.7552519999999987
20
-76.6072279999999921
11
97.6952369999999917
21
-76.7521169999999984
0
LINE
8
BLACK
6
CONTINUOUS
10
97.6952369999999917
20
-76.7521169999999984
11
97.6081080000000014
21
-76.8825149999999979
0
LINE
8
BLACK
6
CONTINUOUS
10
97.6081080000000014
20
-76.8825149999999979
11
97.4972149999999971
21
-76.9934080000000023
0
LINE
8
BLACK
6
CONTINUOUS
10
97.4972149999999971
20
-76.9934080000000023
11
97.3668169999999975
21
-77.0805369999999925
0
LINE
8
BLACK
6
CONTINUOUS
10
97.3668169999999975
20
-77.0805369999999925
11
97.2219279999999912
21
-77.1405519999999996
0
LINE
8
BLACK
6
CONTINUOUS
10
97.2219279999999912
20
-77.1405519999999996
11
97.0681139999999942
21
-77.1711480000000023
0
LINE
8
BLACK
6
CONTINUOUS
10
97.0681139999999942
20
-77.1711480000000023
11
96.9112859999999898
21
-77.1711480000000023
0
LINE
8
BLACK
6
CONTINUOUS
10
96.9112859999999898
20
-77.1711480000000023
11
96.7574719999999928
21
-77.1405519999999996
0
LINE
8
BLACK
6
CONTINUOUS
10
96.7574719999999928
20
-77.1405519999999996
11
96.6125830000000008
21
-77.0805369999999925
0
LINE
8
BLACK
6
CONTINUOUS
10
96.6125830000000008
20
-77.0805369999999925
11
96.4821850000000012
21
-76.9934080000000023
0
LINE
8
BLACK
6
CONTINUOUS
10
96.4821850000000012
20
-76.9934080000000023
11
96.3712919999999968
21
-76.8825149999999979
0
LINE
8
BLACK
6
CONTINUOUS
10
96.3712919999999968
20
-76.8825149999999979
11
96.2841629999999924
21
-76.7521169999999984
0
LINE
8
BLACK
6
CONTINUOUS
10
96.2841629999999924
20
-76.7521169999999984
11
96.2241479999999996
21
-76.6072279999999921
0
LINE
8
BLACK
6
CONTINUOUS
10
96.2241479999999996
20
-76.6072279999999921
11
96.1935519999999968
21
-76.4534139999999951
0
LINE
8
BLACK
6
CONTINUOUS
10
96.1935519999999968
20
-76.4534139999999951
11
96.1935519999999968
21
-76.2965859999999907
0
LINE
8
BLACK
6
CONTINUOUS
10
96.1935519999999968
20
-76.2965859999999907
11
96.2241479999999996
21
-76.1427719999999937
0
LINE
8
BLACK
6
CONTINUOUS
10
96.2241479999999996
20
-76.1427719999999937
11
96.2841629999999924
21
-75.9978830000000016
0
LINE
8
BLACK
6
CONTINUOUS
10
96.2841629999999924
20
-75.9978830000000016
11
96.3712919999999968
21
-75.8674850000000021
0
LINE
8
BLACK
6
CONTINUOUS
10
96.3712919999999968
20
-75.8674850000000021
11
96.4821850000000012
21
-75.7565919999999977
0
LINE
8
BLACK
6
CONTINUOUS
10
96.4821850000000012
20
-75.7565919999999977
11
96.6125830000000008
21
-75.6694629999999933
0
LINE
8
BLACK
6
CONTINUOUS
10
96.6125830000000008
20
-75.6694629999999933
11
96.7574719999999928
21
-75.6094480000000004
0
LINE
8
BLACK
6
CONTINUOUS
10
96.7574719999999928
20
-75.6094480000000004
11
96.9112859999999898
21
-75.5788519999999977
0
LINE
8
BLACK
6
CONTINUOUS
10
96.9112859999999898
20
-75.5788519999999977
11
97.0681139999999942
21
-75.5788519999999977
0
LINE
8
BLACK
6
CONTINUOUS
10
97.0681139999999942
20
-75.5788519999999977
11
97.2219279999999912
21
-75.6094480000000004
0
LINE
8
BLACK
6
CONTINUOUS
10
107.3719279999999969
20
-75.6094480000000004
11
107.516816999999989
21
-75.6694629999999933
0
LINE
8
BLACK
6
CONTINUOUS
10
107.516816999999989
20
-75.6694629999999933
11
107.6472149999999885
21
-75.7565919999999977
0
LINE
8
BLACK
6
CONTINUOUS
10
107.6472149999999885
20
-75.7565919999999977
11
107.7581079999999929
21
-75.8674850000000021
0
LINE
8
BLACK
6
CONTINUOUS
10
107.7581079999999929
20
-75.8674850000000021
11
107.8452369999999974
21
-75.9978830000000016
0
LINE
8
BLACK
6
CONTINUOUS
10
107.8452369999999974
20
-75.9978830000000016
11
107.9052519999999902
21
-76.1427719999999937
0
LINE
8
BLACK
6
CONTINUOUS
10
107.9052519999999902
20
-76.1427719999999937
11
107.9358479999999929
21
-76.2965859999999907
0
LINE
8
BLACK
6
CONTINUOUS
10
107.9358479999999929
20
-76.2965859999999907
11
107.9358479999999929
21
-76.4534139999999951
0
LINE
8
BLACK
6
CONTINUOUS
10
107.9358479999999929
20
-76.4534139999999951
11
107.9052519999999902
21
-76.6072279999999921
0
LINE
8
BLACK
6
CONTINUOUS
10
107.9052519999999902
20
-76.6072279999999921
11
107.8452369999999974
21
-76.7521169999999984
0
LINE
8
BLACK
6
CONTINUOUS
10
107.8452369999999974
20
-76.7521169999999984
11
107.7581079999999929
21
-76.8825149999999979
0
LINE
8
BLACK
6
CONTINUOUS
10
107.7581079999999929
20
-76.8825149999999979
11
107.6472149999999885
21
-76.9934080000000023
0
LINE
8
BLACK
6
CONTINUOUS
10
107.6472149999999885
20
-76.9934080000000023
11
107.516816999999989
21
-77.0805369999999925
0
LINE
8
BLACK
6
CONTINUOUS
10
107.516816999999989
20
-77.0805369999999925
11
107.3719279999999969
21
-77.1405519999999996
0
LINE
8
BLACK
6
CONTINUOUS
10
107.3719279999999969
20
-77.1405519999999996
11
107.2181139999999999
21
-77.1711480000000023
0
LINE
8
BLACK
6
CONTINUOUS
10
107.2181139999999999
20
-77.1711480000000023
11
107.0612859999999955
21
-77.1711480000000023
0
LINE
8
BLACK
6
CONTINUOUS
10
107.0612859999999955
20
-77.1711480000000023
11
106.9074719999999985
21
-77.1405519999999996
0
LINE
8
BLACK
6
CONTINUOUS
10
106.9074719999999985
20
-77.1405519999999996
11
106.7625829999999922
21
-77.0805369999999925
0
LINE
8
BLACK
6
CONTINUOUS
10
106.7625829999999922
20
-77.0805369999999925
11
106.6321849999999927
21
-76.9934080000000023
0
LINE
8
BLACK
6
CONTINUOUS
10
106.6321849999999927
20
-76.9934080000000023
11
106.5212919999999883
21
-76.8825149999999979
0
LINE
8
BLACK
6
CONTINUOUS
10
106.5212919999999883
20
-76.8825149999999979
11
106.4341629999999981
21
-76.7521169999999984
0
LINE
8
BLACK
6
CONTINUOUS
10
106.4341629999999981
20
-76.7521169999999984
11
106.374147999999991
21
-76.6072279999999921
0
LINE
8
BLACK
6
CONTINUOUS
10
106.374147999999991
20
-76.6072279999999921
11
106.3435519999999883
21
-76.4534139999999951
0
LINE
8
BLACK
6
CONTINUOUS
10
106.3435519999999883
20
-76.4534139999999951
11
106.3435519999999883
21
-76.2965859999999907
0
LINE
8
BLACK
6
CONTINUOUS
10
106.3435519999999883
20
-76.2965859999999907
11
106.374147999999991
21
-76.1427719999999937
0
LINE
8
BLACK
6
CONTINUOUS
10
106.374147999999991
20
-76.1427719999999937
11
106.4341629999999981
21
-75.9978830000000016
0
LINE
8
BLACK
6
CONTINUOUS
10
106.4341629999999981
20
-75.9978830000000016
11
106.5212919999999883
21
-75.8674850000000021
0
LINE
8
BLACK
6
CONTINUOUS
10
106.5212919999999883
20
-75.8674850000000021
11
106.6321849999999927
21
-75.7565919999999977
0
LINE
8
BLACK
6
CONTINUOUS
10
106.6321849999999927
20
-75.7565919999999977
11
106.7625829999999922
21
-75.6694629999999933
0
LINE
8
BLACK
6
CONTINUOUS
10
106.7625829999999922
20
-75.6694629999999933
11
106.9074719999999985
21
-75.6094480000000004
0
LINE
8
BLACK
6
CONTINUOUS
10
106.9074719999999985
20
-75.6094480000000004
11
107.0612859999999955
21
-75.5788519999999977
0
LINE
8
BLACK
6
CONTINUOUS
10
107.0612859999999955
20
-75.5788519999999977
11
107.2181139999999999
21
-75.5788519999999977
0
LINE
8
BLACK
6
CONTINUOUS
10
107.2181139999999999
20
-75.5788519999999977
11
107.3719279999999969
21
-75.6094480000000004
0
LINE
8
BLACK
6
CONTINUOUS
10
114.9919280000000015
20
-75.6094480000000004
11
115.1368169999999935
21
-75.6694629999999933
0
LINE
8
BLACK
6
CONTINUOUS
10
115.1368169999999935
20
-75.6694629999999933
11
115.2672149999999931
21
-75.7565919999999977
0
LINE
8
BLACK
6
CONTINUOUS
10
115.2672149999999931
20
-75.7565919999999977
11
115.3781079999999974
21
-75.8674850000000021
0
LINE
8
BLACK
6
CONTINUOUS
10
115.3781079999999974
20
-75.8674850000000021
11
115.4652369999999877
21
-75.9978830000000016
0
LINE
8
BLACK
6
CONTINUOUS
10
115.4652369999999877
20
-75.9978830000000016
11
115.5252519999999947
21
-76.1427719999999937
0
LINE
8
BLACK
6
CONTINUOUS
10
115.5252519999999947
20
-76.1427719999999937
11
115.5558479999999975
21
-76.2965859999999907
0
LINE
8
BLACK
6
CONTINUOUS
10
115.5558479999999975
20
-76.2965859999999907
11
115.5558479999999975
21
-76.4534139999999951
0
LINE
8
BLACK
6
CONTINUOUS
10
115.5558479999999975
20
-76.4534139999999951
11
115.5252519999999947
21
-76.6072279999999921
0
LINE
8
BLACK
6
CONTINUOUS
10
115.5252519999999947
20
-76.6072279999999921
11
115.4652369999999877
21
-76.7521169999999984
0
LINE
8
BLACK
6
CONTINUOUS
10
115.4652369999999877
20
-76.7521169999999984
11
115.3781079999999974
21
-76.8825149999999979
0
LINE
8
BLACK
6
CONTINUOUS
10
115.3781079999999974
20
-76.8825149999999979
11
115.2672149999999931
21
-76.9934080000000023
0
LINE
8
BLACK
6
CONTINUOUS
10
115.2672149999999931
20
-76.9934080000000023
11
115.1368169999999935
21
-77.0805369999999925
0
LINE
8
BLACK
6
CONTINUOUS
10
115.1368169999999935
20
-77.0805369999999925
11
114.9919280000000015
21
-77.1405519999999996
0
LINE
8
BLACK
6
CONTINUOUS
10
114.9919280000000015
20
-77.1405519999999996
11
114.8381139999999903
21
-77.1711480000000023
0
LINE
8
BLACK
6
CONTINUOUS
10
114.8381139999999903
20
-77.1711480000000023
11
114.6812860000000001
21
-77.1711480000000023
0
LINE
8
BLACK
6
CONTINUOUS
10
114.6812860000000001
20
-77.1711480000000023
11
114.5274719999999888
21
-77.1405519999999996
0
LINE
8
BLACK
6
CONTINUOUS
10
114.5274719999999888
20
-77.1405519999999996
11
114.3825829999999968
21
-77.0805369999999925
0
LINE
8
BLACK
6
CONTINUOUS
10
114.3825829999999968
20
-77.0805369999999925
11
114.2521849999999972
21
-76.9934080000000023
0
LINE
8
BLACK
6
CONTINUOUS
10
114.2521849999999972
20
-76.9934080000000023
11
114.1412919999999929
21
-76.8825149999999979
0
LINE
8
BLACK
6
CONTINUOUS
10
114.1412919999999929
20
-76.8825149999999979
11
114.0541629999999884
21
-76.7521169999999984
0
LINE
8
BLACK
6
CONTINUOUS
10
114.0541629999999884
20
-76.7521169999999984
11
113.9941479999999956
21
-76.6072279999999921
0
LINE
8
BLACK
6
CONTINUOUS
10
113.9941479999999956
20
-76.6072279999999921
11
113.9635519999999929
21
-76.4534139999999951
0
LINE
8
BLACK
6
CONTINUOUS
10
113.9635519999999929
20
-76.4534139999999951
11
113.9635519999999929
21
-76.2965859999999907
0
LINE
8
BLACK
6
CONTINUOUS
10
113.9635519999999929
20
-76.2965859999999907
11
113.9941479999999956
21
-76.1427719999999937
0
LINE
8
BLACK
6
CONTINUOUS
10
113.9941479999999956
20
-76.1427719999999937
11
114.0541629999999884
21
-75.9978830000000016
0
LINE
8
BLACK
6
CONTINUOUS
10
114.0541629999999884
20
-75.9978830000000016
11
114.1412919999999929
21
-75.8674850000000021
0
LINE
8
BLACK
6
CONTINUOUS
10
114.1412919999999929
20
-75.8674850000000021
11
114.2521849999999972
21
-75.7565919999999977
0
LINE
8
BLACK
6
CONTINUOUS
10
114.2521849999999972
20
-75.7565919999999977
11
114.3825829999999968
21
-75.6694629999999933
0
LINE
8
BLACK
6
CONTINUOUS
10
114.3825829999999968
20
-75.6694629999999933
11
114.5274719999999888
21
-75.6094480000000004
0
LINE
8
BLACK
6
CONTINUOUS
10
114.5274719999999888
20
-75.6094480000000004
11
114.6812860000000001
21
-75.5788519999999977
0
LINE
8
BLACK
6
CONTINUOUS
10
114.6812860000000001
20
-75.5788519999999977
11
114.8381139999999903
21
-75.5788519999999977
0
LINE
8
BLACK
6
CONTINUOUS
10
114.8381139999999903
20
-75.5788519999999977
11
114.9919280000000015
21
-75.6094480000000004
0
LINE
8
BLACK
6
CONTINUOUS
10
93.9441130000000015
20
-72.181209999999993
11
93.9589639999999946
21
-72.181209999999993
0
LINE
8
BLACK
6
CONTINUOUS
10
93.9589639999999946
20
-72.181209999999993
11
93.9725380000000001
21
-72.1868319999999954
0
LINE
8
BLACK
6
CONTINUOUS
10
93.9725380000000001
20
-72.1868319999999954
11
93.9869569999999896
21
-72.1896849999999972
0
LINE
8
BLACK
6
CONTINUOUS
10
93.9869569999999896
20
-72.1896849999999972
11
93.9993169999999907
21
-72.1979249999999979
0
LINE
8
BLACK
6
CONTINUOUS
10
93.9993169999999907
20
-72.1979249999999979
11
94.0130359999999996
21
-72.2036080000000027
0
LINE
8
BLACK
6
CONTINUOUS
10
94.0130359999999996
20
-72.2036080000000027
11
94.0234249999999889
21
-72.213996999999992
0
LINE
8
BLACK
6
CONTINUOUS
10
94.0234249999999889
20
-72.213996999999992
11
94.0356559999999888
21
-72.2221509999999967
0
LINE
8
BLACK
6
CONTINUOUS
10
94.0356559999999888
20
-72.2221509999999967
11
94.0439209999999974
21
-72.2344930000000005
0
LINE
8
BLACK
6
CONTINUOUS
10
94.0439209999999974
20
-72.2344930000000005
11
94.0544199999999933
21
-72.2449919999999963
0
LINE
8
BLACK
6
CONTINUOUS
10
94.0544199999999933
20
-72.2449919999999963
11
94.0600429999999932
21
-72.2585679999999968
0
LINE
8
BLACK
6
CONTINUOUS
10
94.0600429999999932
20
-72.2585679999999968
11
94.0682219999999916
21
-72.2707809999999995
0
LINE
8
BLACK
6
CONTINUOUS
10
94.0682219999999916
20
-72.2707809999999995
11
94.0711340000000007
21
-72.2853429999999975
0
LINE
8
BLACK
6
CONTINUOUS
10
94.0711340000000007
20
-72.2853429999999975
11
94.0768179999999887
21
-72.2990640000000013
0
LINE
8
BLACK
6
CONTINUOUS
10
94.0768179999999887
20
-72.2990640000000013
11
94.0796689999999955
21
-72.328015999999991
0
LINE
8
BLACK
6
CONTINUOUS
10
94.0796689999999955
20
-72.328015999999991
11
94.0797000000000025
21
-72.3281700000000001
0
LINE
8
BLACK
6
CONTINUOUS
10
94.0797000000000025
20
-72.3281700000000001
11
94.0796890000000019
21
-72.3282219999999967
0
LINE
8
BLACK
6
CONTINUOUS
10
94.0796890000000019
20
-72.3282219999999967
11
94.0797000000000025
21
-72.3283279999999991
0
LINE
8
BLACK
6
CONTINUOUS
10
94.0797000000000025
20
-72.3283279999999991
11
94.0797000000000025
21
-73.6783279999999934
0
LINE
8
BLACK
6
CONTINUOUS
10
94.0797000000000025
20
-73.6783279999999934
11
94.3582719999999995
21
-73.6783279999999934
0
LINE
8
BLACK
6
CONTINUOUS
10
94.3582719999999995
20
-73.6783279999999934
11
94.3875359999999972
21
-73.681209999999993
0
LINE
8
BLACK
6
CONTINUOUS
10
94.3875359999999972
20
-73.681209999999993
11
94.4416080000000022
21
-73.7036080000000027
0
LINE
8
BLACK
6
CONTINUOUS
10
94.4416080000000022
20
-73.7036080000000027
11
94.4829919999999959
21
-73.7449919999999963
0
LINE
8
BLACK
6
CONTINUOUS
10
94.4829919999999959
20
-73.7449919999999963
11
94.5053899999999913
21
-73.7990640000000013
0
LINE
8
BLACK
6
CONTINUOUS
10
94.5053899999999913
20
-73.7990640000000013
11
94.5053899999999913
21
-73.8575919999999968
0
LINE
8
BLACK
6
CONTINUOUS
10
94.5053899999999913
20
-73.8575919999999968
11
94.4829919999999959
21
-73.9116640000000018
0
LINE
8
BLACK
6
CONTINUOUS
10
94.4829919999999959
20
-73.9116640000000018
11
94.4416080000000022
21
-73.9530479999999955
0
LINE
8
BLACK
6
CONTINUOUS
10
94.4416080000000022
20
-73.9530479999999955
11
94.3875359999999972
21
-73.9754459999999909
0
LINE
8
BLACK
6
CONTINUOUS
10
94.3875359999999972
20
-73.9754459999999909
11
94.3582719999999995
21
-73.9783279999999905
0
LINE
8
BLACK
6
CONTINUOUS
10
94.3582719999999995
20
-73.9783279999999905
11
93.5011289999999917
21
-73.9783279999999905
0
LINE
8
BLACK
6
CONTINUOUS
10
93.5011289999999917
20
-73.9783279999999905
11
93.471864999999994
21
-73.9754459999999909
0
LINE
8
BLACK
6
CONTINUOUS
10
93.471864999999994
20
-73.9754459999999909
11
93.417792999999989
21
-73.9530479999999955
0
LINE
8
BLACK
6
CONTINUOUS
10
93.417792999999989
20
-73.9530479999999955
11
93.3764089999999953
21
-73.9116640000000018
0
LINE
8
BLACK
6
CONTINUOUS
10
93.3764089999999953
20
-73.9116640000000018
11
93.3540109999999999
21
-73.8575919999999968
0
LINE
8
BLACK
6
CONTINUOUS
10
93.3540109999999999
20
-73.8575919999999968
11
93.3540109999999999
21
-73.7990640000000013
0
LINE
8
BLACK
6
CONTINUOUS
10
93.3540109999999999
20
-73.7990640000000013
11
93.3764089999999953
21
-73.7449919999999963
0
LINE
8
BLACK
6
CONTINUOUS
10
93.3764089999999953
20
-73.7449919999999963
11
93.417792999999989
21
-73.7036080000000027
0
LINE
8
BLACK
6
CONTINUOUS
10
93.417792999999989
20
-73.7036080000000027
11
93.471864999999994
21
-73.681209999999993
0
LINE
8
BLACK
6
CONTINUOUS
10
93.471864999999994
20
-73.681209999999993
11
93.5011289999999917
21
-73.6783279999999934
0
LINE
8
BLACK
6
CONTINUOUS
10
93.5011289999999917
20
-73.6783279999999934
11
93.7796999999999912
21
-73.6783279999999934
0
LINE
8
BLACK
6
CONTINUOUS
10
93.7796999999999912
20
-73.6783279999999934
11
93.7796999999999912
21
-72.7618889999999965
0
LINE
8
BLACK
6
CONTINUOUS
10
93.7796999999999912
20
-72.7618889999999965
11
93.7500519999999966
21
-72.7915369999999911
0
LINE
8
BLACK
6
CONTINUOUS
10
93.7500519999999966
20
-72.7915369999999911
11
93.7385499999999894
21
-72.8009759999999915
0
LINE
8
BLACK
6
CONTINUOUS
10
93.7385499999999894
20
-72.8009759999999915
11
93.7359539999999924
21
-72.8039699999999925
0
LINE
8
BLACK
6
CONTINUOUS
10
93.7359539999999924
20
-72.8039699999999925
11
93.7314399999999921
21
-72.8068099999999987
0
LINE
8
BLACK
6
CONTINUOUS
10
93.7314399999999921
20
-72.8068099999999987
11
93.7273209999999892
21
-72.8101920000000007
0
LINE
8
BLACK
6
CONTINUOUS
10
93.7273209999999892
20
-72.8101920000000007
11
93.7236609999999928
21
-72.8117069999999984
0
LINE
8
BLACK
6
CONTINUOUS
10
93.7236609999999928
20
-72.8117069999999984
11
93.7110679999999974
21
-72.819634999999991
0
LINE
8
BLACK
6
CONTINUOUS
10
93.7110679999999974
20
-72.819634999999991
11
93.5682109999999909
21
-72.8910640000000001
0
LINE
8
BLACK
6
CONTINUOUS
10
93.5682109999999909
20
-72.8910640000000001
11
93.5407479999999936
21
-72.9015729999999991
0
LINE
8
BLACK
6
CONTINUOUS
10
93.5407479999999936
20
-72.9015729999999991
11
93.4823679999999939
21
-72.9057219999999973
0
LINE
8
BLACK
6
CONTINUOUS
10
93.4823679999999939
20
-72.9057219999999973
11
93.4268450000000001
21
-72.8872149999999976
0
LINE
8
BLACK
6
CONTINUOUS
10
93.4268450000000001
20
-72.8872149999999976
11
93.3826299999999918
21
-72.848867999999996
0
LINE
8
BLACK
6
CONTINUOUS
10
93.3826299999999918
20
-72.848867999999996
11
93.3564559999999943
21
-72.7965190000000035
0
LINE
8
BLACK
6
CONTINUOUS
10
93.3564559999999943
20
-72.7965190000000035
11
93.3523069999999962
21
-72.7381389999999897
0
LINE
8
BLACK
6
CONTINUOUS
10
93.3523069999999962
20
-72.7381389999999897
11
93.3708139999999958
21
-72.6826159999999959
0
LINE
8
BLACK
6
CONTINUOUS
10
93.3708139999999958
20
-72.6826159999999959
11
93.4091609999999974
21
-72.6384010000000018
0
LINE
8
BLACK
6
CONTINUOUS
10
93.4091609999999974
20
-72.6384010000000018
11
93.4340469999999925
21
-72.6227360000000033
0
LINE
8
BLACK
6
CONTINUOUS
10
93.4340469999999925
20
-72.6227360000000033
11
93.5551320000000004
21
-72.562191999999996
0
LINE
8
BLACK
6
CONTINUOUS
10
93.5551320000000004
20
-72.562191999999996
11
93.6702729999999946
21
-72.4470510000000019
0
LINE
8
BLACK
6
CONTINUOUS
10
93.6702729999999946
20
-72.4470510000000019
11
93.8048929999999928
21
-72.2451229999999924
0
LINE
8
BLACK
6
CONTINUOUS
10
93.8048929999999928
20
-72.2451229999999924
11
93.8049589999999966
21
-72.245041999999998
0
LINE
8
BLACK
6
CONTINUOUS
10
93.8049589999999966
20
-72.245041999999998
11
93.8049800000000005
21
-72.2449919999999963
0
LINE
8
BLACK
6
CONTINUOUS
10
93.8049800000000005
20
-72.2449919999999963
11
93.8050909999999902
21
-72.2448799999999949
0
LINE
8
BLACK
6
CONTINUOUS
10
93.8050909999999902
20
-72.2448799999999949
11
93.8235229999999945
21
-72.2223719999999929
0
LINE
8
BLACK
6
CONTINUOUS
10
93.8235229999999945
20
-72.2223719999999929
11
93.8358649999999983
21
-72.214106000000001
0
LINE
8
BLACK
6
CONTINUOUS
10
93.8358649999999983
20
-72.214106000000001
11
93.8463639999999941
21
-72.2036080000000027
0
LINE
8
BLACK
6
CONTINUOUS
10
93.8463639999999941
20
-72.2036080000000027
11
93.8599399999999946
21
-72.1979839999999911
0
LINE
8
BLACK
6
CONTINUOUS
10
93.8599399999999946
20
-72.1979839999999911
11
93.8721529999999973
21
-72.1898059999999901
0
LINE
8
BLACK
6
CONTINUOUS
10
93.8721529999999973
20
-72.1898059999999901
11
93.8867139999999978
21
-72.1868929999999978
0
LINE
8
BLACK
6
CONTINUOUS
10
93.8867139999999978
20
-72.1868929999999978
11
93.9004359999999991
21
-72.181209999999993
0
LINE
8
BLACK
6
CONTINUOUS
10
93.9004359999999991
20
-72.181209999999993
11
93.9151329999999973
21
-72.181209999999993
0
LINE
8
BLACK
6
CONTINUOUS
10
93.9151329999999973
20
-72.181209999999993
11
93.9295429999999953
21
-72.1783279999999934
0
LINE
8
BLACK
6
CONTINUOUS
10
93.9295429999999953
20
-72.1783279999999934
11
93.9441130000000015
21
-72.181209999999993
0
LINE
8
BLACK
6
CONTINUOUS
10
92.6732499999999959
20
-72.181209999999993
11
92.6782299999999992
21
-72.1832729999999998
0
LINE
8
BLACK
6
CONTINUOUS
10
92.6782299999999992
20
-72.1832729999999998
11
92.683605
21
-72.1836550000000017
0
LINE
8
BLACK
6
CONTINUOUS
10
92.683605
20
-72.1836550000000017
11
92.7110679999999974
21
-72.1941640000000007
0
LINE
8
BLACK
6
CONTINUOUS
10
92.7110679999999974
20
-72.1941640000000007
11
92.8539249999999896
21
-72.2655929999999955
0
LINE
8
BLACK
6
CONTINUOUS
10
92.8539249999999896
20
-72.2655929999999955
11
92.8665199999999942
21
-72.2735210000000023
0
LINE
8
BLACK
6
CONTINUOUS
10
92.8665199999999942
20
-72.2735210000000023
11
92.8701769999999982
21
-72.2750360000000001
0
LINE
8
BLACK
6
CONTINUOUS
10
92.8701769999999982
20
-72.2750360000000001
11
92.8742939999999919
21
-72.2784149999999954
0
LINE
8
BLACK
6
CONTINUOUS
10
92.8742939999999919
20
-72.2784149999999954
11
92.8788109999999989
21
-72.281257999999994
0
LINE
8
BLACK
6
CONTINUOUS
10
92.8788109999999989
20
-72.281257999999994
11
92.8814079999999933
21
-72.2842519999999951
0
LINE
8
BLACK
6
CONTINUOUS
10
92.8814079999999933
20
-72.2842519999999951
11
92.8929079999999914
21
-72.293689999999998
0
LINE
8
BLACK
6
CONTINUOUS
10
92.8929079999999914
20
-72.293689999999998
11
92.9643370000000004
21
-72.3651179999999954
0
LINE
8
BLACK
6
CONTINUOUS
10
92.9643370000000004
20
-72.3651179999999954
11
92.9737789999999933
21
-72.376622999999995
0
LINE
8
BLACK
6
CONTINUOUS
10
92.9737789999999933
20
-72.376622999999995
11
92.9767709999999994
21
-72.3792179999999945
0
LINE
8
BLACK
6
CONTINUOUS
10
92.9767709999999994
20
-72.3792179999999945
11
92.9796099999999939
21
-72.3837279999999907
0
LINE
8
BLACK
6
CONTINUOUS
10
92.9796099999999939
20
-72.3837279999999907
11
92.9829919999999959
21
-72.3878490000000028
0
LINE
8
BLACK
6
CONTINUOUS
10
92.9829919999999959
20
-72.3878490000000028
11
92.9845069999999936
21
-72.3915080000000017
0
LINE
8
BLACK
6
CONTINUOUS
10
92.9845069999999936
20
-72.3915080000000017
11
92.9924359999999979
21
-72.4041029999999921
0
LINE
8
BLACK
6
CONTINUOUS
10
92.9924359999999979
20
-72.4041029999999921
11
93.0638639999999953
21
-72.546960999999996
0
LINE
8
BLACK
6
CONTINUOUS
10
93.0638639999999953
20
-72.546960999999996
11
93.0743739999999917
21
-72.5744239999999934
0
LINE
8
BLACK
6
CONTINUOUS
10
93.0743739999999917
20
-72.5744239999999934
11
93.0747549999999961
21
-72.5797989999999942
0
LINE
8
BLACK
6
CONTINUOUS
10
93.0747549999999961
20
-72.5797989999999942
11
93.0768179999999887
21
-72.584778
0
LINE
8
BLACK
6
CONTINUOUS
10
93.0768179999999887
20
-72.584778
11
93.0797000000000025
21
-72.6140419999999978
0
LINE
8
BLACK
6
CONTINUOUS
10
93.0797000000000025
20
-72.6140419999999978
11
93.0797000000000025
21
-72.8283279999999991
0
LINE
8
BLACK
6
CONTINUOUS
10
93.0797000000000025
20
-72.8283279999999991
11
93.0768179999999887
21
-72.8575919999999968
0
LINE
8
BLACK
6
CONTINUOUS
10
93.0768179999999887
20
-72.8575919999999968
11
93.0747549999999961
21
-72.862569999999991
0
LINE
8
BLACK
6
CONTINUOUS
10
93.0747549999999961
20
-72.862569999999991
11
93.0743739999999917
21
-72.8679460000000034
0
LINE
8
BLACK
6
CONTINUOUS
10
93.0743739999999917
20
-72.8679460000000034
11
93.0638639999999953
21
-72.8954090000000008
0
LINE
8
BLACK
6
CONTINUOUS
10
93.0638639999999953
20
-72.8954090000000008
11
92.9924359999999979
21
-73.0382669999999905
0
LINE
8
BLACK
6
CONTINUOUS
10
92.9924359999999979
20
-73.0382669999999905
11
92.9845090000000027
21
-73.050857999999991
0
LINE
8
BLACK
6
CONTINUOUS
10
92.9845090000000027
20
-73.050857999999991
11
92.9829929999999933
21
-73.0545199999999966
0
LINE
8
BLACK
6
CONTINUOUS
10
92.9829929999999933
20
-73.0545199999999966
11
92.9796089999999964
21
-73.0586419999999919
0
LINE
8
BLACK
6
CONTINUOUS
10
92.9796089999999964
20
-73.0586419999999919
11
92.9767709999999994
21
-73.0631520000000023
0
LINE
8
BLACK
6
CONTINUOUS
10
92.9767709999999994
20
-73.0631520000000023
11
92.9737789999999933
21
-73.0657459999999901
0
LINE
8
BLACK
6
CONTINUOUS
10
92.9737789999999933
20
-73.0657459999999901
11
92.9643379999999979
21
-73.0772509999999897
0
LINE
8
BLACK
6
CONTINUOUS
10
92.9643379999999979
20
-73.0772509999999897
11
92.8929089999999889
21
-73.1486799999999988
0
LINE
8
BLACK
6
CONTINUOUS
10
92.8929089999999889
20
-73.1486799999999988
11
92.8814069999999958
21
-73.1581189999999992
0
LINE
8
BLACK
6
CONTINUOUS
10
92.8814069999999958
20
-73.1581189999999992
11
92.8788109999999989
21
-73.1611130000000003
0
LINE
8
BLACK
6
CONTINUOUS
10
92.8788109999999989
20
-73.1611130000000003
11
92.8742969999999985
21
-73.1639529999999922
0
LINE
8
BLACK
6
CONTINUOUS
10
92.8742969999999985
20
-73.1639529999999922
11
92.8701779999999957
21
-73.1673349999999942
0
LINE
8
BLACK
6
CONTINUOUS
10
92.8701779999999957
20
-73.1673349999999942
11
92.8665179999999992
21
-73.168849999999992
0
LINE
8
BLACK
6
CONTINUOUS
10
92.8665179999999992
20
-73.168849999999992
11
92.8539249999999896
21
-73.1767779999999988
0
LINE
8
BLACK
6
CONTINUOUS
10
92.8539249999999896
20
-73.1767779999999988
11
92.7110679999999974
21
-73.2482059999999962
0
LINE
8
BLACK
6
CONTINUOUS
10
92.7110679999999974
20
-73.2482059999999962
11
92.7076330000000013
21
-73.2495199999999897
0
LINE
8
BLACK
6
CONTINUOUS
10
92.7076330000000013
20
-73.2495199999999897
11
93.0525849999999934
21
-73.7423089999999917
0
LINE
8
BLACK
6
CONTINUOUS
10
93.0525849999999934
20
-73.7423089999999917
11
93.0670059999999921
21
-73.7679349999999943
0
LINE
8
BLACK
6
CONTINUOUS
10
93.0670059999999921
20
-73.7679349999999943
11
93.0796649999999914
21
-73.8250769999999932
0
LINE
8
BLACK
6
CONTINUOUS
10
93.0796649999999914
20
-73.8250769999999932
11
93.0694939999999917
21
-73.8827129999999954
0
LINE
8
BLACK
6
CONTINUOUS
10
93.0694939999999917
20
-73.8827129999999954
11
93.0380409999999927
21
-73.932069999999996
0
LINE
8
BLACK
6
CONTINUOUS
10
93.0380409999999927
20
-73.932069999999996
11
92.9900930000000017
21
-73.9656339999999943
0
LINE
8
BLACK
6
CONTINUOUS
10
92.9900930000000017
20
-73.9656339999999943
11
92.9329510000000028
21
-73.9782929999999936
0
LINE
8
BLACK
6
CONTINUOUS
10
92.9329510000000028
20
-73.9782929999999936
11
92.8753150000000005
21
-73.9681219999999939
0
LINE
8
BLACK
6
CONTINUOUS
10
92.8753150000000005
20
-73.9681219999999939
11
92.825958
21
-73.9366689999999949
0
LINE
8
BLACK
6
CONTINUOUS
10
92.825958
20
-73.9366689999999949
11
92.8068150000000003
21
-73.9143469999999922
0
LINE
8
BLACK
6
CONTINUOUS
10
92.8068150000000003
20
-73.9143469999999922
11
92.3516019999999997
21
-73.2640420000000034
0
LINE
8
BLACK
6
CONTINUOUS
10
92.3516019999999997
20
-73.2640420000000034
11
92.2225569999999948
21
-73.2640420000000034
0
LINE
8
BLACK
6
CONTINUOUS
10
92.2225569999999948
20
-73.2640420000000034
11
92.2225569999999948
21
-73.8283279999999991
0
LINE
8
BLACK
6
CONTINUOUS
10
92.2225569999999948
20
-73.8283279999999991
11
92.2196749999999952
21
-73.8575919999999968
0
LINE
8
BLACK
6
CONTINUOUS
10
92.2196749999999952
20
-73.8575919999999968
11
92.1972769999999997
21
-73.9116640000000018
0
LINE
8
BLACK
6
CONTINUOUS
10
92.1972769999999997
20
-73.9116640000000018
11
92.1558929999999918
21
-73.9530479999999955
0
LINE
8
BLACK
6
CONTINUOUS
10
92.1558929999999918
20
-73.9530479999999955
11
92.101821000000001
21
-73.9754459999999909
0
LINE
8
BLACK
6
CONTINUOUS
10
92.101821000000001
20
-73.9754459999999909
11
92.0432929999999914
21
-73.9754459999999909
0
LINE
8
BLACK
6
CONTINUOUS
10
92.0432929999999914
20
-73.9754459999999909
11
91.9892210000000006
21
-73.9530479999999955
0
LINE
8
BLACK
6
CONTINUOUS
10
91.9892210000000006
20
-73.9530479999999955
11
91.9478369999999927
21
-73.9116640000000018
0
LINE
8
BLACK
6
CONTINUOUS
10
91.9478369999999927
20
-73.9116640000000018
11
91.9254389999999972
21
-73.8575919999999968
0
LINE
8
BLACK
6
CONTINUOUS
10
91.9254389999999972
20
-73.8575919999999968
11
91.9225569999999976
21
-73.8283279999999991
0
LINE
8
BLACK
6
CONTINUOUS
10
91.9225569999999976
20
-73.8283279999999991
11
91.9225569999999976
21
-72.3283279999999991
0
LINE
8
BLACK
6
CONTINUOUS
10
91.9225569999999976
20
-72.3283279999999991
11
91.9254389999999972
21
-72.2990640000000013
0
LINE
8
BLACK
6
CONTINUOUS
10
91.9254389999999972
20
-72.2990640000000013
11
91.9478369999999927
21
-72.2449919999999963
0
LINE
8
BLACK
6
CONTINUOUS
10
91.9478369999999927
20
-72.2449919999999963
11
91.9892210000000006
21
-72.2036080000000027
0
LINE
8
BLACK
6
CONTINUOUS
10
91.9892210000000006
20
-72.2036080000000027
11
92.0432929999999914
21
-72.181209999999993
0
LINE
8
BLACK
6
CONTINUOUS
10
92.0432929999999914
20
-72.181209999999993
11
92.0725569999999891
21
-72.1783279999999934
0
LINE
8
BLACK
6
CONTINUOUS
10
92.0725569999999891
20
-72.1783279999999934
11
92.6439859999999982
21
-72.1783279999999934
0
LINE
8
BLACK
6
CONTINUOUS
10
92.6439859999999982
20
-72.1783279999999934
11
92.6732499999999959
21
-72.181209999999993
0
LINE
8
BLACK
6
CONTINUOUS
10
92.2225569999999948
20
-72.9640419999999921
11
92.6085759999999993
21
-72.9640419999999921
0
LINE
8
BLACK
6
CONTINUOUS
10
92.6085759999999993
20
-72.9640419999999921
11
92.6979879999999952
21
-72.9193360000000013
0
LINE
8
BLACK
6
CONTINUOUS
10
92.6979879999999952
20
-72.9193360000000013
11
92.7349930000000029
21
-72.8823309999999935
0
LINE
8
BLACK
6
CONTINUOUS
10
92.7349930000000029
20
-72.8823309999999935
11
92.7796999999999912
21
-72.7929180000000002
0
LINE
8
BLACK
6
CONTINUOUS
10
92.7796999999999912
20
-72.7929180000000002
11
92.7796999999999912
21
-72.6494509999999991
0
LINE
8
BLACK
6
CONTINUOUS
10
92.7796999999999912
20
-72.6494509999999991
11
92.7349940000000004
21
-72.5600390000000033
0
LINE
8
BLACK
6
CONTINUOUS
10
92.7349940000000004
20
-72.5600390000000033
11
92.6979899999999901
21
-72.523034999999993
0
LINE
8
BLACK
6
CONTINUOUS
10
92.6979899999999901
20
-72.523034999999993
11
92.6085759999999993
21
-72.4783279999999905
0
LINE
8
BLACK
6
CONTINUOUS
10
92.6085759999999993
20
-72.4783279999999905
11
92.2225569999999948
21
-72.4783279999999905
0
LINE
8
BLACK
6
CONTINUOUS
10
92.2225569999999948
20
-72.4783279999999905
11
92.2225569999999948
21
-72.9640419999999921
0
LINE
8
BLACK
6
CONTINUOUS
10
111.8718209999999971
20
-72.181209999999993
11
111.8767979999999937
21
-72.1832709999999906
0
LINE
8
BLACK
6
CONTINUOUS
10
111.8767979999999937
20
-72.1832709999999906
11
111.8821760000000012
21
-72.18365399999999
0
LINE
8
BLACK
6
CONTINUOUS
10
111.8821760000000012
20
-72.18365399999999
11
111.9096389999999985
21
-72.1941640000000007
0
LINE
8
BLACK
6
CONTINUOUS
10
111.9096389999999985
20
-72.1941640000000007
11
112.0524969999999882
21
-72.2655929999999955
0
LINE
8
BLACK
6
CONTINUOUS
10
112.0524969999999882
20
-72.2655929999999955
11
112.0650899999999979
21
-72.2735199999999907
0
LINE
8
BLACK
6
CONTINUOUS
10
112.0650899999999979
20
-72.2735199999999907
11
112.0687499999999943
21
-72.2750360000000001
0
LINE
8
BLACK
6
CONTINUOUS
10
112.0687499999999943
20
-72.2750360000000001
11
112.0728689999999972
21
-72.2784169999999904
0
LINE
8
BLACK
6
CONTINUOUS
10
112.0728689999999972
20
-72.2784169999999904
11
112.0773829999999975
21
-72.281257999999994
0
LINE
8
BLACK
6
CONTINUOUS
10
112.0773829999999975
20
-72.281257999999994
11
112.0799789999999945
21
-72.2842509999999976
0
LINE
8
BLACK
6
CONTINUOUS
10
112.0799789999999945
20
-72.2842509999999976
11
112.0914810000000017
21
-72.2936909999999955
0
LINE
8
BLACK
6
CONTINUOUS
10
112.0914810000000017
20
-72.2936909999999955
11
112.1629089999999991
21
-72.3651189999999929
0
LINE
8
BLACK
6
CONTINUOUS
10
112.1629089999999991
20
-72.3651189999999929
11
112.172348999999997
21
-72.3766210000000001
0
LINE
8
BLACK
6
CONTINUOUS
10
112.172348999999997
20
-72.3766210000000001
11
112.1753420000000006
21
-72.379216999999997
0
LINE
8
BLACK
6
CONTINUOUS
10
112.1753420000000006
20
-72.379216999999997
11
112.1781799999999976
21
-72.3837259999999958
0
LINE
8
BLACK
6
CONTINUOUS
10
112.1781799999999976
20
-72.3837259999999958
11
112.1815639999999945
21
-72.3878490000000028
0
LINE
8
BLACK
6
CONTINUOUS
10
112.1815639999999945
20
-72.3878490000000028
11
112.1830799999999897
21
-72.3915109999999942
0
LINE
8
BLACK
6
CONTINUOUS
10
112.1830799999999897
20
-72.3915109999999942
11
112.191006999999999
21
-72.4041029999999921
0
LINE
8
BLACK
6
CONTINUOUS
10
112.191006999999999
20
-72.4041029999999921
11
112.2624359999999939
21
-72.5469590000000011
0
LINE
8
BLACK
6
CONTINUOUS
10
112.2624359999999939
20
-72.5469590000000011
11
112.2729449999999929
21
-72.5744229999999959
0
LINE
8
BLACK
6
CONTINUOUS
10
112.2729449999999929
20
-72.5744229999999959
11
112.2733259999999973
21
-72.5797969999999992
0
LINE
8
BLACK
6
CONTINUOUS
10
112.2733259999999973
20
-72.5797969999999992
11
112.2753900000000016
21
-72.584778
0
LINE
8
BLACK
6
CONTINUOUS
10
112.2753900000000016
20
-72.584778
11
112.2782720000000012
21
-72.6140419999999978
0
LINE
8
BLACK
6
CONTINUOUS
10
112.2782720000000012
20
-72.6140419999999978
11
112.2782720000000012
21
-72.7569000000000017
0
LINE
8
BLACK
6
CONTINUOUS
10
112.2782720000000012
20
-72.7569000000000017
11
112.27681299999999
21
-72.7717109999999963
0
LINE
8
BLACK
6
CONTINUOUS
10
112.27681299999999
20
-72.7717109999999963
11
112.2770939999999911
21
-72.7756609999999995
0
LINE
8
BLACK
6
CONTINUOUS
10
112.2770939999999911
20
-72.7756609999999995
11
112.2759119999999911
21
-72.7808550000000025
0
LINE
8
BLACK
6
CONTINUOUS
10
112.2759119999999911
20
-72.7808550000000025
11
112.2753900000000016
21
-72.7861639999999994
0
LINE
8
BLACK
6
CONTINUOUS
10
112.2753900000000016
20
-72.7861639999999994
11
112.2738729999999947
21
-72.7898249999999933
0
LINE
8
BLACK
6
CONTINUOUS
10
112.2738729999999947
20
-72.7898249999999933
11
112.2705739999999963
21
-72.8043349999999947
0
LINE
8
BLACK
6
CONTINUOUS
10
112.2705739999999963
20
-72.8043349999999947
11
112.1991450000000015
21
-73.0186199999999985
0
LINE
8
BLACK
6
CONTINUOUS
10
112.1991450000000015
20
-73.0186199999999985
11
112.1871569999999991
21
-73.0454699999999946
0
LINE
8
BLACK
6
CONTINUOUS
10
112.1871569999999991
20
-73.0454699999999946
11
112.1836270000000013
21
-73.0495389999999958
0
LINE
8
BLACK
6
CONTINUOUS
10
112.1836270000000013
20
-73.0495389999999958
11
112.1815639999999945
21
-73.054520999999994
0
LINE
8
BLACK
6
CONTINUOUS
10
112.1815639999999945
20
-73.054520999999994
11
112.1629089999999991
21
-73.0772509999999897
0
LINE
8
BLACK
6
CONTINUOUS
10
112.1629089999999991
20
-73.0772509999999897
11
111.5618319999999954
21
-73.6783279999999934
0
LINE
8
BLACK
6
CONTINUOUS
10
111.5618319999999954
20
-73.6783279999999934
11
112.1282719999999955
21
-73.6783279999999934
0
LINE
8
BLACK
6
CONTINUOUS
10
112.1282719999999955
20
-73.6783279999999934
11
112.1575359999999932
21
-73.681209999999993
0
LINE
8
BLACK
6
CONTINUOUS
10
112.1575359999999932
20
-73.681209999999993
11
112.2116079999999982
21
-73.7036080000000027
0
LINE
8
BLACK
6
CONTINUOUS
10
112.2116079999999982
20
-73.7036080000000027
11
112.2529919999999919
21
-73.7449919999999963
0
LINE
8
BLACK
6
CONTINUOUS
10
112.2529919999999919
20
-73.7449919999999963
11
112.2753900000000016
21
-73.7990640000000013
0
LINE
8
BLACK
6
CONTINUOUS
10
112.2753900000000016
20
-73.7990640000000013
11
112.2753900000000016
21
-73.8575919999999968
0
LINE
8
BLACK
6
CONTINUOUS
10
112.2753900000000016
20
-73.8575919999999968
11
112.2529919999999919
21
-73.9116640000000018
0
LINE
8
BLACK
6
CONTINUOUS
10
112.2529919999999919
20
-73.9116640000000018
11
112.2116079999999982
21
-73.9530479999999955
0
LINE
8
BLACK
6
CONTINUOUS
10
112.2116079999999982
20
-73.9530479999999955
11
112.1575359999999932
21
-73.9754459999999909
0
LINE
8
BLACK
6
CONTINUOUS
10
112.1575359999999932
20
-73.9754459999999909
11
112.1282719999999955
21
-73.9783279999999905
0
LINE
8
BLACK
6
CONTINUOUS
10
112.1282719999999955
20
-73.9783279999999905
11
111.1996999999999929
21
-73.9783279999999905
0
LINE
8
BLACK
6
CONTINUOUS
10
111.1996999999999929
20
-73.9783279999999905
11
111.1704359999999951
21
-73.9754459999999909
0
LINE
8
BLACK
6
CONTINUOUS
10
111.1704359999999951
20
-73.9754459999999909
11
111.1467479999999881
21
-73.9656339999999943
0
LINE
8
BLACK
6
CONTINUOUS
10
111.1467479999999881
20
-73.9656339999999943
11
111.1163650000000018
21
-73.9530489999999929
0
LINE
8
BLACK
6
CONTINUOUS
10
111.1163650000000018
20
-73.9530489999999929
11
111.074978999999999
21
-73.9116629999999901
0
LINE
8
BLACK
6
CONTINUOUS
10
111.074978999999999
20
-73.9116629999999901
11
111.052582000000001
21
-73.8575909999999993
0
LINE
8
BLACK
6
CONTINUOUS
10
111.052582000000001
20
-73.8575909999999993
11
111.052582000000001
21
-73.7990649999999988
0
LINE
8
BLACK
6
CONTINUOUS
10
111.052582000000001
20
-73.7990649999999988
11
111.074978999999999
21
-73.7449929999999938
0
LINE
8
BLACK
6
CONTINUOUS
10
111.074978999999999
20
-73.7449929999999938
11
111.0936339999999944
21
-73.7222620000000006
0
LINE
8
BLACK
6
CONTINUOUS
10
111.0936339999999944
20
-73.7222620000000006
11
111.9257379999999955
21
-72.8901570000000021
0
LINE
8
BLACK
6
CONTINUOUS
10
111.9257379999999955
20
-72.8901570000000021
11
111.9782719999999898
21
-72.7325589999999949
0
LINE
8
BLACK
6
CONTINUOUS
10
111.9782719999999898
20
-72.7325589999999949
11
111.9782719999999898
21
-72.6494519999999966
0
LINE
8
BLACK
6
CONTINUOUS
10
111.9782719999999898
20
-72.6494519999999966
11
111.9335650000000015
21
-72.5600390000000033
0
LINE
8
BLACK
6
CONTINUOUS
10
111.9335650000000015
20
-72.5600390000000033
11
111.8965609999999913
21
-72.523034999999993
0
LINE
8
BLACK
6
CONTINUOUS
10
111.8965609999999913
20
-72.523034999999993
11
111.8071470000000005
21
-72.4783279999999905
0
LINE
8
BLACK
6
CONTINUOUS
10
111.8071470000000005
20
-72.4783279999999905
11
111.5208249999999879
21
-72.4783279999999905
0
LINE
8
BLACK
6
CONTINUOUS
10
111.5208249999999879
20
-72.4783279999999905
11
111.4314109999999971
21
-72.523034999999993
0
LINE
8
BLACK
6
CONTINUOUS
10
111.4314109999999971
20
-72.523034999999993
11
111.3771950000000004
21
-72.5772509999999897
0
LINE
8
BLACK
6
CONTINUOUS
10
111.3771950000000004
20
-72.5772509999999897
11
111.354463999999993
21
-72.5959059999999994
0
LINE
8
BLACK
6
CONTINUOUS
10
111.354463999999993
20
-72.5959059999999994
11
111.300391999999988
21
-72.6183029999999974
0
LINE
8
BLACK
6
CONTINUOUS
10
111.300391999999988
20
-72.6183029999999974
11
111.2418660000000017
21
-72.6183029999999974
0
LINE
8
BLACK
6
CONTINUOUS
10
111.2418660000000017
20
-72.6183029999999974
11
111.1877939999999967
21
-72.5959059999999994
0
LINE
8
BLACK
6
CONTINUOUS
10
111.1877939999999967
20
-72.5959059999999994
11
111.1464079999999939
21
-72.5545199999999966
0
LINE
8
BLACK
6
CONTINUOUS
10
111.1464079999999939
20
-72.5545199999999966
11
111.1240109999999959
21
-72.5004479999999916
0
LINE
8
BLACK
6
CONTINUOUS
10
111.1240109999999959
20
-72.5004479999999916
11
111.1240109999999959
21
-72.441921999999991
0
LINE
8
BLACK
6
CONTINUOUS
10
111.1240109999999959
20
-72.441921999999991
11
111.1464079999999939
21
-72.3878500000000003
0
LINE
8
BLACK
6
CONTINUOUS
10
111.1464079999999939
20
-72.3878500000000003
11
111.1650629999999893
21
-72.3651189999999929
0
LINE
8
BLACK
6
CONTINUOUS
10
111.1650629999999893
20
-72.3651189999999929
11
111.2364910000000009
21
-72.2936909999999955
0
LINE
8
BLACK
6
CONTINUOUS
10
111.2364910000000009
20
-72.2936909999999955
11
111.2479929999999939
21
-72.2842500000000001
0
LINE
8
BLACK
6
CONTINUOUS
10
111.2479929999999939
20
-72.2842500000000001
11
111.2505889999999908
21
-72.281257999999994
0
LINE
8
BLACK
6
CONTINUOUS
10
111.2505889999999908
20
-72.281257999999994
11
111.2550979999999896
21
-72.2784189999999995
0
LINE
8
BLACK
6
CONTINUOUS
10
111.2550979999999896
20
-72.2784189999999995
11
111.2592209999999966
21
-72.2750360000000001
0
LINE
8
BLACK
6
CONTINUOUS
10
111.2592209999999966
20
-72.2750360000000001
11
111.262882999999988
21
-72.2735189999999932
0
LINE
8
BLACK
6
CONTINUOUS
10
111.262882999999988
20
-72.2735189999999932
11
111.2754750000000001
21
-72.2655929999999955
0
LINE
8
BLACK
6
CONTINUOUS
10
111.2754750000000001
20
-72.2655929999999955
11
111.4183329999999899
21
-72.1941640000000007
0
LINE
8
BLACK
6
CONTINUOUS
10
111.4183329999999899
20
-72.1941640000000007
11
111.4457960000000014
21
-72.18365399999999
0
LINE
8
BLACK
6
CONTINUOUS
10
111.4457960000000014
20
-72.18365399999999
11
111.4511729999999972
21
-72.1832709999999906
0
LINE
8
BLACK
6
CONTINUOUS
10
111.4511729999999972
20
-72.1832709999999906
11
111.4561509999999913
21
-72.181209999999993
0
LINE
8
BLACK
6
CONTINUOUS
10
111.4561509999999913
20
-72.181209999999993
11
111.485414999999989
21
-72.1783279999999934
0
LINE
8
BLACK
6
CONTINUOUS
10
111.485414999999989
20
-72.1783279999999934
11
111.8425569999999993
21
-72.1783279999999934
0
LINE
8
BLACK
6
CONTINUOUS
10
111.8425569999999993
20
-72.1783279999999934
11
111.8718209999999971
21
-72.181209999999993
0
LINE
8
BLACK
6
CONTINUOUS
10
110.4432499999999919
20
-72.181209999999993
11
110.4482299999999952
21
-72.1832729999999998
0
LINE
8
BLACK
6
CONTINUOUS
10
110.4482299999999952
20
-72.1832729999999998
11
110.453604999999996
21
-72.1836550000000017
0
LINE
8
BLACK
6
CONTINUOUS
10
110.453604999999996
20
-72.1836550000000017
11
110.4810679999999934
21
-72.1941640000000007
0
LINE
8
BLACK
6
CONTINUOUS
10
110.4810679999999934
20
-72.1941640000000007
11
110.6239249999999998
21
-72.2655929999999955
0
LINE
8
BLACK
6
CONTINUOUS
10
110.6239249999999998
20
-72.2655929999999955
11
110.6365199999999902
21
-72.2735210000000023
0
LINE
8
BLACK
6
CONTINUOUS
10
110.6365199999999902
20
-72.2735210000000023
11
110.6401769999999942
21
-72.2750360000000001
0
LINE
8
BLACK
6
CONTINUOUS
10
110.6401769999999942
20
-72.2750360000000001
11
110.6442939999999879
21
-72.2784149999999954
0
LINE
8
BLACK
6
CONTINUOUS
10
110.6442939999999879
20
-72.2784149999999954
11
110.6488109999999949
21
-72.281257999999994
0
LINE
8
BLACK
6
CONTINUOUS
10
110.6488109999999949
20
-72.281257999999994
11
110.6514079999999893
21
-72.2842519999999951
0
LINE
8
BLACK
6
CONTINUOUS
10
110.6514079999999893
20
-72.2842519999999951
11
110.6629080000000016
21
-72.293689999999998
0
LINE
8
BLACK
6
CONTINUOUS
10
110.6629080000000016
20
-72.293689999999998
11
110.7343369999999965
21
-72.3651179999999954
0
LINE
8
BLACK
6
CONTINUOUS
10
110.7343369999999965
20
-72.3651179999999954
11
110.7437789999999893
21
-72.376622999999995
0
LINE
8
BLACK
6
CONTINUOUS
10
110.7437789999999893
20
-72.376622999999995
11
110.7467709999999954
21
-72.3792179999999945
0
LINE
8
BLACK
6
CONTINUOUS
10
110.7467709999999954
20
-72.3792179999999945
11
110.7496099999999899
21
-72.3837279999999907
0
LINE
8
BLACK
6
CONTINUOUS
10
110.7496099999999899
20
-72.3837279999999907
11
110.7529919999999919
21
-72.3878490000000028
0
LINE
8
BLACK
6
CONTINUOUS
10
110.7529919999999919
20
-72.3878490000000028
11
110.7545069999999896
21
-72.3915080000000017
0
LINE
8
BLACK
6
CONTINUOUS
10
110.7545069999999896
20
-72.3915080000000017
11
110.7624359999999939
21
-72.4041029999999921
0
LINE
8
BLACK
6
CONTINUOUS
10
110.7624359999999939
20
-72.4041029999999921
11
110.8338639999999913
21
-72.546960999999996
0
LINE
8
BLACK
6
CONTINUOUS
10
110.8338639999999913
20
-72.546960999999996
11
110.844374000000002
21
-72.5744239999999934
0
LINE
8
BLACK
6
CONTINUOUS
10
110.844374000000002
20
-72.5744239999999934
11
110.8447549999999922
21
-72.5797989999999942
0
LINE
8
BLACK
6
CONTINUOUS
10
110.8447549999999922
20
-72.5797989999999942
11
110.846817999999999
21
-72.584778
0
LINE
8
BLACK
6
CONTINUOUS
10
110.846817999999999
20
-72.584778
11
110.8496999999999986
21
-72.6140419999999978
0
LINE
8
BLACK
6
CONTINUOUS
10
110.8496999999999986
20
-72.6140419999999978
11
110.8496999999999986
21
-72.8283279999999991
0
LINE
8
BLACK
6
CONTINUOUS
10
110.8496999999999986
20
-72.8283279999999991
11
110.846817999999999
21
-72.8575919999999968
0
LINE
8
BLACK
6
CONTINUOUS
10
110.846817999999999
20
-72.8575919999999968
11
110.8447549999999922
21
-72.862569999999991
0
LINE
8
BLACK
6
CONTINUOUS
10
110.8447549999999922
20
-72.862569999999991
11
110.844374000000002
21
-72.8679460000000034
0
LINE
8
BLACK
6
CONTINUOUS
10
110.844374000000002
20
-72.8679460000000034
11
110.8338639999999913
21
-72.8954090000000008
0
LINE
8
BLACK
6
CONTINUOUS
10
110.8338639999999913
20
-72.8954090000000008
11
110.7624359999999939
21
-73.0382669999999905
0
LINE
8
BLACK
6
CONTINUOUS
10
110.7624359999999939
20
-73.0382669999999905
11
110.7545089999999988
21
-73.050857999999991
0
LINE
8
BLACK
6
CONTINUOUS
10
110.7545089999999988
20
-73.050857999999991
11
110.7529929999999894
21
-73.0545199999999966
0
LINE
8
BLACK
6
CONTINUOUS
10
110.7529929999999894
20
-73.0545199999999966
11
110.7496089999999924
21
-73.0586419999999919
0
LINE
8
BLACK
6
CONTINUOUS
10
110.7496089999999924
20
-73.0586419999999919
11
110.7467709999999954
21
-73.0631520000000023
0
LINE
8
BLACK
6
CONTINUOUS
10
110.7467709999999954
20
-73.0631520000000023
11
110.7437789999999893
21
-73.0657459999999901
0
LINE
8
BLACK
6
CONTINUOUS
10
110.7437789999999893
20
-73.0657459999999901
11
110.7343379999999939
21
-73.0772509999999897
0
LINE
8
BLACK
6
CONTINUOUS
10
110.7343379999999939
20
-73.0772509999999897
11
110.6629089999999991
21
-73.1486799999999988
0
LINE
8
BLACK
6
CONTINUOUS
10
110.6629089999999991
20
-73.1486799999999988
11
110.6514069999999919
21
-73.1581189999999992
0
LINE
8
BLACK
6
CONTINUOUS
10
110.6514069999999919
20
-73.1581189999999992
11
110.6488109999999949
21
-73.1611130000000003
0
LINE
8
BLACK
6
CONTINUOUS
10
110.6488109999999949
20
-73.1611130000000003
11
110.6442969999999946
21
-73.1639529999999922
0
LINE
8
BLACK
6
CONTINUOUS
10
110.6442969999999946
20
-73.1639529999999922
11
110.6401779999999917
21
-73.1673349999999942
0
LINE
8
BLACK
6
CONTINUOUS
10
110.6401779999999917
20
-73.1673349999999942
11
110.6365179999999953
21
-73.168849999999992
0
LINE
8
BLACK
6
CONTINUOUS
10
110.6365179999999953
20
-73.168849999999992
11
110.6239249999999998
21
-73.1767779999999988
0
LINE
8
BLACK
6
CONTINUOUS
10
110.6239249999999998
20
-73.1767779999999988
11
110.4810679999999934
21
-73.2482059999999962
0
LINE
8
BLACK
6
CONTINUOUS
10
110.4810679999999934
20
-73.2482059999999962
11
110.4776329999999973
21
-73.2495199999999897
0
LINE
8
BLACK
6
CONTINUOUS
10
110.4776329999999973
20
-73.2495199999999897
11
110.8225849999999895
21
-73.7423089999999917
0
LINE
8
BLACK
6
CONTINUOUS
10
110.8225849999999895
20
-73.7423089999999917
11
110.8370059999999881
21
-73.7679349999999943
0
LINE
8
BLACK
6
CONTINUOUS
10
110.8370059999999881
20
-73.7679349999999943
11
110.8496650000000017
21
-73.8250769999999932
0
LINE
8
BLACK
6
CONTINUOUS
10
110.8496650000000017
20
-73.8250769999999932
11
110.839494000000002
21
-73.8827129999999954
0
LINE
8
BLACK
6
CONTINUOUS
10
110.839494000000002
20
-73.8827129999999954
11
110.8080409999999887
21
-73.932069999999996
0
LINE
8
BLACK
6
CONTINUOUS
10
110.8080409999999887
20
-73.932069999999996
11
110.7600929999999977
21
-73.9656339999999943
0
LINE
8
BLACK
6
CONTINUOUS
10
110.7600929999999977
20
-73.9656339999999943
11
110.7029509999999988
21
-73.9782929999999936
0
LINE
8
BLACK
6
CONTINUOUS
10
110.7029509999999988
20
-73.9782929999999936
11
110.6453149999999965
21
-73.9681219999999939
0
LINE
8
BLACK
6
CONTINUOUS
10
110.6453149999999965
20
-73.9681219999999939
11
110.595957999999996
21
-73.9366689999999949
0
LINE
8
BLACK
6
CONTINUOUS
10
110.595957999999996
20
-73.9366689999999949
11
110.5768149999999963
21
-73.9143469999999922
0
LINE
8
BLACK
6
CONTINUOUS
10
110.5768149999999963
20
-73.9143469999999922
11
110.1216019999999958
21
-73.2640420000000034
0
LINE
8
BLACK
6
CONTINUOUS
10
110.1216019999999958
20
-73.2640420000000034
11
109.9925569999999908
21
-73.2640420000000034
0
LINE
8
BLACK
6
CONTINUOUS
10
109.9925569999999908
20
-73.2640420000000034
11
109.9925569999999908
21
-73.8283279999999991
0
LINE
8
BLACK
6
CONTINUOUS
10
109.9925569999999908
20
-73.8283279999999991
11
109.9896749999999912
21
-73.8575919999999968
0
LINE
8
BLACK
6
CONTINUOUS
10
109.9896749999999912
20
-73.8575919999999968
11
109.9672769999999957
21
-73.9116640000000018
0
LINE
8
BLACK
6
CONTINUOUS
10
109.9672769999999957
20
-73.9116640000000018
11
109.9258930000000021
21
-73.9530479999999955
0
LINE
8
BLACK
6
CONTINUOUS
10
109.9258930000000021
20
-73.9530479999999955
11
109.8718209999999971
21
-73.9754459999999909
0
LINE
8
BLACK
6
CONTINUOUS
10
109.8718209999999971
20
-73.9754459999999909
11
109.8132930000000016
21
-73.9754459999999909
0
LINE
8
BLACK
6
CONTINUOUS
10
109.8132930000000016
20
-73.9754459999999909
11
109.7592209999999966
21
-73.9530479999999955
0
LINE
8
BLACK
6
CONTINUOUS
10
109.7592209999999966
20
-73.9530479999999955
11
109.7178369999999887
21
-73.9116640000000018
0
LINE
8
BLACK
6
CONTINUOUS
10
109.7178369999999887
20
-73.9116640000000018
11
109.6954389999999933
21
-73.8575919999999968
0
LINE
8
BLACK
6
CONTINUOUS
10
109.6954389999999933
20
-73.8575919999999968
11
109.6925569999999936
21
-73.8283279999999991
0
LINE
8
BLACK
6
CONTINUOUS
10
109.6925569999999936
20
-73.8283279999999991
11
109.6925569999999936
21
-72.3283279999999991
0
LINE
8
BLACK
6
CONTINUOUS
10
109.6925569999999936
20
-72.3283279999999991
11
109.6954389999999933
21
-72.2990640000000013
0
LINE
8
BLACK
6
CONTINUOUS
10
109.6954389999999933
20
-72.2990640000000013
11
109.7178369999999887
21
-72.2449919999999963
0
LINE
8
BLACK
6
CONTINUOUS
10
109.7178369999999887
20
-72.2449919999999963
11
109.7592209999999966
21
-72.2036080000000027
0
LINE
8
BLACK
6
CONTINUOUS
10
109.7592209999999966
20
-72.2036080000000027
11
109.8132930000000016
21
-72.181209999999993
0
LINE
8
BLACK
6
CONTINUOUS
10
109.8132930000000016
20
-72.181209999999993
11
109.8425569999999993
21
-72.1783279999999934
0
LINE
8
BLACK
6
CONTINUOUS
10
109.8425569999999993
20
-72.1783279999999934
11
110.4139859999999942
21
-72.1783279999999934
0
LINE
8
BLACK
6
CONTINUOUS
10
110.4139859999999942
20
-72.1783279999999934
11
110.4432499999999919
21
-72.181209999999993
0
LINE
8
BLACK
6
CONTINUOUS
10
109.9925569999999908
20
-72.9640419999999921
11
110.3785759999999954
21
-72.9640419999999921
0
LINE
8
BLACK
6
CONTINUOUS
10
110.3785759999999954
20
-72.9640419999999921
11
110.4679879999999912
21
-72.9193360000000013
0
LINE
8
BLACK
6
CONTINUOUS
10
110.4679879999999912
20
-72.9193360000000013
11
110.5049929999999989
21
-72.8823309999999935
0
LINE
8
BLACK
6
CONTINUOUS
10
110.5049929999999989
20
-72.8823309999999935
11
110.5497000000000014
21
-72.7929180000000002
0
LINE
8
BLACK
6
CONTINUOUS
10
110.5497000000000014
20
-72.7929180000000002
11
110.5497000000000014
21
-72.6494509999999991
0
LINE
8
BLACK
6
CONTINUOUS
10
110.5497000000000014
20
-72.6494509999999991
11
110.5049939999999964
21
-72.5600390000000033
0
LINE
8
BLACK
6
CONTINUOUS
10
110.5049939999999964
20
-72.5600390000000033
11
110.4679900000000004
21
-72.523034999999993
0
LINE
8
BLACK
6
CONTINUOUS
10
110.4679900000000004
20
-72.523034999999993
11
110.3785759999999954
21
-72.4783279999999905
0
LINE
8
BLACK
6
CONTINUOUS
10
110.3785759999999954
20
-72.4783279999999905
11
109.9925569999999908
21
-72.4783279999999905
0
LINE
8
BLACK
6
CONTINUOUS
10
109.9925569999999908
20
-72.4783279999999905
11
109.9925569999999908
21
-72.9640419999999921
0
LINE
8
BLACK
6
CONTINUOUS
10
56.8514479999999978
20
-69.4297859999999929
11
56.8553979999999939
21
-69.4295060000000035
0
LINE
8
BLACK
6
CONTINUOUS
10
56.8553979999999939
20
-69.4295060000000035
11
56.8605919999999969
21
-69.4306869999999918
0
LINE
8
BLACK
6
CONTINUOUS
10
56.8605919999999969
20
-69.4306869999999918
11
56.8659010000000009
21
-69.431209999999993
0
LINE
8
BLACK
6
CONTINUOUS
10
56.8659010000000009
20
-69.431209999999993
11
56.8695629999999994
21
-69.4327269999999999
0
LINE
8
BLACK
6
CONTINUOUS
10
56.8695629999999994
20
-69.4327269999999999
11
56.8840709999999987
21
-69.4360259999999982
0
LINE
8
BLACK
6
CONTINUOUS
10
56.8840709999999987
20
-69.4360259999999982
11
57.098357
21
-69.5074539999999956
0
LINE
8
BLACK
6
CONTINUOUS
10
57.098357
20
-69.5074539999999956
11
57.1252080000000007
21
-69.5194429999999954
0
LINE
8
BLACK
6
CONTINUOUS
10
57.1252080000000007
20
-69.5194429999999954
11
57.1292779999999993
21
-69.5229729999999932
0
LINE
8
BLACK
6
CONTINUOUS
10
57.1292779999999993
20
-69.5229729999999932
11
57.1342579999999955
21
-69.5250360000000001
0
LINE
8
BLACK
6
CONTINUOUS
10
57.1342579999999955
20
-69.5250360000000001
11
57.1569889999999958
21
-69.5436909999999955
0
LINE
8
BLACK
6
CONTINUOUS
10
57.1569889999999958
20
-69.5436909999999955
11
57.2284170000000003
21
-69.6151189999999929
0
LINE
8
BLACK
6
CONTINUOUS
10
57.2284170000000003
20
-69.6151189999999929
11
57.2470719999999957
21
-69.6378490000000028
0
LINE
8
BLACK
6
CONTINUOUS
10
57.2470719999999957
20
-69.6378490000000028
11
57.2694679999999963
21
-69.691921999999991
0
LINE
8
BLACK
6
CONTINUOUS
10
57.2694679999999963
20
-69.691921999999991
11
57.2694679999999963
21
-69.7504479999999916
0
LINE
8
BLACK
6
CONTINUOUS
10
57.2694679999999963
20
-69.7504479999999916
11
57.2470719999999957
21
-69.8045199999999966
0
LINE
8
BLACK
6
CONTINUOUS
10
57.2470719999999957
20
-69.8045199999999966
11
57.205686
21
-69.8459059999999994
0
LINE
8
BLACK
6
CONTINUOUS
10
57.205686
20
-69.8459059999999994
11
57.151613999999995
21
-69.8683019999999999
0
LINE
8
BLACK
6
CONTINUOUS
10
57.151613999999995
20
-69.8683019999999999
11
57.0930879999999945
21
-69.8683019999999999
0
LINE
8
BLACK
6
CONTINUOUS
10
57.0930879999999945
20
-69.8683019999999999
11
57.0390149999999991
21
-69.8459059999999994
0
LINE
8
BLACK
6
CONTINUOUS
10
57.0390149999999991
20
-69.8459059999999994
11
57.0162849999999963
21
-69.8272509999999897
0
LINE
8
BLACK
6
CONTINUOUS
10
57.0162849999999963
20
-69.8272509999999897
11
56.969894999999994
21
-69.7808610000000016
0
LINE
8
BLACK
6
CONTINUOUS
10
56.969894999999994
20
-69.7808610000000016
11
56.8122970000000009
21
-69.7283279999999905
0
LINE
8
BLACK
6
CONTINUOUS
10
56.8122970000000009
20
-69.7283279999999905
11
56.7181229999999985
21
-69.7283279999999905
0
LINE
8
BLACK
6
CONTINUOUS
10
56.7181229999999985
20
-69.7283279999999905
11
56.5605209999999943
21
-69.7808610000000016
0
LINE
8
BLACK
6
CONTINUOUS
10
56.5605209999999943
20
-69.7808610000000016
11
56.4599149999999952
21
-69.8814670000000007
0
LINE
8
BLACK
6
CONTINUOUS
10
56.4599149999999952
20
-69.8814670000000007
11
56.4067340000000002
21
-69.9878269999999958
0
LINE
8
BLACK
6
CONTINUOUS
10
56.4067340000000002
20
-69.9878269999999958
11
56.3437799999999953
21
-70.2396480000000025
0
LINE
8
BLACK
6
CONTINUOUS
10
56.3437799999999953
20
-70.2396480000000025
11
56.3437799999999953
21
-70.4170069999999981
0
LINE
8
BLACK
6
CONTINUOUS
10
56.3437799999999953
20
-70.4170069999999981
11
56.4067340000000002
21
-70.6688279999999907
0
LINE
8
BLACK
6
CONTINUOUS
10
56.4067340000000002
20
-70.6688279999999907
11
56.4599149999999952
21
-70.775188
0
LINE
8
BLACK
6
CONTINUOUS
10
56.4599149999999952
20
-70.775188
11
56.5605199999999968
21
-70.8757939999999991
0
LINE
8
BLACK
6
CONTINUOUS
10
56.5605199999999968
20
-70.8757939999999991
11
56.7181229999999985
21
-70.9283279999999934
0
LINE
8
BLACK
6
CONTINUOUS
10
56.7181229999999985
20
-70.9283279999999934
11
56.8122939999999943
21
-70.9283279999999934
0
LINE
8
BLACK
6
CONTINUOUS
10
56.8122939999999943
20
-70.9283279999999934
11
56.9698959999999985
21
-70.8757939999999991
0
LINE
8
BLACK
6
CONTINUOUS
10
56.9698959999999985
20
-70.8757939999999991
11
57.0162839999999989
21
-70.8294059999999916
0
LINE
8
BLACK
6
CONTINUOUS
10
57.0162839999999989
20
-70.8294059999999916
11
57.0390149999999991
21
-70.8107509999999962
0
LINE
8
BLACK
6
CONTINUOUS
10
57.0390149999999991
20
-70.8107509999999962
11
57.093086999999997
21
-70.7883539999999982
0
LINE
8
BLACK
6
CONTINUOUS
10
57.093086999999997
20
-70.7883539999999982
11
57.1516129999999976
21
-70.7883530000000007
0
LINE
8
BLACK
6
CONTINUOUS
10
57.1516129999999976
20
-70.7883530000000007
11
57.2056849999999955
21
-70.8107499999999987
0
LINE
8
BLACK
6
CONTINUOUS
10
57.2056849999999955
20
-70.8107499999999987
11
57.2470709999999983
21
-70.8521349999999899
0
LINE
8
BLACK
6
CONTINUOUS
10
57.2470709999999983
20
-70.8521349999999899
11
57.2694679999999963
21
-70.9062069999999949
0
LINE
8
BLACK
6
CONTINUOUS
10
57.2694679999999963
20
-70.9062069999999949
11
57.2694690000000008
21
-70.9647329999999954
0
LINE
8
BLACK
6
CONTINUOUS
10
57.2694690000000008
20
-70.9647329999999954
11
57.2470719999999957
21
-71.0188059999999979
0
LINE
8
BLACK
6
CONTINUOUS
10
57.2470719999999957
20
-71.0188059999999979
11
57.2284179999999978
21
-71.0415359999999936
0
LINE
8
BLACK
6
CONTINUOUS
10
57.2284179999999978
20
-71.0415359999999936
11
57.1569900000000004
21
-71.1129650000000026
0
LINE
8
BLACK
6
CONTINUOUS
10
57.1569900000000004
20
-71.1129650000000026
11
57.1342590000000001
21
-71.1316199999999981
0
LINE
8
BLACK
6
CONTINUOUS
10
57.1342590000000001
20
-71.1316199999999981
11
57.1292809999999989
21
-71.1336809999999957
0
LINE
8
BLACK
6
CONTINUOUS
10
57.1292809999999989
20
-71.1336809999999957
11
57.1252080000000007
21
-71.1372149999999976
0
LINE
8
BLACK
6
CONTINUOUS
10
57.1252080000000007
20
-71.1372149999999976
11
57.098357
21
-71.149203
0
LINE
8
BLACK
6
CONTINUOUS
10
57.098357
20
-71.149203
11
56.8840709999999987
21
-71.2206309999999974
0
LINE
8
BLACK
6
CONTINUOUS
10
56.8840709999999987
20
-71.2206309999999974
11
56.8695579999999978
21
-71.2239299999999957
0
LINE
8
BLACK
6
CONTINUOUS
10
56.8695579999999978
20
-71.2239299999999957
11
56.8659010000000009
21
-71.2254459999999909
0
LINE
8
BLACK
6
CONTINUOUS
10
56.8659010000000009
20
-71.2254459999999909
11
56.860597999999996
21
-71.2259679999999946
0
LINE
8
BLACK
6
CONTINUOUS
10
56.860597999999996
20
-71.2259679999999946
11
56.8553969999999964
21
-71.2271509999999921
0
LINE
8
BLACK
6
CONTINUOUS
10
56.8553969999999964
20
-71.2271509999999921
11
56.8514419999999987
21
-71.2268689999999935
0
LINE
8
BLACK
6
CONTINUOUS
10
56.8514419999999987
20
-71.2268689999999935
11
56.8366369999999961
21
-71.2283279999999905
0
LINE
8
BLACK
6
CONTINUOUS
10
56.8366369999999961
20
-71.2283279999999905
11
56.6937799999999967
21
-71.2283279999999905
0
LINE
8
BLACK
6
CONTINUOUS
10
56.6937799999999967
20
-71.2283279999999905
11
56.6789739999999966
21
-71.2268689999999935
0
LINE
8
BLACK
6
CONTINUOUS
10
56.6789739999999966
20
-71.2268689999999935
11
56.6750199999999964
21
-71.2271509999999921
0
LINE
8
BLACK
6
CONTINUOUS
10
56.6750199999999964
20
-71.2271509999999921
11
56.6698179999999994
21
-71.2259679999999946
0
LINE
8
BLACK
6
CONTINUOUS
10
56.6698179999999994
20
-71.2259679999999946
11
56.664515999999999
21
-71.2254459999999909
0
LINE
8
BLACK
6
CONTINUOUS
10
56.664515999999999
20
-71.2254459999999909
11
56.6608579999999975
21
-71.2239299999999957
0
LINE
8
BLACK
6
CONTINUOUS
10
56.6608579999999975
20
-71.2239299999999957
11
56.6463459999999941
21
-71.2206309999999974
0
LINE
8
BLACK
6
CONTINUOUS
10
56.6463459999999941
20
-71.2206309999999974
11
56.4320599999999999
21
-71.149203
0
LINE
8
BLACK
6
CONTINUOUS
10
56.4320599999999999
20
-71.149203
11
56.4052089999999993
21
-71.1372149999999976
0
LINE
8
BLACK
6
CONTINUOUS
10
56.4052089999999993
20
-71.1372149999999976
11
56.4011369999999985
21
-71.1336829999999907
0
LINE
8
BLACK
6
CONTINUOUS
10
56.4011369999999985
20
-71.1336829999999907
11
56.3961579999999998
21
-71.1316209999999955
0
LINE
8
BLACK
6
CONTINUOUS
10
56.3961579999999998
20
-71.1316209999999955
11
56.373427999999997
21
-71.1129660000000001
0
LINE
8
BLACK
6
CONTINUOUS
10
56.373427999999997
20
-71.1129660000000001
11
56.2305709999999976
21
-70.9701079999999962
0
LINE
8
BLACK
6
CONTINUOUS
10
56.2305709999999976
20
-70.9701079999999962
11
56.2211309999999997
21
-70.9586060000000032
0
LINE
8
BLACK
6
CONTINUOUS
10
56.2211309999999997
20
-70.9586060000000032
11
56.2181379999999962
21
-70.956009999999992
0
LINE
8
BLACK
6
CONTINUOUS
10
56.2181379999999962
20
-70.956009999999992
11
56.2152969999999996
21
-70.9514959999999917
0
LINE
8
BLACK
6
CONTINUOUS
10
56.2152969999999996
20
-70.9514959999999917
11
56.2119159999999951
21
-70.947377000000003
0
LINE
8
BLACK
6
CONTINUOUS
10
56.2119159999999951
20
-70.947377000000003
11
56.2103999999999999
21
-70.9437169999999924
0
LINE
8
BLACK
6
CONTINUOUS
10
56.2103999999999999
20
-70.9437169999999924
11
56.2024729999999977
21
-70.931123999999997
0
LINE
8
BLACK
6
CONTINUOUS
10
56.2024729999999977
20
-70.931123999999997
11
56.1310439999999957
21
-70.7882669999999905
0
LINE
8
BLACK
6
CONTINUOUS
10
56.1310439999999957
20
-70.7882669999999905
11
56.1302239999999983
21
-70.7861259999999959
0
LINE
8
BLACK
6
CONTINUOUS
10
56.1302239999999983
20
-70.7861259999999959
11
56.1295799999999971
21
-70.7852559999999897
0
LINE
8
BLACK
6
CONTINUOUS
10
56.1295799999999971
20
-70.7852559999999897
11
56.1251929999999959
21
-70.7729779999999948
0
LINE
8
BLACK
6
CONTINUOUS
10
56.1251929999999959
20
-70.7729779999999948
11
56.1205349999999967
21
-70.7608039999999932
0
LINE
8
BLACK
6
CONTINUOUS
10
56.1205349999999967
20
-70.7608039999999932
11
56.1204579999999993
21
-70.7597229999999939
0
LINE
8
BLACK
6
CONTINUOUS
10
56.1204579999999993
20
-70.7597229999999939
11
56.119686999999999
21
-70.7575649999999996
0
LINE
8
BLACK
6
CONTINUOUS
10
56.119686999999999
20
-70.7575649999999996
11
56.0482589999999945
21
-70.4718510000000009
0
LINE
8
BLACK
6
CONTINUOUS
10
56.0482589999999945
20
-70.4718510000000009
11
56.047508999999998
21
-70.4667790000000025
0
LINE
8
BLACK
6
CONTINUOUS
10
56.047508999999998
20
-70.4667790000000025
11
56.0466619999999978
21
-70.4647349999999904
0
LINE
8
BLACK
6
CONTINUOUS
10
56.0466619999999978
20
-70.4647349999999904
11
56.045575999999997
21
-70.4537119999999959
0
LINE
8
BLACK
6
CONTINUOUS
10
56.045575999999997
20
-70.4537119999999959
11
56.0439569999999989
21
-70.4427620000000019
0
LINE
8
BLACK
6
CONTINUOUS
10
56.0439569999999989
20
-70.4427620000000019
11
56.0442819999999955
21
-70.440573999999998
0
LINE
8
BLACK
6
CONTINUOUS
10
56.0442819999999955
20
-70.440573999999998
11
56.0437799999999982
21
-70.4354709999999926
0
LINE
8
BLACK
6
CONTINUOUS
10
56.0437799999999982
20
-70.4354709999999926
11
56.0437799999999982
21
-70.2211849999999913
0
LINE
8
BLACK
6
CONTINUOUS
10
56.0437799999999982
20
-70.2211849999999913
11
56.0442819999999955
21
-70.2160810000000026
0
LINE
8
BLACK
6
CONTINUOUS
10
56.0442819999999955
20
-70.2160810000000026
11
56.0439569999999989
21
-70.2138939999999963
0
LINE
8
BLACK
6
CONTINUOUS
10
56.0439569999999989
20
-70.2138939999999963
11
56.045575999999997
21
-70.2029429999999905
0
LINE
8
BLACK
6
CONTINUOUS
10
56.045575999999997
20
-70.2029429999999905
11
56.0466619999999978
21
-70.1919209999999936
0
LINE
8
BLACK
6
CONTINUOUS
10
56.0466619999999978
20
-70.1919209999999936
11
56.047508999999998
21
-70.1898759999999982
0
LINE
8
BLACK
6
CONTINUOUS
10
56.047508999999998
20
-70.1898759999999982
11
56.0482589999999945
21
-70.1848049999999972
0
LINE
8
BLACK
6
CONTINUOUS
10
56.0482589999999945
20
-70.1848049999999972
11
56.119686999999999
21
-69.8990909999999985
0
LINE
8
BLACK
6
CONTINUOUS
10
56.119686999999999
20
-69.8990909999999985
11
56.1204579999999993
21
-69.8969319999999925
0
LINE
8
BLACK
6
CONTINUOUS
10
56.1204579999999993
20
-69.8969319999999925
11
56.1205349999999967
21
-69.8958519999999908
0
LINE
8
BLACK
6
CONTINUOUS
10
56.1205349999999967
20
-69.8958519999999908
11
56.1251929999999959
21
-69.8836769999999916
0
LINE
8
BLACK
6
CONTINUOUS
10
56.1251929999999959
20
-69.8836769999999916
11
56.1295799999999971
21
-69.8713999999999942
0
LINE
8
BLACK
6
CONTINUOUS
10
56.1295799999999971
20
-69.8713999999999942
11
56.1302239999999983
21
-69.8705289999999906
0
LINE
8
BLACK
6
CONTINUOUS
10
56.1302239999999983
20
-69.8705289999999906
11
56.1310439999999957
21
-69.8683889999999934
0
LINE
8
BLACK
6
CONTINUOUS
10
56.1310439999999957
20
-69.8683889999999934
11
56.2024729999999977
21
-69.7255320000000012
0
LINE
8
BLACK
6
CONTINUOUS
10
56.2024729999999977
20
-69.7255320000000012
11
56.2103999999999999
21
-69.7129379999999941
0
LINE
8
BLACK
6
CONTINUOUS
10
56.2103999999999999
20
-69.7129379999999941
11
56.2119159999999951
21
-69.7092789999999951
0
LINE
8
BLACK
6
CONTINUOUS
10
56.2119159999999951
20
-69.7092789999999951
11
56.2152969999999996
21
-69.7051589999999948
0
LINE
8
BLACK
6
CONTINUOUS
10
56.2152969999999996
20
-69.7051589999999948
11
56.2181379999999962
21
-69.7006459999999919
0
LINE
8
BLACK
6
CONTINUOUS
10
56.2181379999999962
20
-69.7006459999999919
11
56.2211309999999997
21
-69.6980489999999975
0
LINE
8
BLACK
6
CONTINUOUS
10
56.2211309999999997
20
-69.6980489999999975
11
56.2305709999999976
21
-69.6865480000000019
0
LINE
8
BLACK
6
CONTINUOUS
10
56.2305709999999976
20
-69.6865480000000019
11
56.373427999999997
21
-69.5436909999999955
0
LINE
8
BLACK
6
CONTINUOUS
10
56.373427999999997
20
-69.5436909999999955
11
56.3961579999999998
21
-69.5250360000000001
0
LINE
8
BLACK
6
CONTINUOUS
10
56.3961579999999998
20
-69.5250360000000001
11
56.4011390000000006
21
-69.5229719999999958
0
LINE
8
BLACK
6
CONTINUOUS
10
56.4011390000000006
20
-69.5229719999999958
11
56.4052089999999993
21
-69.5194429999999954
0
LINE
8
BLACK
6
CONTINUOUS
10
56.4052089999999993
20
-69.5194429999999954
11
56.4320599999999999
21
-69.5074549999999931
0
LINE
8
BLACK
6
CONTINUOUS
10
56.4320599999999999
20
-69.5074549999999931
11
56.6463449999999966
21
-69.4360259999999982
0
LINE
8
BLACK
6
CONTINUOUS
10
56.6463449999999966
20
-69.4360259999999982
11
56.6608540000000005
21
-69.4327260000000024
0
LINE
8
BLACK
6
CONTINUOUS
10
56.6608540000000005
20
-69.4327260000000024
11
56.664515999999999
21
-69.431209999999993
0
LINE
8
BLACK
6
CONTINUOUS
10
56.664515999999999
20
-69.431209999999993
11
56.6698239999999984
21
-69.4306869999999918
0
LINE
8
BLACK
6
CONTINUOUS
10
56.6698239999999984
20
-69.4306869999999918
11
56.6750189999999989
21
-69.4295060000000035
0
LINE
8
BLACK
6
CONTINUOUS
10
56.6750189999999989
20
-69.4295060000000035
11
56.6789679999999976
21
-69.4297859999999929
0
LINE
8
BLACK
6
CONTINUOUS
10
56.6789679999999976
20
-69.4297859999999929
11
56.6937799999999967
21
-69.4283279999999934
0
LINE
8
BLACK
6
CONTINUOUS
10
56.6937799999999967
20
-69.4283279999999934
11
56.8366369999999961
21
-69.4283279999999934
0
LINE
8
BLACK
6
CONTINUOUS
10
56.8366369999999961
20
-69.4283279999999934
11
56.8514479999999978
21
-69.4297859999999929
0
LINE
8
BLACK
6
CONTINUOUS
10
58.1367639999999994
20
-69.431209999999993
11
58.1516149999999996
21
-69.431209999999993
0
LINE
8
BLACK
6
CONTINUOUS
10
58.1516149999999996
20
-69.431209999999993
11
58.165188999999998
21
-69.4368319999999954
0
LINE
8
BLACK
6
CONTINUOUS
10
58.165188999999998
20
-69.4368319999999954
11
58.1796079999999947
21
-69.4396849999999972
0
LINE
8
BLACK
6
CONTINUOUS
10
58.1796079999999947
20
-69.4396849999999972
11
58.1919679999999957
21
-69.4479249999999979
0
LINE
8
BLACK
6
CONTINUOUS
10
58.1919679999999957
20
-69.4479249999999979
11
58.2056869999999975
21
-69.4536080000000027
0
LINE
8
BLACK
6
CONTINUOUS
10
58.2056869999999975
20
-69.4536080000000027
11
58.2160759999999939
21
-69.463996999999992
0
LINE
8
BLACK
6
CONTINUOUS
10
58.2160759999999939
20
-69.463996999999992
11
58.2283069999999938
21
-69.4721509999999967
0
LINE
8
BLACK
6
CONTINUOUS
10
58.2283069999999938
20
-69.4721509999999967
11
58.2365719999999953
21
-69.4844930000000005
0
LINE
8
BLACK
6
CONTINUOUS
10
58.2365719999999953
20
-69.4844930000000005
11
58.2470709999999983
21
-69.4949919999999963
0
LINE
8
BLACK
6
CONTINUOUS
10
58.2470709999999983
20
-69.4949919999999963
11
58.2526939999999982
21
-69.5085679999999968
0
LINE
8
BLACK
6
CONTINUOUS
10
58.2526939999999982
20
-69.5085679999999968
11
58.2608729999999966
21
-69.5207809999999995
0
LINE
8
BLACK
6
CONTINUOUS
10
58.2608729999999966
20
-69.5207809999999995
11
58.2637849999999986
21
-69.5353429999999975
0
LINE
8
BLACK
6
CONTINUOUS
10
58.2637849999999986
20
-69.5353429999999975
11
58.2694690000000008
21
-69.5490640000000013
0
LINE
8
BLACK
6
CONTINUOUS
10
58.2694690000000008
20
-69.5490640000000013
11
58.2723200000000006
21
-69.578015999999991
0
LINE
8
BLACK
6
CONTINUOUS
10
58.2723200000000006
20
-69.578015999999991
11
58.2723510000000005
21
-69.5781700000000001
0
LINE
8
BLACK
6
CONTINUOUS
10
58.2723510000000005
20
-69.5781700000000001
11
58.2723399999999998
21
-69.5782219999999967
0
LINE
8
BLACK
6
CONTINUOUS
10
58.2723399999999998
20
-69.5782219999999967
11
58.2723510000000005
21
-69.5783279999999991
0
LINE
8
BLACK
6
CONTINUOUS
10
58.2723510000000005
20
-69.5783279999999991
11
58.2723510000000005
21
-70.9283279999999934
0
LINE
8
BLACK
6
CONTINUOUS
10
58.2723510000000005
20
-70.9283279999999934
11
58.5509229999999974
21
-70.9283279999999934
0
LINE
8
BLACK
6
CONTINUOUS
10
58.5509229999999974
20
-70.9283279999999934
11
58.5801869999999951
21
-70.931209999999993
0
LINE
8
BLACK
6
CONTINUOUS
10
58.5801869999999951
20
-70.931209999999993
11
58.6342590000000001
21
-70.9536080000000027
0
LINE
8
BLACK
6
CONTINUOUS
10
58.6342590000000001
20
-70.9536080000000027
11
58.6756430000000009
21
-70.9949919999999963
0
LINE
8
BLACK
6
CONTINUOUS
10
58.6756430000000009
20
-70.9949919999999963
11
58.6980409999999964
21
-71.0490640000000013
0
LINE
8
BLACK
6
CONTINUOUS
10
58.6980409999999964
20
-71.0490640000000013
11
58.6980409999999964
21
-71.1075919999999968
0
LINE
8
BLACK
6
CONTINUOUS
10
58.6980409999999964
20
-71.1075919999999968
11
58.6756430000000009
21
-71.1616640000000018
0
LINE
8
BLACK
6
CONTINUOUS
10
58.6756430000000009
20
-71.1616640000000018
11
58.6342590000000001
21
-71.2030479999999955
0
LINE
8
BLACK
6
CONTINUOUS
10
58.6342590000000001
20
-71.2030479999999955
11
58.5801869999999951
21
-71.2254459999999909
0
LINE
8
BLACK
6
CONTINUOUS
10
58.5801869999999951
20
-71.2254459999999909
11
58.5509229999999974
21
-71.2283279999999905
0
LINE
8
BLACK
6
CONTINUOUS
10
58.5509229999999974
20
-71.2283279999999905
11
57.6937799999999967
21
-71.2283279999999905
0
LINE
8
BLACK
6
CONTINUOUS
10
57.6937799999999967
20
-71.2283279999999905
11
57.664515999999999
21
-71.2254459999999909
0
LINE
8
BLACK
6
CONTINUOUS
10
57.664515999999999
20
-71.2254459999999909
11
57.610443999999994
21
-71.2030479999999955
0
LINE
8
BLACK
6
CONTINUOUS
10
57.610443999999994
20
-71.2030479999999955
11
57.5690600000000003
21
-71.1616640000000018
0
LINE
8
BLACK
6
CONTINUOUS
10
57.5690600000000003
20
-71.1616640000000018
11
57.5466619999999978
21
-71.1075919999999968
0
LINE
8
BLACK
6
CONTINUOUS
10
57.5466619999999978
20
-71.1075919999999968
11
57.5466619999999978
21
-71.0490640000000013
0
LINE
8
BLACK
6
CONTINUOUS
10
57.5466619999999978
20
-71.0490640000000013
11
57.5690600000000003
21
-70.9949919999999963
0
LINE
8
BLACK
6
CONTINUOUS
10
57.5690600000000003
20
-70.9949919999999963
11
57.610443999999994
21
-70.9536080000000027
0
LINE
8
BLACK
6
CONTINUOUS
10
57.610443999999994
20
-70.9536080000000027
11
57.664515999999999
21
-70.931209999999993
0
LINE
8
BLACK
6
CONTINUOUS
10
57.664515999999999
20
-70.931209999999993
11
57.6937799999999967
21
-70.9283279999999934
0
LINE
8
BLACK
6
CONTINUOUS
10
57.6937799999999967
20
-70.9283279999999934
11
57.9723509999999962
21
-70.9283279999999934
0
LINE
8
BLACK
6
CONTINUOUS
10
57.9723509999999962
20
-70.9283279999999934
11
57.9723509999999962
21
-70.0118889999999965
0
LINE
8
BLACK
6
CONTINUOUS
10
57.9723509999999962
20
-70.0118889999999965
11
57.9427029999999945
21
-70.0415369999999911
0
LINE
8
BLACK
6
CONTINUOUS
10
57.9427029999999945
20
-70.0415369999999911
11
57.9312009999999944
21
-70.0509759999999915
0
LINE
8
BLACK
6
CONTINUOUS
10
57.9312009999999944
20
-70.0509759999999915
11
57.9286049999999975
21
-70.0539699999999925
0
LINE
8
BLACK
6
CONTINUOUS
10
57.9286049999999975
20
-70.0539699999999925
11
57.9240909999999971
21
-70.0568099999999987
0
LINE
8
BLACK
6
CONTINUOUS
10
57.9240909999999971
20
-70.0568099999999987
11
57.9199719999999942
21
-70.0601920000000007
0
LINE
8
BLACK
6
CONTINUOUS
10
57.9199719999999942
20
-70.0601920000000007
11
57.9163119999999978
21
-70.0617069999999984
0
LINE
8
BLACK
6
CONTINUOUS
10
57.9163119999999978
20
-70.0617069999999984
11
57.9037189999999953
21
-70.069634999999991
0
LINE
8
BLACK
6
CONTINUOUS
10
57.9037189999999953
20
-70.069634999999991
11
57.7608619999999959
21
-70.1410640000000001
0
LINE
8
BLACK
6
CONTINUOUS
10
57.7608619999999959
20
-70.1410640000000001
11
57.7333989999999986
21
-70.1515729999999991
0
LINE
8
BLACK
6
CONTINUOUS
10
57.7333989999999986
20
-70.1515729999999991
11
57.6750189999999989
21
-70.1557219999999973
0
LINE
8
BLACK
6
CONTINUOUS
10
57.6750189999999989
20
-70.1557219999999973
11
57.619495999999998
21
-70.1372149999999976
0
LINE
8
BLACK
6
CONTINUOUS
10
57.619495999999998
20
-70.1372149999999976
11
57.5752809999999968
21
-70.098867999999996
0
LINE
8
BLACK
6
CONTINUOUS
10
57.5752809999999968
20
-70.098867999999996
11
57.5491069999999993
21
-70.0465190000000035
0
LINE
8
BLACK
6
CONTINUOUS
10
57.5491069999999993
20
-70.0465190000000035
11
57.5449579999999941
21
-69.9881390000000039
0
LINE
8
BLACK
6
CONTINUOUS
10
57.5449579999999941
20
-69.9881390000000039
11
57.5634650000000008
21
-69.9326159999999959
0
LINE
8
BLACK
6
CONTINUOUS
10
57.5634650000000008
20
-69.9326159999999959
11
57.6018119999999954
21
-69.8884010000000018
0
LINE
8
BLACK
6
CONTINUOUS
10
57.6018119999999954
20
-69.8884010000000018
11
57.6266979999999975
21
-69.8727360000000033
0
LINE
8
BLACK
6
CONTINUOUS
10
57.6266979999999975
20
-69.8727360000000033
11
57.7477829999999983
21
-69.812191999999996
0
LINE
8
BLACK
6
CONTINUOUS
10
57.7477829999999983
20
-69.812191999999996
11
57.8629239999999996
21
-69.6970510000000019
0
LINE
8
BLACK
6
CONTINUOUS
10
57.8629239999999996
20
-69.6970510000000019
11
57.9975439999999978
21
-69.4951229999999924
0
LINE
8
BLACK
6
CONTINUOUS
10
57.9975439999999978
20
-69.4951229999999924
11
57.9976099999999946
21
-69.495041999999998
0
LINE
8
BLACK
6
CONTINUOUS
10
57.9976099999999946
20
-69.495041999999998
11
57.9976309999999984
21
-69.4949919999999963
0
LINE
8
BLACK
6
CONTINUOUS
10
57.9976309999999984
20
-69.4949919999999963
11
57.9977419999999952
21
-69.4948799999999949
0
LINE
8
BLACK
6
CONTINUOUS
10
57.9977419999999952
20
-69.4948799999999949
11
58.0161739999999995
21
-69.4723719999999929
0
LINE
8
BLACK
6
CONTINUOUS
10
58.0161739999999995
20
-69.4723719999999929
11
58.0285159999999962
21
-69.464106000000001
0
LINE
8
BLACK
6
CONTINUOUS
10
58.0285159999999962
20
-69.464106000000001
11
58.0390149999999991
21
-69.4536080000000027
0
LINE
8
BLACK
6
CONTINUOUS
10
58.0390149999999991
20
-69.4536080000000027
11
58.0525909999999996
21
-69.4479839999999911
0
LINE
8
BLACK
6
CONTINUOUS
10
58.0525909999999996
20
-69.4479839999999911
11
58.0648039999999952
21
-69.4398059999999901
0
LINE
8
BLACK
6
CONTINUOUS
10
58.0648039999999952
20
-69.4398059999999901
11
58.0793649999999957
21
-69.4368929999999978
0
LINE
8
BLACK
6
CONTINUOUS
10
58.0793649999999957
20
-69.4368929999999978
11
58.093086999999997
21
-69.431209999999993
0
LINE
8
BLACK
6
CONTINUOUS
10
58.093086999999997
20
-69.431209999999993
11
58.1077839999999952
21
-69.431209999999993
0
LINE
8
BLACK
6
CONTINUOUS
10
58.1077839999999952
20
-69.431209999999993
11
58.1221940000000004
21
-69.4283279999999934
0
LINE
8
BLACK
6
CONTINUOUS
10
58.1221940000000004
20
-69.4283279999999934
11
58.1367639999999994
21
-69.431209999999993
0
LINE
8
BLACK
6
CONTINUOUS
10
118.9134139999999888
20
-51.5438520000000011
11
119.0672280000000001
21
-51.5744479999999967
0
LINE
8
BLACK
6
CONTINUOUS
10
119.0672280000000001
20
-51.5744479999999967
11
119.2121169999999921
21
-51.6344629999999967
0
LINE
8
BLACK
6
CONTINUOUS
10
119.2121169999999921
20
-51.6344629999999967
11
119.3425149999999917
21
-51.7215920000000011
0
LINE
8
BLACK
6
CONTINUOUS
10
119.3425149999999917
20
-51.7215920000000011
11
119.453407999999996
21
-51.8324849999999984
0
LINE
8
BLACK
6
CONTINUOUS
10
119.453407999999996
20
-51.8324849999999984
11
119.5405370000000005
21
-51.9628829999999979
0
LINE
8
BLACK
6
CONTINUOUS
10
119.5405370000000005
20
-51.9628829999999979
11
119.6005519999999933
21
-52.1077719999999971
0
LINE
8
BLACK
6
CONTINUOUS
10
119.6005519999999933
20
-52.1077719999999971
11
119.631147999999996
21
-52.2615859999999941
0
LINE
8
BLACK
6
CONTINUOUS
10
119.631147999999996
20
-52.2615859999999941
11
119.631147999999996
21
-52.4184139999999985
0
LINE
8
BLACK
6
CONTINUOUS
10
119.631147999999996
20
-52.4184139999999985
11
119.6005519999999933
21
-52.5722279999999955
0
LINE
8
BLACK
6
CONTINUOUS
10
119.6005519999999933
20
-52.5722279999999955
11
119.5405370000000005
21
-52.7171169999999947
0
LINE
8
BLACK
6
CONTINUOUS
10
119.5405370000000005
20
-52.7171169999999947
11
119.453407999999996
21
-52.8475149999999942
0
LINE
8
BLACK
6
CONTINUOUS
10
119.453407999999996
20
-52.8475149999999942
11
119.3425149999999917
21
-52.9584079999999986
0
LINE
8
BLACK
6
CONTINUOUS
10
119.3425149999999917
20
-52.9584079999999986
11
119.2121169999999921
21
-53.0455369999999959
0
LINE
8
BLACK
6
CONTINUOUS
10
119.2121169999999921
20
-53.0455369999999959
11
119.0672280000000001
21
-53.1055519999999959
0
LINE
8
BLACK
6
CONTINUOUS
10
119.0672280000000001
20
-53.1055519999999959
11
118.9134139999999888
21
-53.1361479999999986
0
LINE
8
BLACK
6
CONTINUOUS
10
118.9134139999999888
20
-53.1361479999999986
11
118.8349999999999937
21
-53.1400000000000006
0
LINE
8
BLACK
6
CONTINUOUS
10
118.8349999999999937
20
-53.1400000000000006
11
118.0349999999999966
21
-53.1400000000000006
0
LINE
8
BLACK
6
CONTINUOUS
10
118.0349999999999966
20
-53.1400000000000006
11
117.9565860000000015
21
-53.1361479999999986
0
LINE
8
BLACK
6
CONTINUOUS
10
117.9565860000000015
20
-53.1361479999999986
11
117.8027719999999903
21
-53.1055519999999959
0
LINE
8
BLACK
6
CONTINUOUS
10
117.8027719999999903
20
-53.1055519999999959
11
117.6578829999999982
21
-53.0455369999999959
0
LINE
8
BLACK
6
CONTINUOUS
10
117.6578829999999982
20
-53.0455369999999959
11
117.5274849999999986
21
-52.9584079999999986
0
LINE
8
BLACK
6
CONTINUOUS
10
117.5274849999999986
20
-52.9584079999999986
11
117.4165919999999943
21
-52.8475149999999942
0
LINE
8
BLACK
6
CONTINUOUS
10
117.4165919999999943
20
-52.8475149999999942
11
117.3294629999999898
21
-52.7171169999999947
0
LINE
8
BLACK
6
CONTINUOUS
10
117.3294629999999898
20
-52.7171169999999947
11
117.269447999999997
21
-52.5722279999999955
0
LINE
8
BLACK
6
CONTINUOUS
10
117.269447999999997
20
-52.5722279999999955
11
117.2388519999999943
21
-52.4184139999999985
0
LINE
8
BLACK
6
CONTINUOUS
10
117.2388519999999943
20
-52.4184139999999985
11
117.2388519999999943
21
-52.2615859999999941
0
LINE
8
BLACK
6
CONTINUOUS
10
117.2388519999999943
20
-52.2615859999999941
11
117.269447999999997
21
-52.1077719999999971
0
LINE
8
BLACK
6
CONTINUOUS
10
117.269447999999997
20
-52.1077719999999971
11
117.3294629999999898
21
-51.9628829999999979
0
LINE
8
BLACK
6
CONTINUOUS
10
117.3294629999999898
20
-51.9628829999999979
11
117.4165919999999943
21
-51.8324849999999984
0
LINE
8
BLACK
6
CONTINUOUS
10
117.4165919999999943
20
-51.8324849999999984
11
117.5274849999999986
21
-51.7215920000000011
0
LINE
8
BLACK
6
CONTINUOUS
10
117.5274849999999986
20
-51.7215920000000011
11
117.6578829999999982
21
-51.6344629999999967
0
LINE
8
BLACK
6
CONTINUOUS
10
117.6578829999999982
20
-51.6344629999999967
11
117.8027719999999903
21
-51.5744479999999967
0
LINE
8
BLACK
6
CONTINUOUS
10
117.8027719999999903
20
-51.5744479999999967
11
117.9565860000000015
21
-51.5438520000000011
0
LINE
8
BLACK
6
CONTINUOUS
10
117.9565860000000015
20
-51.5438520000000011
11
118.0349999999999966
21
-51.5399999999999991
0
LINE
8
BLACK
6
CONTINUOUS
10
118.0349999999999966
20
-51.5399999999999991
11
118.8349999999999937
21
-51.5399999999999991
0
LINE
8
BLACK
6
CONTINUOUS
10
118.8349999999999937
20
-51.5399999999999991
11
118.9134139999999888
21
-51.5438520000000011
0
LINE
8
BLACK
6
CONTINUOUS
10
118.9134139999999888
20
-49.0038519999999949
11
119.0672280000000001
21
-49.0344479999999976
0
LINE
8
BLACK
6
CONTINUOUS
10
119.0672280000000001
20
-49.0344479999999976
11
119.2121169999999921
21
-49.0944629999999975
0
LINE
8
BLACK
6
CONTINUOUS
10
119.2121169999999921
20
-49.0944629999999975
11
119.3425149999999917
21
-49.1815919999999949
0
LINE
8
BLACK
6
CONTINUOUS
10
119.3425149999999917
20
-49.1815919999999949
11
119.453407999999996
21
-49.2924849999999992
0
LINE
8
BLACK
6
CONTINUOUS
10
119.453407999999996
20
-49.2924849999999992
11
119.5405370000000005
21
-49.4228829999999988
0
LINE
8
BLACK
6
CONTINUOUS
10
119.5405370000000005
20
-49.4228829999999988
11
119.6005519999999933
21
-49.5677719999999979
0
LINE
8
BLACK
6
CONTINUOUS
10
119.6005519999999933
20
-49.5677719999999979
11
119.631147999999996
21
-49.721585999999995
0
LINE
8
BLACK
6
CONTINUOUS
10
119.631147999999996
20
-49.721585999999995
11
119.631147999999996
21
-49.8784139999999994
0
LINE
8
BLACK
6
CONTINUOUS
10
119.631147999999996
20
-49.8784139999999994
11
119.6005519999999933
21
-50.0322279999999964
0
LINE
8
BLACK
6
CONTINUOUS
10
119.6005519999999933
20
-50.0322279999999964
11
119.5405370000000005
21
-50.1771169999999955
0
LINE
8
BLACK
6
CONTINUOUS
10
119.5405370000000005
20
-50.1771169999999955
11
119.453407999999996
21
-50.3075149999999951
0
LINE
8
BLACK
6
CONTINUOUS
10
119.453407999999996
20
-50.3075149999999951
11
119.3425149999999917
21
-50.4184079999999994
0
LINE
8
BLACK
6
CONTINUOUS
10
119.3425149999999917
20
-50.4184079999999994
11
119.2121169999999921
21
-50.5055369999999968
0
LINE
8
BLACK
6
CONTINUOUS
10
119.2121169999999921
20
-50.5055369999999968
11
119.0672280000000001
21
-50.5655519999999967
0
LINE
8
BLACK
6
CONTINUOUS
10
119.0672280000000001
20
-50.5655519999999967
11
118.9134139999999888
21
-50.5961479999999995
0
LINE
8
BLACK
6
CONTINUOUS
10
118.9134139999999888
20
-50.5961479999999995
11
118.8349999999999937
21
-50.5999999999999943
0
LINE
8
BLACK
6
CONTINUOUS
10
118.8349999999999937
20
-50.5999999999999943
11
118.0349999999999966
21
-50.5999999999999943
0
LINE
8
BLACK
6
CONTINUOUS
10
118.0349999999999966
20
-50.5999999999999943
11
117.9565860000000015
21
-50.5961479999999995
0
LINE
8
BLACK
6
CONTINUOUS
10
117.9565860000000015
20
-50.5961479999999995
11
117.8027719999999903
21
-50.5655519999999967
0
LINE
8
BLACK
6
CONTINUOUS
10
117.8027719999999903
20
-50.5655519999999967
11
117.6578829999999982
21
-50.5055369999999968
0
LINE
8
BLACK
6
CONTINUOUS
10
117.6578829999999982
20
-50.5055369999999968
11
117.5274849999999986
21
-50.4184079999999994
0
LINE
8
BLACK
6
CONTINUOUS
10
117.5274849999999986
20
-50.4184079999999994
11
117.4165919999999943
21
-50.3075149999999951
0
LINE
8
BLACK
6
CONTINUOUS
10
117.4165919999999943
20
-50.3075149999999951
11
117.3294629999999898
21
-50.1771169999999955
0
LINE
8
BLACK
6
CONTINUOUS
10
117.3294629999999898
20
-50.1771169999999955
11
117.269447999999997
21
-50.0322279999999964
0
LINE
8
BLACK
6
CONTINUOUS
10
117.269447999999997
20
-50.0322279999999964
11
117.2388519999999943
21
-49.8784139999999994
0
LINE
8
BLACK
6
CONTINUOUS
10
117.2388519999999943
20
-49.8784139999999994
11
117.2388519999999943
21
-49.721585999999995
0
LINE
8
BLACK
6
CONTINUOUS
10
117.2388519999999943
20
-49.721585999999995
11
117.269447999999997
21
-49.5677719999999979
0
LINE
8
BLACK
6
CONTINUOUS
10
117.269447999999997
20
-49.5677719999999979
11
117.3294629999999898
21
-49.4228829999999988
0
LINE
8
BLACK
6
CONTINUOUS
10
117.3294629999999898
20
-49.4228829999999988
11
117.4165919999999943
21
-49.2924849999999992
0
LINE
8
BLACK
6
CONTINUOUS
10
117.4165919999999943
20
-49.2924849999999992
11
117.5274849999999986
21
-49.1815919999999949
0
LINE
8
BLACK
6
CONTINUOUS
10
117.5274849999999986
20
-49.1815919999999949
11
117.6578829999999982
21
-49.0944629999999975
0
LINE
8
BLACK
6
CONTINUOUS
10
117.6578829999999982
20
-49.0944629999999975
11
117.8027719999999903
21
-49.0344479999999976
0
LINE
8
BLACK
6
CONTINUOUS
10
117.8027719999999903
20
-49.0344479999999976
11
117.9565860000000015
21
-49.0038519999999949
0
LINE
8
BLACK
6
CONTINUOUS
10
117.9565860000000015
20
-49.0038519999999949
11
118.0349999999999966
21
-49.
0
LINE
8
BLACK
6
CONTINUOUS
10
118.0349999999999966
20
-49.
11
118.8349999999999937
21
-49.
0
LINE
8
BLACK
6
CONTINUOUS
10
118.8349999999999937
20
-49.
11
118.9134139999999888
21
-49.0038519999999949
0
LINE
8
BLACK
6
CONTINUOUS
10
119.480671000000001
20
-46.4790299999999945
11
119.5617769999999922
21
-46.5332229999999996
0
LINE
8
BLACK
6
CONTINUOUS
10
119.5617769999999922
20
-46.5332229999999996
11
119.6159699999999901
21
-46.6143289999999979
0
LINE
8
BLACK
6
CONTINUOUS
10
119.6159699999999901
20
-46.6143289999999979
11
119.6349999999999909
21
-46.7100000000000009
0
LINE
8
BLACK
6
CONTINUOUS
10
119.6349999999999909
20
-46.7100000000000009
11
119.6349999999999909
21
-47.8099999999999952
0
LINE
8
BLACK
6
CONTINUOUS
10
119.6349999999999909
20
-47.8099999999999952
11
119.6159699999999901
21
-47.9056709999999981
0
LINE
8
BLACK
6
CONTINUOUS
10
119.6159699999999901
20
-47.9056709999999981
11
119.5617769999999922
21
-47.9867769999999965
0
LINE
8
BLACK
6
CONTINUOUS
10
119.5617769999999922
20
-47.9867769999999965
11
119.480671000000001
21
-48.0409699999999944
0
LINE
8
BLACK
6
CONTINUOUS
10
119.480671000000001
20
-48.0409699999999944
11
119.3849999999999909
21
-48.0599999999999952
0
LINE
8
BLACK
6
CONTINUOUS
10
119.3849999999999909
20
-48.0599999999999952
11
117.4849999999999994
21
-48.0599999999999952
0
LINE
8
BLACK
6
CONTINUOUS
10
117.4849999999999994
20
-48.0599999999999952
11
117.3893289999999894
21
-48.0409699999999944
0
LINE
8
BLACK
6
CONTINUOUS
10
117.3893289999999894
20
-48.0409699999999944
11
117.3082229999999981
21
-47.9867769999999965
0
LINE
8
BLACK
6
CONTINUOUS
10
117.3082229999999981
20
-47.9867769999999965
11
117.2540300000000002
21
-47.9056709999999981
0
LINE
8
BLACK
6
CONTINUOUS
10
117.2540300000000002
20
-47.9056709999999981
11
117.2349999999999994
21
-47.8099999999999952
0
LINE
8
BLACK
6
CONTINUOUS
10
117.2349999999999994
20
-47.8099999999999952
11
117.2349999999999994
21
-46.7100000000000009
0
LINE
8
BLACK
6
CONTINUOUS
10
117.2349999999999994
20
-46.7100000000000009
11
117.2540300000000002
21
-46.6143289999999979
0
LINE
8
BLACK
6
CONTINUOUS
10
117.2540300000000002
20
-46.6143289999999979
11
117.3082229999999981
21
-46.5332229999999996
0
LINE
8
BLACK
6
CONTINUOUS
10
117.3082229999999981
20
-46.5332229999999996
11
117.3893289999999894
21
-46.4790299999999945
0
LINE
8
BLACK
6
CONTINUOUS
10
117.3893289999999894
20
-46.4790299999999945
11
117.4849999999999994
21
-46.4600000000000009
0
LINE
8
BLACK
6
CONTINUOUS
10
117.4849999999999994
20
-46.4600000000000009
11
119.3849999999999909
21
-46.4600000000000009
0
LINE
8
BLACK
6
CONTINUOUS
10
119.3849999999999909
20
-46.4600000000000009
11
119.480671000000001
21
-46.4790299999999945
0
LINE
8
BLACK
6
CONTINUOUS
10
126.5334139999999934
20
-51.5438520000000011
11
126.6872279999999904
21
-51.5744479999999967
0
LINE
8
BLACK
6
CONTINUOUS
10
126.6872279999999904
20
-51.5744479999999967
11
126.8321169999999967
21
-51.6344629999999967
0
LINE
8
BLACK
6
CONTINUOUS
10
126.8321169999999967
20
-51.6344629999999967
11
126.9625149999999962
21
-51.7215920000000011
0
LINE
8
BLACK
6
CONTINUOUS
10
126.9625149999999962
20
-51.7215920000000011
11
127.0734080000000006
21
-51.8324849999999984
0
LINE
8
BLACK
6
CONTINUOUS
10
127.0734080000000006
20
-51.8324849999999984
11
127.1605369999999908
21
-51.9628829999999979
0
LINE
8
BLACK
6
CONTINUOUS
10
127.1605369999999908
20
-51.9628829999999979
11
127.2205519999999979
21
-52.1077719999999971
0
LINE
8
BLACK
6
CONTINUOUS
10
127.2205519999999979
20
-52.1077719999999971
11
127.2511480000000006
21
-52.2615859999999941
0
LINE
8
BLACK
6
CONTINUOUS
10
127.2511480000000006
20
-52.2615859999999941
11
127.2511480000000006
21
-52.4184139999999985
0
LINE
8
BLACK
6
CONTINUOUS
10
127.2511480000000006
20
-52.4184139999999985
11
127.2205519999999979
21
-52.5722279999999955
0
LINE
8
BLACK
6
CONTINUOUS
10
127.2205519999999979
20
-52.5722279999999955
11
127.1605369999999908
21
-52.7171169999999947
0
LINE
8
BLACK
6
CONTINUOUS
10
127.1605369999999908
20
-52.7171169999999947
11
127.0734080000000006
21
-52.8475149999999942
0
LINE
8
BLACK
6
CONTINUOUS
10
127.0734080000000006
20
-52.8475149999999942
11
126.9625149999999962
21
-52.9584079999999986
0
LINE
8
BLACK
6
CONTINUOUS
10
126.9625149999999962
20
-52.9584079999999986
11
126.8321169999999967
21
-53.0455369999999959
0
LINE
8
BLACK
6
CONTINUOUS
10
126.8321169999999967
20
-53.0455369999999959
11
126.6872279999999904
21
-53.1055519999999959
0
LINE
8
BLACK
6
CONTINUOUS
10
126.6872279999999904
20
-53.1055519999999959
11
126.5334139999999934
21
-53.1361479999999986
0
LINE
8
BLACK
6
CONTINUOUS
10
126.5334139999999934
20
-53.1361479999999986
11
126.4549999999999983
21
-53.1400000000000006
0
LINE
8
BLACK
6
CONTINUOUS
10
126.4549999999999983
20
-53.1400000000000006
11
125.6550000000000011
21
-53.1400000000000006
0
LINE
8
BLACK
6
CONTINUOUS
10
125.6550000000000011
20
-53.1400000000000006
11
125.5765859999999918
21
-53.1361479999999986
0
LINE
8
BLACK
6
CONTINUOUS
10
125.5765859999999918
20
-53.1361479999999986
11
125.4227719999999948
21
-53.1055519999999959
0
LINE
8
BLACK
6
CONTINUOUS
10
125.4227719999999948
20
-53.1055519999999959
11
125.2778829999999886
21
-53.0455369999999959
0
LINE
8
BLACK
6
CONTINUOUS
10
125.2778829999999886
20
-53.0455369999999959
11
125.147484999999989
21
-52.9584079999999986
0
LINE
8
BLACK
6
CONTINUOUS
10
125.147484999999989
20
-52.9584079999999986
11
125.0365919999999988
21
-52.8475149999999942
0
LINE
8
BLACK
6
CONTINUOUS
10
125.0365919999999988
20
-52.8475149999999942
11
124.9494629999999944
21
-52.7171169999999947
0
LINE
8
BLACK
6
CONTINUOUS
10
124.9494629999999944
20
-52.7171169999999947
11
124.8894479999999874
21
-52.5722279999999955
0
LINE
8
BLACK
6
CONTINUOUS
10
124.8894479999999874
20
-52.5722279999999955
11
124.8588519999999988
21
-52.4184139999999985
0
LINE
8
BLACK
6
CONTINUOUS
10
124.8588519999999988
20
-52.4184139999999985
11
124.8588519999999988
21
-52.2615859999999941
0
LINE
8
BLACK
6
CONTINUOUS
10
124.8588519999999988
20
-52.2615859999999941
11
124.8894479999999874
21
-52.1077719999999971
0
LINE
8
BLACK
6
CONTINUOUS
10
124.8894479999999874
20
-52.1077719999999971
11
124.9494629999999944
21
-51.9628829999999979
0
LINE
8
BLACK
6
CONTINUOUS
10
124.9494629999999944
20
-51.9628829999999979
11
125.0365919999999988
21
-51.8324849999999984
0
LINE
8
BLACK
6
CONTINUOUS
10
125.0365919999999988
20
-51.8324849999999984
11
125.147484999999989
21
-51.7215920000000011
0
LINE
8
BLACK
6
CONTINUOUS
10
125.147484999999989
20
-51.7215920000000011
11
125.2778829999999886
21
-51.6344629999999967
0
LINE
8
BLACK
6
CONTINUOUS
10
125.2778829999999886
20
-51.6344629999999967
11
125.4227719999999948
21
-51.5744479999999967
0
LINE
8
BLACK
6
CONTINUOUS
10
125.4227719999999948
20
-51.5744479999999967
11
125.5765859999999918
21
-51.5438520000000011
0
LINE
8
BLACK
6
CONTINUOUS
10
125.5765859999999918
20
-51.5438520000000011
11
125.6550000000000011
21
-51.5399999999999991
0
LINE
8
BLACK
6
CONTINUOUS
10
125.6550000000000011
20
-51.5399999999999991
11
126.4549999999999983
21
-51.5399999999999991
0
LINE
8
BLACK
6
CONTINUOUS
10
126.4549999999999983
20
-51.5399999999999991
11
126.5334139999999934
21
-51.5438520000000011
0
LINE
8
BLACK
6
CONTINUOUS
10
126.5334139999999934
20
-49.0038519999999949
11
126.6872279999999904
21
-49.0344479999999976
0
LINE
8
BLACK
6
CONTINUOUS
10
126.6872279999999904
20
-49.0344479999999976
11
126.8321169999999967
21
-49.0944629999999975
0
LINE
8
BLACK
6
CONTINUOUS
10
126.8321169999999967
20
-49.0944629999999975
11
126.9625149999999962
21
-49.1815919999999949
0
LINE
8
BLACK
6
CONTINUOUS
10
126.9625149999999962
20
-49.1815919999999949
11
127.0734080000000006
21
-49.2924849999999992
0
LINE
8
BLACK
6
CONTINUOUS
10
127.0734080000000006
20
-49.2924849999999992
11
127.1605369999999908
21
-49.4228829999999988
0
LINE
8
BLACK
6
CONTINUOUS
10
127.1605369999999908
20
-49.4228829999999988
11
127.2205519999999979
21
-49.5677719999999979
0
LINE
8
BLACK
6
CONTINUOUS
10
127.2205519999999979
20
-49.5677719999999979
11
127.2511480000000006
21
-49.721585999999995
0
LINE
8
BLACK
6
CONTINUOUS
10
127.2511480000000006
20
-49.721585999999995
11
127.2511480000000006
21
-49.8784139999999994
0
LINE
8
BLACK
6
CONTINUOUS
10
127.2511480000000006
20
-49.8784139999999994
11
127.2205519999999979
21
-50.0322279999999964
0
LINE
8
BLACK
6
CONTINUOUS
10
127.2205519999999979
20
-50.0322279999999964
11
127.1605369999999908
21
-50.1771169999999955
0
LINE
8
BLACK
6
CONTINUOUS
10
127.1605369999999908
20
-50.1771169999999955
11
127.0734080000000006
21
-50.3075149999999951
0
LINE
8
BLACK
6
CONTINUOUS
10
127.0734080000000006
20
-50.3075149999999951
11
126.9625149999999962
21
-50.4184079999999994
0
LINE
8
BLACK
6
CONTINUOUS
10
126.9625149999999962
20
-50.4184079999999994
11
126.8321169999999967
21
-50.5055369999999968
0
LINE
8
BLACK
6
CONTINUOUS
10
126.8321169999999967
20
-50.5055369999999968
11
126.6872279999999904
21
-50.5655519999999967
0
LINE
8
BLACK
6
CONTINUOUS
10
126.6872279999999904
20
-50.5655519999999967
11
126.5334139999999934
21
-50.5961479999999995
0
LINE
8
BLACK
6
CONTINUOUS
10
126.5334139999999934
20
-50.5961479999999995
11
126.4549999999999983
21
-50.5999999999999943
0
LINE
8
BLACK
6
CONTINUOUS
10
126.4549999999999983
20
-50.5999999999999943
11
125.6550000000000011
21
-50.5999999999999943
0
LINE
8
BLACK
6
CONTINUOUS
10
125.6550000000000011
20
-50.5999999999999943
11
125.5765859999999918
21
-50.5961479999999995
0
LINE
8
BLACK
6
CONTINUOUS
10
125.5765859999999918
20
-50.5961479999999995
11
125.4227719999999948
21
-50.5655519999999967
0
LINE
8
BLACK
6
CONTINUOUS
10
125.4227719999999948
20
-50.5655519999999967
11
125.2778829999999886
21
-50.5055369999999968
0
LINE
8
BLACK
6
CONTINUOUS
10
125.2778829999999886
20
-50.5055369999999968
11
125.147484999999989
21
-50.4184079999999994
0
LINE
8
BLACK
6
CONTINUOUS
10
125.147484999999989
20
-50.4184079999999994
11
125.0365919999999988
21
-50.3075149999999951
0
LINE
8
BLACK
6
CONTINUOUS
10
125.0365919999999988
20
-50.3075149999999951
11
124.9494629999999944
21
-50.1771169999999955
0
LINE
8
BLACK
6
CONTINUOUS
10
124.9494629999999944
20
-50.1771169999999955
11
124.8894479999999874
21
-50.0322279999999964
0
LINE
8
BLACK
6
CONTINUOUS
10
124.8894479999999874
20
-50.0322279999999964
11
124.8588519999999988
21
-49.8784139999999994
0
LINE
8
BLACK
6
CONTINUOUS
10
124.8588519999999988
20
-49.8784139999999994
11
124.8588519999999988
21
-49.721585999999995
0
LINE
8
BLACK
6
CONTINUOUS
10
124.8588519999999988
20
-49.721585999999995
11
124.8894479999999874
21
-49.5677719999999979
0
LINE
8
BLACK
6
CONTINUOUS
10
124.8894479999999874
20
-49.5677719999999979
11
124.9494629999999944
21
-49.4228829999999988
0
LINE
8
BLACK
6
CONTINUOUS
10
124.9494629999999944
20
-49.4228829999999988
11
125.0365919999999988
21
-49.2924849999999992
0
LINE
8
BLACK
6
CONTINUOUS
10
125.0365919999999988
20
-49.2924849999999992
11
125.147484999999989
21
-49.1815919999999949
0
LINE
8
BLACK
6
CONTINUOUS
10
125.147484999999989
20
-49.1815919999999949
11
125.2778829999999886
21
-49.0944629999999975
0
LINE
8
BLACK
6
CONTINUOUS
10
125.2778829999999886
20
-49.0944629999999975
11
125.4227719999999948
21
-49.0344479999999976
0
LINE
8
BLACK
6
CONTINUOUS
10
125.4227719999999948
20
-49.0344479999999976
11
125.5765859999999918
21
-49.0038519999999949
0
LINE
8
BLACK
6
CONTINUOUS
10
125.5765859999999918
20
-49.0038519999999949
11
125.6550000000000011
21
-49.
0
LINE
8
BLACK
6
CONTINUOUS
10
125.6550000000000011
20
-49.
11
126.4549999999999983
21
-49.
0
LINE
8
BLACK
6
CONTINUOUS
10
126.4549999999999983
20
-49.
11
126.5334139999999934
21
-49.0038519999999949
0
LINE
8
BLACK
6
CONTINUOUS
10
126.5334139999999934
20
-46.4638519999999957
11
126.6872279999999904
21
-46.4944479999999984
0
LINE
8
BLACK
6
CONTINUOUS
10
126.6872279999999904
20
-46.4944479999999984
11
126.8321169999999967
21
-46.5544629999999984
0
LINE
8
BLACK
6
CONTINUOUS
10
126.8321169999999967
20
-46.5544629999999984
11
126.9625149999999962
21
-46.6415919999999957
0
LINE
8
BLACK
6
CONTINUOUS
10
126.9625149999999962
20
-46.6415919999999957
11
127.0734080000000006
21
-46.7524850000000001
0
LINE
8
BLACK
6
CONTINUOUS
10
127.0734080000000006
20
-46.7524850000000001
11
127.1605369999999908
21
-46.8828829999999996
0
LINE
8
BLACK
6
CONTINUOUS
10
127.1605369999999908
20
-46.8828829999999996
11
127.2205519999999979
21
-47.0277719999999988
0
LINE
8
BLACK
6
CONTINUOUS
10
127.2205519999999979
20
-47.0277719999999988
11
127.2511480000000006
21
-47.1815859999999958
0
LINE
8
BLACK
6
CONTINUOUS
10
127.2511480000000006
20
-47.1815859999999958
11
127.2511480000000006
21
-47.3384140000000002
0
LINE
8
BLACK
6
CONTINUOUS
10
127.2511480000000006
20
-47.3384140000000002
11
127.2205519999999979
21
-47.4922279999999972
0
LINE
8
BLACK
6
CONTINUOUS
10
127.2205519999999979
20
-47.4922279999999972
11
127.1605369999999908
21
-47.6371169999999964
0
LINE
8
BLACK
6
CONTINUOUS
10
127.1605369999999908
20
-47.6371169999999964
11
127.0734080000000006
21
-47.767514999999996
0
LINE
8
BLACK
6
CONTINUOUS
10
127.0734080000000006
20
-47.767514999999996
11
126.9625149999999962
21
-47.8784080000000003
0
LINE
8
BLACK
6
CONTINUOUS
10
126.9625149999999962
20
-47.8784080000000003
11
126.8321169999999967
21
-47.9655369999999976
0
LINE
8
BLACK
6
CONTINUOUS
10
126.8321169999999967
20
-47.9655369999999976
11
126.6872279999999904
21
-48.0255519999999976
0
LINE
8
BLACK
6
CONTINUOUS
10
126.6872279999999904
20
-48.0255519999999976
11
126.5334139999999934
21
-48.0561480000000003
0
LINE
8
BLACK
6
CONTINUOUS
10
126.5334139999999934
20
-48.0561480000000003
11
126.4549999999999983
21
-48.0599999999999952
0
LINE
8
BLACK
6
CONTINUOUS
10
126.4549999999999983
20
-48.0599999999999952
11
125.6550000000000011
21
-48.0599999999999952
0
LINE
8
BLACK
6
CONTINUOUS
10
125.6550000000000011
20
-48.0599999999999952
11
125.5765859999999918
21
-48.0561480000000003
0
LINE
8
BLACK
6
CONTINUOUS
10
125.5765859999999918
20
-48.0561480000000003
11
125.4227719999999948
21
-48.0255519999999976
0
LINE
8
BLACK
6
CONTINUOUS
10
125.4227719999999948
20
-48.0255519999999976
11
125.2778829999999886
21
-47.9655369999999976
0
LINE
8
BLACK
6
CONTINUOUS
10
125.2778829999999886
20
-47.9655369999999976
11
125.147484999999989
21
-47.8784080000000003
0
LINE
8
BLACK
6
CONTINUOUS
10
125.147484999999989
20
-47.8784080000000003
11
125.0365919999999988
21
-47.767514999999996
0
LINE
8
BLACK
6
CONTINUOUS
10
125.0365919999999988
20
-47.767514999999996
11
124.9494629999999944
21
-47.6371169999999964
0
LINE
8
BLACK
6
CONTINUOUS
10
124.9494629999999944
20
-47.6371169999999964
11
124.8894479999999874
21
-47.4922279999999972
0
LINE
8
BLACK
6
CONTINUOUS
10
124.8894479999999874
20
-47.4922279999999972
11
124.8588519999999988
21
-47.3384140000000002
0
LINE
8
BLACK
6
CONTINUOUS
10
124.8588519999999988
20
-47.3384140000000002
11
124.8588519999999988
21
-47.1815859999999958
0
LINE
8
BLACK
6
CONTINUOUS
10
124.8588519999999988
20
-47.1815859999999958
11
124.8894479999999874
21
-47.0277719999999988
0
LINE
8
BLACK
6
CONTINUOUS
10
124.8894479999999874
20
-47.0277719999999988
11
124.9494629999999944
21
-46.8828829999999996
0
LINE
8
BLACK
6
CONTINUOUS
10
124.9494629999999944
20
-46.8828829999999996
11
125.0365919999999988
21
-46.7524850000000001
0
LINE
8
BLACK
6
CONTINUOUS
10
125.0365919999999988
20
-46.7524850000000001
11
125.147484999999989
21
-46.6415919999999957
0
LINE
8
BLACK
6
CONTINUOUS
10
125.147484999999989
20
-46.6415919999999957
11
125.2778829999999886
21
-46.5544629999999984
0
LINE
8
BLACK
6
CONTINUOUS
10
125.2778829999999886
20
-46.5544629999999984
11
125.4227719999999948
21
-46.4944479999999984
0
LINE
8
BLACK
6
CONTINUOUS
10
125.4227719999999948
20
-46.4944479999999984
11
125.5765859999999918
21
-46.4638519999999957
0
LINE
8
BLACK
6
CONTINUOUS
10
125.5765859999999918
20
-46.4638519999999957
11
125.6550000000000011
21
-46.4600000000000009
0
LINE
8
BLACK
6
CONTINUOUS
10
125.6550000000000011
20
-46.4600000000000009
11
126.4549999999999983
21
-46.4600000000000009
0
LINE
8
BLACK
6
CONTINUOUS
10
126.4549999999999983
20
-46.4600000000000009
11
126.5334139999999934
21
-46.4638519999999957
0
LINE
8
BLACK
6
CONTINUOUS
10
148.4899999999999807
20
-33.5
11
145.4899999999999807
21
-33.5
0
LINE
8
BLACK
6
CONTINUOUS
10
145.4899999999999807
20
-33.5
11
145.4899999999999807
21
-32.5
0
LINE
8
BLACK
6
CONTINUOUS
10
145.4899999999999807
20
-32.5
11
123.5421070000000014
21
-32.5
0
LINE
8
BLACK
6
CONTINUOUS
10
123.5421070000000014
20
-32.5
11
107.2547849999999983
21
-48.7873200000000011
0
LINE
8
BLACK
6
CONTINUOUS
10
107.2547849999999983
20
-48.7873200000000011
11
107.3287449999999978
21
-48.915422999999997
0
LINE
8
BLACK
6
CONTINUOUS
10
107.3287449999999978
20
-48.915422999999997
11
107.4288600000000002
21
-49.1571209999999965
0
LINE
8
BLACK
6
CONTINUOUS
10
107.4288600000000002
20
-49.1571209999999965
11
107.4965709999999888
21
-49.4098189999999988
0
LINE
8
BLACK
6
CONTINUOUS
10
107.4965709999999888
20
-49.4098189999999988
11
107.5307179999999931
21
-49.6691939999999974
0
LINE
8
BLACK
6
CONTINUOUS
10
107.5307179999999931
20
-49.6691939999999974
11
107.5307179999999931
21
-49.9308059999999969
0
LINE
8
BLACK
6
CONTINUOUS
10
107.5307179999999931
20
-49.9308059999999969
11
107.4965709999999888
21
-50.1901809999999955
0
LINE
8
BLACK
6
CONTINUOUS
10
107.4965709999999888
20
-50.1901809999999955
11
107.4288600000000002
21
-50.4428789999999978
0
LINE
8
BLACK
6
CONTINUOUS
10
107.4288600000000002
20
-50.4428789999999978
11
107.3287449999999978
21
-50.6845769999999973
0
LINE
8
BLACK
6
CONTINUOUS
10
107.3287449999999978
20
-50.6845769999999973
11
107.197938999999991
21
-50.9111399999999961
0
LINE
8
BLACK
6
CONTINUOUS
10
107.197938999999991
20
-50.9111399999999961
11
107.0386799999999994
21
-51.1186919999999958
0
LINE
8
BLACK
6
CONTINUOUS
10
107.0386799999999994
20
-51.1186919999999958
11
106.8536919999999952
21
-51.3036799999999999
0
LINE
8
BLACK
6
CONTINUOUS
10
106.8536919999999952
20
-51.3036799999999999
11
106.6461399999999884
21
-51.4629389999999987
0
LINE
8
BLACK
6
CONTINUOUS
10
106.6461399999999884
20
-51.4629389999999987
11
106.4195769999999897
21
-51.5937449999999984
0
LINE
8
BLACK
6
CONTINUOUS
10
106.4195769999999897
20
-51.5937449999999984
11
106.1778789999999901
21
-51.6938600000000008
0
LINE
8
BLACK
6
CONTINUOUS
10
106.1778789999999901
20
-51.6938600000000008
11
105.9251809999999949
21
-51.7615709999999964
0
LINE
8
BLACK
6
CONTINUOUS
10
105.9251809999999949
20
-51.7615709999999964
11
105.6658059999999892
21
-51.7957180000000008
0
LINE
8
BLACK
6
CONTINUOUS
10
105.6658059999999892
20
-51.7957180000000008
11
105.4041939999999897
21
-51.7957180000000008
0
LINE
8
BLACK
6
CONTINUOUS
10
105.4041939999999897
20
-51.7957180000000008
11
105.1448189999999983
21
-51.7615709999999964
0
LINE
8
BLACK
6
CONTINUOUS
10
105.1448189999999983
20
-51.7615709999999964
11
104.8921209999999888
21
-51.6938600000000008
0
LINE
8
BLACK
6
CONTINUOUS
10
104.8921209999999888
20
-51.6938600000000008
11
104.6504229999999893
21
-51.5937449999999984
0
LINE
8
BLACK
6
CONTINUOUS
10
104.6504229999999893
20
-51.5937449999999984
11
104.4238599999999906
21
-51.4629389999999987
0
LINE
8
BLACK
6
CONTINUOUS
10
104.4238599999999906
20
-51.4629389999999987
11
104.2163079999999979
21
-51.3036799999999999
0
LINE
8
BLACK
6
CONTINUOUS
10
104.2163079999999979
20
-51.3036799999999999
11
104.0313199999999938
21
-51.1186919999999958
0
LINE
8
BLACK
6
CONTINUOUS
10
104.0313199999999938
20
-51.1186919999999958
11
103.8720610000000022
21
-50.9111399999999961
0
LINE
8
BLACK
6
CONTINUOUS
10
103.8720610000000022
20
-50.9111399999999961
11
103.7412549999999953
21
-50.6845769999999973
0
LINE
8
BLACK
6
CONTINUOUS
10
103.7412549999999953
20
-50.6845769999999973
11
103.6411399999999929
21
-50.4428789999999978
0
LINE
8
BLACK
6
CONTINUOUS
10
103.6411399999999929
20
-50.4428789999999978
11
103.5734289999999902
21
-50.1901809999999955
0
LINE
8
BLACK
6
CONTINUOUS
10
103.5734289999999902
20
-50.1901809999999955
11
103.539282
21
-49.9308059999999969
0
LINE
8
BLACK
6
CONTINUOUS
10
103.539282
20
-49.9308059999999969
11
103.539282
21
-49.6691939999999974
0
LINE
8
BLACK
6
CONTINUOUS
10
103.539282
20
-49.6691939999999974
11
103.5734289999999902
21
-49.4098189999999988
0
LINE
8
BLACK
6
CONTINUOUS
10
103.5734289999999902
20
-49.4098189999999988
11
103.6411399999999929
21
-49.1571209999999965
0
LINE
8
BLACK
6
CONTINUOUS
10
103.6411399999999929
20
-49.1571209999999965
11
103.7412549999999953
21
-48.915422999999997
0
LINE
8
BLACK
6
CONTINUOUS
10
103.7412549999999953
20
-48.915422999999997
11
103.8720610000000022
21
-48.6888599999999983
0
LINE
8
BLACK
6
CONTINUOUS
10
103.8720610000000022
20
-48.6888599999999983
11
104.0313199999999938
21
-48.4813079999999985
0
LINE
8
BLACK
6
CONTINUOUS
10
104.0313199999999938
20
-48.4813079999999985
11
104.2163079999999979
21
-48.2963199999999944
0
LINE
8
BLACK
6
CONTINUOUS
10
104.2163079999999979
20
-48.2963199999999944
11
104.4238599999999906
21
-48.1370609999999957
0
LINE
8
BLACK
6
CONTINUOUS
10
104.4238599999999906
20
-48.1370609999999957
11
104.6504229999999893
21
-48.0062549999999959
0
LINE
8
BLACK
6
CONTINUOUS
10
104.6504229999999893
20
-48.0062549999999959
11
104.8921209999999888
21
-47.9061400000000006
0
LINE
8
BLACK
6
CONTINUOUS
10
104.8921209999999888
20
-47.9061400000000006
11
105.1448189999999983
21
-47.8384289999999979
0
LINE
8
BLACK
6
CONTINUOUS
10
105.1448189999999983
20
-47.8384289999999979
11
105.4041939999999897
21
-47.8042820000000006
0
LINE
8
BLACK
6
CONTINUOUS
10
105.4041939999999897
20
-47.8042820000000006
11
105.6658059999999892
21
-47.8042820000000006
0
LINE
8
BLACK
6
CONTINUOUS
10
105.6658059999999892
20
-47.8042820000000006
11
105.9251809999999949
21
-47.8384289999999979
0
LINE
8
BLACK
6
CONTINUOUS
10
105.9251809999999949
20
-47.8384289999999979
11
106.1778789999999901
21
-47.9061400000000006
0
LINE
8
BLACK
6
CONTINUOUS
10
106.1778789999999901
20
-47.9061400000000006
11
106.4195769999999897
21
-48.0062549999999959
0
LINE
8
BLACK
6
CONTINUOUS
10
106.4195769999999897
20
-48.0062549999999959
11
106.5476790000000022
21
-48.080213999999998
0
LINE
8
BLACK
6
CONTINUOUS
10
106.5476790000000022
20
-48.080213999999998
11
122.9814459999999912
21
-31.6464469999999984
0
LINE
8
BLACK
6
CONTINUOUS
10
122.9814459999999912
20
-31.6464469999999984
11
123.0306099999999958
21
-31.6033309999999972
0
LINE
8
BLACK
6
CONTINUOUS
10
123.0306099999999958
20
-31.6033309999999972
11
123.0306190000000015
21
-31.6033229999999996
0
LINE
8
BLACK
6
CONTINUOUS
10
123.0306190000000015
20
-31.6033229999999996
11
123.1436579999999879
21
-31.538059999999998
0
LINE
8
BLACK
6
CONTINUOUS
10
123.1436579999999879
20
-31.538059999999998
11
123.2697369999999921
21
-31.5042769999999983
0
LINE
8
BLACK
6
CONTINUOUS
10
123.2697369999999921
20
-31.5042769999999983
11
123.2697519999999969
21
-31.5042769999999983
0
LINE
8
BLACK
6
CONTINUOUS
10
123.2697519999999969
20
-31.5042769999999983
11
123.3349999999999937
21
-31.5
0
LINE
8
BLACK
6
CONTINUOUS
10
123.3349999999999937
20
-31.5
11
145.4899999999999807
21
-31.5
0
LINE
8
BLACK
6
CONTINUOUS
10
145.4899999999999807
20
-31.5
11
145.4899999999999807
21
-30.5
0
LINE
8
BLACK
6
CONTINUOUS
10
145.4899999999999807
20
-30.5
11
148.4899999999999807
21
-30.5
0
LINE
8
BLACK
6
CONTINUOUS
10
148.4899999999999807
20
-30.5
11
148.4899999999999807
21
-33.5
0
LINE
8
BLACK
6
CONTINUOUS
10
55.3206709999999973
20
-48.7190299999999965
11
55.4017769999999956
21
-48.7732229999999944
0
LINE
8
BLACK
6
CONTINUOUS
10
55.4017769999999956
20
-48.7732229999999944
11
55.4559700000000007
21
-48.8543289999999999
0
LINE
8
BLACK
6
CONTINUOUS
10
55.4559700000000007
20
-48.8543289999999999
11
55.4749989999999968
21
-48.9499999999999957
0
LINE
8
BLACK
6
CONTINUOUS
10
55.4749989999999968
20
-48.9499999999999957
11
55.4749999999999943
21
-50.6500009999999961
0
LINE
8
BLACK
6
CONTINUOUS
10
55.4749999999999943
20
-50.6500009999999961
11
55.4559700000000007
21
-50.7456709999999944
0
LINE
8
BLACK
6
CONTINUOUS
10
55.4559700000000007
20
-50.7456709999999944
11
55.4017769999999956
21
-50.8267769999999999
0
LINE
8
BLACK
6
CONTINUOUS
10
55.4017769999999956
20
-50.8267769999999999
11
55.3206709999999973
21
-50.8809699999999978
0
LINE
8
BLACK
6
CONTINUOUS
10
55.3206709999999973
20
-50.8809699999999978
11
55.2249999999999943
21
-50.8999990000000011
0
LINE
8
BLACK
6
CONTINUOUS
10
55.2249999999999943
20
-50.8999990000000011
11
53.5249990000000011
21
-50.8999999999999986
0
LINE
8
BLACK
6
CONTINUOUS
10
53.5249990000000011
20
-50.8999999999999986
11
53.4293289999999956
21
-50.8809699999999978
0
LINE
8
BLACK
6
CONTINUOUS
10
53.4293289999999956
20
-50.8809699999999978
11
53.3482229999999973
21
-50.8267769999999999
0
LINE
8
BLACK
6
CONTINUOUS
10
53.3482229999999973
20
-50.8267769999999999
11
53.2940299999999993
21
-50.7456709999999944
0
LINE
8
BLACK
6
CONTINUOUS
10
53.2940299999999993
20
-50.7456709999999944
11
53.2750009999999961
21
-50.6499999999999986
0
LINE
8
BLACK
6
CONTINUOUS
10
53.2750009999999961
20
-50.6499999999999986
11
53.2749999999999986
21
-48.9499989999999983
0
LINE
8
BLACK
6
CONTINUOUS
10
53.2749999999999986
20
-48.9499989999999983
11
53.2940299999999993
21
-48.8543289999999999
0
LINE
8
BLACK
6
CONTINUOUS
10
53.2940299999999993
20
-48.8543289999999999
11
53.3482229999999973
21
-48.7732229999999944
0
LINE
8
BLACK
6
CONTINUOUS
10
53.3482229999999973
20
-48.7732229999999944
11
53.4293289999999956
21
-48.7190299999999965
0
LINE
8
BLACK
6
CONTINUOUS
10
53.4293289999999956
20
-48.7190299999999965
11
53.5249999999999986
21
-48.7000010000000003
0
LINE
8
BLACK
6
CONTINUOUS
10
53.5249999999999986
20
-48.7000010000000003
11
55.2250009999999989
21
-48.6999999999999957
0
LINE
8
BLACK
6
CONTINUOUS
10
55.2250009999999989
20
-48.6999999999999957
11
55.3206709999999973
21
-48.7190299999999965
0
LINE
8
BLACK
6
CONTINUOUS
10
64.7917899999999918
20
-48.7303929999999994
11
64.9559519999999964
21
-48.783732999999998
0
LINE
8
BLACK
6
CONTINUOUS
10
64.9559519999999964
20
-48.783732999999998
11
65.1097479999999962
21
-48.8620960000000011
0
LINE
8
BLACK
6
CONTINUOUS
10
65.1097479999999962
20
-48.8620960000000011
11
65.2493929999999978
21
-48.9635529999999974
0
LINE
8
BLACK
6
CONTINUOUS
10
65.2493929999999978
20
-48.9635529999999974
11
65.3714470000000034
21
-49.085606999999996
0
LINE
8
BLACK
6
CONTINUOUS
10
65.3714470000000034
20
-49.085606999999996
11
65.4729039999999998
21
-49.2252519999999976
0
LINE
8
BLACK
6
CONTINUOUS
10
65.4729039999999998
20
-49.2252519999999976
11
65.5512669999999957
21
-49.3790479999999974
0
LINE
8
BLACK
6
CONTINUOUS
10
65.5512669999999957
20
-49.3790479999999974
11
65.6046070000000014
21
-49.5432099999999949
0
LINE
8
BLACK
6
CONTINUOUS
10
65.6046070000000014
20
-49.5432099999999949
11
65.6316089999999974
21
-49.7136950000000013
0
LINE
8
BLACK
6
CONTINUOUS
10
65.6316089999999974
20
-49.7136950000000013
11
65.6316089999999974
21
-49.8863050000000001
0
LINE
8
BLACK
6
CONTINUOUS
10
65.6316089999999974
20
-49.8863050000000001
11
65.6046070000000014
21
-50.0567899999999995
0
LINE
8
BLACK
6
CONTINUOUS
10
65.6046070000000014
20
-50.0567899999999995
11
65.5512669999999957
21
-50.2209519999999969
0
LINE
8
BLACK
6
CONTINUOUS
10
65.5512669999999957
20
-50.2209519999999969
11
65.4729039999999998
21
-50.3747479999999968
0
LINE
8
BLACK
6
CONTINUOUS
10
65.4729039999999998
20
-50.3747479999999968
11
65.3714470000000034
21
-50.5143929999999983
0
LINE
8
BLACK
6
CONTINUOUS
10
65.3714470000000034
20
-50.5143929999999983
11
65.2493929999999978
21
-50.6364469999999969
0
LINE
8
BLACK
6
CONTINUOUS
10
65.2493929999999978
20
-50.6364469999999969
11
65.1097479999999962
21
-50.7379040000000003
0
LINE
8
BLACK
6
CONTINUOUS
10
65.1097479999999962
20
-50.7379040000000003
11
64.9559519999999964
21
-50.8162669999999963
0
LINE
8
BLACK
6
CONTINUOUS
10
64.9559519999999964
20
-50.8162669999999963
11
64.7917899999999918
21
-50.8696069999999949
0
LINE
8
BLACK
6
CONTINUOUS
10
64.7917899999999918
20
-50.8696069999999949
11
64.6213049999999924
21
-50.896608999999998
0
LINE
8
BLACK
6
CONTINUOUS
10
64.6213049999999924
20
-50.896608999999998
11
64.4486950000000007
21
-50.896608999999998
0
LINE
8
BLACK
6
CONTINUOUS
10
64.4486950000000007
20
-50.896608999999998
11
64.2782100000000014
21
-50.8696069999999949
0
LINE
8
BLACK
6
CONTINUOUS
10
64.2782100000000014
20
-50.8696069999999949
11
64.1140479999999968
21
-50.8162669999999963
0
LINE
8
BLACK
6
CONTINUOUS
10
64.1140479999999968
20
-50.8162669999999963
11
63.960251999999997
21
-50.7379040000000003
0
LINE
8
BLACK
6
CONTINUOUS
10
63.960251999999997
20
-50.7379040000000003
11
63.8206069999999954
21
-50.6364469999999969
0
LINE
8
BLACK
6
CONTINUOUS
10
63.8206069999999954
20
-50.6364469999999969
11
63.6985529999999969
21
-50.5143929999999983
0
LINE
8
BLACK
6
CONTINUOUS
10
63.6985529999999969
20
-50.5143929999999983
11
63.5970960000000005
21
-50.3747479999999968
0
LINE
8
BLACK
6
CONTINUOUS
10
63.5970960000000005
20
-50.3747479999999968
11
63.5187329999999974
21
-50.2209519999999969
0
LINE
8
BLACK
6
CONTINUOUS
10
63.5187329999999974
20
-50.2209519999999969
11
63.4653929999999988
21
-50.0567899999999995
0
LINE
8
BLACK
6
CONTINUOUS
10
63.4653929999999988
20
-50.0567899999999995
11
63.4383909999999958
21
-49.8863050000000001
0
LINE
8
BLACK
6
CONTINUOUS
10
63.4383909999999958
20
-49.8863050000000001
11
63.4383909999999958
21
-49.7136950000000013
0
LINE
8
BLACK
6
CONTINUOUS
10
63.4383909999999958
20
-49.7136950000000013
11
63.4653929999999988
21
-49.5432099999999949
0
LINE
8
BLACK
6
CONTINUOUS
10
63.4653929999999988
20
-49.5432099999999949
11
63.5187329999999974
21
-49.3790479999999974
0
LINE
8
BLACK
6
CONTINUOUS
10
63.5187329999999974
20
-49.3790479999999974
11
63.5970960000000005
21
-49.2252519999999976
0
LINE
8
BLACK
6
CONTINUOUS
10
63.5970960000000005
20
-49.2252519999999976
11
63.6985529999999969
21
-49.085606999999996
0
LINE
8
BLACK
6
CONTINUOUS
10
63.6985529999999969
20
-49.085606999999996
11
63.8206069999999954
21
-48.9635529999999974
0
LINE
8
BLACK
6
CONTINUOUS
10
63.8206069999999954
20
-48.9635529999999974
11
63.960251999999997
21
-48.8620960000000011
0
LINE
8
BLACK
6
CONTINUOUS
10
63.960251999999997
20
-48.8620960000000011
11
64.1140479999999968
21
-48.783732999999998
0
LINE
8
BLACK
6
CONTINUOUS
10
64.1140479999999968
20
-48.783732999999998
11
64.2782100000000014
21
-48.7303929999999994
0
LINE
8
BLACK
6
CONTINUOUS
10
64.2782100000000014
20
-48.7303929999999994
11
64.4486950000000007
21
-48.7033909999999963
0
LINE
8
BLACK
6
CONTINUOUS
10
64.4486950000000007
20
-48.7033909999999963
11
64.6213049999999924
21
-48.7033909999999963
0
LINE
8
BLACK
6
CONTINUOUS
10
64.6213049999999924
20
-48.7033909999999963
11
64.7917899999999918
21
-48.7303929999999994
0
LINE
8
BLACK
6
CONTINUOUS
10
35.8500000000000014
20
-48.1749999999999972
11
34.1499999999999986
21
-48.1749999999999972
0
LINE
8
BLACK
6
CONTINUOUS
10
34.1499999999999986
20
-48.1749999999999972
11
34.1499999999999986
21
-46.4750000000000014
0
LINE
8
BLACK
6
CONTINUOUS
10
34.1499999999999986
20
-46.4750000000000014
11
35.8500000000000014
21
-46.4750000000000014
0
LINE
8
BLACK
6
CONTINUOUS
10
35.8500000000000014
20
-46.4750000000000014
11
35.8500000000000014
21
-48.1749999999999972
0
LINE
8
BLACK
6
CONTINUOUS
10
35.2467419999999976
20
-43.9716009999999997
11
35.4006869999999978
21
-44.0353670000000008
0
LINE
8
BLACK
6
CONTINUOUS
10
35.4006869999999978
20
-44.0353670000000008
11
35.5392340000000004
21
-44.1279409999999999
0
LINE
8
BLACK
6
CONTINUOUS
10
35.5392340000000004
20
-44.1279409999999999
11
35.6570589999999967
21
-44.2457659999999962
0
LINE
8
BLACK
6
CONTINUOUS
10
35.6570589999999967
20
-44.2457659999999962
11
35.7496329999999958
21
-44.3843129999999988
0
LINE
8
BLACK
6
CONTINUOUS
10
35.7496329999999958
20
-44.3843129999999988
11
35.8133989999999969
21
-44.538257999999999
0
LINE
8
BLACK
6
CONTINUOUS
10
35.8133989999999969
20
-44.538257999999999
11
35.8459069999999969
21
-44.7016849999999977
0
LINE
8
BLACK
6
CONTINUOUS
10
35.8459069999999969
20
-44.7016849999999977
11
35.8459069999999969
21
-44.8683149999999955
0
LINE
8
BLACK
6
CONTINUOUS
10
35.8459069999999969
20
-44.8683149999999955
11
35.8133989999999969
21
-45.0317420000000013
0
LINE
8
BLACK
6
CONTINUOUS
10
35.8133989999999969
20
-45.0317420000000013
11
35.7496329999999958
21
-45.1856870000000015
0
LINE
8
BLACK
6
CONTINUOUS
10
35.7496329999999958
20
-45.1856870000000015
11
35.6570589999999967
21
-45.324233999999997
0
LINE
8
BLACK
6
CONTINUOUS
10
35.6570589999999967
20
-45.324233999999997
11
35.5392340000000004
21
-45.4420590000000004
0
LINE
8
BLACK
6
CONTINUOUS
10
35.5392340000000004
20
-45.4420590000000004
11
35.4006869999999978
21
-45.5346329999999995
0
LINE
8
BLACK
6
CONTINUOUS
10
35.4006869999999978
20
-45.5346329999999995
11
35.2467419999999976
21
-45.5983990000000006
0
LINE
8
BLACK
6
CONTINUOUS
10
35.2467419999999976
20
-45.5983990000000006
11
35.0833149999999989
21
-45.6309070000000006
0
LINE
8
BLACK
6
CONTINUOUS
10
35.0833149999999989
20
-45.6309070000000006
11
34.9166850000000011
21
-45.6309070000000006
0
LINE
8
BLACK
6
CONTINUOUS
10
34.9166850000000011
20
-45.6309070000000006
11
34.7532579999999953
21
-45.5983990000000006
0
LINE
8
BLACK
6
CONTINUOUS
10
34.7532579999999953
20
-45.5983990000000006
11
34.5993129999999951
21
-45.5346329999999995
0
LINE
8
BLACK
6
CONTINUOUS
10
34.5993129999999951
20
-45.5346329999999995
11
34.4607659999999996
21
-45.4420590000000004
0
LINE
8
BLACK
6
CONTINUOUS
10
34.4607659999999996
20
-45.4420590000000004
11
34.3429409999999962
21
-45.324233999999997
0
LINE
8
BLACK
6
CONTINUOUS
10
34.3429409999999962
20
-45.324233999999997
11
34.2503669999999971
21
-45.1856870000000015
0
LINE
8
BLACK
6
CONTINUOUS
10
34.2503669999999971
20
-45.1856870000000015
11
34.186600999999996
21
-45.0317420000000013
0
LINE
8
BLACK
6
CONTINUOUS
10
34.186600999999996
20
-45.0317420000000013
11
34.154092999999996
21
-44.8683149999999955
0
LINE
8
BLACK
6
CONTINUOUS
10
34.154092999999996
20
-44.8683149999999955
11
34.154092999999996
21
-44.7016849999999977
0
LINE
8
BLACK
6
CONTINUOUS
10
34.154092999999996
20
-44.7016849999999977
11
34.186600999999996
21
-44.538257999999999
0
LINE
8
BLACK
6
CONTINUOUS
10
34.186600999999996
20
-44.538257999999999
11
34.2503669999999971
21
-44.3843129999999988
0
LINE
8
BLACK
6
CONTINUOUS
10
34.2503669999999971
20
-44.3843129999999988
11
34.3429409999999962
21
-44.2457659999999962
0
LINE
8
BLACK
6
CONTINUOUS
10
34.3429409999999962
20
-44.2457659999999962
11
34.4607659999999996
21
-44.1279409999999999
0
LINE
8
BLACK
6
CONTINUOUS
10
34.4607659999999996
20
-44.1279409999999999
11
34.5993129999999951
21
-44.0353670000000008
0
LINE
8
BLACK
6
CONTINUOUS
10
34.5993129999999951
20
-44.0353670000000008
11
34.7532579999999953
21
-43.9716009999999997
0
LINE
8
BLACK
6
CONTINUOUS
10
34.7532579999999953
20
-43.9716009999999997
11
34.9166850000000011
21
-43.9390929999999997
0
LINE
8
BLACK
6
CONTINUOUS
10
34.9166850000000011
20
-43.9390929999999997
11
35.0833149999999989
21
-43.9390929999999997
0
LINE
8
BLACK
6
CONTINUOUS
10
35.0833149999999989
20
-43.9390929999999997
11
35.2467419999999976
21
-43.9716009999999997
0
LINE
8
BLACK
6
CONTINUOUS
10
34.5833359999999956
20
-40.3336079999999981
11
34.6247199999999964
21
-40.3749919999999989
0
LINE
8
BLACK
6
CONTINUOUS
10
34.6247199999999964
20
-40.3749919999999989
11
34.647117999999999
21
-40.4290639999999968
0
LINE
8
BLACK
6
CONTINUOUS
10
34.647117999999999
20
-40.4290639999999968
11
34.6499999999999986
21
-40.4583280000000016
0
LINE
8
BLACK
6
CONTINUOUS
10
34.6499999999999986
20
-40.4583280000000016
11
34.6499999999999986
21
-41.5297569999999965
0
LINE
8
BLACK
6
CONTINUOUS
10
34.6499999999999986
20
-41.5297569999999965
11
34.6485410000000016
21
-41.5445679999999982
0
LINE
8
BLACK
6
CONTINUOUS
10
34.6485410000000016
20
-41.5445679999999982
11
34.6488219999999956
21
-41.5485180000000014
0
LINE
8
BLACK
6
CONTINUOUS
10
34.6488219999999956
20
-41.5485180000000014
11
34.6476399999999956
21
-41.5537119999999973
0
LINE
8
BLACK
6
CONTINUOUS
10
34.6476399999999956
20
-41.5537119999999973
11
34.647117999999999
21
-41.5590210000000013
0
LINE
8
BLACK
6
CONTINUOUS
10
34.647117999999999
20
-41.5590210000000013
11
34.6456009999999992
21
-41.5626819999999952
0
LINE
8
BLACK
6
CONTINUOUS
10
34.6456009999999992
20
-41.5626819999999952
11
34.6423020000000008
21
-41.5771919999999966
0
LINE
8
BLACK
6
CONTINUOUS
10
34.6423020000000008
20
-41.5771919999999966
11
34.5708729999999989
21
-41.7914770000000004
0
LINE
8
BLACK
6
CONTINUOUS
10
34.5708729999999989
20
-41.7914770000000004
11
34.5588849999999965
21
-41.8183269999999965
0
LINE
8
BLACK
6
CONTINUOUS
10
34.5588849999999965
20
-41.8183269999999965
11
34.5553540000000012
21
-41.8223969999999952
0
LINE
8
BLACK
6
CONTINUOUS
10
34.5553540000000012
20
-41.8223969999999952
11
34.553291999999999
21
-41.8273769999999985
0
LINE
8
BLACK
6
CONTINUOUS
10
34.553291999999999
20
-41.8273769999999985
11
34.5346369999999965
21
-41.8501079999999988
0
LINE
8
BLACK
6
CONTINUOUS
10
34.5346369999999965
20
-41.8501079999999988
11
34.3917799999999971
21
-41.9929659999999956
0
LINE
8
BLACK
6
CONTINUOUS
10
34.3917799999999971
20
-41.9929659999999956
11
34.3690500000000014
21
-42.0116209999999981
0
LINE
8
BLACK
6
CONTINUOUS
10
34.3690500000000014
20
-42.0116209999999981
11
34.3640699999999981
21
-42.0136830000000003
0
LINE
8
BLACK
6
CONTINUOUS
10
34.3640699999999981
20
-42.0136830000000003
11
34.359999000000002
21
-42.0172150000000002
0
LINE
8
BLACK
6
CONTINUOUS
10
34.359999000000002
20
-42.0172150000000002
11
34.3331480000000013
21
-42.0292029999999954
0
LINE
8
BLACK
6
CONTINUOUS
10
34.3331480000000013
20
-42.0292029999999954
11
34.118862
21
-42.1006309999999999
0
LINE
8
BLACK
6
CONTINUOUS
10
34.118862
20
-42.1006309999999999
11
34.1043489999999991
21
-42.1039299999999983
0
LINE
8
BLACK
6
CONTINUOUS
10
34.1043489999999991
20
-42.1039299999999983
11
34.1006919999999951
21
-42.1054460000000006
0
LINE
8
BLACK
6
CONTINUOUS
10
34.1006919999999951
20
-42.1054460000000006
11
34.0953889999999973
21
-42.1059679999999972
0
LINE
8
BLACK
6
CONTINUOUS
10
34.0953889999999973
20
-42.1059679999999972
11
34.0901879999999977
21
-42.1071509999999947
0
LINE
8
BLACK
6
CONTINUOUS
10
34.0901879999999977
20
-42.1071509999999947
11
34.086233
21
-42.1068689999999961
0
LINE
8
BLACK
6
CONTINUOUS
10
34.086233
20
-42.1068689999999961
11
34.0714279999999974
21
-42.1083280000000002
0
LINE
8
BLACK
6
CONTINUOUS
10
34.0714279999999974
20
-42.1083280000000002
11
33.928570999999998
21
-42.1083280000000002
0
LINE
8
BLACK
6
CONTINUOUS
10
33.928570999999998
20
-42.1083280000000002
11
33.8993070000000003
21
-42.1054460000000006
0
LINE
8
BLACK
6
CONTINUOUS
10
33.8993070000000003
20
-42.1054460000000006
11
33.8452349999999953
21
-42.083047999999998
0
LINE
8
BLACK
6
CONTINUOUS
10
33.8452349999999953
20
-42.083047999999998
11
33.8038510000000016
21
-42.0416639999999973
0
LINE
8
BLACK
6
CONTINUOUS
10
33.8038510000000016
20
-42.0416639999999973
11
33.7814529999999991
21
-41.9875919999999994
0
LINE
8
BLACK
6
CONTINUOUS
10
33.7814529999999991
20
-41.9875919999999994
11
33.7814529999999991
21
-41.9290639999999968
0
LINE
8
BLACK
6
CONTINUOUS
10
33.7814529999999991
20
-41.9290639999999968
11
33.8038510000000016
21
-41.8749919999999989
0
LINE
8
BLACK
6
CONTINUOUS
10
33.8038510000000016
20
-41.8749919999999989
11
33.8452349999999953
21
-41.8336079999999981
0
LINE
8
BLACK
6
CONTINUOUS
10
33.8452349999999953
20
-41.8336079999999981
11
33.8993070000000003
21
-41.8112099999999955
0
LINE
8
BLACK
6
CONTINUOUS
10
33.8993070000000003
20
-41.8112099999999955
11
33.928570999999998
21
-41.8083279999999959
0
LINE
8
BLACK
6
CONTINUOUS
10
33.928570999999998
20
-41.8083279999999959
11
34.0470849999999956
21
-41.8083279999999959
0
LINE
8
BLACK
6
CONTINUOUS
10
34.0470849999999956
20
-41.8083279999999959
11
34.2046869999999998
21
-41.7557940000000016
0
LINE
8
BLACK
6
CONTINUOUS
10
34.2046869999999998
20
-41.7557940000000016
11
34.297466
21
-41.6630139999999969
0
LINE
8
BLACK
6
CONTINUOUS
10
34.297466
20
-41.6630139999999969
11
34.3500000000000014
21
-41.5054159999999968
0
LINE
8
BLACK
6
CONTINUOUS
10
34.3500000000000014
20
-41.5054159999999968
11
34.3500000000000014
21
-40.4583280000000016
0
LINE
8
BLACK
6
CONTINUOUS
10
34.3500000000000014
20
-40.4583280000000016
11
34.352882000000001
21
-40.4290639999999968
0
LINE
8
BLACK
6
CONTINUOUS
10
34.352882000000001
20
-40.4290639999999968
11
34.3752799999999965
21
-40.3749919999999989
0
LINE
8
BLACK
6
CONTINUOUS
10
34.3752799999999965
20
-40.3749919999999989
11
34.4166639999999973
21
-40.3336079999999981
0
LINE
8
BLACK
6
CONTINUOUS
10
34.4166639999999973
20
-40.3336079999999981
11
34.4707359999999952
21
-40.3112099999999955
0
LINE
8
BLACK
6
CONTINUOUS
10
34.4707359999999952
20
-40.3112099999999955
11
34.5292639999999977
21
-40.3112099999999955
0
LINE
8
BLACK
6
CONTINUOUS
10
34.5292639999999977
20
-40.3112099999999955
11
34.5833359999999956
21
-40.3336079999999981
0
LINE
8
BLACK
6
CONTINUOUS
10
36.0154769999999971
20
-40.3098519999999994
11
36.0194119999999955
21
-40.30959
0
LINE
8
BLACK
6
CONTINUOUS
10
36.0194119999999955
20
-40.30959
11
36.022121999999996
21
-40.3105059999999966
0
LINE
8
BLACK
6
CONTINUOUS
10
36.022121999999996
20
-40.3105059999999966
11
36.0292639999999977
21
-40.3112099999999955
0
LINE
8
BLACK
6
CONTINUOUS
10
36.0292639999999977
20
-40.3112099999999955
11
36.0517779999999988
21
-40.320535999999997
0
LINE
8
BLACK
6
CONTINUOUS
10
36.0517779999999988
20
-40.320535999999997
11
36.0748539999999949
21
-40.3283399999999972
0
LINE
8
BLACK
6
CONTINUOUS
10
36.0748539999999949
20
-40.3283399999999972
11
36.0786609999999968
21
-40.331671
0
LINE
8
BLACK
6
CONTINUOUS
10
36.0786609999999968
20
-40.331671
11
36.0833359999999956
21
-40.3336079999999981
0
LINE
8
BLACK
6
CONTINUOUS
10
36.0833359999999956
20
-40.3336079999999981
11
36.100564999999996
21
-40.3508369999999985
0
LINE
8
BLACK
6
CONTINUOUS
10
36.100564999999996
20
-40.3508369999999985
11
36.118901000000001
21
-40.3668809999999993
0
LINE
8
BLACK
6
CONTINUOUS
10
36.118901000000001
20
-40.3668809999999993
11
36.1211429999999964
21
-40.3714149999999989
0
LINE
8
BLACK
6
CONTINUOUS
10
36.1211429999999964
20
-40.3714149999999989
11
36.1247199999999964
21
-40.3749919999999989
0
LINE
8
BLACK
6
CONTINUOUS
10
36.1247199999999964
20
-40.3749919999999989
11
36.1340459999999979
21
-40.3975079999999949
0
LINE
8
BLACK
6
CONTINUOUS
10
36.1340459999999979
20
-40.3975079999999949
11
36.1448449999999966
21
-40.4193439999999953
0
LINE
8
BLACK
6
CONTINUOUS
10
36.1448449999999966
20
-40.4193439999999953
11
36.1451810000000009
21
-40.4243880000000004
0
LINE
8
BLACK
6
CONTINUOUS
10
36.1451810000000009
20
-40.4243880000000004
11
36.147117999999999
21
-40.4290639999999968
0
LINE
8
BLACK
6
CONTINUOUS
10
36.147117999999999
20
-40.4290639999999968
11
36.147117999999999
21
-40.4534389999999959
0
LINE
8
BLACK
6
CONTINUOUS
10
36.147117999999999
20
-40.4534389999999959
11
36.1487380000000016
21
-40.4777399999999972
0
LINE
8
BLACK
6
CONTINUOUS
10
36.1487380000000016
20
-40.4777399999999972
11
36.147117999999999
21
-40.482529999999997
0
LINE
8
BLACK
6
CONTINUOUS
10
36.147117999999999
20
-40.482529999999997
11
36.147117999999999
21
-40.4875919999999994
0
LINE
8
BLACK
6
CONTINUOUS
10
36.147117999999999
20
-40.4875919999999994
11
36.1377929999999949
21
-40.5101030000000009
0
LINE
8
BLACK
6
CONTINUOUS
10
36.1377929999999949
20
-40.5101030000000009
11
36.1299879999999973
21
-40.5331830000000011
0
LINE
8
BLACK
6
CONTINUOUS
10
36.1299879999999973
20
-40.5331830000000011
11
36.1258149999999958
21
-40.5390189999999961
0
LINE
8
BLACK
6
CONTINUOUS
10
36.1258149999999958
20
-40.5390189999999961
11
36.1247199999999964
21
-40.5416639999999973
0
LINE
8
BLACK
6
CONTINUOUS
10
36.1247199999999964
20
-40.5416639999999973
11
36.1219290000000015
21
-40.5444539999999947
0
LINE
8
BLACK
6
CONTINUOUS
10
36.1219290000000015
20
-40.5444539999999947
11
36.112885999999996
21
-40.5571039999999954
0
LINE
8
BLACK
6
CONTINUOUS
10
36.112885999999996
20
-40.5571039999999954
11
35.8059519999999978
21
-40.9078859999999978
0
LINE
8
BLACK
6
CONTINUOUS
10
35.8059519999999978
20
-40.9078859999999978
11
35.9242249999999999
21
-40.9670209999999955
0
LINE
8
BLACK
6
CONTINUOUS
10
35.9242249999999999
20
-40.9670209999999955
11
35.9368189999999998
21
-40.9749489999999952
0
LINE
8
BLACK
6
CONTINUOUS
10
35.9368189999999998
20
-40.9749489999999952
11
35.9404789999999963
21
-40.9764649999999975
0
LINE
8
BLACK
6
CONTINUOUS
10
35.9404789999999963
20
-40.9764649999999975
11
35.9445989999999966
21
-40.9798459999999949
0
LINE
8
BLACK
6
CONTINUOUS
10
35.9445989999999966
20
-40.9798459999999949
11
35.9491099999999975
21
-40.9826860000000011
0
LINE
8
BLACK
6
CONTINUOUS
10
35.9491099999999975
20
-40.9826860000000011
11
35.9517039999999994
21
-40.9856769999999955
0
LINE
8
BLACK
6
CONTINUOUS
10
35.9517039999999994
20
-40.9856769999999955
11
35.9632099999999966
21
-40.99512
0
LINE
8
BLACK
6
CONTINUOUS
10
35.9632099999999966
20
-40.99512
11
36.0346380000000011
21
-41.0665489999999949
0
LINE
8
BLACK
6
CONTINUOUS
10
36.0346380000000011
20
-41.0665489999999949
11
36.0440759999999969
21
-41.078049
0
LINE
8
BLACK
6
CONTINUOUS
10
36.0440759999999969
20
-41.078049
11
36.0470699999999979
21
-41.0806460000000015
0
LINE
8
BLACK
6
CONTINUOUS
10
36.0470699999999979
20
-41.0806460000000015
11
36.049909999999997
21
-41.0851579999999998
0
LINE
8
BLACK
6
CONTINUOUS
10
36.049909999999997
20
-41.0851579999999998
11
36.053291999999999
21
-41.0892789999999977
0
LINE
8
BLACK
6
CONTINUOUS
10
36.053291999999999
20
-41.0892789999999977
11
36.0548069999999967
21
-41.0929379999999966
0
LINE
8
BLACK
6
CONTINUOUS
10
36.0548069999999967
20
-41.0929379999999966
11
36.0627349999999964
21
-41.1055319999999966
0
LINE
8
BLACK
6
CONTINUOUS
10
36.0627349999999964
20
-41.1055319999999966
11
36.1341639999999984
21
-41.2483879999999985
0
LINE
8
BLACK
6
CONTINUOUS
10
36.1341639999999984
20
-41.2483879999999985
11
36.1446729999999974
21
-41.2758520000000004
0
LINE
8
BLACK
6
CONTINUOUS
10
36.1446729999999974
20
-41.2758520000000004
11
36.1450540000000018
21
-41.2812259999999966
0
LINE
8
BLACK
6
CONTINUOUS
10
36.1450540000000018
20
-41.2812259999999966
11
36.147117999999999
21
-41.2862069999999974
0
LINE
8
BLACK
6
CONTINUOUS
10
36.147117999999999
20
-41.2862069999999974
11
36.1499999999999986
21
-41.3154709999999952
0
LINE
8
BLACK
6
CONTINUOUS
10
36.1499999999999986
20
-41.3154709999999952
11
36.1499999999999986
21
-41.6726139999999958
0
LINE
8
BLACK
6
CONTINUOUS
10
36.1499999999999986
20
-41.6726139999999958
11
36.147117999999999
21
-41.7018780000000007
0
LINE
8
BLACK
6
CONTINUOUS
10
36.147117999999999
20
-41.7018780000000007
11
36.1450540000000018
21
-41.7068579999999969
0
LINE
8
BLACK
6
CONTINUOUS
10
36.1450540000000018
20
-41.7068579999999969
11
36.1446729999999974
21
-41.7122329999999977
0
LINE
8
BLACK
6
CONTINUOUS
10
36.1446729999999974
20
-41.7122329999999977
11
36.1341639999999984
21
-41.7396969999999996
0
LINE
8
BLACK
6
CONTINUOUS
10
36.1341639999999984
20
-41.7396969999999996
11
36.0627349999999964
21
-41.8825530000000015
0
LINE
8
BLACK
6
CONTINUOUS
10
36.0627349999999964
20
-41.8825530000000015
11
36.0548069999999967
21
-41.8951459999999969
0
LINE
8
BLACK
6
CONTINUOUS
10
36.0548069999999967
20
-41.8951459999999969
11
36.053291999999999
21
-41.8988060000000004
0
LINE
8
BLACK
6
CONTINUOUS
10
36.053291999999999
20
-41.8988060000000004
11
36.049909999999997
21
-41.9029260000000008
0
LINE
8
BLACK
6
CONTINUOUS
10
36.049909999999997
20
-41.9029260000000008
11
36.0470699999999979
21
-41.9074389999999966
0
LINE
8
BLACK
6
CONTINUOUS
10
36.0470699999999979
20
-41.9074389999999966
11
36.0440759999999969
21
-41.9100350000000006
0
LINE
8
BLACK
6
CONTINUOUS
10
36.0440759999999969
20
-41.9100350000000006
11
36.0346380000000011
21
-41.9215359999999961
0
LINE
8
BLACK
6
CONTINUOUS
10
36.0346380000000011
20
-41.9215359999999961
11
35.9632099999999966
21
-41.9929649999999981
0
LINE
8
BLACK
6
CONTINUOUS
10
35.9632099999999966
20
-41.9929649999999981
11
35.9517039999999994
21
-42.002406999999998
0
LINE
8
BLACK
6
CONTINUOUS
10
35.9517039999999994
20
-42.002406999999998
11
35.9491099999999975
21
-42.005398999999997
0
LINE
8
BLACK
6
CONTINUOUS
10
35.9491099999999975
20
-42.005398999999997
11
35.9445989999999966
21
-42.0082379999999986
0
LINE
8
BLACK
6
CONTINUOUS
10
35.9445989999999966
20
-42.0082379999999986
11
35.9404789999999963
21
-42.0116200000000006
0
LINE
8
BLACK
6
CONTINUOUS
10
35.9404789999999963
20
-42.0116200000000006
11
35.9368189999999998
21
-42.0131349999999983
0
LINE
8
BLACK
6
CONTINUOUS
10
35.9368189999999998
20
-42.0131349999999983
11
35.9242249999999999
21
-42.0210639999999955
0
LINE
8
BLACK
6
CONTINUOUS
10
35.9242249999999999
20
-42.0210639999999955
11
35.7813659999999985
21
-42.092492
0
LINE
8
BLACK
6
CONTINUOUS
10
35.7813659999999985
20
-42.092492
11
35.7539030000000011
21
-42.1030019999999965
0
LINE
8
BLACK
6
CONTINUOUS
10
35.7539030000000011
20
-42.1030019999999965
11
35.7485269999999957
21
-42.1033830000000009
0
LINE
8
BLACK
6
CONTINUOUS
10
35.7485269999999957
20
-42.1033830000000009
11
35.7435490000000016
21
-42.1054460000000006
0
LINE
8
BLACK
6
CONTINUOUS
10
35.7435490000000016
20
-42.1054460000000006
11
35.7142849999999967
21
-42.1083280000000002
0
LINE
8
BLACK
6
CONTINUOUS
10
35.7142849999999967
20
-42.1083280000000002
11
35.2857139999999987
21
-42.1083280000000002
0
LINE
8
BLACK
6
CONTINUOUS
10
35.2857139999999987
20
-42.1083280000000002
11
35.256450000000001
21
-42.1054460000000006
0
LINE
8
BLACK
6
CONTINUOUS
10
35.256450000000001
20
-42.1054460000000006
11
35.2514709999999951
21
-42.1033830000000009
0
LINE
8
BLACK
6
CONTINUOUS
10
35.2514709999999951
20
-42.1033830000000009
11
35.2460960000000014
21
-42.1030019999999965
0
LINE
8
BLACK
6
CONTINUOUS
10
35.2460960000000014
20
-42.1030019999999965
11
35.218632999999997
21
-42.092492
0
LINE
8
BLACK
6
CONTINUOUS
10
35.218632999999997
20
-42.092492
11
35.0757750000000001
21
-42.0210639999999955
0
LINE
8
BLACK
6
CONTINUOUS
10
35.0757750000000001
20
-42.0210639999999955
11
35.0631829999999951
21
-42.0131370000000004
0
LINE
8
BLACK
6
CONTINUOUS
10
35.0631829999999951
20
-42.0131370000000004
11
35.0595220000000012
21
-42.0116209999999981
0
LINE
8
BLACK
6
CONTINUOUS
10
35.0595220000000012
20
-42.0116209999999981
11
35.0553990000000013
21
-42.0082370000000012
0
LINE
8
BLACK
6
CONTINUOUS
10
35.0553990000000013
20
-42.0082370000000012
11
35.0508899999999954
21
-42.005398999999997
0
LINE
8
BLACK
6
CONTINUOUS
10
35.0508899999999954
20
-42.005398999999997
11
35.048294999999996
21
-42.002406999999998
0
LINE
8
BLACK
6
CONTINUOUS
10
35.048294999999996
20
-42.002406999999998
11
35.0367910000000009
21
-41.9929659999999956
0
LINE
8
BLACK
6
CONTINUOUS
10
35.0367910000000009
20
-41.9929659999999956
11
34.9653619999999989
21
-41.9215370000000007
0
LINE
8
BLACK
6
CONTINUOUS
10
34.9653619999999989
20
-41.9215370000000007
11
34.9467069999999964
21
-41.8988060000000004
0
LINE
8
BLACK
6
CONTINUOUS
10
34.9467069999999964
20
-41.8988060000000004
11
34.9243099999999984
21
-41.8447339999999954
0
LINE
8
BLACK
6
CONTINUOUS
10
34.9243099999999984
20
-41.8447339999999954
11
34.9243099999999984
21
-41.7862079999999949
0
LINE
8
BLACK
6
CONTINUOUS
10
34.9243099999999984
20
-41.7862079999999949
11
34.9467069999999964
21
-41.732135999999997
0
LINE
8
BLACK
6
CONTINUOUS
10
34.9467069999999964
20
-41.732135999999997
11
34.9880929999999992
21
-41.6907500000000013
0
LINE
8
BLACK
6
CONTINUOUS
10
34.9880929999999992
20
-41.6907500000000013
11
35.0421649999999971
21
-41.6683529999999962
0
LINE
8
BLACK
6
CONTINUOUS
10
35.0421649999999971
20
-41.6683529999999962
11
35.1006909999999976
21
-41.6683529999999962
0
LINE
8
BLACK
6
CONTINUOUS
10
35.1006909999999976
20
-41.6683529999999962
11
35.1547629999999955
21
-41.6907500000000013
0
LINE
8
BLACK
6
CONTINUOUS
10
35.1547629999999955
20
-41.6907500000000013
11
35.1774939999999958
21
-41.7094049999999967
0
LINE
8
BLACK
6
CONTINUOUS
10
35.1774939999999958
20
-41.7094049999999967
11
35.2317099999999996
21
-41.7636210000000005
0
LINE
8
BLACK
6
CONTINUOUS
10
35.2317099999999996
20
-41.7636210000000005
11
35.3211239999999975
21
-41.8083279999999959
0
LINE
8
BLACK
6
CONTINUOUS
10
35.3211239999999975
20
-41.8083279999999959
11
35.6788759999999954
21
-41.8083279999999959
0
LINE
8
BLACK
6
CONTINUOUS
10
35.6788759999999954
20
-41.8083279999999959
11
35.7682889999999958
21
-41.7636210000000005
0
LINE
8
BLACK
6
CONTINUOUS
10
35.7682889999999958
20
-41.7636210000000005
11
35.8052920000000015
21
-41.7266169999999974
0
LINE
8
BLACK
6
CONTINUOUS
10
35.8052920000000015
20
-41.7266169999999974
11
35.8500000000000014
21
-41.6372029999999995
0
LINE
8
BLACK
6
CONTINUOUS
10
35.8500000000000014
20
-41.6372029999999995
11
35.8500000000000014
21
-41.3508810000000011
0
LINE
8
BLACK
6
CONTINUOUS
10
35.8500000000000014
20
-41.3508810000000011
11
35.8052920000000015
21
-41.2614669999999961
0
LINE
8
BLACK
6
CONTINUOUS
10
35.8052920000000015
20
-41.2614669999999961
11
35.7682889999999958
21
-41.2244630000000001
0
LINE
8
BLACK
6
CONTINUOUS
10
35.7682889999999958
20
-41.2244630000000001
11
35.6788759999999954
21
-41.1797569999999951
0
LINE
8
BLACK
6
CONTINUOUS
10
35.6788759999999954
20
-41.1797569999999951
11
35.5
21
-41.1797569999999951
0
LINE
8
BLACK
6
CONTINUOUS
10
35.5
20
-41.1797569999999951
11
35.4845269999999999
21
-41.1782329999999988
0
LINE
8
BLACK
6
CONTINUOUS
10
35.4845269999999999
20
-41.1782329999999988
11
35.4805879999999974
21
-41.1784959999999955
0
LINE
8
BLACK
6
CONTINUOUS
10
35.4805879999999974
20
-41.1784959999999955
11
35.4778729999999953
21
-41.1775769999999994
0
LINE
8
BLACK
6
CONTINUOUS
10
35.4778729999999953
20
-41.1775769999999994
11
35.4707359999999952
21
-41.1768749999999955
0
LINE
8
BLACK
6
CONTINUOUS
10
35.4707359999999952
20
-41.1768749999999955
11
35.4482269999999957
21
-41.167550999999996
0
LINE
8
BLACK
6
CONTINUOUS
10
35.4482269999999957
20
-41.167550999999996
11
35.425145999999998
21
-41.1597450000000009
0
LINE
8
BLACK
6
CONTINUOUS
10
35.425145999999998
20
-41.1597450000000009
11
35.4213379999999987
21
-41.1564130000000006
0
LINE
8
BLACK
6
CONTINUOUS
10
35.4213379999999987
20
-41.1564130000000006
11
35.4166639999999973
21
-41.154477
0
LINE
8
BLACK
6
CONTINUOUS
10
35.4166639999999973
20
-41.154477
11
35.3994339999999994
21
-41.137246999999995
0
LINE
8
BLACK
6
CONTINUOUS
10
35.3994339999999994
20
-41.137246999999995
11
35.381098999999999
21
-41.1212039999999988
0
LINE
8
BLACK
6
CONTINUOUS
10
35.381098999999999
20
-41.1212039999999988
11
35.378855999999999
21
-41.1166690000000017
0
LINE
8
BLACK
6
CONTINUOUS
10
35.378855999999999
20
-41.1166690000000017
11
35.3752799999999965
21
-41.1130929999999992
0
LINE
8
BLACK
6
CONTINUOUS
10
35.3752799999999965
20
-41.1130929999999992
11
35.3659529999999975
21
-41.0905759999999987
0
LINE
8
BLACK
6
CONTINUOUS
10
35.3659529999999975
20
-41.0905759999999987
11
35.3551549999999963
21
-41.0687409999999957
0
LINE
8
BLACK
6
CONTINUOUS
10
35.3551549999999963
20
-41.0687409999999957
11
35.3548180000000016
21
-41.0636960000000002
0
LINE
8
BLACK
6
CONTINUOUS
10
35.3548180000000016
20
-41.0636960000000002
11
35.352882000000001
21
-41.0590210000000013
0
LINE
8
BLACK
6
CONTINUOUS
10
35.352882000000001
20
-41.0590210000000013
11
35.352882000000001
21
-41.0346539999999962
0
LINE
8
BLACK
6
CONTINUOUS
10
35.352882000000001
20
-41.0346539999999962
11
35.3512610000000009
21
-41.0103450000000009
0
LINE
8
BLACK
6
CONTINUOUS
10
35.3512610000000009
20
-41.0103450000000009
11
35.352882000000001
21
-41.0055520000000016
0
LINE
8
BLACK
6
CONTINUOUS
10
35.352882000000001
20
-41.0055520000000016
11
35.352882000000001
21
-41.0004929999999987
0
LINE
8
BLACK
6
CONTINUOUS
10
35.352882000000001
20
-41.0004929999999987
11
35.3622049999999959
21
-40.9779839999999993
0
LINE
8
BLACK
6
CONTINUOUS
10
35.3622049999999959
20
-40.9779839999999993
11
35.3700119999999956
21
-40.9549030000000016
0
LINE
8
BLACK
6
CONTINUOUS
10
35.3700119999999956
20
-40.9549030000000016
11
35.374182999999995
21
-40.9490659999999949
0
LINE
8
BLACK
6
CONTINUOUS
10
35.374182999999995
20
-40.9490659999999949
11
35.3752799999999965
21
-40.9464210000000008
0
LINE
8
BLACK
6
CONTINUOUS
10
35.3752799999999965
20
-40.9464210000000008
11
35.3780689999999964
21
-40.9436309999999963
0
LINE
8
BLACK
6
CONTINUOUS
10
35.3780689999999964
20
-40.9436309999999963
11
35.3871129999999994
21
-40.9309809999999956
0
LINE
8
BLACK
6
CONTINUOUS
10
35.3871129999999994
20
-40.9309809999999956
11
35.669435
21
-40.6083280000000002
0
LINE
8
BLACK
6
CONTINUOUS
10
35.669435
20
-40.6083280000000002
11
35.0714279999999974
21
-40.6083280000000002
0
LINE
8
BLACK
6
CONTINUOUS
10
35.0714279999999974
20
-40.6083280000000002
11
35.0421639999999996
21
-40.6054460000000006
0
LINE
8
BLACK
6
CONTINUOUS
10
35.0421639999999996
20
-40.6054460000000006
11
34.9880920000000017
21
-40.583047999999998
0
LINE
8
BLACK
6
CONTINUOUS
10
34.9880920000000017
20
-40.583047999999998
11
34.946708000000001
21
-40.5416639999999973
0
LINE
8
BLACK
6
CONTINUOUS
10
34.946708000000001
20
-40.5416639999999973
11
34.9243099999999984
21
-40.4875919999999994
0
LINE
8
BLACK
6
CONTINUOUS
10
34.9243099999999984
20
-40.4875919999999994
11
34.9243099999999984
21
-40.4290639999999968
0
LINE
8
BLACK
6
CONTINUOUS
10
34.9243099999999984
20
-40.4290639999999968
11
34.946708000000001
21
-40.3749919999999989
0
LINE
8
BLACK
6
CONTINUOUS
10
34.946708000000001
20
-40.3749919999999989
11
34.9880920000000017
21
-40.3336079999999981
0
LINE
8
BLACK
6
CONTINUOUS
10
34.9880920000000017
20
-40.3336079999999981
11
35.0421639999999996
21
-40.3112099999999955
0
LINE
8
BLACK
6
CONTINUOUS
10
35.0421639999999996
20
-40.3112099999999955
11
35.0714279999999974
21
-40.3083279999999959
0
LINE
8
BLACK
6
CONTINUOUS
10
35.0714279999999974
20
-40.3083279999999959
11
36.
21
-40.3083279999999959
0
LINE
8
BLACK
6
CONTINUOUS
10
36.
20
-40.3083279999999959
11
36.0154769999999971
21
-40.3098519999999994
0
LINE
8
BLACK
6
CONTINUOUS
10
149.7767419999999845
20
-46.5016010000000009
11
149.930687000000006
21
-46.5653669999999948
0
LINE
8
BLACK
6
CONTINUOUS
10
149.930687000000006
20
-46.5653669999999948
11
150.0692339999999945
21
-46.657941000000001
0
LINE
8
BLACK
6
CONTINUOUS
10
150.0692339999999945
20
-46.657941000000001
11
150.187059000000005
21
-46.7757659999999973
0
LINE
8
BLACK
6
CONTINUOUS
10
150.187059000000005
20
-46.7757659999999973
11
150.2796329999999898
21
-46.9143129999999999
0
LINE
8
BLACK
6
CONTINUOUS
10
150.2796329999999898
20
-46.9143129999999999
11
150.3433990000000051
21
-47.0682580000000002
0
LINE
8
BLACK
6
CONTINUOUS
10
150.3433990000000051
20
-47.0682580000000002
11
150.3759069999999838
21
-47.2316849999999988
0
LINE
8
BLACK
6
CONTINUOUS
10
150.3759069999999838
20
-47.2316849999999988
11
150.3759069999999838
21
-47.3983149999999966
0
LINE
8
BLACK
6
CONTINUOUS
10
150.3759069999999838
20
-47.3983149999999966
11
150.3433990000000051
21
-47.5617419999999953
0
LINE
8
BLACK
6
CONTINUOUS
10
150.3433990000000051
20
-47.5617419999999953
11
150.2796329999999898
21
-47.7156869999999955
0
LINE
8
BLACK
6
CONTINUOUS
10
150.2796329999999898
20
-47.7156869999999955
11
150.187059000000005
21
-47.8542339999999982
0
LINE
8
BLACK
6
CONTINUOUS
10
150.187059000000005
20
-47.8542339999999982
11
150.0692339999999945
21
-47.9720589999999945
0
LINE
8
BLACK
6
CONTINUOUS
10
150.0692339999999945
20
-47.9720589999999945
11
149.930687000000006
21
-48.0646330000000006
0
LINE
8
BLACK
6
CONTINUOUS
10
149.930687000000006
20
-48.0646330000000006
11
149.7767419999999845
21
-48.1283989999999946
0
LINE
8
BLACK
6
CONTINUOUS
10
149.7767419999999845
20
-48.1283989999999946
11
149.6133150000000001
21
-48.1609069999999946
0
LINE
8
BLACK
6
CONTINUOUS
10
149.6133150000000001
20
-48.1609069999999946
11
149.4466850000000022
21
-48.1609069999999946
0
LINE
8
BLACK
6
CONTINUOUS
10
149.4466850000000022
20
-48.1609069999999946
11
149.2832579999999894
21
-48.1283989999999946
0
LINE
8
BLACK
6
CONTINUOUS
10
149.2832579999999894
20
-48.1283989999999946
11
149.1293129999999962
21
-48.0646330000000006
0
LINE
8
BLACK
6
CONTINUOUS
10
149.1293129999999962
20
-48.0646330000000006
11
148.9907659999999794
21
-47.9720589999999945
0
LINE
8
BLACK
6
CONTINUOUS
10
148.9907659999999794
20
-47.9720589999999945
11
148.8729409999999973
21
-47.8542339999999982
0
LINE
8
BLACK
6
CONTINUOUS
10
148.8729409999999973
20
-47.8542339999999982
11
148.780366999999984
21
-47.7156869999999955
0
LINE
8
BLACK
6
CONTINUOUS
10
148.780366999999984
20
-47.7156869999999955
11
148.7166009999999972
21
-47.5617419999999953
0
LINE
8
BLACK
6
CONTINUOUS
10
148.7166009999999972
20
-47.5617419999999953
11
148.6840929999999901
21
-47.3983149999999966
0
LINE
8
BLACK
6
CONTINUOUS
10
148.6840929999999901
20
-47.3983149999999966
11
148.6840929999999901
21
-47.2316849999999988
0
LINE
8
BLACK
6
CONTINUOUS
10
148.6840929999999901
20
-47.2316849999999988
11
148.7166009999999972
21
-47.0682580000000002
0
LINE
8
BLACK
6
CONTINUOUS
10
148.7166009999999972
20
-47.0682580000000002
11
148.780366999999984
21
-46.9143129999999999
0
LINE
8
BLACK
6
CONTINUOUS
10
148.780366999999984
20
-46.9143129999999999
11
148.8729409999999973
21
-46.7757659999999973
0
LINE
8
BLACK
6
CONTINUOUS
10
148.8729409999999973
20
-46.7757659999999973
11
148.9907659999999794
21
-46.657941000000001
0
LINE
8
BLACK
6
CONTINUOUS
10
148.9907659999999794
20
-46.657941000000001
11
149.1293129999999962
21
-46.5653669999999948
0
LINE
8
BLACK
6
CONTINUOUS
10
149.1293129999999962
20
-46.5653669999999948
11
149.2832579999999894
21
-46.5016010000000009
0
LINE
8
BLACK
6
CONTINUOUS
10
149.2832579999999894
20
-46.5016010000000009
11
149.4466850000000022
21
-46.4690930000000009
0
LINE
8
BLACK
6
CONTINUOUS
10
149.4466850000000022
20
-46.4690930000000009
11
149.6133150000000001
21
-46.4690930000000009
0
LINE
8
BLACK
6
CONTINUOUS
10
149.6133150000000001
20
-46.4690930000000009
11
149.7767419999999845
21
-46.5016010000000009
0
LINE
8
BLACK
6
CONTINUOUS
10
150.3799999999999955
20
-45.625
11
148.6800000000000068
21
-45.625
0
LINE
8
BLACK
6
CONTINUOUS
10
148.6800000000000068
20
-45.625
11
148.6800000000000068
21
-43.9249999999999972
0
LINE
8
BLACK
6
CONTINUOUS
10
148.6800000000000068
20
-43.9249999999999972
11
150.3799999999999955
21
-43.9249999999999972
0
LINE
8
BLACK
6
CONTINUOUS
10
150.3799999999999955
20
-43.9249999999999972
11
150.3799999999999955
21
-45.625
0
LINE
8
BLACK
6
CONTINUOUS
10
149.1133360000000039
20
-40.3336079999999981
11
149.1547199999999975
21
-40.3749919999999989
0
LINE
8
BLACK
6
CONTINUOUS
10
149.1547199999999975
20
-40.3749919999999989
11
149.1771180000000072
21
-40.4290639999999968
0
LINE
8
BLACK
6
CONTINUOUS
10
149.1771180000000072
20
-40.4290639999999968
11
149.1800000000000068
21
-40.4583280000000016
0
LINE
8
BLACK
6
CONTINUOUS
10
149.1800000000000068
20
-40.4583280000000016
11
149.1800000000000068
21
-41.5297569999999965
0
LINE
8
BLACK
6
CONTINUOUS
10
149.1800000000000068
20
-41.5297569999999965
11
149.1785409999999956
21
-41.5445679999999982
0
LINE
8
BLACK
6
CONTINUOUS
10
149.1785409999999956
20
-41.5445679999999982
11
149.1788219999999967
21
-41.5485180000000014
0
LINE
8
BLACK
6
CONTINUOUS
10
149.1788219999999967
20
-41.5485180000000014
11
149.1776399999999967
21
-41.5537119999999973
0
LINE
8
BLACK
6
CONTINUOUS
10
149.1776399999999967
20
-41.5537119999999973
11
149.1771180000000072
21
-41.5590210000000013
0
LINE
8
BLACK
6
CONTINUOUS
10
149.1771180000000072
20
-41.5590210000000013
11
149.1756010000000003
21
-41.5626819999999952
0
LINE
8
BLACK
6
CONTINUOUS
10
149.1756010000000003
20
-41.5626819999999952
11
149.172302000000002
21
-41.5771919999999966
0
LINE
8
BLACK
6
CONTINUOUS
10
149.172302000000002
20
-41.5771919999999966
11
149.1008730000000071
21
-41.7914770000000004
0
LINE
8
BLACK
6
CONTINUOUS
10
149.1008730000000071
20
-41.7914770000000004
11
149.0888850000000048
21
-41.8183269999999965
0
LINE
8
BLACK
6
CONTINUOUS
10
149.0888850000000048
20
-41.8183269999999965
11
149.0853539999999953
21
-41.8223969999999952
0
LINE
8
BLACK
6
CONTINUOUS
10
149.0853539999999953
20
-41.8223969999999952
11
149.0832920000000001
21
-41.8273769999999985
0
LINE
8
BLACK
6
CONTINUOUS
10
149.0832920000000001
20
-41.8273769999999985
11
149.0646370000000047
21
-41.8501079999999988
0
LINE
8
BLACK
6
CONTINUOUS
10
149.0646370000000047
20
-41.8501079999999988
11
148.9217799999999841
21
-41.9929659999999956
0
LINE
8
BLACK
6
CONTINUOUS
10
148.9217799999999841
20
-41.9929659999999956
11
148.8990499999999884
21
-42.0116209999999981
0
LINE
8
BLACK
6
CONTINUOUS
10
148.8990499999999884
20
-42.0116209999999981
11
148.8940699999999993
21
-42.0136830000000003
0
LINE
8
BLACK
6
CONTINUOUS
10
148.8940699999999993
20
-42.0136830000000003
11
148.8899989999999889
21
-42.0172150000000002
0
LINE
8
BLACK
6
CONTINUOUS
10
148.8899989999999889
20
-42.0172150000000002
11
148.8631479999999954
21
-42.0292029999999954
0
LINE
8
BLACK
6
CONTINUOUS
10
148.8631479999999954
20
-42.0292029999999954
11
148.6488619999999798
21
-42.1006309999999999
0
LINE
8
BLACK
6
CONTINUOUS
10
148.6488619999999798
20
-42.1006309999999999
11
148.6343489999999861
21
-42.1039299999999983
0
LINE
8
BLACK
6
CONTINUOUS
10
148.6343489999999861
20
-42.1039299999999983
11
148.630691999999982
21
-42.1054460000000006
0
LINE
8
BLACK
6
CONTINUOUS
10
148.630691999999982
20
-42.1054460000000006
11
148.6253889999999842
21
-42.1059679999999972
0
LINE
8
BLACK
6
CONTINUOUS
10
148.6253889999999842
20
-42.1059679999999972
11
148.6201879999999846
21
-42.1071509999999947
0
LINE
8
BLACK
6
CONTINUOUS
10
148.6201879999999846
20
-42.1071509999999947
11
148.616232999999994
21
-42.1068689999999961
0
LINE
8
BLACK
6
CONTINUOUS
10
148.616232999999994
20
-42.1068689999999961
11
148.6014279999999985
21
-42.1083280000000002
0
LINE
8
BLACK
6
CONTINUOUS
10
148.6014279999999985
20
-42.1083280000000002
11
148.4585710000000063
21
-42.1083280000000002
0
LINE
8
BLACK
6
CONTINUOUS
10
148.4585710000000063
20
-42.1083280000000002
11
148.4293069999999943
21
-42.1054460000000006
0
LINE
8
BLACK
6
CONTINUOUS
10
148.4293069999999943
20
-42.1054460000000006
11
148.3752350000000035
21
-42.083047999999998
0
LINE
8
BLACK
6
CONTINUOUS
10
148.3752350000000035
20
-42.083047999999998
11
148.3338509999999815
21
-42.0416639999999973
0
LINE
8
BLACK
6
CONTINUOUS
10
148.3338509999999815
20
-42.0416639999999973
11
148.3114530000000002
21
-41.9875919999999994
0
LINE
8
BLACK
6
CONTINUOUS
10
148.3114530000000002
20
-41.9875919999999994
11
148.3114530000000002
21
-41.9290639999999968
0
LINE
8
BLACK
6
CONTINUOUS
10
148.3114530000000002
20
-41.9290639999999968
11
148.3338509999999815
21
-41.8749919999999989
0
LINE
8
BLACK
6
CONTINUOUS
10
148.3338509999999815
20
-41.8749919999999989
11
148.3752350000000035
21
-41.8336079999999981
0
LINE
8
BLACK
6
CONTINUOUS
10
148.3752350000000035
20
-41.8336079999999981
11
148.4293069999999943
21
-41.8112099999999955
0
LINE
8
BLACK
6
CONTINUOUS
10
148.4293069999999943
20
-41.8112099999999955
11
148.4585710000000063
21
-41.8083279999999959
0
LINE
8
BLACK
6
CONTINUOUS
10
148.4585710000000063
20
-41.8083279999999959
11
148.5770849999999825
21
-41.8083279999999959
0
LINE
8
BLACK
6
CONTINUOUS
10
148.5770849999999825
20
-41.8083279999999959
11
148.7346869999999797
21
-41.7557940000000016
0
LINE
8
BLACK
6
CONTINUOUS
10
148.7346869999999797
20
-41.7557940000000016
11
148.8274659999999869
21
-41.6630139999999969
0
LINE
8
BLACK
6
CONTINUOUS
10
148.8274659999999869
20
-41.6630139999999969
11
148.8799999999999955
21
-41.5054159999999968
0
LINE
8
BLACK
6
CONTINUOUS
10
148.8799999999999955
20
-41.5054159999999968
11
148.8799999999999955
21
-40.4583280000000016
0
LINE
8
BLACK
6
CONTINUOUS
10
148.8799999999999955
20
-40.4583280000000016
11
148.8828819999999951
21
-40.4290639999999968
0
LINE
8
BLACK
6
CONTINUOUS
10
148.8828819999999951
20
-40.4290639999999968
11
148.9052800000000047
21
-40.3749919999999989
0
LINE
8
BLACK
6
CONTINUOUS
10
148.9052800000000047
20
-40.3749919999999989
11
148.9466639999999984
21
-40.3336079999999981
0
LINE
8
BLACK
6
CONTINUOUS
10
148.9466639999999984
20
-40.3336079999999981
11
149.0007359999999892
21
-40.3112099999999955
0
LINE
8
BLACK
6
CONTINUOUS
10
149.0007359999999892
20
-40.3112099999999955
11
149.0592639999999847
21
-40.3112099999999955
0
LINE
8
BLACK
6
CONTINUOUS
10
149.0592639999999847
20
-40.3112099999999955
11
149.1133360000000039
21
-40.3336079999999981
0
LINE
8
BLACK
6
CONTINUOUS
10
150.1042850000000044
20
-40.2565859999999986
11
150.1484989999999868
21
-40.2949339999999978
0
LINE
8
BLACK
6
CONTINUOUS
10
150.1484989999999868
20
-40.2949339999999978
11
150.1746729999999843
21
-40.3472809999999953
0
LINE
8
BLACK
6
CONTINUOUS
10
150.1746729999999843
20
-40.3472809999999953
11
150.1788219999999967
21
-40.4056609999999949
0
LINE
8
BLACK
6
CONTINUOUS
10
150.1788219999999967
20
-40.4056609999999949
11
150.172302000000002
21
-40.4343349999999973
0
LINE
8
BLACK
6
CONTINUOUS
10
150.172302000000002
20
-40.4343349999999973
11
149.8809699999999907
21
-41.3083279999999959
0
LINE
8
BLACK
6
CONTINUOUS
10
149.8809699999999907
20
-41.3083279999999959
11
150.2371430000000032
21
-41.3083279999999959
0
LINE
8
BLACK
6
CONTINUOUS
10
150.2371430000000032
20
-41.3083279999999959
11
150.2371430000000032
21
-40.9583280000000016
0
LINE
8
BLACK
6
CONTINUOUS
10
150.2371430000000032
20
-40.9583280000000016
11
150.2400250000000028
21
-40.9290639999999968
0
LINE
8
BLACK
6
CONTINUOUS
10
150.2400250000000028
20
-40.9290639999999968
11
150.2624229999999841
21
-40.8749919999999989
0
LINE
8
BLACK
6
CONTINUOUS
10
150.2624229999999841
20
-40.8749919999999989
11
150.3038070000000062
21
-40.8336079999999981
0
LINE
8
BLACK
6
CONTINUOUS
10
150.3038070000000062
20
-40.8336079999999981
11
150.3578789999999969
21
-40.8112099999999955
0
LINE
8
BLACK
6
CONTINUOUS
10
150.3578789999999969
20
-40.8112099999999955
11
150.4164069999999924
21
-40.8112099999999955
0
LINE
8
BLACK
6
CONTINUOUS
10
150.4164069999999924
20
-40.8112099999999955
11
150.4704789999999832
21
-40.8336079999999981
0
LINE
8
BLACK
6
CONTINUOUS
10
150.4704789999999832
20
-40.8336079999999981
11
150.5118630000000053
21
-40.8749919999999989
0
LINE
8
BLACK
6
CONTINUOUS
10
150.5118630000000053
20
-40.8749919999999989
11
150.5342609999999866
21
-40.9290639999999968
0
LINE
8
BLACK
6
CONTINUOUS
10
150.5342609999999866
20
-40.9290639999999968
11
150.5371429999999862
21
-40.9583280000000016
0
LINE
8
BLACK
6
CONTINUOUS
10
150.5371429999999862
20
-40.9583280000000016
11
150.5371429999999862
21
-41.3083279999999959
0
LINE
8
BLACK
6
CONTINUOUS
10
150.5371429999999862
20
-41.3083279999999959
11
150.6014279999999985
21
-41.3083279999999959
0
LINE
8
BLACK
6
CONTINUOUS
10
150.6014279999999985
20
-41.3083279999999959
11
150.630691999999982
21
-41.3112099999999955
0
LINE
8
BLACK
6
CONTINUOUS
10
150.630691999999982
20
-41.3112099999999955
11
150.6847640000000013
21
-41.3336079999999981
0
LINE
8
BLACK
6
CONTINUOUS
10
150.6847640000000013
20
-41.3336079999999981
11
150.7261479999999949
21
-41.3749919999999989
0
LINE
8
BLACK
6
CONTINUOUS
10
150.7261479999999949
20
-41.3749919999999989
11
150.7485460000000046
21
-41.4290639999999968
0
LINE
8
BLACK
6
CONTINUOUS
10
150.7485460000000046
20
-41.4290639999999968
11
150.7485460000000046
21
-41.4875919999999994
0
LINE
8
BLACK
6
CONTINUOUS
10
150.7485460000000046
20
-41.4875919999999994
11
150.7261479999999949
21
-41.5416639999999973
0
LINE
8
BLACK
6
CONTINUOUS
10
150.7261479999999949
20
-41.5416639999999973
11
150.6847640000000013
21
-41.583047999999998
0
LINE
8
BLACK
6
CONTINUOUS
10
150.6847640000000013
20
-41.583047999999998
11
150.630691999999982
21
-41.6054460000000006
0
LINE
8
BLACK
6
CONTINUOUS
10
150.630691999999982
20
-41.6054460000000006
11
150.6014279999999985
21
-41.6083280000000002
0
LINE
8
BLACK
6
CONTINUOUS
10
150.6014279999999985
20
-41.6083280000000002
11
150.5371429999999862
21
-41.6083280000000002
0
LINE
8
BLACK
6
CONTINUOUS
10
150.5371429999999862
20
-41.6083280000000002
11
150.5371429999999862
21
-41.9583280000000016
0
LINE
8
BLACK
6
CONTINUOUS
10
150.5371429999999862
20
-41.9583280000000016
11
150.5342609999999866
21
-41.9875919999999994
0
LINE
8
BLACK
6
CONTINUOUS
10
150.5342609999999866
20
-41.9875919999999994
11
150.5118630000000053
21
-42.0416639999999973
0
LINE
8
BLACK
6
CONTINUOUS
10
150.5118630000000053
20
-42.0416639999999973
11
150.4704789999999832
21
-42.083047999999998
0
LINE
8
BLACK
6
CONTINUOUS
10
150.4704789999999832
20
-42.083047999999998
11
150.4164069999999924
21
-42.1054460000000006
0
LINE
8
BLACK
6
CONTINUOUS
10
150.4164069999999924
20
-42.1054460000000006
11
150.3578789999999969
21
-42.1054460000000006
0
LINE
8
BLACK
6
CONTINUOUS
10
150.3578789999999969
20
-42.1054460000000006
11
150.3038070000000062
21
-42.083047999999998
0
LINE
8
BLACK
6
CONTINUOUS
10
150.3038070000000062
20
-42.083047999999998
11
150.2624229999999841
21
-42.0416639999999973
0
LINE
8
BLACK
6
CONTINUOUS
10
150.2624229999999841
20
-42.0416639999999973
11
150.2400250000000028
21
-41.9875919999999994
0
LINE
8
BLACK
6
CONTINUOUS
10
150.2400250000000028
20
-41.9875919999999994
11
150.2371430000000032
21
-41.9583280000000016
0
LINE
8
BLACK
6
CONTINUOUS
10
150.2371430000000032
20
-41.9583280000000016
11
150.2371430000000032
21
-41.6083280000000002
0
LINE
8
BLACK
6
CONTINUOUS
10
150.2371430000000032
20
-41.6083280000000002
11
149.6728569999999934
21
-41.6083280000000002
0
LINE
8
BLACK
6
CONTINUOUS
10
149.6728569999999934
20
-41.6083280000000002
11
149.6580449999999871
21
-41.6068689999999961
0
LINE
8
BLACK
6
CONTINUOUS
10
149.6580449999999871
20
-41.6068689999999961
11
149.6540959999999814
21
-41.6071499999999972
0
LINE
8
BLACK
6
CONTINUOUS
10
149.6540959999999814
20
-41.6071499999999972
11
149.6512439999999913
21
-41.6061989999999966
0
LINE
8
BLACK
6
CONTINUOUS
10
149.6512439999999913
20
-41.6061989999999966
11
149.6435929999999814
21
-41.6054460000000006
0
LINE
8
BLACK
6
CONTINUOUS
10
149.6435929999999814
20
-41.6054460000000006
11
149.6213779999999929
21
-41.5962439999999987
0
LINE
8
BLACK
6
CONTINUOUS
10
149.6213779999999929
20
-41.5962439999999987
11
149.5985719999999901
21
-41.5886420000000001
0
LINE
8
BLACK
6
CONTINUOUS
10
149.5985719999999901
20
-41.5886420000000001
11
149.5944999999999823
21
-41.5851100000000002
0
LINE
8
BLACK
6
CONTINUOUS
10
149.5944999999999823
20
-41.5851100000000002
11
149.5895209999999906
21
-41.583047999999998
0
LINE
8
BLACK
6
CONTINUOUS
10
149.5895209999999906
20
-41.583047999999998
11
149.5725189999999998
21
-41.566046
0
LINE
8
BLACK
6
CONTINUOUS
10
149.5725189999999998
20
-41.566046
11
149.5543579999999793
21
-41.5502949999999984
0
LINE
8
BLACK
6
CONTINUOUS
10
149.5543579999999793
20
-41.5502949999999984
11
149.5519469999999842
21
-41.5454739999999987
0
LINE
8
BLACK
6
CONTINUOUS
10
149.5519469999999842
20
-41.5454739999999987
11
149.548136999999997
21
-41.5416639999999973
0
LINE
8
BLACK
6
CONTINUOUS
10
149.548136999999997
20
-41.5416639999999973
11
149.5389360000000067
21
-41.5194520000000011
0
LINE
8
BLACK
6
CONTINUOUS
10
149.5389360000000067
20
-41.5194520000000011
11
149.5281839999999818
21
-41.4979480000000009
0
LINE
8
BLACK
6
CONTINUOUS
10
149.5281839999999818
20
-41.4979480000000009
11
149.5278009999999824
21
-41.4925719999999956
0
LINE
8
BLACK
6
CONTINUOUS
10
149.5278009999999824
20
-41.4925719999999956
11
149.5257389999999873
21
-41.4875919999999994
0
LINE
8
BLACK
6
CONTINUOUS
10
149.5257389999999873
20
-41.4875919999999994
11
149.5257389999999873
21
-41.4635439999999988
0
LINE
8
BLACK
6
CONTINUOUS
10
149.5257389999999873
20
-41.4635439999999988
11
149.5240349999999978
21
-41.4395669999999967
0
LINE
8
BLACK
6
CONTINUOUS
10
149.5240349999999978
20
-41.4395669999999967
11
149.5257389999999873
21
-41.4320729999999955
0
LINE
8
BLACK
6
CONTINUOUS
10
149.5257389999999873
20
-41.4320729999999955
11
149.5257389999999873
21
-41.4290639999999968
0
LINE
8
BLACK
6
CONTINUOUS
10
149.5257389999999873
20
-41.4290639999999968
11
149.5272559999999942
21
-41.4254010000000008
0
LINE
8
BLACK
6
CONTINUOUS
10
149.5272559999999942
20
-41.4254010000000008
11
149.5305549999999926
21
-41.410893999999999
0
LINE
8
BLACK
6
CONTINUOUS
10
149.5305549999999926
20
-41.410893999999999
11
149.8876970000000028
21
-40.3394660000000016
0
LINE
8
BLACK
6
CONTINUOUS
10
149.8876970000000028
20
-40.3394660000000016
11
149.8996860000000027
21
-40.312615000000001
0
LINE
8
BLACK
6
CONTINUOUS
10
149.8996860000000027
20
-40.312615000000001
11
149.9380329999999901
21
-40.2684009999999972
0
LINE
8
BLACK
6
CONTINUOUS
10
149.9380329999999901
20
-40.2684009999999972
11
149.9903799999999876
21
-40.2422269999999997
0
LINE
8
BLACK
6
CONTINUOUS
10
149.9903799999999876
20
-40.2422269999999997
11
150.0487599999999873
21
-40.2380780000000016
0
LINE
8
BLACK
6
CONTINUOUS
10
150.0487599999999873
20
-40.2380780000000016
11
150.1042850000000044
21
-40.2565859999999986
0
LINE
8
BLACK
6
CONTINUOUS
10
58.719811
20
-45.5047859999999957
11
58.7237609999999961
21
-45.5045059999999992
0
LINE
8
BLACK
6
CONTINUOUS
10
58.7237609999999961
20
-45.5045059999999992
11
58.7289549999999991
21
-45.5056869999999947
0
LINE
8
BLACK
6
CONTINUOUS
10
58.7289549999999991
20
-45.5056869999999947
11
58.734263999999996
21
-45.5062099999999958
0
LINE
8
BLACK
6
CONTINUOUS
10
58.734263999999996
20
-45.5062099999999958
11
58.7379259999999945
21
-45.5077269999999956
0
LINE
8
BLACK
6
CONTINUOUS
10
58.7379259999999945
20
-45.5077269999999956
11
58.7524339999999938
21
-45.5110260000000011
0
LINE
8
BLACK
6
CONTINUOUS
10
58.7524339999999938
20
-45.5110260000000011
11
58.9667199999999951
21
-45.5824539999999985
0
LINE
8
BLACK
6
CONTINUOUS
10
58.9667199999999951
20
-45.5824539999999985
11
58.9935709999999958
21
-45.5944429999999983
0
LINE
8
BLACK
6
CONTINUOUS
10
58.9935709999999958
20
-45.5944429999999983
11
58.9976409999999944
21
-45.5979729999999961
0
LINE
8
BLACK
6
CONTINUOUS
10
58.9976409999999944
20
-45.5979729999999961
11
59.0026209999999978
21
-45.6000359999999958
0
LINE
8
BLACK
6
CONTINUOUS
10
59.0026209999999978
20
-45.6000359999999958
11
59.025351999999998
21
-45.6186909999999983
0
LINE
8
BLACK
6
CONTINUOUS
10
59.025351999999998
20
-45.6186909999999983
11
59.1682089999999974
21
-45.7615479999999977
0
LINE
8
BLACK
6
CONTINUOUS
10
59.1682089999999974
20
-45.7615479999999977
11
59.1776489999999953
21
-45.7730499999999978
0
LINE
8
BLACK
6
CONTINUOUS
10
59.1776489999999953
20
-45.7730499999999978
11
59.1806419999999989
21
-45.7756459999999947
0
LINE
8
BLACK
6
CONTINUOUS
10
59.1806419999999989
20
-45.7756459999999947
11
59.1834799999999959
21
-45.7801550000000006
0
LINE
8
BLACK
6
CONTINUOUS
10
59.1834799999999959
20
-45.7801550000000006
11
59.1868639999999999
21
-45.7842780000000005
0
LINE
8
BLACK
6
CONTINUOUS
10
59.1868639999999999
20
-45.7842780000000005
11
59.1883799999999951
21
-45.787939999999999
0
LINE
8
BLACK
6
CONTINUOUS
10
59.1883799999999951
20
-45.787939999999999
11
59.1963069999999973
21
-45.8005319999999969
0
LINE
8
BLACK
6
CONTINUOUS
10
59.1963069999999973
20
-45.8005319999999969
11
59.2677359999999993
21
-45.9433879999999988
0
LINE
8
BLACK
6
CONTINUOUS
10
59.2677359999999993
20
-45.9433879999999988
11
59.2685549999999992
21
-45.945529999999998
0
LINE
8
BLACK
6
CONTINUOUS
10
59.2685549999999992
20
-45.945529999999998
11
59.2691999999999979
21
-45.946399999999997
0
LINE
8
BLACK
6
CONTINUOUS
10
59.2691999999999979
20
-45.946399999999997
11
59.2735839999999996
21
-45.9586709999999954
0
LINE
8
BLACK
6
CONTINUOUS
10
59.2735839999999996
20
-45.9586709999999954
11
59.2782449999999983
21
-45.9708520000000007
0
LINE
8
BLACK
6
CONTINUOUS
10
59.2782449999999983
20
-45.9708520000000007
11
59.2783209999999983
21
-45.9719319999999954
0
LINE
8
BLACK
6
CONTINUOUS
10
59.2783209999999983
20
-45.9719319999999954
11
59.279092999999996
21
-45.9740910000000014
0
LINE
8
BLACK
6
CONTINUOUS
10
59.279092999999996
20
-45.9740910000000014
11
59.3505210000000005
21
-46.2598050000000001
0
LINE
8
BLACK
6
CONTINUOUS
10
59.3505210000000005
20
-46.2598050000000001
11
59.3512699999999995
21
-46.264876000000001
0
LINE
8
BLACK
6
CONTINUOUS
10
59.3512699999999995
20
-46.264876000000001
11
59.3521179999999973
21
-46.2669209999999964
0
LINE
8
BLACK
6
CONTINUOUS
10
59.3521179999999973
20
-46.2669209999999964
11
59.3532030000000006
21
-46.2779430000000005
0
LINE
8
BLACK
6
CONTINUOUS
10
59.3532030000000006
20
-46.2779430000000005
11
59.3548229999999961
21
-46.2888939999999991
0
LINE
8
BLACK
6
CONTINUOUS
10
59.3548229999999961
20
-46.2888939999999991
11
59.354496999999995
21
-46.2910809999999984
0
LINE
8
BLACK
6
CONTINUOUS
10
59.354496999999995
20
-46.2910809999999984
11
59.3549999999999969
21
-46.2961850000000013
0
LINE
8
BLACK
6
CONTINUOUS
10
59.3549999999999969
20
-46.2961850000000013
11
59.3549999999999969
21
-46.5104709999999955
0
LINE
8
BLACK
6
CONTINUOUS
10
59.3549999999999969
20
-46.5104709999999955
11
59.354496999999995
21
-46.5155740000000009
0
LINE
8
BLACK
6
CONTINUOUS
10
59.354496999999995
20
-46.5155740000000009
11
59.3548229999999961
21
-46.5177619999999976
0
LINE
8
BLACK
6
CONTINUOUS
10
59.3548229999999961
20
-46.5177619999999976
11
59.3532030000000006
21
-46.5287119999999987
0
LINE
8
BLACK
6
CONTINUOUS
10
59.3532030000000006
20
-46.5287119999999987
11
59.3521179999999973
21
-46.5397350000000003
0
LINE
8
BLACK
6
CONTINUOUS
10
59.3521179999999973
20
-46.5397350000000003
11
59.3512699999999995
21
-46.5417789999999982
0
LINE
8
BLACK
6
CONTINUOUS
10
59.3512699999999995
20
-46.5417789999999982
11
59.3505210000000005
21
-46.5468509999999966
0
LINE
8
BLACK
6
CONTINUOUS
10
59.3505210000000005
20
-46.5468509999999966
11
59.279092999999996
21
-46.8325649999999953
0
LINE
8
BLACK
6
CONTINUOUS
10
59.279092999999996
20
-46.8325649999999953
11
59.2783209999999983
21
-46.8347229999999968
0
LINE
8
BLACK
6
CONTINUOUS
10
59.2783209999999983
20
-46.8347229999999968
11
59.2782449999999983
21
-46.835803999999996
0
LINE
8
BLACK
6
CONTINUOUS
10
59.2782449999999983
20
-46.835803999999996
11
59.2735839999999996
21
-46.8479839999999967
0
LINE
8
BLACK
6
CONTINUOUS
10
59.2735839999999996
20
-46.8479839999999967
11
59.2691999999999979
21
-46.8602559999999997
0
LINE
8
BLACK
6
CONTINUOUS
10
59.2691999999999979
20
-46.8602559999999997
11
59.2685549999999992
21
-46.8611250000000013
0
LINE
8
BLACK
6
CONTINUOUS
10
59.2685549999999992
20
-46.8611250000000013
11
59.2677359999999993
21
-46.8632679999999979
0
LINE
8
BLACK
6
CONTINUOUS
10
59.2677359999999993
20
-46.8632679999999979
11
59.1963069999999973
21
-47.0061239999999998
0
LINE
8
BLACK
6
CONTINUOUS
10
59.1963069999999973
20
-47.0061239999999998
11
59.1883789999999976
21
-47.0187169999999952
0
LINE
8
BLACK
6
CONTINUOUS
10
59.1883789999999976
20
-47.0187169999999952
11
59.1868639999999999
21
-47.0223769999999988
0
LINE
8
BLACK
6
CONTINUOUS
10
59.1868639999999999
20
-47.0223769999999988
11
59.1834819999999979
21
-47.0264959999999945
0
LINE
8
BLACK
6
CONTINUOUS
10
59.1834819999999979
20
-47.0264959999999945
11
59.1806419999999989
21
-47.0310099999999949
0
LINE
8
BLACK
6
CONTINUOUS
10
59.1806419999999989
20
-47.0310099999999949
11
59.1776470000000003
21
-47.0336059999999989
0
LINE
8
BLACK
6
CONTINUOUS
10
59.1776470000000003
20
-47.0336059999999989
11
59.1682089999999974
21
-47.045107999999999
0
LINE
8
BLACK
6
CONTINUOUS
10
59.1682089999999974
20
-47.045107999999999
11
59.025351999999998
21
-47.1879659999999959
0
LINE
8
BLACK
6
CONTINUOUS
10
59.025351999999998
20
-47.1879659999999959
11
59.0026219999999952
21
-47.2066209999999984
0
LINE
8
BLACK
6
CONTINUOUS
10
59.0026219999999952
20
-47.2066209999999984
11
58.997641999999999
21
-47.2086830000000006
0
LINE
8
BLACK
6
CONTINUOUS
10
58.997641999999999
20
-47.2086830000000006
11
58.9935709999999958
21
-47.2122150000000005
0
LINE
8
BLACK
6
CONTINUOUS
10
58.9935709999999958
20
-47.2122150000000005
11
58.9667199999999951
21
-47.2242029999999957
0
LINE
8
BLACK
6
CONTINUOUS
10
58.9667199999999951
20
-47.2242029999999957
11
58.7524339999999938
21
-47.2956310000000002
0
LINE
8
BLACK
6
CONTINUOUS
10
58.7524339999999938
20
-47.2956310000000002
11
58.737921
21
-47.2989299999999986
0
LINE
8
BLACK
6
CONTINUOUS
10
58.737921
20
-47.2989299999999986
11
58.734263999999996
21
-47.3004460000000009
0
LINE
8
BLACK
6
CONTINUOUS
10
58.734263999999996
20
-47.3004460000000009
11
58.7289609999999982
21
-47.3009679999999975
0
LINE
8
BLACK
6
CONTINUOUS
10
58.7289609999999982
20
-47.3009679999999975
11
58.7237599999999986
21
-47.302150999999995
0
LINE
8
BLACK
6
CONTINUOUS
10
58.7237599999999986
20
-47.302150999999995
11
58.7198049999999938
21
-47.3018689999999964
0
LINE
8
BLACK
6
CONTINUOUS
10
58.7198049999999938
20
-47.3018689999999964
11
58.7049999999999983
21
-47.3033280000000005
0
LINE
8
BLACK
6
CONTINUOUS
10
58.7049999999999983
20
-47.3033280000000005
11
58.3478569999999976
21
-47.3033280000000005
0
LINE
8
BLACK
6
CONTINUOUS
10
58.3478569999999976
20
-47.3033280000000005
11
58.3185929999999999
21
-47.3004460000000009
0
LINE
8
BLACK
6
CONTINUOUS
10
58.3185929999999999
20
-47.3004460000000009
11
58.2645209999999949
21
-47.2780479999999983
0
LINE
8
BLACK
6
CONTINUOUS
10
58.2645209999999949
20
-47.2780479999999983
11
58.2231369999999941
21
-47.2366639999999975
0
LINE
8
BLACK
6
CONTINUOUS
10
58.2231369999999941
20
-47.2366639999999975
11
58.2007389999999987
21
-47.1825919999999996
0
LINE
8
BLACK
6
CONTINUOUS
10
58.2007389999999987
20
-47.1825919999999996
11
58.1978569999999991
21
-47.1533279999999948
0
LINE
8
BLACK
6
CONTINUOUS
10
58.1978569999999991
20
-47.1533279999999948
11
58.1978569999999991
21
-45.6533279999999948
0
LINE
8
BLACK
6
CONTINUOUS
10
58.1978569999999991
20
-45.6533279999999948
11
58.2007389999999987
21
-45.6240639999999971
0
LINE
8
BLACK
6
CONTINUOUS
10
58.2007389999999987
20
-45.6240639999999971
11
58.2231369999999941
21
-45.5699919999999992
0
LINE
8
BLACK
6
CONTINUOUS
10
58.2231369999999941
20
-45.5699919999999992
11
58.2645209999999949
21
-45.5286079999999984
0
LINE
8
BLACK
6
CONTINUOUS
10
58.2645209999999949
20
-45.5286079999999984
11
58.3185929999999999
21
-45.5062099999999958
0
LINE
8
BLACK
6
CONTINUOUS
10
58.3185929999999999
20
-45.5062099999999958
11
58.3478569999999976
21
-45.5033279999999962
0
LINE
8
BLACK
6
CONTINUOUS
10
58.3478569999999976
20
-45.5033279999999962
11
58.7049999999999983
21
-45.5033279999999962
0
LINE
8
BLACK
6
CONTINUOUS
10
58.7049999999999983
20
-45.5033279999999962
11
58.719811
21
-45.5047859999999957
0
LINE
8
BLACK
6
CONTINUOUS
10
58.4978569999999962
20
-47.0033279999999962
11
58.6806569999999965
21
-47.0033279999999962
0
LINE
8
BLACK
6
CONTINUOUS
10
58.6806569999999965
20
-47.0033279999999962
11
58.8382590000000008
21
-46.9507939999999948
0
LINE
8
BLACK
6
CONTINUOUS
10
58.8382590000000008
20
-46.9507939999999948
11
58.9388649999999998
21
-46.8501879999999957
0
LINE
8
BLACK
6
CONTINUOUS
10
58.9388649999999998
20
-46.8501879999999957
11
58.9920439999999999
21
-46.7438280000000006
0
LINE
8
BLACK
6
CONTINUOUS
10
58.9920439999999999
20
-46.7438280000000006
11
59.0549999999999997
21
-46.492007000000001
0
LINE
8
BLACK
6
CONTINUOUS
10
59.0549999999999997
20
-46.492007000000001
11
59.0549999999999997
21
-46.3146479999999983
0
LINE
8
BLACK
6
CONTINUOUS
10
59.0549999999999997
20
-46.3146479999999983
11
58.9920439999999999
21
-46.0628269999999986
0
LINE
8
BLACK
6
CONTINUOUS
10
58.9920439999999999
20
-46.0628269999999986
11
58.9388649999999998
21
-45.956468000000001
0
LINE
8
BLACK
6
CONTINUOUS
10
58.9388649999999998
20
-45.956468000000001
11
58.8382579999999962
21
-45.8558609999999973
0
LINE
8
BLACK
6
CONTINUOUS
10
58.8382579999999962
20
-45.8558609999999973
11
58.680659999999996
21
-45.8033280000000005
0
LINE
8
BLACK
6
CONTINUOUS
10
58.680659999999996
20
-45.8033280000000005
11
58.4978569999999962
21
-45.8033280000000005
0
LINE
8
BLACK
6
CONTINUOUS
10
58.4978569999999962
20
-45.8033280000000005
11
58.4978569999999962
21
-47.0033279999999962
0
LINE
8
BLACK
6
CONTINUOUS
10
60.2194129999999959
20
-45.5062099999999958
11
60.234263999999996
21
-45.5062099999999958
0
LINE
8
BLACK
6
CONTINUOUS
10
60.234263999999996
20
-45.5062099999999958
11
60.2478379999999945
21
-45.5118319999999983
0
LINE
8
BLACK
6
CONTINUOUS
10
60.2478379999999945
20
-45.5118319999999983
11
60.2622569999999982
21
-45.5146850000000001
0
LINE
8
BLACK
6
CONTINUOUS
10
60.2622569999999982
20
-45.5146850000000001
11
60.2746169999999992
21
-45.5229250000000008
0
LINE
8
BLACK
6
CONTINUOUS
10
60.2746169999999992
20
-45.5229250000000008
11
60.2883359999999939
21
-45.5286079999999984
0
LINE
8
BLACK
6
CONTINUOUS
10
60.2883359999999939
20
-45.5286079999999984
11
60.2987249999999975
21
-45.5389969999999948
0
LINE
8
BLACK
6
CONTINUOUS
10
60.2987249999999975
20
-45.5389969999999948
11
60.3109559999999973
21
-45.5471509999999995
0
LINE
8
BLACK
6
CONTINUOUS
10
60.3109559999999973
20
-45.5471509999999995
11
60.3192209999999989
21
-45.5594929999999962
0
LINE
8
BLACK
6
CONTINUOUS
10
60.3192209999999989
20
-45.5594929999999962
11
60.3297199999999947
21
-45.5699919999999992
0
LINE
8
BLACK
6
CONTINUOUS
10
60.3297199999999947
20
-45.5699919999999992
11
60.3353429999999946
21
-45.5835679999999996
0
LINE
8
BLACK
6
CONTINUOUS
10
60.3353429999999946
20
-45.5835679999999996
11
60.3435220000000001
21
-45.5957809999999952
0
LINE
8
BLACK
6
CONTINUOUS
10
60.3435220000000001
20
-45.5957809999999952
11
60.346433999999995
21
-45.6103430000000003
0
LINE
8
BLACK
6
CONTINUOUS
10
60.346433999999995
20
-45.6103430000000003
11
60.3521179999999973
21
-45.6240639999999971
0
LINE
8
BLACK
6
CONTINUOUS
10
60.3521179999999973
20
-45.6240639999999971
11
60.354968999999997
21
-45.6530160000000009
0
LINE
8
BLACK
6
CONTINUOUS
10
60.354968999999997
20
-45.6530160000000009
11
60.3549999999999969
21
-45.6531699999999958
0
LINE
8
BLACK
6
CONTINUOUS
10
60.3549999999999969
20
-45.6531699999999958
11
60.3549889999999962
21
-45.6532219999999995
0
LINE
8
BLACK
6
CONTINUOUS
10
60.3549889999999962
20
-45.6532219999999995
11
60.3549999999999969
21
-45.6533279999999948
0
LINE
8
BLACK
6
CONTINUOUS
10
60.3549999999999969
20
-45.6533279999999948
11
60.3549999999999969
21
-47.0033279999999962
0
LINE
8
BLACK
6
CONTINUOUS
10
60.3549999999999969
20
-47.0033279999999962
11
60.6335719999999938
21
-47.0033279999999962
0
LINE
8
BLACK
6
CONTINUOUS
10
60.6335719999999938
20
-47.0033279999999962
11
60.6628359999999986
21
-47.0062099999999958
0
LINE
8
BLACK
6
CONTINUOUS
10
60.6628359999999986
20
-47.0062099999999958
11
60.7169079999999965
21
-47.0286079999999984
0
LINE
8
BLACK
6
CONTINUOUS
10
60.7169079999999965
20
-47.0286079999999984
11
60.7582919999999973
21
-47.0699919999999992
0
LINE
8
BLACK
6
CONTINUOUS
10
60.7582919999999973
20
-47.0699919999999992
11
60.7806899999999999
21
-47.1240639999999971
0
LINE
8
BLACK
6
CONTINUOUS
10
60.7806899999999999
20
-47.1240639999999971
11
60.7806899999999999
21
-47.1825919999999996
0
LINE
8
BLACK
6
CONTINUOUS
10
60.7806899999999999
20
-47.1825919999999996
11
60.7582919999999973
21
-47.2366639999999975
0
LINE
8
BLACK
6
CONTINUOUS
10
60.7582919999999973
20
-47.2366639999999975
11
60.7169079999999965
21
-47.2780479999999983
0
LINE
8
BLACK
6
CONTINUOUS
10
60.7169079999999965
20
-47.2780479999999983
11
60.6628359999999986
21
-47.3004460000000009
0
LINE
8
BLACK
6
CONTINUOUS
10
60.6628359999999986
20
-47.3004460000000009
11
60.6335719999999938
21
-47.3033280000000005
0
LINE
8
BLACK
6
CONTINUOUS
10
60.6335719999999938
20
-47.3033280000000005
11
59.7764290000000003
21
-47.3033280000000005
0
LINE
8
BLACK
6
CONTINUOUS
10
59.7764290000000003
20
-47.3033280000000005
11
59.7471649999999954
21
-47.3004460000000009
0
LINE
8
BLACK
6
CONTINUOUS
10
59.7471649999999954
20
-47.3004460000000009
11
59.6930929999999975
21
-47.2780479999999983
0
LINE
8
BLACK
6
CONTINUOUS
10
59.6930929999999975
20
-47.2780479999999983
11
59.6517089999999968
21
-47.2366639999999975
0
LINE
8
BLACK
6
CONTINUOUS
10
59.6517089999999968
20
-47.2366639999999975
11
59.6293109999999942
21
-47.1825919999999996
0
LINE
8
BLACK
6
CONTINUOUS
10
59.6293109999999942
20
-47.1825919999999996
11
59.6293109999999942
21
-47.1240639999999971
0
LINE
8
BLACK
6
CONTINUOUS
10
59.6293109999999942
20
-47.1240639999999971
11
59.6517089999999968
21
-47.0699919999999992
0
LINE
8
BLACK
6
CONTINUOUS
10
59.6517089999999968
20
-47.0699919999999992
11
59.6930929999999975
21
-47.0286079999999984
0
LINE
8
BLACK
6
CONTINUOUS
10
59.6930929999999975
20
-47.0286079999999984
11
59.7471649999999954
21
-47.0062099999999958
0
LINE
8
BLACK
6
CONTINUOUS
10
59.7471649999999954
20
-47.0062099999999958
11
59.7764290000000003
21
-47.0033279999999962
0
LINE
8
BLACK
6
CONTINUOUS
10
59.7764290000000003
20
-47.0033279999999962
11
60.0549999999999997
21
-47.0033279999999962
0
LINE
8
BLACK
6
CONTINUOUS
10
60.0549999999999997
20
-47.0033279999999962
11
60.0549999999999997
21
-46.0868889999999993
0
LINE
8
BLACK
6
CONTINUOUS
10
60.0549999999999997
20
-46.0868889999999993
11
60.025351999999998
21
-46.116537000000001
0
LINE
8
BLACK
6
CONTINUOUS
10
60.025351999999998
20
-46.116537000000001
11
60.0138499999999979
21
-46.1259760000000014
0
LINE
8
BLACK
6
CONTINUOUS
10
60.0138499999999979
20
-46.1259760000000014
11
60.0112539999999939
21
-46.1289699999999954
0
LINE
8
BLACK
6
CONTINUOUS
10
60.0112539999999939
20
-46.1289699999999954
11
60.0067400000000006
21
-46.1318099999999944
0
LINE
8
BLACK
6
CONTINUOUS
10
60.0067400000000006
20
-46.1318099999999944
11
60.0026209999999978
21
-46.1351919999999964
0
LINE
8
BLACK
6
CONTINUOUS
10
60.0026209999999978
20
-46.1351919999999964
11
59.9989609999999942
21
-46.1367070000000012
0
LINE
8
BLACK
6
CONTINUOUS
10
59.9989609999999942
20
-46.1367070000000012
11
59.9863679999999988
21
-46.144635000000001
0
LINE
8
BLACK
6
CONTINUOUS
10
59.9863679999999988
20
-46.144635000000001
11
59.8435109999999995
21
-46.2160639999999958
0
LINE
8
BLACK
6
CONTINUOUS
10
59.8435109999999995
20
-46.2160639999999958
11
59.816047999999995
21
-46.2265729999999948
0
LINE
8
BLACK
6
CONTINUOUS
10
59.816047999999995
20
-46.2265729999999948
11
59.7576679999999953
21
-46.2307220000000001
0
LINE
8
BLACK
6
CONTINUOUS
10
59.7576679999999953
20
-46.2307220000000001
11
59.7021449999999945
21
-46.2122150000000005
0
LINE
8
BLACK
6
CONTINUOUS
10
59.7021449999999945
20
-46.2122150000000005
11
59.6579300000000003
21
-46.1738679999999988
0
LINE
8
BLACK
6
CONTINUOUS
10
59.6579300000000003
20
-46.1738679999999988
11
59.6317559999999958
21
-46.1215189999999993
0
LINE
8
BLACK
6
CONTINUOUS
10
59.6317559999999958
20
-46.1215189999999993
11
59.6276069999999976
21
-46.0631389999999996
0
LINE
8
BLACK
6
CONTINUOUS
10
59.6276069999999976
20
-46.0631389999999996
11
59.6461139999999972
21
-46.0076159999999987
0
LINE
8
BLACK
6
CONTINUOUS
10
59.6461139999999972
20
-46.0076159999999987
11
59.6844609999999989
21
-45.9634009999999975
0
LINE
8
BLACK
6
CONTINUOUS
10
59.6844609999999989
20
-45.9634009999999975
11
59.709346999999994
21
-45.947735999999999
0
LINE
8
BLACK
6
CONTINUOUS
10
59.709346999999994
20
-45.947735999999999
11
59.8304319999999947
21
-45.8871919999999989
0
LINE
8
BLACK
6
CONTINUOUS
10
59.8304319999999947
20
-45.8871919999999989
11
59.945572999999996
21
-45.7720509999999976
0
LINE
8
BLACK
6
CONTINUOUS
10
59.945572999999996
20
-45.7720509999999976
11
60.0801929999999942
21
-45.5701229999999953
0
LINE
8
BLACK
6
CONTINUOUS
10
60.0801929999999942
20
-45.5701229999999953
11
60.0802589999999981
21
-45.5700420000000008
0
LINE
8
BLACK
6
CONTINUOUS
10
60.0802589999999981
20
-45.5700420000000008
11
60.0802799999999948
21
-45.5699919999999992
0
LINE
8
BLACK
6
CONTINUOUS
10
60.0802799999999948
20
-45.5699919999999992
11
60.0803909999999988
21
-45.5698799999999977
0
LINE
8
BLACK
6
CONTINUOUS
10
60.0803909999999988
20
-45.5698799999999977
11
60.0988229999999959
21
-45.5473719999999958
0
LINE
8
BLACK
6
CONTINUOUS
10
60.0988229999999959
20
-45.5473719999999958
11
60.1111649999999997
21
-45.5391059999999968
0
LINE
8
BLACK
6
CONTINUOUS
10
60.1111649999999997
20
-45.5391059999999968
11
60.1216639999999956
21
-45.5286079999999984
0
LINE
8
BLACK
6
CONTINUOUS
10
60.1216639999999956
20
-45.5286079999999984
11
60.135239999999996
21
-45.522984000000001
0
LINE
8
BLACK
6
CONTINUOUS
10
60.135239999999996
20
-45.522984000000001
11
60.1474529999999987
21
-45.5148060000000001
0
LINE
8
BLACK
6
CONTINUOUS
10
60.1474529999999987
20
-45.5148060000000001
11
60.1620139999999992
21
-45.5118930000000006
0
LINE
8
BLACK
6
CONTINUOUS
10
60.1620139999999992
20
-45.5118930000000006
11
60.1757360000000006
21
-45.5062099999999958
0
LINE
8
BLACK
6
CONTINUOUS
10
60.1757360000000006
20
-45.5062099999999958
11
60.1904329999999987
21
-45.5062099999999958
0
LINE
8
BLACK
6
CONTINUOUS
10
60.1904329999999987
20
-45.5062099999999958
11
60.2048429999999968
21
-45.5033279999999962
0
LINE
8
BLACK
6
CONTINUOUS
10
60.2048429999999968
20
-45.5033279999999962
11
60.2194129999999959
21
-45.5062099999999958
0
LINE
8
BLACK
6
CONTINUOUS
10
121.1854779999999892
20
-41.5686079999999976
11
121.226861999999997
21
-41.6099919999999983
0
LINE
8
BLACK
6
CONTINUOUS
10
121.226861999999997
20
-41.6099919999999983
11
121.2492599999999925
21
-41.6640639999999962
0
LINE
8
BLACK
6
CONTINUOUS
10
121.2492599999999925
20
-41.6640639999999962
11
121.2521419999999921
21
-41.6933280000000011
0
LINE
8
BLACK
6
CONTINUOUS
10
121.2521419999999921
20
-41.6933280000000011
11
121.2521419999999921
21
-42.872202999999999
0
LINE
8
BLACK
6
CONTINUOUS
10
121.2521419999999921
20
-42.872202999999999
11
121.2968489999999946
21
-42.9616169999999968
0
LINE
8
BLACK
6
CONTINUOUS
10
121.2968489999999946
20
-42.9616169999999968
11
121.3338529999999906
21
-42.998621
0
LINE
8
BLACK
6
CONTINUOUS
10
121.3338529999999906
20
-42.998621
11
121.4232669999999956
21
-43.0433279999999954
0
LINE
8
BLACK
6
CONTINUOUS
10
121.4232669999999956
20
-43.0433279999999954
11
121.6381609999999966
21
-43.0433279999999954
0
LINE
8
BLACK
6
CONTINUOUS
10
121.6381609999999966
20
-43.0433279999999954
11
121.7275729999999925
21
-42.9986219999999975
0
LINE
8
BLACK
6
CONTINUOUS
10
121.7275729999999925
20
-42.9986219999999975
11
121.7645780000000002
21
-42.9616169999999968
0
LINE
8
BLACK
6
CONTINUOUS
10
121.7645780000000002
20
-42.9616169999999968
11
121.8092849999999885
21
-42.8722039999999964
0
LINE
8
BLACK
6
CONTINUOUS
10
121.8092849999999885
20
-42.8722039999999964
11
121.8092849999999885
21
-41.6933280000000011
0
LINE
8
BLACK
6
CONTINUOUS
10
121.8092849999999885
20
-41.6933280000000011
11
121.8121669999999881
21
-41.6640639999999962
0
LINE
8
BLACK
6
CONTINUOUS
10
121.8121669999999881
20
-41.6640639999999962
11
121.8345649999999978
21
-41.6099919999999983
0
LINE
8
BLACK
6
CONTINUOUS
10
121.8345649999999978
20
-41.6099919999999983
11
121.8759489999999914
21
-41.5686079999999976
0
LINE
8
BLACK
6
CONTINUOUS
10
121.8759489999999914
20
-41.5686079999999976
11
121.9300209999999964
21
-41.546209999999995
0
LINE
8
BLACK
6
CONTINUOUS
10
121.9300209999999964
20
-41.546209999999995
11
121.9885489999999919
21
-41.546209999999995
0
LINE
8
BLACK
6
CONTINUOUS
10
121.9885489999999919
20
-41.546209999999995
11
122.0426209999999969
21
-41.5686079999999976
0
LINE
8
BLACK
6
CONTINUOUS
10
122.0426209999999969
20
-41.5686079999999976
11
122.0840049999999906
21
-41.6099919999999983
0
LINE
8
BLACK
6
CONTINUOUS
10
122.0840049999999906
20
-41.6099919999999983
11
122.1064030000000002
21
-41.6640639999999962
0
LINE
8
BLACK
6
CONTINUOUS
10
122.1064030000000002
20
-41.6640639999999962
11
122.1092849999999999
21
-41.6933280000000011
0
LINE
8
BLACK
6
CONTINUOUS
10
122.1092849999999999
20
-41.6933280000000011
11
122.1092849999999999
21
-42.9076139999999953
0
LINE
8
BLACK
6
CONTINUOUS
10
122.1092849999999999
20
-42.9076139999999953
11
122.1064030000000002
21
-42.9368780000000001
0
LINE
8
BLACK
6
CONTINUOUS
10
122.1064030000000002
20
-42.9368780000000001
11
122.1043399999999934
21
-42.9418560000000014
0
LINE
8
BLACK
6
CONTINUOUS
10
122.1043399999999934
20
-42.9418560000000014
11
122.103958999999989
21
-42.9472319999999996
0
LINE
8
BLACK
6
CONTINUOUS
10
122.103958999999989
20
-42.9472319999999996
11
122.0934489999999926
21
-42.974694999999997
0
LINE
8
BLACK
6
CONTINUOUS
10
122.0934489999999926
20
-42.974694999999997
11
122.0220209999999952
21
-43.1175530000000009
0
LINE
8
BLACK
6
CONTINUOUS
10
122.0220209999999952
20
-43.1175530000000009
11
122.0140940000000001
21
-43.1301440000000014
0
LINE
8
BLACK
6
CONTINUOUS
10
122.0140940000000001
20
-43.1301440000000014
11
122.0125779999999907
21
-43.1338059999999999
0
LINE
8
BLACK
6
CONTINUOUS
10
122.0125779999999907
20
-43.1338059999999999
11
122.0091939999999937
21
-43.1379279999999952
0
LINE
8
BLACK
6
CONTINUOUS
10
122.0091939999999937
20
-43.1379279999999952
11
122.0063559999999967
21
-43.1424379999999985
0
LINE
8
BLACK
6
CONTINUOUS
10
122.0063559999999967
20
-43.1424379999999985
11
122.0033639999999906
21
-43.1450320000000005
0
LINE
8
BLACK
6
CONTINUOUS
10
122.0033639999999906
20
-43.1450320000000005
11
121.9939229999999952
21
-43.1565370000000001
0
LINE
8
BLACK
6
CONTINUOUS
10
121.9939229999999952
20
-43.1565370000000001
11
121.9224940000000004
21
-43.227965999999995
0
LINE
8
BLACK
6
CONTINUOUS
10
121.9224940000000004
20
-43.227965999999995
11
121.9109919999999931
21
-43.2374049999999954
0
LINE
8
BLACK
6
CONTINUOUS
10
121.9109919999999931
20
-43.2374049999999954
11
121.9083959999999962
21
-43.2403989999999965
0
LINE
8
BLACK
6
CONTINUOUS
10
121.9083959999999962
20
-43.2403989999999965
11
121.9038819999999959
21
-43.2432389999999955
0
LINE
8
BLACK
6
CONTINUOUS
10
121.9038819999999959
20
-43.2432389999999955
11
121.899762999999993
21
-43.2466209999999975
0
LINE
8
BLACK
6
CONTINUOUS
10
121.899762999999993
20
-43.2466209999999975
11
121.8961029999999965
21
-43.2481359999999952
0
LINE
8
BLACK
6
CONTINUOUS
10
121.8961029999999965
20
-43.2481359999999952
11
121.8835100000000011
21
-43.256063999999995
0
LINE
8
BLACK
6
CONTINUOUS
10
121.8835100000000011
20
-43.256063999999995
11
121.7406529999999947
21
-43.3274919999999995
0
LINE
8
BLACK
6
CONTINUOUS
10
121.7406529999999947
20
-43.3274919999999995
11
121.7131889999999999
21
-43.3380019999999959
0
LINE
8
BLACK
6
CONTINUOUS
10
121.7131889999999999
20
-43.3380019999999959
11
121.7078130000000016
21
-43.3383830000000003
0
LINE
8
BLACK
6
CONTINUOUS
10
121.7078130000000016
20
-43.3383830000000003
11
121.7028349999999932
21
-43.340446
0
LINE
8
BLACK
6
CONTINUOUS
10
121.7028349999999932
20
-43.340446
11
121.6735709999999955
21
-43.3433279999999996
0
LINE
8
BLACK
6
CONTINUOUS
10
121.6735709999999955
20
-43.3433279999999996
11
121.3878569999999968
21
-43.3433279999999996
0
LINE
8
BLACK
6
CONTINUOUS
10
121.3878569999999968
20
-43.3433279999999996
11
121.3585929999999991
21
-43.340446
0
LINE
8
BLACK
6
CONTINUOUS
10
121.3585929999999991
20
-43.340446
11
121.3536139999999932
21
-43.3383830000000003
0
LINE
8
BLACK
6
CONTINUOUS
10
121.3536139999999932
20
-43.3383830000000003
11
121.3482389999999924
21
-43.3380019999999959
0
LINE
8
BLACK
6
CONTINUOUS
10
121.3482389999999924
20
-43.3380019999999959
11
121.3207759999999951
21
-43.3274919999999995
0
LINE
8
BLACK
6
CONTINUOUS
10
121.3207759999999951
20
-43.3274919999999995
11
121.1779179999999911
21
-43.256063999999995
0
LINE
8
BLACK
6
CONTINUOUS
10
121.1779179999999911
20
-43.256063999999995
11
121.1653259999999932
21
-43.2481369999999998
0
LINE
8
BLACK
6
CONTINUOUS
10
121.1653259999999932
20
-43.2481369999999998
11
121.1616649999999993
21
-43.2466209999999975
0
LINE
8
BLACK
6
CONTINUOUS
10
121.1616649999999993
20
-43.2466209999999975
11
121.1575419999999923
21
-43.2432370000000006
0
LINE
8
BLACK
6
CONTINUOUS
10
121.1575419999999923
20
-43.2432370000000006
11
121.1530329999999935
21
-43.2403989999999965
0
LINE
8
BLACK
6
CONTINUOUS
10
121.1530329999999935
20
-43.2403989999999965
11
121.1504379999999941
21
-43.2374069999999975
0
LINE
8
BLACK
6
CONTINUOUS
10
121.1504379999999941
20
-43.2374069999999975
11
121.1389339999999919
21
-43.227965999999995
0
LINE
8
BLACK
6
CONTINUOUS
10
121.1389339999999919
20
-43.227965999999995
11
121.067504999999997
21
-43.1565370000000001
0
LINE
8
BLACK
6
CONTINUOUS
10
121.067504999999997
20
-43.1565370000000001
11
121.0580649999999991
21
-43.145035
0
LINE
8
BLACK
6
CONTINUOUS
10
121.0580649999999991
20
-43.145035
11
121.0550719999999956
21
-43.142438999999996
0
LINE
8
BLACK
6
CONTINUOUS
10
121.0550719999999956
20
-43.142438999999996
11
121.0522309999999919
21
-43.1379249999999956
0
LINE
8
BLACK
6
CONTINUOUS
10
121.0522309999999919
20
-43.1379249999999956
11
121.0488500000000016
21
-43.1338059999999999
0
LINE
8
BLACK
6
CONTINUOUS
10
121.0488500000000016
20
-43.1338059999999999
11
121.0473339999999922
21
-43.1301459999999963
0
LINE
8
BLACK
6
CONTINUOUS
10
121.0473339999999922
20
-43.1301459999999963
11
121.0394069999999971
21
-43.1175530000000009
0
LINE
8
BLACK
6
CONTINUOUS
10
121.0394069999999971
20
-43.1175530000000009
11
120.967977999999988
21
-42.9746960000000016
0
LINE
8
BLACK
6
CONTINUOUS
10
120.967977999999988
20
-42.9746960000000016
11
120.957468999999989
21
-42.9472329999999971
0
LINE
8
BLACK
6
CONTINUOUS
10
120.957468999999989
20
-42.9472329999999971
11
120.9570870000000014
21
-42.9418579999999963
0
LINE
8
BLACK
6
CONTINUOUS
10
120.9570870000000014
20
-42.9418579999999963
11
120.9550239999999945
21
-42.9368780000000001
0
LINE
8
BLACK
6
CONTINUOUS
10
120.9550239999999945
20
-42.9368780000000001
11
120.9521419999999949
21
-42.9076139999999953
0
LINE
8
BLACK
6
CONTINUOUS
10
120.9521419999999949
20
-42.9076139999999953
11
120.9521419999999949
21
-41.6933280000000011
0
LINE
8
BLACK
6
CONTINUOUS
10
120.9521419999999949
20
-41.6933280000000011
11
120.9550239999999945
21
-41.6640639999999962
0
LINE
8
BLACK
6
CONTINUOUS
10
120.9550239999999945
20
-41.6640639999999962
11
120.97742199999999
21
-41.6099919999999983
0
LINE
8
BLACK
6
CONTINUOUS
10
120.97742199999999
20
-41.6099919999999983
11
121.0188059999999979
21
-41.5686079999999976
0
LINE
8
BLACK
6
CONTINUOUS
10
121.0188059999999979
20
-41.5686079999999976
11
121.0728779999999887
21
-41.546209999999995
0
LINE
8
BLACK
6
CONTINUOUS
10
121.0728779999999887
20
-41.546209999999995
11
121.1314059999999984
21
-41.546209999999995
0
LINE
8
BLACK
6
CONTINUOUS
10
121.1314059999999984
20
-41.546209999999995
11
121.1854779999999892
21
-41.5686079999999976
0
LINE
8
BLACK
6
CONTINUOUS
10
123.0451269999999937
20
-41.546209999999995
11
123.059978000000001
21
-41.546209999999995
0
LINE
8
BLACK
6
CONTINUOUS
10
123.059978000000001
20
-41.546209999999995
11
123.0735519999999923
21
-41.5518319999999974
0
LINE
8
BLACK
6
CONTINUOUS
10
123.0735519999999923
20
-41.5518319999999974
11
123.087970999999996
21
-41.5546849999999992
0
LINE
8
BLACK
6
CONTINUOUS
10
123.087970999999996
20
-41.5546849999999992
11
123.1003309999999971
21
-41.5629249999999999
0
LINE
8
BLACK
6
CONTINUOUS
10
123.1003309999999971
20
-41.5629249999999999
11
123.1140499999999918
21
-41.5686079999999976
0
LINE
8
BLACK
6
CONTINUOUS
10
123.1140499999999918
20
-41.5686079999999976
11
123.1244389999999953
21
-41.5789970000000011
0
LINE
8
BLACK
6
CONTINUOUS
10
123.1244389999999953
20
-41.5789970000000011
11
123.1366699999999952
21
-41.5871509999999986
0
LINE
8
BLACK
6
CONTINUOUS
10
123.1366699999999952
20
-41.5871509999999986
11
123.1449349999999896
21
-41.5994929999999954
0
LINE
8
BLACK
6
CONTINUOUS
10
123.1449349999999896
20
-41.5994929999999954
11
123.1554339999999996
21
-41.6099919999999983
0
LINE
8
BLACK
6
CONTINUOUS
10
123.1554339999999996
20
-41.6099919999999983
11
123.1610569999999996
21
-41.6235679999999988
0
LINE
8
BLACK
6
CONTINUOUS
10
123.1610569999999996
20
-41.6235679999999988
11
123.1692359999999979
21
-41.6357810000000015
0
LINE
8
BLACK
6
CONTINUOUS
10
123.1692359999999979
20
-41.6357810000000015
11
123.1721479999999929
21
-41.6503429999999994
0
LINE
8
BLACK
6
CONTINUOUS
10
123.1721479999999929
20
-41.6503429999999994
11
123.1778319999999951
21
-41.6640639999999962
0
LINE
8
BLACK
6
CONTINUOUS
10
123.1778319999999951
20
-41.6640639999999962
11
123.1806829999999877
21
-41.6930160000000001
0
LINE
8
BLACK
6
CONTINUOUS
10
123.1806829999999877
20
-41.6930160000000001
11
123.1807139999999947
21
-41.693169999999995
0
LINE
8
BLACK
6
CONTINUOUS
10
123.1807139999999947
20
-41.693169999999995
11
123.1807029999999941
21
-41.6932219999999987
0
LINE
8
BLACK
6
CONTINUOUS
10
123.1807029999999941
20
-41.6932219999999987
11
123.1807139999999947
21
-41.6933280000000011
0
LINE
8
BLACK
6
CONTINUOUS
10
123.1807139999999947
20
-41.6933280000000011
11
123.1807139999999947
21
-43.0433279999999954
0
LINE
8
BLACK
6
CONTINUOUS
10
123.1807139999999947
20
-43.0433279999999954
11
123.4592859999999916
21
-43.0433279999999954
0
LINE
8
BLACK
6
CONTINUOUS
10
123.4592859999999916
20
-43.0433279999999954
11
123.4885499999999894
21
-43.046209999999995
0
LINE
8
BLACK
6
CONTINUOUS
10
123.4885499999999894
20
-43.046209999999995
11
123.5426219999999944
21
-43.0686079999999976
0
LINE
8
BLACK
6
CONTINUOUS
10
123.5426219999999944
20
-43.0686079999999976
11
123.584005999999988
21
-43.1099919999999983
0
LINE
8
BLACK
6
CONTINUOUS
10
123.584005999999988
20
-43.1099919999999983
11
123.6064039999999977
21
-43.1640639999999962
0
LINE
8
BLACK
6
CONTINUOUS
10
123.6064039999999977
20
-43.1640639999999962
11
123.6064039999999977
21
-43.2225919999999988
0
LINE
8
BLACK
6
CONTINUOUS
10
123.6064039999999977
20
-43.2225919999999988
11
123.584005999999988
21
-43.2766639999999967
0
LINE
8
BLACK
6
CONTINUOUS
10
123.584005999999988
20
-43.2766639999999967
11
123.5426219999999944
21
-43.3180479999999974
0
LINE
8
BLACK
6
CONTINUOUS
10
123.5426219999999944
20
-43.3180479999999974
11
123.4885499999999894
21
-43.340446
0
LINE
8
BLACK
6
CONTINUOUS
10
123.4885499999999894
20
-43.340446
11
123.4592859999999916
21
-43.3433279999999996
0
LINE
8
BLACK
6
CONTINUOUS
10
123.4592859999999916
20
-43.3433279999999996
11
122.6021429999999981
21
-43.3433279999999996
0
LINE
8
BLACK
6
CONTINUOUS
10
122.6021429999999981
20
-43.3433279999999996
11
122.5728790000000004
21
-43.340446
0
LINE
8
BLACK
6
CONTINUOUS
10
122.5728790000000004
20
-43.340446
11
122.5188069999999954
21
-43.3180479999999974
0
LINE
8
BLACK
6
CONTINUOUS
10
122.5188069999999954
20
-43.3180479999999974
11
122.4774229999999875
21
-43.2766639999999967
0
LINE
8
BLACK
6
CONTINUOUS
10
122.4774229999999875
20
-43.2766639999999967
11
122.455024999999992
21
-43.2225919999999988
0
LINE
8
BLACK
6
CONTINUOUS
10
122.455024999999992
20
-43.2225919999999988
11
122.455024999999992
21
-43.1640639999999962
0
LINE
8
BLACK
6
CONTINUOUS
10
122.455024999999992
20
-43.1640639999999962
11
122.4774229999999875
21
-43.1099919999999983
0
LINE
8
BLACK
6
CONTINUOUS
10
122.4774229999999875
20
-43.1099919999999983
11
122.5188069999999954
21
-43.0686079999999976
0
LINE
8
BLACK
6
CONTINUOUS
10
122.5188069999999954
20
-43.0686079999999976
11
122.5728790000000004
21
-43.046209999999995
0
LINE
8
BLACK
6
CONTINUOUS
10
122.5728790000000004
20
-43.046209999999995
11
122.6021429999999981
21
-43.0433279999999954
0
LINE
8
BLACK
6
CONTINUOUS
10
122.6021429999999981
20
-43.0433279999999954
11
122.8807139999999976
21
-43.0433279999999954
0
LINE
8
BLACK
6
CONTINUOUS
10
122.8807139999999976
20
-43.0433279999999954
11
122.8807139999999976
21
-42.1268889999999985
0
LINE
8
BLACK
6
CONTINUOUS
10
122.8807139999999976
20
-42.1268889999999985
11
122.8510659999999888
21
-42.1565370000000001
0
LINE
8
BLACK
6
CONTINUOUS
10
122.8510659999999888
20
-42.1565370000000001
11
122.8395639999999958
21
-42.1659760000000006
0
LINE
8
BLACK
6
CONTINUOUS
10
122.8395639999999958
20
-42.1659760000000006
11
122.8369679999999988
21
-42.1689700000000016
0
LINE
8
BLACK
6
CONTINUOUS
10
122.8369679999999988
20
-42.1689700000000016
11
122.8324539999999985
21
-42.1718100000000007
0
LINE
8
BLACK
6
CONTINUOUS
10
122.8324539999999985
20
-42.1718100000000007
11
122.8283349999999956
21
-42.1751919999999956
0
LINE
8
BLACK
6
CONTINUOUS
10
122.8283349999999956
20
-42.1751919999999956
11
122.8246749999999992
21
-42.1767070000000004
0
LINE
8
BLACK
6
CONTINUOUS
10
122.8246749999999992
20
-42.1767070000000004
11
122.8120819999999895
21
-42.1846350000000001
0
LINE
8
BLACK
6
CONTINUOUS
10
122.8120819999999895
20
-42.1846350000000001
11
122.6692249999999973
21
-42.256063999999995
0
LINE
8
BLACK
6
CONTINUOUS
10
122.6692249999999973
20
-42.256063999999995
11
122.6417619999999999
21
-42.2665730000000011
0
LINE
8
BLACK
6
CONTINUOUS
10
122.6417619999999999
20
-42.2665730000000011
11
122.5833820000000003
21
-42.2707219999999992
0
LINE
8
BLACK
6
CONTINUOUS
10
122.5833820000000003
20
-42.2707219999999992
11
122.5278589999999923
21
-42.2522149999999996
0
LINE
8
BLACK
6
CONTINUOUS
10
122.5278589999999923
20
-42.2522149999999996
11
122.4836439999999982
21
-42.2138679999999979
0
LINE
8
BLACK
6
CONTINUOUS
10
122.4836439999999982
20
-42.2138679999999979
11
122.4574700000000007
21
-42.1615189999999984
0
LINE
8
BLACK
6
CONTINUOUS
10
122.4574700000000007
20
-42.1615189999999984
11
122.4533209999999883
21
-42.1031389999999988
0
LINE
8
BLACK
6
CONTINUOUS
10
122.4533209999999883
20
-42.1031389999999988
11
122.4718279999999879
21
-42.0476159999999979
0
LINE
8
BLACK
6
CONTINUOUS
10
122.4718279999999879
20
-42.0476159999999979
11
122.5101749999999896
21
-42.0034009999999967
0
LINE
8
BLACK
6
CONTINUOUS
10
122.5101749999999896
20
-42.0034009999999967
11
122.5350609999999989
21
-41.9877359999999982
0
LINE
8
BLACK
6
CONTINUOUS
10
122.5350609999999989
20
-41.9877359999999982
11
122.6561459999999926
21
-41.927191999999998
0
LINE
8
BLACK
6
CONTINUOUS
10
122.6561459999999926
20
-41.927191999999998
11
122.7712870000000009
21
-41.8120509999999967
0
LINE
8
BLACK
6
CONTINUOUS
10
122.7712870000000009
20
-41.8120509999999967
11
122.9059069999999991
21
-41.6101230000000015
0
LINE
8
BLACK
6
CONTINUOUS
10
122.9059069999999991
20
-41.6101230000000015
11
122.9059729999999888
21
-41.610042
0
LINE
8
BLACK
6
CONTINUOUS
10
122.9059729999999888
20
-41.610042
11
122.9059939999999926
21
-41.6099919999999983
0
LINE
8
BLACK
6
CONTINUOUS
10
122.9059939999999926
20
-41.6099919999999983
11
122.9061049999999966
21
-41.6098799999999969
0
LINE
8
BLACK
6
CONTINUOUS
10
122.9061049999999966
20
-41.6098799999999969
11
122.9245370000000008
21
-41.5873719999999949
0
LINE
8
BLACK
6
CONTINUOUS
10
122.9245370000000008
20
-41.5873719999999949
11
122.9368789999999905
21
-41.5791059999999959
0
LINE
8
BLACK
6
CONTINUOUS
10
122.9368789999999905
20
-41.5791059999999959
11
122.9473780000000005
21
-41.5686079999999976
0
LINE
8
BLACK
6
CONTINUOUS
10
122.9473780000000005
20
-41.5686079999999976
11
122.960954000000001
21
-41.5629840000000002
0
LINE
8
BLACK
6
CONTINUOUS
10
122.960954000000001
20
-41.5629840000000002
11
122.9731669999999895
21
-41.5548059999999992
0
LINE
8
BLACK
6
CONTINUOUS
10
122.9731669999999895
20
-41.5548059999999992
11
122.9877279999999899
21
-41.5518929999999997
0
LINE
8
BLACK
6
CONTINUOUS
10
122.9877279999999899
20
-41.5518929999999997
11
123.0014499999999913
21
-41.546209999999995
0
LINE
8
BLACK
6
CONTINUOUS
10
123.0014499999999913
20
-41.546209999999995
11
123.0161469999999895
21
-41.546209999999995
0
LINE
8
BLACK
6
CONTINUOUS
10
123.0161469999999895
20
-41.546209999999995
11
123.0305569999999875
21
-41.5433279999999954
0
LINE
8
BLACK
6
CONTINUOUS
10
123.0305569999999875
20
-41.5433279999999954
11
123.0451269999999937
21
-41.546209999999995
0
LINE
8
BLACK
6
CONTINUOUS
10
39.0399999999999991
20
-33.5
11
36.0399999999999991
21
-33.5
0
LINE
8
BLACK
6
CONTINUOUS
10
36.0399999999999991
20
-33.5
11
36.0399999999999991
21
-30.5
0
LINE
8
BLACK
6
CONTINUOUS
10
36.0399999999999991
20
-30.5
11
39.0399999999999991
21
-30.5
0
LINE
8
BLACK
6
CONTINUOUS
10
39.0399999999999991
20
-30.5
11
39.0399999999999991
21
-33.5
0
LINE
8
BLACK
6
CONTINUOUS
10
32.8101679999999973
20
-30.5414449999999995
11
33.0340249999999997
21
-30.6141809999999985
0
LINE
8
BLACK
6
CONTINUOUS
10
33.0340249999999997
20
-30.6141809999999985
11
33.2437479999999965
21
-30.7210399999999986
0
LINE
8
BLACK
6
CONTINUOUS
10
33.2437479999999965
20
-30.7210399999999986
11
33.4341719999999967
21
-30.8593909999999987
0
LINE
8
BLACK
6
CONTINUOUS
10
33.4341719999999967
20
-30.8593909999999987
11
33.6006089999999986
21
-31.0258279999999971
0
LINE
8
BLACK
6
CONTINUOUS
10
33.6006089999999986
20
-31.0258279999999971
11
33.7389599999999987
21
-31.2162519999999972
0
LINE
8
BLACK
6
CONTINUOUS
10
33.7389599999999987
20
-31.2162519999999972
11
33.8458189999999988
21
-31.4259749999999976
0
LINE
8
BLACK
6
CONTINUOUS
10
33.8458189999999988
20
-31.4259749999999976
11
33.9185549999999978
21
-31.649832
0
LINE
8
BLACK
6
CONTINUOUS
10
33.9185549999999978
20
-31.649832
11
33.9553760000000011
21
-31.8823109999999978
0
LINE
8
BLACK
6
CONTINUOUS
10
33.9553760000000011
20
-31.8823109999999978
11
33.9553760000000011
21
-32.1176889999999986
0
LINE
8
BLACK
6
CONTINUOUS
10
33.9553760000000011
20
-32.1176889999999986
11
33.9185549999999978
21
-32.3501679999999965
0
LINE
8
BLACK
6
CONTINUOUS
10
33.9185549999999978
20
-32.3501679999999965
11
33.8458189999999988
21
-32.5740249999999989
0
LINE
8
BLACK
6
CONTINUOUS
10
33.8458189999999988
20
-32.5740249999999989
11
33.7389599999999987
21
-32.7837479999999957
0
LINE
8
BLACK
6
CONTINUOUS
10
33.7389599999999987
20
-32.7837479999999957
11
33.6006089999999986
21
-32.9741719999999958
0
LINE
8
BLACK
6
CONTINUOUS
10
33.6006089999999986
20
-32.9741719999999958
11
33.4341719999999967
21
-33.1406089999999978
0
LINE
8
BLACK
6
CONTINUOUS
10
33.4341719999999967
20
-33.1406089999999978
11
33.2437479999999965
21
-33.2789599999999979
0
LINE
8
BLACK
6
CONTINUOUS
10
33.2437479999999965
20
-33.2789599999999979
11
33.0340249999999997
21
-33.3858189999999979
0
LINE
8
BLACK
6
CONTINUOUS
10
33.0340249999999997
20
-33.3858189999999979
11
32.8101679999999973
21
-33.4585549999999969
0
LINE
8
BLACK
6
CONTINUOUS
10
32.8101679999999973
20
-33.4585549999999969
11
32.5776889999999995
21
-33.4953760000000003
0
LINE
8
BLACK
6
CONTINUOUS
10
32.5776889999999995
20
-33.4953760000000003
11
32.3423109999999951
21
-33.4953760000000003
0
LINE
8
BLACK
6
CONTINUOUS
10
32.3423109999999951
20
-33.4953760000000003
11
32.1098319999999973
21
-33.4585549999999969
0
LINE
8
BLACK
6
CONTINUOUS
10
32.1098319999999973
20
-33.4585549999999969
11
31.8859749999999984
21
-33.3858189999999979
0
LINE
8
BLACK
6
CONTINUOUS
10
31.8859749999999984
20
-33.3858189999999979
11
31.6762519999999981
21
-33.2789599999999979
0
LINE
8
BLACK
6
CONTINUOUS
10
31.6762519999999981
20
-33.2789599999999979
11
31.4858279999999979
21
-33.1406089999999978
0
LINE
8
BLACK
6
CONTINUOUS
10
31.4858279999999979
20
-33.1406089999999978
11
31.3193909999999995
21
-32.9741719999999958
0
LINE
8
BLACK
6
CONTINUOUS
10
31.3193909999999995
20
-32.9741719999999958
11
31.1810399999999994
21
-32.7837479999999957
0
LINE
8
BLACK
6
CONTINUOUS
10
31.1810399999999994
20
-32.7837479999999957
11
31.0741809999999994
21
-32.5740249999999989
0
LINE
8
BLACK
6
CONTINUOUS
10
31.0741809999999994
20
-32.5740249999999989
11
31.0014450000000004
21
-32.3501679999999965
0
LINE
8
BLACK
6
CONTINUOUS
10
31.0014450000000004
20
-32.3501679999999965
11
30.964623999999997
21
-32.1176889999999986
0
LINE
8
BLACK
6
CONTINUOUS
10
30.964623999999997
20
-32.1176889999999986
11
30.964623999999997
21
-31.8823109999999978
0
LINE
8
BLACK
6
CONTINUOUS
10
30.964623999999997
20
-31.8823109999999978
11
31.0014450000000004
21
-31.649832
0
LINE
8
BLACK
6
CONTINUOUS
10
31.0014450000000004
20
-31.649832
11
31.0741809999999994
21
-31.4259749999999976
0
LINE
8
BLACK
6
CONTINUOUS
10
31.0741809999999994
20
-31.4259749999999976
11
31.1810399999999994
21
-31.2162519999999972
0
LINE
8
BLACK
6
CONTINUOUS
10
31.1810399999999994
20
-31.2162519999999972
11
31.3193909999999995
21
-31.0258279999999971
0
LINE
8
BLACK
6
CONTINUOUS
10
31.3193909999999995
20
-31.0258279999999971
11
31.4858279999999979
21
-30.8593909999999987
0
LINE
8
BLACK
6
CONTINUOUS
10
31.4858279999999979
20
-30.8593909999999987
11
31.6762519999999981
21
-30.7210399999999986
0
LINE
8
BLACK
6
CONTINUOUS
10
31.6762519999999981
20
-30.7210399999999986
11
31.8859749999999984
21
-30.6141809999999985
0
LINE
8
BLACK
6
CONTINUOUS
10
31.8859749999999984
20
-30.6141809999999985
11
32.1098319999999973
21
-30.5414449999999995
0
LINE
8
BLACK
6
CONTINUOUS
10
32.1098319999999973
20
-30.5414449999999995
11
32.3423109999999951
21
-30.5046239999999997
0
LINE
8
BLACK
6
CONTINUOUS
10
32.3423109999999951
20
-30.5046239999999997
11
32.5776889999999995
21
-30.5046239999999997
0
LINE
8
BLACK
6
CONTINUOUS
10
32.5776889999999995
20
-30.5046239999999997
11
32.8101679999999973
21
-30.5414449999999995
0
LINE
8
BLACK
6
CONTINUOUS
10
152.4201679999999897
20
-30.5414449999999995
11
152.6440249999999992
21
-30.6141809999999985
0
LINE
8
BLACK
6
CONTINUOUS
10
152.6440249999999992
20
-30.6141809999999985
11
152.853747999999996
21
-30.7210399999999986
0
LINE
8
BLACK
6
CONTINUOUS
10
152.853747999999996
20
-30.7210399999999986
11
153.0441720000000032
21
-30.8593909999999987
0
LINE
8
BLACK
6
CONTINUOUS
10
153.0441720000000032
20
-30.8593909999999987
11
153.2106090000000052
21
-31.0258279999999971
0
LINE
8
BLACK
6
CONTINUOUS
10
153.2106090000000052
20
-31.0258279999999971
11
153.3489600000000053
21
-31.2162519999999972
0
LINE
8
BLACK
6
CONTINUOUS
10
153.3489600000000053
20
-31.2162519999999972
11
153.4558189999999911
21
-31.4259749999999976
0
LINE
8
BLACK
6
CONTINUOUS
10
153.4558189999999911
20
-31.4259749999999976
11
153.528554999999983
21
-31.649832
0
LINE
8
BLACK
6
CONTINUOUS
10
153.528554999999983
20
-31.649832
11
153.5653759999999863
21
-31.8823109999999978
0
LINE
8
BLACK
6
CONTINUOUS
10
153.5653759999999863
20
-31.8823109999999978
11
153.5653759999999863
21
-32.1176889999999986
0
LINE
8
BLACK
6
CONTINUOUS
10
153.5653759999999863
20
-32.1176889999999986
11
153.528554999999983
21
-32.3501679999999965
0
LINE
8
BLACK
6
CONTINUOUS
10
153.528554999999983
20
-32.3501679999999965
11
153.4558189999999911
21
-32.5740249999999989
0
LINE
8
BLACK
6
CONTINUOUS
10
153.4558189999999911
20
-32.5740249999999989
11
153.3489600000000053
21
-32.7837479999999957
0
LINE
8
BLACK
6
CONTINUOUS
10
153.3489600000000053
20
-32.7837479999999957
11
153.2106090000000052
21
-32.9741719999999958
0
LINE
8
BLACK
6
CONTINUOUS
10
153.2106090000000052
20
-32.9741719999999958
11
153.0441720000000032
21
-33.1406089999999978
0
LINE
8
BLACK
6
CONTINUOUS
10
153.0441720000000032
20
-33.1406089999999978
11
152.853747999999996
21
-33.2789599999999979
0
LINE
8
BLACK
6
CONTINUOUS
10
152.853747999999996
20
-33.2789599999999979
11
152.6440249999999992
21
-33.3858189999999979
0
LINE
8
BLACK
6
CONTINUOUS
10
152.6440249999999992
20
-33.3858189999999979
11
152.4201679999999897
21
-33.4585549999999969
0
LINE
8
BLACK
6
CONTINUOUS
10
152.4201679999999897
20
-33.4585549999999969
11
152.187689000000006
21
-33.4953760000000003
0
LINE
8
BLACK
6
CONTINUOUS
10
152.187689000000006
20
-33.4953760000000003
11
151.9523109999999804
21
-33.4953760000000003
0
LINE
8
BLACK
6
CONTINUOUS
10
151.9523109999999804
20
-33.4953760000000003
11
151.7198319999999967
21
-33.4585549999999969
0
LINE
8
BLACK
6
CONTINUOUS
10
151.7198319999999967
20
-33.4585549999999969
11
151.4959749999999872
21
-33.3858189999999979
0
LINE
8
BLACK
6
CONTINUOUS
10
151.4959749999999872
20
-33.3858189999999979
11
151.2862519999999904
21
-33.2789599999999979
0
LINE
8
BLACK
6
CONTINUOUS
10
151.2862519999999904
20
-33.2789599999999979
11
151.0958279999999831
21
-33.1406089999999978
0
LINE
8
BLACK
6
CONTINUOUS
10
151.0958279999999831
20
-33.1406089999999978
11
150.9293909999999812
21
-32.9741719999999958
0
LINE
8
BLACK
6
CONTINUOUS
10
150.9293909999999812
20
-32.9741719999999958
11
150.7910399999999811
21
-32.7837479999999957
0
LINE
8
BLACK
6
CONTINUOUS
10
150.7910399999999811
20
-32.7837479999999957
11
150.6841809999999953
21
-32.5740249999999989
0
LINE
8
BLACK
6
CONTINUOUS
10
150.6841809999999953
20
-32.5740249999999989
11
150.6114450000000033
21
-32.3501679999999965
0
LINE
8
BLACK
6
CONTINUOUS
10
150.6114450000000033
20
-32.3501679999999965
11
150.574624
21
-32.1176889999999986
0
LINE
8
BLACK
6
CONTINUOUS
10
150.574624
20
-32.1176889999999986
11
150.574624
21
-31.8823109999999978
0
LINE
8
BLACK
6
CONTINUOUS
10
150.574624
20
-31.8823109999999978
11
150.6114450000000033
21
-31.649832
0
LINE
8
BLACK
6
CONTINUOUS
10
150.6114450000000033
20
-31.649832
11
150.6841809999999953
21
-31.4259749999999976
0
LINE
8
BLACK
6
CONTINUOUS
10
150.6841809999999953
20
-31.4259749999999976
11
150.7910399999999811
21
-31.2162519999999972
0
LINE
8
BLACK
6
CONTINUOUS
10
150.7910399999999811
20
-31.2162519999999972
11
150.9293909999999812
21
-31.0258279999999971
0
LINE
8
BLACK
6
CONTINUOUS
10
150.9293909999999812
20
-31.0258279999999971
11
151.0958279999999831
21
-30.8593909999999987
0
LINE
8
BLACK
6
CONTINUOUS
10
151.0958279999999831
20
-30.8593909999999987
11
151.2862519999999904
21
-30.7210399999999986
0
LINE
8
BLACK
6
CONTINUOUS
10
151.2862519999999904
20
-30.7210399999999986
11
151.4959749999999872
21
-30.6141809999999985
0
LINE
8
BLACK
6
CONTINUOUS
10
151.4959749999999872
20
-30.6141809999999985
11
151.7198319999999967
21
-30.5414449999999995
0
LINE
8
BLACK
6
CONTINUOUS
10
151.7198319999999967
20
-30.5414449999999995
11
151.9523109999999804
21
-30.5046239999999997
0
LINE
8
BLACK
6
CONTINUOUS
10
151.9523109999999804
20
-30.5046239999999997
11
152.187689000000006
21
-30.5046239999999997
0
LINE
8
BLACK
6
CONTINUOUS
10
152.187689000000006
20
-30.5046239999999997
11
152.4201679999999897
21
-30.5414449999999995
0
LINE
8
BLACK
6
CONTINUOUS
10
90.5540499999999895
20
-29.8536079999999977
11
90.5954339999999974
21
-29.8949919999999985
0
LINE
8
BLACK
6
CONTINUOUS
10
90.5954339999999974
20
-29.8949919999999985
11
90.6178319999999928
21
-29.9490639999999999
0
LINE
8
BLACK
6
CONTINUOUS
10
90.6178319999999928
20
-29.9490639999999999
11
90.6207139999999924
21
-29.9783279999999976
0
LINE
8
BLACK
6
CONTINUOUS
10
90.6207139999999924
20
-29.9783279999999976
11
90.6207139999999924
21
-31.3283279999999991
0
LINE
8
BLACK
6
CONTINUOUS
10
90.6207139999999924
20
-31.3283279999999991
11
91.1850000000000023
21
-31.3283279999999991
0
LINE
8
BLACK
6
CONTINUOUS
10
91.1850000000000023
20
-31.3283279999999991
11
91.214264
21
-31.3312099999999987
0
LINE
8
BLACK
6
CONTINUOUS
10
91.214264
20
-31.3312099999999987
11
91.2683359999999908
21
-31.3536079999999977
0
LINE
8
BLACK
6
CONTINUOUS
10
91.2683359999999908
20
-31.3536079999999977
11
91.3097199999999987
21
-31.3949919999999985
0
LINE
8
BLACK
6
CONTINUOUS
10
91.3097199999999987
20
-31.3949919999999985
11
91.3321179999999941
21
-31.4490639999999999
0
LINE
8
BLACK
6
CONTINUOUS
10
91.3321179999999941
20
-31.4490639999999999
11
91.3321179999999941
21
-31.5075919999999989
0
LINE
8
BLACK
6
CONTINUOUS
10
91.3321179999999941
20
-31.5075919999999989
11
91.3097199999999987
21
-31.5616639999999968
0
LINE
8
BLACK
6
CONTINUOUS
10
91.3097199999999987
20
-31.5616639999999968
11
91.2683359999999908
21
-31.6030479999999976
0
LINE
8
BLACK
6
CONTINUOUS
10
91.2683359999999908
20
-31.6030479999999976
11
91.214264
21
-31.6254460000000002
0
LINE
8
BLACK
6
CONTINUOUS
10
91.214264
20
-31.6254460000000002
11
91.1850000000000023
21
-31.6283279999999998
0
LINE
8
BLACK
6
CONTINUOUS
10
91.1850000000000023
20
-31.6283279999999998
11
90.470714000000001
21
-31.6283279999999998
0
LINE
8
BLACK
6
CONTINUOUS
10
90.470714000000001
20
-31.6283279999999998
11
90.441449999999989
21
-31.6254460000000002
0
LINE
8
BLACK
6
CONTINUOUS
10
90.441449999999989
20
-31.6254460000000002
11
90.3873779999999982
21
-31.6030479999999976
0
LINE
8
BLACK
6
CONTINUOUS
10
90.3873779999999982
20
-31.6030479999999976
11
90.3459939999999904
21
-31.5616639999999968
0
LINE
8
BLACK
6
CONTINUOUS
10
90.3459939999999904
20
-31.5616639999999968
11
90.3235959999999949
21
-31.5075919999999989
0
LINE
8
BLACK
6
CONTINUOUS
10
90.3235959999999949
20
-31.5075919999999989
11
90.3207139999999953
21
-31.4783279999999976
0
LINE
8
BLACK
6
CONTINUOUS
10
90.3207139999999953
20
-31.4783279999999976
11
90.3207139999999953
21
-29.9783279999999976
0
LINE
8
BLACK
6
CONTINUOUS
10
90.3207139999999953
20
-29.9783279999999976
11
90.3235959999999949
21
-29.9490639999999999
0
LINE
8
BLACK
6
CONTINUOUS
10
90.3235959999999949
20
-29.9490639999999999
11
90.3459939999999904
21
-29.8949919999999985
0
LINE
8
BLACK
6
CONTINUOUS
10
90.3459939999999904
20
-29.8949919999999985
11
90.3873779999999982
21
-29.8536079999999977
0
LINE
8
BLACK
6
CONTINUOUS
10
90.3873779999999982
20
-29.8536079999999977
11
90.441449999999989
21
-29.8312099999999987
0
LINE
8
BLACK
6
CONTINUOUS
10
90.441449999999989
20
-29.8312099999999987
11
90.4999779999999987
21
-29.8312099999999987
0
LINE
8
BLACK
6
CONTINUOUS
10
90.4999779999999987
20
-29.8312099999999987
11
90.5540499999999895
21
-29.8536079999999977
0
LINE
8
BLACK
6
CONTINUOUS
10
92.0565560000000005
20
-29.8312099999999987
11
92.0714069999999936
21
-29.8312099999999987
0
LINE
8
BLACK
6
CONTINUOUS
10
92.0714069999999936
20
-29.8312099999999987
11
92.0849809999999991
21
-29.8368319999999976
0
LINE
8
BLACK
6
CONTINUOUS
10
92.0849809999999991
20
-29.8368319999999976
11
92.0994000000000028
21
-29.8396849999999993
0
LINE
8
BLACK
6
CONTINUOUS
10
92.0994000000000028
20
-29.8396849999999993
11
92.1117599999999896
21
-29.847925
0
LINE
8
BLACK
6
CONTINUOUS
10
92.1117599999999896
20
-29.847925
11
92.1254789999999986
21
-29.8536079999999977
0
LINE
8
BLACK
6
CONTINUOUS
10
92.1254789999999986
20
-29.8536079999999977
11
92.1358680000000021
21
-29.8639969999999977
0
LINE
8
BLACK
6
CONTINUOUS
10
92.1358680000000021
20
-29.8639969999999977
11
92.148099000000002
21
-29.8721509999999988
0
LINE
8
BLACK
6
CONTINUOUS
10
92.148099000000002
20
-29.8721509999999988
11
92.1563639999999964
21
-29.8844929999999991
0
LINE
8
BLACK
6
CONTINUOUS
10
92.1563639999999964
20
-29.8844929999999991
11
92.1668629999999922
21
-29.8949919999999985
0
LINE
8
BLACK
6
CONTINUOUS
10
92.1668629999999922
20
-29.8949919999999985
11
92.1724859999999921
21
-29.9085679999999989
0
LINE
8
BLACK
6
CONTINUOUS
10
92.1724859999999921
20
-29.9085679999999989
11
92.1806649999999905
21
-29.9207809999999981
0
LINE
8
BLACK
6
CONTINUOUS
10
92.1806649999999905
20
-29.9207809999999981
11
92.1835769999999997
21
-29.9353429999999996
0
LINE
8
BLACK
6
CONTINUOUS
10
92.1835769999999997
20
-29.9353429999999996
11
92.1892610000000019
21
-29.9490639999999999
0
LINE
8
BLACK
6
CONTINUOUS
10
92.1892610000000019
20
-29.9490639999999999
11
92.1921119999999945
21
-29.9780160000000002
0
LINE
8
BLACK
6
CONTINUOUS
10
92.1921119999999945
20
-29.9780160000000002
11
92.1921430000000015
21
-29.9781699999999987
0
LINE
8
BLACK
6
CONTINUOUS
10
92.1921430000000015
20
-29.9781699999999987
11
92.1921320000000009
21
-29.9782219999999988
0
LINE
8
BLACK
6
CONTINUOUS
10
92.1921320000000009
20
-29.9782219999999988
11
92.1921430000000015
21
-29.9783279999999976
0
LINE
8
BLACK
6
CONTINUOUS
10
92.1921430000000015
20
-29.9783279999999976
11
92.1921430000000015
21
-31.3283279999999991
0
LINE
8
BLACK
6
CONTINUOUS
10
92.1921430000000015
20
-31.3283279999999991
11
92.4707149999999984
21
-31.3283279999999991
0
LINE
8
BLACK
6
CONTINUOUS
10
92.4707149999999984
20
-31.3283279999999991
11
92.4999789999999962
21
-31.3312099999999987
0
LINE
8
BLACK
6
CONTINUOUS
10
92.4999789999999962
20
-31.3312099999999987
11
92.5540510000000012
21
-31.3536079999999977
0
LINE
8
BLACK
6
CONTINUOUS
10
92.5540510000000012
20
-31.3536079999999977
11
92.5954349999999948
21
-31.3949919999999985
0
LINE
8
BLACK
6
CONTINUOUS
10
92.5954349999999948
20
-31.3949919999999985
11
92.6178329999999903
21
-31.4490639999999999
0
LINE
8
BLACK
6
CONTINUOUS
10
92.6178329999999903
20
-31.4490639999999999
11
92.6178329999999903
21
-31.5075919999999989
0
LINE
8
BLACK
6
CONTINUOUS
10
92.6178329999999903
20
-31.5075919999999989
11
92.5954349999999948
21
-31.5616639999999968
0
LINE
8
BLACK
6
CONTINUOUS
10
92.5954349999999948
20
-31.5616639999999968
11
92.5540510000000012
21
-31.6030479999999976
0
LINE
8
BLACK
6
CONTINUOUS
10
92.5540510000000012
20
-31.6030479999999976
11
92.4999789999999962
21
-31.6254460000000002
0
LINE
8
BLACK
6
CONTINUOUS
10
92.4999789999999962
20
-31.6254460000000002
11
92.4707149999999984
21
-31.6283279999999998
0
LINE
8
BLACK
6
CONTINUOUS
10
92.4707149999999984
20
-31.6283279999999998
11
91.6135719999999907
21
-31.6283279999999998
0
LINE
8
BLACK
6
CONTINUOUS
10
91.6135719999999907
20
-31.6283279999999998
11
91.5843079999999929
21
-31.6254460000000002
0
LINE
8
BLACK
6
CONTINUOUS
10
91.5843079999999929
20
-31.6254460000000002
11
91.5302360000000022
21
-31.6030479999999976
0
LINE
8
BLACK
6
CONTINUOUS
10
91.5302360000000022
20
-31.6030479999999976
11
91.4888519999999943
21
-31.5616639999999968
0
LINE
8
BLACK
6
CONTINUOUS
10
91.4888519999999943
20
-31.5616639999999968
11
91.4664539999999988
21
-31.5075919999999989
0
LINE
8
BLACK
6
CONTINUOUS
10
91.4664539999999988
20
-31.5075919999999989
11
91.4664539999999988
21
-31.4490639999999999
0
LINE
8
BLACK
6
CONTINUOUS
10
91.4664539999999988
20
-31.4490639999999999
11
91.4888519999999943
21
-31.3949919999999985
0
LINE
8
BLACK
6
CONTINUOUS
10
91.4888519999999943
20
-31.3949919999999985
11
91.5302360000000022
21
-31.3536079999999977
0
LINE
8
BLACK
6
CONTINUOUS
10
91.5302360000000022
20
-31.3536079999999977
11
91.5843079999999929
21
-31.3312099999999987
0
LINE
8
BLACK
6
CONTINUOUS
10
91.5843079999999929
20
-31.3312099999999987
11
91.6135719999999907
21
-31.3283279999999991
0
LINE
8
BLACK
6
CONTINUOUS
10
91.6135719999999907
20
-31.3283279999999991
11
91.8921429999999901
21
-31.3283279999999991
0
LINE
8
BLACK
6
CONTINUOUS
10
91.8921429999999901
20
-31.3283279999999991
11
91.8921429999999901
21
-30.4118889999999986
0
LINE
8
BLACK
6
CONTINUOUS
10
91.8921429999999901
20
-30.4118889999999986
11
91.8624949999999956
21
-30.4415370000000003
0
LINE
8
BLACK
6
CONTINUOUS
10
91.8624949999999956
20
-30.4415370000000003
11
91.8509930000000026
21
-30.4509759999999972
0
LINE
8
BLACK
6
CONTINUOUS
10
91.8509930000000026
20
-30.4509759999999972
11
91.8483969999999914
21
-30.4539699999999982
0
LINE
8
BLACK
6
CONTINUOUS
10
91.8483969999999914
20
-30.4539699999999982
11
91.8438829999999911
21
-30.4568099999999973
0
LINE
8
BLACK
6
CONTINUOUS
10
91.8438829999999911
20
-30.4568099999999973
11
91.8397640000000024
21
-30.4601919999999993
0
LINE
8
BLACK
6
CONTINUOUS
10
91.8397640000000024
20
-30.4601919999999993
11
91.8361039999999917
21
-30.461706999999997
0
LINE
8
BLACK
6
CONTINUOUS
10
91.8361039999999917
20
-30.461706999999997
11
91.8235109999999963
21
-30.4696350000000002
0
LINE
8
BLACK
6
CONTINUOUS
10
91.8235109999999963
20
-30.4696350000000002
11
91.6806539999999899
21
-30.5410639999999987
0
LINE
8
BLACK
6
CONTINUOUS
10
91.6806539999999899
20
-30.5410639999999987
11
91.6531909999999925
21
-30.5515729999999976
0
LINE
8
BLACK
6
CONTINUOUS
10
91.6531909999999925
20
-30.5515729999999976
11
91.5948109999999929
21
-30.5557219999999994
0
LINE
8
BLACK
6
CONTINUOUS
10
91.5948109999999929
20
-30.5557219999999994
11
91.5392879999999991
21
-30.5372149999999998
0
LINE
8
BLACK
6
CONTINUOUS
10
91.5392879999999991
20
-30.5372149999999998
11
91.4950729999999908
21
-30.4988679999999981
0
LINE
8
BLACK
6
CONTINUOUS
10
91.4950729999999908
20
-30.4988679999999981
11
91.4688989999999933
21
-30.4465189999999986
0
LINE
8
BLACK
6
CONTINUOUS
10
91.4688989999999933
20
-30.4465189999999986
11
91.4647499999999951
21
-30.3881389999999989
0
LINE
8
BLACK
6
CONTINUOUS
10
91.4647499999999951
20
-30.3881389999999989
11
91.4832569999999947
21
-30.332615999999998
0
LINE
8
BLACK
6
CONTINUOUS
10
91.4832569999999947
20
-30.332615999999998
11
91.5216039999999964
21
-30.2884010000000004
0
LINE
8
BLACK
6
CONTINUOUS
10
91.5216039999999964
20
-30.2884010000000004
11
91.5464899999999915
21
-30.2727359999999983
0
LINE
8
BLACK
6
CONTINUOUS
10
91.5464899999999915
20
-30.2727359999999983
11
91.6675749999999994
21
-30.2121919999999982
0
LINE
8
BLACK
6
CONTINUOUS
10
91.6675749999999994
20
-30.2121919999999982
11
91.7827159999999935
21
-30.0970509999999969
0
LINE
8
BLACK
6
CONTINUOUS
10
91.7827159999999935
20
-30.0970509999999969
11
91.9173359999999917
21
-29.8951229999999981
0
LINE
8
BLACK
6
CONTINUOUS
10
91.9173359999999917
20
-29.8951229999999981
11
91.9174019999999956
21
-29.8950420000000001
0
LINE
8
BLACK
6
CONTINUOUS
10
91.9174019999999956
20
-29.8950420000000001
11
91.9174229999999994
21
-29.8949919999999985
0
LINE
8
BLACK
6
CONTINUOUS
10
91.9174229999999994
20
-29.8949919999999985
11
91.9175339999999892
21
-29.894879999999997
0
LINE
8
BLACK
6
CONTINUOUS
10
91.9175339999999892
20
-29.894879999999997
11
91.9359659999999934
21
-29.8723719999999986
0
LINE
8
BLACK
6
CONTINUOUS
10
91.9359659999999934
20
-29.8723719999999986
11
91.9483079999999973
21
-29.8641059999999996
0
LINE
8
BLACK
6
CONTINUOUS
10
91.9483079999999973
20
-29.8641059999999996
11
91.9588069999999931
21
-29.8536079999999977
0
LINE
8
BLACK
6
CONTINUOUS
10
91.9588069999999931
20
-29.8536079999999977
11
91.9723829999999936
21
-29.8479840000000003
0
LINE
8
BLACK
6
CONTINUOUS
10
91.9723829999999936
20
-29.8479840000000003
11
91.9845959999999963
21
-29.8398059999999994
0
LINE
8
BLACK
6
CONTINUOUS
10
91.9845959999999963
20
-29.8398059999999994
11
91.9991569999999967
21
-29.8368929999999999
0
LINE
8
BLACK
6
CONTINUOUS
10
91.9991569999999967
20
-29.8368929999999999
11
92.0128789999999981
21
-29.8312099999999987
0
LINE
8
BLACK
6
CONTINUOUS
10
92.0128789999999981
20
-29.8312099999999987
11
92.0275759999999963
21
-29.8312099999999987
0
LINE
8
BLACK
6
CONTINUOUS
10
92.0275759999999963
20
-29.8312099999999987
11
92.0419859999999943
21
-29.8283279999999991
0
LINE
8
BLACK
6
CONTINUOUS
10
92.0419859999999943
20
-29.8283279999999991
11
92.0565560000000005
21
-29.8312099999999987
0
LINE
8
BLACK
6
CONTINUOUS
10
34.5833359999999956
20
-25.3286079999999991
11
34.6247199999999964
21
-25.3699919999999999
0
LINE
8
BLACK
6
CONTINUOUS
10
34.6247199999999964
20
-25.3699919999999999
11
34.647117999999999
21
-25.4240639999999978
0
LINE
8
BLACK
6
CONTINUOUS
10
34.647117999999999
20
-25.4240639999999978
11
34.6499999999999986
21
-25.4533279999999991
0
LINE
8
BLACK
6
CONTINUOUS
10
34.6499999999999986
20
-25.4533279999999991
11
34.6499999999999986
21
-26.5247569999999975
0
LINE
8
BLACK
6
CONTINUOUS
10
34.6499999999999986
20
-26.5247569999999975
11
34.6485410000000016
21
-26.5395679999999992
0
LINE
8
BLACK
6
CONTINUOUS
10
34.6485410000000016
20
-26.5395679999999992
11
34.6488219999999956
21
-26.5435179999999988
0
LINE
8
BLACK
6
CONTINUOUS
10
34.6488219999999956
20
-26.5435179999999988
11
34.6476399999999956
21
-26.5487119999999983
0
LINE
8
BLACK
6
CONTINUOUS
10
34.6476399999999956
20
-26.5487119999999983
11
34.647117999999999
21
-26.5540209999999988
0
LINE
8
BLACK
6
CONTINUOUS
10
34.647117999999999
20
-26.5540209999999988
11
34.6456009999999992
21
-26.5576819999999998
0
LINE
8
BLACK
6
CONTINUOUS
10
34.6456009999999992
20
-26.5576819999999998
11
34.6423020000000008
21
-26.5721919999999976
0
LINE
8
BLACK
6
CONTINUOUS
10
34.6423020000000008
20
-26.5721919999999976
11
34.5708729999999989
21
-26.7864769999999979
0
LINE
8
BLACK
6
CONTINUOUS
10
34.5708729999999989
20
-26.7864769999999979
11
34.5588849999999965
21
-26.8133269999999975
0
LINE
8
BLACK
6
CONTINUOUS
10
34.5588849999999965
20
-26.8133269999999975
11
34.5553540000000012
21
-26.8173969999999997
0
LINE
8
BLACK
6
CONTINUOUS
10
34.5553540000000012
20
-26.8173969999999997
11
34.553291999999999
21
-26.8223769999999995
0
LINE
8
BLACK
6
CONTINUOUS
10
34.553291999999999
20
-26.8223769999999995
11
34.5346369999999965
21
-26.8451079999999997
0
LINE
8
BLACK
6
CONTINUOUS
10
34.5346369999999965
20
-26.8451079999999997
11
34.3917799999999971
21
-26.9879660000000001
0
LINE
8
BLACK
6
CONTINUOUS
10
34.3917799999999971
20
-26.9879660000000001
11
34.3690500000000014
21
-27.0066209999999991
0
LINE
8
BLACK
6
CONTINUOUS
10
34.3690500000000014
20
-27.0066209999999991
11
34.3640699999999981
21
-27.0086829999999978
0
LINE
8
BLACK
6
CONTINUOUS
10
34.3640699999999981
20
-27.0086829999999978
11
34.359999000000002
21
-27.0122149999999976
0
LINE
8
BLACK
6
CONTINUOUS
10
34.359999000000002
20
-27.0122149999999976
11
34.3331480000000013
21
-27.024203
0
LINE
8
BLACK
6
CONTINUOUS
10
34.3331480000000013
20
-27.024203
11
34.118862
21
-27.0956309999999974
0
LINE
8
BLACK
6
CONTINUOUS
10
34.118862
20
-27.0956309999999974
11
34.1043489999999991
21
-27.0989299999999993
0
LINE
8
BLACK
6
CONTINUOUS
10
34.1043489999999991
20
-27.0989299999999993
11
34.1006919999999951
21
-27.100445999999998
0
LINE
8
BLACK
6
CONTINUOUS
10
34.1006919999999951
20
-27.100445999999998
11
34.0953889999999973
21
-27.1009679999999982
0
LINE
8
BLACK
6
CONTINUOUS
10
34.0953889999999973
20
-27.1009679999999982
11
34.0901879999999977
21
-27.1021509999999992
0
LINE
8
BLACK
6
CONTINUOUS
10
34.0901879999999977
20
-27.1021509999999992
11
34.086233
21
-27.1018689999999971
0
LINE
8
BLACK
6
CONTINUOUS
10
34.086233
20
-27.1018689999999971
11
34.0714279999999974
21
-27.1033279999999976
0
LINE
8
BLACK
6
CONTINUOUS
10
34.0714279999999974
20
-27.1033279999999976
11
33.928570999999998
21
-27.1033279999999976
0
LINE
8
BLACK
6
CONTINUOUS
10
33.928570999999998
20
-27.1033279999999976
11
33.8993070000000003
21
-27.100445999999998
0
LINE
8
BLACK
6
CONTINUOUS
10
33.8993070000000003
20
-27.100445999999998
11
33.8452349999999953
21
-27.078047999999999
0
LINE
8
BLACK
6
CONTINUOUS
10
33.8452349999999953
20
-27.078047999999999
11
33.8038510000000016
21
-27.0366639999999983
0
LINE
8
BLACK
6
CONTINUOUS
10
33.8038510000000016
20
-27.0366639999999983
11
33.7814529999999991
21
-26.9825920000000004
0
LINE
8
BLACK
6
CONTINUOUS
10
33.7814529999999991
20
-26.9825920000000004
11
33.7814529999999991
21
-26.9240639999999978
0
LINE
8
BLACK
6
CONTINUOUS
10
33.7814529999999991
20
-26.9240639999999978
11
33.8038510000000016
21
-26.8699919999999999
0
LINE
8
BLACK
6
CONTINUOUS
10
33.8038510000000016
20
-26.8699919999999999
11
33.8452349999999953
21
-26.8286079999999991
0
LINE
8
BLACK
6
CONTINUOUS
10
33.8452349999999953
20
-26.8286079999999991
11
33.8993070000000003
21
-26.8062100000000001
0
LINE
8
BLACK
6
CONTINUOUS
10
33.8993070000000003
20
-26.8062100000000001
11
33.928570999999998
21
-26.8033280000000005
0
LINE
8
BLACK
6
CONTINUOUS
10
33.928570999999998
20
-26.8033280000000005
11
34.0470849999999956
21
-26.8033280000000005
0
LINE
8
BLACK
6
CONTINUOUS
10
34.0470849999999956
20
-26.8033280000000005
11
34.2046869999999998
21
-26.7507939999999991
0
LINE
8
BLACK
6
CONTINUOUS
10
34.2046869999999998
20
-26.7507939999999991
11
34.297466
21
-26.6580139999999979
0
LINE
8
BLACK
6
CONTINUOUS
10
34.297466
20
-26.6580139999999979
11
34.3500000000000014
21
-26.5004159999999978
0
LINE
8
BLACK
6
CONTINUOUS
10
34.3500000000000014
20
-26.5004159999999978
11
34.3500000000000014
21
-25.4533279999999991
0
LINE
8
BLACK
6
CONTINUOUS
10
34.3500000000000014
20
-25.4533279999999991
11
34.352882000000001
21
-25.4240639999999978
0
LINE
8
BLACK
6
CONTINUOUS
10
34.352882000000001
20
-25.4240639999999978
11
34.3752799999999965
21
-25.3699919999999999
0
LINE
8
BLACK
6
CONTINUOUS
10
34.3752799999999965
20
-25.3699919999999999
11
34.4166639999999973
21
-25.3286079999999991
0
LINE
8
BLACK
6
CONTINUOUS
10
34.4166639999999973
20
-25.3286079999999991
11
34.4707359999999952
21
-25.3062100000000001
0
LINE
8
BLACK
6
CONTINUOUS
10
34.4707359999999952
20
-25.3062100000000001
11
34.5292639999999977
21
-25.3062100000000001
0
LINE
8
BLACK
6
CONTINUOUS
10
34.5292639999999977
20
-25.3062100000000001
11
34.5833359999999956
21
-25.3286079999999991
0
LINE
8
BLACK
6
CONTINUOUS
10
35.5858409999999949
20
-25.3062100000000001
11
35.6006919999999951
21
-25.3062100000000001
0
LINE
8
BLACK
6
CONTINUOUS
10
35.6006919999999951
20
-25.3062100000000001
11
35.6142660000000006
21
-25.311831999999999
0
LINE
8
BLACK
6
CONTINUOUS
10
35.6142660000000006
20
-25.311831999999999
11
35.6286849999999973
21
-25.3146849999999972
0
LINE
8
BLACK
6
CONTINUOUS
10
35.6286849999999973
20
-25.3146849999999972
11
35.6410449999999983
21
-25.3229249999999979
0
LINE
8
BLACK
6
CONTINUOUS
10
35.6410449999999983
20
-25.3229249999999979
11
35.6547640000000001
21
-25.3286079999999991
0
LINE
8
BLACK
6
CONTINUOUS
10
35.6547640000000001
20
-25.3286079999999991
11
35.6651529999999966
21
-25.3389969999999991
0
LINE
8
BLACK
6
CONTINUOUS
10
35.6651529999999966
20
-25.3389969999999991
11
35.6773839999999964
21
-25.3471510000000002
0
LINE
8
BLACK
6
CONTINUOUS
10
35.6773839999999964
20
-25.3471510000000002
11
35.685648999999998
21
-25.3594930000000005
0
LINE
8
BLACK
6
CONTINUOUS
10
35.685648999999998
20
-25.3594930000000005
11
35.6961480000000009
21
-25.3699919999999999
0
LINE
8
BLACK
6
CONTINUOUS
10
35.6961480000000009
20
-25.3699919999999999
11
35.7017710000000008
21
-25.3835680000000004
0
LINE
8
BLACK
6
CONTINUOUS
10
35.7017710000000008
20
-25.3835680000000004
11
35.7099499999999992
21
-25.3957809999999995
0
LINE
8
BLACK
6
CONTINUOUS
10
35.7099499999999992
20
-25.3957809999999995
11
35.7128620000000012
21
-25.4103429999999975
0
LINE
8
BLACK
6
CONTINUOUS
10
35.7128620000000012
20
-25.4103429999999975
11
35.7185459999999964
21
-25.4240639999999978
0
LINE
8
BLACK
6
CONTINUOUS
10
35.7185459999999964
20
-25.4240639999999978
11
35.7213969999999961
21
-25.4530159999999981
0
LINE
8
BLACK
6
CONTINUOUS
10
35.7213969999999961
20
-25.4530159999999981
11
35.721427999999996
21
-25.4531700000000001
0
LINE
8
BLACK
6
CONTINUOUS
10
35.721427999999996
20
-25.4531700000000001
11
35.7214169999999953
21
-25.4532220000000002
0
LINE
8
BLACK
6
CONTINUOUS
10
35.7214169999999953
20
-25.4532220000000002
11
35.721427999999996
21
-25.4533279999999991
0
LINE
8
BLACK
6
CONTINUOUS
10
35.721427999999996
20
-25.4533279999999991
11
35.721427999999996
21
-26.8033280000000005
0
LINE
8
BLACK
6
CONTINUOUS
10
35.721427999999996
20
-26.8033280000000005
11
36.
21
-26.8033280000000005
0
LINE
8
BLACK
6
CONTINUOUS
10
36.
20
-26.8033280000000005
11
36.0292639999999977
21
-26.8062100000000001
0
LINE
8
BLACK
6
CONTINUOUS
10
36.0292639999999977
20
-26.8062100000000001
11
36.0833359999999956
21
-26.8286079999999991
0
LINE
8
BLACK
6
CONTINUOUS
10
36.0833359999999956
20
-26.8286079999999991
11
36.1247199999999964
21
-26.8699919999999999
0
LINE
8
BLACK
6
CONTINUOUS
10
36.1247199999999964
20
-26.8699919999999999
11
36.147117999999999
21
-26.9240639999999978
0
LINE
8
BLACK
6
CONTINUOUS
10
36.147117999999999
20
-26.9240639999999978
11
36.147117999999999
21
-26.9825920000000004
0
LINE
8
BLACK
6
CONTINUOUS
10
36.147117999999999
20
-26.9825920000000004
11
36.1247199999999964
21
-27.0366639999999983
0
LINE
8
BLACK
6
CONTINUOUS
10
36.1247199999999964
20
-27.0366639999999983
11
36.0833359999999956
21
-27.078047999999999
0
LINE
8
BLACK
6
CONTINUOUS
10
36.0833359999999956
20
-27.078047999999999
11
36.0292639999999977
21
-27.100445999999998
0
LINE
8
BLACK
6
CONTINUOUS
10
36.0292639999999977
20
-27.100445999999998
11
36.
21
-27.1033279999999976
0
LINE
8
BLACK
6
CONTINUOUS
10
36.
20
-27.1033279999999976
11
35.1428569999999993
21
-27.1033279999999976
0
LINE
8
BLACK
6
CONTINUOUS
10
35.1428569999999993
20
-27.1033279999999976
11
35.1135930000000016
21
-27.100445999999998
0
LINE
8
BLACK
6
CONTINUOUS
10
35.1135930000000016
20
-27.100445999999998
11
35.0595209999999966
21
-27.078047999999999
0
LINE
8
BLACK
6
CONTINUOUS
10
35.0595209999999966
20
-27.078047999999999
11
35.0181369999999959
21
-27.0366639999999983
0
LINE
8
BLACK
6
CONTINUOUS
10
35.0181369999999959
20
-27.0366639999999983
11
34.9957390000000004
21
-26.9825920000000004
0
LINE
8
BLACK
6
CONTINUOUS
10
34.9957390000000004
20
-26.9825920000000004
11
34.9957390000000004
21
-26.9240639999999978
0
LINE
8
BLACK
6
CONTINUOUS
10
34.9957390000000004
20
-26.9240639999999978
11
35.0181369999999959
21
-26.8699919999999999
0
LINE
8
BLACK
6
CONTINUOUS
10
35.0181369999999959
20
-26.8699919999999999
11
35.0595209999999966
21
-26.8286079999999991
0
LINE
8
BLACK
6
CONTINUOUS
10
35.0595209999999966
20
-26.8286079999999991
11
35.1135930000000016
21
-26.8062100000000001
0
LINE
8
BLACK
6
CONTINUOUS
10
35.1135930000000016
20
-26.8062100000000001
11
35.1428569999999993
21
-26.8033280000000005
0
LINE
8
BLACK
6
CONTINUOUS
10
35.1428569999999993
20
-26.8033280000000005
11
35.4214279999999988
21
-26.8033280000000005
0
LINE
8
BLACK
6
CONTINUOUS
10
35.4214279999999988
20
-26.8033280000000005
11
35.4214279999999988
21
-25.886889
0
LINE
8
BLACK
6
CONTINUOUS
10
35.4214279999999988
20
-25.886889
11
35.3917799999999971
21
-25.9165369999999982
0
LINE
8
BLACK
6
CONTINUOUS
10
35.3917799999999971
20
-25.9165369999999982
11
35.380277999999997
21
-25.9259759999999986
0
LINE
8
BLACK
6
CONTINUOUS
10
35.380277999999997
20
-25.9259759999999986
11
35.3776820000000001
21
-25.9289699999999996
0
LINE
8
BLACK
6
CONTINUOUS
10
35.3776820000000001
20
-25.9289699999999996
11
35.3731679999999997
21
-25.9318099999999987
0
LINE
8
BLACK
6
CONTINUOUS
10
35.3731679999999997
20
-25.9318099999999987
11
35.3690489999999969
21
-25.9351919999999971
0
LINE
8
BLACK
6
CONTINUOUS
10
35.3690489999999969
20
-25.9351919999999971
11
35.3653890000000004
21
-25.9367069999999984
0
LINE
8
BLACK
6
CONTINUOUS
10
35.3653890000000004
20
-25.9367069999999984
11
35.3527959999999979
21
-25.9446349999999981
0
LINE
8
BLACK
6
CONTINUOUS
10
35.3527959999999979
20
-25.9446349999999981
11
35.2099389999999985
21
-26.0160640000000001
0
LINE
8
BLACK
6
CONTINUOUS
10
35.2099389999999985
20
-26.0160640000000001
11
35.1824760000000012
21
-26.0265729999999991
0
LINE
8
BLACK
6
CONTINUOUS
10
35.1824760000000012
20
-26.0265729999999991
11
35.1240960000000015
21
-26.0307219999999973
0
LINE
8
BLACK
6
CONTINUOUS
10
35.1240960000000015
20
-26.0307219999999973
11
35.0685730000000007
21
-26.0122149999999976
0
LINE
8
BLACK
6
CONTINUOUS
10
35.0685730000000007
20
-26.0122149999999976
11
35.0243579999999994
21
-25.9738679999999995
0
LINE
8
BLACK
6
CONTINUOUS
10
35.0243579999999994
20
-25.9738679999999995
11
34.998184000000002
21
-25.921519
0
LINE
8
BLACK
6
CONTINUOUS
10
34.998184000000002
20
-25.921519
11
34.9940349999999967
21
-25.8631390000000003
0
LINE
8
BLACK
6
CONTINUOUS
10
34.9940349999999967
20
-25.8631390000000003
11
35.0125419999999963
21
-25.8076159999999994
0
LINE
8
BLACK
6
CONTINUOUS
10
35.0125419999999963
20
-25.8076159999999994
11
35.050888999999998
21
-25.7634009999999982
0
LINE
8
BLACK
6
CONTINUOUS
10
35.050888999999998
20
-25.7634009999999982
11
35.0757750000000001
21
-25.7477359999999997
0
LINE
8
BLACK
6
CONTINUOUS
10
35.0757750000000001
20
-25.7477359999999997
11
35.1968600000000009
21
-25.6871919999999996
0
LINE
8
BLACK
6
CONTINUOUS
10
35.1968600000000009
20
-25.6871919999999996
11
35.3120009999999951
21
-25.5720509999999983
0
LINE
8
BLACK
6
CONTINUOUS
10
35.3120009999999951
20
-25.5720509999999983
11
35.4466210000000004
21
-25.3701229999999995
0
LINE
8
BLACK
6
CONTINUOUS
10
35.4466210000000004
20
-25.3701229999999995
11
35.4466869999999972
21
-25.370041999999998
0
LINE
8
BLACK
6
CONTINUOUS
10
35.4466869999999972
20
-25.370041999999998
11
35.446708000000001
21
-25.3699919999999999
0
LINE
8
BLACK
6
CONTINUOUS
10
35.446708000000001
20
-25.3699919999999999
11
35.4468189999999979
21
-25.3698799999999984
0
LINE
8
BLACK
6
CONTINUOUS
10
35.4468189999999979
20
-25.3698799999999984
11
35.465250999999995
21
-25.347372
0
LINE
8
BLACK
6
CONTINUOUS
10
35.465250999999995
20
-25.347372
11
35.4775929999999988
21
-25.3391059999999975
0
LINE
8
BLACK
6
CONTINUOUS
10
35.4775929999999988
20
-25.3391059999999975
11
35.4880920000000017
21
-25.3286079999999991
0
LINE
8
BLACK
6
CONTINUOUS
10
35.4880920000000017
20
-25.3286079999999991
11
35.5016679999999951
21
-25.3229839999999982
0
LINE
8
BLACK
6
CONTINUOUS
10
35.5016679999999951
20
-25.3229839999999982
11
35.5138809999999978
21
-25.3148059999999973
0
LINE
8
BLACK
6
CONTINUOUS
10
35.5138809999999978
20
-25.3148059999999973
11
35.5284419999999983
21
-25.3118929999999978
0
LINE
8
BLACK
6
CONTINUOUS
10
35.5284419999999983
20
-25.3118929999999978
11
35.5421639999999996
21
-25.3062100000000001
0
LINE
8
BLACK
6
CONTINUOUS
10
35.5421639999999996
20
-25.3062100000000001
11
35.5568609999999978
21
-25.3062100000000001
0
LINE
8
BLACK
6
CONTINUOUS
10
35.5568609999999978
20
-25.3062100000000001
11
35.5712709999999959
21
-25.3033280000000005
0
LINE
8
BLACK
6
CONTINUOUS
10
35.5712709999999959
20
-25.3033280000000005
11
35.5858409999999949
21
-25.3062100000000001
0
LINE
8
BLACK
6
CONTINUOUS
10
149.1133360000000039
20
-25.3286079999999991
11
149.1547199999999975
21
-25.3699919999999999
0
LINE
8
BLACK
6
CONTINUOUS
10
149.1547199999999975
20
-25.3699919999999999
11
149.1771180000000072
21
-25.4240639999999978
0
LINE
8
BLACK
6
CONTINUOUS
10
149.1771180000000072
20
-25.4240639999999978
11
149.1800000000000068
21
-25.4533279999999991
0
LINE
8
BLACK
6
CONTINUOUS
10
149.1800000000000068
20
-25.4533279999999991
11
149.1800000000000068
21
-26.5247569999999975
0
LINE
8
BLACK
6
CONTINUOUS
10
149.1800000000000068
20
-26.5247569999999975
11
149.1785409999999956
21
-26.5395679999999992
0
LINE
8
BLACK
6
CONTINUOUS
10
149.1785409999999956
20
-26.5395679999999992
11
149.1788219999999967
21
-26.5435179999999988
0
LINE
8
BLACK
6
CONTINUOUS
10
149.1788219999999967
20
-26.5435179999999988
11
149.1776399999999967
21
-26.5487119999999983
0
LINE
8
BLACK
6
CONTINUOUS
10
149.1776399999999967
20
-26.5487119999999983
11
149.1771180000000072
21
-26.5540209999999988
0
LINE
8
BLACK
6
CONTINUOUS
10
149.1771180000000072
20
-26.5540209999999988
11
149.1756010000000003
21
-26.5576819999999998
0
LINE
8
BLACK
6
CONTINUOUS
10
149.1756010000000003
20
-26.5576819999999998
11
149.172302000000002
21
-26.5721919999999976
0
LINE
8
BLACK
6
CONTINUOUS
10
149.172302000000002
20
-26.5721919999999976
11
149.1008730000000071
21
-26.7864769999999979
0
LINE
8
BLACK
6
CONTINUOUS
10
149.1008730000000071
20
-26.7864769999999979
11
149.0888850000000048
21
-26.8133269999999975
0
LINE
8
BLACK
6
CONTINUOUS
10
149.0888850000000048
20
-26.8133269999999975
11
149.0853539999999953
21
-26.8173969999999997
0
LINE
8
BLACK
6
CONTINUOUS
10
149.0853539999999953
20
-26.8173969999999997
11
149.0832920000000001
21
-26.8223769999999995
0
LINE
8
BLACK
6
CONTINUOUS
10
149.0832920000000001
20
-26.8223769999999995
11
149.0646370000000047
21
-26.8451079999999997
0
LINE
8
BLACK
6
CONTINUOUS
10
149.0646370000000047
20
-26.8451079999999997
11
148.9217799999999841
21
-26.9879660000000001
0
LINE
8
BLACK
6
CONTINUOUS
10
148.9217799999999841
20
-26.9879660000000001
11
148.8990499999999884
21
-27.0066209999999991
0
LINE
8
BLACK
6
CONTINUOUS
10
148.8990499999999884
20
-27.0066209999999991
11
148.8940699999999993
21
-27.0086829999999978
0
LINE
8
BLACK
6
CONTINUOUS
10
148.8940699999999993
20
-27.0086829999999978
11
148.8899989999999889
21
-27.0122149999999976
0
LINE
8
BLACK
6
CONTINUOUS
10
148.8899989999999889
20
-27.0122149999999976
11
148.8631479999999954
21
-27.024203
0
LINE
8
BLACK
6
CONTINUOUS
10
148.8631479999999954
20
-27.024203
11
148.6488619999999798
21
-27.0956309999999974
0
LINE
8
BLACK
6
CONTINUOUS
10
148.6488619999999798
20
-27.0956309999999974
11
148.6343489999999861
21
-27.0989299999999993
0
LINE
8
BLACK
6
CONTINUOUS
10
148.6343489999999861
20
-27.0989299999999993
11
148.630691999999982
21
-27.100445999999998
0
LINE
8
BLACK
6
CONTINUOUS
10
148.630691999999982
20
-27.100445999999998
11
148.6253889999999842
21
-27.1009679999999982
0
LINE
8
BLACK
6
CONTINUOUS
10
148.6253889999999842
20
-27.1009679999999982
11
148.6201879999999846
21
-27.1021509999999992
0
LINE
8
BLACK
6
CONTINUOUS
10
148.6201879999999846
20
-27.1021509999999992
11
148.616232999999994
21
-27.1018689999999971
0
LINE
8
BLACK
6
CONTINUOUS
10
148.616232999999994
20
-27.1018689999999971
11
148.6014279999999985
21
-27.1033279999999976
0
LINE
8
BLACK
6
CONTINUOUS
10
148.6014279999999985
20
-27.1033279999999976
11
148.4585710000000063
21
-27.1033279999999976
0
LINE
8
BLACK
6
CONTINUOUS
10
148.4585710000000063
20
-27.1033279999999976
11
148.4293069999999943
21
-27.100445999999998
0
LINE
8
BLACK
6
CONTINUOUS
10
148.4293069999999943
20
-27.100445999999998
11
148.3752350000000035
21
-27.078047999999999
0
LINE
8
BLACK
6
CONTINUOUS
10
148.3752350000000035
20
-27.078047999999999
11
148.3338509999999815
21
-27.0366639999999983
0
LINE
8
BLACK
6
CONTINUOUS
10
148.3338509999999815
20
-27.0366639999999983
11
148.3114530000000002
21
-26.9825920000000004
0
LINE
8
BLACK
6
CONTINUOUS
10
148.3114530000000002
20
-26.9825920000000004
11
148.3114530000000002
21
-26.9240639999999978
0
LINE
8
BLACK
6
CONTINUOUS
10
148.3114530000000002
20
-26.9240639999999978
11
148.3338509999999815
21
-26.8699919999999999
0
LINE
8
BLACK
6
CONTINUOUS
10
148.3338509999999815
20
-26.8699919999999999
11
148.3752350000000035
21
-26.8286079999999991
0
LINE
8
BLACK
6
CONTINUOUS
10
148.3752350000000035
20
-26.8286079999999991
11
148.4293069999999943
21
-26.8062100000000001
0
LINE
8
BLACK
6
CONTINUOUS
10
148.4293069999999943
20
-26.8062100000000001
11
148.4585710000000063
21
-26.8033280000000005
0
LINE
8
BLACK
6
CONTINUOUS
10
148.4585710000000063
20
-26.8033280000000005
11
148.5770849999999825
21
-26.8033280000000005
0
LINE
8
BLACK
6
CONTINUOUS
10
148.5770849999999825
20
-26.8033280000000005
11
148.7346869999999797
21
-26.7507939999999991
0
LINE
8
BLACK
6
CONTINUOUS
10
148.7346869999999797
20
-26.7507939999999991
11
148.8274659999999869
21
-26.6580139999999979
0
LINE
8
BLACK
6
CONTINUOUS
10
148.8274659999999869
20
-26.6580139999999979
11
148.8799999999999955
21
-26.5004159999999978
0
LINE
8
BLACK
6
CONTINUOUS
10
148.8799999999999955
20
-26.5004159999999978
11
148.8799999999999955
21
-25.4533279999999991
0
LINE
8
BLACK
6
CONTINUOUS
10
148.8799999999999955
20
-25.4533279999999991
11
148.8828819999999951
21
-25.4240639999999978
0
LINE
8
BLACK
6
CONTINUOUS
10
148.8828819999999951
20
-25.4240639999999978
11
148.9052800000000047
21
-25.3699919999999999
0
LINE
8
BLACK
6
CONTINUOUS
10
148.9052800000000047
20
-25.3699919999999999
11
148.9466639999999984
21
-25.3286079999999991
0
LINE
8
BLACK
6
CONTINUOUS
10
148.9466639999999984
20
-25.3286079999999991
11
149.0007359999999892
21
-25.3062100000000001
0
LINE
8
BLACK
6
CONTINUOUS
10
149.0007359999999892
20
-25.3062100000000001
11
149.0592639999999847
21
-25.3062100000000001
0
LINE
8
BLACK
6
CONTINUOUS
10
149.0592639999999847
20
-25.3062100000000001
11
149.1133360000000039
21
-25.3286079999999991
0
LINE
8
BLACK
6
CONTINUOUS
10
150.2735490000000027
20
-25.3062100000000001
11
150.2785259999999994
21
-25.3082709999999977
0
LINE
8
BLACK
6
CONTINUOUS
10
150.2785259999999994
20
-25.3082709999999977
11
150.2839040000000068
21
-25.3086539999999971
0
LINE
8
BLACK
6
CONTINUOUS
10
150.2839040000000068
20
-25.3086539999999971
11
150.31136699999999
21
-25.3191639999999971
0
LINE
8
BLACK
6
CONTINUOUS
10
150.31136699999999
20
-25.3191639999999971
11
150.4542249999999797
21
-25.3905929999999991
0
LINE
8
BLACK
6
CONTINUOUS
10
150.4542249999999797
20
-25.3905929999999991
11
150.4668179999999893
21
-25.3985199999999978
0
LINE
8
BLACK
6
CONTINUOUS
10
150.4668179999999893
20
-25.3985199999999978
11
150.4704779999999857
21
-25.4000360000000001
0
LINE
8
BLACK
6
CONTINUOUS
10
150.4704779999999857
20
-25.4000360000000001
11
150.4745969999999886
21
-25.4034169999999975
0
LINE
8
BLACK
6
CONTINUOUS
10
150.4745969999999886
20
-25.4034169999999975
11
150.479110999999989
21
-25.4062579999999976
0
LINE
8
BLACK
6
CONTINUOUS
10
150.479110999999989
20
-25.4062579999999976
11
150.4817070000000001
21
-25.4092509999999976
0
LINE
8
BLACK
6
CONTINUOUS
10
150.4817070000000001
20
-25.4092509999999976
11
150.4932090000000073
21
-25.418690999999999
0
LINE
8
BLACK
6
CONTINUOUS
10
150.4932090000000073
20
-25.418690999999999
11
150.5646370000000047
21
-25.490119
0
LINE
8
BLACK
6
CONTINUOUS
10
150.5646370000000047
20
-25.490119
11
150.5740769999999884
21
-25.5016210000000001
0
LINE
8
BLACK
6
CONTINUOUS
10
150.5740769999999884
20
-25.5016210000000001
11
150.577069999999992
21
-25.5042170000000006
0
LINE
8
BLACK
6
CONTINUOUS
10
150.577069999999992
20
-25.5042170000000006
11
150.579907999999989
21
-25.5087259999999993
0
LINE
8
BLACK
6
CONTINUOUS
10
150.579907999999989
20
-25.5087259999999993
11
150.5832920000000001
21
-25.5128489999999992
0
LINE
8
BLACK
6
CONTINUOUS
10
150.5832920000000001
20
-25.5128489999999992
11
150.5848079999999811
21
-25.5165109999999977
0
LINE
8
BLACK
6
CONTINUOUS
10
150.5848079999999811
20
-25.5165109999999977
11
150.5927350000000047
21
-25.5291029999999992
0
LINE
8
BLACK
6
CONTINUOUS
10
150.5927350000000047
20
-25.5291029999999992
11
150.6641639999999995
21
-25.6719589999999975
0
LINE
8
BLACK
6
CONTINUOUS
10
150.6641639999999995
20
-25.6719589999999975
11
150.6746729999999843
21
-25.6994229999999995
0
LINE
8
BLACK
6
CONTINUOUS
10
150.6746729999999843
20
-25.6994229999999995
11
150.6750539999999887
21
-25.7047969999999992
0
LINE
8
BLACK
6
CONTINUOUS
10
150.6750539999999887
20
-25.7047969999999992
11
150.6771180000000072
21
-25.709778
0
LINE
8
BLACK
6
CONTINUOUS
10
150.6771180000000072
20
-25.709778
11
150.6800000000000068
21
-25.7390419999999978
0
LINE
8
BLACK
6
CONTINUOUS
10
150.6800000000000068
20
-25.7390419999999978
11
150.6800000000000068
21
-25.8818999999999981
0
LINE
8
BLACK
6
CONTINUOUS
10
150.6800000000000068
20
-25.8818999999999981
11
150.6785409999999956
21
-25.8967109999999998
0
LINE
8
BLACK
6
CONTINUOUS
10
150.6785409999999956
20
-25.8967109999999998
11
150.6788219999999967
21
-25.9006609999999995
0
LINE
8
BLACK
6
CONTINUOUS
10
150.6788219999999967
20
-25.9006609999999995
11
150.6776399999999967
21
-25.905854999999999
0
LINE
8
BLACK
6
CONTINUOUS
10
150.6776399999999967
20
-25.905854999999999
11
150.6771180000000072
21
-25.9111639999999994
0
LINE
8
BLACK
6
CONTINUOUS
10
150.6771180000000072
20
-25.9111639999999994
11
150.6756010000000003
21
-25.9148250000000004
0
LINE
8
BLACK
6
CONTINUOUS
10
150.6756010000000003
20
-25.9148250000000004
11
150.672302000000002
21
-25.9293349999999982
0
LINE
8
BLACK
6
CONTINUOUS
10
150.672302000000002
20
-25.9293349999999982
11
150.6008730000000071
21
-26.1436199999999985
0
LINE
8
BLACK
6
CONTINUOUS
10
150.6008730000000071
20
-26.1436199999999985
11
150.5888850000000048
21
-26.1704699999999981
0
LINE
8
BLACK
6
CONTINUOUS
10
150.5888850000000048
20
-26.1704699999999981
11
150.5853549999999927
21
-26.1745389999999993
0
LINE
8
BLACK
6
CONTINUOUS
10
150.5853549999999927
20
-26.1745389999999993
11
150.5832920000000001
21
-26.1795209999999976
0
LINE
8
BLACK
6
CONTINUOUS
10
150.5832920000000001
20
-26.1795209999999976
11
150.5646370000000047
21
-26.2022510000000004
0
LINE
8
BLACK
6
CONTINUOUS
10
150.5646370000000047
20
-26.2022510000000004
11
149.9635600000000011
21
-26.8033280000000005
0
LINE
8
BLACK
6
CONTINUOUS
10
149.9635600000000011
20
-26.8033280000000005
11
150.5300000000000011
21
-26.8033280000000005
0
LINE
8
BLACK
6
CONTINUOUS
10
150.5300000000000011
20
-26.8033280000000005
11
150.5592639999999847
21
-26.8062100000000001
0
LINE
8
BLACK
6
CONTINUOUS
10
150.5592639999999847
20
-26.8062100000000001
11
150.6133360000000039
21
-26.8286079999999991
0
LINE
8
BLACK
6
CONTINUOUS
10
150.6133360000000039
20
-26.8286079999999991
11
150.6547199999999975
21
-26.8699919999999999
0
LINE
8
BLACK
6
CONTINUOUS
10
150.6547199999999975
20
-26.8699919999999999
11
150.6771180000000072
21
-26.9240639999999978
0
LINE
8
BLACK
6
CONTINUOUS
10
150.6771180000000072
20
-26.9240639999999978
11
150.6771180000000072
21
-26.9825920000000004
0
LINE
8
BLACK
6
CONTINUOUS
10
150.6771180000000072
20
-26.9825920000000004
11
150.6547199999999975
21
-27.0366639999999983
0
LINE
8
BLACK
6
CONTINUOUS
10
150.6547199999999975
20
-27.0366639999999983
11
150.6133360000000039
21
-27.078047999999999
0
LINE
8
BLACK
6
CONTINUOUS
10
150.6133360000000039
20
-27.078047999999999
11
150.5592639999999847
21
-27.100445999999998
0
LINE
8
BLACK
6
CONTINUOUS
10
150.5592639999999847
20
-27.100445999999998
11
150.5300000000000011
21
-27.1033279999999976
0
LINE
8
BLACK
6
CONTINUOUS
10
150.5300000000000011
20
-27.1033279999999976
11
149.6014279999999985
21
-27.1033279999999976
0
LINE
8
BLACK
6
CONTINUOUS
10
149.6014279999999985
20
-27.1033279999999976
11
149.5721639999999866
21
-27.100445999999998
0
LINE
8
BLACK
6
CONTINUOUS
10
149.5721639999999866
20
-27.100445999999998
11
149.5497670000000028
21
-27.0911679999999997
0
LINE
8
BLACK
6
CONTINUOUS
10
149.5497670000000028
20
-27.0911679999999997
11
149.5180929999999933
21
-27.078049
0
LINE
8
BLACK
6
CONTINUOUS
10
149.5180929999999933
20
-27.078049
11
149.4767070000000047
21
-27.0366629999999972
0
LINE
8
BLACK
6
CONTINUOUS
10
149.4767070000000047
20
-27.0366629999999972
11
149.4543099999999924
21
-26.9825909999999993
0
LINE
8
BLACK
6
CONTINUOUS
10
149.4543099999999924
20
-26.9825909999999993
11
149.4543099999999924
21
-26.9240649999999988
0
LINE
8
BLACK
6
CONTINUOUS
10
149.4543099999999924
20
-26.9240649999999988
11
149.4767070000000047
21
-26.8699929999999974
0
LINE
8
BLACK
6
CONTINUOUS
10
149.4767070000000047
20
-26.8699929999999974
11
149.4953620000000001
21
-26.8472619999999971
0
LINE
8
BLACK
6
CONTINUOUS
10
149.4953620000000001
20
-26.8472619999999971
11
150.3274659999999869
21
-26.0151569999999985
0
LINE
8
BLACK
6
CONTINUOUS
10
150.3274659999999869
20
-26.0151569999999985
11
150.3799999999999955
21
-25.8575589999999984
0
LINE
8
BLACK
6
CONTINUOUS
10
150.3799999999999955
20
-25.8575589999999984
11
150.3799999999999955
21
-25.7744520000000001
0
LINE
8
BLACK
6
CONTINUOUS
10
150.3799999999999955
20
-25.7744520000000001
11
150.3352930000000072
21
-25.6850389999999997
0
LINE
8
BLACK
6
CONTINUOUS
10
150.3352930000000072
20
-25.6850389999999997
11
150.2982889999999827
21
-25.6480350000000001
0
LINE
8
BLACK
6
CONTINUOUS
10
150.2982889999999827
20
-25.6480350000000001
11
150.2088750000000061
21
-25.6033279999999976
0
LINE
8
BLACK
6
CONTINUOUS
10
150.2088750000000061
20
-25.6033279999999976
11
149.9225529999999935
21
-25.6033279999999976
0
LINE
8
BLACK
6
CONTINUOUS
10
149.9225529999999935
20
-25.6033279999999976
11
149.8331389999999885
21
-25.6480350000000001
0
LINE
8
BLACK
6
CONTINUOUS
10
149.8331389999999885
20
-25.6480350000000001
11
149.7789229999999918
21
-25.7022510000000004
0
LINE
8
BLACK
6
CONTINUOUS
10
149.7789229999999918
20
-25.7022510000000004
11
149.7561919999999986
21
-25.7209059999999994
0
LINE
8
BLACK
6
CONTINUOUS
10
149.7561919999999986
20
-25.7209059999999994
11
149.7021199999999794
21
-25.7433029999999974
0
LINE
8
BLACK
6
CONTINUOUS
10
149.7021199999999794
20
-25.7433029999999974
11
149.6435940000000073
21
-25.7433029999999974
0
LINE
8
BLACK
6
CONTINUOUS
10
149.6435940000000073
20
-25.7433029999999974
11
149.5895219999999881
21
-25.7209059999999994
0
LINE
8
BLACK
6
CONTINUOUS
10
149.5895219999999881
20
-25.7209059999999994
11
149.5481359999999995
21
-25.6795200000000001
0
LINE
8
BLACK
6
CONTINUOUS
10
149.5481359999999995
20
-25.6795200000000001
11
149.5257389999999873
21
-25.6254479999999987
0
LINE
8
BLACK
6
CONTINUOUS
10
149.5257389999999873
20
-25.6254479999999987
11
149.5257389999999873
21
-25.5669219999999981
0
LINE
8
BLACK
6
CONTINUOUS
10
149.5257389999999873
20
-25.5669219999999981
11
149.5481359999999995
21
-25.5128500000000003
0
LINE
8
BLACK
6
CONTINUOUS
10
149.5481359999999995
20
-25.5128500000000003
11
149.5667909999999949
21
-25.490119
0
LINE
8
BLACK
6
CONTINUOUS
10
149.5667909999999949
20
-25.490119
11
149.6382189999999923
21
-25.418690999999999
0
LINE
8
BLACK
6
CONTINUOUS
10
149.6382189999999923
20
-25.418690999999999
11
149.6497209999999995
21
-25.4092500000000001
0
LINE
8
BLACK
6
CONTINUOUS
10
149.6497209999999995
20
-25.4092500000000001
11
149.6523169999999823
21
-25.4062579999999976
0
LINE
8
BLACK
6
CONTINUOUS
10
149.6523169999999823
20
-25.4062579999999976
11
149.6568259999999952
21
-25.4034189999999995
0
LINE
8
BLACK
6
CONTINUOUS
10
149.6568259999999952
20
-25.4034189999999995
11
149.660948999999988
21
-25.4000360000000001
0
LINE
8
BLACK
6
CONTINUOUS
10
149.660948999999988
20
-25.4000360000000001
11
149.6646109999999794
21
-25.3985190000000003
0
LINE
8
BLACK
6
CONTINUOUS
10
149.6646109999999794
20
-25.3985190000000003
11
149.6772029999999916
21
-25.3905929999999991
0
LINE
8
BLACK
6
CONTINUOUS
10
149.6772029999999916
20
-25.3905929999999991
11
149.8200609999999813
21
-25.3191639999999971
0
LINE
8
BLACK
6
CONTINUOUS
10
149.8200609999999813
20
-25.3191639999999971
11
149.8475239999999928
21
-25.3086539999999971
0
LINE
8
BLACK
6
CONTINUOUS
10
149.8475239999999928
20
-25.3086539999999971
11
149.8529010000000028
21
-25.3082709999999977
0
LINE
8
BLACK
6
CONTINUOUS
10
149.8529010000000028
20
-25.3082709999999977
11
149.8578789999999969
21
-25.3062100000000001
0
LINE
8
BLACK
6
CONTINUOUS
10
149.8578789999999969
20
-25.3062100000000001
11
149.8871429999999805
21
-25.3033280000000005
0
LINE
8
BLACK
6
CONTINUOUS
10
149.8871429999999805
20
-25.3033280000000005
11
150.2442849999999908
21
-25.3033280000000005
0
LINE
8
BLACK
6
CONTINUOUS
10
150.2442849999999908
20
-25.3033280000000005
11
150.2735490000000027
21
-25.3062100000000001
0
LINE
8
BLACK
6
CONTINUOUS
10
164.4425389999999823
20
-20.5201849999999979
11
164.4882939999999962
21
-20.5729889999999997
0
LINE
8
BLACK
6
CONTINUOUS
10
164.4882939999999962
20
-20.5729889999999997
11
164.4994999999999834
21
-20.6244999999999976
0
LINE
8
BLACK
6
CONTINUOUS
10
164.4994999999999834
20
-20.6244999999999976
11
164.4994999999999834
21
-91.3755000000000024
0
LINE
8
BLACK
6
CONTINUOUS
10
164.4994999999999834
20
-91.3755000000000024
11
164.4798150000000021
21
-91.4425389999999965
0
LINE
8
BLACK
6
CONTINUOUS
10
164.4798150000000021
20
-91.4425389999999965
11
164.4270109999999931
21
-91.4882939999999962
0
LINE
8
BLACK
6
CONTINUOUS
10
164.4270109999999931
20
-91.4882939999999962
11
164.3754999999999882
21
-91.4994999999999976
0
LINE
8
BLACK
6
CONTINUOUS
10
164.3754999999999882
20
-91.4994999999999976
11
20.6244999999999976
21
-91.4994999999999976
0
LINE
8
BLACK
6
CONTINUOUS
10
20.6244999999999976
20
-91.4994999999999976
11
20.557461
21
-91.4798150000000021
0
LINE
8
BLACK
6
CONTINUOUS
10
20.557461
20
-91.4798150000000021
11
20.5117060000000002
21
-91.4270109999999931
0
LINE
8
BLACK
6
CONTINUOUS
10
20.5117060000000002
20
-91.4270109999999931
11
20.5004999999999988
21
-91.3755000000000024
0
LINE
8
BLACK
6
CONTINUOUS
10
20.5004999999999988
20
-91.3755000000000024
11
20.5004999999999988
21
-78.0088279999999941
0
LINE
8
BLACK
6
CONTINUOUS
10
20.5004999999999988
20
-78.0088279999999941
11
20.5004999999999988
21
-75.7733920000000012
0
LINE
8
BLACK
6
CONTINUOUS
10
20.5004999999999988
20
-75.7733920000000012
11
20.5004999999999988
21
-72.0355529999999931
0
LINE
8
BLACK
6
CONTINUOUS
10
20.5004999999999988
20
-72.0355529999999931
11
20.5004999999999988
21
-42.9155529999999956
0
LINE
8
BLACK
6
CONTINUOUS
10
20.5004999999999988
20
-42.9155529999999956
11
20.5004999999999988
21
-31.8492229999999985
0
LINE
8
BLACK
6
CONTINUOUS
10
20.5004999999999988
20
-31.8492229999999985
11
20.5004999999999988
21
-27.9105530000000002
0
LINE
8
BLACK
6
CONTINUOUS
10
20.5004999999999988
20
-27.9105530000000002
11
20.5004999999999988
21
-20.6244999999999976
0
LINE
8
BLACK
6
CONTINUOUS
10
20.5004999999999988
20
-20.6244999999999976
11
20.5201849999999979
21
-20.557461
0
LINE
8
BLACK
6
CONTINUOUS
10
20.5201849999999979
20
-20.557461
11
20.5729889999999997
21
-20.5117060000000002
0
LINE
8
BLACK
6
CONTINUOUS
10
20.5729889999999997
20
-20.5117060000000002
11
20.6244999999999976
21
-20.5004999999999988
0
LINE
8
BLACK
6
CONTINUOUS
10
20.6244999999999976
20
-20.5004999999999988
11
164.3754999999999882
21
-20.5004999999999988
0
LINE
8
BLACK
6
CONTINUOUS
10
164.3754999999999882
20
-20.5004999999999988
11
164.4425389999999823
21
-20.5201849999999979
0
LINE
8
BLACK
6
CONTINUOUS
10
70.8292000000000002
20
-78.3699599999999919
11
70.8443299999999994
21
-78.5042490000000015
0
LINE
8
BLACK
6
CONTINUOUS
10
70.8443299999999994
20
-78.5042490000000015
11
70.8443309999999968
21
-78.5042540000000031
0
LINE
8
BLACK
6
CONTINUOUS
10
70.8443309999999968
20
-78.5042540000000031
11
70.9039109999999937
21
-78.6745229999999935
0
LINE
8
BLACK
6
CONTINUOUS
10
70.9039109999999937
20
-78.6745229999999935
11
70.9412379999999985
21
-78.7339279999999917
0
LINE
8
BLACK
6
CONTINUOUS
10
70.9412379999999985
20
-78.7339279999999917
11
70.9998839999999944
21
-78.8272619999999904
0
LINE
8
BLACK
6
CONTINUOUS
10
70.9998839999999944
20
-78.8272619999999904
11
71.1274379999999979
21
-78.9548159999999939
0
LINE
8
BLACK
6
CONTINUOUS
10
71.1274379999999979
20
-78.9548159999999939
11
71.2801779999999923
21
-79.0507889999999946
0
LINE
8
BLACK
6
CONTINUOUS
10
71.2801779999999923
20
-79.0507889999999946
11
71.450445000000002
21
-79.110367999999994
0
LINE
8
BLACK
6
CONTINUOUS
10
71.450445000000002
20
-79.110367999999994
11
71.4504500000000036
21
-79.1103689999999915
0
LINE
8
BLACK
6
CONTINUOUS
10
71.4504500000000036
20
-79.1103689999999915
11
71.540945999999991
21
-79.1205649999999991
0
LINE
8
BLACK
6
CONTINUOUS
10
71.540945999999991
20
-79.1205649999999991
11
71.5847399999999965
21
-79.1254989999999907
0
LINE
8
BLACK
6
CONTINUOUS
10
71.5847399999999965
20
-79.1254989999999907
11
71.5847430000000031
21
-79.1255000000000024
0
LINE
8
BLACK
6
CONTINUOUS
10
71.5847430000000031
20
-79.1255000000000024
11
71.5847459999999955
21
-79.1255000000000024
0
LINE
8
BLACK
6
CONTINUOUS
10
71.5847459999999955
20
-79.1255000000000024
11
73.3746569999999991
21
-79.1255000000000024
0
LINE
8
BLACK
6
CONTINUOUS
10
73.3746569999999991
20
-79.1255000000000024
11
73.3746579999999966
21
-79.1254989999999907
0
LINE
8
BLACK
6
CONTINUOUS
10
73.3746579999999966
20
-79.1254989999999907
11
73.4418039999999905
21
-79.1179339999999911
0
LINE
8
BLACK
6
CONTINUOUS
10
73.4418039999999905
20
-79.1179339999999911
11
73.5089490000000012
21
-79.1103689999999915
0
LINE
8
BLACK
6
CONTINUOUS
10
73.5089490000000012
20
-79.1103689999999915
11
73.5089519999999936
21
-79.110367999999994
0
LINE
8
BLACK
6
CONTINUOUS
10
73.5089519999999936
20
-79.110367999999994
11
73.5089550000000003
21
-79.110367999999994
0
LINE
8
BLACK
6
CONTINUOUS
10
73.5089550000000003
20
-79.110367999999994
11
73.6792219999999958
21
-79.0507889999999946
0
LINE
8
BLACK
6
CONTINUOUS
10
73.6792219999999958
20
-79.0507889999999946
11
73.8319619999999901
21
-78.9548159999999939
0
LINE
8
BLACK
6
CONTINUOUS
10
73.8319619999999901
20
-78.9548159999999939
11
73.9323550000000012
21
-78.854422999999997
0
LINE
8
BLACK
6
CONTINUOUS
10
73.9323550000000012
20
-78.854422999999997
11
73.9936780000000027
21
-78.8209379999999982
0
LINE
8
BLACK
6
CONTINUOUS
10
73.9936780000000027
20
-78.8209379999999982
11
74.0633699999999919
21
-78.8259219999999914
0
LINE
8
BLACK
6
CONTINUOUS
10
74.0633699999999919
20
-78.8259219999999914
11
74.0929179999999974
21
-78.8417829999999924
0
LINE
8
BLACK
6
CONTINUOUS
10
74.0929179999999974
20
-78.8417829999999924
11
74.154648999999992
21
-78.8866340000000008
0
LINE
8
BLACK
6
CONTINUOUS
10
74.154648999999992
20
-78.8866340000000008
11
74.2640119999999939
21
-78.9423570000000012
0
LINE
8
BLACK
6
CONTINUOUS
10
74.2640119999999939
20
-78.9423570000000012
11
74.3861229999999978
21
-79.0045769999999976
0
LINE
8
BLACK
6
CONTINUOUS
10
74.3861229999999978
20
-79.0045769999999976
11
74.3861249999999927
21
-79.0045769999999976
0
LINE
8
BLACK
6
CONTINUOUS
10
74.3861249999999927
20
-79.0045769999999976
11
74.3861279999999994
21
-79.0045789999999926
0
LINE
8
BLACK
6
CONTINUOUS
10
74.3861279999999994
20
-79.0045789999999926
11
74.6332069999999987
21
-79.0848599999999919
0
LINE
8
BLACK
6
CONTINUOUS
10
74.6332069999999987
20
-79.0848599999999919
11
74.7654059999999987
21
-79.1057969999999955
0
LINE
8
BLACK
6
CONTINUOUS
10
74.7654059999999987
20
-79.1057969999999955
11
74.889797999999999
21
-79.1255000000000024
0
LINE
8
BLACK
6
CONTINUOUS
10
74.889797999999999
20
-79.1255000000000024
11
74.8898030000000006
21
-79.1255000000000024
0
LINE
8
BLACK
6
CONTINUOUS
10
74.8898030000000006
20
-79.1255000000000024
11
75.1496020000000016
21
-79.1255000000000024
0
LINE
8
BLACK
6
CONTINUOUS
10
75.1496020000000016
20
-79.1255000000000024
11
75.2629979999999961
21
-79.1075390000000027
0
LINE
8
BLACK
6
CONTINUOUS
10
75.2629979999999961
20
-79.1075390000000027
11
75.4061930000000018
21
-79.0848599999999919
0
LINE
8
BLACK
6
CONTINUOUS
10
75.4061930000000018
20
-79.0848599999999919
11
75.6532720000000012
21
-79.0045789999999926
0
LINE
8
BLACK
6
CONTINUOUS
10
75.6532720000000012
20
-79.0045789999999926
11
75.8847509999999943
21
-78.8866340000000008
0
LINE
8
BLACK
6
CONTINUOUS
10
75.8847509999999943
20
-78.8866340000000008
11
76.0949289999999934
21
-78.7339309999999983
0
LINE
8
BLACK
6
CONTINUOUS
10
76.0949289999999934
20
-78.7339309999999983
11
76.2020189999999928
21
-78.6268409999999989
0
LINE
8
BLACK
6
CONTINUOUS
10
76.2020189999999928
20
-78.6268409999999989
11
76.2633419999999944
21
-78.593356
0
LINE
8
BLACK
6
CONTINUOUS
10
76.2633419999999944
20
-78.593356
11
76.3330339999999978
21
-78.5983399999999932
0
LINE
8
BLACK
6
CONTINUOUS
10
76.3330339999999978
20
-78.5983399999999932
11
76.3773809999999997
21
-78.6268409999999989
0
LINE
8
BLACK
6
CONTINUOUS
10
76.3773809999999997
20
-78.6268409999999989
11
76.4844709999999992
21
-78.7339309999999983
0
LINE
8
BLACK
6
CONTINUOUS
10
76.4844709999999992
20
-78.7339309999999983
11
76.6946489999999983
21
-78.8866340000000008
0
LINE
8
BLACK
6
CONTINUOUS
10
76.6946489999999983
20
-78.8866340000000008
11
76.8284609999999901
21
-78.9548149999999964
0
LINE
8
BLACK
6
CONTINUOUS
10
76.8284609999999901
20
-78.9548149999999964
11
76.9261229999999898
21
-79.0045769999999976
0
LINE
8
BLACK
6
CONTINUOUS
10
76.9261229999999898
20
-79.0045769999999976
11
76.926124999999999
21
-79.0045769999999976
0
LINE
8
BLACK
6
CONTINUOUS
10
76.926124999999999
20
-79.0045769999999976
11
76.9261279999999914
21
-79.0045789999999926
0
LINE
8
BLACK
6
CONTINUOUS
10
76.9261279999999914
20
-79.0045789999999926
11
77.1732069999999908
21
-79.0848599999999919
0
LINE
8
BLACK
6
CONTINUOUS
10
77.1732069999999908
20
-79.0848599999999919
11
77.3054059999999907
21
-79.1057969999999955
0
LINE
8
BLACK
6
CONTINUOUS
10
77.3054059999999907
20
-79.1057969999999955
11
77.429797999999991
21
-79.1255000000000024
0
LINE
8
BLACK
6
CONTINUOUS
10
77.429797999999991
20
-79.1255000000000024
11
77.4298029999999926
21
-79.1255000000000024
0
LINE
8
BLACK
6
CONTINUOUS
10
77.4298029999999926
20
-79.1255000000000024
11
77.6896019999999936
21
-79.1255000000000024
0
LINE
8
BLACK
6
CONTINUOUS
10
77.6896019999999936
20
-79.1255000000000024
11
77.8029980000000023
21
-79.1075390000000027
0
LINE
8
BLACK
6
CONTINUOUS
10
77.8029980000000023
20
-79.1075390000000027
11
77.9461929999999938
21
-79.0848599999999919
0
LINE
8
BLACK
6
CONTINUOUS
10
77.9461929999999938
20
-79.0848599999999919
11
78.1932719999999932
21
-79.0045789999999926
0
LINE
8
BLACK
6
CONTINUOUS
10
78.1932719999999932
20
-79.0045789999999926
11
78.4247510000000005
21
-78.8866340000000008
0
LINE
8
BLACK
6
CONTINUOUS
10
78.4247510000000005
20
-78.8866340000000008
11
78.6349289999999996
21
-78.7339309999999983
0
LINE
8
BLACK
6
CONTINUOUS
10
78.6349289999999996
20
-78.7339309999999983
11
78.8186309999999963
21
-78.5502290000000016
0
LINE
8
BLACK
6
CONTINUOUS
10
78.8186309999999963
20
-78.5502290000000016
11
78.9713339999999988
21
-78.3400510000000025
0
LINE
8
BLACK
6
CONTINUOUS
10
78.9713339999999988
20
-78.3400510000000025
11
79.0892789999999906
21
-78.1085719999999952
0
LINE
8
BLACK
6
CONTINUOUS
10
79.0892789999999906
20
-78.1085719999999952
11
79.1695599999999899
21
-77.8614929999999958
0
LINE
8
BLACK
6
CONTINUOUS
10
79.1695599999999899
20
-77.8614929999999958
11
79.1996659999999935
21
-77.6714099999999945
0
LINE
8
BLACK
6
CONTINUOUS
10
79.1996659999999935
20
-77.6714099999999945
11
79.2102000000000004
21
-77.6049019999999956
0
LINE
8
BLACK
6
CONTINUOUS
10
79.2102000000000004
20
-77.6049019999999956
11
79.2102000000000004
21
-77.0450969999999984
0
LINE
8
BLACK
6
CONTINUOUS
10
79.2102000000000004
20
-77.0450969999999984
11
79.1886470000000031
21
-76.9090209999999956
0
LINE
8
BLACK
6
CONTINUOUS
10
79.1886470000000031
20
-76.9090209999999956
11
79.1695599999999899
21
-76.7885069999999956
0
LINE
8
BLACK
6
CONTINUOUS
10
79.1695599999999899
20
-76.7885069999999956
11
79.0892789999999906
21
-76.5414279999999962
0
LINE
8
BLACK
6
CONTINUOUS
10
79.0892789999999906
20
-76.5414279999999962
11
79.0892769999999956
21
-76.5414249999999896
0
LINE
8
BLACK
6
CONTINUOUS
10
79.0892769999999956
20
-76.5414249999999896
11
79.0892769999999956
21
-76.5414229999999947
0
LINE
8
BLACK
6
CONTINUOUS
10
79.0892769999999956
20
-76.5414229999999947
11
78.972141999999991
21
-76.3115349999999921
0
LINE
8
BLACK
6
CONTINUOUS
10
78.972141999999991
20
-76.3115349999999921
11
78.9713339999999988
21
-76.3099490000000031
0
LINE
8
BLACK
6
CONTINUOUS
10
78.9713339999999988
20
-76.3099490000000031
11
78.9270799999999895
21
-76.2490379999999988
0
LINE
8
BLACK
6
CONTINUOUS
10
78.9270799999999895
20
-76.2490379999999988
11
78.8837460000000021
21
-76.189393999999993
0
LINE
8
BLACK
6
CONTINUOUS
10
78.8837460000000021
20
-76.189393999999993
11
78.8720440000000025
21
-76.1564019999999999
0
LINE
8
BLACK
6
CONTINUOUS
10
78.8720440000000025
20
-76.1564019999999999
11
78.8604019999999934
21
-76.1237739999999974
0
LINE
8
BLACK
6
CONTINUOUS
10
78.8604019999999934
20
-76.1237739999999974
11
78.8603959999999944
21
-76.1235640000000018
0
LINE
8
BLACK
6
CONTINUOUS
10
78.8603959999999944
20
-76.1235640000000018
11
78.8603889999999978
21
-76.1235449999999929
0
LINE
8
BLACK
6
CONTINUOUS
10
78.8603889999999978
20
-76.1235449999999929
11
78.8603939999999994
21
-76.1235199999999992
0
LINE
8
BLACK
6
CONTINUOUS
10
78.8603939999999994
20
-76.1235199999999992
11
78.8601999999999919
21
-76.1166949999999929
0
LINE
8
BLACK
6
CONTINUOUS
10
78.8601999999999919
20
-76.1166949999999929
11
78.8601999999999919
21
-52.2176380000000009
0
LINE
8
BLACK
6
CONTINUOUS
10
78.8601999999999919
20
-52.2176380000000009
11
78.8798850000000016
21
-52.1505989999999997
0
LINE
8
BLACK
6
CONTINUOUS
10
78.8798850000000016
20
-52.1505989999999997
11
78.91822599999999
21
-52.1126450000000006
0
LINE
8
BLACK
6
CONTINUOUS
10
78.91822599999999
20
-52.1126450000000006
11
78.9581230000000005
21
-52.087576999999996
0
LINE
8
BLACK
6
CONTINUOUS
10
78.9581230000000005
20
-52.087576999999996
11
79.2040439999999961
21
-51.8914609999999996
0
LINE
8
BLACK
6
CONTINUOUS
10
79.2040439999999961
20
-51.8914609999999996
11
79.4264610000000033
21
-51.6690439999999995
0
LINE
8
BLACK
6
CONTINUOUS
10
79.4264610000000033
20
-51.6690439999999995
11
79.6225769999999926
21
-51.4231229999999968
0
LINE
8
BLACK
6
CONTINUOUS
10
79.6225769999999926
20
-51.4231229999999968
11
79.7899259999999941
21
-51.1567889999999963
0
LINE
8
BLACK
6
CONTINUOUS
10
79.7899259999999941
20
-51.1567889999999963
11
79.926401999999996
21
-50.8733939999999976
0
LINE
8
BLACK
6
CONTINUOUS
10
79.926401999999996
20
-50.8733939999999976
11
80.0302889999999962
21
-50.5764999999999958
0
LINE
8
BLACK
6
CONTINUOUS
10
80.0302889999999962
20
-50.5764999999999958
11
80.1002819999999929
21
-50.269839999999995
0
LINE
8
BLACK
6
CONTINUOUS
10
80.1002819999999929
20
-50.269839999999995
11
80.1354999999999933
21
-49.9572730000000007
0
LINE
8
BLACK
6
CONTINUOUS
10
80.1354999999999933
20
-49.9572730000000007
11
80.1354999999999933
21
-49.6427270000000007
0
LINE
8
BLACK
6
CONTINUOUS
10
80.1354999999999933
20
-49.6427270000000007
11
80.1354989999999958
21
-49.6427219999999991
0
LINE
8
BLACK
6
CONTINUOUS
10
80.1354989999999958
20
-49.6427219999999991
11
80.1002819999999929
21
-49.3301599999999993
0
LINE
8
BLACK
6
CONTINUOUS
10
80.1002819999999929
20
-49.3301599999999993
11
80.0302889999999962
21
-49.0234999999999985
0
LINE
8
BLACK
6
CONTINUOUS
10
80.0302889999999962
20
-49.0234999999999985
11
79.926401999999996
21
-48.7266059999999968
0
LINE
8
BLACK
6
CONTINUOUS
10
79.926401999999996
20
-48.7266059999999968
11
79.7899259999999941
21
-48.443210999999998
0
LINE
8
BLACK
6
CONTINUOUS
10
79.7899259999999941
20
-48.443210999999998
11
79.6225769999999926
21
-48.1768769999999975
0
LINE
8
BLACK
6
CONTINUOUS
10
79.6225769999999926
20
-48.1768769999999975
11
79.4264610000000033
21
-47.9309559999999948
0
LINE
8
BLACK
6
CONTINUOUS
10
79.4264610000000033
20
-47.9309559999999948
11
79.2040439999999961
21
-47.7085389999999947
0
LINE
8
BLACK
6
CONTINUOUS
10
79.2040439999999961
20
-47.7085389999999947
11
78.9581230000000005
21
-47.5124229999999983
0
LINE
8
BLACK
6
CONTINUOUS
10
78.9581230000000005
20
-47.5124229999999983
11
78.691789
21
-47.3450739999999968
0
LINE
8
BLACK
6
CONTINUOUS
10
78.691789
20
-47.3450739999999968
11
78.6917859999999934
21
-47.3450719999999947
0
LINE
8
BLACK
6
CONTINUOUS
10
78.6917859999999934
20
-47.3450719999999947
11
78.4083949999999987
21
-47.208597999999995
0
LINE
8
BLACK
6
CONTINUOUS
10
78.4083949999999987
20
-47.208597999999995
11
78.1115009999999899
21
-47.1047109999999947
0
LINE
8
BLACK
6
CONTINUOUS
10
78.1115009999999899
20
-47.1047109999999947
11
78.1114989999999949
21
-47.1047099999999972
0
LINE
8
BLACK
6
CONTINUOUS
10
78.1114989999999949
20
-47.1047099999999972
11
77.8048429999999911
21
-47.034717999999998
0
LINE
8
BLACK
6
CONTINUOUS
10
77.8048429999999911
20
-47.034717999999998
11
77.8048270000000031
21
-47.034715999999996
0
LINE
8
BLACK
6
CONTINUOUS
10
77.8048270000000031
20
-47.034715999999996
11
77.4922770000000014
21
-46.9994999999999976
0
LINE
8
BLACK
6
CONTINUOUS
10
77.4922770000000014
20
-46.9994999999999976
11
77.4922729999999973
21
-46.9994999999999976
0
LINE
8
BLACK
6
CONTINUOUS
10
77.4922729999999973
20
-46.9994999999999976
11
77.1777269999999902
21
-46.9994999999999976
0
LINE
8
BLACK
6
CONTINUOUS
10
77.1777269999999902
20
-46.9994999999999976
11
77.1777220000000028
21
-46.9994999999999976
0
LINE
8
BLACK
6
CONTINUOUS
10
77.1777220000000028
20
-46.9994999999999976
11
76.8651720000000012
21
-47.034715999999996
0
LINE
8
BLACK
6
CONTINUOUS
10
76.8651720000000012
20
-47.034715999999996
11
76.8651559999999989
21
-47.034717999999998
0
LINE
8
BLACK
6
CONTINUOUS
10
76.8651559999999989
20
-47.034717999999998
11
76.5584999999999951
21
-47.1047099999999972
0
LINE
8
BLACK
6
CONTINUOUS
10
76.5584999999999951
20
-47.1047099999999972
11
76.5584980000000002
21
-47.1047109999999947
0
LINE
8
BLACK
6
CONTINUOUS
10
76.5584980000000002
20
-47.1047109999999947
11
76.2616039999999913
21
-47.208597999999995
0
LINE
8
BLACK
6
CONTINUOUS
10
76.2616039999999913
20
-47.208597999999995
11
75.9782129999999967
21
-47.3450719999999947
0
LINE
8
BLACK
6
CONTINUOUS
10
75.9782129999999967
20
-47.3450719999999947
11
75.7118779999999987
21
-47.5124220000000008
0
LINE
8
BLACK
6
CONTINUOUS
10
75.7118779999999987
20
-47.5124220000000008
11
75.4659559999999914
21
-47.7085379999999972
0
LINE
8
BLACK
6
CONTINUOUS
10
75.4659559999999914
20
-47.7085379999999972
11
75.2435380000000009
21
-47.9309559999999948
0
LINE
8
BLACK
6
CONTINUOUS
10
75.2435380000000009
20
-47.9309559999999948
11
75.0474219999999974
21
-48.176877999999995
0
LINE
8
BLACK
6
CONTINUOUS
10
75.0474219999999974
20
-48.176877999999995
11
74.8800719999999984
21
-48.4432130000000001
0
LINE
8
BLACK
6
CONTINUOUS
10
74.8800719999999984
20
-48.4432130000000001
11
74.7435979999999915
21
-48.7266039999999947
0
LINE
8
BLACK
6
CONTINUOUS
10
74.7435979999999915
20
-48.7266039999999947
11
74.6397109999999913
21
-49.0234979999999965
0
LINE
8
BLACK
6
CONTINUOUS
10
74.6397109999999913
20
-49.0234979999999965
11
74.6397099999999938
21
-49.0234999999999985
0
LINE
8
BLACK
6
CONTINUOUS
10
74.6397099999999938
20
-49.0234999999999985
11
74.5697179999999946
21
-49.3301559999999952
0
LINE
8
BLACK
6
CONTINUOUS
10
74.5697179999999946
20
-49.3301559999999952
11
74.5697159999999997
21
-49.3301719999999975
0
LINE
8
BLACK
6
CONTINUOUS
10
74.5697159999999997
20
-49.3301719999999975
11
74.5344999999999942
21
-49.6427219999999991
0
LINE
8
BLACK
6
CONTINUOUS
10
74.5344999999999942
20
-49.6427219999999991
11
74.5344999999999942
21
-49.9572769999999977
0
LINE
8
BLACK
6
CONTINUOUS
10
74.5344999999999942
20
-49.9572769999999977
11
74.5697159999999997
21
-50.2698269999999994
0
LINE
8
BLACK
6
CONTINUOUS
10
74.5697159999999997
20
-50.2698269999999994
11
74.5697179999999946
21
-50.2698429999999945
0
LINE
8
BLACK
6
CONTINUOUS
10
74.5697179999999946
20
-50.2698429999999945
11
74.6397099999999938
21
-50.5764989999999983
0
LINE
8
BLACK
6
CONTINUOUS
10
74.6397099999999938
20
-50.5764989999999983
11
74.6397109999999913
21
-50.5765010000000004
0
LINE
8
BLACK
6
CONTINUOUS
10
74.6397109999999913
20
-50.5765010000000004
11
74.7435979999999915
21
-50.873394999999995
0
LINE
8
BLACK
6
CONTINUOUS
10
74.7435979999999915
20
-50.873394999999995
11
74.8800719999999984
21
-51.1567859999999968
0
LINE
8
BLACK
6
CONTINUOUS
10
74.8800719999999984
20
-51.1567859999999968
11
74.8800739999999934
21
-51.1567889999999963
0
LINE
8
BLACK
6
CONTINUOUS
10
74.8800739999999934
20
-51.1567889999999963
11
75.0474229999999949
21
-51.4231229999999968
0
LINE
8
BLACK
6
CONTINUOUS
10
75.0474229999999949
20
-51.4231229999999968
11
75.2435389999999984
21
-51.6690439999999995
0
LINE
8
BLACK
6
CONTINUOUS
10
75.2435389999999984
20
-51.6690439999999995
11
75.4659559999999914
21
-51.8914609999999996
0
LINE
8
BLACK
6
CONTINUOUS
10
75.4659559999999914
20
-51.8914609999999996
11
75.7118770000000012
21
-52.087576999999996
0
LINE
8
BLACK
6
CONTINUOUS
10
75.7118770000000012
20
-52.087576999999996
11
75.9188680000000033
21
-52.2176380000000009
0
LINE
8
BLACK
6
CONTINUOUS
10
75.9188680000000033
20
-52.2176380000000009
11
75.9782160000000033
21
-52.2549289999999971
0
LINE
8
BLACK
6
CONTINUOUS
10
75.9782160000000033
20
-52.2549289999999971
11
76.1890009999999904
21
-52.3564369999999997
0
LINE
8
BLACK
6
CONTINUOUS
10
76.1890009999999904
20
-52.3564369999999997
11
76.2408609999999953
21
-52.4032589999999985
0
LINE
8
BLACK
6
CONTINUOUS
10
76.2408609999999953
20
-52.4032589999999985
11
76.2591999999999928
21
-52.4681569999999979
0
LINE
8
BLACK
6
CONTINUOUS
10
76.2591999999999928
20
-52.4681569999999979
11
76.2591999999999928
21
-75.7920549999999906
0
LINE
8
BLACK
6
CONTINUOUS
10
76.2591999999999928
20
-75.7920549999999906
11
76.2395149999999973
21
-75.8590939999999989
0
LINE
8
BLACK
6
CONTINUOUS
10
76.2395149999999973
20
-75.8590939999999989
11
76.1867110000000025
21
-75.9048489999999987
0
LINE
8
BLACK
6
CONTINUOUS
10
76.1867110000000025
20
-75.9048489999999987
11
76.1175530000000009
21
-75.9147930000000031
0
LINE
8
BLACK
6
CONTINUOUS
10
76.1175530000000009
20
-75.9147930000000031
11
76.0623149999999981
21
-75.8923729999999921
0
LINE
8
BLACK
6
CONTINUOUS
10
76.0623149999999981
20
-75.8923729999999921
11
75.8847540000000009
21
-75.7633679999999998
0
LINE
8
BLACK
6
CONTINUOUS
10
75.8847540000000009
20
-75.7633679999999998
11
75.8847530000000035
21
-75.7633670000000023
0
LINE
8
BLACK
6
CONTINUOUS
10
75.8847530000000035
20
-75.7633670000000023
11
75.8847509999999943
21
-75.7633659999999907
0
LINE
8
BLACK
6
CONTINUOUS
10
75.8847509999999943
20
-75.7633659999999907
11
75.8124639999999914
21
-75.7265340000000009
0
LINE
8
BLACK
6
CONTINUOUS
10
75.8124639999999914
20
-75.7265340000000009
11
75.6532759999999911
21
-75.6454219999999964
0
LINE
8
BLACK
6
CONTINUOUS
10
75.6532759999999911
20
-75.6454219999999964
11
75.4061930000000018
21
-75.5651399999999995
0
LINE
8
BLACK
6
CONTINUOUS
10
75.4061930000000018
20
-75.5651399999999995
11
75.1496020000000016
21
-75.5245000000000033
0
LINE
8
BLACK
6
CONTINUOUS
10
75.1496020000000016
20
-75.5245000000000033
11
75.149597
21
-75.5245000000000033
0
LINE
8
BLACK
6
CONTINUOUS
10
75.149597
20
-75.5245000000000033
11
74.8898030000000006
21
-75.5245000000000033
0
LINE
8
BLACK
6
CONTINUOUS
10
74.8898030000000006
20
-75.5245000000000033
11
74.889797999999999
21
-75.5245000000000033
0
LINE
8
BLACK
6
CONTINUOUS
10
74.889797999999999
20
-75.5245000000000033
11
74.6332060000000013
21
-75.5651399999999995
0
LINE
8
BLACK
6
CONTINUOUS
10
74.6332060000000013
20
-75.5651399999999995
11
74.3861229999999978
21
-75.6454219999999964
0
LINE
8
BLACK
6
CONTINUOUS
10
74.3861229999999978
20
-75.6454219999999964
11
74.1546459999999996
21
-75.7633670000000023
0
LINE
8
BLACK
6
CONTINUOUS
10
74.1546459999999996
20
-75.7633670000000023
11
74.0929189999999949
21
-75.8082139999999924
0
LINE
8
BLACK
6
CONTINUOUS
10
74.0929189999999949
20
-75.8082139999999924
11
74.0271129999999999
21
-75.8316930000000013
0
LINE
8
BLACK
6
CONTINUOUS
10
74.0271129999999999
20
-75.8316930000000013
11
73.9590589999999963
21
-75.8158669999999972
0
LINE
8
BLACK
6
CONTINUOUS
10
73.9590589999999963
20
-75.8158669999999972
11
73.9323540000000037
21
-75.795575999999997
0
LINE
8
BLACK
6
CONTINUOUS
10
73.9323540000000037
20
-75.795575999999997
11
73.8319619999999901
21
-75.6951839999999976
0
LINE
8
BLACK
6
CONTINUOUS
10
73.8319619999999901
20
-75.6951839999999976
11
73.6792229999999932
21
-75.5992109999999968
0
LINE
8
BLACK
6
CONTINUOUS
10
73.6792229999999932
20
-75.5992109999999968
11
73.5089540000000028
21
-75.539631
0
LINE
8
BLACK
6
CONTINUOUS
10
73.5089540000000028
20
-75.539631
11
73.5089490000000012
21
-75.5396300000000025
0
LINE
8
BLACK
6
CONTINUOUS
10
73.5089490000000012
20
-75.5396300000000025
11
73.3746599999999916
21
-75.5245000000000033
0
LINE
8
BLACK
6
CONTINUOUS
10
73.3746599999999916
20
-75.5245000000000033
11
73.3746539999999925
21
-75.5245000000000033
0
LINE
8
BLACK
6
CONTINUOUS
10
73.3746539999999925
20
-75.5245000000000033
11
71.5847459999999955
21
-75.5245000000000033
0
LINE
8
BLACK
6
CONTINUOUS
10
71.5847459999999955
20
-75.5245000000000033
11
71.584738999999999
21
-75.5245000000000033
0
LINE
8
BLACK
6
CONTINUOUS
10
71.584738999999999
20
-75.5245000000000033
11
71.4504500000000036
21
-75.5396300000000025
0
LINE
8
BLACK
6
CONTINUOUS
10
71.4504500000000036
20
-75.5396300000000025
11
71.450445000000002
21
-75.539631
0
LINE
8
BLACK
6
CONTINUOUS
10
71.450445000000002
20
-75.539631
11
71.2801759999999973
21
-75.5992109999999968
0
LINE
8
BLACK
6
CONTINUOUS
10
71.2801759999999973
20
-75.5992109999999968
11
71.1274370000000005
21
-75.6951839999999976
0
LINE
8
BLACK
6
CONTINUOUS
10
71.1274370000000005
20
-75.6951839999999976
11
70.9998839999999944
21
-75.8227370000000036
0
LINE
8
BLACK
6
CONTINUOUS
10
70.9998839999999944
20
-75.8227370000000036
11
70.9039109999999937
21
-75.9754760000000005
0
LINE
8
BLACK
6
CONTINUOUS
10
70.9039109999999937
20
-75.9754760000000005
11
70.8443309999999968
21
-76.1457449999999909
0
LINE
8
BLACK
6
CONTINUOUS
10
70.8443309999999968
20
-76.1457449999999909
11
70.8443299999999994
21
-76.1457499999999925
0
LINE
8
BLACK
6
CONTINUOUS
10
70.8443299999999994
20
-76.1457499999999925
11
70.8292000000000002
21
-76.2800390000000021
0
LINE
8
BLACK
6
CONTINUOUS
10
70.8292000000000002
20
-76.2800390000000021
11
70.8292000000000002
21
-78.3699599999999919
0
LINE
8
BLACK
6
CONTINUOUS
10
70.2859150000000028
20
-78.0088279999999941
11
70.2859150000000028
21
-76.2800390000000021
0
LINE
8
BLACK
6
CONTINUOUS
10
70.2859150000000028
20
-76.2800390000000021
11
70.2859150000000028
21
-74.5949839999999966
0
LINE
8
BLACK
6
CONTINUOUS
10
70.2859150000000028
20
-74.5949839999999966
11
65.8737529999999936
21
-74.5949839999999966
0
LINE
8
BLACK
6
CONTINUOUS
10
65.8737529999999936
20
-74.5949839999999966
11
65.8737529999999936
21
-78.0088279999999941
0
LINE
8
BLACK
6
CONTINUOUS
10
65.8737529999999936
20
-78.0088279999999941
11
70.2859150000000028
21
-78.0088279999999941
0
LINE
8
BLACK
6
CONTINUOUS
10
54.1191999999999993
20
-76.9766079999999988
11
54.1242019999999968
21
-77.0273979999999909
0
LINE
8
BLACK
6
CONTINUOUS
10
54.1242019999999968
20
-77.0273979999999909
11
54.1343989999999948
21
-77.1309320000000014
0
LINE
8
BLACK
6
CONTINUOUS
10
54.1343989999999948
20
-77.1309320000000014
11
54.1343999999999994
21
-77.1309339999999963
0
LINE
8
BLACK
6
CONTINUOUS
10
54.1343999999999994
20
-77.1309339999999963
11
54.1944680000000005
21
-77.328953999999996
0
LINE
8
BLACK
6
CONTINUOUS
10
54.1944680000000005
20
-77.328953999999996
11
54.2920149999999992
21
-77.5114499999999964
0
LINE
8
BLACK
6
CONTINUOUS
10
54.2920149999999992
20
-77.5114499999999964
11
54.2920169999999942
21
-77.5114519999999914
0
LINE
8
BLACK
6
CONTINUOUS
10
54.2920169999999942
20
-77.5114519999999914
11
54.4232889999999969
21
-77.6714099999999945
0
LINE
8
BLACK
6
CONTINUOUS
10
54.4232889999999969
20
-77.6714099999999945
11
54.511579999999995
21
-77.7438669999999945
0
LINE
8
BLACK
6
CONTINUOUS
10
54.511579999999995
20
-77.7438669999999945
11
54.5832499999999996
21
-77.8026849999999968
0
LINE
8
BLACK
6
CONTINUOUS
10
54.5832499999999996
20
-77.8026849999999968
11
54.765746
21
-77.9002320000000026
0
LINE
8
BLACK
6
CONTINUOUS
10
54.765746
20
-77.9002320000000026
11
54.9637659999999997
21
-77.9602999999999895
0
LINE
8
BLACK
6
CONTINUOUS
10
54.9637659999999997
20
-77.9602999999999895
11
54.9637649999999951
21
-77.9602999999999895
0
LINE
8
BLACK
6
CONTINUOUS
10
54.9637649999999951
20
-77.9602999999999895
11
55.0023470000000003
21
-77.964100000000002
0
LINE
8
BLACK
6
CONTINUOUS
10
55.0023470000000003
20
-77.964100000000002
11
55.1180919999999972
21
-77.9754999999999967
0
LINE
8
BLACK
6
CONTINUOUS
10
55.1180919999999972
20
-77.9754999999999967
11
55.1180949999999967
21
-77.9754999999999967
0
LINE
8
BLACK
6
CONTINUOUS
10
55.1180949999999967
20
-77.9754999999999967
11
56.3213049999999953
21
-77.9754999999999967
0
LINE
8
BLACK
6
CONTINUOUS
10
56.3213049999999953
20
-77.9754999999999967
11
56.3213079999999948
21
-77.9754999999999967
0
LINE
8
BLACK
6
CONTINUOUS
10
56.3213079999999948
20
-77.9754999999999967
11
56.4756339999999994
21
-77.9602999999999895
0
LINE
8
BLACK
6
CONTINUOUS
10
56.4756339999999994
20
-77.9602999999999895
11
56.6736539999999991
21
-77.9002320000000026
0
LINE
8
BLACK
6
CONTINUOUS
10
56.6736539999999991
20
-77.9002320000000026
11
56.8561499999999995
21
-77.8026849999999968
0
LINE
8
BLACK
6
CONTINUOUS
10
56.8561499999999995
20
-77.8026849999999968
11
57.0161099999999976
21
-77.6714099999999945
0
LINE
8
BLACK
6
CONTINUOUS
10
57.0161099999999976
20
-77.6714099999999945
11
57.1473849999999999
21
-77.5114499999999964
0
LINE
8
BLACK
6
CONTINUOUS
10
57.1473849999999999
20
-77.5114499999999964
11
57.2449319999999986
21
-77.328953999999996
0
LINE
8
BLACK
6
CONTINUOUS
10
57.2449319999999986
20
-77.328953999999996
11
57.3049999999999997
21
-77.1309339999999963
0
LINE
8
BLACK
6
CONTINUOUS
10
57.3049999999999997
20
-77.1309339999999963
11
57.3201999999999998
21
-76.9766079999999988
0
LINE
8
BLACK
6
CONTINUOUS
10
57.3201999999999998
20
-76.9766079999999988
11
57.3201999999999998
21
-76.2490379999999988
0
LINE
8
BLACK
6
CONTINUOUS
10
57.3201999999999998
20
-76.2490379999999988
11
57.3201999999999998
21
-75.7733920000000012
0
LINE
8
BLACK
6
CONTINUOUS
10
57.3201999999999998
20
-75.7733920000000012
11
57.3049999999999997
21
-75.6190660000000037
0
LINE
8
BLACK
6
CONTINUOUS
10
57.3049999999999997
20
-75.6190660000000037
11
57.2449319999999986
21
-75.4210459999999898
0
LINE
8
BLACK
6
CONTINUOUS
10
57.2449319999999986
20
-75.4210459999999898
11
57.1473849999999999
21
-75.2385500000000036
0
LINE
8
BLACK
6
CONTINUOUS
10
57.1473849999999999
20
-75.2385500000000036
11
57.078161999999999
21
-75.1542010000000005
0
LINE
8
BLACK
6
CONTINUOUS
10
57.078161999999999
20
-75.1542010000000005
11
57.0161099999999976
21
-75.0785889999999938
0
LINE
8
BLACK
6
CONTINUOUS
10
57.0161099999999976
20
-75.0785889999999938
11
56.8561519999999945
21
-74.9473169999999982
0
LINE
8
BLACK
6
CONTINUOUS
10
56.8561519999999945
20
-74.9473169999999982
11
56.8561529999999991
21
-74.9473169999999982
0
LINE
8
BLACK
6
CONTINUOUS
10
56.8561529999999991
20
-74.9473169999999982
11
56.8561499999999995
21
-74.9473150000000032
0
LINE
8
BLACK
6
CONTINUOUS
10
56.8561499999999995
20
-74.9473150000000032
11
56.6736539999999991
21
-74.8497679999999974
0
LINE
8
BLACK
6
CONTINUOUS
10
56.6736539999999991
20
-74.8497679999999974
11
56.4756339999999994
21
-74.7896999999999963
0
LINE
8
BLACK
6
CONTINUOUS
10
56.4756339999999994
20
-74.7896999999999963
11
56.4756319999999974
21
-74.7896989999999988
0
LINE
8
BLACK
6
CONTINUOUS
10
56.4756319999999974
20
-74.7896989999999988
11
56.4756339999999994
21
-74.7896989999999988
0
LINE
8
BLACK
6
CONTINUOUS
10
56.4756339999999994
20
-74.7896989999999988
11
56.3565049999999985
21
-74.7779659999999922
0
LINE
8
BLACK
6
CONTINUOUS
10
56.3565049999999985
20
-74.7779659999999922
11
56.3213079999999948
21
-74.7745000000000033
0
LINE
8
BLACK
6
CONTINUOUS
10
56.3213079999999948
20
-74.7745000000000033
11
55.1180919999999972
21
-74.7745000000000033
0
LINE
8
BLACK
6
CONTINUOUS
10
55.1180919999999972
20
-74.7745000000000033
11
55.0799979999999962
21
-74.7782509999999974
0
LINE
8
BLACK
6
CONTINUOUS
10
55.0799979999999962
20
-74.7782509999999974
11
54.9637669999999972
21
-74.7896989999999988
0
LINE
8
BLACK
6
CONTINUOUS
10
54.9637669999999972
20
-74.7896989999999988
11
54.7657430000000005
21
-74.8497689999999949
0
LINE
8
BLACK
6
CONTINUOUS
10
54.7657430000000005
20
-74.8497689999999949
11
54.6871869999999944
21
-74.8917589999999933
0
LINE
8
BLACK
6
CONTINUOUS
10
54.6871869999999944
20
-74.8917589999999933
11
54.5832499999999996
21
-74.9473150000000032
0
LINE
8
BLACK
6
CONTINUOUS
10
54.5832499999999996
20
-74.9473150000000032
11
54.5832479999999975
21
-74.9473160000000007
0
LINE
8
BLACK
6
CONTINUOUS
10
54.5832479999999975
20
-74.9473160000000007
11
54.5832470000000001
21
-74.9473169999999982
0
LINE
8
BLACK
6
CONTINUOUS
10
54.5832470000000001
20
-74.9473169999999982
11
54.4232889999999969
21
-75.0785889999999938
0
LINE
8
BLACK
6
CONTINUOUS
10
54.4232889999999969
20
-75.0785889999999938
11
54.2920169999999942
21
-75.238546999999997
0
LINE
8
BLACK
6
CONTINUOUS
10
54.2920169999999942
20
-75.238546999999997
11
54.194468999999998
21
-75.4210429999999974
0
LINE
8
BLACK
6
CONTINUOUS
10
54.194468999999998
20
-75.4210429999999974
11
54.1343989999999948
21
-75.6190670000000011
0
LINE
8
BLACK
6
CONTINUOUS
10
54.1343989999999948
20
-75.6190670000000011
11
54.1269029999999987
21
-75.6951839999999976
0
LINE
8
BLACK
6
CONTINUOUS
10
54.1269029999999987
20
-75.6951839999999976
11
54.1191999999999993
21
-75.7733920000000012
0
LINE
8
BLACK
6
CONTINUOUS
10
54.1191999999999993
20
-75.7733920000000012
11
54.1191999999999993
21
-76.9766079999999988
0
LINE
8
BLACK
6
CONTINUOUS
10
57.6191999999999993
20
-76.5009620000000012
11
57.6256089999999972
21
-76.5414279999999962
0
LINE
8
BLACK
6
CONTINUOUS
10
57.6256089999999972
20
-76.5414279999999962
11
57.6586099999999959
21
-76.7497850000000028
0
LINE
8
BLACK
6
CONTINUOUS
10
57.6586099999999959
20
-76.7497850000000028
11
57.7364599999999939
21
-76.9893829999999895
0
LINE
8
BLACK
6
CONTINUOUS
10
57.7364599999999939
20
-76.9893829999999895
11
57.8508319999999969
21
-77.2138479999999987
0
LINE
8
BLACK
6
CONTINUOUS
10
57.8508319999999969
20
-77.2138479999999987
11
57.9989009999999965
21
-77.4176489999999973
0
LINE
8
BLACK
6
CONTINUOUS
10
57.9989009999999965
20
-77.4176489999999973
11
57.9989050000000006
21
-77.4176539999999989
0
LINE
8
BLACK
6
CONTINUOUS
10
57.9989050000000006
20
-77.4176539999999989
11
58.1770449999999997
21
-77.5957939999999979
0
LINE
8
BLACK
6
CONTINUOUS
10
58.1770449999999997
20
-77.5957939999999979
11
58.1770499999999942
21
-77.595798000000002
0
LINE
8
BLACK
6
CONTINUOUS
10
58.1770499999999942
20
-77.595798000000002
11
58.1895809999999969
21
-77.6049019999999956
0
LINE
8
BLACK
6
CONTINUOUS
10
58.1895809999999969
20
-77.6049019999999956
11
58.3808549999999968
21
-77.7438700000000011
0
LINE
8
BLACK
6
CONTINUOUS
10
58.3808549999999968
20
-77.7438700000000011
11
58.4962859999999978
21
-77.8026849999999968
0
LINE
8
BLACK
6
CONTINUOUS
10
58.4962859999999978
20
-77.8026849999999968
11
58.6053159999999949
21
-77.8582389999999975
0
LINE
8
BLACK
6
CONTINUOUS
10
58.6053159999999949
20
-77.8582389999999975
11
58.6053179999999969
21
-77.8582389999999975
0
LINE
8
BLACK
6
CONTINUOUS
10
58.6053179999999969
20
-77.8582389999999975
11
58.6053209999999964
21
-77.8582409999999925
0
LINE
8
BLACK
6
CONTINUOUS
10
58.6053209999999964
20
-77.8582409999999925
11
58.8449150000000003
21
-77.936089999999993
0
LINE
8
BLACK
6
CONTINUOUS
10
58.8449150000000003
20
-77.936089999999993
11
59.0937379999999948
21
-77.9754999999999967
0
LINE
8
BLACK
6
CONTINUOUS
10
59.0937379999999948
20
-77.9754999999999967
11
59.0937389999999994
21
-77.9754999999999967
0
LINE
8
BLACK
6
CONTINUOUS
10
59.0937389999999994
20
-77.9754999999999967
11
59.3456609999999998
21
-77.9754999999999967
0
LINE
8
BLACK
6
CONTINUOUS
10
59.3456609999999998
20
-77.9754999999999967
11
59.3456619999999972
21
-77.9754999999999967
0
LINE
8
BLACK
6
CONTINUOUS
10
59.3456619999999972
20
-77.9754999999999967
11
59.5944849999999988
21
-77.936089999999993
0
LINE
8
BLACK
6
CONTINUOUS
10
59.5944849999999988
20
-77.936089999999993
11
59.8340789999999956
21
-77.8582409999999925
0
LINE
8
BLACK
6
CONTINUOUS
10
59.8340789999999956
20
-77.8582409999999925
11
60.0585449999999952
21
-77.7438700000000011
0
LINE
8
BLACK
6
CONTINUOUS
10
60.0585449999999952
20
-77.7438700000000011
11
60.2623559999999969
21
-77.5957930000000005
0
LINE
8
BLACK
6
CONTINUOUS
10
60.2623559999999969
20
-77.5957930000000005
11
60.4404929999999965
21
-77.4176559999999938
0
LINE
8
BLACK
6
CONTINUOUS
10
60.4404929999999965
20
-77.4176559999999938
11
60.5885699999999972
21
-77.2138449999999921
0
LINE
8
BLACK
6
CONTINUOUS
10
60.5885699999999972
20
-77.2138449999999921
11
60.7029409999999956
21
-76.9893789999999996
0
LINE
8
BLACK
6
CONTINUOUS
10
60.7029409999999956
20
-76.9893789999999996
11
60.7807899999999961
21
-76.7497850000000028
0
LINE
8
BLACK
6
CONTINUOUS
10
60.7807899999999961
20
-76.7497850000000028
11
60.8201999999999998
21
-76.5009620000000012
0
LINE
8
BLACK
6
CONTINUOUS
10
60.8201999999999998
20
-76.5009620000000012
11
60.8201999999999998
21
-76.2490379999999988
0
LINE
8
BLACK
6
CONTINUOUS
10
60.8201999999999998
20
-76.2490379999999988
11
60.7807899999999961
21
-76.0002149999999972
0
LINE
8
BLACK
6
CONTINUOUS
10
60.7807899999999961
20
-76.0002149999999972
11
60.7029409999999956
21
-75.7606210000000004
0
LINE
8
BLACK
6
CONTINUOUS
10
60.7029409999999956
20
-75.7606210000000004
11
60.7029390000000006
21
-75.7606179999999938
0
LINE
8
BLACK
6
CONTINUOUS
10
60.7029390000000006
20
-75.7606179999999938
11
60.7029390000000006
21
-75.7606159999999988
0
LINE
8
BLACK
6
CONTINUOUS
10
60.7029390000000006
20
-75.7606159999999988
11
60.6442440000000005
21
-75.6454209999999989
0
LINE
8
BLACK
6
CONTINUOUS
10
60.6442440000000005
20
-75.6454209999999989
11
60.5885699999999972
21
-75.5361549999999937
0
LINE
8
BLACK
6
CONTINUOUS
10
60.5885699999999972
20
-75.5361549999999937
11
60.5049390000000002
21
-75.4210459999999898
0
LINE
8
BLACK
6
CONTINUOUS
10
60.5049390000000002
20
-75.4210459999999898
11
60.4404979999999981
21
-75.332349999999991
0
LINE
8
BLACK
6
CONTINUOUS
10
60.4404979999999981
20
-75.332349999999991
11
60.4404939999999939
21
-75.3323450000000037
0
LINE
8
BLACK
6
CONTINUOUS
10
60.4404939999999939
20
-75.3323450000000037
11
60.2623539999999949
21
-75.1542049999999904
0
LINE
8
BLACK
6
CONTINUOUS
10
60.2623539999999949
20
-75.1542049999999904
11
60.2623490000000004
21
-75.1542010000000005
0
LINE
8
BLACK
6
CONTINUOUS
10
60.2623490000000004
20
-75.1542010000000005
11
60.0585479999999947
21
-75.0061319999999938
0
LINE
8
BLACK
6
CONTINUOUS
10
60.0585479999999947
20
-75.0061319999999938
11
60.0585469999999972
21
-75.0061309999999963
0
LINE
8
BLACK
6
CONTINUOUS
10
60.0585469999999972
20
-75.0061309999999963
11
60.0585449999999952
21
-75.0061299999999989
0
LINE
8
BLACK
6
CONTINUOUS
10
60.0585449999999952
20
-75.0061299999999989
11
59.9431179999999983
21
-74.9473169999999982
0
LINE
8
BLACK
6
CONTINUOUS
10
59.9431179999999983
20
-74.9473169999999982
11
59.8340829999999997
21
-74.8917599999999908
0
LINE
8
BLACK
6
CONTINUOUS
10
59.8340829999999997
20
-74.8917599999999908
11
59.5944849999999988
21
-74.8139099999999928
0
LINE
8
BLACK
6
CONTINUOUS
10
59.5944849999999988
20
-74.8139099999999928
11
59.4416299999999964
21
-74.7896999999999963
0
LINE
8
BLACK
6
CONTINUOUS
10
59.4416299999999964
20
-74.7896999999999963
11
59.3456619999999972
21
-74.7745000000000033
0
LINE
8
BLACK
6
CONTINUOUS
10
59.3456619999999972
20
-74.7745000000000033
11
59.0937379999999948
21
-74.7745000000000033
0
LINE
8
BLACK
6
CONTINUOUS
10
59.0937379999999948
20
-74.7745000000000033
11
59.0169949999999943
21
-74.7866549999999961
0
LINE
8
BLACK
6
CONTINUOUS
10
59.0169949999999943
20
-74.7866549999999961
11
58.8449139999999957
21
-74.8139099999999928
0
LINE
8
BLACK
6
CONTINUOUS
10
58.8449139999999957
20
-74.8139099999999928
11
58.6053159999999949
21
-74.8917599999999908
0
LINE
8
BLACK
6
CONTINUOUS
10
58.6053159999999949
20
-74.8917599999999908
11
58.3808509999999998
21
-75.0061319999999938
0
LINE
8
BLACK
6
CONTINUOUS
10
58.3808509999999998
20
-75.0061319999999938
11
58.1770499999999942
21
-75.1542010000000005
0
LINE
8
BLACK
6
CONTINUOUS
10
58.1770499999999942
20
-75.1542010000000005
11
58.1770449999999997
21
-75.1542049999999904
0
LINE
8
BLACK
6
CONTINUOUS
10
58.1770449999999997
20
-75.1542049999999904
11
57.9989050000000006
21
-75.3323450000000037
0
LINE
8
BLACK
6
CONTINUOUS
10
57.9989050000000006
20
-75.3323450000000037
11
57.9989009999999965
21
-75.332349999999991
0
LINE
8
BLACK
6
CONTINUOUS
10
57.9989009999999965
20
-75.332349999999991
11
57.8508319999999969
21
-75.5361509999999896
0
LINE
8
BLACK
6
CONTINUOUS
10
57.8508319999999969
20
-75.5361509999999896
11
57.7364599999999939
21
-75.7606159999999988
0
LINE
8
BLACK
6
CONTINUOUS
10
57.7364599999999939
20
-75.7606159999999988
11
57.6586099999999959
21
-76.0002139999999997
0
LINE
8
BLACK
6
CONTINUOUS
10
57.6586099999999959
20
-76.0002139999999997
11
57.6586099999999959
21
-76.0002149999999972
0
LINE
8
BLACK
6
CONTINUOUS
10
57.6586099999999959
20
-76.0002149999999972
11
57.6191999999999993
21
-76.2490379999999988
0
LINE
8
BLACK
6
CONTINUOUS
10
57.6191999999999993
20
-76.2490379999999988
11
57.6191999999999993
21
-76.5009620000000012
0
LINE
8
BLACK
6
CONTINUOUS
10
87.7691999999999979
20
-76.5009620000000012
11
87.7756090000000029
21
-76.5414279999999962
0
LINE
8
BLACK
6
CONTINUOUS
10
87.7756090000000029
20
-76.5414279999999962
11
87.8086100000000016
21
-76.7497850000000028
0
LINE
8
BLACK
6
CONTINUOUS
10
87.8086100000000016
20
-76.7497850000000028
11
87.8864599999999996
21
-76.9893829999999895
0
LINE
8
BLACK
6
CONTINUOUS
10
87.8864599999999996
20
-76.9893829999999895
11
88.0008320000000026
21
-77.2138479999999987
0
LINE
8
BLACK
6
CONTINUOUS
10
88.0008320000000026
20
-77.2138479999999987
11
88.1489009999999951
21
-77.4176489999999973
0
LINE
8
BLACK
6
CONTINUOUS
10
88.1489009999999951
20
-77.4176489999999973
11
88.1489049999999992
21
-77.4176539999999989
0
LINE
8
BLACK
6
CONTINUOUS
10
88.1489049999999992
20
-77.4176539999999989
11
88.3270449999999983
21
-77.5957939999999979
0
LINE
8
BLACK
6
CONTINUOUS
10
88.3270449999999983
20
-77.5957939999999979
11
88.3270499999999998
21
-77.595798000000002
0
LINE
8
BLACK
6
CONTINUOUS
10
88.3270499999999998
20
-77.595798000000002
11
88.3395809999999955
21
-77.6049019999999956
0
LINE
8
BLACK
6
CONTINUOUS
10
88.3395809999999955
20
-77.6049019999999956
11
88.5308550000000025
21
-77.7438700000000011
0
LINE
8
BLACK
6
CONTINUOUS
10
88.5308550000000025
20
-77.7438700000000011
11
88.6462859999999893
21
-77.8026849999999968
0
LINE
8
BLACK
6
CONTINUOUS
10
88.6462859999999893
20
-77.8026849999999968
11
88.7553159999999934
21
-77.8582389999999975
0
LINE
8
BLACK
6
CONTINUOUS
10
88.7553159999999934
20
-77.8582389999999975
11
88.7553180000000026
21
-77.8582389999999975
0
LINE
8
BLACK
6
CONTINUOUS
10
88.7553180000000026
20
-77.8582389999999975
11
88.755320999999995
21
-77.8582409999999925
0
LINE
8
BLACK
6
CONTINUOUS
10
88.755320999999995
20
-77.8582409999999925
11
88.9949149999999918
21
-77.936089999999993
0
LINE
8
BLACK
6
CONTINUOUS
10
88.9949149999999918
20
-77.936089999999993
11
89.2437379999999933
21
-77.9754999999999967
0
LINE
8
BLACK
6
CONTINUOUS
10
89.2437379999999933
20
-77.9754999999999967
11
89.2437389999999908
21
-77.9754999999999967
0
LINE
8
BLACK
6
CONTINUOUS
10
89.2437389999999908
20
-77.9754999999999967
11
89.4956609999999984
21
-77.9754999999999967
0
LINE
8
BLACK
6
CONTINUOUS
10
89.4956609999999984
20
-77.9754999999999967
11
89.4956619999999958
21
-77.9754999999999967
0
LINE
8
BLACK
6
CONTINUOUS
10
89.4956619999999958
20
-77.9754999999999967
11
89.7444849999999974
21
-77.936089999999993
0
LINE
8
BLACK
6
CONTINUOUS
10
89.7444849999999974
20
-77.936089999999993
11
89.9840789999999942
21
-77.8582409999999925
0
LINE
8
BLACK
6
CONTINUOUS
10
89.9840789999999942
20
-77.8582409999999925
11
90.2085450000000009
21
-77.7438700000000011
0
LINE
8
BLACK
6
CONTINUOUS
10
90.2085450000000009
20
-77.7438700000000011
11
90.4123560000000026
21
-77.5957930000000005
0
LINE
8
BLACK
6
CONTINUOUS
10
90.4123560000000026
20
-77.5957930000000005
11
90.590492999999995
21
-77.4176559999999938
0
LINE
8
BLACK
6
CONTINUOUS
10
90.590492999999995
20
-77.4176559999999938
11
90.7385699999999957
21
-77.2138449999999921
0
LINE
8
BLACK
6
CONTINUOUS
10
90.7385699999999957
20
-77.2138449999999921
11
90.8529410000000013
21
-76.9893789999999996
0
LINE
8
BLACK
6
CONTINUOUS
10
90.8529410000000013
20
-76.9893789999999996
11
90.9307900000000018
21
-76.7497850000000028
0
LINE
8
BLACK
6
CONTINUOUS
10
90.9307900000000018
20
-76.7497850000000028
11
90.9701999999999913
21
-76.5009620000000012
0
LINE
8
BLACK
6
CONTINUOUS
10
90.9701999999999913
20
-76.5009620000000012
11
90.9701999999999913
21
-76.2490379999999988
0
LINE
8
BLACK
6
CONTINUOUS
10
90.9701999999999913
20
-76.2490379999999988
11
90.9307900000000018
21
-76.0002149999999972
0
LINE
8
BLACK
6
CONTINUOUS
10
90.9307900000000018
20
-76.0002149999999972
11
90.8529410000000013
21
-75.7606210000000004
0
LINE
8
BLACK
6
CONTINUOUS
10
90.8529410000000013
20
-75.7606210000000004
11
90.8529389999999921
21
-75.7606179999999938
0
LINE
8
BLACK
6
CONTINUOUS
10
90.8529389999999921
20
-75.7606179999999938
11
90.8529389999999921
21
-75.7606159999999988
0
LINE
8
BLACK
6
CONTINUOUS
10
90.8529389999999921
20
-75.7606159999999988
11
90.794243999999992
21
-75.6454209999999989
0
LINE
8
BLACK
6
CONTINUOUS
10
90.794243999999992
20
-75.6454209999999989
11
90.7385699999999957
21
-75.5361549999999937
0
LINE
8
BLACK
6
CONTINUOUS
10
90.7385699999999957
20
-75.5361549999999937
11
90.6549389999999988
21
-75.4210459999999898
0
LINE
8
BLACK
6
CONTINUOUS
10
90.6549389999999988
20
-75.4210459999999898
11
90.5904979999999966
21
-75.332349999999991
0
LINE
8
BLACK
6
CONTINUOUS
10
90.5904979999999966
20
-75.332349999999991
11
90.5904939999999925
21
-75.3323450000000037
0
LINE
8
BLACK
6
CONTINUOUS
10
90.5904939999999925
20
-75.3323450000000037
11
90.4123539999999934
21
-75.1542049999999904
0
LINE
8
BLACK
6
CONTINUOUS
10
90.4123539999999934
20
-75.1542049999999904
11
90.4123489999999919
21
-75.1542010000000005
0
LINE
8
BLACK
6
CONTINUOUS
10
90.4123489999999919
20
-75.1542010000000005
11
90.2085479999999933
21
-75.0061319999999938
0
LINE
8
BLACK
6
CONTINUOUS
10
90.2085479999999933
20
-75.0061319999999938
11
90.2085469999999958
21
-75.0061309999999963
0
LINE
8
BLACK
6
CONTINUOUS
10
90.2085469999999958
20
-75.0061309999999963
11
90.2085450000000009
21
-75.0061299999999989
0
LINE
8
BLACK
6
CONTINUOUS
10
90.2085450000000009
20
-75.0061299999999989
11
90.0931179999999898
21
-74.9473169999999982
0
LINE
8
BLACK
6
CONTINUOUS
10
90.0931179999999898
20
-74.9473169999999982
11
89.9840829999999983
21
-74.8917599999999908
0
LINE
8
BLACK
6
CONTINUOUS
10
89.9840829999999983
20
-74.8917599999999908
11
89.7444849999999974
21
-74.8139099999999928
0
LINE
8
BLACK
6
CONTINUOUS
10
89.7444849999999974
20
-74.8139099999999928
11
89.591629999999995
21
-74.7896999999999963
0
LINE
8
BLACK
6
CONTINUOUS
10
89.591629999999995
20
-74.7896999999999963
11
89.5724049999999892
21
-74.7866549999999961
0
LINE
8
BLACK
6
CONTINUOUS
10
89.5724049999999892
20
-74.7866549999999961
11
89.4956619999999958
21
-74.7745000000000033
0
LINE
8
BLACK
6
CONTINUOUS
10
89.4956619999999958
20
-74.7745000000000033
11
89.2437379999999933
21
-74.7745000000000033
0
LINE
8
BLACK
6
CONTINUOUS
10
89.2437379999999933
20
-74.7745000000000033
11
89.166995
21
-74.7866549999999961
0
LINE
8
BLACK
6
CONTINUOUS
10
89.166995
20
-74.7866549999999961
11
88.9949139999999943
21
-74.8139099999999928
0
LINE
8
BLACK
6
CONTINUOUS
10
88.9949139999999943
20
-74.8139099999999928
11
88.7553159999999934
21
-74.8917599999999908
0
LINE
8
BLACK
6
CONTINUOUS
10
88.7553159999999934
20
-74.8917599999999908
11
88.5308509999999984
21
-75.0061319999999938
0
LINE
8
BLACK
6
CONTINUOUS
10
88.5308509999999984
20
-75.0061319999999938
11
88.3270499999999998
21
-75.1542010000000005
0
LINE
8
BLACK
6
CONTINUOUS
10
88.3270499999999998
20
-75.1542010000000005
11
88.3270449999999983
21
-75.1542049999999904
0
LINE
8
BLACK
6
CONTINUOUS
10
88.3270449999999983
20
-75.1542049999999904
11
88.1489049999999992
21
-75.3323450000000037
0
LINE
8
BLACK
6
CONTINUOUS
10
88.1489049999999992
20
-75.3323450000000037
11
88.1489009999999951
21
-75.332349999999991
0
LINE
8
BLACK
6
CONTINUOUS
10
88.1489009999999951
20
-75.332349999999991
11
88.0008320000000026
21
-75.5361509999999896
0
LINE
8
BLACK
6
CONTINUOUS
10
88.0008320000000026
20
-75.5361509999999896
11
87.8864599999999996
21
-75.7606159999999988
0
LINE
8
BLACK
6
CONTINUOUS
10
87.8864599999999996
20
-75.7606159999999988
11
87.8086100000000016
21
-76.0002139999999997
0
LINE
8
BLACK
6
CONTINUOUS
10
87.8086100000000016
20
-76.0002139999999997
11
87.8086100000000016
21
-76.0002149999999972
0
LINE
8
BLACK
6
CONTINUOUS
10
87.8086100000000016
20
-76.0002149999999972
11
87.7691999999999979
21
-76.2490379999999988
0
LINE
8
BLACK
6
CONTINUOUS
10
87.7691999999999979
20
-76.2490379999999988
11
87.7691999999999979
21
-76.5009620000000012
0
LINE
8
BLACK
6
CONTINUOUS
10
95.3892000000000024
20
-76.5009620000000012
11
95.3956089999999932
21
-76.5414279999999962
0
LINE
8
BLACK
6
CONTINUOUS
10
95.3956089999999932
20
-76.5414279999999962
11
95.4286099999999919
21
-76.7497850000000028
0
LINE
8
BLACK
6
CONTINUOUS
10
95.4286099999999919
20
-76.7497850000000028
11
95.5064599999999899
21
-76.9893829999999895
0
LINE
8
BLACK
6
CONTINUOUS
10
95.5064599999999899
20
-76.9893829999999895
11
95.6208319999999929
21
-77.2138479999999987
0
LINE
8
BLACK
6
CONTINUOUS
10
95.6208319999999929
20
-77.2138479999999987
11
95.7689009999999996
21
-77.4176489999999973
0
LINE
8
BLACK
6
CONTINUOUS
10
95.7689009999999996
20
-77.4176489999999973
11
95.7689049999999895
21
-77.4176539999999989
0
LINE
8
BLACK
6
CONTINUOUS
10
95.7689049999999895
20
-77.4176539999999989
11
95.9470449999999886
21
-77.5957939999999979
0
LINE
8
BLACK
6
CONTINUOUS
10
95.9470449999999886
20
-77.5957939999999979
11
95.9470499999999902
21
-77.595798000000002
0
LINE
8
BLACK
6
CONTINUOUS
10
95.9470499999999902
20
-77.595798000000002
11
95.959581
21
-77.6049019999999956
0
LINE
8
BLACK
6
CONTINUOUS
10
95.959581
20
-77.6049019999999956
11
96.1508549999999929
21
-77.7438700000000011
0
LINE
8
BLACK
6
CONTINUOUS
10
96.1508549999999929
20
-77.7438700000000011
11
96.2662859999999938
21
-77.8026849999999968
0
LINE
8
BLACK
6
CONTINUOUS
10
96.2662859999999938
20
-77.8026849999999968
11
96.375315999999998
21
-77.8582389999999975
0
LINE
8
BLACK
6
CONTINUOUS
10
96.375315999999998
20
-77.8582389999999975
11
96.3753179999999929
21
-77.8582389999999975
0
LINE
8
BLACK
6
CONTINUOUS
10
96.3753179999999929
20
-77.8582389999999975
11
96.3753209999999996
21
-77.8582409999999925
0
LINE
8
BLACK
6
CONTINUOUS
10
96.3753209999999996
20
-77.8582409999999925
11
96.6149149999999963
21
-77.936089999999993
0
LINE
8
BLACK
6
CONTINUOUS
10
96.6149149999999963
20
-77.936089999999993
11
96.8637379999999979
21
-77.9754999999999967
0
LINE
8
BLACK
6
CONTINUOUS
10
96.8637379999999979
20
-77.9754999999999967
11
96.8637389999999954
21
-77.9754999999999967
0
LINE
8
BLACK
6
CONTINUOUS
10
96.8637389999999954
20
-77.9754999999999967
11
97.1156609999999887
21
-77.9754999999999967
0
LINE
8
BLACK
6
CONTINUOUS
10
97.1156609999999887
20
-77.9754999999999967
11
97.1156620000000004
21
-77.9754999999999967
0
LINE
8
BLACK
6
CONTINUOUS
10
97.1156620000000004
20
-77.9754999999999967
11
97.3644850000000019
21
-77.936089999999993
0
LINE
8
BLACK
6
CONTINUOUS
10
97.3644850000000019
20
-77.936089999999993
11
97.6040789999999987
21
-77.8582409999999925
0
LINE
8
BLACK
6
CONTINUOUS
10
97.6040789999999987
20
-77.8582409999999925
11
97.8285449999999912
21
-77.7438700000000011
0
LINE
8
BLACK
6
CONTINUOUS
10
97.8285449999999912
20
-77.7438700000000011
11
98.0323559999999929
21
-77.5957930000000005
0
LINE
8
BLACK
6
CONTINUOUS
10
98.0323559999999929
20
-77.5957930000000005
11
98.2104929999999996
21
-77.4176559999999938
0
LINE
8
BLACK
6
CONTINUOUS
10
98.2104929999999996
20
-77.4176559999999938
11
98.3585700000000003
21
-77.2138449999999921
0
LINE
8
BLACK
6
CONTINUOUS
10
98.3585700000000003
20
-77.2138449999999921
11
98.4729409999999916
21
-76.9893789999999996
0
LINE
8
BLACK
6
CONTINUOUS
10
98.4729409999999916
20
-76.9893789999999996
11
98.5507899999999921
21
-76.7497850000000028
0
LINE
8
BLACK
6
CONTINUOUS
10
98.5507899999999921
20
-76.7497850000000028
11
98.5901999999999958
21
-76.5009620000000012
0
LINE
8
BLACK
6
CONTINUOUS
10
98.5901999999999958
20
-76.5009620000000012
11
98.5901999999999958
21
-76.2490379999999988
0
LINE
8
BLACK
6
CONTINUOUS
10
98.5901999999999958
20
-76.2490379999999988
11
98.5507899999999921
21
-76.0002149999999972
0
LINE
8
BLACK
6
CONTINUOUS
10
98.5507899999999921
20
-76.0002149999999972
11
98.4729409999999916
21
-75.7606210000000004
0
LINE
8
BLACK
6
CONTINUOUS
10
98.4729409999999916
20
-75.7606210000000004
11
98.4729389999999967
21
-75.7606179999999938
0
LINE
8
BLACK
6
CONTINUOUS
10
98.4729389999999967
20
-75.7606179999999938
11
98.4729389999999967
21
-75.7606159999999988
0
LINE
8
BLACK
6
CONTINUOUS
10
98.4729389999999967
20
-75.7606159999999988
11
98.4142439999999965
21
-75.6454209999999989
0
LINE
8
BLACK
6
CONTINUOUS
10
98.4142439999999965
20
-75.6454209999999989
11
98.3585700000000003
21
-75.5361549999999937
0
LINE
8
BLACK
6
CONTINUOUS
10
98.3585700000000003
20
-75.5361549999999937
11
98.2749389999999892
21
-75.4210459999999898
0
LINE
8
BLACK
6
CONTINUOUS
10
98.2749389999999892
20
-75.4210459999999898
11
98.2104980000000012
21
-75.332349999999991
0
LINE
8
BLACK
6
CONTINUOUS
10
98.2104980000000012
20
-75.332349999999991
11
98.2104939999999971
21
-75.3323450000000037
0
LINE
8
BLACK
6
CONTINUOUS
10
98.2104939999999971
20
-75.3323450000000037
11
98.032353999999998
21
-75.1542049999999904
0
LINE
8
BLACK
6
CONTINUOUS
10
98.032353999999998
20
-75.1542049999999904
11
98.0323489999999964
21
-75.1542010000000005
0
LINE
8
BLACK
6
CONTINUOUS
10
98.0323489999999964
20
-75.1542010000000005
11
97.8285479999999978
21
-75.0061319999999938
0
LINE
8
BLACK
6
CONTINUOUS
10
97.8285479999999978
20
-75.0061319999999938
11
97.8285470000000004
21
-75.0061309999999963
0
LINE
8
BLACK
6
CONTINUOUS
10
97.8285470000000004
20
-75.0061309999999963
11
97.8285449999999912
21
-75.0061299999999989
0
LINE
8
BLACK
6
CONTINUOUS
10
97.8285449999999912
20
-75.0061299999999989
11
97.7131179999999944
21
-74.9473169999999982
0
LINE
8
BLACK
6
CONTINUOUS
10
97.7131179999999944
20
-74.9473169999999982
11
97.6040829999999886
21
-74.8917599999999908
0
LINE
8
BLACK
6
CONTINUOUS
10
97.6040829999999886
20
-74.8917599999999908
11
97.3644850000000019
21
-74.8139099999999928
0
LINE
8
BLACK
6
CONTINUOUS
10
97.3644850000000019
20
-74.8139099999999928
11
97.2116299999999995
21
-74.7896999999999963
0
LINE
8
BLACK
6
CONTINUOUS
10
97.2116299999999995
20
-74.7896999999999963
11
97.1156620000000004
21
-74.7745000000000033
0
LINE
8
BLACK
6
CONTINUOUS
10
97.1156620000000004
20
-74.7745000000000033
11
96.8637379999999979
21
-74.7745000000000033
0
LINE
8
BLACK
6
CONTINUOUS
10
96.8637379999999979
20
-74.7745000000000033
11
96.7869949999999903
21
-74.7866549999999961
0
LINE
8
BLACK
6
CONTINUOUS
10
96.7869949999999903
20
-74.7866549999999961
11
96.6149139999999989
21
-74.8139099999999928
0
LINE
8
BLACK
6
CONTINUOUS
10
96.6149139999999989
20
-74.8139099999999928
11
96.375315999999998
21
-74.8917599999999908
0
LINE
8
BLACK
6
CONTINUOUS
10
96.375315999999998
20
-74.8917599999999908
11
96.1508509999999887
21
-75.0061319999999938
0
LINE
8
BLACK
6
CONTINUOUS
10
96.1508509999999887
20
-75.0061319999999938
11
95.9470499999999902
21
-75.1542010000000005
0
LINE
8
BLACK
6
CONTINUOUS
10
95.9470499999999902
20
-75.1542010000000005
11
95.9470449999999886
21
-75.1542049999999904
0
LINE
8
BLACK
6
CONTINUOUS
10
95.9470449999999886
20
-75.1542049999999904
11
95.7689049999999895
21
-75.3323450000000037
0
LINE
8
BLACK
6
CONTINUOUS
10
95.7689049999999895
20
-75.3323450000000037
11
95.7689009999999996
21
-75.332349999999991
0
LINE
8
BLACK
6
CONTINUOUS
10
95.7689009999999996
20
-75.332349999999991
11
95.6208319999999929
21
-75.5361509999999896
0
LINE
8
BLACK
6
CONTINUOUS
10
95.6208319999999929
20
-75.5361509999999896
11
95.5064599999999899
21
-75.7606159999999988
0
LINE
8
BLACK
6
CONTINUOUS
10
95.5064599999999899
20
-75.7606159999999988
11
95.4286099999999919
21
-76.0002139999999997
0
LINE
8
BLACK
6
CONTINUOUS
10
95.4286099999999919
20
-76.0002139999999997
11
95.4286099999999919
21
-76.0002149999999972
0
LINE
8
BLACK
6
CONTINUOUS
10
95.4286099999999919
20
-76.0002149999999972
11
95.3892000000000024
21
-76.2490379999999988
0
LINE
8
BLACK
6
CONTINUOUS
10
95.3892000000000024
20
-76.2490379999999988
11
95.3892000000000024
21
-76.5009620000000012
0
LINE
8
BLACK
6
CONTINUOUS
10
105.5391999999999939
20
-76.5009620000000012
11
105.5456089999999989
21
-76.5414279999999962
0
LINE
8
BLACK
6
CONTINUOUS
10
105.5456089999999989
20
-76.5414279999999962
11
105.5786099999999976
21
-76.7497850000000028
0
LINE
8
BLACK
6
CONTINUOUS
10
105.5786099999999976
20
-76.7497850000000028
11
105.6564599999999956
21
-76.9893829999999895
0
LINE
8
BLACK
6
CONTINUOUS
10
105.6564599999999956
20
-76.9893829999999895
11
105.7708319999999986
21
-77.2138479999999987
0
LINE
8
BLACK
6
CONTINUOUS
10
105.7708319999999986
20
-77.2138479999999987
11
105.9189009999999911
21
-77.4176489999999973
0
LINE
8
BLACK
6
CONTINUOUS
10
105.9189009999999911
20
-77.4176489999999973
11
105.9189049999999952
21
-77.4176539999999989
0
LINE
8
BLACK
6
CONTINUOUS
10
105.9189049999999952
20
-77.4176539999999989
11
106.0970449999999943
21
-77.5957939999999979
0
LINE
8
BLACK
6
CONTINUOUS
10
106.0970449999999943
20
-77.5957939999999979
11
106.0970499999999959
21
-77.595798000000002
0
LINE
8
BLACK
6
CONTINUOUS
10
106.0970499999999959
20
-77.595798000000002
11
106.1095809999999915
21
-77.6049019999999956
0
LINE
8
BLACK
6
CONTINUOUS
10
106.1095809999999915
20
-77.6049019999999956
11
106.3008549999999985
21
-77.7438700000000011
0
LINE
8
BLACK
6
CONTINUOUS
10
106.3008549999999985
20
-77.7438700000000011
11
106.4162859999999995
21
-77.8026849999999968
0
LINE
8
BLACK
6
CONTINUOUS
10
106.4162859999999995
20
-77.8026849999999968
11
106.5253159999999895
21
-77.8582389999999975
0
LINE
8
BLACK
6
CONTINUOUS
10
106.5253159999999895
20
-77.8582389999999975
11
106.5253179999999986
21
-77.8582389999999975
0
LINE
8
BLACK
6
CONTINUOUS
10
106.5253179999999986
20
-77.8582389999999975
11
106.525320999999991
21
-77.8582409999999925
0
LINE
8
BLACK
6
CONTINUOUS
10
106.525320999999991
20
-77.8582409999999925
11
106.764915000000002
21
-77.936089999999993
0
LINE
8
BLACK
6
CONTINUOUS
10
106.764915000000002
20
-77.936089999999993
11
107.0137379999999894
21
-77.9754999999999967
0
LINE
8
BLACK
6
CONTINUOUS
10
107.0137379999999894
20
-77.9754999999999967
11
107.0137390000000011
21
-77.9754999999999967
0
LINE
8
BLACK
6
CONTINUOUS
10
107.0137390000000011
20
-77.9754999999999967
11
107.2656609999999944
21
-77.9754999999999967
0
LINE
8
BLACK
6
CONTINUOUS
10
107.2656609999999944
20
-77.9754999999999967
11
107.2656619999999918
21
-77.9754999999999967
0
LINE
8
BLACK
6
CONTINUOUS
10
107.2656619999999918
20
-77.9754999999999967
11
107.5144849999999934
21
-77.936089999999993
0
LINE
8
BLACK
6
CONTINUOUS
10
107.5144849999999934
20
-77.936089999999993
11
107.7540789999999902
21
-77.8582409999999925
0
LINE
8
BLACK
6
CONTINUOUS
10
107.7540789999999902
20
-77.8582409999999925
11
107.9785449999999969
21
-77.7438700000000011
0
LINE
8
BLACK
6
CONTINUOUS
10
107.9785449999999969
20
-77.7438700000000011
11
108.1823559999999986
21
-77.5957930000000005
0
LINE
8
BLACK
6
CONTINUOUS
10
108.1823559999999986
20
-77.5957930000000005
11
108.3604929999999911
21
-77.4176559999999938
0
LINE
8
BLACK
6
CONTINUOUS
10
108.3604929999999911
20
-77.4176559999999938
11
108.5085699999999918
21
-77.2138449999999921
0
LINE
8
BLACK
6
CONTINUOUS
10
108.5085699999999918
20
-77.2138449999999921
11
108.6229409999999973
21
-76.9893789999999996
0
LINE
8
BLACK
6
CONTINUOUS
10
108.6229409999999973
20
-76.9893789999999996
11
108.7007899999999978
21
-76.7497850000000028
0
LINE
8
BLACK
6
CONTINUOUS
10
108.7007899999999978
20
-76.7497850000000028
11
108.7402000000000015
21
-76.5009620000000012
0
LINE
8
BLACK
6
CONTINUOUS
10
108.7402000000000015
20
-76.5009620000000012
11
108.7402000000000015
21
-76.2490379999999988
0
LINE
8
BLACK
6
CONTINUOUS
10
108.7402000000000015
20
-76.2490379999999988
11
108.7007899999999978
21
-76.0002149999999972
0
LINE
8
BLACK
6
CONTINUOUS
10
108.7007899999999978
20
-76.0002149999999972
11
108.6229409999999973
21
-75.7606210000000004
0
LINE
8
BLACK
6
CONTINUOUS
10
108.6229409999999973
20
-75.7606210000000004
11
108.6229389999999881
21
-75.7606179999999938
0
LINE
8
BLACK
6
CONTINUOUS
10
108.6229389999999881
20
-75.7606179999999938
11
108.6229389999999881
21
-75.7606159999999988
0
LINE
8
BLACK
6
CONTINUOUS
10
108.6229389999999881
20
-75.7606159999999988
11
108.5642440000000022
21
-75.6454209999999989
0
LINE
8
BLACK
6
CONTINUOUS
10
108.5642440000000022
20
-75.6454209999999989
11
108.5085699999999918
21
-75.5361549999999937
0
LINE
8
BLACK
6
CONTINUOUS
10
108.5085699999999918
20
-75.5361549999999937
11
108.4249389999999948
21
-75.4210459999999898
0
LINE
8
BLACK
6
CONTINUOUS
10
108.4249389999999948
20
-75.4210459999999898
11
108.3604979999999927
21
-75.332349999999991
0
LINE
8
BLACK
6
CONTINUOUS
10
108.3604979999999927
20
-75.332349999999991
11
108.3604939999999885
21
-75.3323450000000037
0
LINE
8
BLACK
6
CONTINUOUS
10
108.3604939999999885
20
-75.3323450000000037
11
108.1823539999999895
21
-75.1542049999999904
0
LINE
8
BLACK
6
CONTINUOUS
10
108.1823539999999895
20
-75.1542049999999904
11
108.1823490000000021
21
-75.1542010000000005
0
LINE
8
BLACK
6
CONTINUOUS
10
108.1823490000000021
20
-75.1542010000000005
11
107.9785479999999893
21
-75.0061319999999938
0
LINE
8
BLACK
6
CONTINUOUS
10
107.9785479999999893
20
-75.0061319999999938
11
107.9785469999999918
21
-75.0061309999999963
0
LINE
8
BLACK
6
CONTINUOUS
10
107.9785469999999918
20
-75.0061309999999963
11
107.9785449999999969
21
-75.0061299999999989
0
LINE
8
BLACK
6
CONTINUOUS
10
107.9785449999999969
20
-75.0061299999999989
11
107.8631180000000001
21
-74.9473169999999982
0
LINE
8
BLACK
6
CONTINUOUS
10
107.8631180000000001
20
-74.9473169999999982
11
107.7540829999999943
21
-74.8917599999999908
0
LINE
8
BLACK
6
CONTINUOUS
10
107.7540829999999943
20
-74.8917599999999908
11
107.5144849999999934
21
-74.8139099999999928
0
LINE
8
BLACK
6
CONTINUOUS
10
107.5144849999999934
20
-74.8139099999999928
11
107.361629999999991
21
-74.7896999999999963
0
LINE
8
BLACK
6
CONTINUOUS
10
107.361629999999991
20
-74.7896999999999963
11
107.3424049999999994
21
-74.7866549999999961
0
LINE
8
BLACK
6
CONTINUOUS
10
107.3424049999999994
20
-74.7866549999999961
11
107.2656619999999918
21
-74.7745000000000033
0
LINE
8
BLACK
6
CONTINUOUS
10
107.2656619999999918
20
-74.7745000000000033
11
107.0137379999999894
21
-74.7745000000000033
0
LINE
8
BLACK
6
CONTINUOUS
10
107.0137379999999894
20
-74.7745000000000033
11
106.936994999999996
21
-74.7866549999999961
0
LINE
8
BLACK
6
CONTINUOUS
10
106.936994999999996
20
-74.7866549999999961
11
106.7649139999999903
21
-74.8139099999999928
0
LINE
8
BLACK
6
CONTINUOUS
10
106.7649139999999903
20
-74.8139099999999928
11
106.5253159999999895
21
-74.8917599999999908
0
LINE
8
BLACK
6
CONTINUOUS
10
106.5253159999999895
20
-74.8917599999999908
11
106.3008509999999944
21
-75.0061319999999938
0
LINE
8
BLACK
6
CONTINUOUS
10
106.3008509999999944
20
-75.0061319999999938
11
106.0970499999999959
21
-75.1542010000000005
0
LINE
8
BLACK
6
CONTINUOUS
10
106.0970499999999959
20
-75.1542010000000005
11
106.0970449999999943
21
-75.1542049999999904
0
LINE
8
BLACK
6
CONTINUOUS
10
106.0970449999999943
20
-75.1542049999999904
11
105.9189049999999952
21
-75.3323450000000037
0
LINE
8
BLACK
6
CONTINUOUS
10
105.9189049999999952
20
-75.3323450000000037
11
105.9189009999999911
21
-75.332349999999991
0
LINE
8
BLACK
6
CONTINUOUS
10
105.9189009999999911
20
-75.332349999999991
11
105.7708319999999986
21
-75.5361509999999896
0
LINE
8
BLACK
6
CONTINUOUS
10
105.7708319999999986
20
-75.5361509999999896
11
105.6564599999999956
21
-75.7606159999999988
0
LINE
8
BLACK
6
CONTINUOUS
10
105.6564599999999956
20
-75.7606159999999988
11
105.5786099999999976
21
-76.0002139999999997
0
LINE
8
BLACK
6
CONTINUOUS
10
105.5786099999999976
20
-76.0002139999999997
11
105.5786099999999976
21
-76.0002149999999972
0
LINE
8
BLACK
6
CONTINUOUS
10
105.5786099999999976
20
-76.0002149999999972
11
105.5391999999999939
21
-76.2490379999999988
0
LINE
8
BLACK
6
CONTINUOUS
10
105.5391999999999939
20
-76.2490379999999988
11
105.5391999999999939
21
-76.5009620000000012
0
LINE
8
BLACK
6
CONTINUOUS
10
113.1591999999999985
20
-76.5009620000000012
11
113.1656089999999892
21
-76.5414279999999962
0
LINE
8
BLACK
6
CONTINUOUS
10
113.1656089999999892
20
-76.5414279999999962
11
113.198609999999988
21
-76.7497850000000028
0
LINE
8
BLACK
6
CONTINUOUS
10
113.198609999999988
20
-76.7497850000000028
11
113.2764600000000002
21
-76.9893829999999895
0
LINE
8
BLACK
6
CONTINUOUS
10
113.2764600000000002
20
-76.9893829999999895
11
113.390831999999989
21
-77.2138479999999987
0
LINE
8
BLACK
6
CONTINUOUS
10
113.390831999999989
20
-77.2138479999999987
11
113.5389009999999956
21
-77.4176489999999973
0
LINE
8
BLACK
6
CONTINUOUS
10
113.5389009999999956
20
-77.4176489999999973
11
113.5389049999999997
21
-77.4176539999999989
0
LINE
8
BLACK
6
CONTINUOUS
10
113.5389049999999997
20
-77.4176539999999989
11
113.7170449999999988
21
-77.5957939999999979
0
LINE
8
BLACK
6
CONTINUOUS
10
113.7170449999999988
20
-77.5957939999999979
11
113.7170500000000004
21
-77.595798000000002
0
LINE
8
BLACK
6
CONTINUOUS
10
113.7170500000000004
20
-77.595798000000002
11
113.729580999999996
21
-77.6049019999999956
0
LINE
8
BLACK
6
CONTINUOUS
10
113.729580999999996
20
-77.6049019999999956
11
113.9208549999999889
21
-77.7438700000000011
0
LINE
8
BLACK
6
CONTINUOUS
10
113.9208549999999889
20
-77.7438700000000011
11
114.0362859999999898
21
-77.8026849999999968
0
LINE
8
BLACK
6
CONTINUOUS
10
114.0362859999999898
20
-77.8026849999999968
11
114.145315999999994
21
-77.8582389999999975
0
LINE
8
BLACK
6
CONTINUOUS
10
114.145315999999994
20
-77.8582389999999975
11
114.145317999999989
21
-77.8582389999999975
0
LINE
8
BLACK
6
CONTINUOUS
10
114.145317999999989
20
-77.8582389999999975
11
114.1453209999999956
21
-77.8582409999999925
0
LINE
8
BLACK
6
CONTINUOUS
10
114.1453209999999956
20
-77.8582409999999925
11
114.3849149999999923
21
-77.936089999999993
0
LINE
8
BLACK
6
CONTINUOUS
10
114.3849149999999923
20
-77.936089999999993
11
114.6337379999999939
21
-77.9754999999999967
0
LINE
8
BLACK
6
CONTINUOUS
10
114.6337379999999939
20
-77.9754999999999967
11
114.6337389999999914
21
-77.9754999999999967
0
LINE
8
BLACK
6
CONTINUOUS
10
114.6337389999999914
20
-77.9754999999999967
11
114.8856609999999989
21
-77.9754999999999967
0
LINE
8
BLACK
6
CONTINUOUS
10
114.8856609999999989
20
-77.9754999999999967
11
114.8856619999999964
21
-77.9754999999999967
0
LINE
8
BLACK
6
CONTINUOUS
10
114.8856619999999964
20
-77.9754999999999967
11
115.134484999999998
21
-77.936089999999993
0
LINE
8
BLACK
6
CONTINUOUS
10
115.134484999999998
20
-77.936089999999993
11
115.3740789999999947
21
-77.8582409999999925
0
LINE
8
BLACK
6
CONTINUOUS
10
115.3740789999999947
20
-77.8582409999999925
11
115.5985450000000014
21
-77.7438700000000011
0
LINE
8
BLACK
6
CONTINUOUS
10
115.5985450000000014
20
-77.7438700000000011
11
115.802355999999989
21
-77.5957930000000005
0
LINE
8
BLACK
6
CONTINUOUS
10
115.802355999999989
20
-77.5957930000000005
11
115.9804929999999956
21
-77.4176559999999938
0
LINE
8
BLACK
6
CONTINUOUS
10
115.9804929999999956
20
-77.4176559999999938
11
116.1285699999999963
21
-77.2138449999999921
0
LINE
8
BLACK
6
CONTINUOUS
10
116.1285699999999963
20
-77.2138449999999921
11
116.2429409999999876
21
-76.9893789999999996
0
LINE
8
BLACK
6
CONTINUOUS
10
116.2429409999999876
20
-76.9893789999999996
11
116.3207899999999881
21
-76.7497850000000028
0
LINE
8
BLACK
6
CONTINUOUS
10
116.3207899999999881
20
-76.7497850000000028
11
116.3601999999999919
21
-76.5009620000000012
0
LINE
8
BLACK
6
CONTINUOUS
10
116.3601999999999919
20
-76.5009620000000012
11
116.3601999999999919
21
-76.2490379999999988
0
LINE
8
BLACK
6
CONTINUOUS
10
116.3601999999999919
20
-76.2490379999999988
11
116.3207899999999881
21
-76.0002149999999972
0
LINE
8
BLACK
6
CONTINUOUS
10
116.3207899999999881
20
-76.0002149999999972
11
116.2429409999999876
21
-75.7606210000000004
0
LINE
8
BLACK
6
CONTINUOUS
10
116.2429409999999876
20
-75.7606210000000004
11
116.2429389999999927
21
-75.7606179999999938
0
LINE
8
BLACK
6
CONTINUOUS
10
116.2429389999999927
20
-75.7606179999999938
11
116.2429389999999927
21
-75.7606159999999988
0
LINE
8
BLACK
6
CONTINUOUS
10
116.2429389999999927
20
-75.7606159999999988
11
116.1842439999999925
21
-75.6454209999999989
0
LINE
8
BLACK
6
CONTINUOUS
10
116.1842439999999925
20
-75.6454209999999989
11
116.1285699999999963
21
-75.5361549999999937
0
LINE
8
BLACK
6
CONTINUOUS
10
116.1285699999999963
20
-75.5361549999999937
11
116.0449389999999994
21
-75.4210459999999898
0
LINE
8
BLACK
6
CONTINUOUS
10
116.0449389999999994
20
-75.4210459999999898
11
115.9804979999999972
21
-75.332349999999991
0
LINE
8
BLACK
6
CONTINUOUS
10
115.9804979999999972
20
-75.332349999999991
11
115.9804939999999931
21
-75.3323450000000037
0
LINE
8
BLACK
6
CONTINUOUS
10
115.9804939999999931
20
-75.3323450000000037
11
115.802353999999994
21
-75.1542049999999904
0
LINE
8
BLACK
6
CONTINUOUS
10
115.802353999999994
20
-75.1542049999999904
11
115.8023489999999924
21
-75.1542010000000005
0
LINE
8
BLACK
6
CONTINUOUS
10
115.8023489999999924
20
-75.1542010000000005
11
115.5985479999999939
21
-75.0061319999999938
0
LINE
8
BLACK
6
CONTINUOUS
10
115.5985479999999939
20
-75.0061319999999938
11
115.5985469999999964
21
-75.0061309999999963
0
LINE
8
BLACK
6
CONTINUOUS
10
115.5985469999999964
20
-75.0061309999999963
11
115.5985450000000014
21
-75.0061299999999989
0
LINE
8
BLACK
6
CONTINUOUS
10
115.5985450000000014
20
-75.0061299999999989
11
115.4831179999999904
21
-74.9473169999999982
0
LINE
8
BLACK
6
CONTINUOUS
10
115.4831179999999904
20
-74.9473169999999982
11
115.3740829999999988
21
-74.8917599999999908
0
LINE
8
BLACK
6
CONTINUOUS
10
115.3740829999999988
20
-74.8917599999999908
11
115.134484999999998
21
-74.8139099999999928
0
LINE
8
BLACK
6
CONTINUOUS
10
115.134484999999998
20
-74.8139099999999928
11
114.9816299999999956
21
-74.7896999999999963
0
LINE
8
BLACK
6
CONTINUOUS
10
114.9816299999999956
20
-74.7896999999999963
11
114.8856619999999964
21
-74.7745000000000033
0
LINE
8
BLACK
6
CONTINUOUS
10
114.8856619999999964
20
-74.7745000000000033
11
114.6337379999999939
21
-74.7745000000000033
0
LINE
8
BLACK
6
CONTINUOUS
10
114.6337379999999939
20
-74.7745000000000033
11
114.5569950000000006
21
-74.7866549999999961
0
LINE
8
BLACK
6
CONTINUOUS
10
114.5569950000000006
20
-74.7866549999999961
11
114.3849139999999949
21
-74.8139099999999928
0
LINE
8
BLACK
6
CONTINUOUS
10
114.3849139999999949
20
-74.8139099999999928
11
114.145315999999994
21
-74.8917599999999908
0
LINE
8
BLACK
6
CONTINUOUS
10
114.145315999999994
20
-74.8917599999999908
11
113.920850999999999
21
-75.0061319999999938
0
LINE
8
BLACK
6
CONTINUOUS
10
113.920850999999999
20
-75.0061319999999938
11
113.7170500000000004
21
-75.1542010000000005
0
LINE
8
BLACK
6
CONTINUOUS
10
113.7170500000000004
20
-75.1542010000000005
11
113.7170449999999988
21
-75.1542049999999904
0
LINE
8
BLACK
6
CONTINUOUS
10
113.7170449999999988
20
-75.1542049999999904
11
113.5389049999999997
21
-75.3323450000000037
0
LINE
8
BLACK
6
CONTINUOUS
10
113.5389049999999997
20
-75.3323450000000037
11
113.5389009999999956
21
-75.332349999999991
0
LINE
8
BLACK
6
CONTINUOUS
10
113.5389009999999956
20
-75.332349999999991
11
113.390831999999989
21
-75.5361509999999896
0
LINE
8
BLACK
6
CONTINUOUS
10
113.390831999999989
20
-75.5361509999999896
11
113.2764600000000002
21
-75.7606159999999988
0
LINE
8
BLACK
6
CONTINUOUS
10
113.2764600000000002
20
-75.7606159999999988
11
113.198609999999988
21
-76.0002139999999997
0
LINE
8
BLACK
6
CONTINUOUS
10
113.198609999999988
20
-76.0002139999999997
11
113.198609999999988
21
-76.0002149999999972
0
LINE
8
BLACK
6
CONTINUOUS
10
113.198609999999988
20
-76.0002149999999972
11
113.1591999999999985
21
-76.2490379999999988
0
LINE
8
BLACK
6
CONTINUOUS
10
113.1591999999999985
20
-76.2490379999999988
11
113.1591999999999985
21
-76.5009620000000012
0
LINE
8
BLACK
6
CONTINUOUS
10
95.3137720000000002
20
-74.7866549999999961
11
95.3137720000000002
21
-71.3699840000000023
0
LINE
8
BLACK
6
CONTINUOUS
10
95.3137720000000002
20
-71.3699840000000023
11
91.1170570000000026
21
-71.3699840000000023
0
LINE
8
BLACK
6
CONTINUOUS
10
91.1170570000000026
20
-71.3699840000000023
11
91.1170570000000026
21
-74.7866549999999961
0
LINE
8
BLACK
6
CONTINUOUS
10
91.1170570000000026
20
-74.7866549999999961
11
95.3137720000000002
21
-74.7866549999999961
0
LINE
8
BLACK
6
CONTINUOUS
10
113.0854969999999895
20
-74.7866549999999961
11
113.0854969999999895
21
-71.3711029999999909
0
LINE
8
BLACK
6
CONTINUOUS
10
113.0854969999999895
20
-71.3711029999999909
11
108.8870569999999987
21
-71.3711029999999909
0
LINE
8
BLACK
6
CONTINUOUS
10
108.8870569999999987
20
-71.3711029999999909
11
108.8870569999999987
21
-74.7866549999999961
0
LINE
8
BLACK
6
CONTINUOUS
10
108.8870569999999987
20
-74.7866549999999961
11
113.0854969999999895
21
-74.7866549999999961
0
LINE
8
BLACK
6
CONTINUOUS
10
59.5064229999999981
20
-72.0355529999999931
11
59.5064229999999981
21
-68.6199840000000023
0
LINE
8
BLACK
6
CONTINUOUS
10
59.5064229999999981
20
-68.6199840000000023
11
55.2355759999999947
21
-68.6199840000000023
0
LINE
8
BLACK
6
CONTINUOUS
10
55.2355759999999947
20
-68.6199840000000023
11
55.2355759999999947
21
-72.0355529999999931
0
LINE
8
BLACK
6
CONTINUOUS
10
55.2355759999999947
20
-72.0355529999999931
11
59.5064229999999981
21
-72.0355529999999931
0
LINE
8
BLACK
6
CONTINUOUS
10
116.4344999999999999
20
-47.8616079999999968
11
116.4382319999999993
21
-47.8994999999999962
0
LINE
8
BLACK
6
CONTINUOUS
10
116.4382319999999993
20
-47.8994999999999962
11
116.4496989999999954
21
-48.0159319999999994
0
LINE
8
BLACK
6
CONTINUOUS
10
116.4496989999999954
20
-48.0159319999999994
11
116.4727239999999995
21
-48.0918360000000007
0
LINE
8
BLACK
6
CONTINUOUS
10
116.4727239999999995
20
-48.0918360000000007
11
116.509767999999994
21
-48.2139540000000011
0
LINE
8
BLACK
6
CONTINUOUS
10
116.509767999999994
20
-48.2139540000000011
11
116.6073149999999998
21
-48.3964499999999944
0
LINE
8
BLACK
6
CONTINUOUS
10
116.6073149999999998
20
-48.3964499999999944
11
116.6456909999999993
21
-48.443210999999998
0
LINE
8
BLACK
6
CONTINUOUS
10
116.6456909999999993
20
-48.443210999999998
11
116.7385899999999879
21
-48.5564099999999996
0
LINE
8
BLACK
6
CONTINUOUS
10
116.7385899999999879
20
-48.5564099999999996
11
116.7870489999999961
21
-48.5961799999999968
0
LINE
8
BLACK
6
CONTINUOUS
10
116.7870489999999961
20
-48.5961799999999968
11
116.8263829999999928
21
-48.6539259999999985
0
LINE
8
BLACK
6
CONTINUOUS
10
116.8263829999999928
20
-48.6539259999999985
11
116.8282540000000012
21
-48.7237699999999947
0
LINE
8
BLACK
6
CONTINUOUS
10
116.8282540000000012
20
-48.7237699999999947
11
116.8087029999999942
21
-48.7649179999999944
0
LINE
8
BLACK
6
CONTINUOUS
10
116.8087029999999942
20
-48.7649179999999944
11
116.666128999999998
21
-48.961154999999998
0
LINE
8
BLACK
6
CONTINUOUS
10
116.666128999999998
20
-48.961154999999998
11
116.5517600000000016
21
-49.185615999999996
0
LINE
8
BLACK
6
CONTINUOUS
10
116.5517600000000016
20
-49.185615999999996
11
116.4739099999999894
21
-49.4252139999999969
0
LINE
8
BLACK
6
CONTINUOUS
10
116.4739099999999894
20
-49.4252139999999969
11
116.4344999999999999
21
-49.6740379999999959
0
LINE
8
BLACK
6
CONTINUOUS
10
116.4344999999999999
20
-49.6740379999999959
11
116.4344999999999999
21
-49.9259610000000009
0
LINE
8
BLACK
6
CONTINUOUS
10
116.4344999999999999
20
-49.9259610000000009
11
116.4739099999999894
21
-50.174785
0
LINE
8
BLACK
6
CONTINUOUS
10
116.4739099999999894
20
-50.174785
11
116.5517600000000016
21
-50.4143830000000008
0
LINE
8
BLACK
6
CONTINUOUS
10
116.5517600000000016
20
-50.4143830000000008
11
116.6661319999999904
21
-50.6388479999999959
0
LINE
8
BLACK
6
CONTINUOUS
10
116.6661319999999904
20
-50.6388479999999959
11
116.8142009999999971
21
-50.8426489999999944
0
LINE
8
BLACK
6
CONTINUOUS
10
116.8142009999999971
20
-50.8426489999999944
11
116.8142050000000012
21
-50.842653999999996
0
LINE
8
BLACK
6
CONTINUOUS
10
116.8142050000000012
20
-50.842653999999996
11
116.9538699999999949
21
-50.9823189999999968
0
LINE
8
BLACK
6
CONTINUOUS
10
116.9538699999999949
20
-50.9823189999999968
11
116.9873549999999938
21
-51.0436419999999984
0
LINE
8
BLACK
6
CONTINUOUS
10
116.9873549999999938
20
-51.0436419999999984
11
116.9823710000000005
21
-51.1133339999999947
0
LINE
8
BLACK
6
CONTINUOUS
10
116.9823710000000005
20
-51.1133339999999947
11
116.9538699999999949
21
-51.1576809999999966
0
LINE
8
BLACK
6
CONTINUOUS
10
116.9538699999999949
20
-51.1576809999999966
11
116.8142050000000012
21
-51.297345
0
LINE
8
BLACK
6
CONTINUOUS
10
116.8142050000000012
20
-51.297345
11
116.8142009999999971
21
-51.2973499999999945
0
LINE
8
BLACK
6
CONTINUOUS
10
116.8142009999999971
20
-51.2973499999999945
11
116.6661319999999904
21
-51.5011510000000001
0
LINE
8
BLACK
6
CONTINUOUS
10
116.6661319999999904
20
-51.5011510000000001
11
116.5517600000000016
21
-51.7256159999999952
0
LINE
8
BLACK
6
CONTINUOUS
10
116.5517600000000016
20
-51.7256159999999952
11
116.4739099999999894
21
-51.965213999999996
0
LINE
8
BLACK
6
CONTINUOUS
10
116.4739099999999894
20
-51.965213999999996
11
116.4344999999999999
21
-52.2140379999999951
0
LINE
8
BLACK
6
CONTINUOUS
10
116.4344999999999999
20
-52.2140379999999951
11
116.4344999999999999
21
-52.4659610000000001
0
LINE
8
BLACK
6
CONTINUOUS
10
116.4344999999999999
20
-52.4659610000000001
11
116.4739099999999894
21
-52.7147849999999991
0
LINE
8
BLACK
6
CONTINUOUS
10
116.4739099999999894
20
-52.7147849999999991
11
116.5517600000000016
21
-52.954383
0
LINE
8
BLACK
6
CONTINUOUS
10
116.5517600000000016
20
-52.954383
11
116.6661319999999904
21
-53.178847999999995
0
LINE
8
BLACK
6
CONTINUOUS
10
116.6661319999999904
20
-53.178847999999995
11
116.8142009999999971
21
-53.3826490000000007
0
LINE
8
BLACK
6
CONTINUOUS
10
116.8142009999999971
20
-53.3826490000000007
11
116.8142050000000012
21
-53.3826539999999952
0
LINE
8
BLACK
6
CONTINUOUS
10
116.8142050000000012
20
-53.3826539999999952
11
116.9923450000000003
21
-53.5607939999999942
0
LINE
8
BLACK
6
CONTINUOUS
10
116.9923450000000003
20
-53.5607939999999942
11
116.9923499999999876
21
-53.5607979999999984
0
LINE
8
BLACK
6
CONTINUOUS
10
116.9923499999999876
20
-53.5607979999999984
11
117.1701169999999905
21
-53.6899519999999981
0
LINE
8
BLACK
6
CONTINUOUS
10
117.1701169999999905
20
-53.6899519999999981
11
117.1961549999999903
21
-53.7088699999999974
0
LINE
8
BLACK
6
CONTINUOUS
10
117.1961549999999903
20
-53.7088699999999974
11
117.3391839999999888
21
-53.7817469999999958
0
LINE
8
BLACK
6
CONTINUOUS
10
117.3391839999999888
20
-53.7817469999999958
11
117.4206159999999954
21
-53.8232390000000009
0
LINE
8
BLACK
6
CONTINUOUS
10
117.4206159999999954
20
-53.8232390000000009
11
117.4206179999999904
21
-53.8232390000000009
0
LINE
8
BLACK
6
CONTINUOUS
10
117.4206179999999904
20
-53.8232390000000009
11
117.420620999999997
21
-53.8232409999999959
0
LINE
8
BLACK
6
CONTINUOUS
10
117.420620999999997
20
-53.8232409999999959
11
117.6602149999999938
21
-53.9010899999999964
0
LINE
8
BLACK
6
CONTINUOUS
10
117.6602149999999938
20
-53.9010899999999964
11
117.9090379999999953
21
-53.9405000000000001
0
LINE
8
BLACK
6
CONTINUOUS
10
117.9090379999999953
20
-53.9405000000000001
11
117.9090389999999928
21
-53.9405000000000001
0
LINE
8
BLACK
6
CONTINUOUS
10
117.9090389999999928
20
-53.9405000000000001
11
118.9609609999999975
21
-53.9405000000000001
0
LINE
8
BLACK
6
CONTINUOUS
10
118.9609609999999975
20
-53.9405000000000001
11
118.960961999999995
21
-53.9405000000000001
0
LINE
8
BLACK
6
CONTINUOUS
10
118.960961999999995
20
-53.9405000000000001
11
119.2097849999999966
21
-53.9010899999999964
0
LINE
8
BLACK
6
CONTINUOUS
10
119.2097849999999966
20
-53.9010899999999964
11
119.4493789999999933
21
-53.8232409999999959
0
LINE
8
BLACK
6
CONTINUOUS
10
119.4493789999999933
20
-53.8232409999999959
11
119.673845
21
-53.7088699999999974
0
LINE
8
BLACK
6
CONTINUOUS
10
119.673845
20
-53.7088699999999974
11
119.8776559999999876
21
-53.5607929999999968
0
LINE
8
BLACK
6
CONTINUOUS
10
119.8776559999999876
20
-53.5607929999999968
11
120.0557929999999942
21
-53.3826559999999972
0
LINE
8
BLACK
6
CONTINUOUS
10
120.0557929999999942
20
-53.3826559999999972
11
120.2038699999999949
21
-53.1788449999999955
0
LINE
8
BLACK
6
CONTINUOUS
10
120.2038699999999949
20
-53.1788449999999955
11
120.3182410000000004
21
-52.9543789999999959
0
LINE
8
BLACK
6
CONTINUOUS
10
120.3182410000000004
20
-52.9543789999999959
11
120.3960900000000009
21
-52.7147849999999991
0
LINE
8
BLACK
6
CONTINUOUS
10
120.3960900000000009
20
-52.7147849999999991
11
120.4354999999999905
21
-52.4659619999999975
0
LINE
8
BLACK
6
CONTINUOUS
10
120.4354999999999905
20
-52.4659619999999975
11
120.4354999999999905
21
-52.2140379999999951
0
LINE
8
BLACK
6
CONTINUOUS
10
120.4354999999999905
20
-52.2140379999999951
11
120.3960900000000009
21
-51.9652150000000006
0
LINE
8
BLACK
6
CONTINUOUS
10
120.3960900000000009
20
-51.9652150000000006
11
120.3182410000000004
21
-51.7256209999999967
0
LINE
8
BLACK
6
CONTINUOUS
10
120.3182410000000004
20
-51.7256209999999967
11
120.3182389999999913
21
-51.7256179999999972
0
LINE
8
BLACK
6
CONTINUOUS
10
120.3182389999999913
20
-51.7256179999999972
11
120.3182389999999913
21
-51.7256159999999952
0
LINE
8
BLACK
6
CONTINUOUS
10
120.3182389999999913
20
-51.7256159999999952
11
120.2560179999999974
21
-51.6035009999999943
0
LINE
8
BLACK
6
CONTINUOUS
10
120.2560179999999974
20
-51.6035009999999943
11
120.2038699999999949
21
-51.5011549999999971
0
LINE
8
BLACK
6
CONTINUOUS
10
120.2038699999999949
20
-51.5011549999999971
11
120.1471749999999901
21
-51.4231209999999948
0
LINE
8
BLACK
6
CONTINUOUS
10
120.1471749999999901
20
-51.4231209999999948
11
120.0557979999999958
21
-51.2973499999999945
0
LINE
8
BLACK
6
CONTINUOUS
10
120.0557979999999958
20
-51.2973499999999945
11
120.0557939999999917
21
-51.297345
0
LINE
8
BLACK
6
CONTINUOUS
10
120.0557939999999917
20
-51.297345
11
119.9161299999999954
21
-51.1576809999999966
0
LINE
8
BLACK
6
CONTINUOUS
10
119.9161299999999954
20
-51.1576809999999966
11
119.8826449999999966
21
-51.0963579999999951
0
LINE
8
BLACK
6
CONTINUOUS
10
119.8826449999999966
20
-51.0963579999999951
11
119.8876289999999898
21
-51.0266659999999987
0
LINE
8
BLACK
6
CONTINUOUS
10
119.8876289999999898
20
-51.0266659999999987
11
119.9161299999999954
21
-50.9823189999999968
0
LINE
8
BLACK
6
CONTINUOUS
10
119.9161299999999954
20
-50.9823189999999968
11
120.0557929999999942
21
-50.8426559999999981
0
LINE
8
BLACK
6
CONTINUOUS
10
120.0557929999999942
20
-50.8426559999999981
11
120.2038699999999949
21
-50.6388449999999963
0
LINE
8
BLACK
6
CONTINUOUS
10
120.2038699999999949
20
-50.6388449999999963
11
120.3182410000000004
21
-50.4143789999999967
0
LINE
8
BLACK
6
CONTINUOUS
10
120.3182410000000004
20
-50.4143789999999967
11
120.3960900000000009
21
-50.174785
0
LINE
8
BLACK
6
CONTINUOUS
10
120.3960900000000009
20
-50.174785
11
120.4354999999999905
21
-49.9259619999999984
0
LINE
8
BLACK
6
CONTINUOUS
10
120.4354999999999905
20
-49.9259619999999984
11
120.4354999999999905
21
-49.6740379999999959
0
LINE
8
BLACK
6
CONTINUOUS
10
120.4354999999999905
20
-49.6740379999999959
11
120.3960900000000009
21
-49.4252149999999943
0
LINE
8
BLACK
6
CONTINUOUS
10
120.3960900000000009
20
-49.4252149999999943
11
120.3182410000000004
21
-49.1856209999999976
0
LINE
8
BLACK
6
CONTINUOUS
10
120.3182410000000004
20
-49.1856209999999976
11
120.3182389999999913
21
-49.1856179999999981
0
LINE
8
BLACK
6
CONTINUOUS
10
120.3182389999999913
20
-49.1856179999999981
11
120.3182389999999913
21
-49.185615999999996
0
LINE
8
BLACK
6
CONTINUOUS
10
120.3182389999999913
20
-49.185615999999996
11
120.2356349999999878
21
-49.0234979999999965
0
LINE
8
BLACK
6
CONTINUOUS
10
120.2356349999999878
20
-49.0234979999999965
11
120.2038699999999949
21
-48.961154999999998
0
LINE
8
BLACK
6
CONTINUOUS
10
120.2038699999999949
20
-48.961154999999998
11
120.0612959999999987
21
-48.7649179999999944
0
LINE
8
BLACK
6
CONTINUOUS
10
120.0612959999999987
20
-48.7649179999999944
11
120.0378159999999923
21
-48.6991119999999995
0
LINE
8
BLACK
6
CONTINUOUS
10
120.0378159999999923
20
-48.6991119999999995
11
120.0536409999999989
21
-48.6310579999999959
0
LINE
8
BLACK
6
CONTINUOUS
10
120.0536409999999989
20
-48.6310579999999959
11
120.0829479999999876
21
-48.5961809999999943
0
LINE
8
BLACK
6
CONTINUOUS
10
120.0829479999999876
20
-48.5961809999999943
11
120.1314099999999883
21
-48.5564099999999996
0
LINE
8
BLACK
6
CONTINUOUS
10
120.1314099999999883
20
-48.5564099999999996
11
120.2626849999999905
21
-48.3964499999999944
0
LINE
8
BLACK
6
CONTINUOUS
10
120.2626849999999905
20
-48.3964499999999944
11
120.3602319999999963
21
-48.2139540000000011
0
LINE
8
BLACK
6
CONTINUOUS
10
120.3602319999999963
20
-48.2139540000000011
11
120.4202999999999975
21
-48.0159339999999943
0
LINE
8
BLACK
6
CONTINUOUS
10
120.4202999999999975
20
-48.0159339999999943
11
120.4354999999999905
21
-47.8616079999999968
0
LINE
8
BLACK
6
CONTINUOUS
10
120.4354999999999905
20
-47.8616079999999968
11
120.4354999999999905
21
-47.1340379999999968
0
LINE
8
BLACK
6
CONTINUOUS
10
120.4354999999999905
20
-47.1340379999999968
11
120.4354999999999905
21
-46.6583919999999992
0
LINE
8
BLACK
6
CONTINUOUS
10
120.4354999999999905
20
-46.6583919999999992
11
120.4202999999999975
21
-46.5040659999999946
0
LINE
8
BLACK
6
CONTINUOUS
10
120.4202999999999975
20
-46.5040659999999946
11
120.3602319999999963
21
-46.3060459999999949
0
LINE
8
BLACK
6
CONTINUOUS
10
120.3602319999999963
20
-46.3060459999999949
11
120.2626849999999905
21
-46.1235499999999945
0
LINE
8
BLACK
6
CONTINUOUS
10
120.2626849999999905
20
-46.1235499999999945
11
120.1934619999999967
21
-46.0392009999999985
0
LINE
8
BLACK
6
CONTINUOUS
10
120.1934619999999967
20
-46.0392009999999985
11
120.1314099999999883
21
-45.9635889999999989
0
LINE
8
BLACK
6
CONTINUOUS
10
120.1314099999999883
20
-45.9635889999999989
11
119.9714519999999993
21
-45.8323169999999962
0
LINE
8
BLACK
6
CONTINUOUS
10
119.9714519999999993
20
-45.8323169999999962
11
119.9714529999999968
21
-45.8323169999999962
0
LINE
8
BLACK
6
CONTINUOUS
10
119.9714529999999968
20
-45.8323169999999962
11
119.9714499999999902
21
-45.8323150000000012
0
LINE
8
BLACK
6
CONTINUOUS
10
119.9714499999999902
20
-45.8323150000000012
11
119.7889539999999897
21
-45.7347679999999954
0
LINE
8
BLACK
6
CONTINUOUS
10
119.7889539999999897
20
-45.7347679999999954
11
119.5909339999999901
21
-45.6747000000000014
0
LINE
8
BLACK
6
CONTINUOUS
10
119.5909339999999901
20
-45.6747000000000014
11
119.5909319999999951
21
-45.6746989999999968
0
LINE
8
BLACK
6
CONTINUOUS
10
119.5909319999999951
20
-45.6746989999999968
11
119.5909339999999901
21
-45.6746989999999968
0
LINE
8
BLACK
6
CONTINUOUS
10
119.5909339999999901
20
-45.6746989999999968
11
119.4718049999999891
21
-45.6629659999999973
0
LINE
8
BLACK
6
CONTINUOUS
10
119.4718049999999891
20
-45.6629659999999973
11
119.4366079999999926
21
-45.6595000000000013
0
LINE
8
BLACK
6
CONTINUOUS
10
119.4366079999999926
20
-45.6595000000000013
11
117.4333919999999978
21
-45.6595000000000013
0
LINE
8
BLACK
6
CONTINUOUS
10
117.4333919999999978
20
-45.6595000000000013
11
117.3952979999999968
21
-45.6632509999999954
0
LINE
8
BLACK
6
CONTINUOUS
10
117.3952979999999968
20
-45.6632509999999954
11
117.2790669999999977
21
-45.6746989999999968
0
LINE
8
BLACK
6
CONTINUOUS
10
117.2790669999999977
20
-45.6746989999999968
11
117.081042999999994
21
-45.734769
0
LINE
8
BLACK
6
CONTINUOUS
10
117.081042999999994
20
-45.734769
11
116.9708979999999912
21
-45.7936429999999959
0
LINE
8
BLACK
6
CONTINUOUS
10
116.9708979999999912
20
-45.7936429999999959
11
116.8985500000000002
21
-45.8323150000000012
0
LINE
8
BLACK
6
CONTINUOUS
10
116.8985500000000002
20
-45.8323150000000012
11
116.898547999999991
21
-45.8323159999999987
0
LINE
8
BLACK
6
CONTINUOUS
10
116.898547999999991
20
-45.8323159999999987
11
116.8985469999999935
21
-45.8323169999999962
0
LINE
8
BLACK
6
CONTINUOUS
10
116.8985469999999935
20
-45.8323169999999962
11
116.7385889999999904
21
-45.9635889999999989
0
LINE
8
BLACK
6
CONTINUOUS
10
116.7385889999999904
20
-45.9635889999999989
11
116.6073169999999948
21
-46.123546999999995
0
LINE
8
BLACK
6
CONTINUOUS
10
116.6073169999999948
20
-46.123546999999995
11
116.6073149999999998
21
-46.1235499999999945
0
LINE
8
BLACK
6
CONTINUOUS
10
116.6073149999999998
20
-46.1235499999999945
11
116.6053309999999925
21
-46.1272619999999947
0
LINE
8
BLACK
6
CONTINUOUS
10
116.6053309999999925
20
-46.1272619999999947
11
116.5097689999999915
21
-46.3060429999999954
0
LINE
8
BLACK
6
CONTINUOUS
10
116.5097689999999915
20
-46.3060429999999954
11
116.4496989999999954
21
-46.5040669999999992
0
LINE
8
BLACK
6
CONTINUOUS
10
116.4496989999999954
20
-46.5040669999999992
11
116.438250999999994
21
-46.6202979999999982
0
LINE
8
BLACK
6
CONTINUOUS
10
116.438250999999994
20
-46.6202979999999982
11
116.4344999999999999
21
-46.6583919999999992
0
LINE
8
BLACK
6
CONTINUOUS
10
116.4344999999999999
20
-46.6583919999999992
11
116.4344999999999999
21
-47.8616079999999968
0
LINE
8
BLACK
6
CONTINUOUS
10
124.0544999999999902
20
-47.3859619999999993
11
124.0745299999999958
21
-47.5124229999999983
0
LINE
8
BLACK
6
CONTINUOUS
10
124.0745299999999958
20
-47.5124229999999983
11
124.0939099999999939
21
-47.6347850000000008
0
LINE
8
BLACK
6
CONTINUOUS
10
124.0939099999999939
20
-47.6347850000000008
11
124.1717599999999919
21
-47.8743829999999946
0
LINE
8
BLACK
6
CONTINUOUS
10
124.1717599999999919
20
-47.8743829999999946
11
124.2438839999999942
21
-48.0159319999999994
0
LINE
8
BLACK
6
CONTINUOUS
10
124.2438839999999942
20
-48.0159319999999994
11
124.282558999999992
21
-48.0918369999999982
0
LINE
8
BLACK
6
CONTINUOUS
10
124.282558999999992
20
-48.0918369999999982
11
124.2861319999999949
21
-48.0988479999999967
0
LINE
8
BLACK
6
CONTINUOUS
10
124.2861319999999949
20
-48.0988479999999967
11
124.4342009999999874
21
-48.3026489999999953
0
LINE
8
BLACK
6
CONTINUOUS
10
124.4342009999999874
20
-48.3026489999999953
11
124.4342049999999915
21
-48.3026539999999969
0
LINE
8
BLACK
6
CONTINUOUS
10
124.4342049999999915
20
-48.3026539999999969
11
124.5738699999999994
21
-48.4423189999999977
0
LINE
8
BLACK
6
CONTINUOUS
10
124.5738699999999994
20
-48.4423189999999977
11
124.6073549999999983
21
-48.5036419999999993
0
LINE
8
BLACK
6
CONTINUOUS
10
124.6073549999999983
20
-48.5036419999999993
11
124.6023709999999909
21
-48.5733339999999956
0
LINE
8
BLACK
6
CONTINUOUS
10
124.6023709999999909
20
-48.5733339999999956
11
124.5738699999999994
21
-48.6176809999999975
0
LINE
8
BLACK
6
CONTINUOUS
10
124.5738699999999994
20
-48.6176809999999975
11
124.4342049999999915
21
-48.7573450000000008
0
LINE
8
BLACK
6
CONTINUOUS
10
124.4342049999999915
20
-48.7573450000000008
11
124.4342009999999874
21
-48.7573499999999953
0
LINE
8
BLACK
6
CONTINUOUS
10
124.4342009999999874
20
-48.7573499999999953
11
124.2861319999999949
21
-48.961151000000001
0
LINE
8
BLACK
6
CONTINUOUS
10
124.2861319999999949
20
-48.961151000000001
11
124.1717599999999919
21
-49.185615999999996
0
LINE
8
BLACK
6
CONTINUOUS
10
124.1717599999999919
20
-49.185615999999996
11
124.0939099999999939
21
-49.4252139999999969
0
LINE
8
BLACK
6
CONTINUOUS
10
124.0939099999999939
20
-49.4252139999999969
11
124.0544999999999902
21
-49.6740379999999959
0
LINE
8
BLACK
6
CONTINUOUS
10
124.0544999999999902
20
-49.6740379999999959
11
124.0544999999999902
21
-49.9259610000000009
0
LINE
8
BLACK
6
CONTINUOUS
10
124.0544999999999902
20
-49.9259610000000009
11
124.0939099999999939
21
-50.174785
0
LINE
8
BLACK
6
CONTINUOUS
10
124.0939099999999939
20
-50.174785
11
124.1717599999999919
21
-50.4143830000000008
0
LINE
8
BLACK
6
CONTINUOUS
10
124.1717599999999919
20
-50.4143830000000008
11
124.2861319999999949
21
-50.6388479999999959
0
LINE
8
BLACK
6
CONTINUOUS
10
124.2861319999999949
20
-50.6388479999999959
11
124.4342009999999874
21
-50.8426489999999944
0
LINE
8
BLACK
6
CONTINUOUS
10
124.4342009999999874
20
-50.8426489999999944
11
124.4342049999999915
21
-50.842653999999996
0
LINE
8
BLACK
6
CONTINUOUS
10
124.4342049999999915
20
-50.842653999999996
11
124.5738699999999994
21
-50.9823189999999968
0
LINE
8
BLACK
6
CONTINUOUS
10
124.5738699999999994
20
-50.9823189999999968
11
124.6073549999999983
21
-51.0436419999999984
0
LINE
8
BLACK
6
CONTINUOUS
10
124.6073549999999983
20
-51.0436419999999984
11
124.6023709999999909
21
-51.1133339999999947
0
LINE
8
BLACK
6
CONTINUOUS
10
124.6023709999999909
20
-51.1133339999999947
11
124.5738699999999994
21
-51.1576809999999966
0
LINE
8
BLACK
6
CONTINUOUS
10
124.5738699999999994
20
-51.1576809999999966
11
124.4342049999999915
21
-51.297345
0
LINE
8
BLACK
6
CONTINUOUS
10
124.4342049999999915
20
-51.297345
11
124.4342009999999874
21
-51.2973499999999945
0
LINE
8
BLACK
6
CONTINUOUS
10
124.4342009999999874
20
-51.2973499999999945
11
124.2861319999999949
21
-51.5011510000000001
0
LINE
8
BLACK
6
CONTINUOUS
10
124.2861319999999949
20
-51.5011510000000001
11
124.1717599999999919
21
-51.7256159999999952
0
LINE
8
BLACK
6
CONTINUOUS
10
124.1717599999999919
20
-51.7256159999999952
11
124.0939099999999939
21
-51.965213999999996
0
LINE
8
BLACK
6
CONTINUOUS
10
124.0939099999999939
20
-51.965213999999996
11
124.0544999999999902
21
-52.2140379999999951
0
LINE
8
BLACK
6
CONTINUOUS
10
124.0544999999999902
20
-52.2140379999999951
11
124.0544999999999902
21
-52.4659610000000001
0
LINE
8
BLACK
6
CONTINUOUS
10
124.0544999999999902
20
-52.4659610000000001
11
124.0939099999999939
21
-52.7147849999999991
0
LINE
8
BLACK
6
CONTINUOUS
10
124.0939099999999939
20
-52.7147849999999991
11
124.1717599999999919
21
-52.954383
0
LINE
8
BLACK
6
CONTINUOUS
10
124.1717599999999919
20
-52.954383
11
124.2861319999999949
21
-53.178847999999995
0
LINE
8
BLACK
6
CONTINUOUS
10
124.2861319999999949
20
-53.178847999999995
11
124.4342009999999874
21
-53.3826490000000007
0
LINE
8
BLACK
6
CONTINUOUS
10
124.4342009999999874
20
-53.3826490000000007
11
124.4342049999999915
21
-53.3826539999999952
0
LINE
8
BLACK
6
CONTINUOUS
10
124.4342049999999915
20
-53.3826539999999952
11
124.6123449999999906
21
-53.5607939999999942
0
LINE
8
BLACK
6
CONTINUOUS
10
124.6123449999999906
20
-53.5607939999999942
11
124.6123499999999922
21
-53.5607979999999984
0
LINE
8
BLACK
6
CONTINUOUS
10
124.6123499999999922
20
-53.5607979999999984
11
124.7901169999999951
21
-53.6899519999999981
0
LINE
8
BLACK
6
CONTINUOUS
10
124.7901169999999951
20
-53.6899519999999981
11
124.8161549999999949
21
-53.7088699999999974
0
LINE
8
BLACK
6
CONTINUOUS
10
124.8161549999999949
20
-53.7088699999999974
11
124.9591839999999934
21
-53.7817469999999958
0
LINE
8
BLACK
6
CONTINUOUS
10
124.9591839999999934
20
-53.7817469999999958
11
125.040616
21
-53.8232390000000009
0
LINE
8
BLACK
6
CONTINUOUS
10
125.040616
20
-53.8232390000000009
11
125.0406179999999949
21
-53.8232390000000009
0
LINE
8
BLACK
6
CONTINUOUS
10
125.0406179999999949
20
-53.8232390000000009
11
125.0406209999999874
21
-53.8232409999999959
0
LINE
8
BLACK
6
CONTINUOUS
10
125.0406209999999874
20
-53.8232409999999959
11
125.2802149999999983
21
-53.9010899999999964
0
LINE
8
BLACK
6
CONTINUOUS
10
125.2802149999999983
20
-53.9010899999999964
11
125.5290379999999999
21
-53.9405000000000001
0
LINE
8
BLACK
6
CONTINUOUS
10
125.5290379999999999
20
-53.9405000000000001
11
125.5290389999999974
21
-53.9405000000000001
0
LINE
8
BLACK
6
CONTINUOUS
10
125.5290389999999974
20
-53.9405000000000001
11
126.5809609999999878
21
-53.9405000000000001
0
LINE
8
BLACK
6
CONTINUOUS
10
126.5809609999999878
20
-53.9405000000000001
11
126.5809619999999995
21
-53.9405000000000001
0
LINE
8
BLACK
6
CONTINUOUS
10
126.5809619999999995
20
-53.9405000000000001
11
126.8297850000000011
21
-53.9010899999999964
0
LINE
8
BLACK
6
CONTINUOUS
10
126.8297850000000011
20
-53.9010899999999964
11
127.0693789999999979
21
-53.8232409999999959
0
LINE
8
BLACK
6
CONTINUOUS
10
127.0693789999999979
20
-53.8232409999999959
11
127.2938449999999904
21
-53.7088699999999974
0
LINE
8
BLACK
6
CONTINUOUS
10
127.2938449999999904
20
-53.7088699999999974
11
127.4976559999999921
21
-53.5607929999999968
0
LINE
8
BLACK
6
CONTINUOUS
10
127.4976559999999921
20
-53.5607929999999968
11
127.6757929999999988
21
-53.3826559999999972
0
LINE
8
BLACK
6
CONTINUOUS
10
127.6757929999999988
20
-53.3826559999999972
11
127.8238699999999994
21
-53.1788449999999955
0
LINE
8
BLACK
6
CONTINUOUS
10
127.8238699999999994
20
-53.1788449999999955
11
127.9382409999999908
21
-52.9543789999999959
0
LINE
8
BLACK
6
CONTINUOUS
10
127.9382409999999908
20
-52.9543789999999959
11
128.0160899999999913
21
-52.7147849999999991
0
LINE
8
BLACK
6
CONTINUOUS
10
128.0160899999999913
20
-52.7147849999999991
11
128.055499999999995
21
-52.4659619999999975
0
LINE
8
BLACK
6
CONTINUOUS
10
128.055499999999995
20
-52.4659619999999975
11
128.055499999999995
21
-52.2140379999999951
0
LINE
8
BLACK
6
CONTINUOUS
10
128.055499999999995
20
-52.2140379999999951
11
128.0160899999999913
21
-51.9652150000000006
0
LINE
8
BLACK
6
CONTINUOUS
10
128.0160899999999913
20
-51.9652150000000006
11
127.9382409999999908
21
-51.7256209999999967
0
LINE
8
BLACK
6
CONTINUOUS
10
127.9382409999999908
20
-51.7256209999999967
11
127.9382389999999958
21
-51.7256179999999972
0
LINE
8
BLACK
6
CONTINUOUS
10
127.9382389999999958
20
-51.7256179999999972
11
127.9382389999999958
21
-51.7256159999999952
0
LINE
8
BLACK
6
CONTINUOUS
10
127.9382389999999958
20
-51.7256159999999952
11
127.8760179999999878
21
-51.6035009999999943
0
LINE
8
BLACK
6
CONTINUOUS
10
127.8760179999999878
20
-51.6035009999999943
11
127.8238699999999994
21
-51.5011549999999971
0
LINE
8
BLACK
6
CONTINUOUS
10
127.8238699999999994
20
-51.5011549999999971
11
127.7671749999999946
21
-51.4231209999999948
0
LINE
8
BLACK
6
CONTINUOUS
10
127.7671749999999946
20
-51.4231209999999948
11
127.6757980000000003
21
-51.2973499999999945
0
LINE
8
BLACK
6
CONTINUOUS
10
127.6757980000000003
20
-51.2973499999999945
11
127.6757939999999962
21
-51.297345
0
LINE
8
BLACK
6
CONTINUOUS
10
127.6757939999999962
20
-51.297345
11
127.53613
21
-51.1576809999999966
0
LINE
8
BLACK
6
CONTINUOUS
10
127.53613
20
-51.1576809999999966
11
127.5026450000000011
21
-51.0963579999999951
0
LINE
8
BLACK
6
CONTINUOUS
10
127.5026450000000011
20
-51.0963579999999951
11
127.5076289999999943
21
-51.0266659999999987
0
LINE
8
BLACK
6
CONTINUOUS
10
127.5076289999999943
20
-51.0266659999999987
11
127.53613
21
-50.9823189999999968
0
LINE
8
BLACK
6
CONTINUOUS
10
127.53613
20
-50.9823189999999968
11
127.6757929999999988
21
-50.8426559999999981
0
LINE
8
BLACK
6
CONTINUOUS
10
127.6757929999999988
20
-50.8426559999999981
11
127.8238699999999994
21
-50.6388449999999963
0
LINE
8
BLACK
6
CONTINUOUS
10
127.8238699999999994
20
-50.6388449999999963
11
127.9382409999999908
21
-50.4143789999999967
0
LINE
8
BLACK
6
CONTINUOUS
10
127.9382409999999908
20
-50.4143789999999967
11
128.0160899999999913
21
-50.174785
0
LINE
8
BLACK
6
CONTINUOUS
10
128.0160899999999913
20
-50.174785
11
128.055499999999995
21
-49.9259619999999984
0
LINE
8
BLACK
6
CONTINUOUS
10
128.055499999999995
20
-49.9259619999999984
11
128.055499999999995
21
-49.6740379999999959
0
LINE
8
BLACK
6
CONTINUOUS
10
128.055499999999995
20
-49.6740379999999959
11
128.0160899999999913
21
-49.4252149999999943
0
LINE
8
BLACK
6
CONTINUOUS
10
128.0160899999999913
20
-49.4252149999999943
11
127.9382409999999908
21
-49.1856209999999976
0
LINE
8
BLACK
6
CONTINUOUS
10
127.9382409999999908
20
-49.1856209999999976
11
127.9382389999999958
21
-49.1856179999999981
0
LINE
8
BLACK
6
CONTINUOUS
10
127.9382389999999958
20
-49.1856179999999981
11
127.9382389999999958
21
-49.185615999999996
0
LINE
8
BLACK
6
CONTINUOUS
10
127.9382389999999958
20
-49.185615999999996
11
127.8556349999999924
21
-49.0234979999999965
0
LINE
8
BLACK
6
CONTINUOUS
10
127.8556349999999924
20
-49.0234979999999965
11
127.8238699999999994
21
-48.961154999999998
0
LINE
8
BLACK
6
CONTINUOUS
10
127.8238699999999994
20
-48.961154999999998
11
127.7974999999999994
21
-48.9248599999999954
0
LINE
8
BLACK
6
CONTINUOUS
10
127.7974999999999994
20
-48.9248599999999954
11
127.6757980000000003
21
-48.7573499999999953
0
LINE
8
BLACK
6
CONTINUOUS
10
127.6757980000000003
20
-48.7573499999999953
11
127.6757939999999962
21
-48.7573450000000008
0
LINE
8
BLACK
6
CONTINUOUS
10
127.6757939999999962
20
-48.7573450000000008
11
127.53613
21
-48.6176809999999975
0
LINE
8
BLACK
6
CONTINUOUS
10
127.53613
20
-48.6176809999999975
11
127.5026450000000011
21
-48.5563579999999959
0
LINE
8
BLACK
6
CONTINUOUS
10
127.5026450000000011
20
-48.5563579999999959
11
127.5076289999999943
21
-48.4866659999999996
0
LINE
8
BLACK
6
CONTINUOUS
10
127.5076289999999943
20
-48.4866659999999996
11
127.53613
21
-48.4423189999999977
0
LINE
8
BLACK
6
CONTINUOUS
10
127.53613
20
-48.4423189999999977
11
127.5882239999999967
21
-48.3902250000000009
0
LINE
8
BLACK
6
CONTINUOUS
10
127.5882239999999967
20
-48.3902250000000009
11
127.6757929999999988
21
-48.3026559999999989
0
LINE
8
BLACK
6
CONTINUOUS
10
127.6757929999999988
20
-48.3026559999999989
11
127.8238699999999994
21
-48.0988449999999972
0
LINE
8
BLACK
6
CONTINUOUS
10
127.8238699999999994
20
-48.0988449999999972
11
127.9382409999999908
21
-47.8743789999999976
0
LINE
8
BLACK
6
CONTINUOUS
10
127.9382409999999908
20
-47.8743789999999976
11
128.0160899999999913
21
-47.6347850000000008
0
LINE
8
BLACK
6
CONTINUOUS
10
128.0160899999999913
20
-47.6347850000000008
11
128.055499999999995
21
-47.3859619999999993
0
LINE
8
BLACK
6
CONTINUOUS
10
128.055499999999995
20
-47.3859619999999993
11
128.055499999999995
21
-47.1340379999999968
0
LINE
8
BLACK
6
CONTINUOUS
10
128.055499999999995
20
-47.1340379999999968
11
128.0160899999999913
21
-46.8852149999999952
0
LINE
8
BLACK
6
CONTINUOUS
10
128.0160899999999913
20
-46.8852149999999952
11
127.9382409999999908
21
-46.6456209999999984
0
LINE
8
BLACK
6
CONTINUOUS
10
127.9382409999999908
20
-46.6456209999999984
11
127.9382389999999958
21
-46.6456179999999989
0
LINE
8
BLACK
6
CONTINUOUS
10
127.9382389999999958
20
-46.6456179999999989
11
127.9382389999999958
21
-46.6456159999999969
0
LINE
8
BLACK
6
CONTINUOUS
10
127.9382389999999958
20
-46.6456159999999969
11
127.8967469999999906
21
-46.5641839999999974
0
LINE
8
BLACK
6
CONTINUOUS
10
127.8967469999999906
20
-46.5641839999999974
11
127.8238699999999994
21
-46.4211549999999988
0
LINE
8
BLACK
6
CONTINUOUS
10
127.8238699999999994
20
-46.4211549999999988
11
127.7999409999999898
21
-46.3882189999999994
0
LINE
8
BLACK
6
CONTINUOUS
10
127.7999409999999898
20
-46.3882189999999994
11
127.6757980000000003
21
-46.2173499999999962
0
LINE
8
BLACK
6
CONTINUOUS
10
127.6757980000000003
20
-46.2173499999999962
11
127.6757939999999962
21
-46.2173449999999946
0
LINE
8
BLACK
6
CONTINUOUS
10
127.6757939999999962
20
-46.2173449999999946
11
127.4976539999999972
21
-46.0392049999999955
0
LINE
8
BLACK
6
CONTINUOUS
10
127.4976539999999972
20
-46.0392049999999955
11
127.4976489999999956
21
-46.0392009999999985
0
LINE
8
BLACK
6
CONTINUOUS
10
127.4976489999999956
20
-46.0392009999999985
11
127.293847999999997
21
-45.8911319999999989
0
LINE
8
BLACK
6
CONTINUOUS
10
127.293847999999997
20
-45.8911319999999989
11
127.2938469999999995
21
-45.8911310000000014
0
LINE
8
BLACK
6
CONTINUOUS
10
127.2938469999999995
20
-45.8911310000000014
11
127.2938449999999904
21
-45.8911299999999969
0
LINE
8
BLACK
6
CONTINUOUS
10
127.2938449999999904
20
-45.8911299999999969
11
127.1784179999999935
21
-45.8323169999999962
0
LINE
8
BLACK
6
CONTINUOUS
10
127.1784179999999935
20
-45.8323169999999962
11
127.0693829999999878
21
-45.7767599999999959
0
LINE
8
BLACK
6
CONTINUOUS
10
127.0693829999999878
20
-45.7767599999999959
11
126.8297850000000011
21
-45.6989099999999979
0
LINE
8
BLACK
6
CONTINUOUS
10
126.8297850000000011
20
-45.6989099999999979
11
126.6769299999999987
21
-45.6747000000000014
0
LINE
8
BLACK
6
CONTINUOUS
10
126.6769299999999987
20
-45.6747000000000014
11
126.5809619999999995
21
-45.6595000000000013
0
LINE
8
BLACK
6
CONTINUOUS
10
126.5809619999999995
20
-45.6595000000000013
11
125.5290379999999999
21
-45.6595000000000013
0
LINE
8
BLACK
6
CONTINUOUS
10
125.5290379999999999
20
-45.6595000000000013
11
125.4630349999999908
21
-45.6699539999999971
0
LINE
8
BLACK
6
CONTINUOUS
10
125.4630349999999908
20
-45.6699539999999971
11
125.2802140000000009
21
-45.6989099999999979
0
LINE
8
BLACK
6
CONTINUOUS
10
125.2802140000000009
20
-45.6989099999999979
11
125.040616
21
-45.7767599999999959
0
LINE
8
BLACK
6
CONTINUOUS
10
125.040616
20
-45.7767599999999959
11
124.8161509999999907
21
-45.8911319999999989
0
LINE
8
BLACK
6
CONTINUOUS
10
124.8161509999999907
20
-45.8911319999999989
11
124.6123499999999922
21
-46.0392009999999985
0
LINE
8
BLACK
6
CONTINUOUS
10
124.6123499999999922
20
-46.0392009999999985
11
124.6123449999999906
21
-46.0392049999999955
0
LINE
8
BLACK
6
CONTINUOUS
10
124.6123449999999906
20
-46.0392049999999955
11
124.4342049999999915
21
-46.2173449999999946
0
LINE
8
BLACK
6
CONTINUOUS
10
124.4342049999999915
20
-46.2173449999999946
11
124.4342009999999874
21
-46.2173499999999962
0
LINE
8
BLACK
6
CONTINUOUS
10
124.4342009999999874
20
-46.2173499999999962
11
124.2861319999999949
21
-46.4211509999999947
0
LINE
8
BLACK
6
CONTINUOUS
10
124.2861319999999949
20
-46.4211509999999947
11
124.1717599999999919
21
-46.6456159999999969
0
LINE
8
BLACK
6
CONTINUOUS
10
124.1717599999999919
20
-46.6456159999999969
11
124.0939099999999939
21
-46.8852139999999977
0
LINE
8
BLACK
6
CONTINUOUS
10
124.0939099999999939
20
-46.8852139999999977
11
124.0591739999999987
21
-47.1045279999999948
0
LINE
8
BLACK
6
CONTINUOUS
10
124.0591739999999987
20
-47.1045279999999948
11
124.0544999999999902
21
-47.1340379999999968
0
LINE
8
BLACK
6
CONTINUOUS
10
124.0544999999999902
20
-47.1340379999999968
11
124.0544999999999902
21
-47.3859619999999993
0
LINE
8
BLACK
6
CONTINUOUS
10
102.734499999999997
20
-49.9572769999999977
11
102.7697159999999883
21
-50.2698269999999994
0
LINE
8
BLACK
6
CONTINUOUS
10
102.7697159999999883
20
-50.2698269999999994
11
102.7697179999999975
21
-50.2698429999999945
0
LINE
8
BLACK
6
CONTINUOUS
10
102.7697179999999975
20
-50.2698429999999945
11
102.8397099999999966
21
-50.5764989999999983
0
LINE
8
BLACK
6
CONTINUOUS
10
102.8397099999999966
20
-50.5764989999999983
11
102.8397109999999941
21
-50.5765010000000004
0
LINE
8
BLACK
6
CONTINUOUS
10
102.8397109999999941
20
-50.5765010000000004
11
102.9435979999999944
21
-50.873394999999995
0
LINE
8
BLACK
6
CONTINUOUS
10
102.9435979999999944
20
-50.873394999999995
11
103.0800720000000013
21
-51.1567859999999968
0
LINE
8
BLACK
6
CONTINUOUS
10
103.0800720000000013
20
-51.1567859999999968
11
103.0800739999999962
21
-51.1567889999999963
0
LINE
8
BLACK
6
CONTINUOUS
10
103.0800739999999962
20
-51.1567889999999963
11
103.2474229999999977
21
-51.4231229999999968
0
LINE
8
BLACK
6
CONTINUOUS
10
103.2474229999999977
20
-51.4231229999999968
11
103.4435390000000012
21
-51.6690439999999995
0
LINE
8
BLACK
6
CONTINUOUS
10
103.4435390000000012
20
-51.6690439999999995
11
103.6659559999999942
21
-51.8914609999999996
0
LINE
8
BLACK
6
CONTINUOUS
10
103.6659559999999942
20
-51.8914609999999996
11
103.9118769999999898
21
-52.087576999999996
0
LINE
8
BLACK
6
CONTINUOUS
10
103.9118769999999898
20
-52.087576999999996
11
104.1782109999999903
21
-52.2549259999999975
0
LINE
8
BLACK
6
CONTINUOUS
10
104.1782109999999903
20
-52.2549259999999975
11
104.4616059999999891
21
-52.3914019999999994
0
LINE
8
BLACK
6
CONTINUOUS
10
104.4616059999999891
20
-52.3914019999999994
11
104.758499999999998
21
-52.4952889999999996
0
LINE
8
BLACK
6
CONTINUOUS
10
104.758499999999998
20
-52.4952889999999996
11
105.0651599999999917
21
-52.5652819999999963
0
LINE
8
BLACK
6
CONTINUOUS
10
105.0651599999999917
20
-52.5652819999999963
11
105.3777229999999889
21
-52.6004989999999992
0
LINE
8
BLACK
6
CONTINUOUS
10
105.3777229999999889
20
-52.6004989999999992
11
105.3777240000000006
21
-52.6004999999999967
0
LINE
8
BLACK
6
CONTINUOUS
10
105.3777240000000006
20
-52.6004999999999967
11
105.377726999999993
21
-52.6004999999999967
0
LINE
8
BLACK
6
CONTINUOUS
10
105.377726999999993
20
-52.6004999999999967
11
105.6922759999999926
21
-52.6004999999999967
0
LINE
8
BLACK
6
CONTINUOUS
10
105.6922759999999926
20
-52.6004999999999967
11
105.6922759999999926
21
-52.6004989999999992
0
LINE
8
BLACK
6
CONTINUOUS
10
105.6922759999999926
20
-52.6004989999999992
11
106.0048400000000015
21
-52.5652819999999963
0
LINE
8
BLACK
6
CONTINUOUS
10
106.0048400000000015
20
-52.5652819999999963
11
106.3114999999999952
21
-52.4952889999999996
0
LINE
8
BLACK
6
CONTINUOUS
10
106.3114999999999952
20
-52.4952889999999996
11
106.6083939999999899
21
-52.3914019999999994
0
LINE
8
BLACK
6
CONTINUOUS
10
106.6083939999999899
20
-52.3914019999999994
11
106.8917889999999886
21
-52.2549259999999975
0
LINE
8
BLACK
6
CONTINUOUS
10
106.8917889999999886
20
-52.2549259999999975
11
107.1581229999999891
21
-52.087576999999996
0
LINE
8
BLACK
6
CONTINUOUS
10
107.1581229999999891
20
-52.087576999999996
11
107.404043999999999
21
-51.8914609999999996
0
LINE
8
BLACK
6
CONTINUOUS
10
107.404043999999999
20
-51.8914609999999996
11
107.6264609999999919
21
-51.6690439999999995
0
LINE
8
BLACK
6
CONTINUOUS
10
107.6264609999999919
20
-51.6690439999999995
11
107.8225769999999955
21
-51.4231229999999968
0
LINE
8
BLACK
6
CONTINUOUS
10
107.8225769999999955
20
-51.4231229999999968
11
107.989925999999997
21
-51.1567889999999963
0
LINE
8
BLACK
6
CONTINUOUS
10
107.989925999999997
20
-51.1567889999999963
11
108.1264019999999988
21
-50.8733939999999976
0
LINE
8
BLACK
6
CONTINUOUS
10
108.1264019999999988
20
-50.8733939999999976
11
108.2302889999999991
21
-50.5764999999999958
0
LINE
8
BLACK
6
CONTINUOUS
10
108.2302889999999991
20
-50.5764999999999958
11
108.3002819999999957
21
-50.269839999999995
0
LINE
8
BLACK
6
CONTINUOUS
10
108.3002819999999957
20
-50.269839999999995
11
108.3354999999999961
21
-49.9572730000000007
0
LINE
8
BLACK
6
CONTINUOUS
10
108.3354999999999961
20
-49.9572730000000007
11
108.3354999999999961
21
-49.6427270000000007
0
LINE
8
BLACK
6
CONTINUOUS
10
108.3354999999999961
20
-49.6427270000000007
11
108.3002819999999957
21
-49.3301599999999993
0
LINE
8
BLACK
6
CONTINUOUS
10
108.3002819999999957
20
-49.3301599999999993
11
108.2677879999999959
21
-49.1877929999999992
0
LINE
8
BLACK
6
CONTINUOUS
10
108.2677879999999959
20
-49.1877929999999992
11
108.2307459999999963
21
-49.025500000000001
0
LINE
8
BLACK
6
CONTINUOUS
10
108.2307459999999963
20
-49.025500000000001
11
108.2350189999999941
21
-48.9557609999999954
0
LINE
8
BLACK
6
CONTINUOUS
10
108.2350189999999941
20
-48.9557609999999954
11
108.2639539999999982
21
-48.9102290000000011
0
LINE
8
BLACK
6
CONTINUOUS
10
108.2639539999999982
20
-48.9102290000000011
11
110.515790999999993
21
-46.6583919999999992
0
LINE
8
BLACK
6
CONTINUOUS
10
110.515790999999993
20
-46.6583919999999992
11
113.0236299999999972
21
-44.1505529999999951
0
LINE
8
BLACK
6
CONTINUOUS
10
113.0236299999999972
20
-44.1505529999999951
11
123.8373659999999887
21
-33.3368189999999984
0
LINE
8
BLACK
6
CONTINUOUS
10
123.8373659999999887
20
-33.3368189999999984
11
123.8986889999999903
21
-33.3033339999999995
0
LINE
8
BLACK
6
CONTINUOUS
10
123.8986889999999903
20
-33.3033339999999995
11
123.9250469999999922
21
-33.3004999999999995
0
LINE
8
BLACK
6
CONTINUOUS
10
123.9250469999999922
20
-33.3004999999999995
11
144.5654999999999859
21
-33.3004999999999995
0
LINE
8
BLACK
6
CONTINUOUS
10
144.5654999999999859
20
-33.3004999999999995
11
144.63253899999998
21
-33.3201849999999951
0
LINE
8
BLACK
6
CONTINUOUS
10
144.63253899999998
20
-33.3201849999999951
11
144.678293999999994
21
-33.3729889999999969
0
LINE
8
BLACK
6
CONTINUOUS
10
144.678293999999994
20
-33.3729889999999969
11
144.6894999999999811
21
-33.4245000000000019
0
LINE
8
BLACK
6
CONTINUOUS
10
144.6894999999999811
20
-33.4245000000000019
11
144.6894999999999811
21
-33.5449599999999961
0
LINE
8
BLACK
6
CONTINUOUS
10
144.6894999999999811
20
-33.5449599999999961
11
144.7046299999999803
21
-33.6792489999999987
0
LINE
8
BLACK
6
CONTINUOUS
10
144.7046299999999803
20
-33.6792489999999987
11
144.7046310000000062
21
-33.6792540000000002
0
LINE
8
BLACK
6
CONTINUOUS
10
144.7046310000000062
20
-33.6792540000000002
11
144.7642109999999889
21
-33.8495229999999978
0
LINE
8
BLACK
6
CONTINUOUS
10
144.7642109999999889
20
-33.8495229999999978
11
144.8065469999999948
21
-33.9168999999999983
0
LINE
8
BLACK
6
CONTINUOUS
10
144.8065469999999948
20
-33.9168999999999983
11
144.8601840000000038
21
-34.0022620000000018
0
LINE
8
BLACK
6
CONTINUOUS
10
144.8601840000000038
20
-34.0022620000000018
11
144.9877380000000073
21
-34.1298159999999982
0
LINE
8
BLACK
6
CONTINUOUS
10
144.9877380000000073
20
-34.1298159999999982
11
145.1404780000000017
21
-34.2257889999999989
0
LINE
8
BLACK
6
CONTINUOUS
10
145.1404780000000017
20
-34.2257889999999989
11
145.241500000000002
21
-34.2611379999999954
0
LINE
8
BLACK
6
CONTINUOUS
10
145.241500000000002
20
-34.2611379999999954
11
145.3107449999999972
21
-34.2853679999999983
0
LINE
8
BLACK
6
CONTINUOUS
10
145.3107449999999972
20
-34.2853679999999983
11
145.3107499999999845
21
-34.2853689999999958
0
LINE
8
BLACK
6
CONTINUOUS
10
145.3107499999999845
20
-34.2853689999999958
11
145.4012459999999862
21
-34.2955649999999963
0
LINE
8
BLACK
6
CONTINUOUS
10
145.4012459999999862
20
-34.2955649999999963
11
145.4450400000000059
21
-34.300498999999995
0
LINE
8
BLACK
6
CONTINUOUS
10
145.4450400000000059
20
-34.300498999999995
11
145.4450429999999983
21
-34.3004999999999995
0
LINE
8
BLACK
6
CONTINUOUS
10
145.4450429999999983
20
-34.3004999999999995
11
145.4450459999999907
21
-34.3004999999999995
0
LINE
8
BLACK
6
CONTINUOUS
10
145.4450459999999907
20
-34.3004999999999995
11
148.5349569999999915
21
-34.3004999999999995
0
LINE
8
BLACK
6
CONTINUOUS
10
148.5349569999999915
20
-34.3004999999999995
11
148.5349579999999889
21
-34.300498999999995
0
LINE
8
BLACK
6
CONTINUOUS
10
148.5349579999999889
20
-34.300498999999995
11
148.6021039999999971
21
-34.2929339999999954
0
LINE
8
BLACK
6
CONTINUOUS
10
148.6021039999999971
20
-34.2929339999999954
11
148.6692489999999793
21
-34.2853689999999958
0
LINE
8
BLACK
6
CONTINUOUS
10
148.6692489999999793
20
-34.2853689999999958
11
148.6692520000000002
21
-34.2853679999999983
0
LINE
8
BLACK
6
CONTINUOUS
10
148.6692520000000002
20
-34.2853679999999983
11
148.6692549999999926
21
-34.2853679999999983
0
LINE
8
BLACK
6
CONTINUOUS
10
148.6692549999999926
20
-34.2853679999999983
11
148.8395219999999881
21
-34.2257889999999989
0
LINE
8
BLACK
6
CONTINUOUS
10
148.8395219999999881
20
-34.2257889999999989
11
148.9922619999999824
21
-34.1298159999999982
0
LINE
8
BLACK
6
CONTINUOUS
10
148.9922619999999824
20
-34.1298159999999982
11
149.1198159999999859
21
-34.0022620000000018
0
LINE
8
BLACK
6
CONTINUOUS
10
149.1198159999999859
20
-34.0022620000000018
11
149.2157890000000009
21
-33.8495220000000003
0
LINE
8
BLACK
6
CONTINUOUS
10
149.2157890000000009
20
-33.8495220000000003
11
149.2753679999999861
21
-33.6792549999999977
0
LINE
8
BLACK
6
CONTINUOUS
10
149.2753679999999861
20
-33.6792549999999977
11
149.2904999999999802
21
-33.5449539999999971
0
LINE
8
BLACK
6
CONTINUOUS
10
149.2904999999999802
20
-33.5449539999999971
11
149.2904999999999802
21
-31.8492229999999985
0
LINE
8
BLACK
6
CONTINUOUS
10
149.2904999999999802
20
-31.8492229999999985
11
149.2904999999999802
21
-30.4550459999999994
0
LINE
8
BLACK
6
CONTINUOUS
10
149.2904999999999802
20
-30.4550459999999994
11
149.2753679999999861
21
-30.3207449999999987
0
LINE
8
BLACK
6
CONTINUOUS
10
149.2753679999999861
20
-30.3207449999999987
11
149.2157890000000009
21
-30.1504779999999997
0
LINE
8
BLACK
6
CONTINUOUS
10
149.2157890000000009
20
-30.1504779999999997
11
149.1198159999999859
21
-29.9977379999999982
0
LINE
8
BLACK
6
CONTINUOUS
10
149.1198159999999859
20
-29.9977379999999982
11
148.9922619999999824
21
-29.8701839999999983
0
LINE
8
BLACK
6
CONTINUOUS
10
148.9922619999999824
20
-29.8701839999999983
11
148.9074819999999875
21
-29.8169129999999996
0
LINE
8
BLACK
6
CONTINUOUS
10
148.9074819999999875
20
-29.8169129999999996
11
148.8395229999999856
21
-29.7742109999999975
0
LINE
8
BLACK
6
CONTINUOUS
10
148.8395229999999856
20
-29.7742109999999975
11
148.6692539999999951
21
-29.7146309999999971
0
LINE
8
BLACK
6
CONTINUOUS
10
148.6692539999999951
20
-29.7146309999999971
11
148.6692489999999793
21
-29.7146299999999997
0
LINE
8
BLACK
6
CONTINUOUS
10
148.6692489999999793
20
-29.7146299999999997
11
148.5349599999999839
21
-29.6994999999999969
0
LINE
8
BLACK
6
CONTINUOUS
10
148.5349599999999839
20
-29.6994999999999969
11
148.534953999999999
21
-29.6994999999999969
0
LINE
8
BLACK
6
CONTINUOUS
10
148.534953999999999
20
-29.6994999999999969
11
145.4450459999999907
21
-29.6994999999999969
0
LINE
8
BLACK
6
CONTINUOUS
10
145.4450459999999907
20
-29.6994999999999969
11
145.44503899999998
21
-29.6994999999999969
0
LINE
8
BLACK
6
CONTINUOUS
10
145.44503899999998
20
-29.6994999999999969
11
145.3107499999999845
21
-29.7146299999999997
0
LINE
8
BLACK
6
CONTINUOUS
10
145.3107499999999845
20
-29.7146299999999997
11
145.3107449999999972
21
-29.7146309999999971
0
LINE
8
BLACK
6
CONTINUOUS
10
145.3107449999999972
20
-29.7146309999999971
11
145.1404760000000067
21
-29.7742109999999975
0
LINE
8
BLACK
6
CONTINUOUS
10
145.1404760000000067
20
-29.7742109999999975
11
144.9877369999999814
21
-29.8701839999999983
0
LINE
8
BLACK
6
CONTINUOUS
10
144.9877369999999814
20
-29.8701839999999983
11
144.8601840000000038
21
-29.9977369999999972
0
LINE
8
BLACK
6
CONTINUOUS
10
144.8601840000000038
20
-29.9977369999999972
11
144.7642109999999889
21
-30.1504759999999976
0
LINE
8
BLACK
6
CONTINUOUS
10
144.7642109999999889
20
-30.1504759999999976
11
144.7046310000000062
21
-30.3207449999999987
0
LINE
8
BLACK
6
CONTINUOUS
10
144.7046310000000062
20
-30.3207449999999987
11
144.7046299999999803
21
-30.3207500000000003
0
LINE
8
BLACK
6
CONTINUOUS
10
144.7046299999999803
20
-30.3207500000000003
11
144.6894999999999811
21
-30.4550389999999993
0
LINE
8
BLACK
6
CONTINUOUS
10
144.6894999999999811
20
-30.4550389999999993
11
144.6894999999999811
21
-30.5754999999999981
0
LINE
8
BLACK
6
CONTINUOUS
10
144.6894999999999811
20
-30.5754999999999981
11
144.6698149999999998
21
-30.6425389999999993
0
LINE
8
BLACK
6
CONTINUOUS
10
144.6698149999999998
20
-30.6425389999999993
11
144.6170109999999909
21
-30.6882939999999991
0
LINE
8
BLACK
6
CONTINUOUS
10
144.6170109999999909
20
-30.6882939999999991
11
144.5654999999999859
21
-30.6994999999999969
0
LINE
8
BLACK
6
CONTINUOUS
10
144.5654999999999859
20
-30.6994999999999969
11
123.2326479999999975
21
-30.6994999999999969
0
LINE
8
BLACK
6
CONTINUOUS
10
123.2326479999999975
20
-30.6994999999999969
11
123.208328999999992
21
-30.7033509999999978
0
LINE
8
BLACK
6
CONTINUOUS
10
123.208328999999992
20
-30.7033509999999978
11
123.0304649999999924
21
-30.7315219999999982
0
LINE
8
BLACK
6
CONTINUOUS
10
123.0304649999999924
20
-30.7315219999999982
11
122.8357759999999956
21
-30.7947809999999969
0
LINE
8
BLACK
6
CONTINUOUS
10
122.8357759999999956
20
-30.7947809999999969
11
122.6972799999999921
21
-30.8653489999999984
0
LINE
8
BLACK
6
CONTINUOUS
10
122.6972799999999921
20
-30.8653489999999984
11
122.6533899999999875
21
-30.887712999999998
0
LINE
8
BLACK
6
CONTINUOUS
10
122.6533899999999875
20
-30.887712999999998
11
122.65338899999999
21
-30.887713999999999
0
LINE
8
BLACK
6
CONTINUOUS
10
122.65338899999999
20
-30.887713999999999
11
122.6454909999999927
21
-30.8934519999999999
0
LINE
8
BLACK
6
CONTINUOUS
10
122.6454909999999927
20
-30.8934519999999999
11
122.6454899999999952
21
-30.8934509999999989
0
LINE
8
BLACK
6
CONTINUOUS
10
122.6454899999999952
20
-30.8934509999999989
11
122.6454899999999952
21
-30.8934519999999999
0
LINE
8
BLACK
6
CONTINUOUS
10
122.6454899999999952
20
-30.8934519999999999
11
122.4877859999999998
21
-31.0080279999999995
0
LINE
8
BLACK
6
CONTINUOUS
10
122.4877859999999998
20
-31.0080279999999995
11
122.4877819999999957
21
-31.008032
0
LINE
8
BLACK
6
CONTINUOUS
10
122.4877819999999957
20
-31.008032
11
106.4247699999999952
21
-47.071042999999996
0
LINE
8
BLACK
6
CONTINUOUS
10
106.4247699999999952
20
-47.071042999999996
11
106.3634469999999936
21
-47.1045279999999948
0
LINE
8
BLACK
6
CONTINUOUS
10
106.3634469999999936
20
-47.1045279999999948
11
106.3094969999999932
21
-47.1042529999999999
0
LINE
8
BLACK
6
CONTINUOUS
10
106.3094969999999932
20
-47.1042529999999999
11
106.0048429999999939
21
-47.034717999999998
0
LINE
8
BLACK
6
CONTINUOUS
10
106.0048429999999939
20
-47.034717999999998
11
106.0048269999999917
21
-47.034715999999996
0
LINE
8
BLACK
6
CONTINUOUS
10
106.0048269999999917
20
-47.034715999999996
11
105.69227699999999
21
-46.9994999999999976
0
LINE
8
BLACK
6
CONTINUOUS
10
105.69227699999999
20
-46.9994999999999976
11
105.6922730000000001
21
-46.9994999999999976
0
LINE
8
BLACK
6
CONTINUOUS
10
105.6922730000000001
20
-46.9994999999999976
11
105.377726999999993
21
-46.9994999999999976
0
LINE
8
BLACK
6
CONTINUOUS
10
105.377726999999993
20
-46.9994999999999976
11
105.3777219999999915
21
-46.9994999999999976
0
LINE
8
BLACK
6
CONTINUOUS
10
105.3777219999999915
20
-46.9994999999999976
11
105.0651719999999898
21
-47.034715999999996
0
LINE
8
BLACK
6
CONTINUOUS
10
105.0651719999999898
20
-47.034715999999996
11
105.0651560000000018
21
-47.034717999999998
0
LINE
8
BLACK
6
CONTINUOUS
10
105.0651560000000018
20
-47.034717999999998
11
104.758499999999998
21
-47.1047099999999972
0
LINE
8
BLACK
6
CONTINUOUS
10
104.758499999999998
20
-47.1047099999999972
11
104.7584979999999888
21
-47.1047109999999947
0
LINE
8
BLACK
6
CONTINUOUS
10
104.7584979999999888
20
-47.1047109999999947
11
104.4616039999999941
21
-47.208597999999995
0
LINE
8
BLACK
6
CONTINUOUS
10
104.4616039999999941
20
-47.208597999999995
11
104.1782129999999995
21
-47.3450719999999947
0
LINE
8
BLACK
6
CONTINUOUS
10
104.1782129999999995
20
-47.3450719999999947
11
103.9118780000000015
21
-47.5124220000000008
0
LINE
8
BLACK
6
CONTINUOUS
10
103.9118780000000015
20
-47.5124220000000008
11
103.6659559999999942
21
-47.7085379999999972
0
LINE
8
BLACK
6
CONTINUOUS
10
103.6659559999999942
20
-47.7085379999999972
11
103.4435379999999896
21
-47.9309559999999948
0
LINE
8
BLACK
6
CONTINUOUS
10
103.4435379999999896
20
-47.9309559999999948
11
103.2474220000000003
21
-48.176877999999995
0
LINE
8
BLACK
6
CONTINUOUS
10
103.2474220000000003
20
-48.176877999999995
11
103.0800720000000013
21
-48.4432130000000001
0
LINE
8
BLACK
6
CONTINUOUS
10
103.0800720000000013
20
-48.4432130000000001
11
102.9435979999999944
21
-48.7266039999999947
0
LINE
8
BLACK
6
CONTINUOUS
10
102.9435979999999944
20
-48.7266039999999947
11
102.8397109999999941
21
-49.0234979999999965
0
LINE
8
BLACK
6
CONTINUOUS
10
102.8397109999999941
20
-49.0234979999999965
11
102.8397099999999966
21
-49.0234999999999985
0
LINE
8
BLACK
6
CONTINUOUS
10
102.8397099999999966
20
-49.0234999999999985
11
102.7697179999999975
21
-49.3301559999999952
0
LINE
8
BLACK
6
CONTINUOUS
10
102.7697179999999975
20
-49.3301559999999952
11
102.7697159999999883
21
-49.3301719999999975
0
LINE
8
BLACK
6
CONTINUOUS
10
102.7697159999999883
20
-49.3301719999999975
11
102.734499999999997
21
-49.6427219999999991
0
LINE
8
BLACK
6
CONTINUOUS
10
102.734499999999997
20
-49.6427219999999991
11
102.734499999999997
21
-49.9572769999999977
0
LINE
8
BLACK
6
CONTINUOUS
10
52.474499999999999
20
-50.7016039999999961
11
52.4896989999999946
21
-50.8559319999999957
0
LINE
8
BLACK
6
CONTINUOUS
10
52.4896989999999946
20
-50.8559319999999957
11
52.4896999999999991
21
-50.8559349999999952
0
LINE
8
BLACK
6
CONTINUOUS
10
52.4896999999999991
20
-50.8559349999999952
11
52.5497680000000003
21
-51.0539549999999949
0
LINE
8
BLACK
6
CONTINUOUS
10
52.5497680000000003
20
-51.0539549999999949
11
52.6449029999999993
21
-51.231938999999997
0
LINE
8
BLACK
6
CONTINUOUS
10
52.6449029999999993
20
-51.231938999999997
11
52.647317000000001
21
-51.2364539999999948
0
LINE
8
BLACK
6
CONTINUOUS
10
52.647317000000001
20
-51.2364539999999948
11
52.7785889999999966
21
-51.3964099999999959
0
LINE
8
BLACK
6
CONTINUOUS
10
52.7785889999999966
20
-51.3964099999999959
11
52.9385449999999977
21
-51.5276819999999987
0
LINE
8
BLACK
6
CONTINUOUS
10
52.9385449999999977
20
-51.5276819999999987
11
52.9385489999999947
21
-51.5276849999999982
0
LINE
8
BLACK
6
CONTINUOUS
10
52.9385489999999947
20
-51.5276849999999982
11
53.1210449999999952
21
-51.6252319999999969
0
LINE
8
BLACK
6
CONTINUOUS
10
53.1210449999999952
20
-51.6252319999999969
11
53.3190649999999948
21
-51.685299999999998
0
LINE
8
BLACK
6
CONTINUOUS
10
53.3190649999999948
20
-51.685299999999998
11
53.3190639999999973
21
-51.685299999999998
0
LINE
8
BLACK
6
CONTINUOUS
10
53.3190639999999973
20
-51.685299999999998
11
53.3299680000000009
21
-51.6863729999999961
0
LINE
8
BLACK
6
CONTINUOUS
10
53.3299680000000009
20
-51.6863729999999961
11
53.4733909999999995
21
-51.7004999999999981
0
LINE
8
BLACK
6
CONTINUOUS
10
53.4733909999999995
20
-51.7004999999999981
11
55.276607999999996
21
-51.7004990000000006
0
LINE
8
BLACK
6
CONTINUOUS
10
55.276607999999996
20
-51.7004990000000006
11
55.4309349999999981
21
-51.685299999999998
0
LINE
8
BLACK
6
CONTINUOUS
10
55.4309349999999981
20
-51.685299999999998
11
55.6289549999999977
21
-51.6252319999999969
0
LINE
8
BLACK
6
CONTINUOUS
10
55.6289549999999977
20
-51.6252319999999969
11
55.8114509999999981
21
-51.5276849999999982
0
LINE
8
BLACK
6
CONTINUOUS
10
55.8114509999999981
20
-51.5276849999999982
11
55.9714099999999988
21
-51.3964099999999959
0
LINE
8
BLACK
6
CONTINUOUS
10
55.9714099999999988
20
-51.3964099999999959
11
56.1026849999999939
21
-51.2364509999999953
0
LINE
8
BLACK
6
CONTINUOUS
10
56.1026849999999939
20
-51.2364509999999953
11
56.2002319999999997
21
-51.0539549999999949
0
LINE
8
BLACK
6
CONTINUOUS
10
56.2002319999999997
20
-51.0539549999999949
11
56.2603000000000009
21
-50.8559349999999952
0
LINE
8
BLACK
6
CONTINUOUS
10
56.2603000000000009
20
-50.8559349999999952
11
56.275500000000001
21
-50.7016089999999977
0
LINE
8
BLACK
6
CONTINUOUS
10
56.275500000000001
20
-50.7016089999999977
11
56.2754989999999964
21
-49.6754409999999993
0
LINE
8
BLACK
6
CONTINUOUS
10
56.2754989999999964
20
-49.6754409999999993
11
56.2754989999999964
21
-48.8983920000000012
0
LINE
8
BLACK
6
CONTINUOUS
10
56.2754989999999964
20
-48.8983920000000012
11
56.2603000000000009
21
-48.7440649999999991
0
LINE
8
BLACK
6
CONTINUOUS
10
56.2603000000000009
20
-48.7440649999999991
11
56.2002319999999997
21
-48.5460449999999994
0
LINE
8
BLACK
6
CONTINUOUS
10
56.2002319999999997
20
-48.5460449999999994
11
56.1026849999999939
21
-48.363548999999999
0
LINE
8
BLACK
6
CONTINUOUS
10
56.1026849999999939
20
-48.363548999999999
11
56.0950530000000001
21
-48.3542489999999958
0
LINE
8
BLACK
6
CONTINUOUS
10
56.0950530000000001
20
-48.3542489999999958
11
55.9714099999999988
21
-48.2035890000000009
0
LINE
8
BLACK
6
CONTINUOUS
10
55.9714099999999988
20
-48.2035890000000009
11
55.8580449999999971
21
-48.1105529999999959
0
LINE
8
BLACK
6
CONTINUOUS
10
55.8580449999999971
20
-48.1105529999999959
11
55.8114539999999977
21
-48.0723169999999982
0
LINE
8
BLACK
6
CONTINUOUS
10
55.8114539999999977
20
-48.0723169999999982
11
55.8114519999999956
21
-48.0723160000000007
0
LINE
8
BLACK
6
CONTINUOUS
10
55.8114519999999956
20
-48.0723160000000007
11
55.8114509999999981
21
-48.0723149999999961
0
LINE
8
BLACK
6
CONTINUOUS
10
55.8114509999999981
20
-48.0723149999999961
11
55.6289549999999977
21
-47.9747679999999974
0
LINE
8
BLACK
6
CONTINUOUS
10
55.6289549999999977
20
-47.9747679999999974
11
55.4309349999999981
21
-47.9146999999999963
0
LINE
8
BLACK
6
CONTINUOUS
10
55.4309349999999981
20
-47.9146999999999963
11
55.430932999999996
21
-47.9146989999999988
0
LINE
8
BLACK
6
CONTINUOUS
10
55.430932999999996
20
-47.9146989999999988
11
55.4309349999999981
21
-47.9146989999999988
0
LINE
8
BLACK
6
CONTINUOUS
10
55.4309349999999981
20
-47.9146989999999988
11
55.320221999999994
21
-47.9037949999999952
0
LINE
8
BLACK
6
CONTINUOUS
10
55.320221999999994
20
-47.9037949999999952
11
55.2766090000000005
21
-47.8994999999999962
0
LINE
8
BLACK
6
CONTINUOUS
10
55.2766090000000005
20
-47.8994999999999962
11
55.2766049999999964
21
-47.8994999999999962
0
LINE
8
BLACK
6
CONTINUOUS
10
55.2766049999999964
20
-47.8994999999999962
11
53.4733949999999965
21
-47.8994999999999962
0
LINE
8
BLACK
6
CONTINUOUS
10
53.4733949999999965
20
-47.8994999999999962
11
53.3190669999999969
21
-47.9146989999999988
0
LINE
8
BLACK
6
CONTINUOUS
10
53.3190669999999969
20
-47.9146989999999988
11
53.1210419999999957
21
-47.9747689999999949
0
LINE
8
BLACK
6
CONTINUOUS
10
53.1210419999999957
20
-47.9747689999999949
11
52.9385449999999977
21
-48.0723169999999982
0
LINE
8
BLACK
6
CONTINUOUS
10
52.9385449999999977
20
-48.0723169999999982
11
52.7785889999999966
21
-48.2035890000000009
0
LINE
8
BLACK
6
CONTINUOUS
10
52.7785889999999966
20
-48.2035890000000009
11
52.647317000000001
21
-48.3635449999999949
0
LINE
8
BLACK
6
CONTINUOUS
10
52.647317000000001
20
-48.3635449999999949
11
52.5497689999999977
21
-48.5460419999999999
0
LINE
8
BLACK
6
CONTINUOUS
10
52.5497689999999977
20
-48.5460419999999999
11
52.4896989999999946
21
-48.7440659999999966
0
LINE
8
BLACK
6
CONTINUOUS
10
52.4896989999999946
20
-48.7440659999999966
11
52.474499999999999
21
-48.8983939999999961
0
LINE
8
BLACK
6
CONTINUOUS
10
52.474499999999999
20
-48.8983939999999961
11
52.474499999999999
21
-50.7016039999999961
0
LINE
8
BLACK
6
CONTINUOUS
10
62.6344999999999956
20
-49.9245579999999975
11
62.6345010000000002
21
-49.9245749999999973
0
LINE
8
BLACK
6
CONTINUOUS
10
62.6345010000000002
20
-49.9245749999999973
11
62.6670169999999942
21
-50.171560999999997
0
LINE
8
BLACK
6
CONTINUOUS
10
62.6670169999999942
20
-50.171560999999997
11
62.7314979999999949
21
-50.4122069999999951
0
LINE
8
BLACK
6
CONTINUOUS
10
62.7314979999999949
20
-50.4122069999999951
11
62.826829999999994
21
-50.6423610000000011
0
LINE
8
BLACK
6
CONTINUOUS
10
62.826829999999994
20
-50.6423610000000011
11
62.8268369999999976
21
-50.6423759999999987
0
LINE
8
BLACK
6
CONTINUOUS
10
62.8268369999999976
20
-50.6423759999999987
11
62.9513999999999996
21
-50.8581259999999986
0
LINE
8
BLACK
6
CONTINUOUS
10
62.9513999999999996
20
-50.8581259999999986
11
63.1030599999999993
21
-51.0557739999999995
0
LINE
8
BLACK
6
CONTINUOUS
10
63.1030599999999993
20
-51.0557739999999995
11
63.1030659999999983
21
-51.0557809999999961
0
LINE
8
BLACK
6
CONTINUOUS
10
63.1030659999999983
20
-51.0557809999999961
11
63.2792180000000002
21
-51.2319329999999979
0
LINE
8
BLACK
6
CONTINUOUS
10
63.2792180000000002
20
-51.2319329999999979
11
63.2792249999999967
21
-51.231938999999997
0
LINE
8
BLACK
6
CONTINUOUS
10
63.2792249999999967
20
-51.231938999999997
11
63.4768729999999977
21
-51.3835989999999967
0
LINE
8
BLACK
6
CONTINUOUS
10
63.4768729999999977
20
-51.3835989999999967
11
63.6926229999999975
21
-51.5081619999999987
0
LINE
8
BLACK
6
CONTINUOUS
10
63.6926229999999975
20
-51.5081619999999987
11
63.6926379999999952
21
-51.5081689999999952
0
LINE
8
BLACK
6
CONTINUOUS
10
63.6926379999999952
20
-51.5081689999999952
11
63.7918249999999958
21
-51.5492530000000002
0
LINE
8
BLACK
6
CONTINUOUS
10
63.7918249999999958
20
-51.5492530000000002
11
63.9227929999999986
21
-51.6035019999999989
0
LINE
8
BLACK
6
CONTINUOUS
10
63.9227929999999986
20
-51.6035019999999989
11
64.1634349999999927
21
-51.667981999999995
0
LINE
8
BLACK
6
CONTINUOUS
10
64.1634349999999927
20
-51.667981999999995
11
64.4104349999999926
21
-51.7004999999999981
0
LINE
8
BLACK
6
CONTINUOUS
10
64.4104349999999926
20
-51.7004999999999981
11
64.4104420000000033
21
-51.7004999999999981
0
LINE
8
BLACK
6
CONTINUOUS
10
64.4104420000000033
20
-51.7004999999999981
11
64.6595580000000041
21
-51.7004999999999981
0
LINE
8
BLACK
6
CONTINUOUS
10
64.6595580000000041
20
-51.7004999999999981
11
64.6595650000000006
21
-51.7004999999999981
0
LINE
8
BLACK
6
CONTINUOUS
10
64.6595650000000006
20
-51.7004999999999981
11
64.9065650000000005
21
-51.667981999999995
0
LINE
8
BLACK
6
CONTINUOUS
10
64.9065650000000005
20
-51.667981999999995
11
65.1472069999999945
21
-51.6035019999999989
0
LINE
8
BLACK
6
CONTINUOUS
10
65.1472069999999945
20
-51.6035019999999989
11
65.3773729999999915
21
-51.5081640000000007
0
LINE
8
BLACK
6
CONTINUOUS
10
65.3773729999999915
20
-51.5081640000000007
11
65.5931269999999955
21
-51.3835989999999967
0
LINE
8
BLACK
6
CONTINUOUS
10
65.5931269999999955
20
-51.3835989999999967
11
65.7907759999999939
21
-51.2319379999999995
0
LINE
8
BLACK
6
CONTINUOUS
10
65.7907759999999939
20
-51.2319379999999995
11
65.966937999999999
21
-51.0557759999999945
0
LINE
8
BLACK
6
CONTINUOUS
10
65.966937999999999
20
-51.0557759999999945
11
66.1185990000000032
21
-50.8581269999999961
0
LINE
8
BLACK
6
CONTINUOUS
10
66.1185990000000032
20
-50.8581269999999961
11
66.2431639999999931
21
-50.6423729999999992
0
LINE
8
BLACK
6
CONTINUOUS
10
66.2431639999999931
20
-50.6423729999999992
11
66.3385019999999912
21
-50.4122069999999951
0
LINE
8
BLACK
6
CONTINUOUS
10
66.3385019999999912
20
-50.4122069999999951
11
66.4029819999999944
21
-50.1715650000000011
0
LINE
8
BLACK
6
CONTINUOUS
10
66.4029819999999944
20
-50.1715650000000011
11
66.4354999999999905
21
-49.9245650000000012
0
LINE
8
BLACK
6
CONTINUOUS
10
66.4354999999999905
20
-49.9245650000000012
11
66.4354999999999905
21
-49.6754350000000002
0
LINE
8
BLACK
6
CONTINUOUS
10
66.4354999999999905
20
-49.6754350000000002
11
66.4029819999999944
21
-49.4284350000000003
0
LINE
8
BLACK
6
CONTINUOUS
10
66.4029819999999944
20
-49.4284350000000003
11
66.3385019999999912
21
-49.1877929999999992
0
LINE
8
BLACK
6
CONTINUOUS
10
66.3385019999999912
20
-49.1877929999999992
11
66.2704489999999993
21
-49.0234979999999965
0
LINE
8
BLACK
6
CONTINUOUS
10
66.2704489999999993
20
-49.0234979999999965
11
66.2431689999999946
21
-48.9576379999999958
0
LINE
8
BLACK
6
CONTINUOUS
10
66.2431689999999946
20
-48.9576379999999958
11
66.2431619999999981
21
-48.9576229999999981
0
LINE
8
BLACK
6
CONTINUOUS
10
66.2431619999999981
20
-48.9576229999999981
11
66.1185990000000032
21
-48.7418729999999982
0
LINE
8
BLACK
6
CONTINUOUS
10
66.1185990000000032
20
-48.7418729999999982
11
65.9669389999999964
21
-48.5442249999999973
0
LINE
8
BLACK
6
CONTINUOUS
10
65.9669389999999964
20
-48.5442249999999973
11
65.9669329999999974
21
-48.5442180000000008
0
LINE
8
BLACK
6
CONTINUOUS
10
65.9669329999999974
20
-48.5442180000000008
11
65.7907809999999955
21
-48.3680659999999989
0
LINE
8
BLACK
6
CONTINUOUS
10
65.7907809999999955
20
-48.3680659999999989
11
65.790773999999999
21
-48.3680599999999998
0
LINE
8
BLACK
6
CONTINUOUS
10
65.790773999999999
20
-48.3680599999999998
11
65.593125999999998
21
-48.2164000000000001
0
LINE
8
BLACK
6
CONTINUOUS
10
65.593125999999998
20
-48.2164000000000001
11
65.3773759999999982
21
-48.0918369999999982
0
LINE
8
BLACK
6
CONTINUOUS
10
65.3773759999999982
20
-48.0918369999999982
11
65.3773609999999934
21
-48.0918299999999945
0
LINE
8
BLACK
6
CONTINUOUS
10
65.3773609999999934
20
-48.0918299999999945
11
65.1472069999999945
21
-47.9964979999999954
0
LINE
8
BLACK
6
CONTINUOUS
10
65.1472069999999945
20
-47.9964979999999954
11
64.9065609999999964
21
-47.9320169999999948
0
LINE
8
BLACK
6
CONTINUOUS
10
64.9065609999999964
20
-47.9320169999999948
11
64.6595750000000038
21
-47.8995010000000008
0
LINE
8
BLACK
6
CONTINUOUS
10
64.6595750000000038
20
-47.8995010000000008
11
64.6595700000000022
21
-47.8994999999999962
0
LINE
8
BLACK
6
CONTINUOUS
10
64.6595700000000022
20
-47.8994999999999962
11
64.6595650000000006
21
-47.8994999999999962
0
LINE
8
BLACK
6
CONTINUOUS
10
64.6595650000000006
20
-47.8994999999999962
11
64.4104349999999926
21
-47.8994999999999962
0
LINE
8
BLACK
6
CONTINUOUS
10
64.4104349999999926
20
-47.8994999999999962
11
64.4104289999999935
21
-47.8994999999999962
0
LINE
8
BLACK
6
CONTINUOUS
10
64.4104289999999935
20
-47.8994999999999962
11
64.4104239999999919
21
-47.8995010000000008
0
LINE
8
BLACK
6
CONTINUOUS
10
64.4104239999999919
20
-47.8995010000000008
11
64.1634379999999993
21
-47.9320169999999948
0
LINE
8
BLACK
6
CONTINUOUS
10
64.1634379999999993
20
-47.9320169999999948
11
63.9227919999999941
21
-47.9964979999999954
0
LINE
8
BLACK
6
CONTINUOUS
10
63.9227919999999941
20
-47.9964979999999954
11
63.6926379999999952
21
-48.0918299999999945
0
LINE
8
BLACK
6
CONTINUOUS
10
63.6926379999999952
20
-48.0918299999999945
11
63.6926229999999975
21
-48.0918369999999982
0
LINE
8
BLACK
6
CONTINUOUS
10
63.6926229999999975
20
-48.0918369999999982
11
63.4768729999999977
21
-48.2164000000000001
0
LINE
8
BLACK
6
CONTINUOUS
10
63.4768729999999977
20
-48.2164000000000001
11
63.2792249999999967
21
-48.3680599999999998
0
LINE
8
BLACK
6
CONTINUOUS
10
63.2792249999999967
20
-48.3680599999999998
11
63.2792180000000002
21
-48.3680659999999989
0
LINE
8
BLACK
6
CONTINUOUS
10
63.2792180000000002
20
-48.3680659999999989
11
63.1030659999999983
21
-48.5442180000000008
0
LINE
8
BLACK
6
CONTINUOUS
10
63.1030659999999983
20
-48.5442180000000008
11
63.1030599999999993
21
-48.5442249999999973
0
LINE
8
BLACK
6
CONTINUOUS
10
63.1030599999999993
20
-48.5442249999999973
11
62.9513999999999996
21
-48.7418729999999982
0
LINE
8
BLACK
6
CONTINUOUS
10
62.9513999999999996
20
-48.7418729999999982
11
62.8268369999999976
21
-48.9576229999999981
0
LINE
8
BLACK
6
CONTINUOUS
10
62.8268369999999976
20
-48.9576229999999981
11
62.826829999999994
21
-48.9576379999999958
0
LINE
8
BLACK
6
CONTINUOUS
10
62.826829999999994
20
-48.9576379999999958
11
62.7314979999999949
21
-49.1877919999999946
0
LINE
8
BLACK
6
CONTINUOUS
10
62.7314979999999949
20
-49.1877919999999946
11
62.6670169999999942
21
-49.4284379999999999
0
LINE
8
BLACK
6
CONTINUOUS
10
62.6670169999999942
20
-49.4284379999999999
11
62.6345010000000002
21
-49.6754239999999996
0
LINE
8
BLACK
6
CONTINUOUS
10
62.6345010000000002
20
-49.6754239999999996
11
62.6344999999999956
21
-49.6754409999999993
0
LINE
8
BLACK
6
CONTINUOUS
10
62.6344999999999956
20
-49.6754409999999993
11
62.6344999999999956
21
-49.9245579999999975
0
LINE
8
BLACK
6
CONTINUOUS
10
34.6769069999999999
20
-42.9155529999999956
11
34.7439460000000011
21
-42.9352379999999982
0
LINE
8
BLACK
6
CONTINUOUS
10
34.7439460000000011
20
-42.9352379999999982
11
34.7897010000000009
21
-42.9880420000000001
0
LINE
8
BLACK
6
CONTINUOUS
10
34.7897010000000009
20
-42.9880420000000001
11
34.7996449999999982
21
-43.0571999999999946
0
LINE
8
BLACK
6
CONTINUOUS
10
34.7996449999999982
20
-43.0571999999999946
11
34.770620000000001
21
-43.1207560000000001
0
LINE
8
BLACK
6
CONTINUOUS
10
34.770620000000001
20
-43.1207560000000001
11
34.7118419999999972
21
-43.1585299999999989
0
LINE
8
BLACK
6
CONTINUOUS
10
34.7118419999999972
20
-43.1585299999999989
11
34.6963049999999953
21
-43.1620259999999973
0
LINE
8
BLACK
6
CONTINUOUS
10
34.6963049999999953
20
-43.1620259999999973
11
34.613506000000001
21
-43.175139999999999
0
LINE
8
BLACK
6
CONTINUOUS
10
34.613506000000001
20
-43.175139999999999
11
34.3664229999999975
21
-43.2554219999999958
0
LINE
8
BLACK
6
CONTINUOUS
10
34.3664229999999975
20
-43.2554219999999958
11
34.1349450000000019
21
-43.3733679999999993
0
LINE
8
BLACK
6
CONTINUOUS
10
34.1349450000000019
20
-43.3733679999999993
11
33.9247739999999993
21
-43.5260660000000001
0
LINE
8
BLACK
6
CONTINUOUS
10
33.9247739999999993
20
-43.5260660000000001
11
33.9247680000000003
21
-43.5260709999999946
0
LINE
8
BLACK
6
CONTINUOUS
10
33.9247680000000003
20
-43.5260709999999946
11
33.741070999999998
21
-43.7097679999999968
0
LINE
8
BLACK
6
CONTINUOUS
10
33.741070999999998
20
-43.7097679999999968
11
33.7410659999999964
21
-43.7097739999999959
0
LINE
8
BLACK
6
CONTINUOUS
10
33.7410659999999964
20
-43.7097739999999959
11
33.5883679999999956
21
-43.9199449999999985
0
LINE
8
BLACK
6
CONTINUOUS
10
33.5883679999999956
20
-43.9199449999999985
11
33.4704219999999992
21
-44.1514230000000012
0
LINE
8
BLACK
6
CONTINUOUS
10
33.4704219999999992
20
-44.1514230000000012
11
33.3901399999999953
21
-44.3985059999999976
0
LINE
8
BLACK
6
CONTINUOUS
10
33.3901399999999953
20
-44.3985059999999976
11
33.349499999999999
21
-44.6550969999999978
0
LINE
8
BLACK
6
CONTINUOUS
10
33.349499999999999
20
-44.6550969999999978
11
33.349499999999999
21
-44.9149019999999979
0
LINE
8
BLACK
6
CONTINUOUS
10
33.349499999999999
20
-44.9149019999999979
11
33.3901399999999953
21
-45.1714929999999981
0
LINE
8
BLACK
6
CONTINUOUS
10
33.3901399999999953
20
-45.1714929999999981
11
33.4704219999999992
21
-45.4185759999999945
0
LINE
8
BLACK
6
CONTINUOUS
10
33.4704219999999992
20
-45.4185759999999945
11
33.5883679999999956
21
-45.6500539999999972
0
LINE
8
BLACK
6
CONTINUOUS
10
33.5883679999999956
20
-45.6500539999999972
11
33.6332129999999978
21
-45.7117789999999999
0
LINE
8
BLACK
6
CONTINUOUS
10
33.6332129999999978
20
-45.7117789999999999
11
33.6566929999999971
21
-45.7775849999999949
0
LINE
8
BLACK
6
CONTINUOUS
10
33.6566929999999971
20
-45.7775849999999949
11
33.6408670000000001
21
-45.8456389999999985
0
LINE
8
BLACK
6
CONTINUOUS
10
33.6408670000000001
20
-45.8456389999999985
11
33.6205769999999973
21
-45.8723449999999957
0
LINE
8
BLACK
6
CONTINUOUS
10
33.6205769999999973
20
-45.8723449999999957
11
33.5201829999999958
21
-45.9727389999999971
0
LINE
8
BLACK
6
CONTINUOUS
10
33.5201829999999958
20
-45.9727389999999971
11
33.4242109999999997
21
-46.125475999999999
0
LINE
8
BLACK
6
CONTINUOUS
10
33.4242109999999997
20
-46.125475999999999
11
33.3646309999999957
21
-46.2957449999999966
0
LINE
8
BLACK
6
CONTINUOUS
10
33.3646309999999957
20
-46.2957449999999966
11
33.3646299999999982
21
-46.2957499999999982
0
LINE
8
BLACK
6
CONTINUOUS
10
33.3646299999999982
20
-46.2957499999999982
11
33.349499999999999
21
-46.4300390000000007
0
LINE
8
BLACK
6
CONTINUOUS
10
33.349499999999999
20
-46.4300390000000007
11
33.349499999999999
21
-48.2199600000000004
0
LINE
8
BLACK
6
CONTINUOUS
10
33.349499999999999
20
-48.2199600000000004
11
33.3646299999999982
21
-48.3542489999999958
0
LINE
8
BLACK
6
CONTINUOUS
10
33.3646299999999982
20
-48.3542489999999958
11
33.3646309999999957
21
-48.3542539999999974
0
LINE
8
BLACK
6
CONTINUOUS
10
33.3646309999999957
20
-48.3542539999999974
11
33.4242109999999997
21
-48.524522999999995
0
LINE
8
BLACK
6
CONTINUOUS
10
33.4242109999999997
20
-48.524522999999995
11
33.4911519999999996
21
-48.6310579999999959
0
LINE
8
BLACK
6
CONTINUOUS
10
33.4911519999999996
20
-48.6310579999999959
11
33.5201840000000004
21
-48.6772619999999989
0
LINE
8
BLACK
6
CONTINUOUS
10
33.5201840000000004
20
-48.6772619999999989
11
33.6477379999999968
21
-48.8048159999999953
0
LINE
8
BLACK
6
CONTINUOUS
10
33.6477379999999968
20
-48.8048159999999953
11
33.7380799999999965
21
-48.8615819999999985
0
LINE
8
BLACK
6
CONTINUOUS
10
33.7380799999999965
20
-48.8615819999999985
11
33.7966610000000003
21
-48.8983909999999966
0
LINE
8
BLACK
6
CONTINUOUS
10
33.7966610000000003
20
-48.8983909999999966
11
33.8004779999999982
21
-48.9007889999999961
0
LINE
8
BLACK
6
CONTINUOUS
10
33.8004779999999982
20
-48.9007889999999961
11
33.8692689999999956
21
-48.9248599999999954
0
LINE
8
BLACK
6
CONTINUOUS
10
33.8692689999999956
20
-48.9248599999999954
11
33.9707450000000009
21
-48.9603679999999954
0
LINE
8
BLACK
6
CONTINUOUS
10
33.9707450000000009
20
-48.9603679999999954
11
33.9707499999999953
21
-48.960369
0
LINE
8
BLACK
6
CONTINUOUS
10
33.9707499999999953
20
-48.960369
11
34.061245999999997
21
-48.9705650000000006
0
LINE
8
BLACK
6
CONTINUOUS
10
34.061245999999997
20
-48.9705650000000006
11
34.1050399999999954
21
-48.9754989999999992
0
LINE
8
BLACK
6
CONTINUOUS
10
34.1050399999999954
20
-48.9754989999999992
11
34.105043000000002
21
-48.9754999999999967
0
LINE
8
BLACK
6
CONTINUOUS
10
34.105043000000002
20
-48.9754999999999967
11
34.1050460000000015
21
-48.9754999999999967
0
LINE
8
BLACK
6
CONTINUOUS
10
34.1050460000000015
20
-48.9754999999999967
11
35.894956999999998
21
-48.9754999999999967
0
LINE
8
BLACK
6
CONTINUOUS
10
35.894956999999998
20
-48.9754999999999967
11
35.8949579999999955
21
-48.9754989999999992
0
LINE
8
BLACK
6
CONTINUOUS
10
35.8949579999999955
20
-48.9754989999999992
11
35.9621039999999965
21
-48.9679339999999996
0
LINE
8
BLACK
6
CONTINUOUS
10
35.9621039999999965
20
-48.9679339999999996
11
36.0292490000000001
21
-48.960369
0
LINE
8
BLACK
6
CONTINUOUS
10
36.0292490000000001
20
-48.960369
11
36.0292519999999996
21
-48.9603679999999954
0
LINE
8
BLACK
6
CONTINUOUS
10
36.0292519999999996
20
-48.9603679999999954
11
36.0292549999999991
21
-48.9603679999999954
0
LINE
8
BLACK
6
CONTINUOUS
10
36.0292549999999991
20
-48.9603679999999954
11
36.1995220000000018
21
-48.9007889999999961
0
LINE
8
BLACK
6
CONTINUOUS
10
36.1995220000000018
20
-48.9007889999999961
11
36.2033339999999981
21
-48.8983939999999961
0
LINE
8
BLACK
6
CONTINUOUS
10
36.2033339999999981
20
-48.8983939999999961
11
36.3522619999999961
21
-48.8048159999999953
0
LINE
8
BLACK
6
CONTINUOUS
10
36.3522619999999961
20
-48.8048159999999953
11
36.4798159999999996
21
-48.6772619999999989
0
LINE
8
BLACK
6
CONTINUOUS
10
36.4798159999999996
20
-48.6772619999999989
11
36.5757890000000003
21
-48.5245219999999975
0
LINE
8
BLACK
6
CONTINUOUS
10
36.5757890000000003
20
-48.5245219999999975
11
36.6353679999999997
21
-48.3542549999999949
0
LINE
8
BLACK
6
CONTINUOUS
10
36.6353679999999997
20
-48.3542549999999949
11
36.650500000000001
21
-48.2199540000000013
0
LINE
8
BLACK
6
CONTINUOUS
10
36.650500000000001
20
-48.2199540000000013
11
36.650500000000001
21
-46.4300459999999973
0
LINE
8
BLACK
6
CONTINUOUS
10
36.650500000000001
20
-46.4300459999999973
11
36.6365289999999959
21
-46.3060459999999949
0
LINE
8
BLACK
6
CONTINUOUS
10
36.6365289999999959
20
-46.3060459999999949
11
36.6353689999999972
21
-46.2957499999999982
0
LINE
8
BLACK
6
CONTINUOUS
10
36.6353689999999972
20
-46.2957499999999982
11
36.6353679999999997
21
-46.2957449999999966
0
LINE
8
BLACK
6
CONTINUOUS
10
36.6353679999999997
20
-46.2957449999999966
11
36.5757879999999957
21
-46.125475999999999
0
LINE
8
BLACK
6
CONTINUOUS
10
36.5757879999999957
20
-46.125475999999999
11
36.5215800000000002
21
-46.0392049999999955
0
LINE
8
BLACK
6
CONTINUOUS
10
36.5215800000000002
20
-46.0392049999999955
11
36.4798159999999996
21
-45.9727379999999997
0
LINE
8
BLACK
6
CONTINUOUS
10
36.4798159999999996
20
-45.9727379999999997
11
36.3794229999999956
21
-45.8723449999999957
0
LINE
8
BLACK
6
CONTINUOUS
10
36.3794229999999956
20
-45.8723449999999957
11
36.3459379999999967
21
-45.8110220000000012
0
LINE
8
BLACK
6
CONTINUOUS
10
36.3459379999999967
20
-45.8110220000000012
11
36.3509219999999971
21
-45.7413299999999978
0
LINE
8
BLACK
6
CONTINUOUS
10
36.3509219999999971
20
-45.7413299999999978
11
36.3667839999999956
21
-45.7117799999999974
0
LINE
8
BLACK
6
CONTINUOUS
10
36.3667839999999956
20
-45.7117799999999974
11
36.4116339999999994
21
-45.6500509999999977
0
LINE
8
BLACK
6
CONTINUOUS
10
36.4116339999999994
20
-45.6500509999999977
11
36.5295789999999982
21
-45.4185719999999975
0
LINE
8
BLACK
6
CONTINUOUS
10
36.5295789999999982
20
-45.4185719999999975
11
36.6098599999999976
21
-45.1714929999999981
0
LINE
8
BLACK
6
CONTINUOUS
10
36.6098599999999976
20
-45.1714929999999981
11
36.6325390000000013
21
-45.0282979999999995
0
LINE
8
BLACK
6
CONTINUOUS
10
36.6325390000000013
20
-45.0282979999999995
11
36.650500000000001
21
-44.9149019999999979
0
LINE
8
BLACK
6
CONTINUOUS
10
36.650500000000001
20
-44.9149019999999979
11
36.650500000000001
21
-44.6551009999999948
0
LINE
8
BLACK
6
CONTINUOUS
10
36.650500000000001
20
-44.6551009999999948
11
36.6504989999999964
21
-44.6550930000000008
0
LINE
8
BLACK
6
CONTINUOUS
10
36.6504989999999964
20
-44.6550930000000008
11
36.6338539999999995
21
-44.5500019999999992
0
LINE
8
BLACK
6
CONTINUOUS
10
36.6338539999999995
20
-44.5500019999999992
11
36.6098599999999976
21
-44.3985069999999951
0
LINE
8
BLACK
6
CONTINUOUS
10
36.6098599999999976
20
-44.3985069999999951
11
36.5295789999999982
21
-44.1514279999999957
0
LINE
8
BLACK
6
CONTINUOUS
10
36.5295789999999982
20
-44.1514279999999957
11
36.5295769999999962
21
-44.1514249999999961
0
LINE
8
BLACK
6
CONTINUOUS
10
36.5295769999999962
20
-44.1514249999999961
11
36.5295769999999962
21
-44.1514230000000012
0
LINE
8
BLACK
6
CONTINUOUS
10
36.5295769999999962
20
-44.1514230000000012
11
36.4867869999999996
21
-44.0674449999999993
0
LINE
8
BLACK
6
CONTINUOUS
10
36.4867869999999996
20
-44.0674449999999993
11
36.4116339999999994
21
-43.9199489999999955
0
LINE
8
BLACK
6
CONTINUOUS
10
36.4116339999999994
20
-43.9199489999999955
11
36.2589309999999969
21
-43.7097709999999964
0
LINE
8
BLACK
6
CONTINUOUS
10
36.2589309999999969
20
-43.7097709999999964
11
36.0752290000000002
21
-43.5260689999999997
0
LINE
8
BLACK
6
CONTINUOUS
10
36.0752290000000002
20
-43.5260689999999997
11
35.9330059999999989
21
-43.4227379999999954
0
LINE
8
BLACK
6
CONTINUOUS
10
35.9330059999999989
20
-43.4227379999999954
11
35.8650540000000007
21
-43.3733679999999993
0
LINE
8
BLACK
6
CONTINUOUS
10
35.8650540000000007
20
-43.3733679999999993
11
35.8650529999999961
21
-43.3733669999999947
0
LINE
8
BLACK
6
CONTINUOUS
10
35.8650529999999961
20
-43.3733669999999947
11
35.8650510000000011
21
-43.3733659999999972
0
LINE
8
BLACK
6
CONTINUOUS
10
35.8650510000000011
20
-43.3733659999999972
11
35.7927639999999982
21
-43.3365340000000003
0
LINE
8
BLACK
6
CONTINUOUS
10
35.7927639999999982
20
-43.3365340000000003
11
35.6335759999999979
21
-43.2554219999999958
0
LINE
8
BLACK
6
CONTINUOUS
10
35.6335759999999979
20
-43.2554219999999958
11
35.3864930000000015
21
-43.175139999999999
0
LINE
8
BLACK
6
CONTINUOUS
10
35.3864930000000015
20
-43.175139999999999
11
35.3036949999999976
21
-43.1620259999999973
0
LINE
8
BLACK
6
CONTINUOUS
10
35.3036949999999976
20
-43.1620259999999973
11
35.240559999999995
21
-43.1320969999999946
0
LINE
8
BLACK
6
CONTINUOUS
10
35.240559999999995
20
-43.1320969999999946
11
35.2036289999999994
21
-43.0727849999999961
0
LINE
8
BLACK
6
CONTINUOUS
10
35.2036289999999994
20
-43.0727849999999961
11
35.204626999999995
21
-43.0029229999999956
0
LINE
8
BLACK
6
CONTINUOUS
10
35.204626999999995
20
-43.0029229999999956
11
35.2432370000000006
21
-42.9446900000000014
0
LINE
8
BLACK
6
CONTINUOUS
10
35.2432370000000006
20
-42.9446900000000014
11
35.3072000000000017
21
-42.9165759999999992
0
LINE
8
BLACK
6
CONTINUOUS
10
35.3072000000000017
20
-42.9165759999999992
11
35.3230930000000001
21
-42.9155529999999956
0
LINE
8
BLACK
6
CONTINUOUS
10
35.3230930000000001
20
-42.9155529999999956
11
36.9572250000000011
21
-42.9155529999999956
0
LINE
8
BLACK
6
CONTINUOUS
10
36.9572250000000011
20
-42.9155529999999956
11
36.9572250000000011
21
-39.5011870000000016
0
LINE
8
BLACK
6
CONTINUOUS
10
36.9572250000000011
20
-39.5011870000000016
11
32.9730709999999974
21
-39.5011870000000016
0
LINE
8
BLACK
6
CONTINUOUS
10
32.9730709999999974
20
-39.5011870000000016
11
32.9730709999999974
21
-42.9155529999999956
0
LINE
8
BLACK
6
CONTINUOUS
10
32.9730709999999974
20
-42.9155529999999956
11
34.6769069999999999
21
-42.9155529999999956
0
LINE
8
BLACK
6
CONTINUOUS
10
148.4113130000000069
20
-42.9155529999999956
11
148.478352000000001
21
-42.9352379999999982
0
LINE
8
BLACK
6
CONTINUOUS
10
148.478352000000001
20
-42.9352379999999982
11
148.5241069999999866
21
-42.9880420000000001
0
LINE
8
BLACK
6
CONTINUOUS
10
148.5241069999999866
20
-42.9880420000000001
11
148.5340510000000052
21
-43.0571999999999946
0
LINE
8
BLACK
6
CONTINUOUS
10
148.5340510000000052
20
-43.0571999999999946
11
148.5050259999999867
21
-43.1207560000000001
0
LINE
8
BLACK
6
CONTINUOUS
10
148.5050259999999867
20
-43.1207560000000001
11
148.4522670000000062
21
-43.1565949999999958
0
LINE
8
BLACK
6
CONTINUOUS
10
148.4522670000000062
20
-43.1565949999999958
11
148.3304779999999994
21
-43.1992100000000008
0
LINE
8
BLACK
6
CONTINUOUS
10
148.3304779999999994
20
-43.1992100000000008
11
148.1777369999999792
21
-43.295183999999999
0
LINE
8
BLACK
6
CONTINUOUS
10
148.1777369999999792
20
-43.295183999999999
11
148.0501840000000016
21
-43.4227369999999979
0
LINE
8
BLACK
6
CONTINUOUS
10
148.0501840000000016
20
-43.4227369999999979
11
147.9542109999999866
21
-43.5754759999999948
0
LINE
8
BLACK
6
CONTINUOUS
10
147.9542109999999866
20
-43.5754759999999948
11
147.894631000000004
21
-43.7457449999999994
0
LINE
8
BLACK
6
CONTINUOUS
10
147.894631000000004
20
-43.7457449999999994
11
147.8946300000000065
21
-43.745750000000001
0
LINE
8
BLACK
6
CONTINUOUS
10
147.8946300000000065
20
-43.745750000000001
11
147.8795000000000073
21
-43.8800389999999965
0
LINE
8
BLACK
6
CONTINUOUS
10
147.8795000000000073
20
-43.8800389999999965
11
147.8795000000000073
21
-45.6699599999999961
0
LINE
8
BLACK
6
CONTINUOUS
10
147.8795000000000073
20
-45.6699599999999961
11
147.8946300000000065
21
-45.8042489999999987
0
LINE
8
BLACK
6
CONTINUOUS
10
147.8946300000000065
20
-45.8042489999999987
11
147.894631000000004
21
-45.8042540000000002
0
LINE
8
BLACK
6
CONTINUOUS
10
147.894631000000004
20
-45.8042540000000002
11
147.9542109999999866
21
-45.9745229999999978
0
LINE
8
BLACK
6
CONTINUOUS
10
147.9542109999999866
20
-45.9745229999999978
11
148.0501840000000016
21
-46.1272619999999947
0
LINE
8
BLACK
6
CONTINUOUS
10
148.0501840000000016
20
-46.1272619999999947
11
148.1505760000000009
21
-46.2276540000000011
0
LINE
8
BLACK
6
CONTINUOUS
10
148.1505760000000009
20
-46.2276540000000011
11
148.1840609999999856
21
-46.2889769999999956
0
LINE
8
BLACK
6
CONTINUOUS
10
148.1840609999999856
20
-46.2889769999999956
11
148.1790770000000066
21
-46.358668999999999
0
LINE
8
BLACK
6
CONTINUOUS
10
148.1790770000000066
20
-46.358668999999999
11
148.1632139999999822
21
-46.3882189999999994
0
LINE
8
BLACK
6
CONTINUOUS
10
148.1632139999999822
20
-46.3882189999999994
11
148.1183670000000063
21
-46.4499459999999971
0
LINE
8
BLACK
6
CONTINUOUS
10
148.1183670000000063
20
-46.4499459999999971
11
148.0004219999999862
21
-46.6814229999999952
0
LINE
8
BLACK
6
CONTINUOUS
10
148.0004219999999862
20
-46.6814229999999952
11
147.9201400000000035
21
-46.9285059999999987
0
LINE
8
BLACK
6
CONTINUOUS
10
147.9201400000000035
20
-46.9285059999999987
11
147.8795000000000073
21
-47.185096999999999
0
LINE
8
BLACK
6
CONTINUOUS
10
147.8795000000000073
20
-47.185096999999999
11
147.8795000000000073
21
-47.444901999999999
0
LINE
8
BLACK
6
CONTINUOUS
10
147.8795000000000073
20
-47.444901999999999
11
147.9201400000000035
21
-47.7014929999999993
0
LINE
8
BLACK
6
CONTINUOUS
10
147.9201400000000035
20
-47.7014929999999993
11
148.0004219999999862
21
-47.9485759999999956
0
LINE
8
BLACK
6
CONTINUOUS
10
148.0004219999999862
20
-47.9485759999999956
11
148.0769889999999975
21
-48.0988449999999972
0
LINE
8
BLACK
6
CONTINUOUS
10
148.0769889999999975
20
-48.0988449999999972
11
148.1167489999999987
21
-48.176877999999995
0
LINE
8
BLACK
6
CONTINUOUS
10
148.1167489999999987
20
-48.176877999999995
11
148.1183680000000038
21
-48.1800539999999984
0
LINE
8
BLACK
6
CONTINUOUS
10
148.1183680000000038
20
-48.1800539999999984
11
148.2449279999999874
21
-48.3542489999999958
0
LINE
8
BLACK
6
CONTINUOUS
10
148.2449279999999874
20
-48.3542489999999958
11
148.2710689999999829
21
-48.3902289999999979
0
LINE
8
BLACK
6
CONTINUOUS
10
148.2710689999999829
20
-48.3902289999999979
11
148.4547709999999938
21
-48.5739309999999946
0
LINE
8
BLACK
6
CONTINUOUS
10
148.4547709999999938
20
-48.5739309999999946
11
148.6649490000000071
21
-48.7266339999999971
0
LINE
8
BLACK
6
CONTINUOUS
10
148.6649490000000071
20
-48.7266339999999971
11
148.8124449999999968
21
-48.8017869999999974
0
LINE
8
BLACK
6
CONTINUOUS
10
148.8124449999999968
20
-48.8017869999999974
11
148.8964229999999986
21
-48.844577000000001
0
LINE
8
BLACK
6
CONTINUOUS
10
148.8964229999999986
20
-48.844577000000001
11
148.8964249999999936
21
-48.844577000000001
0
LINE
8
BLACK
6
CONTINUOUS
10
148.8964249999999936
20
-48.844577000000001
11
148.896427999999986
21
-48.844578999999996
0
LINE
8
BLACK
6
CONTINUOUS
10
148.896427999999986
20
-48.844578999999996
11
149.1435069999999996
21
-48.9248599999999954
0
LINE
8
BLACK
6
CONTINUOUS
10
149.1435069999999996
20
-48.9248599999999954
11
149.2757059999999854
21
-48.9457969999999989
0
LINE
8
BLACK
6
CONTINUOUS
10
149.2757059999999854
20
-48.9457969999999989
11
149.4000979999999856
21
-48.9654999999999987
0
LINE
8
BLACK
6
CONTINUOUS
10
149.4000979999999856
20
-48.9654999999999987
11
149.4001030000000014
21
-48.9654999999999987
0
LINE
8
BLACK
6
CONTINUOUS
10
149.4001030000000014
20
-48.9654999999999987
11
149.6599019999999882
21
-48.9654999999999987
0
LINE
8
BLACK
6
CONTINUOUS
10
149.6599019999999882
20
-48.9654999999999987
11
149.7732979999999827
21
-48.947538999999999
0
LINE
8
BLACK
6
CONTINUOUS
10
149.7732979999999827
20
-48.947538999999999
11
149.9164930000000027
21
-48.9248599999999954
0
LINE
8
BLACK
6
CONTINUOUS
10
149.9164930000000027
20
-48.9248599999999954
11
150.1635719999999878
21
-48.844578999999996
0
LINE
8
BLACK
6
CONTINUOUS
10
150.1635719999999878
20
-48.844578999999996
11
150.3950509999999952
21
-48.7266339999999971
0
LINE
8
BLACK
6
CONTINUOUS
10
150.3950509999999952
20
-48.7266339999999971
11
150.60522899999998
21
-48.5739309999999946
0
LINE
8
BLACK
6
CONTINUOUS
10
150.60522899999998
20
-48.5739309999999946
11
150.7889309999999909
21
-48.3902289999999979
0
LINE
8
BLACK
6
CONTINUOUS
10
150.7889309999999909
20
-48.3902289999999979
11
150.9416339999999934
21
-48.1800509999999989
0
LINE
8
BLACK
6
CONTINUOUS
10
150.9416339999999934
20
-48.1800509999999989
11
151.0595789999999852
21
-47.9485719999999986
0
LINE
8
BLACK
6
CONTINUOUS
10
151.0595789999999852
20
-47.9485719999999986
11
151.1398599999999988
21
-47.7014929999999993
0
LINE
8
BLACK
6
CONTINUOUS
10
151.1398599999999988
20
-47.7014929999999993
11
151.1698049999999967
21
-47.5124229999999983
0
LINE
8
BLACK
6
CONTINUOUS
10
151.1698049999999967
20
-47.5124229999999983
11
151.180499999999995
21
-47.444901999999999
0
LINE
8
BLACK
6
CONTINUOUS
10
151.180499999999995
20
-47.444901999999999
11
151.180499999999995
21
-47.185096999999999
0
LINE
8
BLACK
6
CONTINUOUS
10
151.180499999999995
20
-47.185096999999999
11
151.1566819999999893
21
-47.034717999999998
0
LINE
8
BLACK
6
CONTINUOUS
10
151.1566819999999893
20
-47.034717999999998
11
151.1398599999999988
21
-46.9285069999999962
0
LINE
8
BLACK
6
CONTINUOUS
10
151.1398599999999988
20
-46.9285069999999962
11
151.0595789999999852
21
-46.6814279999999968
0
LINE
8
BLACK
6
CONTINUOUS
10
151.0595789999999852
20
-46.6814279999999968
11
151.0595769999999902
21
-46.6814249999999973
0
LINE
8
BLACK
6
CONTINUOUS
10
151.0595769999999902
20
-46.6814249999999973
11
151.0595769999999902
21
-46.6814229999999952
0
LINE
8
BLACK
6
CONTINUOUS
10
151.0595769999999902
20
-46.6814229999999952
11
150.9973569999999938
21
-46.5593119999999985
0
LINE
8
BLACK
6
CONTINUOUS
10
150.9973569999999938
20
-46.5593119999999985
11
150.9416339999999934
21
-46.4499489999999966
0
LINE
8
BLACK
6
CONTINUOUS
10
150.9416339999999934
20
-46.4499489999999966
11
150.8967849999999942
21
-46.3882189999999994
0
LINE
8
BLACK
6
CONTINUOUS
10
150.8967849999999942
20
-46.3882189999999994
11
150.8733059999999853
21
-46.3224159999999969
0
LINE
8
BLACK
6
CONTINUOUS
10
150.8733059999999853
20
-46.3224159999999969
11
150.8891309999999919
21
-46.2543620000000004
0
LINE
8
BLACK
6
CONTINUOUS
10
150.8891309999999919
20
-46.2543620000000004
11
150.9094230000000039
21
-46.2276549999999986
0
LINE
8
BLACK
6
CONTINUOUS
10
150.9094230000000039
20
-46.2276549999999986
11
150.9197340000000054
21
-46.2173439999999971
0
LINE
8
BLACK
6
CONTINUOUS
10
150.9197340000000054
20
-46.2173439999999971
11
151.0098160000000007
21
-46.1272619999999947
0
LINE
8
BLACK
6
CONTINUOUS
10
151.0098160000000007
20
-46.1272619999999947
11
151.1057889999999873
21
-45.9745220000000003
0
LINE
8
BLACK
6
CONTINUOUS
10
151.1057889999999873
20
-45.9745220000000003
11
151.1653680000000008
21
-45.8042549999999977
0
LINE
8
BLACK
6
CONTINUOUS
10
151.1653680000000008
20
-45.8042549999999977
11
151.180499999999995
21
-45.6699539999999971
0
LINE
8
BLACK
6
CONTINUOUS
10
151.180499999999995
20
-45.6699539999999971
11
151.180499999999995
21
-43.8800460000000001
0
LINE
8
BLACK
6
CONTINUOUS
10
151.180499999999995
20
-43.8800460000000001
11
151.1653680000000008
21
-43.7457449999999994
0
LINE
8
BLACK
6
CONTINUOUS
10
151.1653680000000008
20
-43.7457449999999994
11
151.1057889999999873
21
-43.5754779999999968
0
LINE
8
BLACK
6
CONTINUOUS
10
151.1057889999999873
20
-43.5754779999999968
11
151.0747439999999813
21
-43.5260709999999946
0
LINE
8
BLACK
6
CONTINUOUS
10
151.0747439999999813
20
-43.5260709999999946
11
151.0098150000000032
21
-43.4227369999999979
0
LINE
8
BLACK
6
CONTINUOUS
10
151.0098150000000032
20
-43.4227369999999979
11
150.8822619999999972
21
-43.295183999999999
0
LINE
8
BLACK
6
CONTINUOUS
10
150.8822619999999972
20
-43.295183999999999
11
150.7295210000000054
21
-43.1992100000000008
0
LINE
8
BLACK
6
CONTINUOUS
10
150.7295210000000054
20
-43.1992100000000008
11
150.6077329999999961
21
-43.1565949999999958
0
LINE
8
BLACK
6
CONTINUOUS
10
150.6077329999999961
20
-43.1565949999999958
11
150.5509559999999851
21
-43.1158730000000006
0
LINE
8
BLACK
6
CONTINUOUS
10
150.5509559999999851
20
-43.1158730000000006
11
150.5252089999999896
21
-43.0509199999999979
0
LINE
8
BLACK
6
CONTINUOUS
10
150.5252089999999896
20
-43.0509199999999979
11
150.5386649999999804
21
-42.9823589999999953
0
LINE
8
BLACK
6
CONTINUOUS
10
150.5386649999999804
20
-42.9823589999999953
11
150.5870519999999999
21
-42.9319559999999996
0
LINE
8
BLACK
6
CONTINUOUS
10
150.5870519999999999
20
-42.9319559999999996
11
150.6486869999999954
21
-42.9155529999999956
0
LINE
8
BLACK
6
CONTINUOUS
10
150.6486869999999954
20
-42.9155529999999956
11
151.5569279999999992
21
-42.9155529999999956
0
LINE
8
BLACK
6
CONTINUOUS
10
151.5569279999999992
20
-42.9155529999999956
11
151.5569279999999992
21
-39.4296760000000006
0
LINE
8
BLACK
6
CONTINUOUS
10
151.5569279999999992
20
-39.4296760000000006
11
147.5030710000000056
21
-39.4296760000000006
0
LINE
8
BLACK
6
CONTINUOUS
10
147.5030710000000056
20
-39.4296760000000006
11
147.5030710000000056
21
-42.9155529999999956
0
LINE
8
BLACK
6
CONTINUOUS
10
147.5030710000000056
20
-42.9155529999999956
11
148.4113130000000069
21
-42.9155529999999956
0
LINE
8
BLACK
6
CONTINUOUS
10
61.5890719999999945
20
-48.1105529999999959
11
61.5890719999999945
21
-44.694983999999998
0
LINE
8
BLACK
6
CONTINUOUS
10
61.5890719999999945
20
-44.694983999999998
11
57.392356999999997
21
-44.694983999999998
0
LINE
8
BLACK
6
CONTINUOUS
10
57.392356999999997
20
-44.694983999999998
11
57.392356999999997
21
-48.1105529999999959
0
LINE
8
BLACK
6
CONTINUOUS
10
57.392356999999997
20
-48.1105529999999959
11
61.5890719999999945
21
-48.1105529999999959
0
LINE
8
BLACK
6
CONTINUOUS
10
124.4147859999999923
20
-44.1505529999999951
11
124.4147859999999923
21
-42.9155529999999956
0
LINE
8
BLACK
6
CONTINUOUS
10
124.4147859999999923
20
-42.9155529999999956
11
124.4147859999999923
21
-40.7349839999999972
0
LINE
8
BLACK
6
CONTINUOUS
10
124.4147859999999923
20
-40.7349839999999972
11
120.1449169999999924
21
-40.7349839999999972
0
LINE
8
BLACK
6
CONTINUOUS
10
120.1449169999999924
20
-40.7349839999999972
11
120.1449169999999924
21
-44.1505529999999951
0
LINE
8
BLACK
6
CONTINUOUS
10
120.1449169999999924
20
-44.1505529999999951
11
124.4147859999999923
21
-44.1505529999999951
0
LINE
8
BLACK
6
CONTINUOUS
10
35.2394999999999996
20
-33.5449599999999961
11
35.2546299999999988
21
-33.6792489999999987
0
LINE
8
BLACK
6
CONTINUOUS
10
35.2546299999999988
20
-33.6792489999999987
11
35.2546309999999963
21
-33.6792540000000002
0
LINE
8
BLACK
6
CONTINUOUS
10
35.2546309999999963
20
-33.6792540000000002
11
35.3142110000000002
21
-33.8495229999999978
0
LINE
8
BLACK
6
CONTINUOUS
10
35.3142110000000002
20
-33.8495229999999978
11
35.3565469999999991
21
-33.9168999999999983
0
LINE
8
BLACK
6
CONTINUOUS
10
35.3565469999999991
20
-33.9168999999999983
11
35.410184000000001
21
-34.0022620000000018
0
LINE
8
BLACK
6
CONTINUOUS
10
35.410184000000001
20
-34.0022620000000018
11
35.5377379999999974
21
-34.1298159999999982
0
LINE
8
BLACK
6
CONTINUOUS
10
35.5377379999999974
20
-34.1298159999999982
11
35.6904779999999988
21
-34.2257889999999989
0
LINE
8
BLACK
6
CONTINUOUS
10
35.6904779999999988
20
-34.2257889999999989
11
35.7914999999999992
21
-34.2611379999999954
0
LINE
8
BLACK
6
CONTINUOUS
10
35.7914999999999992
20
-34.2611379999999954
11
35.8607450000000014
21
-34.2853679999999983
0
LINE
8
BLACK
6
CONTINUOUS
10
35.8607450000000014
20
-34.2853679999999983
11
35.8607499999999959
21
-34.2853689999999958
0
LINE
8
BLACK
6
CONTINUOUS
10
35.8607499999999959
20
-34.2853689999999958
11
35.9512459999999976
21
-34.2955649999999963
0
LINE
8
BLACK
6
CONTINUOUS
10
35.9512459999999976
20
-34.2955649999999963
11
35.9950399999999959
21
-34.300498999999995
0
LINE
8
BLACK
6
CONTINUOUS
10
35.9950399999999959
20
-34.300498999999995
11
35.9950429999999955
21
-34.3004999999999995
0
LINE
8
BLACK
6
CONTINUOUS
10
35.9950429999999955
20
-34.3004999999999995
11
35.995045999999995
21
-34.3004999999999995
0
LINE
8
BLACK
6
CONTINUOUS
10
35.995045999999995
20
-34.3004999999999995
11
39.0849569999999957
21
-34.3004999999999995
0
LINE
8
BLACK
6
CONTINUOUS
10
39.0849569999999957
20
-34.3004999999999995
11
39.0849580000000003
21
-34.300498999999995
0
LINE
8
BLACK
6
CONTINUOUS
10
39.0849580000000003
20
-34.300498999999995
11
39.1521040000000013
21
-34.2929339999999954
0
LINE
8
BLACK
6
CONTINUOUS
10
39.1521040000000013
20
-34.2929339999999954
11
39.2192489999999978
21
-34.2853689999999958
0
LINE
8
BLACK
6
CONTINUOUS
10
39.2192489999999978
20
-34.2853689999999958
11
39.2192519999999973
21
-34.2853679999999983
0
LINE
8
BLACK
6
CONTINUOUS
10
39.2192519999999973
20
-34.2853679999999983
11
39.2192549999999969
21
-34.2853679999999983
0
LINE
8
BLACK
6
CONTINUOUS
10
39.2192549999999969
20
-34.2853679999999983
11
39.3895219999999995
21
-34.2257889999999989
0
LINE
8
BLACK
6
CONTINUOUS
10
39.3895219999999995
20
-34.2257889999999989
11
39.5422620000000009
21
-34.1298159999999982
0
LINE
8
BLACK
6
CONTINUOUS
10
39.5422620000000009
20
-34.1298159999999982
11
39.6698159999999973
21
-34.0022620000000018
0
LINE
8
BLACK
6
CONTINUOUS
10
39.6698159999999973
20
-34.0022620000000018
11
39.7657889999999981
21
-33.8495220000000003
0
LINE
8
BLACK
6
CONTINUOUS
10
39.7657889999999981
20
-33.8495220000000003
11
39.8253679999999974
21
-33.6792549999999977
0
LINE
8
BLACK
6
CONTINUOUS
10
39.8253679999999974
20
-33.6792549999999977
11
39.8404999999999987
21
-33.5449539999999971
0
LINE
8
BLACK
6
CONTINUOUS
10
39.8404999999999987
20
-33.5449539999999971
11
39.8404999999999987
21
-32.4338279999999983
0
LINE
8
BLACK
6
CONTINUOUS
10
39.8404999999999987
20
-32.4338279999999983
11
39.8404999999999987
21
-30.4550459999999994
0
LINE
8
BLACK
6
CONTINUOUS
10
39.8404999999999987
20
-30.4550459999999994
11
39.8253679999999974
21
-30.3207449999999987
0
LINE
8
BLACK
6
CONTINUOUS
10
39.8253679999999974
20
-30.3207449999999987
11
39.7657889999999981
21
-30.1504779999999997
0
LINE
8
BLACK
6
CONTINUOUS
10
39.7657889999999981
20
-30.1504779999999997
11
39.6698159999999973
21
-29.9977379999999982
0
LINE
8
BLACK
6
CONTINUOUS
10
39.6698159999999973
20
-29.9977379999999982
11
39.5422620000000009
21
-29.8701839999999983
0
LINE
8
BLACK
6
CONTINUOUS
10
39.5422620000000009
20
-29.8701839999999983
11
39.4574819999999988
21
-29.8169129999999996
0
LINE
8
BLACK
6
CONTINUOUS
10
39.4574819999999988
20
-29.8169129999999996
11
39.389522999999997
21
-29.7742109999999975
0
LINE
8
BLACK
6
CONTINUOUS
10
39.389522999999997
20
-29.7742109999999975
11
39.2192539999999994
21
-29.7146309999999971
0
LINE
8
BLACK
6
CONTINUOUS
10
39.2192539999999994
20
-29.7146309999999971
11
39.2192489999999978
21
-29.7146299999999997
0
LINE
8
BLACK
6
CONTINUOUS
10
39.2192489999999978
20
-29.7146299999999997
11
39.0849599999999953
21
-29.6994999999999969
0
LINE
8
BLACK
6
CONTINUOUS
10
39.0849599999999953
20
-29.6994999999999969
11
39.0849539999999962
21
-29.6994999999999969
0
LINE
8
BLACK
6
CONTINUOUS
10
39.0849539999999962
20
-29.6994999999999969
11
35.995045999999995
21
-29.6994999999999969
0
LINE
8
BLACK
6
CONTINUOUS
10
35.995045999999995
20
-29.6994999999999969
11
35.9950389999999985
21
-29.6994999999999969
0
LINE
8
BLACK
6
CONTINUOUS
10
35.9950389999999985
20
-29.6994999999999969
11
35.8607499999999959
21
-29.7146299999999997
0
LINE
8
BLACK
6
CONTINUOUS
10
35.8607499999999959
20
-29.7146299999999997
11
35.8607450000000014
21
-29.7146309999999971
0
LINE
8
BLACK
6
CONTINUOUS
10
35.8607450000000014
20
-29.7146309999999971
11
35.6904759999999968
21
-29.7742109999999975
0
LINE
8
BLACK
6
CONTINUOUS
10
35.6904759999999968
20
-29.7742109999999975
11
35.5377369999999999
21
-29.8701839999999983
0
LINE
8
BLACK
6
CONTINUOUS
10
35.5377369999999999
20
-29.8701839999999983
11
35.410184000000001
21
-29.9977369999999972
0
LINE
8
BLACK
6
CONTINUOUS
10
35.410184000000001
20
-29.9977369999999972
11
35.3142110000000002
21
-30.1504759999999976
0
LINE
8
BLACK
6
CONTINUOUS
10
35.3142110000000002
20
-30.1504759999999976
11
35.2546309999999963
21
-30.3207449999999987
0
LINE
8
BLACK
6
CONTINUOUS
10
35.2546309999999963
20
-30.3207449999999987
11
35.2546299999999988
21
-30.3207500000000003
0
LINE
8
BLACK
6
CONTINUOUS
10
35.2546299999999988
20
-30.3207500000000003
11
35.2394999999999996
21
-30.4550389999999993
0
LINE
8
BLACK
6
CONTINUOUS
10
35.2394999999999996
20
-30.4550389999999993
11
35.2394999999999996
21
-33.5449599999999961
0
LINE
8
BLACK
6
CONTINUOUS
10
30.1594999999999978
20
-32.1507760000000005
11
30.1595009999999988
21
-32.1507930000000002
0
LINE
8
BLACK
6
CONTINUOUS
10
30.1595009999999988
20
-32.1507930000000002
11
30.1988609999999973
21
-32.4497659999999968
0
LINE
8
BLACK
6
CONTINUOUS
10
30.1988609999999973
20
-32.4497659999999968
11
30.2769129999999969
21
-32.7410599999999974
0
LINE
8
BLACK
6
CONTINUOUS
10
30.2769129999999969
20
-32.7410599999999974
11
30.3923139999999989
21
-33.0196609999999993
0
LINE
8
BLACK
6
CONTINUOUS
10
30.3923139999999989
20
-33.0196609999999993
11
30.3923179999999995
21
-33.0196709999999953
0
LINE
8
BLACK
6
CONTINUOUS
10
30.3923179999999995
20
-33.0196709999999953
11
30.543098999999998
21
-33.2808309999999992
0
LINE
8
BLACK
6
CONTINUOUS
10
30.543098999999998
20
-33.2808309999999992
11
30.7266789999999972
21
-33.520077999999998
0
LINE
8
BLACK
6
CONTINUOUS
10
30.7266789999999972
20
-33.520077999999998
11
30.7266849999999998
21
-33.5200850000000017
0
LINE
8
BLACK
6
CONTINUOUS
10
30.7266849999999998
20
-33.5200850000000017
11
30.9399139999999981
21
-33.733314
0
LINE
8
BLACK
6
CONTINUOUS
10
30.9399139999999981
20
-33.733314
11
30.9399209999999982
21
-33.7333199999999991
0
LINE
8
BLACK
6
CONTINUOUS
10
30.9399209999999982
20
-33.7333199999999991
11
31.1791679999999971
21
-33.9168999999999983
0
LINE
8
BLACK
6
CONTINUOUS
10
31.1791679999999971
20
-33.9168999999999983
11
31.4403279999999974
21
-34.0676810000000003
0
LINE
8
BLACK
6
CONTINUOUS
10
31.4403279999999974
20
-34.0676810000000003
11
31.4403289999999984
21
-34.0676810000000003
0
LINE
8
BLACK
6
CONTINUOUS
10
31.4403289999999984
20
-34.0676810000000003
11
31.4403319999999979
21
-34.0676829999999953
0
LINE
8
BLACK
6
CONTINUOUS
10
31.4403319999999979
20
-34.0676829999999953
11
31.6260719999999971
21
-34.1446189999999987
0
LINE
8
BLACK
6
CONTINUOUS
10
31.6260719999999971
20
-34.1446189999999987
11
31.7189389999999989
21
-34.1830859999999959
0
LINE
8
BLACK
6
CONTINUOUS
10
31.7189389999999989
20
-34.1830859999999959
11
31.7189399999999999
21
-34.1830859999999959
0
LINE
8
BLACK
6
CONTINUOUS
10
31.7189399999999999
20
-34.1830859999999959
11
31.7189419999999984
21
-34.1830870000000004
0
LINE
8
BLACK
6
CONTINUOUS
10
31.7189419999999984
20
-34.1830870000000004
11
32.010232000000002
21
-34.2611379999999954
0
LINE
8
BLACK
6
CONTINUOUS
10
32.010232000000002
20
-34.2611379999999954
11
32.3092169999999967
21
-34.3004999999999995
0
LINE
8
BLACK
6
CONTINUOUS
10
32.3092169999999967
20
-34.3004999999999995
11
32.3092240000000004
21
-34.3004999999999995
0
LINE
8
BLACK
6
CONTINUOUS
10
32.3092240000000004
20
-34.3004999999999995
11
32.6107760000000013
21
-34.3004999999999995
0
LINE
8
BLACK
6
CONTINUOUS
10
32.6107760000000013
20
-34.3004999999999995
11
32.6107829999999979
21
-34.3004999999999995
0
LINE
8
BLACK
6
CONTINUOUS
10
32.6107829999999979
20
-34.3004999999999995
11
32.9097679999999997
21
-34.2611379999999954
0
LINE
8
BLACK
6
CONTINUOUS
10
32.9097679999999997
20
-34.2611379999999954
11
33.2010579999999962
21
-34.1830870000000004
0
LINE
8
BLACK
6
CONTINUOUS
10
33.2010579999999962
20
-34.1830870000000004
11
33.4796679999999967
21
-34.0676829999999953
0
LINE
8
BLACK
6
CONTINUOUS
10
33.4796679999999967
20
-34.0676829999999953
11
33.7408319999999975
21
-33.9168999999999983
0
LINE
8
BLACK
6
CONTINUOUS
10
33.7408319999999975
20
-33.9168999999999983
11
33.980080000000001
21
-33.7333190000000016
0
LINE
8
BLACK
6
CONTINUOUS
10
33.980080000000001
20
-33.7333190000000016
11
34.1933189999999954
21
-33.5200800000000001
0
LINE
8
BLACK
6
CONTINUOUS
10
34.1933189999999954
20
-33.5200800000000001
11
34.3768999999999991
21
-33.2808319999999966
0
LINE
8
BLACK
6
CONTINUOUS
10
34.3768999999999991
20
-33.2808319999999966
11
34.5276829999999961
21
-33.0196679999999958
0
LINE
8
BLACK
6
CONTINUOUS
10
34.5276829999999961
20
-33.0196679999999958
11
34.6430870000000013
21
-32.7410579999999953
0
LINE
8
BLACK
6
CONTINUOUS
10
34.6430870000000013
20
-32.7410579999999953
11
34.7211379999999963
21
-32.4497679999999988
0
LINE
8
BLACK
6
CONTINUOUS
10
34.7211379999999963
20
-32.4497679999999988
11
34.7605000000000004
21
-32.150782999999997
0
LINE
8
BLACK
6
CONTINUOUS
10
34.7605000000000004
20
-32.150782999999997
11
34.7605000000000004
21
-31.8492169999999994
0
LINE
8
BLACK
6
CONTINUOUS
10
34.7605000000000004
20
-31.8492169999999994
11
34.7211379999999963
21
-31.5502319999999976
0
LINE
8
BLACK
6
CONTINUOUS
10
34.7211379999999963
20
-31.5502319999999976
11
34.6430870000000013
21
-31.2589419999999976
0
LINE
8
BLACK
6
CONTINUOUS
10
34.6430870000000013
20
-31.2589419999999976
11
34.5276829999999961
21
-30.9803319999999971
0
LINE
8
BLACK
6
CONTINUOUS
10
34.5276829999999961
20
-30.9803319999999971
11
34.4742090000000019
21
-30.887712999999998
0
LINE
8
BLACK
6
CONTINUOUS
10
34.4742090000000019
20
-30.887712999999998
11
34.3768999999999991
21
-30.7191679999999998
0
LINE
8
BLACK
6
CONTINUOUS
10
34.3768999999999991
20
-30.7191679999999998
11
34.2294860000000014
21
-30.5270529999999987
0
LINE
8
BLACK
6
CONTINUOUS
10
34.2294860000000014
20
-30.5270529999999987
11
34.1933199999999999
21
-30.4799209999999974
0
LINE
8
BLACK
6
CONTINUOUS
10
34.1933199999999999
20
-30.4799209999999974
11
34.1933140000000009
21
-30.4799139999999973
0
LINE
8
BLACK
6
CONTINUOUS
10
34.1933140000000009
20
-30.4799139999999973
11
34.1684389999999993
21
-30.4550389999999993
0
LINE
8
BLACK
6
CONTINUOUS
10
34.1684389999999993
20
-30.4550389999999993
11
33.9800849999999954
21
-30.266684999999999
0
LINE
8
BLACK
6
CONTINUOUS
10
33.9800849999999954
20
-30.266684999999999
11
33.9800779999999989
21
-30.2666789999999999
0
LINE
8
BLACK
6
CONTINUOUS
10
33.9800779999999989
20
-30.2666789999999999
11
33.740831
21
-30.0830989999999971
0
LINE
8
BLACK
6
CONTINUOUS
10
33.740831
20
-30.0830989999999971
11
33.4796709999999962
21
-29.9323179999999986
0
LINE
8
BLACK
6
CONTINUOUS
10
33.4796709999999962
20
-29.9323179999999986
11
33.4796610000000001
21
-29.9323139999999981
0
LINE
8
BLACK
6
CONTINUOUS
10
33.4796610000000001
20
-29.9323139999999981
11
33.2010599999999982
21
-29.8169129999999996
0
LINE
8
BLACK
6
CONTINUOUS
10
33.2010599999999982
20
-29.8169129999999996
11
32.9097659999999976
21
-29.738861
0
LINE
8
BLACK
6
CONTINUOUS
10
32.9097659999999976
20
-29.738861
11
32.610793000000001
21
-29.6995009999999979
0
LINE
8
BLACK
6
CONTINUOUS
10
32.610793000000001
20
-29.6995009999999979
11
32.6107879999999994
21
-29.6994999999999969
0
LINE
8
BLACK
6
CONTINUOUS
10
32.6107879999999994
20
-29.6994999999999969
11
32.6107829999999979
21
-29.6994999999999969
0
LINE
8
BLACK
6
CONTINUOUS
10
32.6107829999999979
20
-29.6994999999999969
11
32.3092169999999967
21
-29.6994999999999969
0
LINE
8
BLACK
6
CONTINUOUS
10
32.3092169999999967
20
-29.6994999999999969
11
32.3092109999999977
21
-29.6994999999999969
0
LINE
8
BLACK
6
CONTINUOUS
10
32.3092109999999977
20
-29.6994999999999969
11
32.3092059999999961
21
-29.6995009999999979
0
LINE
8
BLACK
6
CONTINUOUS
10
32.3092059999999961
20
-29.6995009999999979
11
32.0102329999999995
21
-29.738861
0
LINE
8
BLACK
6
CONTINUOUS
10
32.0102329999999995
20
-29.738861
11
31.7189389999999989
21
-29.8169129999999996
0
LINE
8
BLACK
6
CONTINUOUS
10
31.7189389999999989
20
-29.8169129999999996
11
31.440337999999997
21
-29.9323139999999981
0
LINE
8
BLACK
6
CONTINUOUS
10
31.440337999999997
20
-29.9323139999999981
11
31.4403279999999974
21
-29.9323179999999986
0
LINE
8
BLACK
6
CONTINUOUS
10
31.4403279999999974
20
-29.9323179999999986
11
31.1791679999999971
21
-30.0830989999999971
0
LINE
8
BLACK
6
CONTINUOUS
10
31.1791679999999971
20
-30.0830989999999971
11
30.9399209999999982
21
-30.2666789999999999
0
LINE
8
BLACK
6
CONTINUOUS
10
30.9399209999999982
20
-30.2666789999999999
11
30.9399139999999981
21
-30.266684999999999
0
LINE
8
BLACK
6
CONTINUOUS
10
30.9399139999999981
20
-30.266684999999999
11
30.7266849999999998
21
-30.4799139999999973
0
LINE
8
BLACK
6
CONTINUOUS
10
30.7266849999999998
20
-30.4799139999999973
11
30.7266789999999972
21
-30.4799209999999974
0
LINE
8
BLACK
6
CONTINUOUS
10
30.7266789999999972
20
-30.4799209999999974
11
30.543098999999998
21
-30.7191679999999998
0
LINE
8
BLACK
6
CONTINUOUS
10
30.543098999999998
20
-30.7191679999999998
11
30.3923179999999995
21
-30.9803280000000001
0
LINE
8
BLACK
6
CONTINUOUS
10
30.3923179999999995
20
-30.9803280000000001
11
30.3923139999999989
21
-30.9803379999999997
0
LINE
8
BLACK
6
CONTINUOUS
10
30.3923139999999989
20
-30.9803379999999997
11
30.2769129999999969
21
-31.258938999999998
0
LINE
8
BLACK
6
CONTINUOUS
10
30.2769129999999969
20
-31.258938999999998
11
30.1988609999999973
21
-31.5502329999999986
0
LINE
8
BLACK
6
CONTINUOUS
10
30.1988609999999973
20
-31.5502329999999986
11
30.1595009999999988
21
-31.8492059999999988
0
LINE
8
BLACK
6
CONTINUOUS
10
30.1595009999999988
20
-31.8492059999999988
11
30.1594999999999978
21
-31.8492229999999985
0
LINE
8
BLACK
6
CONTINUOUS
10
30.1594999999999978
20
-31.8492229999999985
11
30.1594999999999978
21
-32.1507760000000005
0
LINE
8
BLACK
6
CONTINUOUS
10
149.7694999999999936
20
-32.1507760000000005
11
149.7695009999999911
21
-32.1507930000000002
0
LINE
8
BLACK
6
CONTINUOUS
10
149.7695009999999911
20
-32.1507930000000002
11
149.8088610000000074
21
-32.4497659999999968
0
LINE
8
BLACK
6
CONTINUOUS
10
149.8088610000000074
20
-32.4497659999999968
11
149.8869129999999927
21
-32.7410599999999974
0
LINE
8
BLACK
6
CONTINUOUS
10
149.8869129999999927
20
-32.7410599999999974
11
150.0023139999999842
21
-33.0196609999999993
0
LINE
8
BLACK
6
CONTINUOUS
10
150.0023139999999842
20
-33.0196609999999993
11
150.0023180000000025
21
-33.0196709999999953
0
LINE
8
BLACK
6
CONTINUOUS
10
150.0023180000000025
20
-33.0196709999999953
11
150.1530989999999974
21
-33.2808309999999992
0
LINE
8
BLACK
6
CONTINUOUS
10
150.1530989999999974
20
-33.2808309999999992
11
150.3366790000000037
21
-33.520077999999998
0
LINE
8
BLACK
6
CONTINUOUS
10
150.3366790000000037
20
-33.520077999999998
11
150.3366849999999886
21
-33.5200850000000017
0
LINE
8
BLACK
6
CONTINUOUS
10
150.3366849999999886
20
-33.5200850000000017
11
150.5499140000000011
21
-33.733314
0
LINE
8
BLACK
6
CONTINUOUS
10
150.5499140000000011
20
-33.733314
11
150.5499209999999835
21
-33.7333199999999991
0
LINE
8
BLACK
6
CONTINUOUS
10
150.5499209999999835
20
-33.7333199999999991
11
150.7891679999999894
21
-33.9168999999999983
0
LINE
8
BLACK
6
CONTINUOUS
10
150.7891679999999894
20
-33.9168999999999983
11
151.0503279999999791
21
-34.0676810000000003
0
LINE
8
BLACK
6
CONTINUOUS
10
151.0503279999999791
20
-34.0676810000000003
11
151.050329000000005
21
-34.0676810000000003
0
LINE
8
BLACK
6
CONTINUOUS
10
151.050329000000005
20
-34.0676810000000003
11
151.0503319999999974
21
-34.0676829999999953
0
LINE
8
BLACK
6
CONTINUOUS
10
151.0503319999999974
20
-34.0676829999999953
11
151.2360720000000072
21
-34.1446189999999987
0
LINE
8
BLACK
6
CONTINUOUS
10
151.2360720000000072
20
-34.1446189999999987
11
151.3289389999999912
21
-34.1830859999999959
0
LINE
8
BLACK
6
CONTINUOUS
10
151.3289389999999912
20
-34.1830859999999959
11
151.3289399999999887
21
-34.1830859999999959
0
LINE
8
BLACK
6
CONTINUOUS
10
151.3289399999999887
20
-34.1830859999999959
11
151.3289419999999836
21
-34.1830870000000004
0
LINE
8
BLACK
6
CONTINUOUS
10
151.3289419999999836
20
-34.1830870000000004
11
151.6202319999999872
21
-34.2611379999999954
0
LINE
8
BLACK
6
CONTINUOUS
10
151.6202319999999872
20
-34.2611379999999954
11
151.9192170000000033
21
-34.3004999999999995
0
LINE
8
BLACK
6
CONTINUOUS
10
151.9192170000000033
20
-34.3004999999999995
11
151.9192239999999856
21
-34.3004999999999995
0
LINE
8
BLACK
6
CONTINUOUS
10
151.9192239999999856
20
-34.3004999999999995
11
152.2207760000000007
21
-34.3004999999999995
0
LINE
8
BLACK
6
CONTINUOUS
10
152.2207760000000007
20
-34.3004999999999995
11
152.2207829999999831
21
-34.3004999999999995
0
LINE
8
BLACK
6
CONTINUOUS
10
152.2207829999999831
20
-34.3004999999999995
11
152.5197679999999991
21
-34.2611379999999954
0
LINE
8
BLACK
6
CONTINUOUS
10
152.5197679999999991
20
-34.2611379999999954
11
152.8110580000000027
21
-34.1830870000000004
0
LINE
8
BLACK
6
CONTINUOUS
10
152.8110580000000027
20
-34.1830870000000004
11
153.089667999999989
21
-34.0676829999999953
0
LINE
8
BLACK
6
CONTINUOUS
10
153.089667999999989
20
-34.0676829999999953
11
153.3508319999999969
21
-33.9168999999999983
0
LINE
8
BLACK
6
CONTINUOUS
10
153.3508319999999969
20
-33.9168999999999983
11
153.5900800000000004
21
-33.7333190000000016
0
LINE
8
BLACK
6
CONTINUOUS
10
153.5900800000000004
20
-33.7333190000000016
11
153.8033189999999877
21
-33.5200800000000001
0
LINE
8
BLACK
6
CONTINUOUS
10
153.8033189999999877
20
-33.5200800000000001
11
153.9868999999999915
21
-33.2808319999999966
0
LINE
8
BLACK
6
CONTINUOUS
10
153.9868999999999915
20
-33.2808319999999966
11
154.1376829999999813
21
-33.0196679999999958
0
LINE
8
BLACK
6
CONTINUOUS
10
154.1376829999999813
20
-33.0196679999999958
11
154.2530869999999936
21
-32.7410579999999953
0
LINE
8
BLACK
6
CONTINUOUS
10
154.2530869999999936
20
-32.7410579999999953
11
154.3311379999999815
21
-32.4497679999999988
0
LINE
8
BLACK
6
CONTINUOUS
10
154.3311379999999815
20
-32.4497679999999988
11
154.3704999999999927
21
-32.150782999999997
0
LINE
8
BLACK
6
CONTINUOUS
10
154.3704999999999927
20
-32.150782999999997
11
154.3704999999999927
21
-31.8492169999999994
0
LINE
8
BLACK
6
CONTINUOUS
10
154.3704999999999927
20
-31.8492169999999994
11
154.3311379999999815
21
-31.5502319999999976
0
LINE
8
BLACK
6
CONTINUOUS
10
154.3311379999999815
20
-31.5502319999999976
11
154.2530869999999936
21
-31.2589419999999976
0
LINE
8
BLACK
6
CONTINUOUS
10
154.2530869999999936
20
-31.2589419999999976
11
154.1376829999999813
21
-30.9803319999999971
0
LINE
8
BLACK
6
CONTINUOUS
10
154.1376829999999813
20
-30.9803319999999971
11
154.0842089999999871
21
-30.887712999999998
0
LINE
8
BLACK
6
CONTINUOUS
10
154.0842089999999871
20
-30.887712999999998
11
153.9868999999999915
21
-30.7191679999999998
0
LINE
8
BLACK
6
CONTINUOUS
10
153.9868999999999915
20
-30.7191679999999998
11
153.8033199999999852
21
-30.4799209999999974
0
LINE
8
BLACK
6
CONTINUOUS
10
153.8033199999999852
20
-30.4799209999999974
11
153.8033140000000003
21
-30.4799139999999973
0
LINE
8
BLACK
6
CONTINUOUS
10
153.8033140000000003
20
-30.4799139999999973
11
153.5900849999999878
21
-30.266684999999999
0
LINE
8
BLACK
6
CONTINUOUS
10
153.5900849999999878
20
-30.266684999999999
11
153.5900780000000054
21
-30.2666789999999999
0
LINE
8
BLACK
6
CONTINUOUS
10
153.5900780000000054
20
-30.2666789999999999
11
153.3508309999999994
21
-30.0830989999999971
0
LINE
8
BLACK
6
CONTINUOUS
10
153.3508309999999994
20
-30.0830989999999971
11
153.0896709999999814
21
-29.9323179999999986
0
LINE
8
BLACK
6
CONTINUOUS
10
153.0896709999999814
20
-29.9323179999999986
11
153.0896610000000067
21
-29.9323139999999981
0
LINE
8
BLACK
6
CONTINUOUS
10
153.0896610000000067
20
-29.9323139999999981
11
152.8110599999999977
21
-29.8169129999999996
0
LINE
8
BLACK
6
CONTINUOUS
10
152.8110599999999977
20
-29.8169129999999996
11
152.5197660000000042
21
-29.738861
0
LINE
8
BLACK
6
CONTINUOUS
10
152.5197660000000042
20
-29.738861
11
152.2207929999999863
21
-29.6995009999999979
0
LINE
8
BLACK
6
CONTINUOUS
10
152.2207929999999863
20
-29.6995009999999979
11
152.2207879999999989
21
-29.6994999999999969
0
LINE
8
BLACK
6
CONTINUOUS
10
152.2207879999999989
20
-29.6994999999999969
11
152.2207829999999831
21
-29.6994999999999969
0
LINE
8
BLACK
6
CONTINUOUS
10
152.2207829999999831
20
-29.6994999999999969
11
151.9192170000000033
21
-29.6994999999999969
0
LINE
8
BLACK
6
CONTINUOUS
10
151.9192170000000033
20
-29.6994999999999969
11
151.91921099999999
21
-29.6994999999999969
0
LINE
8
BLACK
6
CONTINUOUS
10
151.91921099999999
20
-29.6994999999999969
11
151.9192060000000026
21
-29.6995009999999979
0
LINE
8
BLACK
6
CONTINUOUS
10
151.9192060000000026
20
-29.6995009999999979
11
151.6202329999999847
21
-29.738861
0
LINE
8
BLACK
6
CONTINUOUS
10
151.6202329999999847
20
-29.738861
11
151.3289389999999912
21
-29.8169129999999996
0
LINE
8
BLACK
6
CONTINUOUS
10
151.3289389999999912
20
-29.8169129999999996
11
151.0503379999999822
21
-29.9323139999999981
0
LINE
8
BLACK
6
CONTINUOUS
10
151.0503379999999822
20
-29.9323139999999981
11
151.0503279999999791
21
-29.9323179999999986
0
LINE
8
BLACK
6
CONTINUOUS
10
151.0503279999999791
20
-29.9323179999999986
11
150.7891679999999894
21
-30.0830989999999971
0
LINE
8
BLACK
6
CONTINUOUS
10
150.7891679999999894
20
-30.0830989999999971
11
150.5499209999999835
21
-30.2666789999999999
0
LINE
8
BLACK
6
CONTINUOUS
10
150.5499209999999835
20
-30.2666789999999999
11
150.5499140000000011
21
-30.266684999999999
0
LINE
8
BLACK
6
CONTINUOUS
10
150.5499140000000011
20
-30.266684999999999
11
150.3366849999999886
21
-30.4799139999999973
0
LINE
8
BLACK
6
CONTINUOUS
10
150.3366849999999886
20
-30.4799139999999973
11
150.3366790000000037
21
-30.4799209999999974
0
LINE
8
BLACK
6
CONTINUOUS
10
150.3366790000000037
20
-30.4799209999999974
11
150.1530989999999974
21
-30.7191679999999998
0
LINE
8
BLACK
6
CONTINUOUS
10
150.1530989999999974
20
-30.7191679999999998
11
150.0023180000000025
21
-30.9803280000000001
0
LINE
8
BLACK
6
CONTINUOUS
10
150.0023180000000025
20
-30.9803280000000001
11
150.0023139999999842
21
-30.9803379999999997
0
LINE
8
BLACK
6
CONTINUOUS
10
150.0023139999999842
20
-30.9803379999999997
11
149.8869129999999927
21
-31.258938999999998
0
LINE
8
BLACK
6
CONTINUOUS
10
149.8869129999999927
20
-31.258938999999998
11
149.8088610000000074
21
-31.5502329999999986
0
LINE
8
BLACK
6
CONTINUOUS
10
149.8088610000000074
20
-31.5502329999999986
11
149.7695009999999911
21
-31.8492059999999988
0
LINE
8
BLACK
6
CONTINUOUS
10
149.7695009999999911
20
-31.8492059999999988
11
149.7694999999999936
21
-31.8492229999999985
0
LINE
8
BLACK
6
CONTINUOUS
10
149.7694999999999936
20
-31.8492229999999985
11
149.7694999999999936
21
-32.1507760000000005
0
LINE
8
BLACK
6
CONTINUOUS
10
93.4262149999999991
20
-32.4338279999999983
11
93.4262149999999991
21
-29.0199839999999973
0
LINE
8
BLACK
6
CONTINUOUS
10
93.4262149999999991
20
-29.0199839999999973
11
89.5152140000000003
21
-29.0199839999999973
0
LINE
8
BLACK
6
CONTINUOUS
10
89.5152140000000003
20
-29.0199839999999973
11
89.5152140000000003
21
-32.4338279999999983
0
LINE
8
BLACK
6
CONTINUOUS
10
89.5152140000000003
20
-32.4338279999999983
11
93.4262149999999991
21
-32.4338279999999983
0
LINE
8
BLACK
6
CONTINUOUS
10
36.9555000000000007
20
-27.9105530000000002
11
36.9555000000000007
21
-24.4949839999999988
0
LINE
8
BLACK
6
CONTINUOUS
10
36.9555000000000007
20
-24.4949839999999988
11
32.9730709999999974
21
-24.4949839999999988
0
LINE
8
BLACK
6
CONTINUOUS
10
32.9730709999999974
20
-24.4949839999999988
11
32.9730709999999974
21
-27.9105530000000002
0
LINE
8
BLACK
6
CONTINUOUS
10
32.9730709999999974
20
-27.9105530000000002
11
36.9555000000000007
21
-27.9105530000000002
0
LINE
8
BLACK
6
CONTINUOUS
10
151.4872249999999951
20
-27.9105530000000002
11
151.4872249999999951
21
-24.496102999999998
0
LINE
8
BLACK
6
CONTINUOUS
10
151.4872249999999951
20
-24.496102999999998
11
147.5030710000000056
21
-24.496102999999998
0
LINE
8
BLACK
6
CONTINUOUS
10
147.5030710000000056
20
-24.496102999999998
11
147.5030710000000056
21
-27.9105530000000002
0
LINE
8
BLACK
6
CONTINUOUS
10
147.5030710000000056
20
-27.9105530000000002
11
151.4872249999999951
21
-27.9105530000000002
0
CIRCLE
8
BLACK
10
35.
20
-47.3249999999999957
40
0.175
0
CIRCLE
8
BLACK
10
35.
20
-44.7849999999999966
40
0.175
0
CIRCLE
8
BLACK
10
118.4349999999999881
20
-47.259999999999998
40
0.175
0
CIRCLE
8
BLACK
10
118.4349999999999881
20
-49.7999999999999972
40
0.175
0
CIRCLE
8
BLACK
10
118.4349999999999881
20
-52.3399999999999963
40
0.175
0
CIRCLE
8
BLACK
10
126.0549999999999926
20
-52.3399999999999963
40
0.175
0
CIRCLE
8
BLACK
10
126.0549999999999926
20
-49.7999999999999972
40
0.175
0
CIRCLE
8
BLACK
10
126.0549999999999926
20
-47.259999999999998
40
0.175
0
CIRCLE
8
BLACK
10
107.1396999999999906
20
-76.375
40
0.175
0
CIRCLE
8
BLACK
10
114.7596999999999952
20
-76.375
40
0.175
0
CIRCLE
8
BLACK
10
77.3349999999999937
20
-49.7999999999999972
40
0.175
0
CIRCLE
8
BLACK
10
105.5349999999999966
20
-49.7999999999999972
40
0.175
0
CIRCLE
8
BLACK
10
72.479699999999994
20
-77.3250000000000028
40
0.175
0
CIRCLE
8
BLACK
10
75.0197000000000003
20
-77.3250000000000028
40
0.175
0
CIRCLE
8
BLACK
10
77.5596999999999923
20
-77.3250000000000028
40
0.175
0
CIRCLE
8
BLACK
10
54.375
20
-49.7999999999999972
40
0.175
0
CIRCLE
8
BLACK
10
64.5349999999999966
20
-49.7999999999999972
40
0.175
0
CIRCLE
8
BLACK
10
37.5399999999999991
20
-32.
40
0.175
0
CIRCLE
8
BLACK
10
32.4600000000000009
20
-32.
40
0.175
0
CIRCLE
8
BLACK
10
149.5300000000000011
20
-44.7749999999999986
40
0.175
0
CIRCLE
8
BLACK
10
149.5300000000000011
20
-47.3149999999999977
40
0.175
0
CIRCLE
8
BLACK
10
89.3696999999999946
20
-76.375
40
0.175
0
CIRCLE
8
BLACK
10
96.9896999999999991
20
-76.375
40
0.175
0
CIRCLE
8
BLACK
10
146.9899999999999807
20
-32.
40
0.175
0
CIRCLE
8
BLACK
10
152.0699999999999932
20
-32.
40
0.175
0
CIRCLE
8
BLACK
10
55.719699999999996
20
-76.375
40
0.175
0
CIRCLE
8
BLACK
10
59.219699999999996
20
-76.375
40
0.175
0
LINE
8
WHITE
6
CONTINUOUS
10
20.
20
-20.
11
165.
21
-20.
0
LINE
8
WHITE
6
CONTINUOUS
10
165.
20
-20.
11
165.
21
-92.
0
LINE
8
WHITE
6
CONTINUOUS
10
165.
20
-92.
11
20.
21
-92.
0
LINE
8
WHITE
6
CONTINUOUS
10
20.
20
-92.
11
20.
21
-20.
0
CIRCLE
8
WHITE
10
35.
20
-47.3249999999999957
40
0.175
0
CIRCLE
8
WHITE
10
35.
20
-44.7849999999999966
40
0.175
0
CIRCLE
8
WHITE
10
118.4349999999999881
20
-47.259999999999998
40
0.175
0
CIRCLE
8
WHITE
10
118.4349999999999881
20
-49.7999999999999972
40
0.175
0
CIRCLE
8
WHITE
10
118.4349999999999881
20
-52.3399999999999963
40
0.175
0
CIRCLE
8
WHITE
10
126.0549999999999926
20
-52.3399999999999963
40
0.175
0
CIRCLE
8
WHITE
10
126.0549999999999926
20
-49.7999999999999972
40
0.175
0
CIRCLE
8
WHITE
10
126.0549999999999926
20
-47.259999999999998
40
0.175
0
CIRCLE
8
WHITE
10
107.1396999999999906
20
-76.375
40
0.175
0
CIRCLE
8
WHITE
10
114.7596999999999952
20
-76.375
40
0.175
0
CIRCLE
8
WHITE
10
77.3349999999999937
20
-49.7999999999999972
40
0.175
0
CIRCLE
8
WHITE
10
105.5349999999999966
20
-49.7999999999999972
40
0.175
0
CIRCLE
8
WHITE
10
72.479699999999994
20
-77.3250000000000028
40
0.175
0
CIRCLE
8
WHITE
10
75.0197000000000003
20
-77.3250000000000028
40
0.175
0
CIRCLE
8
WHITE
10
77.5596999999999923
20
-77.3250000000000028
40
0.175
0
CIRCLE
8
WHITE
10
54.375
20
-49.7999999999999972
40
0.175
0
CIRCLE
8
WHITE
10
64.5349999999999966
20
-49.7999999999999972
40
0.175
0
CIRCLE
8
WHITE
10
37.5399999999999991
20
-32.
40
0.175
0
CIRCLE
8
WHITE
10
32.4600000000000009
20
-32.
40
0.175
0
CIRCLE
8
WHITE
10
149.5300000000000011
20
-44.7749999999999986
40
0.175
0
CIRCLE
8
WHITE
10
149.5300000000000011
20
-47.3149999999999977
40
0.175
0
CIRCLE
8
WHITE
10
89.3696999999999946
20
-76.375
40
0.175
0
CIRCLE
8
WHITE
10
96.9896999999999991
20
-76.375
40
0.175
0
CIRCLE
8
WHITE
10
146.9899999999999807
20
-32.
40
0.175
0
CIRCLE
8
WHITE
10
152.0699999999999932
20
-32.
40
0.175
0
CIRCLE
8
WHITE
10
55.719699999999996
20
-76.375
40
0.175
0
CIRCLE
8
WHITE
10
59.219699999999996
20
-76.375
40
0.175
  0
ENDSEC
  0
EOF
