  0
SECTION
  2
HEADER
  9
$ANGBASE
  50
0.0
  9
$ANGDIR
  70
1
  9
$MEASUREMENT
  70
1
  0
ENDSEC
  0
SECTION
  2
TABLES
  0
TABLE
  2
LTYPE
  70
4
  0
LTYPE
  5
40F
  2
CONTINUOUS
  70
0
  3
Solid line
  72
65
  73
0
  40
0.0
  0
LTYPE
  5
410
  2
DASHDOT
 70
0
  3
Dash Dot ____ _ ____ _
 72
65
 73
4
 40
2.0
 49
1.25
 49
-0.25
 49
0.25
 49
-0.25
  0
LTYPE
  5
411
  2
DASHED
 70
0
  3
Dashed __ __ __ __ __
 72
65
 73
2
 40
0.75
 49
0.5
 49
-0.25
  0
LTYPE
  5
43B
  2
DOTTED
 70
0
  3
Dotted .  .  .  .
 72
65
 73
2
 40
0.2
 49
0.0
 49
-0.2
  0
ENDTAB
  0
TABLE
  2
STYLE
  70
4
  0
STYLE
  2
KICAD
  70
0
  40
0
  41
1
  42
1
  50
0
  71
0
  3
isocp.shx
  0
STYLE
  2
KICADB
  70
0
  40
0
  41
1
  42
1
  50
0
  71
0
  3
isocp.shx
  0
STYLE
  2
KICADI
  70
0
  40
0
  41
1
  42
1
  50
15
  71
0
  3
isocp.shx
  0
STYLE
  2
KICADBI
  70
0
  40
0
  41
1
  42
1
  50
15
  71
0
  3
isocp.shx
  0
ENDTAB
  0
TABLE
  2
LAYER
  70
35
  0
LAYER
  2
BLACK
  70
0
  62
7
  6
CONTINUOUS
  0
LAYER
  2
GRAY1
  70
0
  62
251
  6
CONTINUOUS
  0
LAYER
  2
GRAY2
  70
0
  62
8
  6
CONTINUOUS
  0
LAYER
  2
GRAY3
  70
0
  62
9
  6
CONTINUOUS
  0
LAYER
  2
WHITE
  70
0
  62
7
  6
CONTINUOUS
  0
LAYER
  2
LYELLOW
  70
0
  62
51
  6
CONTINUOUS
  0
LAYER
  2
LORANGE
  70
0
  62
41
  6
CONTINUOUS
  0
LAYER
  2
BLUE1
  70
0
  62
178
  6
CONTINUOUS
  0
LAYER
  2
GREEN1
  70
0
  62
98
  6
CONTINUOUS
  0
LAYER
  2
CYAN1
  70
0
  62
138
  6
CONTINUOUS
  0
LAYER
  2
RED1
  70
0
  62
18
  6
CONTINUOUS
  0
LAYER
  2
MAGENTA1
  70
0
  62
228
  6
CONTINUOUS
  0
LAYER
  2
BROWN1
  70
0
  62
58
  6
CONTINUOUS
  0
LAYER
  2
ORANGE1
  70
0
  62
34
  6
CONTINUOUS
  0
LAYER
  2
BLUE2
  70
0
  62
5
  6
CONTINUOUS
  0
LAYER
  2
GREEN2
  70
0
  62
3
  6
CONTINUOUS
  0
LAYER
  2
CYAN2
  70
0
  62
4
  6
CONTINUOUS
  0
LAYER
  2
RED2
  70
0
  62
1
  6
CONTINUOUS
  0
LAYER
  2
MAGENTA2
  70
0
  62
6
  6
CONTINUOUS
  0
LAYER
  2
BROWN2
  70
0
  62
54
  6
CONTINUOUS
  0
LAYER
  2
ORANGE2
  70
0
  62
42
  6
CONTINUOUS
  0
LAYER
  2
BLUE3
  70
0
  62
171
  6
CONTINUOUS
  0
LAYER
  2
GREEN3
  70
0
  62
91
  6
CONTINUOUS
  0
LAYER
  2
CYAN3
  70
0
  62
131
  6
CONTINUOUS
  0
LAYER
  2
RED3
  70
0
  62
11
  6
CONTINUOUS
  0
LAYER
  2
MAGENTA3
  70
0
  62
221
  6
CONTINUOUS
  0
LAYER
  2
YELLOW3
  70
0
  62
2
  6
CONTINUOUS
  0
LAYER
  2
ORANGE3
  70
0
  62
32
  6
CONTINUOUS
  0
LAYER
  2
BLUE4
  70
0
  62
5
  6
CONTINUOUS
  0
LAYER
  2
GREEN4
  70
0
  62
3
  6
CONTINUOUS
  0
LAYER
  2
CYAN4
  70
0
  62
4
  6
CONTINUOUS
  0
LAYER
  2
RED4
  70
0
  62
1
  6
CONTINUOUS
  0
LAYER
  2
MAGENTA4
  70
0
  62
6
  6
CONTINUOUS
  0
LAYER
  2
YELLOW4
  70
0
  62
2
  6
CONTINUOUS
  0
LAYER
  2
ORANGE4
  70
0
  62
40
  6
CONTINUOUS
  0
ENDTAB
  0
ENDSEC
  0
SECTION
  2
ENTITIES
0
LINE
8
BLACK
6
CONTINUOUS
10
123.4425389999999965
20
-20.5201849999999979
11
123.4882939999999962
21
-20.5729889999999997
0
LINE
8
BLACK
6
CONTINUOUS
10
123.4882939999999962
20
-20.5729889999999997
11
123.4994999999999976
21
-20.6244999999999976
0
LINE
8
BLACK
6
CONTINUOUS
10
123.4994999999999976
20
-20.6244999999999976
11
123.4994999999999976
21
-44.3580169999999967
0
LINE
8
BLACK
6
CONTINUOUS
10
123.4994999999999976
20
-44.3580169999999967
11
123.4977059999999938
21
-44.3641259999999988
0
LINE
8
BLACK
6
CONTINUOUS
10
123.4977059999999938
20
-44.3641259999999988
11
123.4988819999999947
21
-44.3703849999999989
0
LINE
8
BLACK
6
CONTINUOUS
10
123.4988819999999947
20
-44.3703849999999989
11
123.4879799999999932
21
-44.3972459999999955
0
LINE
8
BLACK
6
CONTINUOUS
10
123.4879799999999932
20
-44.3972459999999955
11
123.4798149999999879
21
-44.4250559999999979
0
LINE
8
BLACK
6
CONTINUOUS
10
123.4798149999999879
20
-44.4250559999999979
11
123.4750019999999893
21
-44.4292249999999953
0
LINE
8
BLACK
6
CONTINUOUS
10
123.4750019999999893
20
-44.4292249999999953
11
123.4726079999999939
21
-44.4351270000000014
0
LINE
8
BLACK
6
CONTINUOUS
10
123.4726079999999939
20
-44.4351270000000014
11
123.4489129999999903
21
-44.451831999999996
0
LINE
8
BLACK
6
CONTINUOUS
10
123.4489129999999903
20
-44.451831999999996
11
123.4270109999999931
21
-44.4708109999999976
0
LINE
8
BLACK
6
CONTINUOUS
10
123.4270109999999931
20
-44.4708109999999976
11
123.420708999999988
21
-44.4717169999999982
0
LINE
8
BLACK
6
CONTINUOUS
10
123.420708999999988
20
-44.4717169999999982
11
123.4155039999999985
21
-44.4753869999999978
0
LINE
8
BLACK
6
CONTINUOUS
10
123.4155039999999985
20
-44.4753869999999978
11
123.3865399999999966
21
-44.4766300000000001
0
LINE
8
BLACK
6
CONTINUOUS
10
123.3865399999999966
20
-44.4766300000000001
11
123.3578529999999915
21
-44.4807549999999949
0
LINE
8
BLACK
6
CONTINUOUS
10
123.3578529999999915
20
-44.4807549999999949
11
123.352060999999992
21
-44.4781089999999963
0
LINE
8
BLACK
6
CONTINUOUS
10
123.352060999999992
20
-44.4781089999999963
11
123.3456979999999987
21
-44.4783830000000009
0
LINE
8
BLACK
6
CONTINUOUS
10
123.3456979999999987
20
-44.4783830000000009
11
123.3206619999999987
21
-44.4637699999999967
0
LINE
8
BLACK
6
CONTINUOUS
10
123.3206619999999987
20
-44.4637699999999967
11
123.2942970000000003
21
-44.4517299999999977
0
LINE
8
BLACK
6
CONTINUOUS
10
123.2942970000000003
20
-44.4517299999999977
11
123.2894739999999985
21
-44.4455669999999969
0
LINE
8
BLACK
6
CONTINUOUS
10
123.2894739999999985
20
-44.4455669999999969
11
123.2853549999999956
21
-44.4431629999999984
0
LINE
8
BLACK
6
CONTINUOUS
10
123.2853549999999956
20
-44.4431629999999984
11
123.2650179999999978
21
-44.4143169999999969
0
LINE
8
BLACK
6
CONTINUOUS
10
123.2650179999999978
20
-44.4143169999999969
11
123.2563189999999906
21
-44.3972459999999955
0
LINE
8
BLACK
6
CONTINUOUS
10
123.2563189999999906
20
-44.3972459999999955
11
123.2517529999999937
21
-44.3882849999999962
0
LINE
8
BLACK
6
CONTINUOUS
10
123.2517529999999937
20
-44.3882849999999962
11
123.2052869999999984
21
-44.2970889999999997
0
LINE
8
BLACK
6
CONTINUOUS
10
123.2052869999999984
20
-44.2970889999999997
11
123.0849659999999943
21
-44.1314810000000008
0
LINE
8
BLACK
6
CONTINUOUS
10
123.0849659999999943
20
-44.1314810000000008
11
116.4359109999999902
21
-37.4824259999999967
0
LINE
8
BLACK
6
CONTINUOUS
10
116.4359109999999902
20
-37.4824259999999967
11
116.4024259999999913
21
-37.4211029999999951
0
LINE
8
BLACK
6
CONTINUOUS
10
116.4024259999999913
20
-37.4211029999999951
11
116.4074099999999987
21
-37.3514109999999988
0
LINE
8
BLACK
6
CONTINUOUS
10
116.4074099999999987
20
-37.3514109999999988
11
116.4492819999999966
21
-37.2954779999999957
0
LINE
8
BLACK
6
CONTINUOUS
10
116.4492819999999966
20
-37.2954779999999957
11
116.5147459999999882
21
-37.271060999999996
0
LINE
8
BLACK
6
CONTINUOUS
10
116.5147459999999882
20
-37.271060999999996
11
116.571044999999998
21
-37.2801839999999984
0
LINE
8
BLACK
6
CONTINUOUS
10
116.571044999999998
20
-37.2801839999999984
11
116.7289389999999969
21
-37.3455859999999973
0
LINE
8
BLACK
6
CONTINUOUS
10
116.7289389999999969
20
-37.3455859999999973
11
116.7289399999999944
21
-37.3455859999999973
0
LINE
8
BLACK
6
CONTINUOUS
10
116.7289399999999944
20
-37.3455859999999973
11
116.7289419999999893
21
-37.3455869999999948
0
LINE
8
BLACK
6
CONTINUOUS
10
116.7289419999999893
20
-37.3455869999999948
11
117.0202319999999929
21
-37.4236379999999969
0
LINE
8
BLACK
6
CONTINUOUS
10
117.0202319999999929
20
-37.4236379999999969
11
117.3192169999999948
21
-37.463000000000001
0
LINE
8
BLACK
6
CONTINUOUS
10
117.3192169999999948
20
-37.463000000000001
11
117.3192239999999913
21
-37.463000000000001
0
LINE
8
BLACK
6
CONTINUOUS
10
117.3192239999999913
20
-37.463000000000001
11
117.6207759999999922
21
-37.463000000000001
0
LINE
8
BLACK
6
CONTINUOUS
10
117.6207759999999922
20
-37.463000000000001
11
117.6207829999999888
21
-37.463000000000001
0
LINE
8
BLACK
6
CONTINUOUS
10
117.6207829999999888
20
-37.463000000000001
11
117.9197679999999906
21
-37.4236379999999969
0
LINE
8
BLACK
6
CONTINUOUS
10
117.9197679999999906
20
-37.4236379999999969
11
118.2110579999999942
21
-37.3455869999999948
0
LINE
8
BLACK
6
CONTINUOUS
10
118.2110579999999942
20
-37.3455869999999948
11
118.4896679999999947
21
-37.2301829999999967
0
LINE
8
BLACK
6
CONTINUOUS
10
118.4896679999999947
20
-37.2301829999999967
11
118.7508319999999884
21
-37.0793999999999997
0
LINE
8
BLACK
6
CONTINUOUS
10
118.7508319999999884
20
-37.0793999999999997
11
118.9900799999999919
21
-36.8958189999999959
0
LINE
8
BLACK
6
CONTINUOUS
10
118.9900799999999919
20
-36.8958189999999959
11
119.2033189999999934
21
-36.6825800000000015
0
LINE
8
BLACK
6
CONTINUOUS
10
119.2033189999999934
20
-36.6825800000000015
11
119.3868999999999971
21
-36.4433319999999981
0
LINE
8
BLACK
6
CONTINUOUS
10
119.3868999999999971
20
-36.4433319999999981
11
119.5376830000000012
21
-36.1821679999999972
0
LINE
8
BLACK
6
CONTINUOUS
10
119.5376830000000012
20
-36.1821679999999972
11
119.6530869999999993
21
-35.9035579999999968
0
LINE
8
BLACK
6
CONTINUOUS
10
119.6530869999999993
20
-35.9035579999999968
11
119.7311380000000014
21
-35.6122680000000003
0
LINE
8
BLACK
6
CONTINUOUS
10
119.7311380000000014
20
-35.6122680000000003
11
119.7704999999999984
21
-35.3132829999999984
0
LINE
8
BLACK
6
CONTINUOUS
10
119.7704999999999984
20
-35.3132829999999984
11
119.7704999999999984
21
-35.0117169999999973
0
LINE
8
BLACK
6
CONTINUOUS
10
119.7704999999999984
20
-35.0117169999999973
11
119.7311380000000014
21
-34.7127319999999955
0
LINE
8
BLACK
6
CONTINUOUS
10
119.7311380000000014
20
-34.7127319999999955
11
119.6530869999999993
21
-34.421441999999999
0
LINE
8
BLACK
6
CONTINUOUS
10
119.6530869999999993
20
-34.421441999999999
11
119.5376830000000012
21
-34.1428319999999985
0
LINE
8
BLACK
6
CONTINUOUS
10
119.5376830000000012
20
-34.1428319999999985
11
119.3868999999999971
21
-33.8816679999999977
0
LINE
8
BLACK
6
CONTINUOUS
10
119.3868999999999971
20
-33.8816679999999977
11
119.2033189999999934
21
-33.6424200000000013
0
LINE
8
BLACK
6
CONTINUOUS
10
119.2033189999999934
20
-33.6424200000000013
11
119.2033139999999918
21
-33.6424139999999952
0
LINE
8
BLACK
6
CONTINUOUS
10
119.2033139999999918
20
-33.6424139999999952
11
118.9900849999999934
21
-33.4291849999999968
0
LINE
8
BLACK
6
CONTINUOUS
10
118.9900849999999934
20
-33.4291849999999968
11
118.9900779999999969
21
-33.4291789999999978
0
LINE
8
BLACK
6
CONTINUOUS
10
118.9900779999999969
20
-33.4291789999999978
11
118.7508309999999909
21
-33.2455989999999986
0
LINE
8
BLACK
6
CONTINUOUS
10
118.7508309999999909
20
-33.2455989999999986
11
118.4896710000000013
21
-33.0948179999999965
0
LINE
8
BLACK
6
CONTINUOUS
10
118.4896710000000013
20
-33.0948179999999965
11
118.4896609999999981
21
-33.0948139999999995
0
LINE
8
BLACK
6
CONTINUOUS
10
118.4896609999999981
20
-33.0948139999999995
11
118.2110599999999891
21
-32.979413000000001
0
LINE
8
BLACK
6
CONTINUOUS
10
118.2110599999999891
20
-32.979413000000001
11
117.9197659999999956
21
-32.9013610000000014
0
LINE
8
BLACK
6
CONTINUOUS
10
117.9197659999999956
20
-32.9013610000000014
11
117.6207929999999919
21
-32.8620009999999994
0
LINE
8
BLACK
6
CONTINUOUS
10
117.6207929999999919
20
-32.8620009999999994
11
117.6207879999999903
21
-32.8620000000000019
0
LINE
8
BLACK
6
CONTINUOUS
10
117.6207879999999903
20
-32.8620000000000019
11
117.6207829999999888
21
-32.8620000000000019
0
LINE
8
BLACK
6
CONTINUOUS
10
117.6207829999999888
20
-32.8620000000000019
11
117.3192169999999948
21
-32.8620000000000019
0
LINE
8
BLACK
6
CONTINUOUS
10
117.3192169999999948
20
-32.8620000000000019
11
117.3192109999999957
21
-32.8620000000000019
0
LINE
8
BLACK
6
CONTINUOUS
10
117.3192109999999957
20
-32.8620000000000019
11
117.3192059999999941
21
-32.8620009999999994
0
LINE
8
BLACK
6
CONTINUOUS
10
117.3192059999999941
20
-32.8620009999999994
11
117.1054369999999949
21
-32.8901439999999994
0
LINE
8
BLACK
6
CONTINUOUS
10
117.1054369999999949
20
-32.8901439999999994
11
117.0364019999999954
21
-32.8793779999999956
0
LINE
8
BLACK
6
CONTINUOUS
10
117.0364019999999954
20
-32.8793779999999956
11
117.0015709999999984
21
-32.8548860000000005
0
LINE
8
BLACK
6
CONTINUOUS
10
117.0015709999999984
20
-32.8548860000000005
11
113.610020999999989
21
-29.4633359999999982
0
LINE
8
BLACK
6
CONTINUOUS
10
113.610020999999989
20
-29.4633359999999982
11
113.6100189999999941
21
-29.4633339999999997
0
LINE
8
BLACK
6
CONTINUOUS
10
113.6100189999999941
20
-29.4633339999999997
11
113.4444109999999881
21
-29.3430129999999991
0
LINE
8
BLACK
6
CONTINUOUS
10
113.4444109999999881
20
-29.3430129999999991
11
113.3532139999999941
21
-29.2965459999999993
0
LINE
8
BLACK
6
CONTINUOUS
10
113.3532139999999941
20
-29.2965459999999993
11
113.3532119999999992
21
-29.2965449999999983
0
LINE
8
BLACK
6
CONTINUOUS
10
113.3532119999999992
20
-29.2965449999999983
11
113.2620229999999992
21
-29.250080999999998
0
LINE
8
BLACK
6
CONTINUOUS
10
113.2620229999999992
20
-29.250080999999998
11
113.2153149999999897
21
-29.2349040000000002
0
LINE
8
BLACK
6
CONTINUOUS
10
113.2153149999999897
20
-29.2349040000000002
11
113.164676
21
-29.2184509999999982
0
LINE
8
BLACK
6
CONTINUOUS
10
113.164676
20
-29.2184509999999982
11
113.1408029999999911
21
-29.2106940000000002
0
LINE
8
BLACK
6
CONTINUOUS
10
113.1408029999999911
20
-29.2106940000000002
11
113.0673349999999999
21
-29.1868219999999994
0
LINE
8
BLACK
6
CONTINUOUS
10
113.0673349999999999
20
-29.1868219999999994
11
112.8927949999999925
21
-29.1591779999999972
0
LINE
8
BLACK
6
CONTINUOUS
10
112.8927949999999925
20
-29.1591779999999972
11
112.8651519999999948
21
-29.1547999999999981
0
LINE
8
BLACK
6
CONTINUOUS
10
112.8651519999999948
20
-29.1547999999999981
11
31.3395519999999976
21
-29.1547999999999981
0
LINE
8
BLACK
6
CONTINUOUS
10
31.3395519999999976
20
-29.1547999999999981
11
31.1348479999999981
21
-29.1547999999999981
0
LINE
8
BLACK
6
CONTINUOUS
10
31.1348479999999981
20
-29.1547999999999981
11
31.0674529999999969
21
-29.1654739999999997
0
LINE
8
BLACK
6
CONTINUOUS
10
31.0674529999999969
20
-29.1654739999999997
11
30.932662999999998
21
-29.1868230000000004
0
LINE
8
BLACK
6
CONTINUOUS
10
30.932662999999998
20
-29.1868230000000004
11
30.8353229999999989
21
-29.2184499999999971
0
LINE
8
BLACK
6
CONTINUOUS
10
30.8353229999999989
20
-29.2184499999999971
11
30.8353229999999989
21
-29.2184509999999982
0
LINE
8
BLACK
6
CONTINUOUS
10
30.8353229999999989
20
-29.2184509999999982
11
30.782551999999999
21
-29.2355969999999985
0
LINE
8
BLACK
6
CONTINUOUS
10
30.782551999999999
20
-29.2355969999999985
11
30.7379739999999977
21
-29.250081999999999
0
LINE
8
BLACK
6
CONTINUOUS
10
30.7379739999999977
20
-29.250081999999999
11
30.6467840000000002
21
-29.2965449999999983
0
LINE
8
BLACK
6
CONTINUOUS
10
30.6467840000000002
20
-29.2965449999999983
11
30.6467849999999977
21
-29.2965459999999993
0
LINE
8
BLACK
6
CONTINUOUS
10
30.6467849999999977
20
-29.2965459999999993
11
30.5555880000000002
21
-29.3430129999999991
0
LINE
8
BLACK
6
CONTINUOUS
10
30.5555880000000002
20
-29.3430129999999991
11
30.3899779999999993
21
-29.4633359999999982
0
LINE
8
BLACK
6
CONTINUOUS
10
30.3899779999999993
20
-29.4633359999999982
11
26.9984269999999995
21
-32.8548860000000005
0
LINE
8
BLACK
6
CONTINUOUS
10
26.9984269999999995
20
-32.8548860000000005
11
26.9371039999999979
21
-32.8883709999999994
0
LINE
8
BLACK
6
CONTINUOUS
10
26.9371039999999979
20
-32.8883709999999994
11
26.8945609999999995
21
-32.8901439999999994
0
LINE
8
BLACK
6
CONTINUOUS
10
26.8945609999999995
20
-32.8901439999999994
11
26.6807929999999978
21
-32.8620009999999994
0
LINE
8
BLACK
6
CONTINUOUS
10
26.6807929999999978
20
-32.8620009999999994
11
26.6807879999999997
21
-32.8620000000000019
0
LINE
8
BLACK
6
CONTINUOUS
10
26.6807879999999997
20
-32.8620000000000019
11
26.6807829999999981
21
-32.8620000000000019
0
LINE
8
BLACK
6
CONTINUOUS
10
26.6807829999999981
20
-32.8620000000000019
11
26.3792170000000006
21
-32.8620000000000019
0
LINE
8
BLACK
6
CONTINUOUS
10
26.3792170000000006
20
-32.8620000000000019
11
26.379210999999998
21
-32.8620000000000019
0
LINE
8
BLACK
6
CONTINUOUS
10
26.379210999999998
20
-32.8620000000000019
11
26.3792059999999999
21
-32.8620009999999994
0
LINE
8
BLACK
6
CONTINUOUS
10
26.3792059999999999
20
-32.8620009999999994
11
26.0802329999999998
21
-32.9013610000000014
0
LINE
8
BLACK
6
CONTINUOUS
10
26.0802329999999998
20
-32.9013610000000014
11
25.7889389999999992
21
-32.979413000000001
0
LINE
8
BLACK
6
CONTINUOUS
10
25.7889389999999992
20
-32.979413000000001
11
25.5103379999999973
21
-33.0948139999999995
0
LINE
8
BLACK
6
CONTINUOUS
10
25.5103379999999973
20
-33.0948139999999995
11
25.5103279999999977
21
-33.0948179999999965
0
LINE
8
BLACK
6
CONTINUOUS
10
25.5103279999999977
20
-33.0948179999999965
11
25.2491679999999974
21
-33.2455989999999986
0
LINE
8
BLACK
6
CONTINUOUS
10
25.2491679999999974
20
-33.2455989999999986
11
25.0099209999999985
21
-33.4291789999999978
0
LINE
8
BLACK
6
CONTINUOUS
10
25.0099209999999985
20
-33.4291789999999978
11
25.0099139999999984
21
-33.4291849999999968
0
LINE
8
BLACK
6
CONTINUOUS
10
25.0099139999999984
20
-33.4291849999999968
11
24.7966850000000001
21
-33.6424139999999952
0
LINE
8
BLACK
6
CONTINUOUS
10
24.7966850000000001
20
-33.6424139999999952
11
24.7966789999999975
21
-33.6424209999999988
0
LINE
8
BLACK
6
CONTINUOUS
10
24.7966789999999975
20
-33.6424209999999988
11
24.6130989999999983
21
-33.8816679999999977
0
LINE
8
BLACK
6
CONTINUOUS
10
24.6130989999999983
20
-33.8816679999999977
11
24.4623179999999998
21
-34.1428280000000015
0
LINE
8
BLACK
6
CONTINUOUS
10
24.4623179999999998
20
-34.1428280000000015
11
24.4623139999999992
21
-34.1428379999999976
0
LINE
8
BLACK
6
CONTINUOUS
10
24.4623139999999992
20
-34.1428379999999976
11
24.3469129999999971
21
-34.4214389999999995
0
LINE
8
BLACK
6
CONTINUOUS
10
24.3469129999999971
20
-34.4214389999999995
11
24.2688609999999976
21
-34.7127330000000001
0
LINE
8
BLACK
6
CONTINUOUS
10
24.2688609999999976
20
-34.7127330000000001
11
24.2295009999999991
21
-35.0117059999999967
0
LINE
8
BLACK
6
CONTINUOUS
10
24.2295009999999991
20
-35.0117059999999967
11
24.229499999999998
21
-35.0117229999999964
0
LINE
8
BLACK
6
CONTINUOUS
10
24.229499999999998
20
-35.0117229999999964
11
24.229499999999998
21
-35.3132760000000019
0
LINE
8
BLACK
6
CONTINUOUS
10
24.229499999999998
20
-35.3132760000000019
11
24.2295009999999991
21
-35.3132930000000016
0
LINE
8
BLACK
6
CONTINUOUS
10
24.2295009999999991
20
-35.3132930000000016
11
24.2688609999999976
21
-35.6122659999999982
0
LINE
8
BLACK
6
CONTINUOUS
10
24.2688609999999976
20
-35.6122659999999982
11
24.3469129999999971
21
-35.9035599999999988
0
LINE
8
BLACK
6
CONTINUOUS
10
24.3469129999999971
20
-35.9035599999999988
11
24.4623139999999992
21
-36.1821610000000007
0
LINE
8
BLACK
6
CONTINUOUS
10
24.4623139999999992
20
-36.1821610000000007
11
24.4623179999999998
21
-36.1821709999999968
0
LINE
8
BLACK
6
CONTINUOUS
10
24.4623179999999998
20
-36.1821709999999968
11
24.6130989999999983
21
-36.4433310000000006
0
LINE
8
BLACK
6
CONTINUOUS
10
24.6130989999999983
20
-36.4433310000000006
11
24.7966789999999975
21
-36.6825779999999995
0
LINE
8
BLACK
6
CONTINUOUS
10
24.7966789999999975
20
-36.6825779999999995
11
24.7966850000000001
21
-36.682584999999996
0
LINE
8
BLACK
6
CONTINUOUS
10
24.7966850000000001
20
-36.682584999999996
11
25.0099139999999984
21
-36.8958140000000014
0
LINE
8
BLACK
6
CONTINUOUS
10
25.0099139999999984
20
-36.8958140000000014
11
25.0099209999999985
21
-36.8958200000000005
0
LINE
8
BLACK
6
CONTINUOUS
10
25.0099209999999985
20
-36.8958200000000005
11
25.2491679999999974
21
-37.0793999999999997
0
LINE
8
BLACK
6
CONTINUOUS
10
25.2491679999999974
20
-37.0793999999999997
11
25.5103279999999977
21
-37.2301810000000017
0
LINE
8
BLACK
6
CONTINUOUS
10
25.5103279999999977
20
-37.2301810000000017
11
25.5103289999999987
21
-37.2301810000000017
0
LINE
8
BLACK
6
CONTINUOUS
10
25.5103289999999987
20
-37.2301810000000017
11
25.5103319999999982
21
-37.2301829999999967
0
LINE
8
BLACK
6
CONTINUOUS
10
25.5103319999999982
20
-37.2301829999999967
11
25.6679679999999983
21
-37.2954779999999957
0
LINE
8
BLACK
6
CONTINUOUS
10
25.6679679999999983
20
-37.2954779999999957
11
25.7889389999999992
21
-37.3455859999999973
0
LINE
8
BLACK
6
CONTINUOUS
10
25.7889389999999992
20
-37.3455859999999973
11
25.7889400000000002
21
-37.3455859999999973
0
LINE
8
BLACK
6
CONTINUOUS
10
25.7889400000000002
20
-37.3455859999999973
11
25.7889419999999987
21
-37.3455869999999948
0
LINE
8
BLACK
6
CONTINUOUS
10
25.7889419999999987
20
-37.3455869999999948
11
26.0802319999999987
21
-37.4236379999999969
0
LINE
8
BLACK
6
CONTINUOUS
10
26.0802319999999987
20
-37.4236379999999969
11
26.3792170000000006
21
-37.463000000000001
0
LINE
8
BLACK
6
CONTINUOUS
10
26.3792170000000006
20
-37.463000000000001
11
26.3792239999999971
21
-37.463000000000001
0
LINE
8
BLACK
6
CONTINUOUS
10
26.3792239999999971
20
-37.463000000000001
11
26.680775999999998
21
-37.463000000000001
0
LINE
8
BLACK
6
CONTINUOUS
10
26.680775999999998
20
-37.463000000000001
11
26.6807829999999981
21
-37.463000000000001
0
LINE
8
BLACK
6
CONTINUOUS
10
26.6807829999999981
20
-37.463000000000001
11
26.979768
21
-37.4236379999999969
0
LINE
8
BLACK
6
CONTINUOUS
10
26.979768
20
-37.4236379999999969
11
27.271058
21
-37.3455869999999948
0
LINE
8
BLACK
6
CONTINUOUS
10
27.271058
20
-37.3455869999999948
11
27.5496680000000005
21
-37.2301829999999967
0
LINE
8
BLACK
6
CONTINUOUS
10
27.5496680000000005
20
-37.2301829999999967
11
27.8108319999999978
21
-37.0793999999999997
0
LINE
8
BLACK
6
CONTINUOUS
10
27.8108319999999978
20
-37.0793999999999997
11
28.0500799999999977
21
-36.8958189999999959
0
LINE
8
BLACK
6
CONTINUOUS
10
28.0500799999999977
20
-36.8958189999999959
11
28.2633189999999992
21
-36.6825800000000015
0
LINE
8
BLACK
6
CONTINUOUS
10
28.2633189999999992
20
-36.6825800000000015
11
28.4468999999999994
21
-36.4433319999999981
0
LINE
8
BLACK
6
CONTINUOUS
10
28.4468999999999994
20
-36.4433319999999981
11
28.597683
21
-36.1821679999999972
0
LINE
8
BLACK
6
CONTINUOUS
10
28.597683
20
-36.1821679999999972
11
28.713086999999998
21
-35.9035579999999968
0
LINE
8
BLACK
6
CONTINUOUS
10
28.713086999999998
20
-35.9035579999999968
11
28.7911380000000001
21
-35.6122680000000003
0
LINE
8
BLACK
6
CONTINUOUS
10
28.7911380000000001
20
-35.6122680000000003
11
28.8304999999999971
21
-35.3132829999999984
0
LINE
8
BLACK
6
CONTINUOUS
10
28.8304999999999971
20
-35.3132829999999984
11
28.8304999999999971
21
-35.0117169999999973
0
LINE
8
BLACK
6
CONTINUOUS
10
28.8304999999999971
20
-35.0117169999999973
11
28.8023539999999976
21
-34.7979339999999979
0
LINE
8
BLACK
6
CONTINUOUS
10
28.8023539999999976
20
-34.7979339999999979
11
28.8131190000000004
21
-34.7289029999999954
0
LINE
8
BLACK
6
CONTINUOUS
10
28.8131190000000004
20
-34.7289029999999954
11
28.8376089999999969
21
-34.6940740000000005
0
LINE
8
BLACK
6
CONTINUOUS
10
28.8376089999999969
20
-34.6940740000000005
11
29.0978199999999987
21
-34.4338639999999998
0
LINE
8
BLACK
6
CONTINUOUS
10
29.0978199999999987
20
-34.4338639999999998
11
29.1591419999999992
21
-34.4003799999999984
0
LINE
8
BLACK
6
CONTINUOUS
10
29.1591419999999992
20
-34.4003799999999984
11
29.2288339999999991
21
-34.4053639999999987
0
LINE
8
BLACK
6
CONTINUOUS
10
29.2288339999999991
20
-34.4053639999999987
11
29.2847669999999987
21
-34.4472359999999966
0
LINE
8
BLACK
6
CONTINUOUS
10
29.2847669999999987
20
-34.4472359999999966
11
29.3091839999999983
21
-34.5126999999999953
0
LINE
8
BLACK
6
CONTINUOUS
10
29.3091839999999983
20
-34.5126999999999953
11
29.3094999999999999
21
-34.5215460000000007
0
LINE
8
BLACK
6
CONTINUOUS
10
29.3094999999999999
20
-34.5215460000000007
11
29.3094999999999999
21
-36.7074599999999975
0
LINE
8
BLACK
6
CONTINUOUS
10
29.3094999999999999
20
-36.7074599999999975
11
29.3246299999999991
21
-36.8417490000000001
0
LINE
8
BLACK
6
CONTINUOUS
10
29.3246299999999991
20
-36.8417490000000001
11
29.3246310000000001
21
-36.8417540000000017
0
LINE
8
BLACK
6
CONTINUOUS
10
29.3246310000000001
20
-36.8417540000000017
11
29.384210999999997
21
-37.0120229999999992
0
LINE
8
BLACK
6
CONTINUOUS
10
29.384210999999997
20
-37.0120229999999992
11
29.4265469999999993
21
-37.0793999999999997
0
LINE
8
BLACK
6
CONTINUOUS
10
29.4265469999999993
20
-37.0793999999999997
11
29.4801839999999977
21
-37.1647619999999961
0
LINE
8
BLACK
6
CONTINUOUS
10
29.4801839999999977
20
-37.1647619999999961
11
29.6077379999999977
21
-37.2923159999999996
0
LINE
8
BLACK
6
CONTINUOUS
10
29.6077379999999977
20
-37.2923159999999996
11
29.6925169999999987
21
-37.3455859999999973
0
LINE
8
BLACK
6
CONTINUOUS
10
29.6925169999999987
20
-37.3455859999999973
11
29.7566609999999976
21
-37.3858910000000009
0
LINE
8
BLACK
6
CONTINUOUS
10
29.7566609999999976
20
-37.3858910000000009
11
29.7604779999999991
21
-37.3882890000000003
0
LINE
8
BLACK
6
CONTINUOUS
10
29.7604779999999991
20
-37.3882890000000003
11
29.8542549999999984
21
-37.4211029999999951
0
LINE
8
BLACK
6
CONTINUOUS
10
29.8542549999999984
20
-37.4211029999999951
11
29.9307449999999982
21
-37.4478679999999997
0
LINE
8
BLACK
6
CONTINUOUS
10
29.9307449999999982
20
-37.4478679999999997
11
29.9307499999999997
21
-37.4478689999999972
0
LINE
8
BLACK
6
CONTINUOUS
10
29.9307499999999997
20
-37.4478689999999972
11
30.0212459999999979
21
-37.4580649999999977
0
LINE
8
BLACK
6
CONTINUOUS
10
30.0212459999999979
20
-37.4580649999999977
11
30.0650399999999998
21
-37.4629989999999964
0
LINE
8
BLACK
6
CONTINUOUS
10
30.0650399999999998
20
-37.4629989999999964
11
30.0650429999999993
21
-37.463000000000001
0
LINE
8
BLACK
6
CONTINUOUS
10
30.0650429999999993
20
-37.463000000000001
11
30.0650459999999988
21
-37.463000000000001
0
LINE
8
BLACK
6
CONTINUOUS
10
30.0650459999999988
20
-37.463000000000001
11
30.1854999999999976
21
-37.463000000000001
0
LINE
8
BLACK
6
CONTINUOUS
10
30.1854999999999976
20
-37.463000000000001
11
30.2525389999999987
21
-37.4826849999999965
0
LINE
8
BLACK
6
CONTINUOUS
10
30.2525389999999987
20
-37.4826849999999965
11
30.2982939999999985
21
-37.5354889999999983
0
LINE
8
BLACK
6
CONTINUOUS
10
30.2982939999999985
20
-37.5354889999999983
11
30.3094999999999999
21
-37.5869999999999962
0
LINE
8
BLACK
6
CONTINUOUS
10
30.3094999999999999
20
-37.5869999999999962
11
30.3094999999999999
21
-38.0665509999999969
0
LINE
8
BLACK
6
CONTINUOUS
10
30.3094999999999999
20
-38.0665509999999969
11
30.3415219999999977
21
-38.2687349999999995
0
LINE
8
BLACK
6
CONTINUOUS
10
30.3415219999999977
20
-38.2687349999999995
11
30.3653939999999984
21
-38.3422029999999978
0
LINE
8
BLACK
6
CONTINUOUS
10
30.3653939999999984
20
-38.3422029999999978
11
30.373151
21
-38.3660759999999996
0
LINE
8
BLACK
6
CONTINUOUS
10
30.373151
20
-38.3660759999999996
11
30.4047799999999988
21
-38.4634190000000018
0
LINE
8
BLACK
6
CONTINUOUS
10
30.4047799999999988
20
-38.4634190000000018
11
30.4270469999999982
21
-38.5071200000000005
0
LINE
8
BLACK
6
CONTINUOUS
10
30.4270469999999982
20
-38.5071200000000005
11
30.4977129999999974
21
-38.6458109999999948
0
LINE
8
BLACK
6
CONTINUOUS
10
30.4977129999999974
20
-38.6458109999999948
11
30.618033999999998
21
-38.8114190000000008
0
LINE
8
BLACK
6
CONTINUOUS
10
30.618033999999998
20
-38.8114190000000008
11
30.618036
21
-38.8114209999999957
0
LINE
8
BLACK
6
CONTINUOUS
10
30.618036
20
-38.8114209999999957
11
46.658180999999999
21
-54.8515659999999983
0
LINE
8
BLACK
6
CONTINUOUS
10
46.658180999999999
20
-54.8515659999999983
11
46.6916659999999979
21
-54.9128889999999998
0
LINE
8
BLACK
6
CONTINUOUS
10
46.6916659999999979
20
-54.9128889999999998
11
46.6944999999999979
21
-54.9392469999999946
0
LINE
8
BLACK
6
CONTINUOUS
10
46.6944999999999979
20
-54.9392469999999946
11
46.6944999999999979
21
-57.6536720000000003
0
LINE
8
BLACK
6
CONTINUOUS
10
46.6944999999999979
20
-57.6536720000000003
11
46.6748149999999953
21
-57.7207109999999943
0
LINE
8
BLACK
6
CONTINUOUS
10
46.6748149999999953
20
-57.7207109999999943
11
46.6364719999999977
21
-57.7586659999999981
0
LINE
8
BLACK
6
CONTINUOUS
10
46.6364719999999977
20
-57.7586659999999981
11
46.3718779999999953
21
-57.9249219999999951
0
LINE
8
BLACK
6
CONTINUOUS
10
46.3718779999999953
20
-57.9249219999999951
11
46.1259559999999951
21
-58.1210379999999986
0
LINE
8
BLACK
6
CONTINUOUS
10
46.1259559999999951
20
-58.1210379999999986
11
45.9035379999999975
21
-58.3434559999999962
0
LINE
8
BLACK
6
CONTINUOUS
10
45.9035379999999975
20
-58.3434559999999962
11
45.7074220000000011
21
-58.5893779999999964
0
LINE
8
BLACK
6
CONTINUOUS
10
45.7074220000000011
20
-58.5893779999999964
11
45.540071999999995
21
-58.8557129999999944
0
LINE
8
BLACK
6
CONTINUOUS
10
45.540071999999995
20
-58.8557129999999944
11
45.4035979999999952
21
-59.1391039999999961
0
LINE
8
BLACK
6
CONTINUOUS
10
45.4035979999999952
20
-59.1391039999999961
11
45.299710999999995
21
-59.4359979999999979
0
LINE
8
BLACK
6
CONTINUOUS
10
45.299710999999995
20
-59.4359979999999979
11
45.2997099999999975
21
-59.4359999999999999
0
LINE
8
BLACK
6
CONTINUOUS
10
45.2997099999999975
20
-59.4359999999999999
11
45.2297179999999983
21
-59.7426559999999967
0
LINE
8
BLACK
6
CONTINUOUS
10
45.2297179999999983
20
-59.7426559999999967
11
45.2297159999999963
21
-59.7426719999999989
0
LINE
8
BLACK
6
CONTINUOUS
10
45.2297159999999963
20
-59.7426719999999989
11
45.2007479999999973
21
-59.9997649999999965
0
LINE
8
BLACK
6
CONTINUOUS
10
45.2007479999999973
20
-59.9997649999999965
11
45.1736809999999949
21
-60.0641789999999958
0
LINE
8
BLACK
6
CONTINUOUS
10
45.1736809999999949
20
-60.0641789999999958
11
45.1160859999999957
21
-60.1037339999999958
0
LINE
8
BLACK
6
CONTINUOUS
10
45.1160859999999957
20
-60.1037339999999958
11
45.046248999999996
21
-60.1058710000000005
0
LINE
8
BLACK
6
CONTINUOUS
10
45.046248999999996
20
-60.1058710000000005
11
44.9898469999999975
21
-60.0735619999999955
0
LINE
8
BLACK
6
CONTINUOUS
10
44.9898469999999975
20
-60.0735619999999955
11
33.5391189999999995
21
-48.6228339999999974
0
LINE
8
BLACK
6
CONTINUOUS
10
33.5391189999999995
20
-48.6228339999999974
11
33.5056340000000006
21
-48.5615109999999959
0
LINE
8
BLACK
6
CONTINUOUS
10
33.5056340000000006
20
-48.5615109999999959
11
33.5028000000000006
21
-48.5351530000000011
0
LINE
8
BLACK
6
CONTINUOUS
10
33.5028000000000006
20
-48.5351530000000011
11
33.5028000000000006
21
-47.8783479999999955
0
LINE
8
BLACK
6
CONTINUOUS
10
33.5028000000000006
20
-47.8783479999999955
11
33.4707769999999982
21
-47.676167999999997
0
LINE
8
BLACK
6
CONTINUOUS
10
33.4707769999999982
20
-47.676167999999997
11
33.4707769999999982
21
-47.6761659999999949
0
LINE
8
BLACK
6
CONTINUOUS
10
33.4707769999999982
20
-47.6761659999999949
11
33.4662609999999958
21
-47.6622679999999974
0
LINE
8
BLACK
6
CONTINUOUS
10
33.4662609999999958
20
-47.6622679999999974
11
33.4090270000000018
21
-47.4861199999999997
0
LINE
8
BLACK
6
CONTINUOUS
10
33.4090270000000018
20
-47.4861199999999997
11
33.4079649999999972
21
-47.4823540000000008
0
LINE
8
BLACK
6
CONTINUOUS
10
33.4079649999999972
20
-47.4823540000000008
11
33.3251789999999986
21
-47.3198769999999982
0
LINE
8
BLACK
6
CONTINUOUS
10
33.3251789999999986
20
-47.3198769999999982
11
33.3145859999999985
21
-47.2990879999999976
0
LINE
8
BLACK
6
CONTINUOUS
10
33.3145859999999985
20
-47.2990879999999976
11
33.3065129999999954
21
-47.2879760000000005
0
LINE
8
BLACK
6
CONTINUOUS
10
33.3065129999999954
20
-47.2879760000000005
11
33.1942659999999989
21
-47.1334809999999962
0
LINE
8
BLACK
6
CONTINUOUS
10
33.1942659999999989
20
-47.1334809999999962
11
31.0163189999999993
21
-44.9555340000000001
0
LINE
8
BLACK
6
CONTINUOUS
10
31.0163189999999993
20
-44.9555340000000001
11
30.8507109999999969
21
-44.835212999999996
0
LINE
8
BLACK
6
CONTINUOUS
10
30.8507109999999969
20
-44.835212999999996
11
30.7480849999999997
21
-44.7829229999999967
0
LINE
8
BLACK
6
CONTINUOUS
10
30.7480849999999997
20
-44.7829229999999967
11
30.6683190000000003
21
-44.7422800000000009
0
LINE
8
BLACK
6
CONTINUOUS
10
30.6683190000000003
20
-44.7422800000000009
11
30.6104379999999985
21
-44.7234729999999985
0
LINE
8
BLACK
6
CONTINUOUS
10
30.6104379999999985
20
-44.7234729999999985
11
30.5030159999999988
21
-44.6885690000000011
0
LINE
8
BLACK
6
CONTINUOUS
10
30.5030159999999988
20
-44.6885690000000011
11
30.5030140000000003
21
-44.6885690000000011
0
LINE
8
BLACK
6
CONTINUOUS
10
30.5030140000000003
20
-44.6885690000000011
11
30.473634999999998
21
-44.6790230000000008
0
LINE
8
BLACK
6
CONTINUOUS
10
30.473634999999998
20
-44.6790230000000008
11
30.4736329999999995
21
-44.6790219999999962
0
LINE
8
BLACK
6
CONTINUOUS
10
30.4736329999999995
20
-44.6790219999999962
11
30.4736279999999979
21
-44.6790209999999988
0
LINE
8
BLACK
6
CONTINUOUS
10
30.4736279999999979
20
-44.6790209999999988
11
30.301956999999998
21
-44.6518310000000014
0
LINE
8
BLACK
6
CONTINUOUS
10
30.301956999999998
20
-44.6518310000000014
11
30.271452
21
-44.6469999999999985
0
LINE
8
BLACK
6
CONTINUOUS
10
30.271452
20
-44.6469999999999985
11
30.271450999999999
21
-44.6469999999999985
0
LINE
8
BLACK
6
CONTINUOUS
10
30.271450999999999
20
-44.6469999999999985
11
30.128304
21
-44.6469999999999985
0
LINE
8
BLACK
6
CONTINUOUS
10
30.128304
20
-44.6469999999999985
11
30.0612649999999988
21
-44.6273149999999958
0
LINE
8
BLACK
6
CONTINUOUS
10
30.0612649999999988
20
-44.6273149999999958
11
30.055418999999997
21
-44.6233179999999976
0
LINE
8
BLACK
6
CONTINUOUS
10
30.055418999999997
20
-44.6233179999999976
11
29.9350539999999974
21
-44.5358680000000007
0
LINE
8
BLACK
6
CONTINUOUS
10
29.9350539999999974
20
-44.5358680000000007
11
29.9350529999999999
21
-44.5358669999999961
0
LINE
8
BLACK
6
CONTINUOUS
10
29.9350529999999999
20
-44.5358669999999961
11
29.9350509999999979
21
-44.5358659999999986
0
LINE
8
BLACK
6
CONTINUOUS
10
29.9350509999999979
20
-44.5358659999999986
11
29.8627639999999985
21
-44.4990339999999946
0
LINE
8
BLACK
6
CONTINUOUS
10
29.8627639999999985
20
-44.4990339999999946
11
29.7035759999999982
21
-44.4179219999999972
0
LINE
8
BLACK
6
CONTINUOUS
10
29.7035759999999982
20
-44.4179219999999972
11
29.4564929999999983
21
-44.3376400000000004
0
LINE
8
BLACK
6
CONTINUOUS
10
29.4564929999999983
20
-44.3376400000000004
11
29.199901999999998
21
-44.296999999999997
0
LINE
8
BLACK
6
CONTINUOUS
10
29.199901999999998
20
-44.296999999999997
11
29.199897
21
-44.296999999999997
0
LINE
8
BLACK
6
CONTINUOUS
10
29.199897
20
-44.296999999999997
11
28.940102999999997
21
-44.296999999999997
0
LINE
8
BLACK
6
CONTINUOUS
10
28.940102999999997
20
-44.296999999999997
11
28.940097999999999
21
-44.296999999999997
0
LINE
8
BLACK
6
CONTINUOUS
10
28.940097999999999
20
-44.296999999999997
11
28.6835059999999977
21
-44.3376400000000004
0
LINE
8
BLACK
6
CONTINUOUS
10
28.6835059999999977
20
-44.3376400000000004
11
28.4364229999999978
21
-44.4179219999999972
0
LINE
8
BLACK
6
CONTINUOUS
10
28.4364229999999978
20
-44.4179219999999972
11
28.2049449999999986
21
-44.5358680000000007
0
LINE
8
BLACK
6
CONTINUOUS
10
28.2049449999999986
20
-44.5358680000000007
11
27.9947739999999996
21
-44.6885659999999945
0
LINE
8
BLACK
6
CONTINUOUS
10
27.9947739999999996
20
-44.6885659999999945
11
27.9947710000000001
21
-44.6885690000000011
0
LINE
8
BLACK
6
CONTINUOUS
10
27.9947710000000001
20
-44.6885690000000011
11
27.8110709999999983
21
-44.8722679999999983
0
LINE
8
BLACK
6
CONTINUOUS
10
27.8110709999999983
20
-44.8722679999999983
11
27.8110660000000003
21
-44.8722739999999973
0
LINE
8
BLACK
6
CONTINUOUS
10
27.8110660000000003
20
-44.8722739999999973
11
27.6583679999999994
21
-45.0824449999999999
0
LINE
8
BLACK
6
CONTINUOUS
10
27.6583679999999994
20
-45.0824449999999999
11
27.5404219999999995
21
-45.3139229999999955
0
LINE
8
BLACK
6
CONTINUOUS
10
27.5404219999999995
20
-45.3139229999999955
11
27.4601399999999991
21
-45.561005999999999
0
LINE
8
BLACK
6
CONTINUOUS
10
27.4601399999999991
20
-45.561005999999999
11
27.4194999999999993
21
-45.8175969999999992
0
LINE
8
BLACK
6
CONTINUOUS
10
27.4194999999999993
20
-45.8175969999999992
11
27.4194999999999993
21
-46.0774019999999993
0
LINE
8
BLACK
6
CONTINUOUS
10
27.4194999999999993
20
-46.0774019999999993
11
27.4601399999999991
21
-46.3339929999999995
0
LINE
8
BLACK
6
CONTINUOUS
10
27.4601399999999991
20
-46.3339929999999995
11
27.5404219999999995
21
-46.5810759999999959
0
LINE
8
BLACK
6
CONTINUOUS
10
27.5404219999999995
20
-46.5810759999999959
11
27.6583679999999994
21
-46.8125539999999987
0
LINE
8
BLACK
6
CONTINUOUS
10
27.6583679999999994
20
-46.8125539999999987
11
27.7032129999999981
21
-46.8742790000000014
0
LINE
8
BLACK
6
CONTINUOUS
10
27.7032129999999981
20
-46.8742790000000014
11
27.7266929999999974
21
-46.9400849999999963
0
LINE
8
BLACK
6
CONTINUOUS
10
27.7266929999999974
20
-46.9400849999999963
11
27.7108670000000004
21
-47.0081389999999999
0
LINE
8
BLACK
6
CONTINUOUS
10
27.7108670000000004
20
-47.0081389999999999
11
27.6905769999999976
21
-47.0348449999999971
0
LINE
8
BLACK
6
CONTINUOUS
10
27.6905769999999976
20
-47.0348449999999971
11
27.5901829999999997
21
-47.1352389999999986
0
LINE
8
BLACK
6
CONTINUOUS
10
27.5901829999999997
20
-47.1352389999999986
11
27.494211
21
-47.2879760000000005
0
LINE
8
BLACK
6
CONTINUOUS
10
27.494211
20
-47.2879760000000005
11
27.4346309999999995
21
-47.458244999999998
0
LINE
8
BLACK
6
CONTINUOUS
10
27.4346309999999995
20
-47.458244999999998
11
27.4346299999999985
21
-47.4582499999999996
0
LINE
8
BLACK
6
CONTINUOUS
10
27.4346299999999985
20
-47.4582499999999996
11
27.4194999999999993
21
-47.592538999999995
0
LINE
8
BLACK
6
CONTINUOUS
10
27.4194999999999993
20
-47.592538999999995
11
27.4194999999999993
21
-49.3824599999999947
0
LINE
8
BLACK
6
CONTINUOUS
10
27.4194999999999993
20
-49.3824599999999947
11
27.4346299999999985
21
-49.5167489999999972
0
LINE
8
BLACK
6
CONTINUOUS
10
27.4346299999999985
20
-49.5167489999999972
11
27.4346309999999995
21
-49.5167539999999988
0
LINE
8
BLACK
6
CONTINUOUS
10
27.4346309999999995
20
-49.5167539999999988
11
27.4723049999999986
21
-49.6244189999999961
0
LINE
8
BLACK
6
CONTINUOUS
10
27.4723049999999986
20
-49.6244189999999961
11
27.494211
21
-49.6870219999999989
0
LINE
8
BLACK
6
CONTINUOUS
10
27.494211
20
-49.6870219999999989
11
27.5901839999999972
21
-49.8397620000000003
0
LINE
8
BLACK
6
CONTINUOUS
10
27.5901839999999972
20
-49.8397620000000003
11
27.7177379999999971
21
-49.9673159999999967
0
LINE
8
BLACK
6
CONTINUOUS
10
27.7177379999999971
20
-49.9673159999999967
11
27.8704779999999985
21
-50.0632889999999975
0
LINE
8
BLACK
6
CONTINUOUS
10
27.8704779999999985
20
-50.0632889999999975
11
28.0407449999999976
21
-50.1228679999999969
0
LINE
8
BLACK
6
CONTINUOUS
10
28.0407449999999976
20
-50.1228679999999969
11
28.0407499999999992
21
-50.1228689999999943
0
LINE
8
BLACK
6
CONTINUOUS
10
28.0407499999999992
20
-50.1228689999999943
11
28.1312459999999973
21
-50.1330649999999949
0
LINE
8
BLACK
6
CONTINUOUS
10
28.1312459999999973
20
-50.1330649999999949
11
28.1750399999999992
21
-50.1379990000000006
0
LINE
8
BLACK
6
CONTINUOUS
10
28.1750399999999992
20
-50.1379990000000006
11
28.1750429999999987
21
-50.1379999999999981
0
LINE
8
BLACK
6
CONTINUOUS
10
28.1750429999999987
20
-50.1379999999999981
11
28.1750459999999983
21
-50.1379999999999981
0
LINE
8
BLACK
6
CONTINUOUS
10
28.1750459999999983
20
-50.1379999999999981
11
29.9649569999999983
21
-50.1379999999999981
0
LINE
8
BLACK
6
CONTINUOUS
10
29.9649569999999983
20
-50.1379999999999981
11
29.9649579999999993
21
-50.1379990000000006
0
LINE
8
BLACK
6
CONTINUOUS
10
29.9649579999999993
20
-50.1379990000000006
11
30.0321040000000004
21
-50.130434000000001
0
LINE
8
BLACK
6
CONTINUOUS
10
30.0321040000000004
20
-50.130434000000001
11
30.0992490000000004
21
-50.1228689999999943
0
LINE
8
BLACK
6
CONTINUOUS
10
30.0992490000000004
20
-50.1228689999999943
11
30.0992519999999999
21
-50.1228679999999969
0
LINE
8
BLACK
6
CONTINUOUS
10
30.0992519999999999
20
-50.1228679999999969
11
30.0992549999999994
21
-50.1228679999999969
0
LINE
8
BLACK
6
CONTINUOUS
10
30.0992549999999994
20
-50.1228679999999969
11
30.2695219999999985
21
-50.0632889999999975
0
LINE
8
BLACK
6
CONTINUOUS
10
30.2695219999999985
20
-50.0632889999999975
11
30.4222619999999999
21
-49.9673159999999967
0
LINE
8
BLACK
6
CONTINUOUS
10
30.4222619999999999
20
-49.9673159999999967
11
30.5498159999999999
21
-49.8397620000000003
0
LINE
8
BLACK
6
CONTINUOUS
10
30.5498159999999999
20
-49.8397620000000003
11
30.6457889999999971
21
-49.6870219999999989
0
LINE
8
BLACK
6
CONTINUOUS
10
30.6457889999999971
20
-49.6870219999999989
11
30.705368
21
-49.5167549999999963
0
LINE
8
BLACK
6
CONTINUOUS
10
30.705368
20
-49.5167549999999963
11
30.7073339999999995
21
-49.4992990000000006
0
LINE
8
BLACK
6
CONTINUOUS
10
30.7073339999999995
20
-49.4992990000000006
11
30.709657
21
-49.4937709999999953
0
LINE
8
BLACK
6
CONTINUOUS
10
30.709657
20
-49.4937709999999953
11
30.7091819999999984
21
-49.4877940000000009
0
LINE
8
BLACK
6
CONTINUOUS
10
30.7091819999999984
20
-49.4877940000000009
11
30.7230339999999984
21
-49.4619349999999969
0
LINE
8
BLACK
6
CONTINUOUS
10
30.7230339999999984
20
-49.4619349999999969
11
30.7343999999999973
21
-49.4348859999999988
0
LINE
8
BLACK
6
CONTINUOUS
10
30.7343999999999973
20
-49.4348859999999988
11
30.7393429999999981
21
-49.4314899999999966
0
LINE
8
BLACK
6
CONTINUOUS
10
30.7393429999999981
20
-49.4314899999999966
11
30.7421749999999996
21
-49.4262049999999959
0
LINE
8
BLACK
6
CONTINUOUS
10
30.7421749999999996
20
-49.4262049999999959
11
30.7678089999999997
21
-49.4119389999999967
0
LINE
8
BLACK
6
CONTINUOUS
10
30.7678089999999997
20
-49.4119389999999967
11
30.791993999999999
21
-49.3953300000000013
0
LINE
8
BLACK
6
CONTINUOUS
10
30.791993999999999
20
-49.3953300000000013
11
30.7979880000000001
21
-49.3951459999999969
0
LINE
8
BLACK
6
CONTINUOUS
10
30.7979880000000001
20
-49.3951459999999969
11
30.8032289999999982
21
-49.3922299999999979
0
LINE
8
BLACK
6
CONTINUOUS
10
30.8032289999999982
20
-49.3922299999999979
11
30.8325099999999992
21
-49.394089000000001
0
LINE
8
BLACK
6
CONTINUOUS
10
30.8325099999999992
20
-49.394089000000001
11
30.8618309999999987
21
-49.3931909999999945
0
LINE
8
BLACK
6
CONTINUOUS
10
30.8618309999999987
20
-49.3931909999999945
11
30.866971999999997
21
-49.3962760000000003
0
LINE
8
BLACK
6
CONTINUOUS
10
30.866971999999997
20
-49.3962760000000003
11
30.872957999999997
21
-49.3966569999999976
0
LINE
8
BLACK
6
CONTINUOUS
10
30.872957999999997
20
-49.3966569999999976
11
30.8965839999999972
21
-49.414049999999996
0
LINE
8
BLACK
6
CONTINUOUS
10
30.8965839999999972
20
-49.414049999999996
11
30.9217379999999977
21
-49.4291479999999979
0
LINE
8
BLACK
6
CONTINUOUS
10
30.9217379999999977
20
-49.4291479999999979
11
30.9256359999999972
21
-49.4354370000000003
0
LINE
8
BLACK
6
CONTINUOUS
10
30.9256359999999972
20
-49.4354370000000003
11
30.9292249999999989
21
-49.4380799999999994
0
LINE
8
BLACK
6
CONTINUOUS
10
30.9292249999999989
20
-49.4380799999999994
11
30.9398569999999999
21
-49.4583849999999998
0
LINE
8
BLACK
6
CONTINUOUS
10
30.9398569999999999
20
-49.4583849999999998
11
30.9463869999999979
21
-49.4689209999999946
0
LINE
8
BLACK
6
CONTINUOUS
10
30.9463869999999979
20
-49.4689209999999946
11
30.9475109999999987
21
-49.4718639999999965
0
LINE
8
BLACK
6
CONTINUOUS
10
30.9475109999999987
20
-49.4718639999999965
11
30.9480879999999985
21
-49.4736380000000011
0
LINE
8
BLACK
6
CONTINUOUS
10
30.9480879999999985
20
-49.4736380000000011
11
30.9970799999999969
21
-49.6244189999999961
0
LINE
8
BLACK
6
CONTINUOUS
10
30.9970799999999969
20
-49.6244189999999961
11
31.0289779999999986
21
-49.6870219999999989
0
LINE
8
BLACK
6
CONTINUOUS
10
31.0289779999999986
20
-49.6870219999999989
11
31.090012999999999
21
-49.8068109999999962
0
LINE
8
BLACK
6
CONTINUOUS
10
31.090012999999999
20
-49.8068109999999962
11
31.2103339999999996
21
-49.972418999999995
0
LINE
8
BLACK
6
CONTINUOUS
10
31.2103339999999996
20
-49.972418999999995
11
45.7851810000000015
21
-64.5472659999999934
0
LINE
8
BLACK
6
CONTINUOUS
10
45.7851810000000015
20
-64.5472659999999934
11
45.9507890000000003
21
-64.6675869999999975
0
LINE
8
BLACK
6
CONTINUOUS
10
45.9507890000000003
20
-64.6675869999999975
11
46.0419849999999968
21
-64.7140529999999927
0
LINE
8
BLACK
6
CONTINUOUS
10
46.0419849999999968
20
-64.7140529999999927
11
46.1331810000000004
21
-64.7605199999999996
0
LINE
8
BLACK
6
CONTINUOUS
10
46.1331810000000004
20
-64.7605199999999996
11
46.230522999999998
21
-64.7921479999999974
0
LINE
8
BLACK
6
CONTINUOUS
10
46.230522999999998
20
-64.7921479999999974
11
46.3278649999999956
21
-64.8237769999999927
0
LINE
8
BLACK
6
CONTINUOUS
10
46.3278649999999956
20
-64.8237769999999927
11
46.5300480000000007
21
-64.8558000000000021
0
LINE
8
BLACK
6
CONTINUOUS
10
46.5300480000000007
20
-64.8558000000000021
11
46.7347509999999957
21
-64.8558000000000021
0
LINE
8
BLACK
6
CONTINUOUS
10
46.7347509999999957
20
-64.8558000000000021
11
48.5358529999999959
21
-64.8558000000000021
0
LINE
8
BLACK
6
CONTINUOUS
10
48.5358529999999959
20
-64.8558000000000021
11
48.6028919999999971
21
-64.8754849999999976
0
LINE
8
BLACK
6
CONTINUOUS
10
48.6028919999999971
20
-64.8754849999999976
11
48.6486469999999969
21
-64.9282889999999924
0
LINE
8
BLACK
6
CONTINUOUS
10
48.6486469999999969
20
-64.9282889999999924
11
48.6585910000000013
21
-64.997446999999994
0
LINE
8
BLACK
6
CONTINUOUS
10
48.6585910000000013
20
-64.997446999999994
11
48.629565999999997
21
-65.0610029999999995
0
LINE
8
BLACK
6
CONTINUOUS
10
48.629565999999997
20
-65.0610029999999995
11
48.6235339999999994
21
-65.0674810000000008
0
LINE
8
BLACK
6
CONTINUOUS
10
48.6235339999999994
20
-65.0674810000000008
11
38.8738359999999972
21
-74.8171779999999984
0
LINE
8
BLACK
6
CONTINUOUS
10
38.8738359999999972
20
-74.8171779999999984
11
38.7535129999999981
21
-74.9827879999999993
0
LINE
8
BLACK
6
CONTINUOUS
10
38.7535129999999981
20
-74.9827879999999993
11
38.7070459999999983
21
-75.0739849999999933
0
LINE
8
BLACK
6
CONTINUOUS
10
38.7070459999999983
20
-75.0739849999999933
11
38.7070450000000008
21
-75.0739839999999958
0
LINE
8
BLACK
6
CONTINUOUS
10
38.7070450000000008
20
-75.0739839999999958
11
38.6605789999999985
21
-75.1651809999999898
0
LINE
8
BLACK
6
CONTINUOUS
10
38.6605789999999985
20
-75.1651809999999898
11
38.6605789999999985
21
-75.1651820000000015
0
LINE
8
BLACK
6
CONTINUOUS
10
38.6605789999999985
20
-75.1651820000000015
11
38.5973229999999958
21
-75.3598609999999951
0
LINE
8
BLACK
6
CONTINUOUS
10
38.5973229999999958
20
-75.3598609999999951
11
38.5973229999999958
21
-75.3598640000000017
0
LINE
8
BLACK
6
CONTINUOUS
10
38.5973229999999958
20
-75.3598640000000017
11
38.5653000000000006
21
-75.5620479999999901
0
LINE
8
BLACK
6
CONTINUOUS
10
38.5653000000000006
20
-75.5620479999999901
11
38.5653000000000006
21
-108.6720569999999952
0
LINE
8
BLACK
6
CONTINUOUS
10
38.5653000000000006
20
-108.6720569999999952
11
38.5946989999999985
21
-108.8576719999999938
0
LINE
8
BLACK
6
CONTINUOUS
10
38.5946989999999985
20
-108.8576719999999938
11
38.594699999999996
21
-108.8576769999999954
0
LINE
8
BLACK
6
CONTINUOUS
10
38.594699999999996
20
-108.8576769999999954
11
38.5973229999999958
21
-108.8742340000000013
0
LINE
8
BLACK
6
CONTINUOUS
10
38.5973229999999958
20
-108.8742340000000013
11
38.6605799999999959
21
-109.068918999999994
0
LINE
8
BLACK
6
CONTINUOUS
10
38.6605799999999959
20
-109.068918999999994
11
38.6863109999999963
21
-109.119417999999996
0
LINE
8
BLACK
6
CONTINUOUS
10
38.6863109999999963
20
-109.119417999999996
11
38.7535129999999981
21
-109.2513110000000012
0
LINE
8
BLACK
6
CONTINUOUS
10
38.7535129999999981
20
-109.2513110000000012
11
38.8738339999999951
21
-109.4169189999999929
0
LINE
8
BLACK
6
CONTINUOUS
10
38.8738339999999951
20
-109.4169189999999929
11
38.8738349999999997
21
-109.4169199999999904
0
LINE
8
BLACK
6
CONTINUOUS
10
38.8738349999999997
20
-109.4169199999999904
11
38.8738359999999972
21
-109.4169210000000021
0
LINE
8
BLACK
6
CONTINUOUS
10
38.8738359999999972
20
-109.4169210000000021
11
45.5925079999999951
21
-116.1355919999999884
0
LINE
8
BLACK
6
CONTINUOUS
10
45.5925079999999951
20
-116.1355919999999884
11
45.5925219999999953
21
-116.1356069999999931
0
LINE
8
BLACK
6
CONTINUOUS
10
45.5925219999999953
20
-116.1356069999999931
11
45.5956329999999994
21
-116.1387179999999972
0
LINE
8
BLACK
6
CONTINUOUS
10
45.5956329999999994
20
-116.1387179999999972
11
45.5956339999999969
21
-116.1387189999999947
0
LINE
8
BLACK
6
CONTINUOUS
10
45.5956339999999969
20
-116.1387189999999947
11
45.7403809999999993
21
-116.28346599999999
0
LINE
8
BLACK
6
CONTINUOUS
10
45.7403809999999993
20
-116.28346599999999
11
45.7403839999999988
21
-116.2834679999999992
0
LINE
8
BLACK
6
CONTINUOUS
10
45.7403839999999988
20
-116.2834679999999992
11
45.7403879999999958
21
-116.2834719999999891
0
LINE
8
BLACK
6
CONTINUOUS
10
45.7403879999999958
20
-116.2834719999999891
11
45.8905679999999947
21
-116.3925819999999902
0
LINE
8
BLACK
6
CONTINUOUS
10
45.8905679999999947
20
-116.3925819999999902
11
45.9059899999999956
21
-116.4037869999999941
0
LINE
8
BLACK
6
CONTINUOUS
10
45.9059899999999956
20
-116.4037869999999941
11
45.9928349999999995
21
-116.4480369999999994
0
LINE
8
BLACK
6
CONTINUOUS
10
45.9928349999999995
20
-116.4480369999999994
11
46.0883809999999983
21
-116.4967209999999938
0
LINE
8
BLACK
6
CONTINUOUS
10
46.0883809999999983
20
-116.4967209999999938
11
46.0883839999999978
21
-116.4967219999999912
0
LINE
8
BLACK
6
CONTINUOUS
10
46.0883839999999978
20
-116.4967219999999912
11
46.1857210000000009
21
-116.528347999999994
0
LINE
8
BLACK
6
CONTINUOUS
10
46.1857210000000009
20
-116.528347999999994
11
46.283065999999998
21
-116.5599769999999893
0
LINE
8
BLACK
6
CONTINUOUS
10
46.283065999999998
20
-116.5599769999999893
11
46.4852479999999986
21
-116.5919999999999987
0
LINE
8
BLACK
6
CONTINUOUS
10
46.4852479999999986
20
-116.5919999999999987
11
46.485248999999996
21
-116.5919999999999987
0
LINE
8
BLACK
6
CONTINUOUS
10
46.485248999999996
20
-116.5919999999999987
11
90.5464509999999905
21
-116.5919999999999987
0
LINE
8
BLACK
6
CONTINUOUS
10
90.5464509999999905
20
-116.5919999999999987
11
90.5464520000000022
21
-116.5919999999999987
0
LINE
8
BLACK
6
CONTINUOUS
10
90.5464520000000022
20
-116.5919999999999987
11
90.7486349999999931
21
-116.5599769999999893
0
LINE
8
BLACK
6
CONTINUOUS
10
90.7486349999999931
20
-116.5599769999999893
11
90.8459759999999932
21
-116.528347999999994
0
LINE
8
BLACK
6
CONTINUOUS
10
90.8459759999999932
20
-116.528347999999994
11
90.9433190000000025
21
-116.4967199999999963
0
LINE
8
BLACK
6
CONTINUOUS
10
90.9433190000000025
20
-116.4967199999999963
11
91.0345140000000015
21
-116.4502529999999894
0
LINE
8
BLACK
6
CONTINUOUS
10
91.0345140000000015
20
-116.4502529999999894
11
91.1257109999999955
21
-116.4037869999999941
0
LINE
8
BLACK
6
CONTINUOUS
10
91.1257109999999955
20
-116.4037869999999941
11
91.2913190000000014
21
-116.28346599999999
0
LINE
8
BLACK
6
CONTINUOUS
10
91.2913190000000014
20
-116.28346599999999
11
101.3227499999999992
21
-106.2520319999999998
0
LINE
8
BLACK
6
CONTINUOUS
10
101.3227499999999992
20
-106.2520319999999998
11
101.3227569999999957
21
-106.2520269999999982
0
LINE
8
BLACK
6
CONTINUOUS
10
101.3227569999999957
20
-106.2520269999999982
11
101.3298169999999914
21
-106.2449669999999884
0
LINE
8
BLACK
6
CONTINUOUS
10
101.3298169999999914
20
-106.2449669999999884
11
101.3298190000000005
21
-106.2449659999999909
0
LINE
8
BLACK
6
CONTINUOUS
10
101.3298190000000005
20
-106.2449659999999909
11
101.4745659999999958
21
-106.1002189999999956
0
LINE
8
BLACK
6
CONTINUOUS
10
101.4745659999999958
20
-106.1002189999999956
11
101.5507819999999981
21
-105.9953159999999883
0
LINE
8
BLACK
6
CONTINUOUS
10
101.5507819999999981
20
-105.9953159999999883
11
101.5948869999999999
21
-105.9346109999999896
0
LINE
8
BLACK
6
CONTINUOUS
10
101.5948869999999999
20
-105.9346109999999896
11
101.6604619999999954
21
-105.8059119999999922
0
LINE
8
BLACK
6
CONTINUOUS
10
101.6604619999999954
20
-105.8059119999999922
11
101.6878200000000021
21
-105.7522189999999966
0
LINE
8
BLACK
6
CONTINUOUS
10
101.6878200000000021
20
-105.7522189999999966
11
101.7249319999999955
21
-105.637999999999991
0
LINE
8
BLACK
6
CONTINUOUS
10
101.7249319999999955
20
-105.637999999999991
11
101.7510769999999951
21
-105.5575350000000014
0
LINE
8
BLACK
6
CONTINUOUS
10
101.7510769999999951
20
-105.5575350000000014
11
101.7830999999999904
21
-105.3553509999999989
0
LINE
8
BLACK
6
CONTINUOUS
10
101.7830999999999904
20
-105.3553509999999989
11
101.7830999999999904
21
-105.1506479999999897
0
LINE
8
BLACK
6
CONTINUOUS
10
101.7830999999999904
20
-105.1506479999999897
11
101.7830999999999904
21
-103.3714480000000009
0
LINE
8
BLACK
6
CONTINUOUS
10
101.7830999999999904
20
-103.3714480000000009
11
101.7510769999999951
21
-103.1692659999999933
0
LINE
8
BLACK
6
CONTINUOUS
10
101.7510769999999951
20
-103.1692659999999933
11
101.7247210000000024
21
-103.0881519999999938
0
LINE
8
BLACK
6
CONTINUOUS
10
101.7247210000000024
20
-103.0881519999999938
11
101.6878200000000021
21
-102.9745819999999981
0
LINE
8
BLACK
6
CONTINUOUS
10
101.6878200000000021
20
-102.9745819999999981
11
101.6878200000000021
21
-102.9745810000000006
0
LINE
8
BLACK
6
CONTINUOUS
10
101.6878200000000021
20
-102.9745810000000006
11
101.6265129999999886
21
-102.854258999999999
0
LINE
8
BLACK
6
CONTINUOUS
10
101.6265129999999886
20
-102.854258999999999
11
101.5948869999999999
21
-102.7921889999999934
0
LINE
8
BLACK
6
CONTINUOUS
10
101.5948869999999999
20
-102.7921889999999934
11
101.4745659999999958
21
-102.6265810000000016
0
LINE
8
BLACK
6
CONTINUOUS
10
101.4745659999999958
20
-102.6265810000000016
11
100.0385189999999938
21
-101.1905339999999995
0
LINE
8
BLACK
6
CONTINUOUS
10
100.0385189999999938
20
-101.1905339999999995
11
99.872911000000002
21
-101.0702129999999954
0
LINE
8
BLACK
6
CONTINUOUS
10
99.872911000000002
20
-101.0702129999999954
11
99.7817139999999938
21
-101.0237459999999885
0
LINE
8
BLACK
6
CONTINUOUS
10
99.7817139999999938
20
-101.0237459999999885
11
99.6905229999999989
21
-100.9772809999999907
0
LINE
8
BLACK
6
CONTINUOUS
10
99.6905229999999989
20
-100.9772809999999907
11
99.6429320000000018
21
-100.9618179999999938
0
LINE
8
BLACK
6
CONTINUOUS
10
99.6429320000000018
20
-100.9618179999999938
11
99.5931759999999997
21
-100.945650999999998
0
LINE
8
BLACK
6
CONTINUOUS
10
99.5931759999999997
20
-100.945650999999998
11
99.5693029999999908
21
-100.937894
0
LINE
8
BLACK
6
CONTINUOUS
10
99.5693029999999908
20
-100.937894
11
99.4958349999999996
21
-100.9140219999999886
0
LINE
8
BLACK
6
CONTINUOUS
10
99.4958349999999996
20
-100.9140219999999886
11
99.3212949999999921
21
-100.8863779999999934
0
LINE
8
BLACK
6
CONTINUOUS
10
99.3212949999999921
20
-100.8863779999999934
11
99.2936519999999945
21
-100.8819999999999908
0
LINE
8
BLACK
6
CONTINUOUS
10
99.2936519999999945
20
-100.8819999999999908
11
92.9923509999999993
21
-100.8819999999999908
0
LINE
8
BLACK
6
CONTINUOUS
10
92.9923509999999993
20
-100.8819999999999908
11
92.817545999999993
21
-100.8819999999999908
0
LINE
8
BLACK
6
CONTINUOUS
10
92.817545999999993
20
-100.8819999999999908
11
92.7505069999999989
21
-100.8623149999999953
0
LINE
8
BLACK
6
CONTINUOUS
10
92.7505069999999989
20
-100.8623149999999953
11
92.7047519999999992
21
-100.8095110000000005
0
LINE
8
BLACK
6
CONTINUOUS
10
92.7047519999999992
20
-100.8095110000000005
11
92.6948079999999948
21
-100.7403529999999989
0
LINE
8
BLACK
6
CONTINUOUS
10
92.6948079999999948
20
-100.7403529999999989
11
92.7238329999999991
21
-100.6767969999999934
0
LINE
8
BLACK
6
CONTINUOUS
10
92.7238329999999991
20
-100.6767969999999934
11
92.7298649999999895
21
-100.6703189999999921
0
LINE
8
BLACK
6
CONTINUOUS
10
92.7298649999999895
20
-100.6703189999999921
11
107.7615649999999903
21
-85.6386189999999914
0
LINE
8
BLACK
6
CONTINUOUS
10
107.7615649999999903
20
-85.6386189999999914
11
123.0849659999999943
21
-70.315218999999999
0
LINE
8
BLACK
6
CONTINUOUS
10
123.0849659999999943
20
-70.315218999999999
11
123.2052869999999984
21
-70.1496109999999931
0
LINE
8
BLACK
6
CONTINUOUS
10
123.2052869999999984
20
-70.1496109999999931
11
123.2650149999999911
21
-70.0323860000000025
0
LINE
8
BLACK
6
CONTINUOUS
10
123.2650149999999911
20
-70.0323860000000025
11
123.3129889999999875
21
-69.9815899999999971
0
LINE
8
BLACK
6
CONTINUOUS
10
123.3129889999999875
20
-69.9815899999999971
11
123.3808099999999968
21
-69.9647949999999952
0
LINE
8
BLACK
6
CONTINUOUS
10
123.3808099999999968
20
-69.9647949999999952
11
123.4469449999999995
21
-69.987331999999995
0
LINE
8
BLACK
6
CONTINUOUS
10
123.4469449999999995
20
-69.987331999999995
11
123.4903969999999873
21
-70.0420469999999966
0
LINE
8
BLACK
6
CONTINUOUS
10
123.4903969999999873
20
-70.0420469999999966
11
123.4994999999999976
21
-70.088680999999994
0
LINE
8
BLACK
6
CONTINUOUS
10
123.4994999999999976
20
-70.088680999999994
11
123.4994999999999976
21
-123.3754999999999882
0
LINE
8
BLACK
6
CONTINUOUS
10
123.4994999999999976
20
-123.3754999999999882
11
123.4798149999999879
21
-123.4425389999999965
0
LINE
8
BLACK
6
CONTINUOUS
10
123.4798149999999879
20
-123.4425389999999965
11
123.4270109999999931
21
-123.4882939999999962
0
LINE
8
BLACK
6
CONTINUOUS
10
123.4270109999999931
20
-123.4882939999999962
11
123.3754999999999882
21
-123.4994999999999976
0
LINE
8
BLACK
6
CONTINUOUS
10
123.3754999999999882
20
-123.4994999999999976
11
20.6244999999999976
21
-123.4994999999999976
0
LINE
8
BLACK
6
CONTINUOUS
10
20.6244999999999976
20
-123.4994999999999976
11
20.557461
21
-123.4798149999999879
0
LINE
8
BLACK
6
CONTINUOUS
10
20.557461
20
-123.4798149999999879
11
20.5117060000000002
21
-123.4270109999999931
0
LINE
8
BLACK
6
CONTINUOUS
10
20.5117060000000002
20
-123.4270109999999931
11
20.5004999999999988
21
-123.3754999999999882
0
LINE
8
BLACK
6
CONTINUOUS
10
20.5004999999999988
20
-123.3754999999999882
11
20.5004999999999988
21
-20.6244999999999976
0
LINE
8
BLACK
6
CONTINUOUS
10
20.5004999999999988
20
-20.6244999999999976
11
20.5201849999999979
21
-20.557461
0
LINE
8
BLACK
6
CONTINUOUS
10
20.5201849999999979
20
-20.557461
11
20.5729889999999997
21
-20.5117060000000002
0
LINE
8
BLACK
6
CONTINUOUS
10
20.5729889999999997
20
-20.5117060000000002
11
20.6244999999999976
21
-20.5004999999999988
0
LINE
8
BLACK
6
CONTINUOUS
10
20.6244999999999976
20
-20.5004999999999988
11
123.3754999999999882
21
-20.5004999999999988
0
LINE
8
BLACK
6
CONTINUOUS
10
123.3754999999999882
20
-20.5004999999999988
11
123.4425389999999965
21
-20.5201849999999979
0
LINE
8
BLACK
6
CONTINUOUS
10
61.4931479999999979
20
-35.3646770000000004
11
61.4931629999999956
21
-35.3646770000000004
0
LINE
8
BLACK
6
CONTINUOUS
10
61.4931629999999956
20
-35.3646770000000004
11
61.6192419999999998
21
-35.39846
0
LINE
8
BLACK
6
CONTINUOUS
10
61.6192419999999998
20
-35.39846
11
61.7322810000000004
21
-35.4637230000000017
0
LINE
8
BLACK
6
CONTINUOUS
10
61.7322810000000004
20
-35.4637230000000017
11
61.7322959999999981
21
-35.4637379999999993
0
LINE
8
BLACK
6
CONTINUOUS
10
61.7322959999999981
20
-35.4637379999999993
11
61.7814529999999991
21
-35.5068470000000005
0
LINE
8
BLACK
6
CONTINUOUS
10
61.7814529999999991
20
-35.5068470000000005
11
63.462106999999996
21
-37.1875
0
LINE
8
BLACK
6
CONTINUOUS
10
63.462106999999996
20
-37.1875
11
64.7050009999999958
21
-37.1875
0
LINE
8
BLACK
6
CONTINUOUS
10
64.7050009999999958
20
-37.1875
11
64.8006709999999941
21
-37.2065300000000008
0
LINE
8
BLACK
6
CONTINUOUS
10
64.8006709999999941
20
-37.2065300000000008
11
64.8817769999999996
21
-37.2607229999999987
0
LINE
8
BLACK
6
CONTINUOUS
10
64.8817769999999996
20
-37.2607229999999987
11
64.9359699999999975
21
-37.3418289999999971
0
LINE
8
BLACK
6
CONTINUOUS
10
64.9359699999999975
20
-37.3418289999999971
11
64.9549990000000008
21
-37.4375
0
LINE
8
BLACK
6
CONTINUOUS
10
64.9549990000000008
20
-37.4375
11
64.9549990000000008
21
-38.6803929999999951
0
LINE
8
BLACK
6
CONTINUOUS
10
64.9549990000000008
20
-38.6803929999999951
11
79.8852540000000033
21
-53.6106470000000002
0
LINE
8
BLACK
6
CONTINUOUS
10
79.8852540000000033
20
-53.6106470000000002
11
79.9283609999999953
21
-53.6598029999999966
0
LINE
8
BLACK
6
CONTINUOUS
10
79.9283609999999953
20
-53.6598029999999966
11
79.9283769999999976
21
-53.6598189999999988
0
LINE
8
BLACK
6
CONTINUOUS
10
79.9283769999999976
20
-53.6598189999999988
11
79.9719669999999923
21
-53.7353199999999944
0
LINE
8
BLACK
6
CONTINUOUS
10
79.9719669999999923
20
-53.7353199999999944
11
79.9936399999999992
21
-53.7728579999999994
0
LINE
8
BLACK
6
CONTINUOUS
10
79.9936399999999992
20
-53.7728579999999994
11
80.0274229999999989
21
-53.8989369999999965
0
LINE
8
BLACK
6
CONTINUOUS
10
80.0274229999999989
20
-53.8989369999999965
11
80.0274229999999989
21
-53.8989519999999942
0
LINE
8
BLACK
6
CONTINUOUS
10
80.0274229999999989
20
-53.8989519999999942
11
80.0317000000000007
21
-53.9641999999999982
0
LINE
8
BLACK
6
CONTINUOUS
10
80.0317000000000007
20
-53.9641999999999982
11
80.0317000000000007
21
-61.5578000000000003
0
LINE
8
BLACK
6
CONTINUOUS
10
80.0317000000000007
20
-61.5578000000000003
11
80.0274229999999989
21
-61.6230469999999997
0
LINE
8
BLACK
6
CONTINUOUS
10
80.0274229999999989
20
-61.6230469999999997
11
80.0274229999999989
21
-61.6230629999999948
0
LINE
8
BLACK
6
CONTINUOUS
10
80.0274229999999989
20
-61.6230629999999948
11
80.0024719999999974
21
-61.7161799999999943
0
LINE
8
BLACK
6
CONTINUOUS
10
80.0024719999999974
20
-61.7161799999999943
11
79.9936399999999992
21
-61.7491419999999991
0
LINE
8
BLACK
6
CONTINUOUS
10
79.9936399999999992
20
-61.7491419999999991
11
79.9283769999999976
21
-61.8621809999999996
0
LINE
8
BLACK
6
CONTINUOUS
10
79.9283769999999976
20
-61.8621809999999996
11
79.9283679999999919
21
-61.8621889999999937
0
LINE
8
BLACK
6
CONTINUOUS
10
79.9283679999999919
20
-61.8621889999999937
11
79.8852529999999916
21
-61.9113529999999983
0
LINE
8
BLACK
6
CONTINUOUS
10
79.8852529999999916
20
-61.9113529999999983
11
73.0100529999999992
21
-68.7865529999999978
0
LINE
8
BLACK
6
CONTINUOUS
10
73.0100529999999992
20
-68.7865529999999978
11
72.9608959999999911
21
-68.8296610000000015
0
LINE
8
BLACK
6
CONTINUOUS
10
72.9608959999999911
20
-68.8296610000000015
11
72.9608810000000005
21
-68.8296770000000038
0
LINE
8
BLACK
6
CONTINUOUS
10
72.9608810000000005
20
-68.8296770000000038
11
72.847842
21
-68.8949399999999912
0
LINE
8
BLACK
6
CONTINUOUS
10
72.847842
20
-68.8949399999999912
11
72.7217629999999957
21
-68.9287229999999909
0
LINE
8
BLACK
6
CONTINUOUS
10
72.7217629999999957
20
-68.9287229999999909
11
72.721747999999991
21
-68.9287229999999909
0
LINE
8
BLACK
6
CONTINUOUS
10
72.721747999999991
20
-68.9287229999999909
11
72.6564999999999941
21
-68.9329999999999927
0
LINE
8
BLACK
6
CONTINUOUS
10
72.6564999999999941
20
-68.9329999999999927
11
59.8866069999999979
21
-68.9329999999999927
0
LINE
8
BLACK
6
CONTINUOUS
10
59.8866069999999979
20
-68.9329999999999927
11
47.2449999999999974
21
-81.5746060000000028
0
LINE
8
BLACK
6
CONTINUOUS
10
47.2449999999999974
20
-81.5746060000000028
11
47.2449999999999974
21
-82.6174999999999926
0
LINE
8
BLACK
6
CONTINUOUS
10
47.2449999999999974
20
-82.6174999999999926
11
47.2259699999999967
21
-82.7131710000000027
0
LINE
8
BLACK
6
CONTINUOUS
10
47.2259699999999967
20
-82.7131710000000027
11
47.1717769999999987
21
-82.7942769999999939
0
LINE
8
BLACK
6
CONTINUOUS
10
47.1717769999999987
20
-82.7942769999999939
11
47.0906710000000004
21
-82.8484699999999918
0
LINE
8
BLACK
6
CONTINUOUS
10
47.0906710000000004
20
-82.8484699999999918
11
46.9949999999999974
21
-82.8674999999999926
0
LINE
8
BLACK
6
CONTINUOUS
10
46.9949999999999974
20
-82.8674999999999926
11
45.0949999999999989
21
-82.8674999999999926
0
LINE
8
BLACK
6
CONTINUOUS
10
45.0949999999999989
20
-82.8674999999999926
11
44.9993289999999959
21
-82.8484699999999918
0
LINE
8
BLACK
6
CONTINUOUS
10
44.9993289999999959
20
-82.8484699999999918
11
44.9182229999999976
21
-82.7942769999999939
0
LINE
8
BLACK
6
CONTINUOUS
10
44.9182229999999976
20
-82.7942769999999939
11
44.8640299999999996
21
-82.7131710000000027
0
LINE
8
BLACK
6
CONTINUOUS
10
44.8640299999999996
20
-82.7131710000000027
11
44.8449999999999989
21
-82.6174999999999926
0
LINE
8
BLACK
6
CONTINUOUS
10
44.8449999999999989
20
-82.6174999999999926
11
44.8449999999999989
21
-81.5174999999999983
0
LINE
8
BLACK
6
CONTINUOUS
10
44.8449999999999989
20
-81.5174999999999983
11
44.8640299999999996
21
-81.4218290000000025
0
LINE
8
BLACK
6
CONTINUOUS
10
44.8640299999999996
20
-81.4218290000000025
11
44.9182229999999976
21
-81.340722999999997
0
LINE
8
BLACK
6
CONTINUOUS
10
44.9182229999999976
20
-81.340722999999997
11
44.9993289999999959
21
-81.2865299999999991
0
LINE
8
BLACK
6
CONTINUOUS
10
44.9993289999999959
20
-81.2865299999999991
11
45.0949999999999989
21
-81.2674999999999983
0
LINE
8
BLACK
6
CONTINUOUS
10
45.0949999999999989
20
-81.2674999999999983
11
46.1378939999999957
21
-81.2674999999999983
0
LINE
8
BLACK
6
CONTINUOUS
10
46.1378939999999957
20
-81.2674999999999983
11
59.3259469999999993
21
-68.0794459999999901
0
LINE
8
BLACK
6
CONTINUOUS
10
59.3259469999999993
20
-68.0794459999999901
11
59.3751029999999957
21
-68.0363380000000006
0
LINE
8
BLACK
6
CONTINUOUS
10
59.3751029999999957
20
-68.0363380000000006
11
59.375118999999998
21
-68.0363229999999959
0
LINE
8
BLACK
6
CONTINUOUS
10
59.375118999999998
20
-68.0363229999999959
11
59.4881579999999985
21
-67.9710599999999943
0
LINE
8
BLACK
6
CONTINUOUS
10
59.4881579999999985
20
-67.9710599999999943
11
59.6142369999999957
21
-67.9372769999999946
0
LINE
8
BLACK
6
CONTINUOUS
10
59.6142369999999957
20
-67.9372769999999946
11
59.6142520000000005
21
-67.9372769999999946
0
LINE
8
BLACK
6
CONTINUOUS
10
59.6142520000000005
20
-67.9372769999999946
11
59.6794999999999973
21
-67.9329999999999927
0
LINE
8
BLACK
6
CONTINUOUS
10
59.6794999999999973
20
-67.9329999999999927
11
72.4493939999999981
21
-67.9329999999999927
0
LINE
8
BLACK
6
CONTINUOUS
10
72.4493939999999981
20
-67.9329999999999927
11
79.0317000000000007
21
-61.3506939999999972
0
LINE
8
BLACK
6
CONTINUOUS
10
79.0317000000000007
20
-61.3506939999999972
11
79.0317000000000007
21
-54.1713059999999942
0
LINE
8
BLACK
6
CONTINUOUS
10
79.0317000000000007
20
-54.1713059999999942
11
64.2478929999999906
21
-39.3874989999999983
0
LINE
8
BLACK
6
CONTINUOUS
10
64.2478929999999906
20
-39.3874989999999983
11
63.004998999999998
21
-39.3874999999999957
0
LINE
8
BLACK
6
CONTINUOUS
10
63.004998999999998
20
-39.3874999999999957
11
62.9093289999999996
21
-39.368469999999995
0
LINE
8
BLACK
6
CONTINUOUS
10
62.9093289999999996
20
-39.368469999999995
11
62.8282229999999942
21
-39.314276999999997
0
LINE
8
BLACK
6
CONTINUOUS
10
62.8282229999999942
20
-39.314276999999997
11
62.7740299999999962
21
-39.2331709999999987
0
LINE
8
BLACK
6
CONTINUOUS
10
62.7740299999999962
20
-39.2331709999999987
11
62.755001
21
-39.1374999999999957
0
LINE
8
BLACK
6
CONTINUOUS
10
62.755001
20
-39.1374999999999957
11
62.7549999999999955
21
-37.894605999999996
0
LINE
8
BLACK
6
CONTINUOUS
10
62.7549999999999955
20
-37.894605999999996
11
61.2207939999999979
21
-36.3603999999999985
0
LINE
8
BLACK
6
CONTINUOUS
10
61.2207939999999979
20
-36.3603999999999985
11
55.3261059999999958
21
-36.3603999999999985
0
LINE
8
BLACK
6
CONTINUOUS
10
55.3261059999999958
20
-36.3603999999999985
11
54.1774999999999949
21
-37.5090059999999994
0
LINE
8
BLACK
6
CONTINUOUS
10
54.1774999999999949
20
-37.5090059999999994
11
54.1774999999999949
21
-61.8526999999999987
0
LINE
8
BLACK
6
CONTINUOUS
10
54.1774999999999949
20
-61.8526999999999987
11
54.1732230000000001
21
-61.9179469999999981
0
LINE
8
BLACK
6
CONTINUOUS
10
54.1732230000000001
20
-61.9179469999999981
11
54.1732230000000001
21
-61.9179630000000003
0
LINE
8
BLACK
6
CONTINUOUS
10
54.1732230000000001
20
-61.9179630000000003
11
54.1491179999999943
21
-62.0079229999999981
0
LINE
8
BLACK
6
CONTINUOUS
10
54.1491179999999943
20
-62.0079229999999981
11
54.1394400000000005
21
-62.0440419999999975
0
LINE
8
BLACK
6
CONTINUOUS
10
54.1394400000000005
20
-62.0440419999999975
11
54.0741769999999988
21
-62.157080999999998
0
LINE
8
BLACK
6
CONTINUOUS
10
54.0741769999999988
20
-62.157080999999998
11
54.0741680000000002
21
-62.1570889999999991
0
LINE
8
BLACK
6
CONTINUOUS
10
54.0741680000000002
20
-62.1570889999999991
11
54.031053
21
-62.2062539999999942
0
LINE
8
BLACK
6
CONTINUOUS
10
54.031053
20
-62.2062539999999942
11
40.3658000000000001
21
-75.8715059999999966
0
LINE
8
BLACK
6
CONTINUOUS
10
40.3658000000000001
20
-75.8715059999999966
11
40.3658000000000001
21
-108.3625929999999897
0
LINE
8
BLACK
6
CONTINUOUS
10
40.3658000000000001
20
-108.3625929999999897
11
46.7947069999999954
21
-114.7914999999999992
0
LINE
8
BLACK
6
CONTINUOUS
10
46.7947069999999954
20
-114.7914999999999992
11
90.2369939999999957
21
-114.7914999999999992
0
LINE
8
BLACK
6
CONTINUOUS
10
90.2369939999999957
20
-114.7914999999999992
11
99.9825999999999908
21
-105.0458939999999899
0
LINE
8
BLACK
6
CONTINUOUS
10
99.9825999999999908
20
-105.0458939999999899
11
99.9825999999999908
21
-103.6809059999999931
0
LINE
8
BLACK
6
CONTINUOUS
10
99.9825999999999908
20
-103.6809059999999931
11
98.9841940000000022
21
-102.6824999999999903
0
LINE
8
BLACK
6
CONTINUOUS
10
98.9841940000000022
20
-102.6824999999999903
11
93.0971069999999941
21
-102.6824999999999903
0
LINE
8
BLACK
6
CONTINUOUS
10
93.0971069999999941
20
-102.6824999999999903
11
91.5293839999999932
21
-104.2502209999999963
0
LINE
8
BLACK
6
CONTINUOUS
10
91.5293839999999932
20
-104.2502209999999963
11
91.5311480000000017
21
-104.2590859999999964
0
LINE
8
BLACK
6
CONTINUOUS
10
91.5311480000000017
20
-104.2590859999999964
11
91.5311480000000017
21
-104.4159140000000008
0
LINE
8
BLACK
6
CONTINUOUS
10
91.5311480000000017
20
-104.4159140000000008
11
91.500551999999999
21
-104.5697279999999978
0
LINE
8
BLACK
6
CONTINUOUS
10
91.500551999999999
20
-104.5697279999999978
11
91.440536999999992
21
-104.7146169999999898
0
LINE
8
BLACK
6
CONTINUOUS
10
91.440536999999992
20
-104.7146169999999898
11
91.3534080000000017
21
-104.8450149999999894
0
LINE
8
BLACK
6
CONTINUOUS
10
91.3534080000000017
20
-104.8450149999999894
11
91.2425149999999974
21
-104.9559079999999938
0
LINE
8
BLACK
6
CONTINUOUS
10
91.2425149999999974
20
-104.9559079999999938
11
91.1121169999999978
21
-105.0430369999999982
0
LINE
8
BLACK
6
CONTINUOUS
10
91.1121169999999978
20
-105.0430369999999982
11
90.9672279999999915
21
-105.103051999999991
0
LINE
8
BLACK
6
CONTINUOUS
10
90.9672279999999915
20
-105.103051999999991
11
90.8134139999999945
21
-105.1336479999999938
0
LINE
8
BLACK
6
CONTINUOUS
10
90.8134139999999945
20
-105.1336479999999938
11
90.6565859999999901
21
-105.1336479999999938
0
LINE
8
BLACK
6
CONTINUOUS
10
90.6565859999999901
20
-105.1336479999999938
11
90.5027719999999931
21
-105.103051999999991
0
LINE
8
BLACK
6
CONTINUOUS
10
90.5027719999999931
20
-105.103051999999991
11
90.3578830000000011
21
-105.0430369999999982
0
LINE
8
BLACK
6
CONTINUOUS
10
90.3578830000000011
20
-105.0430369999999982
11
90.2274850000000015
21
-104.9559079999999938
0
LINE
8
BLACK
6
CONTINUOUS
10
90.2274850000000015
20
-104.9559079999999938
11
90.1165919999999971
21
-104.8450149999999894
0
LINE
8
BLACK
6
CONTINUOUS
10
90.1165919999999971
20
-104.8450149999999894
11
90.0294629999999927
21
-104.7146169999999898
0
LINE
8
BLACK
6
CONTINUOUS
10
90.0294629999999927
20
-104.7146169999999898
11
89.9694479999999999
21
-104.5697279999999978
0
LINE
8
BLACK
6
CONTINUOUS
10
89.9694479999999999
20
-104.5697279999999978
11
89.9388519999999971
21
-104.4159140000000008
0
LINE
8
BLACK
6
CONTINUOUS
10
89.9388519999999971
20
-104.4159140000000008
11
89.9388519999999971
21
-104.2590859999999964
0
LINE
8
BLACK
6
CONTINUOUS
10
89.9388519999999971
20
-104.2590859999999964
11
89.9694479999999999
21
-104.1052719999999994
0
LINE
8
BLACK
6
CONTINUOUS
10
89.9694479999999999
20
-104.1052719999999994
11
90.0294629999999927
21
-103.9603829999999931
0
LINE
8
BLACK
6
CONTINUOUS
10
90.0294629999999927
20
-103.9603829999999931
11
90.1165919999999971
21
-103.8299849999999935
0
LINE
8
BLACK
6
CONTINUOUS
10
90.1165919999999971
20
-103.8299849999999935
11
90.2274850000000015
21
-103.7190919999999892
0
LINE
8
BLACK
6
CONTINUOUS
10
90.2274850000000015
20
-103.7190919999999892
11
90.3578830000000011
21
-103.6319629999999989
0
LINE
8
BLACK
6
CONTINUOUS
10
90.3578830000000011
20
-103.6319629999999989
11
90.5027719999999931
21
-103.5719479999999919
0
LINE
8
BLACK
6
CONTINUOUS
10
90.5027719999999931
20
-103.5719479999999919
11
90.6565859999999901
21
-103.5413519999999892
0
LINE
8
BLACK
6
CONTINUOUS
10
90.6565859999999901
20
-103.5413519999999892
11
90.8134139999999945
21
-103.5413519999999892
0
LINE
8
BLACK
6
CONTINUOUS
10
90.8134139999999945
20
-103.5413519999999892
11
90.8222779999999972
21
-103.5431150000000002
0
LINE
8
BLACK
6
CONTINUOUS
10
90.8222779999999972
20
-103.5431150000000002
11
92.536445999999998
21
-101.8289469999999994
0
LINE
8
BLACK
6
CONTINUOUS
10
92.536445999999998
20
-101.8289469999999994
11
92.5856100000000026
21
-101.7858310000000017
0
LINE
8
BLACK
6
CONTINUOUS
10
92.5856100000000026
20
-101.7858310000000017
11
92.5856189999999941
21
-101.7858229999999935
0
LINE
8
BLACK
6
CONTINUOUS
10
92.5856189999999941
20
-101.7858229999999935
11
92.6986579999999947
21
-101.7205599999999919
0
LINE
8
BLACK
6
CONTINUOUS
10
92.6986579999999947
20
-101.7205599999999919
11
92.8247369999999989
21
-101.6867769999999922
0
LINE
8
BLACK
6
CONTINUOUS
10
92.8247369999999989
20
-101.6867769999999922
11
92.8247519999999895
21
-101.6867769999999922
0
LINE
8
BLACK
6
CONTINUOUS
10
92.8247519999999895
20
-101.6867769999999922
11
92.8900000000000006
21
-101.6824999999999903
0
LINE
8
BLACK
6
CONTINUOUS
10
92.8900000000000006
20
-101.6824999999999903
11
99.1912999999999982
21
-101.6824999999999903
0
LINE
8
BLACK
6
CONTINUOUS
10
99.1912999999999982
20
-101.6824999999999903
11
99.2565479999999951
21
-101.6867769999999922
0
LINE
8
BLACK
6
CONTINUOUS
10
99.2565479999999951
20
-101.6867769999999922
11
99.2565629999999999
21
-101.6867769999999922
0
LINE
8
BLACK
6
CONTINUOUS
10
99.2565629999999999
20
-101.6867769999999922
11
99.3826419999999899
21
-101.7205599999999919
0
LINE
8
BLACK
6
CONTINUOUS
10
99.3826419999999899
20
-101.7205599999999919
11
99.4956809999999905
21
-101.7858229999999935
0
LINE
8
BLACK
6
CONTINUOUS
10
99.4956809999999905
20
-101.7858229999999935
11
99.4956959999999953
21
-101.7858379999999983
0
LINE
8
BLACK
6
CONTINUOUS
10
99.4956959999999953
20
-101.7858379999999983
11
99.5448529999999892
21
-101.8289469999999994
0
LINE
8
BLACK
6
CONTINUOUS
10
99.5448529999999892
20
-101.8289469999999994
11
100.8361529999999959
21
-103.120246999999992
0
LINE
8
BLACK
6
CONTINUOUS
10
100.8361529999999959
20
-103.120246999999992
11
100.8792609999999996
21
-103.1694029999999884
0
LINE
8
BLACK
6
CONTINUOUS
10
100.8792609999999996
20
-103.1694029999999884
11
100.8792770000000019
21
-103.1694189999999907
0
LINE
8
BLACK
6
CONTINUOUS
10
100.8792770000000019
20
-103.1694189999999907
11
100.940417999999994
21
-103.2753189999999961
0
LINE
8
BLACK
6
CONTINUOUS
10
100.940417999999994
20
-103.2753189999999961
11
100.9445399999999893
21
-103.2824579999999912
0
LINE
8
BLACK
6
CONTINUOUS
10
100.9445399999999893
20
-103.2824579999999912
11
100.978322999999989
21
-103.4085369999999955
0
LINE
8
BLACK
6
CONTINUOUS
10
100.978322999999989
20
-103.4085369999999955
11
100.978322999999989
21
-103.4085520000000002
0
LINE
8
BLACK
6
CONTINUOUS
10
100.978322999999989
20
-103.4085520000000002
11
100.9825999999999908
21
-103.4737999999999971
0
LINE
8
BLACK
6
CONTINUOUS
10
100.9825999999999908
20
-103.4737999999999971
11
100.9825999999999908
21
-105.2530000000000001
0
LINE
8
BLACK
6
CONTINUOUS
10
100.9825999999999908
20
-105.2530000000000001
11
100.978322999999989
21
-105.3182469999999995
0
LINE
8
BLACK
6
CONTINUOUS
10
100.978322999999989
20
-105.3182469999999995
11
100.978322999999989
21
-105.3182630000000017
0
LINE
8
BLACK
6
CONTINUOUS
10
100.978322999999989
20
-105.3182630000000017
11
100.948451999999989
21
-105.4297419999999903
0
LINE
8
BLACK
6
CONTINUOUS
10
100.948451999999989
20
-105.4297419999999903
11
100.9445399999999893
21
-105.4443419999999918
0
LINE
8
BLACK
6
CONTINUOUS
10
100.9445399999999893
20
-105.4443419999999918
11
100.8792770000000019
21
-105.5573809999999924
0
LINE
8
BLACK
6
CONTINUOUS
10
100.8792770000000019
20
-105.5573809999999924
11
100.8792609999999996
21
-105.5573959999999971
0
LINE
8
BLACK
6
CONTINUOUS
10
100.8792609999999996
20
-105.5573959999999971
11
100.8361529999999959
21
-105.606552999999991
0
LINE
8
BLACK
6
CONTINUOUS
10
100.8361529999999959
20
-105.606552999999991
11
90.7976529999999968
21
-115.6450529999999901
0
LINE
8
BLACK
6
CONTINUOUS
10
90.7976529999999968
20
-115.6450529999999901
11
90.7484960000000029
21
-115.6881609999999938
0
LINE
8
BLACK
6
CONTINUOUS
10
90.7484960000000029
20
-115.6881609999999938
11
90.7484809999999982
21
-115.688176999999996
0
LINE
8
BLACK
6
CONTINUOUS
10
90.7484809999999982
20
-115.688176999999996
11
90.6354419999999976
21
-115.7534399999999977
0
LINE
8
BLACK
6
CONTINUOUS
10
90.6354419999999976
20
-115.7534399999999977
11
90.5093629999999933
21
-115.7872229999999973
0
LINE
8
BLACK
6
CONTINUOUS
10
90.5093629999999933
20
-115.7872229999999973
11
90.5093480000000028
21
-115.7872229999999973
0
LINE
8
BLACK
6
CONTINUOUS
10
90.5093480000000028
20
-115.7872229999999973
11
90.4440999999999917
21
-115.7914999999999992
0
LINE
8
BLACK
6
CONTINUOUS
10
90.4440999999999917
20
-115.7914999999999992
11
46.5875999999999948
21
-115.7914999999999992
0
LINE
8
BLACK
6
CONTINUOUS
10
46.5875999999999948
20
-115.7914999999999992
11
46.5223519999999979
21
-115.7872229999999973
0
LINE
8
BLACK
6
CONTINUOUS
10
46.5223519999999979
20
-115.7872229999999973
11
46.5223370000000003
21
-115.7872229999999973
0
LINE
8
BLACK
6
CONTINUOUS
10
46.5223370000000003
20
-115.7872229999999973
11
46.422900999999996
21
-115.7605789999999928
0
LINE
8
BLACK
6
CONTINUOUS
10
46.422900999999996
20
-115.7605789999999928
11
46.396257999999996
21
-115.7534399999999977
0
LINE
8
BLACK
6
CONTINUOUS
10
46.396257999999996
20
-115.7534399999999977
11
46.2832189999999954
21
-115.688176999999996
0
LINE
8
BLACK
6
CONTINUOUS
10
46.2832189999999954
20
-115.688176999999996
11
46.2832030000000003
21
-115.6881609999999938
0
LINE
8
BLACK
6
CONTINUOUS
10
46.2832030000000003
20
-115.6881609999999938
11
46.2340469999999968
21
-115.6450540000000018
0
LINE
8
BLACK
6
CONTINUOUS
10
46.2340469999999968
20
-115.6450540000000018
11
39.512246999999995
21
-108.9232529999999883
0
LINE
8
BLACK
6
CONTINUOUS
10
39.512246999999995
20
-108.9232529999999883
11
39.4691380000000009
21
-108.8740959999999944
0
LINE
8
BLACK
6
CONTINUOUS
10
39.4691380000000009
20
-108.8740959999999944
11
39.4691229999999962
21
-108.8740809999999897
0
LINE
8
BLACK
6
CONTINUOUS
10
39.4691229999999962
20
-108.8740809999999897
11
39.4038600000000017
21
-108.7610419999999891
0
LINE
8
BLACK
6
CONTINUOUS
10
39.4038600000000017
20
-108.7610419999999891
11
39.396651999999996
21
-108.7341399999999965
0
LINE
8
BLACK
6
CONTINUOUS
10
39.396651999999996
20
-108.7341399999999965
11
39.3700769999999949
21
-108.6349629999999991
0
LINE
8
BLACK
6
CONTINUOUS
10
39.3700769999999949
20
-108.6349629999999991
11
39.3700769999999949
21
-108.6349469999999968
0
LINE
8
BLACK
6
CONTINUOUS
10
39.3700769999999949
20
-108.6349469999999968
11
39.3658000000000001
21
-108.5696999999999974
0
LINE
8
BLACK
6
CONTINUOUS
10
39.3658000000000001
20
-108.5696999999999974
11
39.3658000000000001
21
-75.6644000000000005
0
LINE
8
BLACK
6
CONTINUOUS
10
39.3658000000000001
20
-75.6644000000000005
11
39.3700769999999949
21
-75.5991520000000037
0
LINE
8
BLACK
6
CONTINUOUS
10
39.3700769999999949
20
-75.5991520000000037
11
39.3700769999999949
21
-75.5991369999999989
0
LINE
8
BLACK
6
CONTINUOUS
10
39.3700769999999949
20
-75.5991369999999989
11
39.4038600000000017
21
-75.4730579999999946
0
LINE
8
BLACK
6
CONTINUOUS
10
39.4038600000000017
20
-75.4730579999999946
11
39.4691229999999962
21
-75.3600189999999941
0
LINE
8
BLACK
6
CONTINUOUS
10
39.4691229999999962
20
-75.3600189999999941
11
39.4691380000000009
21
-75.3600029999999919
0
LINE
8
BLACK
6
CONTINUOUS
10
39.4691380000000009
20
-75.3600029999999919
11
39.512246999999995
21
-75.3108469999999954
0
LINE
8
BLACK
6
CONTINUOUS
10
39.512246999999995
20
-75.3108469999999954
11
53.1774999999999949
21
-61.6455929999999981
0
LINE
8
BLACK
6
CONTINUOUS
10
53.1774999999999949
20
-61.6455929999999981
11
53.1774999999999949
21
-37.3018999999999963
0
LINE
8
BLACK
6
CONTINUOUS
10
53.1774999999999949
20
-37.3018999999999963
11
53.1817769999999967
21
-37.2366519999999994
0
LINE
8
BLACK
6
CONTINUOUS
10
53.1817769999999967
20
-37.2366519999999994
11
53.1817769999999967
21
-37.2366370000000018
0
LINE
8
BLACK
6
CONTINUOUS
10
53.1817769999999967
20
-37.2366370000000018
11
53.2155599999999964
21
-37.1105579999999975
0
LINE
8
BLACK
6
CONTINUOUS
10
53.2155599999999964
20
-37.1105579999999975
11
53.2335489999999965
21
-37.0793999999999997
0
LINE
8
BLACK
6
CONTINUOUS
10
53.2335489999999965
20
-37.0793999999999997
11
53.280822999999998
21
-36.9975189999999969
0
LINE
8
BLACK
6
CONTINUOUS
10
53.280822999999998
20
-36.9975189999999969
11
53.2808379999999957
21
-36.9975030000000018
0
LINE
8
BLACK
6
CONTINUOUS
10
53.2808379999999957
20
-36.9975030000000018
11
53.3239469999999969
21
-36.9483469999999983
0
LINE
8
BLACK
6
CONTINUOUS
10
53.3239469999999969
20
-36.9483469999999983
11
54.7654469999999947
21
-35.5068470000000005
0
LINE
8
BLACK
6
CONTINUOUS
10
54.7654469999999947
20
-35.5068470000000005
11
54.8146029999999982
21
-35.4637379999999993
0
LINE
8
BLACK
6
CONTINUOUS
10
54.8146029999999982
20
-35.4637379999999993
11
54.8146190000000004
21
-35.4637230000000017
0
LINE
8
BLACK
6
CONTINUOUS
10
54.8146190000000004
20
-35.4637230000000017
11
54.927658000000001
21
-35.39846
0
LINE
8
BLACK
6
CONTINUOUS
10
54.927658000000001
20
-35.39846
11
55.0537369999999981
21
-35.3646770000000004
0
LINE
8
BLACK
6
CONTINUOUS
10
55.0537369999999981
20
-35.3646770000000004
11
55.0537519999999958
21
-35.3646770000000004
0
LINE
8
BLACK
6
CONTINUOUS
10
55.0537519999999958
20
-35.3646770000000004
11
55.1189999999999998
21
-35.3603999999999985
0
LINE
8
BLACK
6
CONTINUOUS
10
55.1189999999999998
20
-35.3603999999999985
11
61.427899999999994
21
-35.3603999999999985
0
LINE
8
BLACK
6
CONTINUOUS
10
61.427899999999994
20
-35.3603999999999985
11
61.4931479999999979
21
-35.3646770000000004
0
LINE
8
BLACK
6
CONTINUOUS
10
98.5872279999999961
20
-103.5719479999999919
11
98.7321170000000023
21
-103.6319629999999989
0
LINE
8
BLACK
6
CONTINUOUS
10
98.7321170000000023
20
-103.6319629999999989
11
98.8625150000000019
21
-103.7190919999999892
0
LINE
8
BLACK
6
CONTINUOUS
10
98.8625150000000019
20
-103.7190919999999892
11
98.9734079999999921
21
-103.8299849999999935
0
LINE
8
BLACK
6
CONTINUOUS
10
98.9734079999999921
20
-103.8299849999999935
11
99.0605369999999965
21
-103.9603829999999931
0
LINE
8
BLACK
6
CONTINUOUS
10
99.0605369999999965
20
-103.9603829999999931
11
99.1205519999999893
21
-104.1052719999999994
0
LINE
8
BLACK
6
CONTINUOUS
10
99.1205519999999893
20
-104.1052719999999994
11
99.1511479999999921
21
-104.2590859999999964
0
LINE
8
BLACK
6
CONTINUOUS
10
99.1511479999999921
20
-104.2590859999999964
11
99.1511479999999921
21
-104.4159140000000008
0
LINE
8
BLACK
6
CONTINUOUS
10
99.1511479999999921
20
-104.4159140000000008
11
99.1205519999999893
21
-104.5697279999999978
0
LINE
8
BLACK
6
CONTINUOUS
10
99.1205519999999893
20
-104.5697279999999978
11
99.0605369999999965
21
-104.7146169999999898
0
LINE
8
BLACK
6
CONTINUOUS
10
99.0605369999999965
20
-104.7146169999999898
11
98.9734079999999921
21
-104.8450149999999894
0
LINE
8
BLACK
6
CONTINUOUS
10
98.9734079999999921
20
-104.8450149999999894
11
98.8625150000000019
21
-104.9559079999999938
0
LINE
8
BLACK
6
CONTINUOUS
10
98.8625150000000019
20
-104.9559079999999938
11
98.7321170000000023
21
-105.0430369999999982
0
LINE
8
BLACK
6
CONTINUOUS
10
98.7321170000000023
20
-105.0430369999999982
11
98.5872279999999961
21
-105.103051999999991
0
LINE
8
BLACK
6
CONTINUOUS
10
98.5872279999999961
20
-105.103051999999991
11
98.4334139999999991
21
-105.1336479999999938
0
LINE
8
BLACK
6
CONTINUOUS
10
98.4334139999999991
20
-105.1336479999999938
11
98.2765859999999947
21
-105.1336479999999938
0
LINE
8
BLACK
6
CONTINUOUS
10
98.2765859999999947
20
-105.1336479999999938
11
98.267721999999992
21
-105.1318839999999994
0
LINE
8
BLACK
6
CONTINUOUS
10
98.267721999999992
20
-105.1318839999999994
11
89.5562529999999981
21
-113.8433529999999934
0
LINE
8
BLACK
6
CONTINUOUS
10
89.5562529999999981
20
-113.8433529999999934
11
89.50709599999999
21
-113.8864609999999971
0
LINE
8
BLACK
6
CONTINUOUS
10
89.50709599999999
20
-113.8864609999999971
11
89.5070809999999994
21
-113.8864769999999993
0
LINE
8
BLACK
6
CONTINUOUS
10
89.5070809999999994
20
-113.8864769999999993
11
89.3940419999999989
21
-113.9517400000000009
0
LINE
8
BLACK
6
CONTINUOUS
10
89.3940419999999989
20
-113.9517400000000009
11
89.2679629999999946
21
-113.9855230000000006
0
LINE
8
BLACK
6
CONTINUOUS
10
89.2679629999999946
20
-113.9855230000000006
11
89.2679479999999899
21
-113.9855230000000006
0
LINE
8
BLACK
6
CONTINUOUS
10
89.2679479999999899
20
-113.9855230000000006
11
89.202699999999993
21
-113.9897999999999882
0
LINE
8
BLACK
6
CONTINUOUS
10
89.202699999999993
20
-113.9897999999999882
11
47.7972999999999999
21
-113.9897999999999882
0
LINE
8
BLACK
6
CONTINUOUS
10
47.7972999999999999
20
-113.9897999999999882
11
47.7320519999999959
21
-113.9855230000000006
0
LINE
8
BLACK
6
CONTINUOUS
10
47.7320519999999959
20
-113.9855230000000006
11
47.7320369999999983
21
-113.9855230000000006
0
LINE
8
BLACK
6
CONTINUOUS
10
47.7320369999999983
20
-113.9855230000000006
11
47.6059580000000011
21
-113.9517400000000009
0
LINE
8
BLACK
6
CONTINUOUS
10
47.6059580000000011
20
-113.9517400000000009
11
47.4929190000000006
21
-113.8864769999999993
0
LINE
8
BLACK
6
CONTINUOUS
10
47.4929190000000006
20
-113.8864769999999993
11
47.4929029999999983
21
-113.8864609999999971
0
LINE
8
BLACK
6
CONTINUOUS
10
47.4929029999999983
20
-113.8864609999999971
11
47.4437469999999948
21
-113.8433529999999934
0
LINE
8
BLACK
6
CONTINUOUS
10
47.4437469999999948
20
-113.8433529999999934
11
45.7322780000000009
21
-112.1318839999999994
0
LINE
8
BLACK
6
CONTINUOUS
10
45.7322780000000009
20
-112.1318839999999994
11
45.7234139999999982
21
-112.1336479999999938
0
LINE
8
BLACK
6
CONTINUOUS
10
45.7234139999999982
20
-112.1336479999999938
11
45.5665860000000009
21
-112.1336479999999938
0
LINE
8
BLACK
6
CONTINUOUS
10
45.5665860000000009
20
-112.1336479999999938
11
45.4127719999999968
21
-112.103051999999991
0
LINE
8
BLACK
6
CONTINUOUS
10
45.4127719999999968
20
-112.103051999999991
11
45.2678829999999977
21
-112.0430369999999982
0
LINE
8
BLACK
6
CONTINUOUS
10
45.2678829999999977
20
-112.0430369999999982
11
45.1374849999999981
21
-111.9559079999999938
0
LINE
8
BLACK
6
CONTINUOUS
10
45.1374849999999981
20
-111.9559079999999938
11
45.0265920000000008
21
-111.8450149999999894
0
LINE
8
BLACK
6
CONTINUOUS
10
45.0265920000000008
20
-111.8450149999999894
11
44.9394629999999964
21
-111.7146169999999898
0
LINE
8
BLACK
6
CONTINUOUS
10
44.9394629999999964
20
-111.7146169999999898
11
44.8794479999999965
21
-111.5697279999999978
0
LINE
8
BLACK
6
CONTINUOUS
10
44.8794479999999965
20
-111.5697279999999978
11
44.8488520000000008
21
-111.4159140000000008
0
LINE
8
BLACK
6
CONTINUOUS
10
44.8488520000000008
20
-111.4159140000000008
11
44.8488520000000008
21
-111.2590859999999964
0
LINE
8
BLACK
6
CONTINUOUS
10
44.8488520000000008
20
-111.2590859999999964
11
44.8794479999999965
21
-111.1052719999999994
0
LINE
8
BLACK
6
CONTINUOUS
10
44.8794479999999965
20
-111.1052719999999994
11
44.9394629999999964
21
-110.9603829999999931
0
LINE
8
BLACK
6
CONTINUOUS
10
44.9394629999999964
20
-110.9603829999999931
11
45.0265920000000008
21
-110.8299849999999935
0
LINE
8
BLACK
6
CONTINUOUS
10
45.0265920000000008
20
-110.8299849999999935
11
45.1374849999999981
21
-110.7190919999999892
0
LINE
8
BLACK
6
CONTINUOUS
10
45.1374849999999981
20
-110.7190919999999892
11
45.144999999999996
21
-110.7140699999999924
0
LINE
8
BLACK
6
CONTINUOUS
10
45.144999999999996
20
-110.7140699999999924
11
45.144999999999996
21
-109.2492000000000019
0
LINE
8
BLACK
6
CONTINUOUS
10
45.144999999999996
20
-109.2492000000000019
11
45.1492769999999979
21
-109.1839519999999908
0
LINE
8
BLACK
6
CONTINUOUS
10
45.1492769999999979
20
-109.1839519999999908
11
45.1492769999999979
21
-109.1839370000000002
0
LINE
8
BLACK
6
CONTINUOUS
10
45.1492769999999979
20
-109.1839370000000002
11
45.1830599999999976
21
-109.057857999999996
0
LINE
8
BLACK
6
CONTINUOUS
10
45.1830599999999976
20
-109.057857999999996
11
45.1981970000000004
21
-109.0316399999999959
0
LINE
8
BLACK
6
CONTINUOUS
10
45.1981970000000004
20
-109.0316399999999959
11
45.2483229999999992
21
-108.9448189999999954
0
LINE
8
BLACK
6
CONTINUOUS
10
45.2483229999999992
20
-108.9448189999999954
11
45.2483379999999968
21
-108.9448029999999932
0
LINE
8
BLACK
6
CONTINUOUS
10
45.2483379999999968
20
-108.9448029999999932
11
45.291446999999998
21
-108.8956469999999968
0
LINE
8
BLACK
6
CONTINUOUS
10
45.291446999999998
20
-108.8956469999999968
11
46.8049999999999997
21
-107.3820929999999976
0
LINE
8
BLACK
6
CONTINUOUS
10
46.8049999999999997
20
-107.3820929999999976
11
46.8049999999999997
21
-106.2874999999999943
0
LINE
8
BLACK
6
CONTINUOUS
10
46.8049999999999997
20
-106.2874999999999943
11
46.4549999999999983
21
-106.2874999999999943
0
LINE
8
BLACK
6
CONTINUOUS
10
46.4549999999999983
20
-106.2874999999999943
11
46.4549999999999983
21
-104.2874999999999943
0
LINE
8
BLACK
6
CONTINUOUS
10
46.4549999999999983
20
-104.2874999999999943
11
48.1550000000000011
21
-104.2874999999999943
0
LINE
8
BLACK
6
CONTINUOUS
10
48.1550000000000011
20
-104.2874999999999943
11
48.1550000000000011
21
-106.2874999999999943
0
LINE
8
BLACK
6
CONTINUOUS
10
48.1550000000000011
20
-106.2874999999999943
11
47.8049999999999997
21
-106.2874999999999943
0
LINE
8
BLACK
6
CONTINUOUS
10
47.8049999999999997
20
-106.2874999999999943
11
47.8049999999999997
21
-107.5891999999999911
0
LINE
8
BLACK
6
CONTINUOUS
10
47.8049999999999997
20
-107.5891999999999911
11
47.8007229999999979
21
-107.6544469999999905
0
LINE
8
BLACK
6
CONTINUOUS
10
47.8007229999999979
20
-107.6544469999999905
11
47.8007229999999979
21
-107.6544629999999927
0
LINE
8
BLACK
6
CONTINUOUS
10
47.8007229999999979
20
-107.6544629999999927
11
47.7907849999999996
21
-107.6915509999999898
0
LINE
8
BLACK
6
CONTINUOUS
10
47.7907849999999996
20
-107.6915509999999898
11
47.7669399999999982
21
-107.780541999999997
0
LINE
8
BLACK
6
CONTINUOUS
10
47.7669399999999982
20
-107.780541999999997
11
47.7016769999999966
21
-107.8935809999999975
0
LINE
8
BLACK
6
CONTINUOUS
10
47.7016769999999966
20
-107.8935809999999975
11
47.7016689999999954
21
-107.8935879999999941
0
LINE
8
BLACK
6
CONTINUOUS
10
47.7016689999999954
20
-107.8935879999999941
11
47.6585539999999952
21
-107.9427529999999962
0
LINE
8
BLACK
6
CONTINUOUS
10
47.6585539999999952
20
-107.9427529999999962
11
46.144999999999996
21
-109.4563059999999979
0
LINE
8
BLACK
6
CONTINUOUS
10
46.144999999999996
20
-109.4563059999999979
11
46.144999999999996
21
-110.7140699999999924
0
LINE
8
BLACK
6
CONTINUOUS
10
46.144999999999996
20
-110.7140699999999924
11
46.1525150000000011
21
-110.7190919999999892
0
LINE
8
BLACK
6
CONTINUOUS
10
46.1525150000000011
20
-110.7190919999999892
11
46.2634079999999983
21
-110.8299849999999935
0
LINE
8
BLACK
6
CONTINUOUS
10
46.2634079999999983
20
-110.8299849999999935
11
46.3505369999999957
21
-110.9603829999999931
0
LINE
8
BLACK
6
CONTINUOUS
10
46.3505369999999957
20
-110.9603829999999931
11
46.4105519999999956
21
-111.1052719999999994
0
LINE
8
BLACK
6
CONTINUOUS
10
46.4105519999999956
20
-111.1052719999999994
11
46.4411479999999983
21
-111.2590859999999964
0
LINE
8
BLACK
6
CONTINUOUS
10
46.4411479999999983
20
-111.2590859999999964
11
46.4411479999999983
21
-111.4159140000000008
0
LINE
8
BLACK
6
CONTINUOUS
10
46.4411479999999983
20
-111.4159140000000008
11
46.4393839999999969
21
-111.4247779999999892
0
LINE
8
BLACK
6
CONTINUOUS
10
46.4393839999999969
20
-111.4247779999999892
11
48.0044059999999959
21
-112.9897999999999882
0
LINE
8
BLACK
6
CONTINUOUS
10
48.0044059999999959
20
-112.9897999999999882
11
88.995593999999997
21
-112.9897999999999882
0
LINE
8
BLACK
6
CONTINUOUS
10
88.995593999999997
20
-112.9897999999999882
11
97.5606149999999985
21
-104.4247769999999917
0
LINE
8
BLACK
6
CONTINUOUS
10
97.5606149999999985
20
-104.4247769999999917
11
97.5588520000000017
21
-104.4159140000000008
0
LINE
8
BLACK
6
CONTINUOUS
10
97.5588520000000017
20
-104.4159140000000008
11
97.5588520000000017
21
-104.2590859999999964
0
LINE
8
BLACK
6
CONTINUOUS
10
97.5588520000000017
20
-104.2590859999999964
11
97.5894479999999902
21
-104.1052719999999994
0
LINE
8
BLACK
6
CONTINUOUS
10
97.5894479999999902
20
-104.1052719999999994
11
97.6494629999999972
21
-103.9603829999999931
0
LINE
8
BLACK
6
CONTINUOUS
10
97.6494629999999972
20
-103.9603829999999931
11
97.7365920000000017
21
-103.8299849999999935
0
LINE
8
BLACK
6
CONTINUOUS
10
97.7365920000000017
20
-103.8299849999999935
11
97.8474849999999918
21
-103.7190919999999892
0
LINE
8
BLACK
6
CONTINUOUS
10
97.8474849999999918
20
-103.7190919999999892
11
97.9778829999999914
21
-103.6319629999999989
0
LINE
8
BLACK
6
CONTINUOUS
10
97.9778829999999914
20
-103.6319629999999989
11
98.1227719999999977
21
-103.5719479999999919
0
LINE
8
BLACK
6
CONTINUOUS
10
98.1227719999999977
20
-103.5719479999999919
11
98.2765859999999947
21
-103.5413519999999892
0
LINE
8
BLACK
6
CONTINUOUS
10
98.2765859999999947
20
-103.5413519999999892
11
98.4334139999999991
21
-103.5413519999999892
0
LINE
8
BLACK
6
CONTINUOUS
10
98.4334139999999991
20
-103.5413519999999892
11
98.5872279999999961
21
-103.5719479999999919
0
LINE
8
BLACK
6
CONTINUOUS
10
51.0214749999999952
20
-106.7124709999999936
11
51.0701689999999999
21
-106.7625769999999932
0
LINE
8
BLACK
6
CONTINUOUS
10
51.0701689999999999
20
-106.7625769999999932
11
51.0844999999999985
21
-106.8204439999999948
0
LINE
8
BLACK
6
CONTINUOUS
10
51.0844999999999985
20
-106.8204439999999948
11
51.0844999999999985
21
-107.6915509999999898
0
LINE
8
BLACK
6
CONTINUOUS
10
51.0844999999999985
20
-107.6915509999999898
11
51.1165219999999962
21
-107.8937309999999883
0
LINE
8
BLACK
6
CONTINUOUS
10
51.1165219999999962
20
-107.8937309999999883
11
51.1165219999999962
21
-107.893732
0
LINE
8
BLACK
6
CONTINUOUS
10
51.1165219999999962
20
-107.893732
11
51.1395829999999947
21
-107.96470699999999
0
LINE
8
BLACK
6
CONTINUOUS
10
51.1395829999999947
20
-107.96470699999999
11
51.1395879999999963
21
-107.9647219999999948
0
LINE
8
BLACK
6
CONTINUOUS
10
51.1395879999999963
20
-107.9647219999999948
11
51.1405449999999959
21
-107.9676649999999967
0
LINE
8
BLACK
6
CONTINUOUS
10
51.1405449999999959
20
-107.9676649999999967
11
51.1797800000000009
21
-108.0884190000000018
0
LINE
8
BLACK
6
CONTINUOUS
10
51.1797800000000009
20
-108.0884190000000018
11
51.2044889999999953
21
-108.1369129999999927
0
LINE
8
BLACK
6
CONTINUOUS
10
51.2044889999999953
20
-108.1369129999999927
11
51.272712999999996
21
-108.2708109999999948
0
LINE
8
BLACK
6
CONTINUOUS
10
51.272712999999996
20
-108.2708109999999948
11
51.3930340000000001
21
-108.4364190000000008
0
LINE
8
BLACK
6
CONTINUOUS
10
51.3930340000000001
20
-108.4364190000000008
11
51.3930359999999951
21
-108.4364209999999957
0
LINE
8
BLACK
6
CONTINUOUS
10
51.3930359999999951
20
-108.4364209999999957
11
51.928180999999995
21
-108.9715659999999957
0
LINE
8
BLACK
6
CONTINUOUS
10
51.928180999999995
20
-108.9715659999999957
11
51.961666000000001
21
-109.0328889999999973
0
LINE
8
BLACK
6
CONTINUOUS
10
51.961666000000001
20
-109.0328889999999973
11
51.964500000000001
21
-109.0592469999999992
0
LINE
8
BLACK
6
CONTINUOUS
10
51.964500000000001
20
-109.0592469999999992
11
51.964500000000001
21
-110.3642609999999991
0
LINE
8
BLACK
6
CONTINUOUS
10
51.964500000000001
20
-110.3642609999999991
11
51.9448149999999984
21
-110.4312999999999931
0
LINE
8
BLACK
6
CONTINUOUS
10
51.9448149999999984
20
-110.4312999999999931
11
51.9408180000000002
21
-110.4371459999999985
0
LINE
8
BLACK
6
CONTINUOUS
10
51.9408180000000002
20
-110.4371459999999985
11
51.8961319999999944
21
-110.4986509999999953
0
LINE
8
BLACK
6
CONTINUOUS
10
51.8961319999999944
20
-110.4986509999999953
11
51.7817599999999985
21
-110.7231159999999903
0
LINE
8
BLACK
6
CONTINUOUS
10
51.7817599999999985
20
-110.7231159999999903
11
51.7039100000000005
21
-110.9627139999999912
0
LINE
8
BLACK
6
CONTINUOUS
10
51.7039100000000005
20
-110.9627139999999912
11
51.6644999999999968
21
-111.2115379999999902
0
LINE
8
BLACK
6
CONTINUOUS
10
51.6644999999999968
20
-111.2115379999999902
11
51.6644999999999968
21
-111.4634609999999952
0
LINE
8
BLACK
6
CONTINUOUS
10
51.6644999999999968
20
-111.4634609999999952
11
51.7039100000000005
21
-111.7122849999999943
0
LINE
8
BLACK
6
CONTINUOUS
10
51.7039100000000005
20
-111.7122849999999943
11
51.7817599999999985
21
-111.9518829999999951
0
LINE
8
BLACK
6
CONTINUOUS
10
51.7817599999999985
20
-111.9518829999999951
11
51.8108659999999972
21
-112.0090050000000019
0
LINE
8
BLACK
6
CONTINUOUS
10
51.8108659999999972
20
-112.0090050000000019
11
51.823761999999995
21
-112.0776740000000018
0
LINE
8
BLACK
6
CONTINUOUS
10
51.823761999999995
20
-112.0776740000000018
11
51.7974859999999993
21
-112.1424149999999997
0
LINE
8
BLACK
6
CONTINUOUS
10
51.7974859999999993
20
-112.1424149999999997
11
51.7403789999999972
21
-112.1826719999999966
0
LINE
8
BLACK
6
CONTINUOUS
10
51.7403789999999972
20
-112.1826719999999966
11
51.7003810000000001
21
-112.1892999999999887
0
LINE
8
BLACK
6
CONTINUOUS
10
51.7003810000000001
20
-112.1892999999999887
11
48.3873460000000009
21
-112.1892999999999887
0
LINE
8
BLACK
6
CONTINUOUS
10
48.3873460000000009
20
-112.1892999999999887
11
48.3203069999999997
21
-112.1696149999999932
0
LINE
8
BLACK
6
CONTINUOUS
10
48.3203069999999997
20
-112.1696149999999932
11
48.2996649999999974
21
-112.1529809999999969
0
LINE
8
BLACK
6
CONTINUOUS
10
48.2996649999999974
20
-112.1529809999999969
11
47.2527749999999997
21
-111.1060899999999947
0
LINE
8
BLACK
6
CONTINUOUS
10
47.2527749999999997
20
-111.1060899999999947
11
47.2192900000000009
21
-111.0447669999999931
0
LINE
8
BLACK
6
CONTINUOUS
10
47.2192900000000009
20
-111.0447669999999931
11
47.2179829999999967
21
-111.0378059999999891
0
LINE
8
BLACK
6
CONTINUOUS
10
47.2179829999999967
20
-111.0378059999999891
11
47.2060899999999961
21
-110.9627139999999912
0
LINE
8
BLACK
6
CONTINUOUS
10
47.2060899999999961
20
-110.9627139999999912
11
47.1282390000000007
21
-110.7231159999999903
0
LINE
8
BLACK
6
CONTINUOUS
10
47.1282390000000007
20
-110.7231159999999903
11
47.0867469999999955
21
-110.6416839999999979
0
LINE
8
BLACK
6
CONTINUOUS
10
47.0867469999999955
20
-110.6416839999999979
11
47.0138699999999972
21
-110.4986549999999994
0
LINE
8
BLACK
6
CONTINUOUS
10
47.0138699999999972
20
-110.4986549999999994
11
47.007245999999995
21
-110.489537999999996
0
LINE
8
BLACK
6
CONTINUOUS
10
47.007245999999995
20
-110.489537999999996
11
46.9691819999999964
21
-110.4371459999999985
0
LINE
8
BLACK
6
CONTINUOUS
10
46.9691819999999964
20
-110.4371459999999985
11
46.9457019999999972
21
-110.3713399999999893
0
LINE
8
BLACK
6
CONTINUOUS
10
46.9457019999999972
20
-110.3713399999999893
11
46.9454999999999956
21
-110.3642609999999991
0
LINE
8
BLACK
6
CONTINUOUS
10
46.9454999999999956
20
-110.3642609999999991
11
46.9454999999999956
21
-109.8392470000000003
0
LINE
8
BLACK
6
CONTINUOUS
10
46.9454999999999956
20
-109.8392470000000003
11
46.9651849999999982
21
-109.772207999999992
0
LINE
8
BLACK
6
CONTINUOUS
10
46.9651849999999982
20
-109.772207999999992
11
46.9818189999999944
21
-109.7515659999999968
0
LINE
8
BLACK
6
CONTINUOUS
10
46.9818189999999944
20
-109.7515659999999968
11
47.6139669999999953
21
-109.119417999999996
0
LINE
8
BLACK
6
CONTINUOUS
10
47.6139669999999953
20
-109.119417999999996
11
48.2969669999999951
21
-108.4364179999999891
0
LINE
8
BLACK
6
CONTINUOUS
10
48.2969669999999951
20
-108.4364179999999891
11
48.4172869999999946
21
-108.2708099999999973
0
LINE
8
BLACK
6
CONTINUOUS
10
48.4172869999999946
20
-108.2708099999999973
11
48.5102209999999943
21
-108.0884179999999901
0
LINE
8
BLACK
6
CONTINUOUS
10
48.5102209999999943
20
-108.0884179999999901
11
48.5288719999999998
21
-108.0310149999999965
0
LINE
8
BLACK
6
CONTINUOUS
10
48.5288719999999998
20
-108.0310149999999965
11
48.5734759999999994
21
-107.893737999999999
0
LINE
8
BLACK
6
CONTINUOUS
10
48.5734759999999994
20
-107.893737999999999
11
48.5734759999999994
21
-107.8937370000000016
0
LINE
8
BLACK
6
CONTINUOUS
10
48.5734759999999994
20
-107.8937370000000016
11
48.5734769999999969
21
-107.8937339999999949
0
LINE
8
BLACK
6
CONTINUOUS
10
48.5734769999999969
20
-107.8937339999999949
11
48.6055009999999967
21
-107.6915509999999898
0
LINE
8
BLACK
6
CONTINUOUS
10
48.6055009999999967
20
-107.6915509999999898
11
48.6055009999999967
21
-107.4868479999999948
0
LINE
8
BLACK
6
CONTINUOUS
10
48.6055009999999967
20
-107.4868479999999948
11
48.6055009999999967
21
-107.4824469999999934
0
LINE
8
BLACK
6
CONTINUOUS
10
48.6055009999999967
20
-107.4824469999999934
11
48.6054999999999993
21
-107.4824319999999886
0
LINE
8
BLACK
6
CONTINUOUS
10
48.6054999999999993
20
-107.4824319999999886
11
48.6054999999999993
21
-107.0183090000000021
0
LINE
8
BLACK
6
CONTINUOUS
10
48.6054999999999993
20
-107.0183090000000021
11
48.614297999999998
21
-106.9883430000000004
0
LINE
8
BLACK
6
CONTINUOUS
10
48.614297999999998
20
-106.9883430000000004
11
48.621223999999998
21
-106.9578739999999897
0
LINE
8
BLACK
6
CONTINUOUS
10
48.621223999999998
20
-106.9578739999999897
11
48.6243160000000003
21
-106.9542269999999888
0
LINE
8
BLACK
6
CONTINUOUS
10
48.6243160000000003
20
-106.9542269999999888
11
48.6251849999999948
21
-106.9512699999999938
0
LINE
8
BLACK
6
CONTINUOUS
10
48.6251849999999948
20
-106.9512699999999938
11
48.6426370000000006
21
-106.9298179999999974
0
LINE
8
BLACK
6
CONTINUOUS
10
48.6426370000000006
20
-106.9298179999999974
11
48.6520129999999966
21
-106.9206129999999888
0
LINE
8
BLACK
6
CONTINUOUS
10
48.6520129999999966
20
-106.9206129999999888
11
48.6572619999999958
21
-106.9173159999999996
0
LINE
8
BLACK
6
CONTINUOUS
10
48.6572619999999958
20
-106.9173159999999996
11
48.7580379999999991
21
-106.8165389999999917
0
LINE
8
BLACK
6
CONTINUOUS
10
48.7580379999999991
20
-106.8165389999999917
11
48.7584729999999951
21
-106.8161130000000014
0
LINE
8
BLACK
6
CONTINUOUS
10
48.7584729999999951
20
-106.8161130000000014
11
48.788807999999996
21
-106.799911999999992
0
LINE
8
BLACK
6
CONTINUOUS
10
48.788807999999996
20
-106.799911999999992
11
48.8189780000000013
21
-106.7834379999999896
0
LINE
8
BLACK
6
CONTINUOUS
10
48.8189780000000013
20
-106.7834379999999896
11
48.8195739999999958
21
-106.7834799999999973
0
LINE
8
BLACK
6
CONTINUOUS
10
48.8195739999999958
20
-106.7834799999999973
11
48.8201040000000006
21
-106.7831979999999987
0
LINE
8
BLACK
6
CONTINUOUS
10
48.8201040000000006
20
-106.7831979999999987
11
48.8543619999999947
21
-106.7859679999999969
0
LINE
8
BLACK
6
CONTINUOUS
10
48.8543619999999947
20
-106.7859679999999969
11
48.8886699999999976
21
-106.7884219999999971
0
LINE
8
BLACK
6
CONTINUOUS
10
48.8886699999999976
20
-106.7884219999999971
11
48.8893729999999991
21
-106.7887989999999974
0
LINE
8
BLACK
6
CONTINUOUS
10
48.8893729999999991
20
-106.7887989999999974
11
48.8897459999999953
21
-106.7888299999999902
0
LINE
8
BLACK
6
CONTINUOUS
10
48.8897459999999953
20
-106.7888299999999902
11
48.8904949999999943
21
-106.789400999999998
0
LINE
8
BLACK
6
CONTINUOUS
10
48.8904949999999943
20
-106.789400999999998
11
48.918217999999996
21
-106.8042829999999981
0
LINE
8
BLACK
6
CONTINUOUS
10
48.918217999999996
20
-106.8042829999999981
11
48.9799489999999977
21
-106.8491339999999923
0
LINE
8
BLACK
6
CONTINUOUS
10
48.9799489999999977
20
-106.8491339999999923
11
49.0621799999999979
21
-106.8910329999999931
0
LINE
8
BLACK
6
CONTINUOUS
10
49.0621799999999979
20
-106.8910329999999931
11
49.2114229999999964
21
-106.9670769999999891
0
LINE
8
BLACK
6
CONTINUOUS
10
49.2114229999999964
20
-106.9670769999999891
11
49.2114249999999984
21
-106.9670769999999891
0
LINE
8
BLACK
6
CONTINUOUS
10
49.2114249999999984
20
-106.9670769999999891
11
49.211427999999998
21
-106.9670789999999982
0
LINE
8
BLACK
6
CONTINUOUS
10
49.211427999999998
20
-106.9670789999999982
11
49.4585069999999973
21
-107.0473599999999976
0
LINE
8
BLACK
6
CONTINUOUS
10
49.4585069999999973
20
-107.0473599999999976
11
49.5907059999999973
21
-107.0682970000000012
0
LINE
8
BLACK
6
CONTINUOUS
10
49.5907059999999973
20
-107.0682970000000012
11
49.7150979999999976
21
-107.0879999999999939
0
LINE
8
BLACK
6
CONTINUOUS
10
49.7150979999999976
20
-107.0879999999999939
11
49.7151029999999992
21
-107.0879999999999939
0
LINE
8
BLACK
6
CONTINUOUS
10
49.7151029999999992
20
-107.0879999999999939
11
49.9749020000000002
21
-107.0879999999999939
0
LINE
8
BLACK
6
CONTINUOUS
10
49.9749020000000002
20
-107.0879999999999939
11
50.0882979999999947
21
-107.0700389999999942
0
LINE
8
BLACK
6
CONTINUOUS
10
50.0882979999999947
20
-107.0700389999999942
11
50.2314930000000004
21
-107.0473599999999976
0
LINE
8
BLACK
6
CONTINUOUS
10
50.2314930000000004
20
-107.0473599999999976
11
50.4785719999999998
21
-106.9670789999999982
0
LINE
8
BLACK
6
CONTINUOUS
10
50.4785719999999998
20
-106.9670789999999982
11
50.710051
21
-106.8491339999999923
0
LINE
8
BLACK
6
CONTINUOUS
10
50.710051
20
-106.8491339999999923
11
50.8876169999999988
21
-106.7201239999999984
0
LINE
8
BLACK
6
CONTINUOUS
10
50.8876169999999988
20
-106.7201239999999984
11
50.9534209999999987
21
-106.6966460000000012
0
LINE
8
BLACK
6
CONTINUOUS
10
50.9534209999999987
20
-106.6966460000000012
11
51.0214749999999952
21
-106.7124709999999936
0
LINE
8
BLACK
6
CONTINUOUS
10
61.161170999999996
20
-88.8435569999999899
11
61.1762659999999983
21
-88.8428830000000005
0
LINE
8
BLACK
6
CONTINUOUS
10
61.1762659999999983
20
-88.8428830000000005
11
61.1940159999999977
21
-88.8532009999999985
0
LINE
8
BLACK
6
CONTINUOUS
10
61.1940159999999977
20
-88.8532009999999985
11
61.2137129999999985
21
-88.8589849999999899
0
LINE
8
BLACK
6
CONTINUOUS
10
61.2137129999999985
20
-88.8589849999999899
11
61.2236059999999966
21
-88.8704019999999986
0
LINE
8
BLACK
6
CONTINUOUS
10
61.2236059999999966
20
-88.8704019999999986
11
61.2366709999999941
21
-88.8779969999999935
0
LINE
8
BLACK
6
CONTINUOUS
10
61.2366709999999941
20
-88.8779969999999935
11
61.2460249999999959
21
-88.8962750000000028
0
LINE
8
BLACK
6
CONTINUOUS
10
61.2460249999999959
20
-88.8962750000000028
11
61.2594679999999983
21
-88.9117889999999989
0
LINE
8
BLACK
6
CONTINUOUS
10
61.2594679999999983
20
-88.9117889999999989
11
61.2621249999999975
21
-88.9277340000000009
0
LINE
8
BLACK
6
CONTINUOUS
10
61.2621249999999975
20
-88.9277340000000009
11
61.268501999999998
21
-88.9401950000000028
0
LINE
8
BLACK
6
CONTINUOUS
10
61.268501999999998
20
-88.9401950000000028
11
61.2700770000000006
21
-88.9754539999999992
0
LINE
8
BLACK
6
CONTINUOUS
10
61.2700770000000006
20
-88.9754539999999992
11
61.2604589999999973
21
-89.0731159999999988
0
LINE
8
BLACK
6
CONTINUOUS
10
61.2604589999999973
20
-89.0731159999999988
11
61.2591999999999999
21
-89.0858949999999936
0
LINE
8
BLACK
6
CONTINUOUS
10
61.2591999999999999
20
-89.0858949999999936
11
61.2591999999999999
21
-89.3974529999999987
0
LINE
8
BLACK
6
CONTINUOUS
10
61.2591999999999999
20
-89.3974529999999987
11
61.2395149999999973
21
-89.4644919999999928
0
LINE
8
BLACK
6
CONTINUOUS
10
61.2395149999999973
20
-89.4644919999999928
11
61.2228809999999939
21
-89.4851340000000022
0
LINE
8
BLACK
6
CONTINUOUS
10
61.2228809999999939
20
-89.4851340000000022
11
58.059435999999998
21
-92.6485780000000005
0
LINE
8
BLACK
6
CONTINUOUS
10
58.059435999999998
20
-92.6485780000000005
11
57.9391159999999985
21
-92.8141839999999974
0
LINE
8
BLACK
6
CONTINUOUS
10
57.9391159999999985
20
-92.8141839999999974
11
57.9391139999999965
21
-92.8141869999999898
0
LINE
8
BLACK
6
CONTINUOUS
10
57.9391139999999965
20
-92.8141869999999898
11
57.8946329999999989
21
-92.9014869999999888
0
LINE
8
BLACK
6
CONTINUOUS
10
57.8946329999999989
20
-92.9014869999999888
11
57.8457319999999982
21
-92.9974579999999946
0
LINE
8
BLACK
6
CONTINUOUS
10
57.8457319999999982
20
-92.9974579999999946
11
57.8446719999999956
21
-93.0012199999999893
0
LINE
8
BLACK
6
CONTINUOUS
10
57.8446719999999956
20
-93.0012199999999893
11
57.7829219999999992
21
-93.1912669999999963
0
LINE
8
BLACK
6
CONTINUOUS
10
57.7829219999999992
20
-93.1912669999999963
11
57.7704279999999954
21
-93.2701560000000001
0
LINE
8
BLACK
6
CONTINUOUS
10
57.7704279999999954
20
-93.2701560000000001
11
57.7508999999999943
21
-93.3934479999999922
0
LINE
8
BLACK
6
CONTINUOUS
10
57.7508999999999943
20
-93.3934479999999922
11
57.7508999999999943
21
-105.2702510000000018
0
LINE
8
BLACK
6
CONTINUOUS
10
57.7508999999999943
20
-105.2702510000000018
11
57.7829219999999992
21
-105.4724310000000003
0
LINE
8
BLACK
6
CONTINUOUS
10
57.7829219999999992
20
-105.4724310000000003
11
57.7829219999999992
21
-105.4724319999999977
0
LINE
8
BLACK
6
CONTINUOUS
10
57.7829219999999992
20
-105.4724319999999977
11
57.7959519999999998
21
-105.5125349999999997
0
LINE
8
BLACK
6
CONTINUOUS
10
57.7959519999999998
20
-105.5125349999999997
11
57.8042269999999974
21
-105.5379999999999967
0
LINE
8
BLACK
6
CONTINUOUS
10
57.8042269999999974
20
-105.5379999999999967
11
57.8461799999999968
21
-105.6671189999999996
0
LINE
8
BLACK
6
CONTINUOUS
10
57.8461799999999968
20
-105.6671189999999996
11
57.8666119999999964
21
-105.7072189999999949
0
LINE
8
BLACK
6
CONTINUOUS
10
57.8666119999999964
20
-105.7072189999999949
11
57.8698270000000008
21
-105.7135289999999941
0
LINE
8
BLACK
6
CONTINUOUS
10
57.8698270000000008
20
-105.7135289999999941
11
57.8698289999999957
21
-105.7135339999999957
0
LINE
8
BLACK
6
CONTINUOUS
10
57.8698289999999957
20
-105.7135339999999957
11
57.9244539999999972
21
-105.8207409999999982
0
LINE
8
BLACK
6
CONTINUOUS
10
57.9244539999999972
20
-105.8207409999999982
11
57.939112999999999
21
-105.8495109999999926
0
LINE
8
BLACK
6
CONTINUOUS
10
57.939112999999999
20
-105.8495109999999926
11
58.059433999999996
21
-106.0151189999999986
0
LINE
8
BLACK
6
CONTINUOUS
10
58.059433999999996
20
-106.0151189999999986
11
61.3084810000000004
21
-109.2641659999999888
0
LINE
8
BLACK
6
CONTINUOUS
10
61.3084810000000004
20
-109.2641659999999888
11
61.4740889999999993
21
-109.3844869999999929
0
LINE
8
BLACK
6
CONTINUOUS
10
61.4740889999999993
20
-109.3844869999999929
11
61.5377409999999969
21
-109.4169189999999929
0
LINE
8
BLACK
6
CONTINUOUS
10
61.5377409999999969
20
-109.4169189999999929
11
61.6564799999999948
21
-109.4774199999999951
0
LINE
8
BLACK
6
CONTINUOUS
10
61.6564799999999948
20
-109.4774199999999951
11
61.6564859999999939
21
-109.47742199999999
0
LINE
8
BLACK
6
CONTINUOUS
10
61.6564859999999939
20
-109.47742199999999
11
61.7068469999999962
21
-109.4937839999999909
0
LINE
8
BLACK
6
CONTINUOUS
10
61.7068469999999962
20
-109.4937839999999909
11
61.753820999999995
21
-109.5090469999999954
0
LINE
8
BLACK
6
CONTINUOUS
10
61.753820999999995
20
-109.5090469999999954
11
61.7538219999999995
21
-109.5090479999999928
0
LINE
8
BLACK
6
CONTINUOUS
10
61.7538219999999995
20
-109.5090479999999928
11
61.7781579999999977
21
-109.5169549999999958
0
LINE
8
BLACK
6
CONTINUOUS
10
61.7781579999999977
20
-109.5169549999999958
11
61.8511649999999946
21
-109.5406769999999881
0
LINE
8
BLACK
6
CONTINUOUS
10
61.8511649999999946
20
-109.5406769999999881
11
62.0533479999999997
21
-109.5726999999999975
0
LINE
8
BLACK
6
CONTINUOUS
10
62.0533479999999997
20
-109.5726999999999975
11
62.0533489999999972
21
-109.5726999999999975
0
LINE
8
BLACK
6
CONTINUOUS
10
62.0533489999999972
20
-109.5726999999999975
11
83.3911509999999936
21
-109.5726999999999975
0
LINE
8
BLACK
6
CONTINUOUS
10
83.3911509999999936
20
-109.5726999999999975
11
83.3911519999999911
21
-109.5726999999999975
0
LINE
8
BLACK
6
CONTINUOUS
10
83.3911519999999911
20
-109.5726999999999975
11
83.5933349999999962
21
-109.5406769999999881
0
LINE
8
BLACK
6
CONTINUOUS
10
83.5933349999999962
20
-109.5406769999999881
11
83.6906759999999963
21
-109.5090479999999928
0
LINE
8
BLACK
6
CONTINUOUS
10
83.6906759999999963
20
-109.5090479999999928
11
83.7880189999999914
21
-109.4774199999999951
0
LINE
8
BLACK
6
CONTINUOUS
10
83.7880189999999914
20
-109.4774199999999951
11
83.9067589999999939
21
-109.4169189999999929
0
LINE
8
BLACK
6
CONTINUOUS
10
83.9067589999999939
20
-109.4169189999999929
11
83.9704109999999986
21
-109.3844869999999929
0
LINE
8
BLACK
6
CONTINUOUS
10
83.9704109999999986
20
-109.3844869999999929
11
84.1360189999999903
21
-109.2641659999999888
0
LINE
8
BLACK
6
CONTINUOUS
10
84.1360189999999903
20
-109.2641659999999888
11
88.9353759999999909
21
-104.4648079999999908
0
LINE
8
BLACK
6
CONTINUOUS
10
88.9353759999999909
20
-104.4648079999999908
11
88.9966969999999975
21
-104.4313250000000011
0
LINE
8
BLACK
6
CONTINUOUS
10
88.9966969999999975
20
-104.4313250000000011
11
89.0663890000000009
21
-104.4363089999999943
0
LINE
8
BLACK
6
CONTINUOUS
10
89.0663890000000009
20
-104.4363089999999943
11
89.1223219999999969
21
-104.4781809999999922
0
LINE
8
BLACK
6
CONTINUOUS
10
89.1223219999999969
20
-104.4781809999999922
11
89.1455279999999988
21
-104.5330929999999938
0
LINE
8
BLACK
6
CONTINUOUS
10
89.1455279999999988
20
-104.5330929999999938
11
89.1739089999999948
21
-104.7122849999999943
0
LINE
8
BLACK
6
CONTINUOUS
10
89.1739089999999948
20
-104.7122849999999943
11
89.2517599999999902
21
-104.9518829999999951
0
LINE
8
BLACK
6
CONTINUOUS
10
89.2517599999999902
20
-104.9518829999999951
11
89.3661319999999932
21
-105.1763479999999902
0
LINE
8
BLACK
6
CONTINUOUS
10
89.3661319999999932
20
-105.1763479999999902
11
89.5142009999999999
21
-105.3801489999999887
0
LINE
8
BLACK
6
CONTINUOUS
10
89.5142009999999999
20
-105.3801489999999887
11
89.5142049999999898
21
-105.3801539999999903
0
LINE
8
BLACK
6
CONTINUOUS
10
89.5142049999999898
20
-105.3801539999999903
11
89.6923449999999889
21
-105.5582939999999894
0
LINE
8
BLACK
6
CONTINUOUS
10
89.6923449999999889
20
-105.5582939999999894
11
89.6923499999999905
21
-105.5582979999999935
0
LINE
8
BLACK
6
CONTINUOUS
10
89.6923499999999905
20
-105.5582979999999935
11
89.8701169999999934
21
-105.6874519999999933
0
LINE
8
BLACK
6
CONTINUOUS
10
89.8701169999999934
20
-105.6874519999999933
11
89.8961549999999932
21
-105.7063699999999926
0
LINE
8
BLACK
6
CONTINUOUS
10
89.8961549999999932
20
-105.7063699999999926
11
89.9861470000000025
21
-105.7522230000000008
0
LINE
8
BLACK
6
CONTINUOUS
10
89.9861470000000025
20
-105.7522230000000008
11
90.1206159999999983
21
-105.820738999999989
0
LINE
8
BLACK
6
CONTINUOUS
10
90.1206159999999983
20
-105.820738999999989
11
90.1206179999999932
21
-105.820738999999989
0
LINE
8
BLACK
6
CONTINUOUS
10
90.1206179999999932
20
-105.820738999999989
11
90.1206209999999999
21
-105.8207409999999982
0
LINE
8
BLACK
6
CONTINUOUS
10
90.1206209999999999
20
-105.8207409999999982
11
90.3602149999999966
21
-105.8985899999999987
0
LINE
8
BLACK
6
CONTINUOUS
10
90.3602149999999966
20
-105.8985899999999987
11
90.6090379999999982
21
-105.9379999999999882
0
LINE
8
BLACK
6
CONTINUOUS
10
90.6090379999999982
20
-105.9379999999999882
11
90.6090389999999957
21
-105.9379999999999882
0
LINE
8
BLACK
6
CONTINUOUS
10
90.6090389999999957
20
-105.9379999999999882
11
90.860960999999989
21
-105.9379999999999882
0
LINE
8
BLACK
6
CONTINUOUS
10
90.860960999999989
20
-105.9379999999999882
11
90.8609620000000007
21
-105.9379999999999882
0
LINE
8
BLACK
6
CONTINUOUS
10
90.8609620000000007
20
-105.9379999999999882
11
91.1097850000000022
21
-105.8985899999999987
0
LINE
8
BLACK
6
CONTINUOUS
10
91.1097850000000022
20
-105.8985899999999987
11
91.349378999999999
21
-105.8207409999999982
0
LINE
8
BLACK
6
CONTINUOUS
10
91.349378999999999
20
-105.8207409999999982
11
91.5738449999999915
21
-105.7063699999999926
0
LINE
8
BLACK
6
CONTINUOUS
10
91.5738449999999915
20
-105.7063699999999926
11
91.7776559999999932
21
-105.5582929999999919
0
LINE
8
BLACK
6
CONTINUOUS
10
91.7776559999999932
20
-105.5582929999999919
11
91.9557929999999999
21
-105.3801559999999995
0
LINE
8
BLACK
6
CONTINUOUS
10
91.9557929999999999
20
-105.3801559999999995
11
92.1038700000000006
21
-105.1763449999999978
0
LINE
8
BLACK
6
CONTINUOUS
10
92.1038700000000006
20
-105.1763449999999978
11
92.2182409999999919
21
-104.951878999999991
0
LINE
8
BLACK
6
CONTINUOUS
10
92.2182409999999919
20
-104.951878999999991
11
92.2960899999999924
21
-104.7122849999999943
0
LINE
8
BLACK
6
CONTINUOUS
10
92.2960899999999924
20
-104.7122849999999943
11
92.3079839999999905
21
-104.6371869999999973
0
LINE
8
BLACK
6
CONTINUOUS
10
92.3079839999999905
20
-104.6371869999999973
11
92.3379109999999912
21
-104.5740569999999963
0
LINE
8
BLACK
6
CONTINUOUS
10
92.3379109999999912
20
-104.5740569999999963
11
92.3427559999999943
21
-104.5689270000000022
0
LINE
8
BLACK
6
CONTINUOUS
10
92.3427559999999943
20
-104.5689270000000022
11
92.8044659999999908
21
-104.1072190000000006
0
LINE
8
BLACK
6
CONTINUOUS
10
92.8044659999999908
20
-104.1072190000000006
11
93.3923659999999956
21
-103.5193189999999959
0
LINE
8
BLACK
6
CONTINUOUS
10
93.3923659999999956
20
-103.5193189999999959
11
93.4536889999999971
21
-103.485833999999997
0
LINE
8
BLACK
6
CONTINUOUS
10
93.4536889999999971
20
-103.485833999999997
11
93.480046999999999
21
-103.4829999999999899
0
LINE
8
BLACK
6
CONTINUOUS
10
93.480046999999999
20
-103.4829999999999899
11
96.7917569999999898
21
-103.4829999999999899
0
LINE
8
BLACK
6
CONTINUOUS
10
96.7917569999999898
20
-103.4829999999999899
11
96.8587959999999981
21
-103.5026849999999996
0
LINE
8
BLACK
6
CONTINUOUS
10
96.8587959999999981
20
-103.5026849999999996
11
96.9045509999999979
21
-103.5554889999999943
0
LINE
8
BLACK
6
CONTINUOUS
10
96.9045509999999979
20
-103.5554889999999943
11
96.9144950000000023
21
-103.624646999999996
0
LINE
8
BLACK
6
CONTINUOUS
10
96.9144950000000023
20
-103.624646999999996
11
96.9022420000000011
21
-103.6632949999999909
0
LINE
8
BLACK
6
CONTINUOUS
10
96.9022420000000011
20
-103.6632949999999909
11
96.8717599999999948
21
-103.7231179999999995
0
LINE
8
BLACK
6
CONTINUOUS
10
96.8717599999999948
20
-103.7231179999999995
11
96.7939089999999993
21
-103.9627160000000003
0
LINE
8
BLACK
6
CONTINUOUS
10
96.7939089999999993
20
-103.9627160000000003
11
96.7820150000000012
21
-104.0378099999999932
0
LINE
8
BLACK
6
CONTINUOUS
10
96.7820150000000012
20
-104.0378099999999932
11
96.7520849999999939
21
-104.1009439999999984
0
LINE
8
BLACK
6
CONTINUOUS
10
96.7520849999999939
20
-104.1009439999999984
11
96.7472229999999911
21
-104.1060909999999922
0
LINE
8
BLACK
6
CONTINUOUS
10
96.7472229999999911
20
-104.1060909999999922
11
88.700333999999998
21
-112.1529809999999969
0
LINE
8
BLACK
6
CONTINUOUS
10
88.700333999999998
20
-112.1529809999999969
11
88.6390109999999964
21
-112.1864659999999958
0
LINE
8
BLACK
6
CONTINUOUS
10
88.6390109999999964
20
-112.1864659999999958
11
88.6126529999999946
21
-112.1892999999999887
0
LINE
8
BLACK
6
CONTINUOUS
10
88.6126529999999946
20
-112.1892999999999887
11
54.829619000000001
21
-112.1892999999999887
0
LINE
8
BLACK
6
CONTINUOUS
10
54.829619000000001
20
-112.1892999999999887
11
54.7625799999999998
21
-112.1696149999999932
0
LINE
8
BLACK
6
CONTINUOUS
10
54.7625799999999998
20
-112.1696149999999932
11
54.716825
21
-112.1168109999999984
0
LINE
8
BLACK
6
CONTINUOUS
10
54.716825
20
-112.1168109999999984
11
54.7068809999999957
21
-112.0476529999999968
0
LINE
8
BLACK
6
CONTINUOUS
10
54.7068809999999957
20
-112.0476529999999968
11
54.7191339999999968
21
-112.0090050000000019
0
LINE
8
BLACK
6
CONTINUOUS
10
54.7191339999999968
20
-112.0090050000000019
11
54.7482389999999981
21
-111.9518829999999951
0
LINE
8
BLACK
6
CONTINUOUS
10
54.7482389999999981
20
-111.9518829999999951
11
54.7482389999999981
21
-111.9518819999999977
0
LINE
8
BLACK
6
CONTINUOUS
10
54.7482389999999981
20
-111.9518819999999977
11
54.7482410000000002
21
-111.951878999999991
0
LINE
8
BLACK
6
CONTINUOUS
10
54.7482410000000002
20
-111.951878999999991
11
54.8260900000000007
21
-111.7122849999999943
0
LINE
8
BLACK
6
CONTINUOUS
10
54.8260900000000007
20
-111.7122849999999943
11
54.8654999999999973
21
-111.4634619999999927
0
LINE
8
BLACK
6
CONTINUOUS
10
54.8654999999999973
20
-111.4634619999999927
11
54.8654999999999973
21
-111.2115379999999902
0
LINE
8
BLACK
6
CONTINUOUS
10
54.8654999999999973
20
-111.2115379999999902
11
54.8260900000000007
21
-110.9627149999999887
0
LINE
8
BLACK
6
CONTINUOUS
10
54.8260900000000007
20
-110.9627149999999887
11
54.7482410000000002
21
-110.7231209999999919
0
LINE
8
BLACK
6
CONTINUOUS
10
54.7482410000000002
20
-110.7231209999999919
11
54.7482389999999981
21
-110.7231179999999995
0
LINE
8
BLACK
6
CONTINUOUS
10
54.7482389999999981
20
-110.7231179999999995
11
54.7482389999999981
21
-110.7231159999999903
0
LINE
8
BLACK
6
CONTINUOUS
10
54.7482389999999981
20
-110.7231159999999903
11
54.706747
21
-110.6416839999999979
0
LINE
8
BLACK
6
CONTINUOUS
10
54.706747
20
-110.6416839999999979
11
54.6338699999999946
21
-110.4986549999999994
0
LINE
8
BLACK
6
CONTINUOUS
10
54.6338699999999946
20
-110.4986549999999994
11
54.6272459999999995
21
-110.489537999999996
0
LINE
8
BLACK
6
CONTINUOUS
10
54.6272459999999995
20
-110.489537999999996
11
54.589182000000001
21
-110.4371459999999985
0
LINE
8
BLACK
6
CONTINUOUS
10
54.589182000000001
20
-110.4371459999999985
11
54.5657019999999946
21
-110.3713399999999893
0
LINE
8
BLACK
6
CONTINUOUS
10
54.5657019999999946
20
-110.3713399999999893
11
54.5655000000000001
21
-110.3642609999999991
0
LINE
8
BLACK
6
CONTINUOUS
10
54.5655000000000001
20
-110.3642609999999991
11
54.5655000000000001
21
-108.3668479999999903
0
LINE
8
BLACK
6
CONTINUOUS
10
54.5655000000000001
20
-108.3668479999999903
11
54.5334769999999978
21
-108.1646649999999994
0
LINE
8
BLACK
6
CONTINUOUS
10
54.5334769999999978
20
-108.1646649999999994
11
54.4819269999999989
21
-108.0060110000000009
0
LINE
8
BLACK
6
CONTINUOUS
10
54.4819269999999989
20
-108.0060110000000009
11
54.4702199999999976
21
-107.96998099999999
0
LINE
8
BLACK
6
CONTINUOUS
10
54.4702199999999976
20
-107.96998099999999
11
54.4702179999999956
21
-107.9699779999999976
0
LINE
8
BLACK
6
CONTINUOUS
10
54.4702179999999956
20
-107.9699779999999976
11
54.4702179999999956
21
-107.9699759999999884
0
LINE
8
BLACK
6
CONTINUOUS
10
54.4702179999999956
20
-107.9699759999999884
11
54.4237529999999978
21
-107.8787849999999935
0
LINE
8
BLACK
6
CONTINUOUS
10
54.4237529999999978
20
-107.8787849999999935
11
54.4237520000000004
21
-107.878783999999996
0
LINE
8
BLACK
6
CONTINUOUS
10
54.4237520000000004
20
-107.878783999999996
11
54.3772869999999955
21
-107.787588999999997
0
LINE
8
BLACK
6
CONTINUOUS
10
54.3772869999999955
20
-107.787588999999997
11
54.2569659999999985
21
-107.621980999999991
0
LINE
8
BLACK
6
CONTINUOUS
10
54.2569659999999985
20
-107.621980999999991
11
53.7218189999999964
21
-107.0868339999999961
0
LINE
8
BLACK
6
CONTINUOUS
10
53.7218189999999964
20
-107.0868339999999961
11
53.6883339999999976
21
-107.0255109999999945
0
LINE
8
BLACK
6
CONTINUOUS
10
53.6883339999999976
20
-107.0255109999999945
11
53.6854999999999976
21
-106.9991529999999926
0
LINE
8
BLACK
6
CONTINUOUS
10
53.6854999999999976
20
-106.9991529999999926
11
53.6854999999999976
21
-106.4958029999999951
0
LINE
8
BLACK
6
CONTINUOUS
10
53.6854999999999976
20
-106.4958029999999951
11
53.7051850000000002
21
-106.428764000000001
0
LINE
8
BLACK
6
CONTINUOUS
10
53.7051850000000002
20
-106.428764000000001
11
53.7091639999999941
21
-106.4229419999999919
0
LINE
8
BLACK
6
CONTINUOUS
10
53.7091639999999941
20
-106.4229419999999919
11
53.7966339999999974
21
-106.302550999999994
0
LINE
8
BLACK
6
CONTINUOUS
10
53.7966339999999974
20
-106.302550999999994
11
53.9145789999999963
21
-106.0710720000000009
0
LINE
8
BLACK
6
CONTINUOUS
10
53.9145789999999963
20
-106.0710720000000009
11
53.9948599999999956
21
-105.8239930000000015
0
LINE
8
BLACK
6
CONTINUOUS
10
53.9948599999999956
20
-105.8239930000000015
11
54.0243180000000009
21
-105.637999999999991
0
LINE
8
BLACK
6
CONTINUOUS
10
54.0243180000000009
20
-105.637999999999991
11
54.035499999999999
21
-105.5674020000000013
0
LINE
8
BLACK
6
CONTINUOUS
10
54.035499999999999
20
-105.5674020000000013
11
54.035499999999999
21
-105.0075969999999899
0
LINE
8
BLACK
6
CONTINUOUS
10
54.035499999999999
20
-105.0075969999999899
11
54.0139469999999946
21
-104.8715210000000013
0
LINE
8
BLACK
6
CONTINUOUS
10
54.0139469999999946
20
-104.8715210000000013
11
53.9948599999999956
21
-104.7510070000000013
0
LINE
8
BLACK
6
CONTINUOUS
10
53.9948599999999956
20
-104.7510070000000013
11
53.9145789999999963
21
-104.5039280000000019
0
LINE
8
BLACK
6
CONTINUOUS
10
53.9145789999999963
20
-104.5039280000000019
11
53.9145769999999942
21
-104.5039249999999953
0
LINE
8
BLACK
6
CONTINUOUS
10
53.9145769999999942
20
-104.5039249999999953
11
53.9145769999999942
21
-104.5039230000000003
0
LINE
8
BLACK
6
CONTINUOUS
10
53.9145769999999942
20
-104.5039230000000003
11
53.8717869999999976
21
-104.4199449999999985
0
LINE
8
BLACK
6
CONTINUOUS
10
53.8717869999999976
20
-104.4199449999999985
11
53.7966339999999974
21
-104.2724489999999946
0
LINE
8
BLACK
6
CONTINUOUS
10
53.7966339999999974
20
-104.2724489999999946
11
53.7523799999999952
21
-104.2115379999999902
0
LINE
8
BLACK
6
CONTINUOUS
10
53.7523799999999952
20
-104.2115379999999902
11
53.7091819999999984
21
-104.152079999999998
0
LINE
8
BLACK
6
CONTINUOUS
10
53.7091819999999984
20
-104.152079999999998
11
53.6857019999999991
21
-104.0862739999999889
0
LINE
8
BLACK
6
CONTINUOUS
10
53.6857019999999991
20
-104.0862739999999889
11
53.6854999999999976
21
-104.0791949999999986
0
LINE
8
BLACK
6
CONTINUOUS
10
53.6854999999999976
20
-104.0791949999999986
11
53.6854999999999976
21
-102.8834480000000013
0
LINE
8
BLACK
6
CONTINUOUS
10
53.6854999999999976
20
-102.8834480000000013
11
53.6534769999999952
21
-102.6812649999999962
0
LINE
8
BLACK
6
CONTINUOUS
10
53.6534769999999952
20
-102.6812649999999962
11
53.6206649999999954
21
-102.5802819999999969
0
LINE
8
BLACK
6
CONTINUOUS
10
53.6206649999999954
20
-102.5802819999999969
11
53.6206649999999954
21
-102.5802800000000019
0
LINE
8
BLACK
6
CONTINUOUS
10
53.6206649999999954
20
-102.5802800000000019
11
53.5902229999999946
21
-102.4865870000000001
0
LINE
8
BLACK
6
CONTINUOUS
10
53.5902229999999946
20
-102.4865870000000001
11
53.5902209999999997
21
-102.486581000000001
0
LINE
8
BLACK
6
CONTINUOUS
10
53.5902209999999997
20
-102.486581000000001
11
53.4972859999999955
21
-102.3041889999999938
0
LINE
8
BLACK
6
CONTINUOUS
10
53.4972859999999955
20
-102.3041889999999938
11
53.4377759999999995
21
-102.2222799999999978
0
LINE
8
BLACK
6
CONTINUOUS
10
53.4377759999999995
20
-102.2222799999999978
11
53.4377749999999949
21
-102.2222779999999887
0
LINE
8
BLACK
6
CONTINUOUS
10
53.4377749999999949
20
-102.2222779999999887
11
53.4377739999999974
21
-102.2222759999999937
0
LINE
8
BLACK
6
CONTINUOUS
10
53.4377739999999974
20
-102.2222759999999937
11
53.3769689999999954
21
-102.138584999999992
0
LINE
8
BLACK
6
CONTINUOUS
10
53.3769689999999954
20
-102.138584999999992
11
53.376967999999998
21
-102.1385839999999945
0
LINE
8
BLACK
6
CONTINUOUS
10
53.376967999999998
20
-102.1385839999999945
11
53.3769659999999959
21
-102.1385810000000021
0
LINE
8
BLACK
6
CONTINUOUS
10
53.3769659999999959
20
-102.1385810000000021
11
53.2322190000000006
21
-101.9938339999999926
0
LINE
8
BLACK
6
CONTINUOUS
10
53.2322190000000006
20
-101.9938339999999926
11
53.232217999999996
21
-101.9938329999999951
0
LINE
8
BLACK
6
CONTINUOUS
10
53.232217999999996
20
-101.9938329999999951
11
53.2291069999999991
21
-101.990721999999991
0
LINE
8
BLACK
6
CONTINUOUS
10
53.2291069999999991
20
-101.990721999999991
11
53.2290919999999943
21
-101.9907079999999979
0
LINE
8
BLACK
6
CONTINUOUS
10
53.2290919999999943
20
-101.9907079999999979
11
51.0923189999999963
21
-99.8539339999999953
0
LINE
8
BLACK
6
CONTINUOUS
10
51.0923189999999963
20
-99.8539339999999953
11
51.0588339999999974
21
-99.7926109999999937
0
LINE
8
BLACK
6
CONTINUOUS
10
51.0588339999999974
20
-99.7926109999999937
11
51.0559999999999974
21
-99.7662529999999919
0
LINE
8
BLACK
6
CONTINUOUS
10
51.0559999999999974
20
-99.7662529999999919
11
51.0559999999999974
21
-95.1293469999999957
0
LINE
8
BLACK
6
CONTINUOUS
10
51.0559999999999974
20
-95.1293469999999957
11
51.075685
21
-95.0623080000000016
0
LINE
8
BLACK
6
CONTINUOUS
10
51.075685
20
-95.0623080000000016
11
51.1284889999999947
21
-95.0165530000000018
0
LINE
8
BLACK
6
CONTINUOUS
10
51.1284889999999947
20
-95.0165530000000018
11
51.1976469999999964
21
-95.0066089999999974
0
LINE
8
BLACK
6
CONTINUOUS
10
51.1976469999999964
20
-95.0066089999999974
11
51.2612029999999947
21
-95.0356340000000017
0
LINE
8
BLACK
6
CONTINUOUS
10
51.2612029999999947
20
-95.0356340000000017
11
51.2676809999999961
21
-95.0416659999999922
0
LINE
8
BLACK
6
CONTINUOUS
10
51.2676809999999961
20
-95.0416659999999922
11
51.9854810000000001
21
-95.7594659999999891
0
LINE
8
BLACK
6
CONTINUOUS
10
51.9854810000000001
20
-95.7594659999999891
11
52.0159729999999954
21
-95.7816189999999921
0
LINE
8
BLACK
6
CONTINUOUS
10
52.0159729999999954
20
-95.7816189999999921
11
52.0314639999999997
21
-95.7949569999999966
0
LINE
8
BLACK
6
CONTINUOUS
10
52.0314639999999997
20
-95.7949569999999966
11
52.0379579999999962
21
-95.8015559999999908
0
LINE
8
BLACK
6
CONTINUOUS
10
52.0379579999999962
20
-95.8015559999999908
11
52.0442070000000001
21
-95.8101559999999921
0
LINE
8
BLACK
6
CONTINUOUS
10
52.0442070000000001
20
-95.8101559999999921
11
52.1842550000000003
21
-95.9502039999999994
0
LINE
8
BLACK
6
CONTINUOUS
10
52.1842550000000003
20
-95.9502039999999994
11
52.1845669999999942
21
-95.9505209999999948
0
LINE
8
BLACK
6
CONTINUOUS
10
52.1845669999999942
20
-95.9505209999999948
11
52.2008729999999943
21
-95.9809580000000011
0
LINE
8
BLACK
6
CONTINUOUS
10
52.2008729999999943
20
-95.9809580000000011
11
52.2173549999999977
21
-96.0111419999999924
0
LINE
8
BLACK
6
CONTINUOUS
10
52.2173549999999977
20
-96.0111419999999924
11
52.2173179999999988
21
-96.0116539999999929
0
LINE
8
BLACK
6
CONTINUOUS
10
52.2173179999999988
20
-96.0116539999999929
11
52.2175620000000009
21
-96.0121089999999953
0
LINE
8
BLACK
6
CONTINUOUS
10
52.2175620000000009
20
-96.0121089999999953
11
52.2148249999999976
21
-96.0465119999999928
0
LINE
8
BLACK
6
CONTINUOUS
10
52.2148249999999976
20
-96.0465119999999928
11
52.2123709999999974
21
-96.0808339999999959
0
LINE
8
BLACK
6
CONTINUOUS
10
52.2123709999999974
20
-96.0808339999999959
11
52.2120559999999969
21
-96.0813229999999976
0
LINE
8
BLACK
6
CONTINUOUS
10
52.2120559999999969
20
-96.0813229999999976
11
52.2120219999999975
21
-96.0817579999999936
0
LINE
8
BLACK
6
CONTINUOUS
10
52.2120219999999975
20
-96.0817579999999936
11
52.2104479999999995
21
-96.0838249999999903
0
LINE
8
BLACK
6
CONTINUOUS
10
52.2104479999999995
20
-96.0838249999999903
11
52.1838699999999989
21
-96.1251809999999978
0
LINE
8
BLACK
6
CONTINUOUS
10
52.1838699999999989
20
-96.1251809999999978
11
52.0442049999999981
21
-96.264844999999994
0
LINE
8
BLACK
6
CONTINUOUS
10
52.0442049999999981
20
-96.264844999999994
11
52.044201000000001
21
-96.2648499999999956
0
LINE
8
BLACK
6
CONTINUOUS
10
52.044201000000001
20
-96.2648499999999956
11
51.8961319999999944
21
-96.4686509999999942
0
LINE
8
BLACK
6
CONTINUOUS
10
51.8961319999999944
20
-96.4686509999999942
11
51.7817599999999985
21
-96.6931159999999892
0
LINE
8
BLACK
6
CONTINUOUS
10
51.7817599999999985
20
-96.6931159999999892
11
51.7039100000000005
21
-96.9327139999999901
0
LINE
8
BLACK
6
CONTINUOUS
10
51.7039100000000005
20
-96.9327139999999901
11
51.6644999999999968
21
-97.1815379999999891
0
LINE
8
BLACK
6
CONTINUOUS
10
51.6644999999999968
20
-97.1815379999999891
11
51.6644999999999968
21
-97.4334609999999941
0
LINE
8
BLACK
6
CONTINUOUS
10
51.6644999999999968
20
-97.4334609999999941
11
51.7039100000000005
21
-97.6822849999999931
0
LINE
8
BLACK
6
CONTINUOUS
10
51.7039100000000005
20
-97.6822849999999931
11
51.7817599999999985
21
-97.921882999999994
0
LINE
8
BLACK
6
CONTINUOUS
10
51.7817599999999985
20
-97.921882999999994
11
51.8961319999999944
21
-98.146347999999989
0
LINE
8
BLACK
6
CONTINUOUS
10
51.8961319999999944
20
-98.146347999999989
11
52.044201000000001
21
-98.3501490000000018
0
LINE
8
BLACK
6
CONTINUOUS
10
52.044201000000001
20
-98.3501490000000018
11
52.0442049999999981
21
-98.3501539999999892
0
LINE
8
BLACK
6
CONTINUOUS
10
52.0442049999999981
20
-98.3501539999999892
11
52.2223449999999971
21
-98.5282940000000025
0
LINE
8
BLACK
6
CONTINUOUS
10
52.2223449999999971
20
-98.5282940000000025
11
52.2223499999999987
21
-98.5282979999999924
0
LINE
8
BLACK
6
CONTINUOUS
10
52.2223499999999987
20
-98.5282979999999924
11
52.4001169999999945
21
-98.6574519999999922
0
LINE
8
BLACK
6
CONTINUOUS
10
52.4001169999999945
20
-98.6574519999999922
11
52.4261549999999943
21
-98.6763699999999915
0
LINE
8
BLACK
6
CONTINUOUS
10
52.4261549999999943
20
-98.6763699999999915
11
52.5691839999999999
21
-98.7492469999999969
0
LINE
8
BLACK
6
CONTINUOUS
10
52.5691839999999999
20
-98.7492469999999969
11
52.6506159999999994
21
-98.7907390000000021
0
LINE
8
BLACK
6
CONTINUOUS
10
52.6506159999999994
20
-98.7907390000000021
11
52.6506179999999944
21
-98.7907390000000021
0
LINE
8
BLACK
6
CONTINUOUS
10
52.6506179999999944
20
-98.7907390000000021
11
52.650621000000001
21
-98.790740999999997
0
LINE
8
BLACK
6
CONTINUOUS
10
52.650621000000001
20
-98.790740999999997
11
52.8902149999999978
21
-98.8685899999999975
0
LINE
8
BLACK
6
CONTINUOUS
10
52.8902149999999978
20
-98.8685899999999975
11
53.1390379999999993
21
-98.9080000000000013
0
LINE
8
BLACK
6
CONTINUOUS
10
53.1390379999999993
20
-98.9080000000000013
11
53.1390389999999968
21
-98.9080000000000013
0
LINE
8
BLACK
6
CONTINUOUS
10
53.1390389999999968
20
-98.9080000000000013
11
54.1909609999999944
21
-98.9080000000000013
0
LINE
8
BLACK
6
CONTINUOUS
10
54.1909609999999944
20
-98.9080000000000013
11
54.190961999999999
21
-98.9080000000000013
0
LINE
8
BLACK
6
CONTINUOUS
10
54.190961999999999
20
-98.9080000000000013
11
54.4397850000000005
21
-98.8685899999999975
0
LINE
8
BLACK
6
CONTINUOUS
10
54.4397850000000005
20
-98.8685899999999975
11
54.6793789999999973
21
-98.790740999999997
0
LINE
8
BLACK
6
CONTINUOUS
10
54.6793789999999973
20
-98.790740999999997
11
54.9038449999999969
21
-98.6763699999999915
0
LINE
8
BLACK
6
CONTINUOUS
10
54.9038449999999969
20
-98.6763699999999915
11
55.1076559999999986
21
-98.5282929999999908
0
LINE
8
BLACK
6
CONTINUOUS
10
55.1076559999999986
20
-98.5282929999999908
11
55.2857929999999982
21
-98.3501559999999984
0
LINE
8
BLACK
6
CONTINUOUS
10
55.2857929999999982
20
-98.3501559999999984
11
55.4338699999999989
21
-98.1463449999999966
0
LINE
8
BLACK
6
CONTINUOUS
10
55.4338699999999989
20
-98.1463449999999966
11
55.5482409999999973
21
-97.9218789999999899
0
LINE
8
BLACK
6
CONTINUOUS
10
55.5482409999999973
20
-97.9218789999999899
11
55.6260899999999978
21
-97.6822849999999931
0
LINE
8
BLACK
6
CONTINUOUS
10
55.6260899999999978
20
-97.6822849999999931
11
55.6654999999999944
21
-97.4334619999999916
0
LINE
8
BLACK
6
CONTINUOUS
10
55.6654999999999944
20
-97.4334619999999916
11
55.6654999999999944
21
-97.1815379999999891
0
LINE
8
BLACK
6
CONTINUOUS
10
55.6654999999999944
20
-97.1815379999999891
11
55.6260899999999978
21
-96.9327150000000017
0
LINE
8
BLACK
6
CONTINUOUS
10
55.6260899999999978
20
-96.9327150000000017
11
55.5482409999999973
21
-96.6931209999999908
0
LINE
8
BLACK
6
CONTINUOUS
10
55.5482409999999973
20
-96.6931209999999908
11
55.5482389999999953
21
-96.6931179999999983
0
LINE
8
BLACK
6
CONTINUOUS
10
55.5482389999999953
20
-96.6931179999999983
11
55.5482389999999953
21
-96.6931159999999892
0
LINE
8
BLACK
6
CONTINUOUS
10
55.5482389999999953
20
-96.6931159999999892
11
55.5048129999999986
21
-96.6078890000000001
0
LINE
8
BLACK
6
CONTINUOUS
10
55.5048129999999986
20
-96.6078890000000001
11
55.4338699999999989
21
-96.4686549999999983
0
LINE
8
BLACK
6
CONTINUOUS
10
55.4338699999999989
20
-96.4686549999999983
11
55.4149519999999995
21
-96.4426169999999985
0
LINE
8
BLACK
6
CONTINUOUS
10
55.4149519999999995
20
-96.4426169999999985
11
55.2857979999999998
21
-96.2648499999999956
0
LINE
8
BLACK
6
CONTINUOUS
10
55.2857979999999998
20
-96.2648499999999956
11
55.2857939999999957
21
-96.264844999999994
0
LINE
8
BLACK
6
CONTINUOUS
10
55.2857939999999957
20
-96.264844999999994
11
55.1461299999999994
21
-96.1251809999999978
0
LINE
8
BLACK
6
CONTINUOUS
10
55.1461299999999994
20
-96.1251809999999978
11
55.1126450000000006
21
-96.0638579999999962
0
LINE
8
BLACK
6
CONTINUOUS
10
55.1126450000000006
20
-96.0638579999999962
11
55.1176290000000009
21
-95.9941659999999928
0
LINE
8
BLACK
6
CONTINUOUS
10
55.1176290000000009
20
-95.9941659999999928
11
55.1461299999999994
21
-95.9498189999999909
0
LINE
8
BLACK
6
CONTINUOUS
10
55.1461299999999994
20
-95.9498189999999909
11
55.2857929999999982
21
-95.8101559999999921
0
LINE
8
BLACK
6
CONTINUOUS
10
55.2857929999999982
20
-95.8101559999999921
11
55.4338699999999989
21
-95.6063449999999904
0
LINE
8
BLACK
6
CONTINUOUS
10
55.4338699999999989
20
-95.6063449999999904
11
55.5482409999999973
21
-95.3818789999999979
0
LINE
8
BLACK
6
CONTINUOUS
10
55.5482409999999973
20
-95.3818789999999979
11
55.6260899999999978
21
-95.1422850000000011
0
LINE
8
BLACK
6
CONTINUOUS
10
55.6260899999999978
20
-95.1422850000000011
11
55.6654999999999944
21
-94.8934619999999995
0
LINE
8
BLACK
6
CONTINUOUS
10
55.6654999999999944
20
-94.8934619999999995
11
55.6654999999999944
21
-94.6415379999999971
0
LINE
8
BLACK
6
CONTINUOUS
10
55.6654999999999944
20
-94.6415379999999971
11
55.6260899999999978
21
-94.3927149999999955
0
LINE
8
BLACK
6
CONTINUOUS
10
55.6260899999999978
20
-94.3927149999999955
11
55.5482409999999973
21
-94.1531209999999987
0
LINE
8
BLACK
6
CONTINUOUS
10
55.5482409999999973
20
-94.1531209999999987
11
55.5482389999999953
21
-94.1531179999999921
0
LINE
8
BLACK
6
CONTINUOUS
10
55.5482389999999953
20
-94.1531179999999921
11
55.5482389999999953
21
-94.1531159999999971
0
LINE
8
BLACK
6
CONTINUOUS
10
55.5482389999999953
20
-94.1531159999999971
11
55.4798049999999989
21
-94.0188079999999928
0
LINE
8
BLACK
6
CONTINUOUS
10
55.4798049999999989
20
-94.0188079999999928
11
55.4338699999999989
21
-93.928654999999992
0
LINE
8
BLACK
6
CONTINUOUS
10
55.4338699999999989
20
-93.928654999999992
11
55.4116569999999982
21
-93.8980809999999906
0
LINE
8
BLACK
6
CONTINUOUS
10
55.4116569999999982
20
-93.8980809999999906
11
55.2858239999999981
21
-93.7248850000000004
0
LINE
8
BLACK
6
CONTINUOUS
10
55.2858239999999981
20
-93.7248850000000004
11
55.2623439999999988
21
-93.6590789999999913
0
LINE
8
BLACK
6
CONTINUOUS
10
55.2623439999999988
20
-93.6590789999999913
11
55.2781699999999958
21
-93.5910250000000019
0
LINE
8
BLACK
6
CONTINUOUS
10
55.2781699999999958
20
-93.5910250000000019
11
55.3282759999999953
21
-93.5423299999999927
0
LINE
8
BLACK
6
CONTINUOUS
10
55.3282759999999953
20
-93.5423299999999927
11
55.3861419999999995
21
-93.5279999999999916
0
LINE
8
BLACK
6
CONTINUOUS
10
55.3861419999999995
20
-93.5279999999999916
11
56.2690509999999975
21
-93.5279999999999916
0
LINE
8
BLACK
6
CONTINUOUS
10
56.2690509999999975
20
-93.5279999999999916
11
56.269051999999995
21
-93.5279999999999916
0
LINE
8
BLACK
6
CONTINUOUS
10
56.269051999999995
20
-93.5279999999999916
11
56.4712339999999955
21
-93.4959769999999963
0
LINE
8
BLACK
6
CONTINUOUS
10
56.4712339999999955
20
-93.4959769999999963
11
56.6659189999999953
21
-93.4327199999999891
0
LINE
8
BLACK
6
CONTINUOUS
10
56.6659189999999953
20
-93.4327199999999891
11
56.8483099999999979
21
-93.3397870000000012
0
LINE
8
BLACK
6
CONTINUOUS
10
56.8483099999999979
20
-93.3397870000000012
11
56.9441500000000005
21
-93.2701560000000001
0
LINE
8
BLACK
6
CONTINUOUS
10
56.9441500000000005
20
-93.2701560000000001
11
57.0139129999999952
21
-93.2194709999999986
0
LINE
8
BLACK
6
CONTINUOUS
10
57.0139129999999952
20
-93.2194709999999986
11
57.0139149999999972
21
-93.219467999999992
0
LINE
8
BLACK
6
CONTINUOUS
10
57.0139149999999972
20
-93.219467999999992
11
57.0139189999999942
21
-93.2194659999999971
0
LINE
8
BLACK
6
CONTINUOUS
10
57.0139189999999942
20
-93.2194659999999971
11
57.1586659999999966
21
-93.0747190000000018
0
LINE
8
BLACK
6
CONTINUOUS
10
57.1586659999999966
20
-93.0747190000000018
11
57.1586679999999987
21
-93.0747149999999976
0
LINE
8
BLACK
6
CONTINUOUS
10
57.1586679999999987
20
-93.0747149999999976
11
57.1586709999999982
21
-93.0747130000000027
0
LINE
8
BLACK
6
CONTINUOUS
10
57.1586709999999982
20
-93.0747130000000027
11
57.2170050000000003
21
-92.9944210000000027
0
LINE
8
BLACK
6
CONTINUOUS
10
57.2170050000000003
20
-92.9944210000000027
11
57.2789870000000008
21
-92.9091099999999983
0
LINE
8
BLACK
6
CONTINUOUS
10
57.2789870000000008
20
-92.9091099999999983
11
57.3719199999999958
21
-92.7267190000000028
0
LINE
8
BLACK
6
CONTINUOUS
10
57.3719199999999958
20
-92.7267190000000028
11
57.4351769999999959
21
-92.5320339999999959
0
LINE
8
BLACK
6
CONTINUOUS
10
57.4351769999999959
20
-92.5320339999999959
11
57.4671999999999983
21
-92.3298520000000025
0
LINE
8
BLACK
6
CONTINUOUS
10
57.4671999999999983
20
-92.3298520000000025
11
57.4671999999999983
21
-90.8359480000000019
0
LINE
8
BLACK
6
CONTINUOUS
10
57.4671999999999983
20
-90.8359480000000019
11
57.4479259999999954
21
-90.7142599999999959
0
LINE
8
BLACK
6
CONTINUOUS
10
57.4479259999999954
20
-90.7142599999999959
11
57.4351769999999959
21
-90.6337649999999968
0
LINE
8
BLACK
6
CONTINUOUS
10
57.4351769999999959
20
-90.6337649999999968
11
57.3734219999999979
21
-90.4437059999999917
0
LINE
8
BLACK
6
CONTINUOUS
10
57.3734219999999979
20
-90.4437059999999917
11
57.3707819999999984
21
-90.4343420000000009
0
LINE
8
BLACK
6
CONTINUOUS
10
57.3707819999999984
20
-90.4343420000000009
11
57.3684930000000008
21
-90.4248070000000013
0
LINE
8
BLACK
6
CONTINUOUS
10
57.3684930000000008
20
-90.4248070000000013
11
57.3699319999999986
21
-90.4244609999999938
0
LINE
8
BLACK
6
CONTINUOUS
10
57.3699319999999986
20
-90.4244609999999938
11
57.3602229999999977
21
-90.3727700000000027
0
LINE
8
BLACK
6
CONTINUOUS
10
57.3602229999999977
20
-90.3727700000000027
11
57.3864969999999985
21
-90.3080289999999906
0
LINE
8
BLACK
6
CONTINUOUS
10
57.3864969999999985
20
-90.3080289999999906
11
57.3959139999999977
21
-90.2974689999999924
0
LINE
8
BLACK
6
CONTINUOUS
10
57.3959139999999977
20
-90.2974689999999924
11
58.8177649999999943
21
-88.8756190000000004
0
LINE
8
BLACK
6
CONTINUOUS
10
58.8177649999999943
20
-88.8756190000000004
11
58.8790879999999959
21
-88.8421340000000015
0
LINE
8
BLACK
6
CONTINUOUS
10
58.8790879999999959
20
-88.8421340000000015
11
58.9054459999999978
21
-88.8392999999999944
0
LINE
8
BLACK
6
CONTINUOUS
10
58.9054459999999978
20
-88.8392999999999944
11
61.1466739999999973
21
-88.8392999999999944
0
LINE
8
BLACK
6
CONTINUOUS
10
61.1466739999999973
20
-88.8392999999999944
11
61.161170999999996
21
-88.8435569999999899
0
LINE
8
BLACK
6
CONTINUOUS
10
46.5234139999999954
20
-83.8113519999999994
11
46.6772279999999995
21
-83.8419480000000021
0
LINE
8
BLACK
6
CONTINUOUS
10
46.6772279999999995
20
-83.8419480000000021
11
46.8221169999999987
21
-83.901962999999995
0
LINE
8
BLACK
6
CONTINUOUS
10
46.8221169999999987
20
-83.901962999999995
11
46.9525149999999982
21
-83.9890919999999994
0
LINE
8
BLACK
6
CONTINUOUS
10
46.9525149999999982
20
-83.9890919999999994
11
47.0634079999999955
21
-84.0999849999999896
0
LINE
8
BLACK
6
CONTINUOUS
10
47.0634079999999955
20
-84.0999849999999896
11
47.1505369999999999
21
-84.2303829999999891
0
LINE
8
BLACK
6
CONTINUOUS
10
47.1505369999999999
20
-84.2303829999999891
11
47.2105519999999999
21
-84.3752719999999954
0
LINE
8
BLACK
6
CONTINUOUS
10
47.2105519999999999
20
-84.3752719999999954
11
47.2411479999999955
21
-84.5290859999999924
0
LINE
8
BLACK
6
CONTINUOUS
10
47.2411479999999955
20
-84.5290859999999924
11
47.2411479999999955
21
-84.6859139999999968
0
LINE
8
BLACK
6
CONTINUOUS
10
47.2411479999999955
20
-84.6859139999999968
11
47.2105519999999999
21
-84.8397279999999938
0
LINE
8
BLACK
6
CONTINUOUS
10
47.2105519999999999
20
-84.8397279999999938
11
47.1505369999999999
21
-84.9846170000000001
0
LINE
8
BLACK
6
CONTINUOUS
10
47.1505369999999999
20
-84.9846170000000001
11
47.0634079999999955
21
-85.1150149999999996
0
LINE
8
BLACK
6
CONTINUOUS
10
47.0634079999999955
20
-85.1150149999999996
11
46.9525149999999982
21
-85.2259079999999898
0
LINE
8
BLACK
6
CONTINUOUS
10
46.9525149999999982
20
-85.2259079999999898
11
46.8221169999999987
21
-85.3130369999999942
0
LINE
8
BLACK
6
CONTINUOUS
10
46.8221169999999987
20
-85.3130369999999942
11
46.6772279999999995
21
-85.3730520000000013
0
LINE
8
BLACK
6
CONTINUOUS
10
46.6772279999999995
20
-85.3730520000000013
11
46.5234139999999954
21
-85.4036479999999898
0
LINE
8
BLACK
6
CONTINUOUS
10
46.5234139999999954
20
-85.4036479999999898
11
46.4450000000000003
21
-85.4074999999999989
0
LINE
8
BLACK
6
CONTINUOUS
10
46.4450000000000003
20
-85.4074999999999989
11
45.644999999999996
21
-85.4074999999999989
0
LINE
8
BLACK
6
CONTINUOUS
10
45.644999999999996
20
-85.4074999999999989
11
45.5665860000000009
21
-85.4036479999999898
0
LINE
8
BLACK
6
CONTINUOUS
10
45.5665860000000009
20
-85.4036479999999898
11
45.4127719999999968
21
-85.3730520000000013
0
LINE
8
BLACK
6
CONTINUOUS
10
45.4127719999999968
20
-85.3730520000000013
11
45.2678829999999977
21
-85.3130369999999942
0
LINE
8
BLACK
6
CONTINUOUS
10
45.2678829999999977
20
-85.3130369999999942
11
45.1374849999999981
21
-85.2259079999999898
0
LINE
8
BLACK
6
CONTINUOUS
10
45.1374849999999981
20
-85.2259079999999898
11
45.0265920000000008
21
-85.1150149999999996
0
LINE
8
BLACK
6
CONTINUOUS
10
45.0265920000000008
20
-85.1150149999999996
11
45.0215709999999945
21
-85.1075000000000017
0
LINE
8
BLACK
6
CONTINUOUS
10
45.0215709999999945
20
-85.1075000000000017
11
44.043299999999995
21
-85.1075000000000017
0
LINE
8
BLACK
6
CONTINUOUS
10
44.043299999999995
20
-85.1075000000000017
11
44.043299999999995
21
-91.727499999999992
0
LINE
8
BLACK
6
CONTINUOUS
10
44.043299999999995
20
-91.727499999999992
11
45.0215709999999945
21
-91.727499999999992
0
LINE
8
BLACK
6
CONTINUOUS
10
45.0215709999999945
20
-91.727499999999992
11
45.0265920000000008
21
-91.7199849999999941
0
LINE
8
BLACK
6
CONTINUOUS
10
45.0265920000000008
20
-91.7199849999999941
11
45.1374849999999981
21
-91.6090919999999898
0
LINE
8
BLACK
6
CONTINUOUS
10
45.1374849999999981
20
-91.6090919999999898
11
45.2678829999999977
21
-91.5219629999999995
0
LINE
8
BLACK
6
CONTINUOUS
10
45.2678829999999977
20
-91.5219629999999995
11
45.4127719999999968
21
-91.4619479999999925
0
LINE
8
BLACK
6
CONTINUOUS
10
45.4127719999999968
20
-91.4619479999999925
11
45.5665860000000009
21
-91.4313519999999897
0
LINE
8
BLACK
6
CONTINUOUS
10
45.5665860000000009
20
-91.4313519999999897
11
45.644999999999996
21
-91.4274999999999949
0
LINE
8
BLACK
6
CONTINUOUS
10
45.644999999999996
20
-91.4274999999999949
11
46.4450000000000003
21
-91.4274999999999949
0
LINE
8
BLACK
6
CONTINUOUS
10
46.4450000000000003
20
-91.4274999999999949
11
46.5234139999999954
21
-91.4313519999999897
0
LINE
8
BLACK
6
CONTINUOUS
10
46.5234139999999954
20
-91.4313519999999897
11
46.6772279999999995
21
-91.4619479999999925
0
LINE
8
BLACK
6
CONTINUOUS
10
46.6772279999999995
20
-91.4619479999999925
11
46.8221169999999987
21
-91.5219629999999995
0
LINE
8
BLACK
6
CONTINUOUS
10
46.8221169999999987
20
-91.5219629999999995
11
46.9525149999999982
21
-91.6090919999999898
0
LINE
8
BLACK
6
CONTINUOUS
10
46.9525149999999982
20
-91.6090919999999898
11
47.0634079999999955
21
-91.7199849999999941
0
LINE
8
BLACK
6
CONTINUOUS
10
47.0634079999999955
20
-91.7199849999999941
11
47.1505369999999999
21
-91.8503829999999937
0
LINE
8
BLACK
6
CONTINUOUS
10
47.1505369999999999
20
-91.8503829999999937
11
47.2105519999999999
21
-91.9952719999999999
0
LINE
8
BLACK
6
CONTINUOUS
10
47.2105519999999999
20
-91.9952719999999999
11
47.2411479999999955
21
-92.1490859999999969
0
LINE
8
BLACK
6
CONTINUOUS
10
47.2411479999999955
20
-92.1490859999999969
11
47.2411479999999955
21
-92.1657999999999902
0
LINE
8
BLACK
6
CONTINUOUS
10
47.2411479999999955
20
-92.1657999999999902
11
47.3155999999999963
21
-92.1657999999999902
0
LINE
8
BLACK
6
CONTINUOUS
10
47.3155999999999963
20
-92.1657999999999902
11
47.3808480000000003
21
-92.170076999999992
0
LINE
8
BLACK
6
CONTINUOUS
10
47.3808480000000003
20
-92.170076999999992
11
47.380862999999998
21
-92.170076999999992
0
LINE
8
BLACK
6
CONTINUOUS
10
47.380862999999998
20
-92.170076999999992
11
47.5069419999999951
21
-92.2038599999999917
0
LINE
8
BLACK
6
CONTINUOUS
10
47.5069419999999951
20
-92.2038599999999917
11
47.6199809999999957
21
-92.2691229999999933
0
LINE
8
BLACK
6
CONTINUOUS
10
47.6199809999999957
20
-92.2691229999999933
11
47.6199960000000004
21
-92.2691379999999981
0
LINE
8
BLACK
6
CONTINUOUS
10
47.6199960000000004
20
-92.2691379999999981
11
47.6691529999999943
21
-92.3122469999999993
0
LINE
8
BLACK
6
CONTINUOUS
10
47.6691529999999943
20
-92.3122469999999993
11
50.1090540000000004
21
-94.7521469999999937
0
LINE
8
BLACK
6
CONTINUOUS
10
50.1090540000000004
20
-94.7521469999999937
11
50.1521690000000007
21
-94.8013109999999983
0
LINE
8
BLACK
6
CONTINUOUS
10
50.1521690000000007
20
-94.8013109999999983
11
50.1521769999999947
21
-94.8013189999999923
0
LINE
8
BLACK
6
CONTINUOUS
10
50.1521769999999947
20
-94.8013189999999923
11
50.2174399999999963
21
-94.9143579999999929
0
LINE
8
BLACK
6
CONTINUOUS
10
50.2174399999999963
20
-94.9143579999999929
11
50.2174399999999963
21
-94.9143589999999904
0
LINE
8
BLACK
6
CONTINUOUS
10
50.2174399999999963
20
-94.9143589999999904
11
50.251222999999996
21
-95.0404369999999972
0
LINE
8
BLACK
6
CONTINUOUS
10
50.251222999999996
20
-95.0404369999999972
11
50.251222999999996
21
-95.0404520000000019
0
LINE
8
BLACK
6
CONTINUOUS
10
50.251222999999996
20
-95.0404520000000019
11
50.2554999999999978
21
-95.1056999999999988
0
LINE
8
BLACK
6
CONTINUOUS
10
50.2554999999999978
20
-95.1056999999999988
11
50.2554999999999978
21
-100.1491929999999968
0
LINE
8
BLACK
6
CONTINUOUS
10
50.2554999999999978
20
-100.1491929999999968
11
52.7385540000000006
21
-102.6322469999999925
0
LINE
8
BLACK
6
CONTINUOUS
10
52.7385540000000006
20
-102.6322469999999925
11
52.7816690000000008
21
-102.6814109999999971
0
LINE
8
BLACK
6
CONTINUOUS
10
52.7816690000000008
20
-102.6814109999999971
11
52.7816769999999948
21
-102.6814189999999911
0
LINE
8
BLACK
6
CONTINUOUS
10
52.7816769999999948
20
-102.6814189999999911
11
52.8469399999999965
21
-102.7944579999999917
0
LINE
8
BLACK
6
CONTINUOUS
10
52.8469399999999965
20
-102.7944579999999917
11
52.8469399999999965
21
-102.7944589999999891
0
LINE
8
BLACK
6
CONTINUOUS
10
52.8469399999999965
20
-102.7944589999999891
11
52.8807229999999961
21
-102.9205369999999959
0
LINE
8
BLACK
6
CONTINUOUS
10
52.8807229999999961
20
-102.9205369999999959
11
52.8807229999999961
21
-102.9205520000000007
0
LINE
8
BLACK
6
CONTINUOUS
10
52.8807229999999961
20
-102.9205520000000007
11
52.884999999999998
21
-102.9857999999999976
0
LINE
8
BLACK
6
CONTINUOUS
10
52.884999999999998
20
-102.9857999999999976
11
52.884999999999998
21
-104.4542249999999939
0
LINE
8
BLACK
6
CONTINUOUS
10
52.884999999999998
20
-104.4542249999999939
11
52.9242339999999984
21
-104.480440999999999
0
LINE
8
BLACK
6
CONTINUOUS
10
52.9242339999999984
20
-104.480440999999999
11
53.0420589999999947
21
-104.5982659999999953
0
LINE
8
BLACK
6
CONTINUOUS
10
53.0420589999999947
20
-104.5982659999999953
11
53.1346330000000009
21
-104.7368129999999979
0
LINE
8
BLACK
6
CONTINUOUS
10
53.1346330000000009
20
-104.7368129999999979
11
53.1983989999999949
21
-104.8907579999999911
0
LINE
8
BLACK
6
CONTINUOUS
10
53.1983989999999949
20
-104.8907579999999911
11
53.2309069999999949
21
-105.0541849999999897
0
LINE
8
BLACK
6
CONTINUOUS
10
53.2309069999999949
20
-105.0541849999999897
11
53.2349999999999994
21
-105.1374999999999886
0
LINE
8
BLACK
6
CONTINUOUS
10
53.2349999999999994
20
-105.1374999999999886
11
53.2349999999999994
21
-105.4375
0
LINE
8
BLACK
6
CONTINUOUS
10
53.2349999999999994
20
-105.4375
11
53.2309069999999949
21
-105.5208149999999989
0
LINE
8
BLACK
6
CONTINUOUS
10
53.2309069999999949
20
-105.5208149999999989
11
53.1983989999999949
21
-105.6842419999999976
0
LINE
8
BLACK
6
CONTINUOUS
10
53.1983989999999949
20
-105.6842419999999976
11
53.1346330000000009
21
-105.8381869999999907
0
LINE
8
BLACK
6
CONTINUOUS
10
53.1346330000000009
20
-105.8381869999999907
11
53.0420589999999947
21
-105.9767339999999933
0
LINE
8
BLACK
6
CONTINUOUS
10
53.0420589999999947
20
-105.9767339999999933
11
52.9242339999999984
21
-106.0945589999999896
0
LINE
8
BLACK
6
CONTINUOUS
10
52.9242339999999984
20
-106.0945589999999896
11
52.884999999999998
21
-106.1207739999999973
0
LINE
8
BLACK
6
CONTINUOUS
10
52.884999999999998
20
-106.1207739999999973
11
52.884999999999998
21
-107.382093999999995
0
LINE
8
BLACK
6
CONTINUOUS
10
52.884999999999998
20
-107.382093999999995
11
53.6185529999999986
21
-108.1156469999999956
0
LINE
8
BLACK
6
CONTINUOUS
10
53.6185529999999986
20
-108.1156469999999956
11
53.6616609999999952
21
-108.164802999999992
0
LINE
8
BLACK
6
CONTINUOUS
10
53.6616609999999952
20
-108.164802999999992
11
53.6616769999999974
21
-108.1648189999999943
0
LINE
8
BLACK
6
CONTINUOUS
10
53.6616769999999974
20
-108.1648189999999943
11
53.7197010000000006
21
-108.2653199999999885
0
LINE
8
BLACK
6
CONTINUOUS
10
53.7197010000000006
20
-108.2653199999999885
11
53.726939999999999
21
-108.2778579999999948
0
LINE
8
BLACK
6
CONTINUOUS
10
53.726939999999999
20
-108.2778579999999948
11
53.7607229999999987
21
-108.4039369999999991
0
LINE
8
BLACK
6
CONTINUOUS
10
53.7607229999999987
20
-108.4039369999999991
11
53.7607229999999987
21
-108.4039519999999897
0
LINE
8
BLACK
6
CONTINUOUS
10
53.7607229999999987
20
-108.4039519999999897
11
53.7650000000000006
21
-108.4692000000000007
0
LINE
8
BLACK
6
CONTINUOUS
10
53.7650000000000006
20
-108.4692000000000007
11
53.7650000000000006
21
-110.7140699999999924
0
LINE
8
BLACK
6
CONTINUOUS
10
53.7650000000000006
20
-110.7140699999999924
11
53.7725149999999985
21
-110.7190919999999892
0
LINE
8
BLACK
6
CONTINUOUS
10
53.7725149999999985
20
-110.7190919999999892
11
53.8834079999999958
21
-110.8299849999999935
0
LINE
8
BLACK
6
CONTINUOUS
10
53.8834079999999958
20
-110.8299849999999935
11
53.9705370000000002
21
-110.9603829999999931
0
LINE
8
BLACK
6
CONTINUOUS
10
53.9705370000000002
20
-110.9603829999999931
11
54.0305520000000001
21
-111.1052719999999994
0
LINE
8
BLACK
6
CONTINUOUS
10
54.0305520000000001
20
-111.1052719999999994
11
54.0611479999999958
21
-111.2590859999999964
0
LINE
8
BLACK
6
CONTINUOUS
10
54.0611479999999958
20
-111.2590859999999964
11
54.0611479999999958
21
-111.4159140000000008
0
LINE
8
BLACK
6
CONTINUOUS
10
54.0611479999999958
20
-111.4159140000000008
11
54.0305520000000001
21
-111.5697279999999978
0
LINE
8
BLACK
6
CONTINUOUS
10
54.0305520000000001
20
-111.5697279999999978
11
53.9705370000000002
21
-111.7146169999999898
0
LINE
8
BLACK
6
CONTINUOUS
10
53.9705370000000002
20
-111.7146169999999898
11
53.8834079999999958
21
-111.8450149999999894
0
LINE
8
BLACK
6
CONTINUOUS
10
53.8834079999999958
20
-111.8450149999999894
11
53.7725149999999985
21
-111.9559079999999938
0
LINE
8
BLACK
6
CONTINUOUS
10
53.7725149999999985
20
-111.9559079999999938
11
53.6421169999999989
21
-112.0430369999999982
0
LINE
8
BLACK
6
CONTINUOUS
10
53.6421169999999989
20
-112.0430369999999982
11
53.4972279999999998
21
-112.103051999999991
0
LINE
8
BLACK
6
CONTINUOUS
10
53.4972279999999998
20
-112.103051999999991
11
53.3434139999999957
21
-112.1336479999999938
0
LINE
8
BLACK
6
CONTINUOUS
10
53.3434139999999957
20
-112.1336479999999938
11
53.1865859999999984
21
-112.1336479999999938
0
LINE
8
BLACK
6
CONTINUOUS
10
53.1865859999999984
20
-112.1336479999999938
11
53.0327719999999943
21
-112.103051999999991
0
LINE
8
BLACK
6
CONTINUOUS
10
53.0327719999999943
20
-112.103051999999991
11
52.8878829999999951
21
-112.0430369999999982
0
LINE
8
BLACK
6
CONTINUOUS
10
52.8878829999999951
20
-112.0430369999999982
11
52.7574849999999955
21
-111.9559079999999938
0
LINE
8
BLACK
6
CONTINUOUS
10
52.7574849999999955
20
-111.9559079999999938
11
52.6465919999999983
21
-111.8450149999999894
0
LINE
8
BLACK
6
CONTINUOUS
10
52.6465919999999983
20
-111.8450149999999894
11
52.5594630000000009
21
-111.7146169999999898
0
LINE
8
BLACK
6
CONTINUOUS
10
52.5594630000000009
20
-111.7146169999999898
11
52.499448000000001
21
-111.5697279999999978
0
LINE
8
BLACK
6
CONTINUOUS
10
52.499448000000001
20
-111.5697279999999978
11
52.4688519999999983
21
-111.4159140000000008
0
LINE
8
BLACK
6
CONTINUOUS
10
52.4688519999999983
20
-111.4159140000000008
11
52.4688519999999983
21
-111.2590859999999964
0
LINE
8
BLACK
6
CONTINUOUS
10
52.4688519999999983
20
-111.2590859999999964
11
52.499448000000001
21
-111.1052719999999994
0
LINE
8
BLACK
6
CONTINUOUS
10
52.499448000000001
20
-111.1052719999999994
11
52.5594630000000009
21
-110.9603829999999931
0
LINE
8
BLACK
6
CONTINUOUS
10
52.5594630000000009
20
-110.9603829999999931
11
52.6465919999999983
21
-110.8299849999999935
0
LINE
8
BLACK
6
CONTINUOUS
10
52.6465919999999983
20
-110.8299849999999935
11
52.7574849999999955
21
-110.7190919999999892
0
LINE
8
BLACK
6
CONTINUOUS
10
52.7574849999999955
20
-110.7190919999999892
11
52.7650000000000006
21
-110.7140699999999924
0
LINE
8
BLACK
6
CONTINUOUS
10
52.7650000000000006
20
-110.7140699999999924
11
52.7650000000000006
21
-108.6763059999999967
0
LINE
8
BLACK
6
CONTINUOUS
10
52.7650000000000006
20
-108.6763059999999967
11
52.031447
21
-107.9427529999999962
0
LINE
8
BLACK
6
CONTINUOUS
10
52.031447
20
-107.9427529999999962
11
51.9883379999999988
21
-107.8935959999999881
0
LINE
8
BLACK
6
CONTINUOUS
10
51.9883379999999988
20
-107.8935959999999881
11
51.9883230000000012
21
-107.8935809999999975
0
LINE
8
BLACK
6
CONTINUOUS
10
51.9883230000000012
20
-107.8935809999999975
11
51.9230599999999995
21
-107.780541999999997
0
LINE
8
BLACK
6
CONTINUOUS
10
51.9230599999999995
20
-107.780541999999997
11
51.8992149999999981
21
-107.6915509999999898
0
LINE
8
BLACK
6
CONTINUOUS
10
51.8992149999999981
20
-107.6915509999999898
11
51.8892769999999999
21
-107.6544629999999927
0
LINE
8
BLACK
6
CONTINUOUS
10
51.8892769999999999
20
-107.6544629999999927
11
51.8892769999999999
21
-107.6544469999999905
0
LINE
8
BLACK
6
CONTINUOUS
10
51.8892769999999999
20
-107.6544469999999905
11
51.884999999999998
21
-107.5891999999999911
0
LINE
8
BLACK
6
CONTINUOUS
10
51.884999999999998
20
-107.5891999999999911
11
51.884999999999998
21
-106.1207739999999973
0
LINE
8
BLACK
6
CONTINUOUS
10
51.884999999999998
20
-106.1207739999999973
11
51.8457659999999976
21
-106.0945589999999896
0
LINE
8
BLACK
6
CONTINUOUS
10
51.8457659999999976
20
-106.0945589999999896
11
51.7279409999999942
21
-105.9767339999999933
0
LINE
8
BLACK
6
CONTINUOUS
10
51.7279409999999942
20
-105.9767339999999933
11
51.6353669999999951
21
-105.8381869999999907
0
LINE
8
BLACK
6
CONTINUOUS
10
51.6353669999999951
20
-105.8381869999999907
11
51.5716010000000011
21
-105.6842419999999976
0
LINE
8
BLACK
6
CONTINUOUS
10
51.5716010000000011
20
-105.6842419999999976
11
51.5390930000000012
21
-105.5208149999999989
0
LINE
8
BLACK
6
CONTINUOUS
10
51.5390930000000012
20
-105.5208149999999989
11
51.5349999999999966
21
-105.4375
0
LINE
8
BLACK
6
CONTINUOUS
10
51.5349999999999966
20
-105.4375
11
51.5349999999999966
21
-105.1374999999999886
0
LINE
8
BLACK
6
CONTINUOUS
10
51.5349999999999966
20
-105.1374999999999886
11
51.5390930000000012
21
-105.0541849999999897
0
LINE
8
BLACK
6
CONTINUOUS
10
51.5390930000000012
20
-105.0541849999999897
11
51.5716010000000011
21
-104.8907579999999911
0
LINE
8
BLACK
6
CONTINUOUS
10
51.5716010000000011
20
-104.8907579999999911
11
51.6353669999999951
21
-104.7368129999999979
0
LINE
8
BLACK
6
CONTINUOUS
10
51.6353669999999951
20
-104.7368129999999979
11
51.7279409999999942
21
-104.5982659999999953
0
LINE
8
BLACK
6
CONTINUOUS
10
51.7279409999999942
20
-104.5982659999999953
11
51.8457659999999976
21
-104.480440999999999
0
LINE
8
BLACK
6
CONTINUOUS
10
51.8457659999999976
20
-104.480440999999999
11
51.884999999999998
21
-104.4542249999999939
0
LINE
8
BLACK
6
CONTINUOUS
10
51.884999999999998
20
-104.4542249999999939
11
51.884999999999998
21
-103.1929059999999936
0
LINE
8
BLACK
6
CONTINUOUS
10
51.884999999999998
20
-103.1929059999999936
11
49.4019469999999998
21
-100.7098529999999954
0
LINE
8
BLACK
6
CONTINUOUS
10
49.4019469999999998
20
-100.7098529999999954
11
49.3588379999999987
21
-100.6606960000000015
0
LINE
8
BLACK
6
CONTINUOUS
10
49.3588379999999987
20
-100.6606960000000015
11
49.358823000000001
21
-100.6606809999999967
0
LINE
8
BLACK
6
CONTINUOUS
10
49.358823000000001
20
-100.6606809999999967
11
49.2935599999999994
21
-100.5476419999999962
0
LINE
8
BLACK
6
CONTINUOUS
10
49.2935599999999994
20
-100.5476419999999962
11
49.2697149999999979
21
-100.458650999999989
0
LINE
8
BLACK
6
CONTINUOUS
10
49.2697149999999979
20
-100.458650999999989
11
49.2597769999999997
21
-100.4215629999999919
0
LINE
8
BLACK
6
CONTINUOUS
10
49.2597769999999997
20
-100.4215629999999919
11
49.2597769999999997
21
-100.4215469999999897
0
LINE
8
BLACK
6
CONTINUOUS
10
49.2597769999999997
20
-100.4215469999999897
11
49.2554999999999978
21
-100.3562999999999903
0
LINE
8
BLACK
6
CONTINUOUS
10
49.2554999999999978
20
-100.3562999999999903
11
49.2554999999999978
21
-95.3128059999999948
0
LINE
8
BLACK
6
CONTINUOUS
10
49.2554999999999978
20
-95.3128059999999948
11
47.1084940000000003
21
-93.1657999999999902
0
LINE
8
BLACK
6
CONTINUOUS
10
47.1084940000000003
20
-93.1657999999999902
11
44.981505999999996
21
-93.1657999999999902
0
LINE
8
BLACK
6
CONTINUOUS
10
44.981505999999996
20
-93.1657999999999902
11
44.4895530000000008
21
-93.6577529999999996
0
LINE
8
BLACK
6
CONTINUOUS
10
44.4895530000000008
20
-93.6577529999999996
11
44.4403959999999998
21
-93.7008609999999891
0
LINE
8
BLACK
6
CONTINUOUS
10
44.4403959999999998
20
-93.7008609999999891
11
44.440380999999995
21
-93.7008769999999913
0
LINE
8
BLACK
6
CONTINUOUS
10
44.440380999999995
20
-93.7008769999999913
11
44.3273419999999945
21
-93.7661399999999929
0
LINE
8
BLACK
6
CONTINUOUS
10
44.3273419999999945
20
-93.7661399999999929
11
44.2012629999999973
21
-93.7999229999999926
0
LINE
8
BLACK
6
CONTINUOUS
10
44.2012629999999973
20
-93.7999229999999926
11
44.2012479999999996
21
-93.7999229999999926
0
LINE
8
BLACK
6
CONTINUOUS
10
44.2012479999999996
20
-93.7999229999999926
11
44.1359999999999957
21
-93.8041999999999945
0
LINE
8
BLACK
6
CONTINUOUS
10
44.1359999999999957
20
-93.8041999999999945
11
43.756699999999995
21
-93.8041999999999945
0
LINE
8
BLACK
6
CONTINUOUS
10
43.756699999999995
20
-93.8041999999999945
11
43.6914519999999982
21
-93.7999229999999926
0
LINE
8
BLACK
6
CONTINUOUS
10
43.6914519999999982
20
-93.7999229999999926
11
43.6914370000000005
21
-93.7999229999999926
0
LINE
8
BLACK
6
CONTINUOUS
10
43.6914370000000005
20
-93.7999229999999926
11
43.5653579999999963
21
-93.7661399999999929
0
LINE
8
BLACK
6
CONTINUOUS
10
43.5653579999999963
20
-93.7661399999999929
11
43.4523189999999957
21
-93.7008769999999913
0
LINE
8
BLACK
6
CONTINUOUS
10
43.4523189999999957
20
-93.7008769999999913
11
43.4523099999999971
21
-93.7008679999999998
0
LINE
8
BLACK
6
CONTINUOUS
10
43.4523099999999971
20
-93.7008679999999998
11
43.4031459999999996
21
-93.6577529999999996
0
LINE
8
BLACK
6
CONTINUOUS
10
43.4031459999999996
20
-93.6577529999999996
11
43.189746999999997
21
-93.4443529999999924
0
LINE
8
BLACK
6
CONTINUOUS
10
43.189746999999997
20
-93.4443529999999924
11
43.1466379999999958
21
-93.3951959999999985
0
LINE
8
BLACK
6
CONTINUOUS
10
43.1466379999999958
20
-93.3951959999999985
11
43.1466229999999982
21
-93.3951809999999938
0
LINE
8
BLACK
6
CONTINUOUS
10
43.1466229999999982
20
-93.3951809999999938
11
43.0813599999999965
21
-93.2821419999999932
0
LINE
8
BLACK
6
CONTINUOUS
10
43.0813599999999965
20
-93.2821419999999932
11
43.0781479999999988
21
-93.2701560000000001
0
LINE
8
BLACK
6
CONTINUOUS
10
43.0781479999999988
20
-93.2701560000000001
11
43.0475769999999969
21
-93.156062999999989
0
LINE
8
BLACK
6
CONTINUOUS
10
43.0475769999999969
20
-93.156062999999989
11
43.0475769999999969
21
-93.1560470000000009
0
LINE
8
BLACK
6
CONTINUOUS
10
43.0475769999999969
20
-93.1560470000000009
11
43.043299999999995
21
-93.0908000000000015
0
LINE
8
BLACK
6
CONTINUOUS
10
43.043299999999995
20
-93.0908000000000015
11
43.043299999999995
21
-92.227499999999992
0
LINE
8
BLACK
6
CONTINUOUS
10
43.043299999999995
20
-92.227499999999992
11
43.043299999999995
21
-84.6075000000000017
0
LINE
8
BLACK
6
CONTINUOUS
10
43.043299999999995
20
-84.6075000000000017
11
43.0475780000000015
21
-84.5422370000000001
0
LINE
8
BLACK
6
CONTINUOUS
10
43.0475780000000015
20
-84.5422370000000001
11
43.0813599999999965
21
-84.4161579999999958
0
LINE
8
BLACK
6
CONTINUOUS
10
43.0813599999999965
20
-84.4161579999999958
11
43.1466229999999982
21
-84.3031189999999953
0
LINE
8
BLACK
6
CONTINUOUS
10
43.1466229999999982
20
-84.3031189999999953
11
43.2389189999999957
21
-84.2108229999999907
0
LINE
8
BLACK
6
CONTINUOUS
10
43.2389189999999957
20
-84.2108229999999907
11
43.3519579999999962
21
-84.1455600000000032
0
LINE
8
BLACK
6
CONTINUOUS
10
43.3519579999999962
20
-84.1455600000000032
11
43.4780370000000005
21
-84.111778000000001
0
LINE
8
BLACK
6
CONTINUOUS
10
43.4780370000000005
20
-84.111778000000001
11
43.543299999999995
21
-84.1075000000000017
0
LINE
8
BLACK
6
CONTINUOUS
10
43.543299999999995
20
-84.1075000000000017
11
45.0215709999999945
21
-84.1075000000000017
0
LINE
8
BLACK
6
CONTINUOUS
10
45.0215709999999945
20
-84.1075000000000017
11
45.0265920000000008
21
-84.0999849999999896
0
LINE
8
BLACK
6
CONTINUOUS
10
45.0265920000000008
20
-84.0999849999999896
11
45.1374849999999981
21
-83.9890919999999994
0
LINE
8
BLACK
6
CONTINUOUS
10
45.1374849999999981
20
-83.9890919999999994
11
45.2678829999999977
21
-83.901962999999995
0
LINE
8
BLACK
6
CONTINUOUS
10
45.2678829999999977
20
-83.901962999999995
11
45.4127719999999968
21
-83.8419480000000021
0
LINE
8
BLACK
6
CONTINUOUS
10
45.4127719999999968
20
-83.8419480000000021
11
45.5665860000000009
21
-83.8113519999999994
0
LINE
8
BLACK
6
CONTINUOUS
10
45.5665860000000009
20
-83.8113519999999994
11
45.644999999999996
21
-83.8074999999999903
0
LINE
8
BLACK
6
CONTINUOUS
10
45.644999999999996
20
-83.8074999999999903
11
46.4450000000000003
21
-83.8074999999999903
0
LINE
8
BLACK
6
CONTINUOUS
10
46.4450000000000003
20
-83.8074999999999903
11
46.5234139999999954
21
-83.8113519999999994
0
LINE
8
BLACK
6
CONTINUOUS
10
41.371502999999997
20
-97.8524340000000024
11
41.3779809999999983
21
-97.8584659999999928
0
LINE
8
BLACK
6
CONTINUOUS
10
41.3779809999999983
20
-97.8584659999999928
11
46.7948339999999945
21
-103.2753189999999961
0
LINE
8
BLACK
6
CONTINUOUS
10
46.7948339999999945
20
-103.2753189999999961
11
46.8283190000000005
21
-103.3366419999999977
0
LINE
8
BLACK
6
CONTINUOUS
10
46.8283190000000005
20
-103.3366419999999977
11
46.8233350000000002
21
-103.4063340000000011
0
LINE
8
BLACK
6
CONTINUOUS
10
46.8233350000000002
20
-103.4063340000000011
11
46.7814629999999951
21
-103.4622669999999971
0
LINE
8
BLACK
6
CONTINUOUS
10
46.7814629999999951
20
-103.4622669999999971
11
46.7159989999999965
21
-103.4866839999999968
0
LINE
8
BLACK
6
CONTINUOUS
10
46.7159989999999965
20
-103.4866839999999968
11
46.7071529999999981
21
-103.4869999999999948
0
LINE
8
BLACK
6
CONTINUOUS
10
46.7071529999999981
20
-103.4869999999999948
11
46.4100389999999976
21
-103.4869999999999948
0
LINE
8
BLACK
6
CONTINUOUS
10
46.4100389999999976
20
-103.4869999999999948
11
46.2757499999999951
21
-103.502129999999994
0
LINE
8
BLACK
6
CONTINUOUS
10
46.2757499999999951
20
-103.502129999999994
11
46.2757450000000006
21
-103.5021309999999914
0
LINE
8
BLACK
6
CONTINUOUS
10
46.2757450000000006
20
-103.5021309999999914
11
46.1054759999999959
21
-103.5617109999999883
0
LINE
8
BLACK
6
CONTINUOUS
10
46.1054759999999959
20
-103.5617109999999883
11
45.9527369999999991
21
-103.6576839999999891
0
LINE
8
BLACK
6
CONTINUOUS
10
45.9527369999999991
20
-103.6576839999999891
11
45.8251840000000001
21
-103.7852369999999951
0
LINE
8
BLACK
6
CONTINUOUS
10
45.8251840000000001
20
-103.7852369999999951
11
45.7292109999999994
21
-103.9379759999999919
0
LINE
8
BLACK
6
CONTINUOUS
10
45.7292109999999994
20
-103.9379759999999919
11
45.6696309999999954
21
-104.1082449999999966
0
LINE
8
BLACK
6
CONTINUOUS
10
45.6696309999999954
20
-104.1082449999999966
11
45.6696299999999979
21
-104.1082499999999982
0
LINE
8
BLACK
6
CONTINUOUS
10
45.6696299999999979
20
-104.1082499999999982
11
45.6544999999999987
21
-104.2425389999999936
0
LINE
8
BLACK
6
CONTINUOUS
10
45.6544999999999987
20
-104.2425389999999936
11
45.6544999999999987
21
-106.3324599999999975
0
LINE
8
BLACK
6
CONTINUOUS
10
45.6544999999999987
20
-106.3324599999999975
11
45.6696299999999979
21
-106.466748999999993
0
LINE
8
BLACK
6
CONTINUOUS
10
45.6696299999999979
20
-106.466748999999993
11
45.6696309999999954
21
-106.4667539999999946
0
LINE
8
BLACK
6
CONTINUOUS
10
45.6696309999999954
20
-106.4667539999999946
11
45.7292109999999994
21
-106.6370229999999992
0
LINE
8
BLACK
6
CONTINUOUS
10
45.7292109999999994
20
-106.6370229999999992
11
45.8251840000000001
21
-106.7897619999999961
0
LINE
8
BLACK
6
CONTINUOUS
10
45.8251840000000001
20
-106.7897619999999961
11
45.957536999999995
21
-106.9221149999999909
0
LINE
8
BLACK
6
CONTINUOUS
10
45.957536999999995
20
-106.9221149999999909
11
45.991022000000001
21
-106.9834379999999925
0
LINE
8
BLACK
6
CONTINUOUS
10
45.991022000000001
20
-106.9834379999999925
11
45.9860380000000006
21
-107.0531299999999959
0
LINE
8
BLACK
6
CONTINUOUS
10
45.9860380000000006
20
-107.0531299999999959
11
45.957536999999995
21
-107.0974769999999978
0
LINE
8
BLACK
6
CONTINUOUS
10
45.957536999999995
20
-107.0974769999999978
11
44.6530360000000002
21
-108.4019779999999997
0
LINE
8
BLACK
6
CONTINUOUS
10
44.6530360000000002
20
-108.4019779999999997
11
44.5327130000000011
21
-108.5675880000000006
0
LINE
8
BLACK
6
CONTINUOUS
10
44.5327130000000011
20
-108.5675880000000006
11
44.4862460000000013
21
-108.6587849999999946
0
LINE
8
BLACK
6
CONTINUOUS
10
44.4862460000000013
20
-108.6587849999999946
11
44.4862449999999967
21
-108.6587839999999971
0
LINE
8
BLACK
6
CONTINUOUS
10
44.4862449999999967
20
-108.6587839999999971
11
44.4397799999999989
21
-108.7499789999999962
0
LINE
8
BLACK
6
CONTINUOUS
10
44.4397799999999989
20
-108.7499789999999962
11
44.4325159999999997
21
-108.7723359999999957
0
LINE
8
BLACK
6
CONTINUOUS
10
44.4325159999999997
20
-108.7723359999999957
11
44.432508999999996
21
-108.7723569999999995
0
LINE
8
BLACK
6
CONTINUOUS
10
44.432508999999996
20
-108.7723569999999995
11
44.4320619999999948
21
-108.7737350000000021
0
LINE
8
BLACK
6
CONTINUOUS
10
44.4320619999999948
20
-108.7737350000000021
11
44.3765229999999988
21
-108.9446650000000005
0
LINE
8
BLACK
6
CONTINUOUS
10
44.3765229999999988
20
-108.9446650000000005
11
44.372760999999997
21
-108.9684179999999998
0
LINE
8
BLACK
6
CONTINUOUS
10
44.372760999999997
20
-108.9684179999999998
11
44.3714659999999981
21
-108.9765919999999966
0
LINE
8
BLACK
6
CONTINUOUS
10
44.3714659999999981
20
-108.9765919999999966
11
44.371463999999996
21
-108.9765999999999906
0
LINE
8
BLACK
6
CONTINUOUS
10
44.371463999999996
20
-108.9765999999999906
11
44.3444999999999965
21
-109.1468479999999914
0
LINE
8
BLACK
6
CONTINUOUS
10
44.3444999999999965
20
-109.1468479999999914
11
44.3444999999999965
21
-110.3642609999999991
0
LINE
8
BLACK
6
CONTINUOUS
10
44.3444999999999965
20
-110.3642609999999991
11
44.324815000000001
21
-110.4312999999999931
0
LINE
8
BLACK
6
CONTINUOUS
10
44.324815000000001
20
-110.4312999999999931
11
44.3208179999999956
21
-110.4371459999999985
0
LINE
8
BLACK
6
CONTINUOUS
10
44.3208179999999956
20
-110.4371459999999985
11
44.2761319999999969
21
-110.4986509999999953
0
LINE
8
BLACK
6
CONTINUOUS
10
44.2761319999999969
20
-110.4986509999999953
11
44.161760000000001
21
-110.7231159999999903
0
LINE
8
BLACK
6
CONTINUOUS
10
44.161760000000001
20
-110.7231159999999903
11
44.1554829999999967
21
-110.7424339999999887
0
LINE
8
BLACK
6
CONTINUOUS
10
44.1554829999999967
20
-110.7424339999999887
11
44.1498929999999987
21
-110.7596369999999979
0
LINE
8
BLACK
6
CONTINUOUS
10
44.1498929999999987
20
-110.7596369999999979
11
44.1104569999999967
21
-110.8173109999999895
0
LINE
8
BLACK
6
CONTINUOUS
10
44.1104569999999967
20
-110.8173109999999895
11
44.0460980000000006
21
-110.844508999999988
0
LINE
8
BLACK
6
CONTINUOUS
10
44.0460980000000006
20
-110.844508999999988
11
43.977252
21
-110.8325940000000003
0
LINE
8
BLACK
6
CONTINUOUS
10
43.977252
20
-110.8325940000000003
11
43.9442829999999987
21
-110.8089979999999883
0
LINE
8
BLACK
6
CONTINUOUS
10
43.9442829999999987
20
-110.8089979999999883
11
41.2026189999999986
21
-108.0673339999999882
0
LINE
8
BLACK
6
CONTINUOUS
10
41.2026189999999986
20
-108.0673339999999882
11
41.1691339999999997
21
-108.0060110000000009
0
LINE
8
BLACK
6
CONTINUOUS
10
41.1691339999999997
20
-108.0060110000000009
11
41.1662999999999997
21
-107.979652999999999
0
LINE
8
BLACK
6
CONTINUOUS
10
41.1662999999999997
20
-107.979652999999999
11
41.1662999999999997
21
-97.9461469999999963
0
LINE
8
BLACK
6
CONTINUOUS
10
41.1662999999999997
20
-97.9461469999999963
11
41.1859849999999952
21
-97.8791080000000022
0
LINE
8
BLACK
6
CONTINUOUS
10
41.1859849999999952
20
-97.8791080000000022
11
41.238788999999997
21
-97.8333530000000025
0
LINE
8
BLACK
6
CONTINUOUS
10
41.238788999999997
20
-97.8333530000000025
11
41.3079469999999986
21
-97.8234089999999981
0
LINE
8
BLACK
6
CONTINUOUS
10
41.3079469999999986
20
-97.8234089999999981
11
41.371502999999997
21
-97.8524340000000024
0
LINE
8
BLACK
6
CONTINUOUS
10
108.1489479999999901
20
-31.7612769999999998
11
108.1489629999999948
21
-31.7612769999999998
0
LINE
8
BLACK
6
CONTINUOUS
10
108.1489629999999948
20
-31.7612769999999998
11
108.2640659999999997
21
-31.7921189999999996
0
LINE
8
BLACK
6
CONTINUOUS
10
108.2640659999999997
20
-31.7921189999999996
11
108.2750419999999991
21
-31.7950599999999994
0
LINE
8
BLACK
6
CONTINUOUS
10
108.2750419999999991
20
-31.7950599999999994
11
108.3880809999999997
21
-31.8603229999999975
0
LINE
8
BLACK
6
CONTINUOUS
10
108.3880809999999997
20
-31.8603229999999975
11
108.3880959999999902
21
-31.8603379999999987
0
LINE
8
BLACK
6
CONTINUOUS
10
108.3880959999999902
20
-31.8603379999999987
11
108.4372529999999983
21
-31.9034469999999999
0
LINE
8
BLACK
6
CONTINUOUS
10
108.4372529999999983
20
-31.9034469999999999
11
110.8900000000000006
21
-34.3561929999999975
0
LINE
8
BLACK
6
CONTINUOUS
10
110.8900000000000006
20
-34.3561929999999975
11
110.8900000000000006
21
-33.6625000000000014
0
LINE
8
BLACK
6
CONTINUOUS
10
110.8900000000000006
20
-33.6625000000000014
11
113.8900000000000006
21
-33.6625000000000014
0
LINE
8
BLACK
6
CONTINUOUS
10
113.8900000000000006
20
-33.6625000000000014
11
113.8900000000000006
21
-36.0685929999999999
0
LINE
8
BLACK
6
CONTINUOUS
10
113.8900000000000006
20
-36.0685929999999999
11
122.4465529999999944
21
-44.6251460000000009
0
LINE
8
BLACK
6
CONTINUOUS
10
122.4465529999999944
20
-44.6251460000000009
11
122.4896679999999947
21
-44.6743099999999984
0
LINE
8
BLACK
6
CONTINUOUS
10
122.4896679999999947
20
-44.6743099999999984
11
122.4896770000000004
21
-44.674318999999997
0
LINE
8
BLACK
6
CONTINUOUS
10
122.4896770000000004
20
-44.674318999999997
11
122.5289140000000003
21
-44.7422800000000009
0
LINE
8
BLACK
6
CONTINUOUS
10
122.5289140000000003
20
-44.7422800000000009
11
122.5549399999999878
21
-44.7873579999999976
0
LINE
8
BLACK
6
CONTINUOUS
10
122.5549399999999878
20
-44.7873579999999976
11
122.5887229999999875
21
-44.9134369999999947
0
LINE
8
BLACK
6
CONTINUOUS
10
122.5887229999999875
20
-44.9134369999999947
11
122.5887229999999875
21
-44.9134519999999995
0
LINE
8
BLACK
6
CONTINUOUS
10
122.5887229999999875
20
-44.9134519999999995
11
122.5929999999999893
21
-44.9786999999999964
0
LINE
8
BLACK
6
CONTINUOUS
10
122.5929999999999893
20
-44.9786999999999964
11
122.5929999999999893
21
-69.4680000000000035
0
LINE
8
BLACK
6
CONTINUOUS
10
122.5929999999999893
20
-69.4680000000000035
11
122.5887229999999875
21
-69.5332470000000029
0
LINE
8
BLACK
6
CONTINUOUS
10
122.5887229999999875
20
-69.5332470000000029
11
122.5887229999999875
21
-69.5332629999999909
0
LINE
8
BLACK
6
CONTINUOUS
10
122.5887229999999875
20
-69.5332629999999909
11
122.5549399999999878
21
-69.6593419999999952
0
LINE
8
BLACK
6
CONTINUOUS
10
122.5549399999999878
20
-69.6593419999999952
11
122.4896770000000004
21
-69.7723809999999958
0
LINE
8
BLACK
6
CONTINUOUS
10
122.4896770000000004
20
-69.7723809999999958
11
122.4896609999999981
21
-69.7723960000000005
0
LINE
8
BLACK
6
CONTINUOUS
10
122.4896609999999981
20
-69.7723960000000005
11
122.4465529999999944
21
-69.8215529999999944
0
LINE
8
BLACK
6
CONTINUOUS
10
122.4465529999999944
20
-69.8215529999999944
11
83.642353
21
-108.6257529999999889
0
LINE
8
BLACK
6
CONTINUOUS
10
83.642353
20
-108.6257529999999889
11
83.5931959999999918
21
-108.6688609999999926
0
LINE
8
BLACK
6
CONTINUOUS
10
83.5931959999999918
20
-108.6688609999999926
11
83.5931810000000013
21
-108.6688769999999948
0
LINE
8
BLACK
6
CONTINUOUS
10
83.5931810000000013
20
-108.6688769999999948
11
83.4801420000000007
21
-108.7341399999999965
0
LINE
8
BLACK
6
CONTINUOUS
10
83.4801420000000007
20
-108.7341399999999965
11
83.3540629999999965
21
-108.7679229999999961
0
LINE
8
BLACK
6
CONTINUOUS
10
83.3540629999999965
20
-108.7679229999999961
11
83.3540479999999917
21
-108.7679229999999961
0
LINE
8
BLACK
6
CONTINUOUS
10
83.3540479999999917
20
-108.7679229999999961
11
83.2887999999999948
21
-108.772199999999998
0
LINE
8
BLACK
6
CONTINUOUS
10
83.2887999999999948
20
-108.772199999999998
11
62.155699999999996
21
-108.772199999999998
0
LINE
8
BLACK
6
CONTINUOUS
10
62.155699999999996
20
-108.772199999999998
11
62.0904519999999991
21
-108.7679229999999961
0
LINE
8
BLACK
6
CONTINUOUS
10
62.0904519999999991
20
-108.7679229999999961
11
62.0904369999999943
21
-108.7679229999999961
0
LINE
8
BLACK
6
CONTINUOUS
10
62.0904369999999943
20
-108.7679229999999961
11
61.9643579999999972
21
-108.7341399999999965
0
LINE
8
BLACK
6
CONTINUOUS
10
61.9643579999999972
20
-108.7341399999999965
11
61.8513189999999966
21
-108.6688769999999948
0
LINE
8
BLACK
6
CONTINUOUS
10
61.8513189999999966
20
-108.6688769999999948
11
61.851309999999998
21
-108.6688679999999891
0
LINE
8
BLACK
6
CONTINUOUS
10
61.851309999999998
20
-108.6688679999999891
11
61.8021460000000005
21
-108.6257529999999889
0
LINE
8
BLACK
6
CONTINUOUS
10
61.8021460000000005
20
-108.6257529999999889
11
58.6978469999999959
21
-105.5214529999999939
0
LINE
8
BLACK
6
CONTINUOUS
10
58.6978469999999959
20
-105.5214529999999939
11
58.6547379999999947
21
-105.472296
0
LINE
8
BLACK
6
CONTINUOUS
10
58.6547379999999947
20
-105.472296
11
58.6547229999999971
21
-105.4722809999999953
0
LINE
8
BLACK
6
CONTINUOUS
10
58.6547229999999971
20
-105.4722809999999953
11
58.5894599999999954
21
-105.3592419999999947
0
LINE
8
BLACK
6
CONTINUOUS
10
58.5894599999999954
20
-105.3592419999999947
11
58.578479999999999
21
-105.3182630000000017
0
LINE
8
BLACK
6
CONTINUOUS
10
58.578479999999999
20
-105.3182630000000017
11
58.5556769999999958
21
-105.2331629999999905
0
LINE
8
BLACK
6
CONTINUOUS
10
58.5556769999999958
20
-105.2331629999999905
11
58.5556769999999958
21
-105.2331469999999882
0
LINE
8
BLACK
6
CONTINUOUS
10
58.5556769999999958
20
-105.2331469999999882
11
58.5513999999999939
21
-105.1678999999999888
0
LINE
8
BLACK
6
CONTINUOUS
10
58.5513999999999939
20
-105.1678999999999888
11
58.5513999999999939
21
-93.4958000000000027
0
LINE
8
BLACK
6
CONTINUOUS
10
58.5513999999999939
20
-93.4958000000000027
11
58.5556769999999958
21
-93.4305519999999916
0
LINE
8
BLACK
6
CONTINUOUS
10
58.5556769999999958
20
-93.4305519999999916
11
58.5556769999999958
21
-93.4305370000000011
0
LINE
8
BLACK
6
CONTINUOUS
10
58.5556769999999958
20
-93.4305370000000011
11
58.5894599999999954
21
-93.3044579999999968
0
LINE
8
BLACK
6
CONTINUOUS
10
58.5894599999999954
20
-93.3044579999999968
11
58.6023439999999951
21
-93.2821419999999932
0
LINE
8
BLACK
6
CONTINUOUS
10
58.6023439999999951
20
-93.2821419999999932
11
58.6547229999999971
21
-93.1914189999999962
0
LINE
8
BLACK
6
CONTINUOUS
10
58.6547229999999971
20
-93.1914189999999962
11
58.6547379999999947
21
-93.191402999999994
0
LINE
8
BLACK
6
CONTINUOUS
10
58.6547379999999947
20
-93.191402999999994
11
58.6978469999999959
21
-93.1422469999999976
0
LINE
8
BLACK
6
CONTINUOUS
10
58.6978469999999959
20
-93.1422469999999976
11
62.0596999999999994
21
-89.7803929999999895
0
LINE
8
BLACK
6
CONTINUOUS
10
62.0596999999999994
20
-89.7803929999999895
11
62.0596999999999994
21
-89.1375000000000028
0
LINE
8
BLACK
6
CONTINUOUS
10
62.0596999999999994
20
-89.1375000000000028
11
62.0787300000000002
21
-89.0418289999999928
0
LINE
8
BLACK
6
CONTINUOUS
10
62.0787300000000002
20
-89.0418289999999928
11
62.1329229999999981
21
-88.9607230000000015
0
LINE
8
BLACK
6
CONTINUOUS
10
62.1329229999999981
20
-88.9607230000000015
11
62.2140289999999965
21
-88.9065299999999894
0
LINE
8
BLACK
6
CONTINUOUS
10
62.2140289999999965
20
-88.9065299999999894
11
62.3096999999999994
21
-88.8875000000000028
0
LINE
8
BLACK
6
CONTINUOUS
10
62.3096999999999994
20
-88.8875000000000028
11
63.4096999999999937
21
-88.8875000000000028
0
LINE
8
BLACK
6
CONTINUOUS
10
63.4096999999999937
20
-88.8875000000000028
11
63.5053709999999967
21
-88.9065299999999894
0
LINE
8
BLACK
6
CONTINUOUS
10
63.5053709999999967
20
-88.9065299999999894
11
63.586476999999995
21
-88.9607230000000015
0
LINE
8
BLACK
6
CONTINUOUS
10
63.586476999999995
20
-88.9607230000000015
11
63.6406700000000001
21
-89.0418289999999928
0
LINE
8
BLACK
6
CONTINUOUS
10
63.6406700000000001
20
-89.0418289999999928
11
63.6596999999999937
21
-89.1375000000000028
0
LINE
8
BLACK
6
CONTINUOUS
10
63.6596999999999937
20
-89.1375000000000028
11
63.6596999999999937
21
-90.2374999999999972
0
LINE
8
BLACK
6
CONTINUOUS
10
63.6596999999999937
20
-90.2374999999999972
11
63.6406700000000001
21
-90.333170999999993
0
LINE
8
BLACK
6
CONTINUOUS
10
63.6406700000000001
20
-90.333170999999993
11
63.586476999999995
21
-90.4142769999999985
0
LINE
8
BLACK
6
CONTINUOUS
10
63.586476999999995
20
-90.4142769999999985
11
63.5053709999999967
21
-90.4684699999999964
0
LINE
8
BLACK
6
CONTINUOUS
10
63.5053709999999967
20
-90.4684699999999964
11
63.4096999999999937
21
-90.4874999999999972
0
LINE
8
BLACK
6
CONTINUOUS
10
63.4096999999999937
20
-90.4874999999999972
11
62.766807
21
-90.4874999999999972
0
LINE
8
BLACK
6
CONTINUOUS
10
62.766807
20
-90.4874999999999972
11
59.5513999999999939
21
-93.7029059999999987
0
LINE
8
BLACK
6
CONTINUOUS
10
59.5513999999999939
20
-93.7029059999999987
11
59.5513999999999939
21
-104.9607929999999953
0
LINE
8
BLACK
6
CONTINUOUS
10
59.5513999999999939
20
-104.9607929999999953
11
62.3628069999999965
21
-107.772199999999998
0
LINE
8
BLACK
6
CONTINUOUS
10
62.3628069999999965
20
-107.772199999999998
11
83.0816939999999988
21
-107.772199999999998
0
LINE
8
BLACK
6
CONTINUOUS
10
83.0816939999999988
20
-107.772199999999998
11
121.5929999999999893
21
-69.2608939999999933
0
LINE
8
BLACK
6
CONTINUOUS
10
121.5929999999999893
20
-69.2608939999999933
11
121.5929999999999893
21
-45.1858059999999995
0
LINE
8
BLACK
6
CONTINUOUS
10
121.5929999999999893
20
-45.1858059999999995
11
113.0696939999999984
21
-36.6625000000000014
0
LINE
8
BLACK
6
CONTINUOUS
10
113.0696939999999984
20
-36.6625000000000014
11
110.8900000000000006
21
-36.6625000000000014
0
LINE
8
BLACK
6
CONTINUOUS
10
110.8900000000000006
20
-36.6625000000000014
11
110.8900000000000006
21
-35.649128999999995
0
LINE
8
BLACK
6
CONTINUOUS
10
110.8900000000000006
20
-35.649128999999995
11
110.8245009999999979
21
-35.631578999999995
0
LINE
8
BLACK
6
CONTINUOUS
10
110.8245009999999979
20
-35.631578999999995
11
110.7978579999999909
21
-35.6244399999999999
0
LINE
8
BLACK
6
CONTINUOUS
10
110.7978579999999909
20
-35.6244399999999999
11
110.6848189999999903
21
-35.5591769999999983
0
LINE
8
BLACK
6
CONTINUOUS
10
110.6848189999999903
20
-35.5591769999999983
11
110.6848109999999963
21
-35.5591689999999971
0
LINE
8
BLACK
6
CONTINUOUS
10
110.6848109999999963
20
-35.5591689999999971
11
110.6356469999999916
21
-35.5160539999999969
0
LINE
8
BLACK
6
CONTINUOUS
10
110.6356469999999916
20
-35.5160539999999969
11
107.8765939999999972
21
-32.7569999999999979
0
LINE
8
BLACK
6
CONTINUOUS
10
107.8765939999999972
20
-32.7569999999999979
11
52.1826059999999998
21
-32.7569999999999979
0
LINE
8
BLACK
6
CONTINUOUS
10
52.1826059999999998
20
-32.7569999999999979
11
47.0449989999999971
21
-37.894605999999996
0
LINE
8
BLACK
6
CONTINUOUS
10
47.0449989999999971
20
-37.894605999999996
11
47.0449999999999946
21
-39.1375010000000003
0
LINE
8
BLACK
6
CONTINUOUS
10
47.0449999999999946
20
-39.1375010000000003
11
47.0259700000000009
21
-39.2331709999999987
0
LINE
8
BLACK
6
CONTINUOUS
10
47.0259700000000009
20
-39.2331709999999987
11
46.9717769999999959
21
-39.314276999999997
0
LINE
8
BLACK
6
CONTINUOUS
10
46.9717769999999959
20
-39.314276999999997
11
46.8906709999999975
21
-39.368469999999995
0
LINE
8
BLACK
6
CONTINUOUS
10
46.8906709999999975
20
-39.368469999999995
11
46.7949999999999946
21
-39.3874989999999983
0
LINE
8
BLACK
6
CONTINUOUS
10
46.7949999999999946
20
-39.3874989999999983
11
45.0949990000000014
21
-39.3874999999999957
0
LINE
8
BLACK
6
CONTINUOUS
10
45.0949990000000014
20
-39.3874999999999957
11
44.9993289999999959
21
-39.368469999999995
0
LINE
8
BLACK
6
CONTINUOUS
10
44.9993289999999959
20
-39.368469999999995
11
44.9182229999999976
21
-39.314276999999997
0
LINE
8
BLACK
6
CONTINUOUS
10
44.9182229999999976
20
-39.314276999999997
11
44.8640299999999996
21
-39.2331709999999987
0
LINE
8
BLACK
6
CONTINUOUS
10
44.8640299999999996
20
-39.2331709999999987
11
44.8450009999999963
21
-39.1374999999999957
0
LINE
8
BLACK
6
CONTINUOUS
10
44.8450009999999963
20
-39.1374999999999957
11
44.8449999999999989
21
-37.4374989999999954
0
LINE
8
BLACK
6
CONTINUOUS
10
44.8449999999999989
20
-37.4374989999999954
11
44.8640299999999996
21
-37.3418289999999971
0
LINE
8
BLACK
6
CONTINUOUS
10
44.8640299999999996
20
-37.3418289999999971
11
44.9182229999999976
21
-37.2607229999999987
0
LINE
8
BLACK
6
CONTINUOUS
10
44.9182229999999976
20
-37.2607229999999987
11
44.9993289999999959
21
-37.2065300000000008
0
LINE
8
BLACK
6
CONTINUOUS
10
44.9993289999999959
20
-37.2065300000000008
11
45.0949999999999989
21
-37.1875009999999975
0
LINE
8
BLACK
6
CONTINUOUS
10
45.0949999999999989
20
-37.1875009999999975
11
46.3378930000000011
21
-37.1875
0
LINE
8
BLACK
6
CONTINUOUS
10
46.3378930000000011
20
-37.1875
11
51.6219469999999987
21
-31.9034469999999999
0
LINE
8
BLACK
6
CONTINUOUS
10
51.6219469999999987
20
-31.9034469999999999
11
51.6711029999999951
21
-31.8603379999999987
0
LINE
8
BLACK
6
CONTINUOUS
10
51.6711029999999951
20
-31.8603379999999987
11
51.6711189999999974
21
-31.8603229999999975
0
LINE
8
BLACK
6
CONTINUOUS
10
51.6711189999999974
20
-31.8603229999999975
11
51.7841579999999979
21
-31.7950599999999994
0
LINE
8
BLACK
6
CONTINUOUS
10
51.7841579999999979
20
-31.7950599999999994
11
51.7951339999999973
21
-31.7921189999999996
0
LINE
8
BLACK
6
CONTINUOUS
10
51.7951339999999973
20
-31.7921189999999996
11
51.9102369999999951
21
-31.7612769999999998
0
LINE
8
BLACK
6
CONTINUOUS
10
51.9102369999999951
20
-31.7612769999999998
11
51.9102519999999998
21
-31.7612769999999998
0
LINE
8
BLACK
6
CONTINUOUS
10
51.9102519999999998
20
-31.7612769999999998
11
51.9754999999999967
21
-31.7569999999999979
0
LINE
8
BLACK
6
CONTINUOUS
10
51.9754999999999967
20
-31.7569999999999979
11
108.0836999999999932
21
-31.7569999999999979
0
LINE
8
BLACK
6
CONTINUOUS
10
108.0836999999999932
20
-31.7569999999999979
11
108.1489479999999901
21
-31.7612769999999998
0
LINE
8
BLACK
6
CONTINUOUS
10
64.5885140000000035
20
-89.8057239999999979
11
64.6018469999999922
21
-89.8038079999999894
0
LINE
8
BLACK
6
CONTINUOUS
10
64.6018469999999922
20
-89.8038079999999894
11
64.6219899999999967
21
-89.8130069999999989
0
LINE
8
BLACK
6
CONTINUOUS
10
64.6219899999999967
20
-89.8130069999999989
11
64.6436269999999951
21
-89.8177139999999952
0
LINE
8
BLACK
6
CONTINUOUS
10
64.6436269999999951
20
-89.8177139999999952
11
64.6613519999999937
21
-89.8309819999999917
0
LINE
8
BLACK
6
CONTINUOUS
10
64.6613519999999937
20
-89.8309819999999917
11
64.6654029999999977
21
-89.8328329999999937
0
LINE
8
BLACK
6
CONTINUOUS
10
64.6654029999999977
20
-89.8328329999999937
11
64.6718809999999991
21
-89.8388649999999984
0
LINE
8
BLACK
6
CONTINUOUS
10
64.6718809999999991
20
-89.8388649999999984
11
64.7519229999999908
21
-89.9189069999999901
0
LINE
8
BLACK
6
CONTINUOUS
10
64.7519229999999908
20
-89.9189069999999901
11
64.7854080000000039
21
-89.9802299999999917
0
LINE
8
BLACK
6
CONTINUOUS
10
64.7854080000000039
20
-89.9802299999999917
11
64.7867150000000009
21
-89.9871890000000008
0
LINE
8
BLACK
6
CONTINUOUS
10
64.7867150000000009
20
-89.9871890000000008
11
64.798608999999999
21
-90.0622819999999962
0
LINE
8
BLACK
6
CONTINUOUS
10
64.798608999999999
20
-90.0622819999999962
11
64.7986099999999965
21
-90.0622850000000028
0
LINE
8
BLACK
6
CONTINUOUS
10
64.7986099999999965
20
-90.0622850000000028
11
64.876458999999997
21
-90.3018789999999996
0
LINE
8
BLACK
6
CONTINUOUS
10
64.876458999999997
20
-90.3018789999999996
11
64.9463669999999951
21
-90.4390819999999991
0
LINE
8
BLACK
6
CONTINUOUS
10
64.9463669999999951
20
-90.4390819999999991
11
64.9908319999999975
21
-90.5263479999999987
0
LINE
8
BLACK
6
CONTINUOUS
10
64.9908319999999975
20
-90.5263479999999987
11
65.1389009999999899
21
-90.7301489999999973
0
LINE
8
BLACK
6
CONTINUOUS
10
65.1389009999999899
20
-90.7301489999999973
11
65.1389049999999941
21
-90.7301539999999989
0
LINE
8
BLACK
6
CONTINUOUS
10
65.1389049999999941
20
-90.7301539999999989
11
65.3170449999999931
21
-90.9082939999999979
0
LINE
8
BLACK
6
CONTINUOUS
10
65.3170449999999931
20
-90.9082939999999979
11
65.3170499999999947
21
-90.908298000000002
0
LINE
8
BLACK
6
CONTINUOUS
10
65.3170499999999947
20
-90.908298000000002
11
65.4948169999999976
21
-91.0374520000000018
0
LINE
8
BLACK
6
CONTINUOUS
10
65.4948169999999976
20
-91.0374520000000018
11
65.5208549999999974
21
-91.0563700000000011
0
LINE
8
BLACK
6
CONTINUOUS
10
65.5208549999999974
20
-91.0563700000000011
11
65.6362859999999984
21
-91.1151849999999968
0
LINE
8
BLACK
6
CONTINUOUS
10
65.6362859999999984
20
-91.1151849999999968
11
65.7453160000000025
21
-91.1707389999999975
0
LINE
8
BLACK
6
CONTINUOUS
10
65.7453160000000025
20
-91.1707389999999975
11
65.7453179999999975
21
-91.1707389999999975
0
LINE
8
BLACK
6
CONTINUOUS
10
65.7453179999999975
20
-91.1707389999999975
11
65.7453210000000041
21
-91.1707409999999925
0
LINE
8
BLACK
6
CONTINUOUS
10
65.7453210000000041
20
-91.1707409999999925
11
65.9849150000000009
21
-91.248589999999993
0
LINE
8
BLACK
6
CONTINUOUS
10
65.9849150000000009
20
-91.248589999999993
11
66.2337380000000024
21
-91.2879999999999967
0
LINE
8
BLACK
6
CONTINUOUS
10
66.2337380000000024
20
-91.2879999999999967
11
66.2337389999999999
21
-91.2879999999999967
0
LINE
8
BLACK
6
CONTINUOUS
10
66.2337389999999999
20
-91.2879999999999967
11
66.4856609999999932
21
-91.2879999999999967
0
LINE
8
BLACK
6
CONTINUOUS
10
66.4856609999999932
20
-91.2879999999999967
11
66.4856619999999907
21
-91.2879999999999967
0
LINE
8
BLACK
6
CONTINUOUS
10
66.4856619999999907
20
-91.2879999999999967
11
66.7344849999999923
21
-91.248589999999993
0
LINE
8
BLACK
6
CONTINUOUS
10
66.7344849999999923
20
-91.248589999999993
11
66.9740790000000032
21
-91.1707409999999925
0
LINE
8
BLACK
6
CONTINUOUS
10
66.9740790000000032
20
-91.1707409999999925
11
67.1985449999999958
21
-91.0563700000000011
0
LINE
8
BLACK
6
CONTINUOUS
10
67.1985449999999958
20
-91.0563700000000011
11
67.4023559999999975
21
-90.9082930000000005
0
LINE
8
BLACK
6
CONTINUOUS
10
67.4023559999999975
20
-90.9082930000000005
11
67.5804929999999899
21
-90.7301559999999938
0
LINE
8
BLACK
6
CONTINUOUS
10
67.5804929999999899
20
-90.7301559999999938
11
67.7285699999999906
21
-90.5263449999999921
0
LINE
8
BLACK
6
CONTINUOUS
10
67.7285699999999906
20
-90.5263449999999921
11
67.8429409999999962
21
-90.3018789999999996
0
LINE
8
BLACK
6
CONTINUOUS
10
67.8429409999999962
20
-90.3018789999999996
11
67.8517140000000012
21
-90.2748749999999944
0
LINE
8
BLACK
6
CONTINUOUS
10
67.8517140000000012
20
-90.2748749999999944
11
67.8911509999999936
21
-90.2172010000000029
0
LINE
8
BLACK
6
CONTINUOUS
10
67.8911509999999936
20
-90.2172010000000029
11
67.9555089999999922
21
-90.1900009999999952
0
LINE
8
BLACK
6
CONTINUOUS
10
67.9555089999999922
20
-90.1900009999999952
11
68.0243559999999974
21
-90.2019149999999996
0
LINE
8
BLACK
6
CONTINUOUS
10
68.0243559999999974
20
-90.2019149999999996
11
68.0573270000000008
21
-90.2255119999999948
0
LINE
8
BLACK
6
CONTINUOUS
10
68.0573270000000008
20
-90.2255119999999948
11
72.9790339999999986
21
-95.1472189999999927
0
LINE
8
BLACK
6
CONTINUOUS
10
72.9790339999999986
20
-95.1472189999999927
11
73.0125189999999975
21
-95.2085419999999942
0
LINE
8
BLACK
6
CONTINUOUS
10
73.0125189999999975
20
-95.2085419999999942
11
73.0075349999999901
21
-95.2782339999999976
0
LINE
8
BLACK
6
CONTINUOUS
10
73.0075349999999901
20
-95.2782339999999976
11
72.9790339999999986
21
-95.3225809999999996
0
LINE
8
BLACK
6
CONTINUOUS
10
72.9790339999999986
20
-95.3225809999999996
11
65.7213359999999938
21
-102.5802779999999927
0
LINE
8
BLACK
6
CONTINUOUS
10
65.7213359999999938
20
-102.5802779999999927
11
65.7213309999999922
21
-102.5802839999999918
0
LINE
8
BLACK
6
CONTINUOUS
10
65.7213309999999922
20
-102.5802839999999918
11
65.6010129999999947
21
-102.7458869999999962
0
LINE
8
BLACK
6
CONTINUOUS
10
65.6010129999999947
20
-102.7458869999999962
11
65.6010100000000023
21
-102.7458929999999953
0
LINE
8
BLACK
6
CONTINUOUS
10
65.6010100000000023
20
-102.7458929999999953
11
65.5943439999999924
21
-102.7589759999999899
0
LINE
8
BLACK
6
CONTINUOUS
10
65.5943439999999924
20
-102.7589759999999899
11
65.5943299999999994
21
-102.7590039999999902
0
LINE
8
BLACK
6
CONTINUOUS
10
65.5943299999999994
20
-102.7590039999999902
11
65.5934249999999963
21
-102.7607819999999919
0
LINE
8
BLACK
6
CONTINUOUS
10
65.5934249999999963
20
-102.7607819999999919
11
65.5080799999999925
21
-102.9282809999999984
0
LINE
8
BLACK
6
CONTINUOUS
10
65.5080799999999925
20
-102.9282809999999984
11
65.494969999999995
21
-102.9686299999999903
0
LINE
8
BLACK
6
CONTINUOUS
10
65.494969999999995
20
-102.9686299999999903
11
65.4925860000000029
21
-102.9759659999999997
0
LINE
8
BLACK
6
CONTINUOUS
10
65.4925860000000029
20
-102.9759659999999997
11
65.4925849999999912
21
-102.9759689999999921
0
LINE
8
BLACK
6
CONTINUOUS
10
65.4925849999999912
20
-102.9759689999999921
11
65.4468590000000034
21
-103.116700999999992
0
LINE
8
BLACK
6
CONTINUOUS
10
65.4468590000000034
20
-103.116700999999992
11
65.4468579999999918
21
-103.1167039999999986
0
LINE
8
BLACK
6
CONTINUOUS
10
65.4468579999999918
20
-103.1167039999999986
11
65.444823999999997
21
-103.1229609999999894
0
LINE
8
BLACK
6
CONTINUOUS
10
65.444823999999997
20
-103.1229609999999894
11
65.4448199999999929
21
-103.1229779999999892
0
LINE
8
BLACK
6
CONTINUOUS
10
65.4448199999999929
20
-103.1229779999999892
11
65.4127999999999901
21
-103.3251479999999987
0
LINE
8
BLACK
6
CONTINUOUS
10
65.4127999999999901
20
-103.3251479999999987
11
65.4127999999999901
21
-105.3103569999999962
0
LINE
8
BLACK
6
CONTINUOUS
10
65.4127999999999901
20
-105.3103569999999962
11
65.4441729999999922
21
-105.5084370000000007
0
LINE
8
BLACK
6
CONTINUOUS
10
65.4441729999999922
20
-105.5084370000000007
11
65.4441740000000038
21
-105.5084370000000007
0
LINE
8
BLACK
6
CONTINUOUS
10
65.4441740000000038
20
-105.5084370000000007
11
65.4448229999999995
21
-105.5125349999999997
0
LINE
8
BLACK
6
CONTINUOUS
10
65.4448229999999995
20
-105.5125349999999997
11
65.5080779999999976
21
-105.7072159999999883
0
LINE
8
BLACK
6
CONTINUOUS
10
65.5080779999999976
20
-105.7072159999999883
11
65.5485869999999977
21
-105.7867189999999908
0
LINE
8
BLACK
6
CONTINUOUS
10
65.5485869999999977
20
-105.7867189999999908
11
65.6010129999999947
21
-105.8896110000000022
0
LINE
8
BLACK
6
CONTINUOUS
10
65.6010129999999947
20
-105.8896110000000022
11
65.7213339999999988
21
-106.0552189999999939
0
LINE
8
BLACK
6
CONTINUOUS
10
65.7213339999999988
20
-106.0552189999999939
11
66.161918
21
-106.4958029999999951
0
LINE
8
BLACK
6
CONTINUOUS
10
66.161918
20
-106.4958029999999951
11
66.4261350000000022
21
-106.7600189999999998
0
LINE
8
BLACK
6
CONTINUOUS
10
66.4261350000000022
20
-106.7600189999999998
11
66.459620000000001
21
-106.8213420000000013
0
LINE
8
BLACK
6
CONTINUOUS
10
66.459620000000001
20
-106.8213420000000013
11
66.4546359999999936
21
-106.8910329999999931
0
LINE
8
BLACK
6
CONTINUOUS
10
66.4546359999999936
20
-106.8910329999999931
11
66.4127649999999932
21
-106.9469670000000008
0
LINE
8
BLACK
6
CONTINUOUS
10
66.4127649999999932
20
-106.9469670000000008
11
66.34729999999999
21
-106.9713840000000005
0
LINE
8
BLACK
6
CONTINUOUS
10
66.34729999999999
20
-106.9713840000000005
11
66.3384539999999987
21
-106.9716999999999985
0
LINE
8
BLACK
6
CONTINUOUS
10
66.3384539999999987
20
-106.9716999999999985
11
62.7457469999999944
21
-106.9716999999999985
0
LINE
8
BLACK
6
CONTINUOUS
10
62.7457469999999944
20
-106.9716999999999985
11
62.6787080000000003
21
-106.9520149999999887
0
LINE
8
BLACK
6
CONTINUOUS
10
62.6787080000000003
20
-106.9520149999999887
11
62.658065999999998
21
-106.9353809999999925
0
LINE
8
BLACK
6
CONTINUOUS
10
62.658065999999998
20
-106.9353809999999925
11
61.7517299999999949
21
-106.0290449999999964
0
LINE
8
BLACK
6
CONTINUOUS
10
61.7517299999999949
20
-106.0290449999999964
11
61.718244999999996
21
-105.9677219999999949
0
LINE
8
BLACK
6
CONTINUOUS
10
61.718244999999996
20
-105.9677219999999949
11
61.7232289999999963
21
-105.8980299999999914
0
LINE
8
BLACK
6
CONTINUOUS
10
61.7232289999999963
20
-105.8980299999999914
11
61.7651009999999943
21
-105.8420969999999954
0
LINE
8
BLACK
6
CONTINUOUS
10
61.7651009999999943
20
-105.8420969999999954
11
61.8010939999999991
21
-105.8234319999999968
0
LINE
8
BLACK
6
CONTINUOUS
10
61.8010939999999991
20
-105.8234319999999968
11
61.8093789999999998
21
-105.8207409999999982
0
LINE
8
BLACK
6
CONTINUOUS
10
61.8093789999999998
20
-105.8207409999999982
11
62.0338449999999995
21
-105.7063699999999926
0
LINE
8
BLACK
6
CONTINUOUS
10
62.0338449999999995
20
-105.7063699999999926
11
62.2376559999999941
21
-105.5582929999999919
0
LINE
8
BLACK
6
CONTINUOUS
10
62.2376559999999941
20
-105.5582929999999919
11
62.4157929999999936
21
-105.3801559999999995
0
LINE
8
BLACK
6
CONTINUOUS
10
62.4157929999999936
20
-105.3801559999999995
11
62.5638699999999943
21
-105.1763449999999978
0
LINE
8
BLACK
6
CONTINUOUS
10
62.5638699999999943
20
-105.1763449999999978
11
62.6782409999999999
21
-104.951878999999991
0
LINE
8
BLACK
6
CONTINUOUS
10
62.6782409999999999
20
-104.951878999999991
11
62.7560900000000004
21
-104.7122849999999943
0
LINE
8
BLACK
6
CONTINUOUS
10
62.7560900000000004
20
-104.7122849999999943
11
62.795499999999997
21
-104.4634619999999927
0
LINE
8
BLACK
6
CONTINUOUS
10
62.795499999999997
20
-104.4634619999999927
11
62.795499999999997
21
-104.2115379999999902
0
LINE
8
BLACK
6
CONTINUOUS
10
62.795499999999997
20
-104.2115379999999902
11
62.7560900000000004
21
-103.9627149999999887
0
LINE
8
BLACK
6
CONTINUOUS
10
62.7560900000000004
20
-103.9627149999999887
11
62.6782409999999999
21
-103.7231209999999919
0
LINE
8
BLACK
6
CONTINUOUS
10
62.6782409999999999
20
-103.7231209999999919
11
62.6782389999999978
21
-103.7231179999999995
0
LINE
8
BLACK
6
CONTINUOUS
10
62.6782389999999978
20
-103.7231179999999995
11
62.6782389999999978
21
-103.7231159999999903
0
LINE
8
BLACK
6
CONTINUOUS
10
62.6782389999999978
20
-103.7231159999999903
11
62.623191999999996
21
-103.615082000000001
0
LINE
8
BLACK
6
CONTINUOUS
10
62.623191999999996
20
-103.615082000000001
11
62.5638699999999943
21
-103.4986549999999994
0
LINE
8
BLACK
6
CONTINUOUS
10
62.5638699999999943
20
-103.4986549999999994
11
62.4461609999999965
21
-103.3366419999999977
0
LINE
8
BLACK
6
CONTINUOUS
10
62.4461609999999965
20
-103.3366419999999977
11
62.4157979999999952
21
-103.2948499999999967
0
LINE
8
BLACK
6
CONTINUOUS
10
62.4157979999999952
20
-103.2948499999999967
11
62.4157939999999982
21
-103.2948449999999951
0
LINE
8
BLACK
6
CONTINUOUS
10
62.4157939999999982
20
-103.2948449999999951
11
62.2376529999999946
21
-103.1167039999999986
0
LINE
8
BLACK
6
CONTINUOUS
10
62.2376529999999946
20
-103.1167039999999986
11
62.2376489999999976
21
-103.116700999999992
0
LINE
8
BLACK
6
CONTINUOUS
10
62.2376489999999976
20
-103.116700999999992
11
62.033847999999999
21
-102.9686319999999995
0
LINE
8
BLACK
6
CONTINUOUS
10
62.033847999999999
20
-102.9686319999999995
11
62.0338469999999944
21
-102.968631000000002
0
LINE
8
BLACK
6
CONTINUOUS
10
62.0338469999999944
20
-102.968631000000002
11
62.0338449999999995
21
-102.9686299999999903
0
LINE
8
BLACK
6
CONTINUOUS
10
62.0338449999999995
20
-102.9686299999999903
11
61.9546559999999999
21
-102.9282809999999984
0
LINE
8
BLACK
6
CONTINUOUS
10
61.9546559999999999
20
-102.9282809999999984
11
61.8093829999999969
21
-102.8542599999999965
0
LINE
8
BLACK
6
CONTINUOUS
10
61.8093829999999969
20
-102.8542599999999965
11
61.569784999999996
21
-102.7764099999999985
0
LINE
8
BLACK
6
CONTINUOUS
10
61.569784999999996
20
-102.7764099999999985
11
61.471114
21
-102.7607819999999919
0
LINE
8
BLACK
6
CONTINUOUS
10
61.471114
20
-102.7607819999999919
11
61.3209619999999944
21
-102.7369999999999948
0
LINE
8
BLACK
6
CONTINUOUS
10
61.3209619999999944
20
-102.7369999999999948
11
61.069037999999999
21
-102.7369999999999948
0
LINE
8
BLACK
6
CONTINUOUS
10
61.069037999999999
20
-102.7369999999999948
11
60.9446259999999995
21
-102.7567049999999966
0
LINE
8
BLACK
6
CONTINUOUS
10
60.9446259999999995
20
-102.7567049999999966
11
60.820214
21
-102.7764099999999985
0
LINE
8
BLACK
6
CONTINUOUS
10
60.820214
20
-102.7764099999999985
11
60.7090490000000003
21
-102.8125289999999978
0
LINE
8
BLACK
6
CONTINUOUS
10
60.7090490000000003
20
-102.8125289999999978
11
60.5806210000000007
21
-102.854258999999999
0
LINE
8
BLACK
6
CONTINUOUS
10
60.5806210000000007
20
-102.854258999999999
11
60.5806179999999941
21
-102.8542599999999965
0
LINE
8
BLACK
6
CONTINUOUS
10
60.5806179999999941
20
-102.8542599999999965
11
60.5806159999999991
21
-102.8542609999999939
0
LINE
8
BLACK
6
CONTINUOUS
10
60.5806159999999991
20
-102.8542609999999939
11
60.5321949999999944
21
-102.8789329999999893
0
LINE
8
BLACK
6
CONTINUOUS
10
60.5321949999999944
20
-102.8789329999999893
11
60.4635249999999971
21
-102.8918290000000013
0
LINE
8
BLACK
6
CONTINUOUS
10
60.4635249999999971
20
-102.8918290000000013
11
60.3987849999999966
21
-102.8655519999999939
0
LINE
8
BLACK
6
CONTINUOUS
10
60.3987849999999966
20
-102.8655519999999939
11
60.3585279999999997
21
-102.8084459999999893
0
LINE
8
BLACK
6
CONTINUOUS
10
60.3585279999999997
20
-102.8084459999999893
11
60.3519000000000005
21
-102.7684479999999922
0
LINE
8
BLACK
6
CONTINUOUS
10
60.3519000000000005
20
-102.7684479999999922
11
60.3519000000000005
21
-94.0858470000000011
0
LINE
8
BLACK
6
CONTINUOUS
10
60.3519000000000005
20
-94.0858470000000011
11
60.3715849999999961
21
-94.0188079999999928
0
LINE
8
BLACK
6
CONTINUOUS
10
60.3715849999999961
20
-94.0188079999999928
11
60.3882189999999994
21
-93.9981659999999977
0
LINE
8
BLACK
6
CONTINUOUS
10
60.3882189999999994
20
-93.9981659999999977
11
63.0620659999999944
21
-91.3243190000000027
0
LINE
8
BLACK
6
CONTINUOUS
10
63.0620659999999944
20
-91.3243190000000027
11
63.123388999999996
21
-91.2908339999999896
0
LINE
8
BLACK
6
CONTINUOUS
10
63.123388999999996
20
-91.2908339999999896
11
63.1497469999999979
21
-91.2879999999999967
0
LINE
8
BLACK
6
CONTINUOUS
10
63.1497469999999979
20
-91.2879999999999967
11
63.4613049999999959
21
-91.2879999999999967
0
LINE
8
BLACK
6
CONTINUOUS
10
63.4613049999999959
20
-91.2879999999999967
11
63.4613079999999954
21
-91.2879999999999967
0
LINE
8
BLACK
6
CONTINUOUS
10
63.4613079999999954
20
-91.2879999999999967
11
63.615634
21
-91.2727999999999895
0
LINE
8
BLACK
6
CONTINUOUS
10
63.615634
20
-91.2727999999999895
11
63.8136539999999997
21
-91.2127320000000026
0
LINE
8
BLACK
6
CONTINUOUS
10
63.8136539999999997
20
-91.2127320000000026
11
63.9961500000000001
21
-91.1151849999999968
0
LINE
8
BLACK
6
CONTINUOUS
10
63.9961500000000001
20
-91.1151849999999968
11
64.1561099999999982
21
-90.9839099999999945
0
LINE
8
BLACK
6
CONTINUOUS
10
64.1561099999999982
20
-90.9839099999999945
11
64.2873850000000004
21
-90.8239499999999964
0
LINE
8
BLACK
6
CONTINUOUS
10
64.2873850000000004
20
-90.8239499999999964
11
64.3849319999999921
21
-90.641453999999996
0
LINE
8
BLACK
6
CONTINUOUS
10
64.3849319999999921
20
-90.641453999999996
11
64.4449999999999932
21
-90.4434339999999963
0
LINE
8
BLACK
6
CONTINUOUS
10
64.4449999999999932
20
-90.4434339999999963
11
64.4602000000000004
21
-90.2891079999999988
0
LINE
8
BLACK
6
CONTINUOUS
10
64.4602000000000004
20
-90.2891079999999988
11
64.4602000000000004
21
-89.9265460000000019
0
LINE
8
BLACK
6
CONTINUOUS
10
64.4602000000000004
20
-89.9265460000000019
11
64.4664379999999966
21
-89.9052999999999969
0
LINE
8
BLACK
6
CONTINUOUS
10
64.4664379999999966
20
-89.9052999999999969
11
64.4680180000000007
21
-89.8832120000000003
0
LINE
8
BLACK
6
CONTINUOUS
10
64.4680180000000007
20
-89.8832120000000003
11
64.4760899999999992
21
-89.8724279999999993
0
LINE
8
BLACK
6
CONTINUOUS
10
64.4760899999999992
20
-89.8724279999999993
11
64.4798849999999959
21
-89.8595069999999936
0
LINE
8
BLACK
6
CONTINUOUS
10
64.4798849999999959
20
-89.8595069999999936
11
64.496617999999998
21
-89.8450069999999954
0
LINE
8
BLACK
6
CONTINUOUS
10
64.496617999999998
20
-89.8450069999999954
11
64.5098899999999986
21
-89.8272789999999901
0
LINE
8
BLACK
6
CONTINUOUS
10
64.5098899999999986
20
-89.8272789999999901
11
64.5225099999999969
21
-89.8225709999999964
0
LINE
8
BLACK
6
CONTINUOUS
10
64.5225099999999969
20
-89.8225709999999964
11
64.5326889999999906
21
-89.8137519999999938
0
LINE
8
BLACK
6
CONTINUOUS
10
64.5326889999999906
20
-89.8137519999999938
11
64.5546059999999926
21
-89.8105999999999938
0
LINE
8
BLACK
6
CONTINUOUS
10
64.5546059999999926
20
-89.8105999999999938
11
64.5753539999999902
21
-89.8028619999999904
0
LINE
8
BLACK
6
CONTINUOUS
10
64.5753539999999902
20
-89.8028619999999904
11
64.5885140000000035
21
-89.8057239999999979
0
LINE
8
BLACK
6
CONTINUOUS
10
89.7542919999999924
20
-99.7548850000000016
11
89.8000469999999922
21
-99.8076889999999963
0
LINE
8
BLACK
6
CONTINUOUS
10
89.8000469999999922
20
-99.8076889999999963
11
89.8099909999999966
21
-99.8768469999999979
0
LINE
8
BLACK
6
CONTINUOUS
10
89.8099909999999966
20
-99.8768469999999979
11
89.7809659999999923
21
-99.9404029999999892
0
LINE
8
BLACK
6
CONTINUOUS
10
89.7809659999999923
20
-99.9404029999999892
11
89.7749340000000018
21
-99.9468809999999905
0
LINE
8
BLACK
6
CONTINUOUS
10
89.7749340000000018
20
-99.9468809999999905
11
85.3971809999999891
21
-104.3246329999999915
0
LINE
8
BLACK
6
CONTINUOUS
10
85.3971809999999891
20
-104.3246329999999915
11
85.3358580000000018
21
-104.3581179999999904
0
LINE
8
BLACK
6
CONTINUOUS
10
85.3358580000000018
20
-104.3581179999999904
11
85.2661659999999983
21
-104.3531339999999972
0
LINE
8
BLACK
6
CONTINUOUS
10
85.2661659999999983
20
-104.3531339999999972
11
85.2102330000000023
21
-104.3112619999999993
0
LINE
8
BLACK
6
CONTINUOUS
10
85.2102330000000023
20
-104.3112619999999993
11
85.1858160000000026
21
-104.2457979999999935
0
LINE
8
BLACK
6
CONTINUOUS
10
85.1858160000000026
20
-104.2457979999999935
11
85.1854999999999905
21
-104.2369520000000023
0
LINE
8
BLACK
6
CONTINUOUS
10
85.1854999999999905
20
-104.2369520000000023
11
85.1854999999999905
21
-104.2115379999999902
0
LINE
8
BLACK
6
CONTINUOUS
10
85.1854999999999905
20
-104.2115379999999902
11
85.1709199999999953
21
-104.1194849999999974
0
LINE
8
BLACK
6
CONTINUOUS
10
85.1709199999999953
20
-104.1194849999999974
11
85.1460900000000009
21
-103.9627149999999887
0
LINE
8
BLACK
6
CONTINUOUS
10
85.1460900000000009
20
-103.9627149999999887
11
85.0682410000000004
21
-103.7231209999999919
0
LINE
8
BLACK
6
CONTINUOUS
10
85.0682410000000004
20
-103.7231209999999919
11
85.0682389999999913
21
-103.7231179999999995
0
LINE
8
BLACK
6
CONTINUOUS
10
85.0682389999999913
20
-103.7231179999999995
11
85.0682389999999913
21
-103.7231159999999903
0
LINE
8
BLACK
6
CONTINUOUS
10
85.0682389999999913
20
-103.7231159999999903
11
85.0131919999999894
21
-103.615082000000001
0
LINE
8
BLACK
6
CONTINUOUS
10
85.0131919999999894
20
-103.615082000000001
11
84.9538699999999949
21
-103.4986549999999994
0
LINE
8
BLACK
6
CONTINUOUS
10
84.9538699999999949
20
-103.4986549999999994
11
84.8361609999999899
21
-103.3366419999999977
0
LINE
8
BLACK
6
CONTINUOUS
10
84.8361609999999899
20
-103.3366419999999977
11
84.8057979999999958
21
-103.2948499999999967
0
LINE
8
BLACK
6
CONTINUOUS
10
84.8057979999999958
20
-103.2948499999999967
11
84.8057939999999917
21
-103.2948449999999951
0
LINE
8
BLACK
6
CONTINUOUS
10
84.8057939999999917
20
-103.2948449999999951
11
84.6276529999999951
21
-103.1167039999999986
0
LINE
8
BLACK
6
CONTINUOUS
10
84.6276529999999951
20
-103.1167039999999986
11
84.627648999999991
21
-103.116700999999992
0
LINE
8
BLACK
6
CONTINUOUS
10
84.627648999999991
20
-103.116700999999992
11
84.4238479999999925
21
-102.9686319999999995
0
LINE
8
BLACK
6
CONTINUOUS
10
84.4238479999999925
20
-102.9686319999999995
11
84.423846999999995
21
-102.968631000000002
0
LINE
8
BLACK
6
CONTINUOUS
10
84.423846999999995
20
-102.968631000000002
11
84.423845
21
-102.9686299999999903
0
LINE
8
BLACK
6
CONTINUOUS
10
84.423845
20
-102.9686299999999903
11
84.3446560000000005
21
-102.9282809999999984
0
LINE
8
BLACK
6
CONTINUOUS
10
84.3446560000000005
20
-102.9282809999999984
11
84.1993829999999974
21
-102.8542599999999965
0
LINE
8
BLACK
6
CONTINUOUS
10
84.1993829999999974
20
-102.8542599999999965
11
83.9597849999999966
21
-102.7764099999999985
0
LINE
8
BLACK
6
CONTINUOUS
10
83.9597849999999966
20
-102.7764099999999985
11
83.8611140000000006
21
-102.7607819999999919
0
LINE
8
BLACK
6
CONTINUOUS
10
83.8611140000000006
20
-102.7607819999999919
11
83.710961999999995
21
-102.7369999999999948
0
LINE
8
BLACK
6
CONTINUOUS
10
83.710961999999995
20
-102.7369999999999948
11
83.4590379999999925
21
-102.7369999999999948
0
LINE
8
BLACK
6
CONTINUOUS
10
83.4590379999999925
20
-102.7369999999999948
11
83.3346260000000001
21
-102.7567049999999966
0
LINE
8
BLACK
6
CONTINUOUS
10
83.3346260000000001
20
-102.7567049999999966
11
83.2102139999999935
21
-102.7764099999999985
0
LINE
8
BLACK
6
CONTINUOUS
10
83.2102139999999935
20
-102.7764099999999985
11
82.9706159999999926
21
-102.8542599999999965
0
LINE
8
BLACK
6
CONTINUOUS
10
82.9706159999999926
20
-102.8542599999999965
11
82.7461509999999976
21
-102.9686319999999995
0
LINE
8
BLACK
6
CONTINUOUS
10
82.7461509999999976
20
-102.9686319999999995
11
82.542349999999999
21
-103.116700999999992
0
LINE
8
BLACK
6
CONTINUOUS
10
82.542349999999999
20
-103.116700999999992
11
82.5423469999999924
21
-103.1167039999999986
0
LINE
8
BLACK
6
CONTINUOUS
10
82.5423469999999924
20
-103.1167039999999986
11
82.3642049999999983
21
-103.2948449999999951
0
LINE
8
BLACK
6
CONTINUOUS
10
82.3642049999999983
20
-103.2948449999999951
11
82.3642009999999942
21
-103.2948499999999967
0
LINE
8
BLACK
6
CONTINUOUS
10
82.3642009999999942
20
-103.2948499999999967
11
82.2161320000000018
21
-103.4986509999999953
0
LINE
8
BLACK
6
CONTINUOUS
10
82.2161320000000018
20
-103.4986509999999953
11
82.1017599999999987
21
-103.7231159999999903
0
LINE
8
BLACK
6
CONTINUOUS
10
82.1017599999999987
20
-103.7231159999999903
11
82.0239100000000008
21
-103.9627139999999912
0
LINE
8
BLACK
6
CONTINUOUS
10
82.0239100000000008
20
-103.9627139999999912
11
82.0012009999999947
21
-104.1060909999999922
0
LINE
8
BLACK
6
CONTINUOUS
10
82.0012009999999947
20
-104.1060909999999922
11
81.984499999999997
21
-104.2115379999999902
0
LINE
8
BLACK
6
CONTINUOUS
10
81.984499999999997
20
-104.2115379999999902
11
81.984499999999997
21
-104.4634619999999927
0
LINE
8
BLACK
6
CONTINUOUS
10
81.984499999999997
20
-104.4634619999999927
11
81.990909000000002
21
-104.5039280000000019
0
LINE
8
BLACK
6
CONTINUOUS
10
81.990909000000002
20
-104.5039280000000019
11
82.0239100000000008
21
-104.7122849999999943
0
LINE
8
BLACK
6
CONTINUOUS
10
82.0239100000000008
20
-104.7122849999999943
11
82.1017599999999987
21
-104.9518829999999951
0
LINE
8
BLACK
6
CONTINUOUS
10
82.1017599999999987
20
-104.9518829999999951
11
82.2161320000000018
21
-105.1763479999999902
0
LINE
8
BLACK
6
CONTINUOUS
10
82.2161320000000018
20
-105.1763479999999902
11
82.3642009999999942
21
-105.3801489999999887
0
LINE
8
BLACK
6
CONTINUOUS
10
82.3642009999999942
20
-105.3801489999999887
11
82.3642049999999983
21
-105.3801539999999903
0
LINE
8
BLACK
6
CONTINUOUS
10
82.3642049999999983
20
-105.3801539999999903
11
82.5423449999999974
21
-105.5582939999999894
0
LINE
8
BLACK
6
CONTINUOUS
10
82.5423449999999974
20
-105.5582939999999894
11
82.542349999999999
21
-105.5582979999999935
0
LINE
8
BLACK
6
CONTINUOUS
10
82.542349999999999
20
-105.5582979999999935
11
82.7201170000000019
21
-105.6874519999999933
0
LINE
8
BLACK
6
CONTINUOUS
10
82.7201170000000019
20
-105.6874519999999933
11
82.7461550000000017
21
-105.7063699999999926
0
LINE
8
BLACK
6
CONTINUOUS
10
82.7461550000000017
20
-105.7063699999999926
11
82.8361469999999969
21
-105.7522230000000008
0
LINE
8
BLACK
6
CONTINUOUS
10
82.8361469999999969
20
-105.7522230000000008
11
82.9706159999999926
21
-105.820738999999989
0
LINE
8
BLACK
6
CONTINUOUS
10
82.9706159999999926
20
-105.820738999999989
11
82.9706180000000018
21
-105.820738999999989
0
LINE
8
BLACK
6
CONTINUOUS
10
82.9706180000000018
20
-105.820738999999989
11
82.9706209999999942
21
-105.8207409999999982
0
LINE
8
BLACK
6
CONTINUOUS
10
82.9706209999999942
20
-105.8207409999999982
11
83.2102149999999909
21
-105.8985899999999987
0
LINE
8
BLACK
6
CONTINUOUS
10
83.2102149999999909
20
-105.8985899999999987
11
83.4590379999999925
21
-105.9379999999999882
0
LINE
8
BLACK
6
CONTINUOUS
10
83.4590379999999925
20
-105.9379999999999882
11
83.45903899999999
21
-105.9379999999999882
0
LINE
8
BLACK
6
CONTINUOUS
10
83.45903899999999
20
-105.9379999999999882
11
83.4844519999999903
21
-105.9379999999999882
0
LINE
8
BLACK
6
CONTINUOUS
10
83.4844519999999903
20
-105.9379999999999882
11
83.5514909999999986
21
-105.9576849999999979
0
LINE
8
BLACK
6
CONTINUOUS
10
83.5514909999999986
20
-105.9576849999999979
11
83.5972459999999984
21
-106.0104889999999926
0
LINE
8
BLACK
6
CONTINUOUS
10
83.5972459999999984
20
-106.0104889999999926
11
83.6071900000000028
21
-106.0796469999999943
0
LINE
8
BLACK
6
CONTINUOUS
10
83.6071900000000028
20
-106.0796469999999943
11
83.5781649999999985
21
-106.1432029999999997
0
LINE
8
BLACK
6
CONTINUOUS
10
83.5781649999999985
20
-106.1432029999999997
11
83.5721329999999938
21
-106.1496810000000011
0
LINE
8
BLACK
6
CONTINUOUS
10
83.5721329999999938
20
-106.1496810000000011
11
82.7864339999999999
21
-106.9353809999999925
0
LINE
8
BLACK
6
CONTINUOUS
10
82.7864339999999999
20
-106.9353809999999925
11
82.7251109999999983
21
-106.9688659999999913
0
LINE
8
BLACK
6
CONTINUOUS
10
82.7251109999999983
20
-106.9688659999999913
11
82.6987529999999964
21
-106.9716999999999985
0
LINE
8
BLACK
6
CONTINUOUS
10
82.6987529999999964
20
-106.9716999999999985
11
75.4693460000000016
21
-106.9716999999999985
0
LINE
8
BLACK
6
CONTINUOUS
10
75.4693460000000016
20
-106.9716999999999985
11
75.4023069999999933
21
-106.9520149999999887
0
LINE
8
BLACK
6
CONTINUOUS
10
75.4023069999999933
20
-106.9520149999999887
11
75.3565519999999935
21
-106.899210999999994
0
LINE
8
BLACK
6
CONTINUOUS
10
75.3565519999999935
20
-106.899210999999994
11
75.3466080000000034
21
-106.8300529999999924
0
LINE
8
BLACK
6
CONTINUOUS
10
75.3466080000000034
20
-106.8300529999999924
11
75.3756329999999934
21
-106.7664970000000011
0
LINE
8
BLACK
6
CONTINUOUS
10
75.3756329999999934
20
-106.7664970000000011
11
75.3816649999999981
21
-106.7600189999999998
0
LINE
8
BLACK
6
CONTINUOUS
10
75.3816649999999981
20
-106.7600189999999998
11
75.5046619999999962
21
-106.6370220000000018
0
LINE
8
BLACK
6
CONTINUOUS
10
75.5046619999999962
20
-106.6370220000000018
11
75.9066869999999909
21
-106.2349949999999978
0
LINE
8
BLACK
6
CONTINUOUS
10
75.9066869999999909
20
-106.2349949999999978
11
75.9093139999999948
21
-106.232568999999998
0
LINE
8
BLACK
6
CONTINUOUS
10
75.9093139999999948
20
-106.232568999999998
11
75.9115109999999902
21
-106.230370999999991
0
LINE
8
BLACK
6
CONTINUOUS
10
75.9115109999999902
20
-106.230370999999991
11
75.9115189999999984
21
-106.2303659999999894
0
LINE
8
BLACK
6
CONTINUOUS
10
75.9115189999999984
20
-106.2303659999999894
11
76.1966489999999936
21
-105.9452339999999992
0
LINE
8
BLACK
6
CONTINUOUS
10
76.1966489999999936
20
-105.9452339999999992
11
76.2579679999999911
21
-105.9117519999999928
0
LINE
8
BLACK
6
CONTINUOUS
10
76.2579679999999911
20
-105.9117519999999928
11
76.26488599999999
21
-105.9104519999999923
0
LINE
8
BLACK
6
CONTINUOUS
10
76.26488599999999
20
-105.9104519999999923
11
76.339784999999992
21
-105.8985899999999987
0
LINE
8
BLACK
6
CONTINUOUS
10
76.339784999999992
20
-105.8985899999999987
11
76.579379000000003
21
-105.8207409999999982
0
LINE
8
BLACK
6
CONTINUOUS
10
76.579379000000003
20
-105.8207409999999982
11
76.8038449999999955
21
-105.7063699999999926
0
LINE
8
BLACK
6
CONTINUOUS
10
76.8038449999999955
20
-105.7063699999999926
11
77.0076559999999972
21
-105.5582929999999919
0
LINE
8
BLACK
6
CONTINUOUS
10
77.0076559999999972
20
-105.5582929999999919
11
77.1857929999999897
21
-105.3801559999999995
0
LINE
8
BLACK
6
CONTINUOUS
10
77.1857929999999897
20
-105.3801559999999995
11
77.3338699999999903
21
-105.1763449999999978
0
LINE
8
BLACK
6
CONTINUOUS
10
77.3338699999999903
20
-105.1763449999999978
11
77.4482409999999959
21
-104.951878999999991
0
LINE
8
BLACK
6
CONTINUOUS
10
77.4482409999999959
20
-104.951878999999991
11
77.5260899999999964
21
-104.7122849999999943
0
LINE
8
BLACK
6
CONTINUOUS
10
77.5260899999999964
20
-104.7122849999999943
11
77.5655000000000001
21
-104.4634619999999927
0
LINE
8
BLACK
6
CONTINUOUS
10
77.5655000000000001
20
-104.4634619999999927
11
77.5655000000000001
21
-104.2115379999999902
0
LINE
8
BLACK
6
CONTINUOUS
10
77.5655000000000001
20
-104.2115379999999902
11
77.5260899999999964
21
-103.9627149999999887
0
LINE
8
BLACK
6
CONTINUOUS
10
77.5260899999999964
20
-103.9627149999999887
11
77.4482409999999959
21
-103.7231209999999919
0
LINE
8
BLACK
6
CONTINUOUS
10
77.4482409999999959
20
-103.7231209999999919
11
77.4482390000000009
21
-103.7231179999999995
0
LINE
8
BLACK
6
CONTINUOUS
10
77.4482390000000009
20
-103.7231179999999995
11
77.4482390000000009
21
-103.7231159999999903
0
LINE
8
BLACK
6
CONTINUOUS
10
77.4482390000000009
20
-103.7231159999999903
11
77.3931919999999991
21
-103.615082000000001
0
LINE
8
BLACK
6
CONTINUOUS
10
77.3931919999999991
20
-103.615082000000001
11
77.3338699999999903
21
-103.4986549999999994
0
LINE
8
BLACK
6
CONTINUOUS
10
77.3338699999999903
20
-103.4986549999999994
11
77.2161609999999996
21
-103.3366419999999977
0
LINE
8
BLACK
6
CONTINUOUS
10
77.2161609999999996
20
-103.3366419999999977
11
77.1857979999999912
21
-103.2948499999999967
0
LINE
8
BLACK
6
CONTINUOUS
10
77.1857979999999912
20
-103.2948499999999967
11
77.1857940000000013
21
-103.2948449999999951
0
LINE
8
BLACK
6
CONTINUOUS
10
77.1857940000000013
20
-103.2948449999999951
11
77.0076529999999906
21
-103.1167039999999986
0
LINE
8
BLACK
6
CONTINUOUS
10
77.0076529999999906
20
-103.1167039999999986
11
77.0076490000000007
21
-103.116700999999992
0
LINE
8
BLACK
6
CONTINUOUS
10
77.0076490000000007
20
-103.116700999999992
11
76.8038480000000021
21
-102.9686319999999995
0
LINE
8
BLACK
6
CONTINUOUS
10
76.8038480000000021
20
-102.9686319999999995
11
76.8038469999999904
21
-102.968631000000002
0
LINE
8
BLACK
6
CONTINUOUS
10
76.8038469999999904
20
-102.968631000000002
11
76.8038449999999955
21
-102.9686299999999903
0
LINE
8
BLACK
6
CONTINUOUS
10
76.8038449999999955
20
-102.9686299999999903
11
76.724655999999996
21
-102.9282809999999984
0
LINE
8
BLACK
6
CONTINUOUS
10
76.724655999999996
20
-102.9282809999999984
11
76.5793829999999929
21
-102.8542599999999965
0
LINE
8
BLACK
6
CONTINUOUS
10
76.5793829999999929
20
-102.8542599999999965
11
76.339784999999992
21
-102.7764099999999985
0
LINE
8
BLACK
6
CONTINUOUS
10
76.339784999999992
20
-102.7764099999999985
11
76.2411139999999961
21
-102.7607819999999919
0
LINE
8
BLACK
6
CONTINUOUS
10
76.2411139999999961
20
-102.7607819999999919
11
76.0909619999999904
21
-102.7369999999999948
0
LINE
8
BLACK
6
CONTINUOUS
10
76.0909619999999904
20
-102.7369999999999948
11
75.8390380000000022
21
-102.7369999999999948
0
LINE
8
BLACK
6
CONTINUOUS
10
75.8390380000000022
20
-102.7369999999999948
11
75.7146259999999955
21
-102.7567049999999966
0
LINE
8
BLACK
6
CONTINUOUS
10
75.7146259999999955
20
-102.7567049999999966
11
75.5902140000000031
21
-102.7764099999999985
0
LINE
8
BLACK
6
CONTINUOUS
10
75.5902140000000031
20
-102.7764099999999985
11
75.3506160000000023
21
-102.8542599999999965
0
LINE
8
BLACK
6
CONTINUOUS
10
75.3506160000000023
20
-102.8542599999999965
11
75.126150999999993
21
-102.9686319999999995
0
LINE
8
BLACK
6
CONTINUOUS
10
75.126150999999993
20
-102.9686319999999995
11
74.9223499999999945
21
-103.116700999999992
0
LINE
8
BLACK
6
CONTINUOUS
10
74.9223499999999945
20
-103.116700999999992
11
74.922347000000002
21
-103.1167039999999986
0
LINE
8
BLACK
6
CONTINUOUS
10
74.922347000000002
20
-103.1167039999999986
11
74.7442049999999938
21
-103.2948449999999951
0
LINE
8
BLACK
6
CONTINUOUS
10
74.7442049999999938
20
-103.2948449999999951
11
74.7442009999999897
21
-103.2948499999999967
0
LINE
8
BLACK
6
CONTINUOUS
10
74.7442009999999897
20
-103.2948499999999967
11
74.5961319999999972
21
-103.4986509999999953
0
LINE
8
BLACK
6
CONTINUOUS
10
74.5961319999999972
20
-103.4986509999999953
11
74.4817599999999942
21
-103.7231179999999995
0
LINE
8
BLACK
6
CONTINUOUS
10
74.4817599999999942
20
-103.7231179999999995
11
74.4039089999999987
21
-103.9627160000000003
0
LINE
8
BLACK
6
CONTINUOUS
10
74.4039089999999987
20
-103.9627160000000003
11
74.3920150000000007
21
-104.0378099999999932
0
LINE
8
BLACK
6
CONTINUOUS
10
74.3920150000000007
20
-104.0378099999999932
11
74.3620849999999933
21
-104.1009439999999984
0
LINE
8
BLACK
6
CONTINUOUS
10
74.3620849999999933
20
-104.1009439999999984
11
74.3572229999999905
21
-104.1060909999999922
0
LINE
8
BLACK
6
CONTINUOUS
10
74.3572229999999905
20
-104.1060909999999922
11
73.3609340000000003
21
-105.1023809999999941
0
LINE
8
BLACK
6
CONTINUOUS
10
73.3609340000000003
20
-105.1023809999999941
11
73.2996109999999987
21
-105.1358659999999929
0
LINE
8
BLACK
6
CONTINUOUS
10
73.2996109999999987
20
-105.1358659999999929
11
73.2732529999999969
21
-105.1387
0
LINE
8
BLACK
6
CONTINUOUS
10
73.2732529999999969
20
-105.1387
11
70.4054009999999977
21
-105.1387
0
LINE
8
BLACK
6
CONTINUOUS
10
70.4054009999999977
20
-105.1387
11
70.3383620000000036
21
-105.1190149999999903
0
LINE
8
BLACK
6
CONTINUOUS
10
70.3383620000000036
20
-105.1190149999999903
11
70.2926070000000038
21
-105.0662109999999956
0
LINE
8
BLACK
6
CONTINUOUS
10
70.2926070000000038
20
-105.0662109999999956
11
70.2826629999999994
21
-104.997052999999994
0
LINE
8
BLACK
6
CONTINUOUS
10
70.2826629999999994
20
-104.997052999999994
11
70.2949160000000006
21
-104.9584049999999991
0
LINE
8
BLACK
6
CONTINUOUS
10
70.2949160000000006
20
-104.9584049999999991
11
70.2982389999999953
21
-104.9518829999999951
0
LINE
8
BLACK
6
CONTINUOUS
10
70.2982389999999953
20
-104.9518829999999951
11
70.2982389999999953
21
-104.9518819999999977
0
LINE
8
BLACK
6
CONTINUOUS
10
70.2982389999999953
20
-104.9518819999999977
11
70.2982409999999902
21
-104.951878999999991
0
LINE
8
BLACK
6
CONTINUOUS
10
70.2982409999999902
20
-104.951878999999991
11
70.3760899999999907
21
-104.7122849999999943
0
LINE
8
BLACK
6
CONTINUOUS
10
70.3760899999999907
20
-104.7122849999999943
11
70.387984000000003
21
-104.6371869999999973
0
LINE
8
BLACK
6
CONTINUOUS
10
70.387984000000003
20
-104.6371869999999973
11
70.4179110000000037
21
-104.5740569999999963
0
LINE
8
BLACK
6
CONTINUOUS
10
70.4179110000000037
20
-104.5740569999999963
11
70.4227569999999901
21
-104.5689259999999905
0
LINE
8
BLACK
6
CONTINUOUS
10
70.4227569999999901
20
-104.5689259999999905
11
75.2201649999999944
21
-99.7715189999999978
0
LINE
8
BLACK
6
CONTINUOUS
10
75.2201649999999944
20
-99.7715189999999978
11
75.281487999999996
21
-99.738033999999999
0
LINE
8
BLACK
6
CONTINUOUS
10
75.281487999999996
20
-99.738033999999999
11
75.3078459999999978
21
-99.7351999999999919
0
LINE
8
BLACK
6
CONTINUOUS
10
75.3078459999999978
20
-99.7351999999999919
11
89.6872529999999983
21
-99.7351999999999919
0
LINE
8
BLACK
6
CONTINUOUS
10
89.6872529999999983
20
-99.7351999999999919
11
89.7542919999999924
21
-99.7548850000000016
0
LINE
8
BLACK
6
CONTINUOUS
10
94.19341399999999
20
-61.9563519999999954
11
94.3472280000000012
21
-61.9869479999999982
0
LINE
8
BLACK
6
CONTINUOUS
10
94.3472280000000012
20
-61.9869479999999982
11
94.4921169999999933
21
-62.0469629999999981
0
LINE
8
BLACK
6
CONTINUOUS
10
94.4921169999999933
20
-62.0469629999999981
11
94.6225149999999928
21
-62.1340919999999954
0
LINE
8
BLACK
6
CONTINUOUS
10
94.6225149999999928
20
-62.1340919999999954
11
94.7334079999999972
21
-62.2449849999999998
0
LINE
8
BLACK
6
CONTINUOUS
10
94.7334079999999972
20
-62.2449849999999998
11
94.8205370000000016
21
-62.3753829999999994
0
LINE
8
BLACK
6
CONTINUOUS
10
94.8205370000000016
20
-62.3753829999999994
11
94.8805519999999945
21
-62.5202719999999985
0
LINE
8
BLACK
6
CONTINUOUS
10
94.8805519999999945
20
-62.5202719999999985
11
94.9111479999999972
21
-62.6740859999999955
0
LINE
8
BLACK
6
CONTINUOUS
10
94.9111479999999972
20
-62.6740859999999955
11
94.9111479999999972
21
-62.8309139999999999
0
LINE
8
BLACK
6
CONTINUOUS
10
94.9111479999999972
20
-62.8309139999999999
11
94.8805519999999945
21
-62.9847279999999969
0
LINE
8
BLACK
6
CONTINUOUS
10
94.8805519999999945
20
-62.9847279999999969
11
94.8205370000000016
21
-63.1296169999999961
0
LINE
8
BLACK
6
CONTINUOUS
10
94.8205370000000016
20
-63.1296169999999961
11
94.7334079999999972
21
-63.2600149999999957
0
LINE
8
BLACK
6
CONTINUOUS
10
94.7334079999999972
20
-63.2600149999999957
11
94.6225149999999928
21
-63.370908
0
LINE
8
BLACK
6
CONTINUOUS
10
94.6225149999999928
20
-63.370908
11
94.4921169999999933
21
-63.4580369999999974
0
LINE
8
BLACK
6
CONTINUOUS
10
94.4921169999999933
20
-63.4580369999999974
11
94.3472280000000012
21
-63.5180519999999973
0
LINE
8
BLACK
6
CONTINUOUS
10
94.3472280000000012
20
-63.5180519999999973
11
94.19341399999999
21
-63.548648
0
LINE
8
BLACK
6
CONTINUOUS
10
94.19341399999999
20
-63.548648
11
94.1149999999999949
21
-63.5524999999999949
0
LINE
8
BLACK
6
CONTINUOUS
10
94.1149999999999949
20
-63.5524999999999949
11
93.3149999999999977
21
-63.5524999999999949
0
LINE
8
BLACK
6
CONTINUOUS
10
93.3149999999999977
20
-63.5524999999999949
11
93.2365860000000026
21
-63.548648
0
LINE
8
BLACK
6
CONTINUOUS
10
93.2365860000000026
20
-63.548648
11
93.0827719999999914
21
-63.5180519999999973
0
LINE
8
BLACK
6
CONTINUOUS
10
93.0827719999999914
20
-63.5180519999999973
11
92.9378829999999994
21
-63.4580369999999974
0
LINE
8
BLACK
6
CONTINUOUS
10
92.9378829999999994
20
-63.4580369999999974
11
92.8074849999999998
21
-63.370908
0
LINE
8
BLACK
6
CONTINUOUS
10
92.8074849999999998
20
-63.370908
11
92.6965919999999954
21
-63.2600149999999957
0
LINE
8
BLACK
6
CONTINUOUS
10
92.6965919999999954
20
-63.2600149999999957
11
92.6915709999999962
21
-63.2524999999999977
0
LINE
8
BLACK
6
CONTINUOUS
10
92.6915709999999962
20
-63.2524999999999977
11
92.4641999999999911
21
-63.2524999999999977
0
LINE
8
BLACK
6
CONTINUOUS
10
92.4641999999999911
20
-63.2524999999999977
11
91.7132999999999896
21
-63.2524999999999977
0
LINE
8
BLACK
6
CONTINUOUS
10
91.7132999999999896
20
-63.2524999999999977
11
91.7132999999999896
21
-83.9568939999999913
0
LINE
8
BLACK
6
CONTINUOUS
10
91.7132999999999896
20
-83.9568939999999913
11
96.1959529999999887
21
-88.4395469999999904
0
LINE
8
BLACK
6
CONTINUOUS
10
96.1959529999999887
20
-88.4395469999999904
11
96.2390609999999924
21
-88.488703000000001
0
LINE
8
BLACK
6
CONTINUOUS
10
96.2390609999999924
20
-88.488703000000001
11
96.2390769999999947
21
-88.488718999999989
0
LINE
8
BLACK
6
CONTINUOUS
10
96.2390769999999947
20
-88.488718999999989
11
96.3043399999999963
21
-88.6017579999999896
0
LINE
8
BLACK
6
CONTINUOUS
10
96.3043399999999963
20
-88.6017579999999896
11
96.338122999999996
21
-88.7278369999999938
0
LINE
8
BLACK
6
CONTINUOUS
10
96.338122999999996
20
-88.7278369999999938
11
96.338122999999996
21
-88.7278519999999986
0
LINE
8
BLACK
6
CONTINUOUS
10
96.338122999999996
20
-88.7278519999999986
11
96.3423999999999978
21
-88.7930999999999955
0
LINE
8
BLACK
6
CONTINUOUS
10
96.3423999999999978
20
-88.7930999999999955
11
96.3423999999999978
21
-90.5904999999999916
0
LINE
8
BLACK
6
CONTINUOUS
10
96.3423999999999978
20
-90.5904999999999916
11
96.338122999999996
21
-90.655746999999991
0
LINE
8
BLACK
6
CONTINUOUS
10
96.338122999999996
20
-90.655746999999991
11
96.338122999999996
21
-90.6557629999999932
0
LINE
8
BLACK
6
CONTINUOUS
10
96.338122999999996
20
-90.6557629999999932
11
96.3181889999999896
21
-90.7301559999999938
0
LINE
8
BLACK
6
CONTINUOUS
10
96.3181889999999896
20
-90.7301559999999938
11
96.3043399999999963
21
-90.7818419999999975
0
LINE
8
BLACK
6
CONTINUOUS
10
96.3043399999999963
20
-90.7818419999999975
11
96.2390769999999947
21
-90.894880999999998
0
LINE
8
BLACK
6
CONTINUOUS
10
96.2390769999999947
20
-90.894880999999998
11
96.239067999999989
21
-90.8948889999999921
0
LINE
8
BLACK
6
CONTINUOUS
10
96.239067999999989
20
-90.8948889999999921
11
96.1959529999999887
21
-90.9440539999999942
0
LINE
8
BLACK
6
CONTINUOUS
10
96.1959529999999887
20
-90.9440539999999942
11
91.5515529999999984
21
-95.5884530000000012
0
LINE
8
BLACK
6
CONTINUOUS
10
91.5515529999999984
20
-95.5884530000000012
11
91.5023959999999903
21
-95.6315609999999907
0
LINE
8
BLACK
6
CONTINUOUS
10
91.5023959999999903
20
-95.6315609999999907
11
91.5023809999999997
21
-95.6315769999999929
0
LINE
8
BLACK
6
CONTINUOUS
10
91.5023809999999997
20
-95.6315769999999929
11
91.3912369999999896
21
-95.6957459999999998
0
LINE
8
BLACK
6
CONTINUOUS
10
91.3912369999999896
20
-95.6957459999999998
11
91.3893419999999992
21
-95.6968399999999946
0
LINE
8
BLACK
6
CONTINUOUS
10
91.3893419999999992
20
-95.6968399999999946
11
91.2632629999999949
21
-95.7306229999999942
0
LINE
8
BLACK
6
CONTINUOUS
10
91.2632629999999949
20
-95.7306229999999942
11
91.2632479999999902
21
-95.7306229999999942
0
LINE
8
BLACK
6
CONTINUOUS
10
91.2632479999999902
20
-95.7306229999999942
11
91.1979999999999933
21
-95.7348999999999961
0
LINE
8
BLACK
6
CONTINUOUS
10
91.1979999999999933
20
-95.7348999999999961
11
75.1130059999999986
21
-95.7348999999999961
0
LINE
8
BLACK
6
CONTINUOUS
10
75.1130059999999986
20
-95.7348999999999961
11
67.2133000000000038
21
-103.6346059999999909
0
LINE
8
BLACK
6
CONTINUOUS
10
67.2133000000000038
20
-103.6346059999999909
11
67.2133000000000038
21
-105.0008929999999907
0
LINE
8
BLACK
6
CONTINUOUS
10
67.2133000000000038
20
-105.0008929999999907
11
68.1516069999999985
21
-105.9391999999999996
0
LINE
8
BLACK
6
CONTINUOUS
10
68.1516069999999985
20
-105.9391999999999996
11
73.6561939999999993
21
-105.9391999999999996
0
LINE
8
BLACK
6
CONTINUOUS
10
73.6561939999999993
20
-105.9391999999999996
11
75.170614999999998
21
-104.4247779999999892
0
LINE
8
BLACK
6
CONTINUOUS
10
75.170614999999998
20
-104.4247779999999892
11
75.1688520000000011
21
-104.4159140000000008
0
LINE
8
BLACK
6
CONTINUOUS
10
75.1688520000000011
20
-104.4159140000000008
11
75.1688520000000011
21
-104.2590859999999964
0
LINE
8
BLACK
6
CONTINUOUS
10
75.1688520000000011
20
-104.2590859999999964
11
75.1994479999999896
21
-104.1052719999999994
0
LINE
8
BLACK
6
CONTINUOUS
10
75.1994479999999896
20
-104.1052719999999994
11
75.2594629999999967
21
-103.9603829999999931
0
LINE
8
BLACK
6
CONTINUOUS
10
75.2594629999999967
20
-103.9603829999999931
11
75.3465920000000011
21
-103.8299849999999935
0
LINE
8
BLACK
6
CONTINUOUS
10
75.3465920000000011
20
-103.8299849999999935
11
75.4574849999999913
21
-103.7190919999999892
0
LINE
8
BLACK
6
CONTINUOUS
10
75.4574849999999913
20
-103.7190919999999892
11
75.5878829999999908
21
-103.6319629999999989
0
LINE
8
BLACK
6
CONTINUOUS
10
75.5878829999999908
20
-103.6319629999999989
11
75.7327719999999971
21
-103.5719479999999919
0
LINE
8
BLACK
6
CONTINUOUS
10
75.7327719999999971
20
-103.5719479999999919
11
75.8865859999999941
21
-103.5413519999999892
0
LINE
8
BLACK
6
CONTINUOUS
10
75.8865859999999941
20
-103.5413519999999892
11
76.0434139999999985
21
-103.5413519999999892
0
LINE
8
BLACK
6
CONTINUOUS
10
76.0434139999999985
20
-103.5413519999999892
11
76.1972279999999955
21
-103.5719479999999919
0
LINE
8
BLACK
6
CONTINUOUS
10
76.1972279999999955
20
-103.5719479999999919
11
76.3421170000000018
21
-103.6319629999999989
0
LINE
8
BLACK
6
CONTINUOUS
10
76.3421170000000018
20
-103.6319629999999989
11
76.4725150000000014
21
-103.7190919999999892
0
LINE
8
BLACK
6
CONTINUOUS
10
76.4725150000000014
20
-103.7190919999999892
11
76.5834079999999915
21
-103.8299849999999935
0
LINE
8
BLACK
6
CONTINUOUS
10
76.5834079999999915
20
-103.8299849999999935
11
76.6705369999999959
21
-103.9603829999999931
0
LINE
8
BLACK
6
CONTINUOUS
10
76.6705369999999959
20
-103.9603829999999931
11
76.730552000000003
21
-104.1052719999999994
0
LINE
8
BLACK
6
CONTINUOUS
10
76.730552000000003
20
-104.1052719999999994
11
76.7611479999999915
21
-104.2590859999999964
0
LINE
8
BLACK
6
CONTINUOUS
10
76.7611479999999915
20
-104.2590859999999964
11
76.7611479999999915
21
-104.4159140000000008
0
LINE
8
BLACK
6
CONTINUOUS
10
76.7611479999999915
20
-104.4159140000000008
11
76.730552000000003
21
-104.5697279999999978
0
LINE
8
BLACK
6
CONTINUOUS
10
76.730552000000003
20
-104.5697279999999978
11
76.6705369999999959
21
-104.7146169999999898
0
LINE
8
BLACK
6
CONTINUOUS
10
76.6705369999999959
20
-104.7146169999999898
11
76.5834079999999915
21
-104.8450149999999894
0
LINE
8
BLACK
6
CONTINUOUS
10
76.5834079999999915
20
-104.8450149999999894
11
76.4725150000000014
21
-104.9559079999999938
0
LINE
8
BLACK
6
CONTINUOUS
10
76.4725150000000014
20
-104.9559079999999938
11
76.3421170000000018
21
-105.0430369999999982
0
LINE
8
BLACK
6
CONTINUOUS
10
76.3421170000000018
20
-105.0430369999999982
11
76.1972279999999955
21
-105.103051999999991
0
LINE
8
BLACK
6
CONTINUOUS
10
76.1972279999999955
20
-105.103051999999991
11
76.0434139999999985
21
-105.1336479999999938
0
LINE
8
BLACK
6
CONTINUOUS
10
76.0434139999999985
20
-105.1336479999999938
11
75.8865859999999941
21
-105.1336479999999938
0
LINE
8
BLACK
6
CONTINUOUS
10
75.8865859999999941
20
-105.1336479999999938
11
75.8778879999999987
21
-105.1319170000000014
0
LINE
8
BLACK
6
CONTINUOUS
10
75.8778879999999987
20
-105.1319170000000014
11
75.4178529999999938
21
-105.5919529999999895
0
LINE
8
BLACK
6
CONTINUOUS
10
75.4178529999999938
20
-105.5919529999999895
11
75.4162319999999937
21
-105.5933739999999972
0
LINE
8
BLACK
6
CONTINUOUS
10
75.4162319999999937
20
-105.5933739999999972
11
74.2168530000000004
21
-106.7927529999999905
0
LINE
8
BLACK
6
CONTINUOUS
10
74.2168530000000004
20
-106.7927529999999905
11
74.1676959999999923
21
-106.8358609999999942
0
LINE
8
BLACK
6
CONTINUOUS
10
74.1676959999999923
20
-106.8358609999999942
11
74.1676810000000017
21
-106.8358769999999964
0
LINE
8
BLACK
6
CONTINUOUS
10
74.1676810000000017
20
-106.8358769999999964
11
74.057982999999993
21
-106.899210999999994
0
LINE
8
BLACK
6
CONTINUOUS
10
74.057982999999993
20
-106.899210999999994
11
74.0546420000000012
21
-106.9011399999999981
0
LINE
8
BLACK
6
CONTINUOUS
10
74.0546420000000012
20
-106.9011399999999981
11
73.9285629999999969
21
-106.9349229999999977
0
LINE
8
BLACK
6
CONTINUOUS
10
73.9285629999999969
20
-106.9349229999999977
11
73.9285479999999922
21
-106.9349229999999977
0
LINE
8
BLACK
6
CONTINUOUS
10
73.9285479999999922
20
-106.9349229999999977
11
73.8632999999999953
21
-106.9391999999999996
0
LINE
8
BLACK
6
CONTINUOUS
10
73.8632999999999953
20
-106.9391999999999996
11
67.9444999999999908
21
-106.9391999999999996
0
LINE
8
BLACK
6
CONTINUOUS
10
67.9444999999999908
20
-106.9391999999999996
11
67.8792519999999939
21
-106.9349229999999977
0
LINE
8
BLACK
6
CONTINUOUS
10
67.8792519999999939
20
-106.9349229999999977
11
67.8792370000000034
21
-106.9349229999999977
0
LINE
8
BLACK
6
CONTINUOUS
10
67.8792370000000034
20
-106.9349229999999977
11
67.779800999999992
21
-106.9082789999999932
0
LINE
8
BLACK
6
CONTINUOUS
10
67.779800999999992
20
-106.9082789999999932
11
67.7531579999999991
21
-106.9011399999999981
0
LINE
8
BLACK
6
CONTINUOUS
10
67.7531579999999991
20
-106.9011399999999981
11
67.6401189999999986
21
-106.8358769999999964
0
LINE
8
BLACK
6
CONTINUOUS
10
67.6401189999999986
20
-106.8358769999999964
11
67.6401029999999963
21
-106.8358609999999942
0
LINE
8
BLACK
6
CONTINUOUS
10
67.6401029999999963
20
-106.8358609999999942
11
67.5909469999999999
21
-106.7927540000000022
0
LINE
8
BLACK
6
CONTINUOUS
10
67.5909469999999999
20
-106.7927540000000022
11
66.3597469999999987
21
-105.5615529999999893
0
LINE
8
BLACK
6
CONTINUOUS
10
66.3597469999999987
20
-105.5615529999999893
11
66.3166379999999975
21
-105.5123959999999954
0
LINE
8
BLACK
6
CONTINUOUS
10
66.3166379999999975
20
-105.5123959999999954
11
66.3166229999999928
21
-105.5123809999999906
0
LINE
8
BLACK
6
CONTINUOUS
10
66.3166229999999928
20
-105.5123809999999906
11
66.2513599999999911
21
-105.3993419999999901
0
LINE
8
BLACK
6
CONTINUOUS
10
66.2513599999999911
20
-105.3993419999999901
11
66.2296350000000018
21
-105.3182630000000017
0
LINE
8
BLACK
6
CONTINUOUS
10
66.2296350000000018
20
-105.3182630000000017
11
66.2175769999999915
21
-105.273263
0
LINE
8
BLACK
6
CONTINUOUS
10
66.2175769999999915
20
-105.273263
11
66.2175769999999915
21
-105.2732469999999978
0
LINE
8
BLACK
6
CONTINUOUS
10
66.2175769999999915
20
-105.2732469999999978
11
66.2133000000000038
21
-105.2079999999999984
0
LINE
8
BLACK
6
CONTINUOUS
10
66.2133000000000038
20
-105.2079999999999984
11
66.2133000000000038
21
-103.4274999999999949
0
LINE
8
BLACK
6
CONTINUOUS
10
66.2133000000000038
20
-103.4274999999999949
11
66.2175769999999915
21
-103.362251999999998
0
LINE
8
BLACK
6
CONTINUOUS
10
66.2175769999999915
20
-103.362251999999998
11
66.2175769999999915
21
-103.3622369999999933
0
LINE
8
BLACK
6
CONTINUOUS
10
66.2175769999999915
20
-103.3622369999999933
11
66.2513599999999911
21
-103.236157999999989
0
LINE
8
BLACK
6
CONTINUOUS
10
66.2513599999999911
20
-103.236157999999989
11
66.3166229999999928
21
-103.1231189999999884
0
LINE
8
BLACK
6
CONTINUOUS
10
66.3166229999999928
20
-103.1231189999999884
11
66.3166379999999975
21
-103.1231030000000004
0
LINE
8
BLACK
6
CONTINUOUS
10
66.3166379999999975
20
-103.1231030000000004
11
66.3597469999999987
21
-103.0739469999999898
0
LINE
8
BLACK
6
CONTINUOUS
10
66.3597469999999987
20
-103.0739469999999898
11
74.1987929999999949
21
-95.2348999999999961
0
LINE
8
BLACK
6
CONTINUOUS
10
74.1987929999999949
20
-95.2348999999999961
11
65.1860939999999971
21
-86.2222000000000008
0
LINE
8
BLACK
6
CONTINUOUS
10
65.1860939999999971
20
-86.2222000000000008
11
56.1297069999999962
21
-86.2222000000000008
0
LINE
8
BLACK
6
CONTINUOUS
10
56.1297069999999962
20
-86.2222000000000008
11
54.8508530000000007
21
-87.5010529999999989
0
LINE
8
BLACK
6
CONTINUOUS
10
54.8508530000000007
20
-87.5010529999999989
11
54.8016959999999997
21
-87.5441610000000026
0
LINE
8
BLACK
6
CONTINUOUS
10
54.8016959999999997
20
-87.5441610000000026
11
54.801680999999995
21
-87.5441769999999906
0
LINE
8
BLACK
6
CONTINUOUS
10
54.801680999999995
20
-87.5441769999999906
11
54.7296979999999991
21
-87.5857349999999997
0
LINE
8
BLACK
6
CONTINUOUS
10
54.7296979999999991
20
-87.5857349999999997
11
54.683408
21
-87.6550149999999917
0
LINE
8
BLACK
6
CONTINUOUS
10
54.683408
20
-87.6550149999999917
11
54.5725149999999957
21
-87.765907999999996
0
LINE
8
BLACK
6
CONTINUOUS
10
54.5725149999999957
20
-87.765907999999996
11
54.4421169999999961
21
-87.8530370000000005
0
LINE
8
BLACK
6
CONTINUOUS
10
54.4421169999999961
20
-87.8530370000000005
11
54.2972279999999969
21
-87.9130519999999933
0
LINE
8
BLACK
6
CONTINUOUS
10
54.2972279999999969
20
-87.9130519999999933
11
54.1434139999999999
21
-87.943647999999996
0
LINE
8
BLACK
6
CONTINUOUS
10
54.1434139999999999
20
-87.943647999999996
11
54.0649999999999977
21
-87.9474999999999909
0
LINE
8
BLACK
6
CONTINUOUS
10
54.0649999999999977
20
-87.9474999999999909
11
53.2650000000000006
21
-87.9474999999999909
0
LINE
8
BLACK
6
CONTINUOUS
10
53.2650000000000006
20
-87.9474999999999909
11
53.1865859999999984
21
-87.943647999999996
0
LINE
8
BLACK
6
CONTINUOUS
10
53.1865859999999984
20
-87.943647999999996
11
53.0327719999999943
21
-87.9130519999999933
0
LINE
8
BLACK
6
CONTINUOUS
10
53.0327719999999943
20
-87.9130519999999933
11
52.8878829999999951
21
-87.8530370000000005
0
LINE
8
BLACK
6
CONTINUOUS
10
52.8878829999999951
20
-87.8530370000000005
11
52.7574849999999955
21
-87.765907999999996
0
LINE
8
BLACK
6
CONTINUOUS
10
52.7574849999999955
20
-87.765907999999996
11
52.6465919999999983
21
-87.6550149999999917
0
LINE
8
BLACK
6
CONTINUOUS
10
52.6465919999999983
20
-87.6550149999999917
11
52.5594630000000009
21
-87.5246169999999921
0
LINE
8
BLACK
6
CONTINUOUS
10
52.5594630000000009
20
-87.5246169999999921
11
52.499448000000001
21
-87.3797280000000001
0
LINE
8
BLACK
6
CONTINUOUS
10
52.499448000000001
20
-87.3797280000000001
11
52.4688519999999983
21
-87.2259140000000031
0
LINE
8
BLACK
6
CONTINUOUS
10
52.4688519999999983
20
-87.2259140000000031
11
52.4688519999999983
21
-87.0690859999999986
0
LINE
8
BLACK
6
CONTINUOUS
10
52.4688519999999983
20
-87.0690859999999986
11
52.499448000000001
21
-86.9152720000000016
0
LINE
8
BLACK
6
CONTINUOUS
10
52.499448000000001
20
-86.9152720000000016
11
52.5594630000000009
21
-86.7703829999999954
0
LINE
8
BLACK
6
CONTINUOUS
10
52.5594630000000009
20
-86.7703829999999954
11
52.6465919999999983
21
-86.6399849999999958
0
LINE
8
BLACK
6
CONTINUOUS
10
52.6465919999999983
20
-86.6399849999999958
11
52.7574849999999955
21
-86.5290919999999915
0
LINE
8
BLACK
6
CONTINUOUS
10
52.7574849999999955
20
-86.5290919999999915
11
52.8878829999999951
21
-86.4419630000000012
0
LINE
8
BLACK
6
CONTINUOUS
10
52.8878829999999951
20
-86.4419630000000012
11
53.0327719999999943
21
-86.3819479999999942
0
LINE
8
BLACK
6
CONTINUOUS
10
53.0327719999999943
20
-86.3819479999999942
11
53.1865859999999984
21
-86.3513519999999914
0
LINE
8
BLACK
6
CONTINUOUS
10
53.1865859999999984
20
-86.3513519999999914
11
53.2650000000000006
21
-86.3474999999999966
0
LINE
8
BLACK
6
CONTINUOUS
10
53.2650000000000006
20
-86.3474999999999966
11
54.0649999999999977
21
-86.3474999999999966
0
LINE
8
BLACK
6
CONTINUOUS
10
54.0649999999999977
20
-86.3474999999999966
11
54.1434139999999999
21
-86.3513519999999914
0
LINE
8
BLACK
6
CONTINUOUS
10
54.1434139999999999
20
-86.3513519999999914
11
54.2972279999999969
21
-86.3819479999999942
0
LINE
8
BLACK
6
CONTINUOUS
10
54.2972279999999969
20
-86.3819479999999942
11
54.4421169999999961
21
-86.4419630000000012
0
LINE
8
BLACK
6
CONTINUOUS
10
54.4421169999999961
20
-86.4419630000000012
11
54.4742559999999969
21
-86.463436999999999
0
LINE
8
BLACK
6
CONTINUOUS
10
54.4742559999999969
20
-86.463436999999999
11
55.5690469999999976
21
-85.3686459999999983
0
LINE
8
BLACK
6
CONTINUOUS
10
55.5690469999999976
20
-85.3686459999999983
11
55.6182109999999952
21
-85.3255300000000005
0
LINE
8
BLACK
6
CONTINUOUS
10
55.6182109999999952
20
-85.3255300000000005
11
55.6182189999999963
21
-85.3255229999999898
0
LINE
8
BLACK
6
CONTINUOUS
10
55.6182189999999963
20
-85.3255229999999898
11
55.7312579999999969
21
-85.2602600000000024
0
LINE
8
BLACK
6
CONTINUOUS
10
55.7312579999999969
20
-85.2602600000000024
11
55.7579009999999968
21
-85.2531199999999956
0
LINE
8
BLACK
6
CONTINUOUS
10
55.7579009999999968
20
-85.2531199999999956
11
55.857336999999994
21
-85.2264770000000027
0
LINE
8
BLACK
6
CONTINUOUS
10
55.857336999999994
20
-85.2264770000000027
11
55.8573519999999988
21
-85.2264770000000027
0
LINE
8
BLACK
6
CONTINUOUS
10
55.8573519999999988
20
-85.2264770000000027
11
55.9225999999999956
21
-85.2222000000000008
0
LINE
8
BLACK
6
CONTINUOUS
10
55.9225999999999956
20
-85.2222000000000008
11
65.3931999999999931
21
-85.2222000000000008
0
LINE
8
BLACK
6
CONTINUOUS
10
65.3931999999999931
20
-85.2222000000000008
11
65.45844799999999
21
-85.2264770000000027
0
LINE
8
BLACK
6
CONTINUOUS
10
65.45844799999999
20
-85.2264770000000027
11
65.4584629999999947
21
-85.2264770000000027
0
LINE
8
BLACK
6
CONTINUOUS
10
65.4584629999999947
20
-85.2264770000000027
11
65.5683410000000038
21
-85.2559189999999916
0
LINE
8
BLACK
6
CONTINUOUS
10
65.5683410000000038
20
-85.2559189999999916
11
65.584541999999999
21
-85.2602600000000024
0
LINE
8
BLACK
6
CONTINUOUS
10
65.584541999999999
20
-85.2602600000000024
11
65.6975809999999996
21
-85.3255229999999898
0
LINE
8
BLACK
6
CONTINUOUS
10
65.6975809999999996
20
-85.3255229999999898
11
65.6975959999999901
21
-85.3255379999999946
0
LINE
8
BLACK
6
CONTINUOUS
10
65.6975959999999901
20
-85.3255379999999946
11
65.7467529999999982
21
-85.3686469999999957
0
LINE
8
BLACK
6
CONTINUOUS
10
65.7467529999999982
20
-85.3686469999999957
11
75.1130069999999961
21
-94.7348999999999961
0
LINE
8
BLACK
6
CONTINUOUS
10
75.1130069999999961
20
-94.7348999999999961
11
90.9908939999999973
21
-94.7348999999999961
0
LINE
8
BLACK
6
CONTINUOUS
10
90.9908939999999973
20
-94.7348999999999961
11
95.3423999999999978
21
-90.3833929999999981
0
LINE
8
BLACK
6
CONTINUOUS
10
95.3423999999999978
20
-90.3833929999999981
11
95.3423999999999978
21
-89.0002059999999915
0
LINE
8
BLACK
6
CONTINUOUS
10
95.3423999999999978
20
-89.0002059999999915
11
90.8597469999999987
21
-84.5175529999999924
0
LINE
8
BLACK
6
CONTINUOUS
10
90.8597469999999987
20
-84.5175529999999924
11
90.8166379999999975
21
-84.4683959999999985
0
LINE
8
BLACK
6
CONTINUOUS
10
90.8166379999999975
20
-84.4683959999999985
11
90.8166229999999928
21
-84.4683809999999937
0
LINE
8
BLACK
6
CONTINUOUS
10
90.8166229999999928
20
-84.4683809999999937
11
90.7513599999999911
21
-84.3553419999999932
0
LINE
8
BLACK
6
CONTINUOUS
10
90.7513599999999911
20
-84.3553419999999932
11
90.7373669999999919
21
-84.3031189999999953
0
LINE
8
BLACK
6
CONTINUOUS
10
90.7373669999999919
20
-84.3031189999999953
11
90.7175769999999915
21
-84.2292630000000031
0
LINE
8
BLACK
6
CONTINUOUS
10
90.7175769999999915
20
-84.2292630000000031
11
90.7175769999999915
21
-84.2292470000000009
0
LINE
8
BLACK
6
CONTINUOUS
10
90.7175769999999915
20
-84.2292470000000009
11
90.7132999999999896
21
-84.1640000000000015
0
LINE
8
BLACK
6
CONTINUOUS
10
90.7132999999999896
20
-84.1640000000000015
11
90.7132999999999896
21
-62.7524999999999977
0
LINE
8
BLACK
6
CONTINUOUS
10
90.7132999999999896
20
-62.7524999999999977
11
90.7175779999999889
21
-62.6872369999999961
0
LINE
8
BLACK
6
CONTINUOUS
10
90.7175779999999889
20
-62.6872369999999961
11
90.7513599999999911
21
-62.5611579999999989
0
LINE
8
BLACK
6
CONTINUOUS
10
90.7513599999999911
20
-62.5611579999999989
11
90.8166229999999928
21
-62.4481189999999984
0
LINE
8
BLACK
6
CONTINUOUS
10
90.8166229999999928
20
-62.4481189999999984
11
90.9089189999999974
21
-62.3558229999999938
0
LINE
8
BLACK
6
CONTINUOUS
10
90.9089189999999974
20
-62.3558229999999938
11
91.0219579999999979
21
-62.2905599999999993
0
LINE
8
BLACK
6
CONTINUOUS
10
91.0219579999999979
20
-62.2905599999999993
11
91.1480370000000022
21
-62.2567779999999971
0
LINE
8
BLACK
6
CONTINUOUS
10
91.1480370000000022
20
-62.2567779999999971
11
91.2132999999999896
21
-62.2524999999999977
0
LINE
8
BLACK
6
CONTINUOUS
10
91.2132999999999896
20
-62.2524999999999977
11
92.4641999999999911
21
-62.2524999999999977
0
LINE
8
BLACK
6
CONTINUOUS
10
92.4641999999999911
20
-62.2524999999999977
11
92.6915709999999962
21
-62.2524999999999977
0
LINE
8
BLACK
6
CONTINUOUS
10
92.6915709999999962
20
-62.2524999999999977
11
92.6965919999999954
21
-62.2449849999999998
0
LINE
8
BLACK
6
CONTINUOUS
10
92.6965919999999954
20
-62.2449849999999998
11
92.8074849999999998
21
-62.1340919999999954
0
LINE
8
BLACK
6
CONTINUOUS
10
92.8074849999999998
20
-62.1340919999999954
11
92.9378829999999994
21
-62.0469629999999981
0
LINE
8
BLACK
6
CONTINUOUS
10
92.9378829999999994
20
-62.0469629999999981
11
93.0827719999999914
21
-61.9869479999999982
0
LINE
8
BLACK
6
CONTINUOUS
10
93.0827719999999914
20
-61.9869479999999982
11
93.2365860000000026
21
-61.9563519999999954
0
LINE
8
BLACK
6
CONTINUOUS
10
93.2365860000000026
20
-61.9563519999999954
11
93.3149999999999977
21
-61.9525000000000006
0
LINE
8
BLACK
6
CONTINUOUS
10
93.3149999999999977
20
-61.9525000000000006
11
94.1149999999999949
21
-61.9525000000000006
0
LINE
8
BLACK
6
CONTINUOUS
10
94.1149999999999949
20
-61.9525000000000006
11
94.19341399999999
21
-61.9563519999999954
0
LINE
8
BLACK
6
CONTINUOUS
10
56.3617899999999992
20
-37.2178929999999966
11
56.5259519999999966
21
-37.2712329999999952
0
LINE
8
BLACK
6
CONTINUOUS
10
56.5259519999999966
20
-37.2712329999999952
11
56.6797479999999965
21
-37.3495959999999982
0
LINE
8
BLACK
6
CONTINUOUS
10
56.6797479999999965
20
-37.3495959999999982
11
56.819392999999998
21
-37.4510530000000017
0
LINE
8
BLACK
6
CONTINUOUS
10
56.819392999999998
20
-37.4510530000000017
11
56.9414469999999966
21
-37.5731070000000003
0
LINE
8
BLACK
6
CONTINUOUS
10
56.9414469999999966
20
-37.5731070000000003
11
57.0429040000000001
21
-37.7127520000000018
0
LINE
8
BLACK
6
CONTINUOUS
10
57.0429040000000001
20
-37.7127520000000018
11
57.121266999999996
21
-37.8665480000000017
0
LINE
8
BLACK
6
CONTINUOUS
10
57.121266999999996
20
-37.8665480000000017
11
57.1746069999999946
21
-38.0307099999999991
0
LINE
8
BLACK
6
CONTINUOUS
10
57.1746069999999946
20
-38.0307099999999991
11
57.2016089999999977
21
-38.2011949999999985
0
LINE
8
BLACK
6
CONTINUOUS
10
57.2016089999999977
20
-38.2011949999999985
11
57.2016089999999977
21
-38.3738049999999973
0
LINE
8
BLACK
6
CONTINUOUS
10
57.2016089999999977
20
-38.3738049999999973
11
57.1746069999999946
21
-38.5442899999999966
0
LINE
8
BLACK
6
CONTINUOUS
10
57.1746069999999946
20
-38.5442899999999966
11
57.121266999999996
21
-38.7084520000000012
0
LINE
8
BLACK
6
CONTINUOUS
10
57.121266999999996
20
-38.7084520000000012
11
57.0429040000000001
21
-38.862248000000001
0
LINE
8
BLACK
6
CONTINUOUS
10
57.0429040000000001
20
-38.862248000000001
11
56.9414469999999966
21
-39.0018929999999955
0
LINE
8
BLACK
6
CONTINUOUS
10
56.9414469999999966
20
-39.0018929999999955
11
56.819392999999998
21
-39.1239470000000011
0
LINE
8
BLACK
6
CONTINUOUS
10
56.819392999999998
20
-39.1239470000000011
11
56.6797479999999965
21
-39.2254039999999975
0
LINE
8
BLACK
6
CONTINUOUS
10
56.6797479999999965
20
-39.2254039999999975
11
56.6049999999999969
21
-39.2634899999999973
0
LINE
8
BLACK
6
CONTINUOUS
10
56.6049999999999969
20
-39.2634899999999973
11
56.6049999999999969
21
-39.9153930000000017
0
LINE
8
BLACK
6
CONTINUOUS
10
56.6049999999999969
20
-39.9153930000000017
11
75.1823210000000017
21
-58.4927139999999994
0
LINE
8
BLACK
6
CONTINUOUS
10
75.1823210000000017
20
-58.4927139999999994
11
75.3104230000000001
21
-58.4187549999999973
0
LINE
8
BLACK
6
CONTINUOUS
10
75.3104230000000001
20
-58.4187549999999973
11
75.5521209999999996
21
-58.3186399999999949
0
LINE
8
BLACK
6
CONTINUOUS
10
75.5521209999999996
20
-58.3186399999999949
11
75.8048189999999948
21
-58.2509289999999993
0
LINE
8
BLACK
6
CONTINUOUS
10
75.8048189999999948
20
-58.2509289999999993
11
76.0641940000000005
21
-58.2167819999999949
0
LINE
8
BLACK
6
CONTINUOUS
10
76.0641940000000005
20
-58.2167819999999949
11
76.325806
21
-58.2167819999999949
0
LINE
8
BLACK
6
CONTINUOUS
10
76.325806
20
-58.2167819999999949
11
76.5851809999999915
21
-58.2509289999999993
0
LINE
8
BLACK
6
CONTINUOUS
10
76.5851809999999915
20
-58.2509289999999993
11
76.8378790000000009
21
-58.3186399999999949
0
LINE
8
BLACK
6
CONTINUOUS
10
76.8378790000000009
20
-58.3186399999999949
11
77.0795770000000005
21
-58.4187549999999973
0
LINE
8
BLACK
6
CONTINUOUS
10
77.0795770000000005
20
-58.4187549999999973
11
77.3061399999999992
21
-58.5495609999999971
0
LINE
8
BLACK
6
CONTINUOUS
10
77.3061399999999992
20
-58.5495609999999971
11
77.5136919999999918
21
-58.7088199999999958
0
LINE
8
BLACK
6
CONTINUOUS
10
77.5136919999999918
20
-58.7088199999999958
11
77.698679999999996
21
-58.8938079999999999
0
LINE
8
BLACK
6
CONTINUOUS
10
77.698679999999996
20
-58.8938079999999999
11
77.8579390000000018
21
-59.1013599999999997
0
LINE
8
BLACK
6
CONTINUOUS
10
77.8579390000000018
20
-59.1013599999999997
11
77.9887449999999944
21
-59.3279229999999984
0
LINE
8
BLACK
6
CONTINUOUS
10
77.9887449999999944
20
-59.3279229999999984
11
78.0888599999999968
21
-59.5696209999999979
0
LINE
8
BLACK
6
CONTINUOUS
10
78.0888599999999968
20
-59.5696209999999979
11
78.1565709999999996
21
-59.8223190000000002
0
LINE
8
BLACK
6
CONTINUOUS
10
78.1565709999999996
20
-59.8223190000000002
11
78.1907179999999897
21
-60.0816939999999988
0
LINE
8
BLACK
6
CONTINUOUS
10
78.1907179999999897
20
-60.0816939999999988
11
78.1907179999999897
21
-60.3433059999999983
0
LINE
8
BLACK
6
CONTINUOUS
10
78.1907179999999897
20
-60.3433059999999983
11
78.1565709999999996
21
-60.6026809999999969
0
LINE
8
BLACK
6
CONTINUOUS
10
78.1565709999999996
20
-60.6026809999999969
11
78.0888599999999968
21
-60.8553789999999992
0
LINE
8
BLACK
6
CONTINUOUS
10
78.0888599999999968
20
-60.8553789999999992
11
77.9887449999999944
21
-61.0970769999999987
0
LINE
8
BLACK
6
CONTINUOUS
10
77.9887449999999944
20
-61.0970769999999987
11
77.8579390000000018
21
-61.3236399999999975
0
LINE
8
BLACK
6
CONTINUOUS
10
77.8579390000000018
20
-61.3236399999999975
11
77.698679999999996
21
-61.5311919999999972
0
LINE
8
BLACK
6
CONTINUOUS
10
77.698679999999996
20
-61.5311919999999972
11
77.5136919999999918
21
-61.7161799999999943
0
LINE
8
BLACK
6
CONTINUOUS
10
77.5136919999999918
20
-61.7161799999999943
11
77.3061399999999992
21
-61.8754390000000001
0
LINE
8
BLACK
6
CONTINUOUS
10
77.3061399999999992
20
-61.8754390000000001
11
77.0795770000000005
21
-62.0062449999999998
0
LINE
8
BLACK
6
CONTINUOUS
10
77.0795770000000005
20
-62.0062449999999998
11
76.8378790000000009
21
-62.1063599999999951
0
LINE
8
BLACK
6
CONTINUOUS
10
76.8378790000000009
20
-62.1063599999999951
11
76.5851809999999915
21
-62.1740709999999979
0
LINE
8
BLACK
6
CONTINUOUS
10
76.5851809999999915
20
-62.1740709999999979
11
76.325806
21
-62.2082179999999951
0
LINE
8
BLACK
6
CONTINUOUS
10
76.325806
20
-62.2082179999999951
11
76.0641940000000005
21
-62.2082179999999951
0
LINE
8
BLACK
6
CONTINUOUS
10
76.0641940000000005
20
-62.2082179999999951
11
75.8048189999999948
21
-62.1740709999999979
0
LINE
8
BLACK
6
CONTINUOUS
10
75.8048189999999948
20
-62.1740709999999979
11
75.5521209999999996
21
-62.1063599999999951
0
LINE
8
BLACK
6
CONTINUOUS
10
75.5521209999999996
20
-62.1063599999999951
11
75.3104230000000001
21
-62.0062449999999998
0
LINE
8
BLACK
6
CONTINUOUS
10
75.3104230000000001
20
-62.0062449999999998
11
75.0838600000000014
21
-61.8754390000000001
0
LINE
8
BLACK
6
CONTINUOUS
10
75.0838600000000014
20
-61.8754390000000001
11
74.8763079999999945
21
-61.7161799999999943
0
LINE
8
BLACK
6
CONTINUOUS
10
74.8763079999999945
20
-61.7161799999999943
11
74.6913199999999904
21
-61.5311919999999972
0
LINE
8
BLACK
6
CONTINUOUS
10
74.6913199999999904
20
-61.5311919999999972
11
74.5320609999999988
21
-61.3236399999999975
0
LINE
8
BLACK
6
CONTINUOUS
10
74.5320609999999988
20
-61.3236399999999975
11
74.4012549999999919
21
-61.0970769999999987
0
LINE
8
BLACK
6
CONTINUOUS
10
74.4012549999999919
20
-61.0970769999999987
11
74.3011400000000037
21
-60.8553789999999992
0
LINE
8
BLACK
6
CONTINUOUS
10
74.3011400000000037
20
-60.8553789999999992
11
74.2628550000000018
21
-60.7124999999999986
0
LINE
8
BLACK
6
CONTINUOUS
10
74.2628550000000018
20
-60.7124999999999986
11
64.3830069999999921
21
-60.7124999999999986
0
LINE
8
BLACK
6
CONTINUOUS
10
64.3830069999999921
20
-60.7124999999999986
11
42.217099999999995
21
-82.8784059999999982
0
LINE
8
BLACK
6
CONTINUOUS
10
42.217099999999995
20
-82.8784059999999982
11
42.217099999999995
21
-96.1512929999999955
0
LINE
8
BLACK
6
CONTINUOUS
10
42.217099999999995
20
-96.1512929999999955
11
48.1677070000000001
21
-102.1019000000000005
0
LINE
8
BLACK
6
CONTINUOUS
10
48.1677070000000001
20
-102.1019000000000005
11
48.3325999999999993
21
-102.1019000000000005
0
LINE
8
BLACK
6
CONTINUOUS
10
48.3325999999999993
20
-102.1019000000000005
11
48.3978479999999962
21
-102.1061770000000024
0
LINE
8
BLACK
6
CONTINUOUS
10
48.3978479999999962
20
-102.1061770000000024
11
48.397863000000001
21
-102.1061770000000024
0
LINE
8
BLACK
6
CONTINUOUS
10
48.397863000000001
20
-102.1061770000000024
11
48.5188069999999954
21
-102.1385839999999945
0
LINE
8
BLACK
6
CONTINUOUS
10
48.5188069999999954
20
-102.1385839999999945
11
48.5239419999999981
21
-102.1399600000000021
0
LINE
8
BLACK
6
CONTINUOUS
10
48.5239419999999981
20
-102.1399600000000021
11
48.6369809999999987
21
-102.2052229999999895
0
LINE
8
BLACK
6
CONTINUOUS
10
48.6369809999999987
20
-102.2052229999999895
11
48.6369959999999963
21
-102.2052379999999943
0
LINE
8
BLACK
6
CONTINUOUS
10
48.6369959999999963
20
-102.2052379999999943
11
48.6861529999999973
21
-102.2483469999999954
0
LINE
8
BLACK
6
CONTINUOUS
10
48.6861529999999973
20
-102.2483469999999954
11
50.1985539999999943
21
-103.760746999999995
0
LINE
8
BLACK
6
CONTINUOUS
10
50.1985539999999943
20
-103.760746999999995
11
50.2416689999999946
21
-103.8099109999999996
0
LINE
8
BLACK
6
CONTINUOUS
10
50.2416689999999946
20
-103.8099109999999996
11
50.2416769999999957
21
-103.8099189999999936
0
LINE
8
BLACK
6
CONTINUOUS
10
50.2416769999999957
20
-103.8099189999999936
11
50.3069399999999973
21
-103.9229579999999942
0
LINE
8
BLACK
6
CONTINUOUS
10
50.3069399999999973
20
-103.9229579999999942
11
50.3069399999999973
21
-103.9229589999999916
0
LINE
8
BLACK
6
CONTINUOUS
10
50.3069399999999973
20
-103.9229589999999916
11
50.340722999999997
21
-104.0490369999999984
0
LINE
8
BLACK
6
CONTINUOUS
10
50.340722999999997
20
-104.0490369999999984
11
50.340722999999997
21
-104.049051999999989
0
LINE
8
BLACK
6
CONTINUOUS
10
50.340722999999997
20
-104.049051999999989
11
50.3449999999999989
21
-104.1143000000000001
0
LINE
8
BLACK
6
CONTINUOUS
10
50.3449999999999989
20
-104.1143000000000001
11
50.3449999999999989
21
-104.4542249999999939
0
LINE
8
BLACK
6
CONTINUOUS
10
50.3449999999999989
20
-104.4542249999999939
11
50.3842339999999993
21
-104.480440999999999
0
LINE
8
BLACK
6
CONTINUOUS
10
50.3842339999999993
20
-104.480440999999999
11
50.5020589999999956
21
-104.5982659999999953
0
LINE
8
BLACK
6
CONTINUOUS
10
50.5020589999999956
20
-104.5982659999999953
11
50.5946329999999946
21
-104.7368129999999979
0
LINE
8
BLACK
6
CONTINUOUS
10
50.5946329999999946
20
-104.7368129999999979
11
50.6583989999999957
21
-104.8907579999999911
0
LINE
8
BLACK
6
CONTINUOUS
10
50.6583989999999957
20
-104.8907579999999911
11
50.6909069999999957
21
-105.0541849999999897
0
LINE
8
BLACK
6
CONTINUOUS
10
50.6909069999999957
20
-105.0541849999999897
11
50.6950000000000003
21
-105.1374999999999886
0
LINE
8
BLACK
6
CONTINUOUS
10
50.6950000000000003
20
-105.1374999999999886
11
50.6950000000000003
21
-105.4375
0
LINE
8
BLACK
6
CONTINUOUS
10
50.6950000000000003
20
-105.4375
11
50.6909069999999957
21
-105.5208149999999989
0
LINE
8
BLACK
6
CONTINUOUS
10
50.6909069999999957
20
-105.5208149999999989
11
50.6583989999999957
21
-105.6842419999999976
0
LINE
8
BLACK
6
CONTINUOUS
10
50.6583989999999957
20
-105.6842419999999976
11
50.5946329999999946
21
-105.8381869999999907
0
LINE
8
BLACK
6
CONTINUOUS
10
50.5946329999999946
20
-105.8381869999999907
11
50.5020589999999956
21
-105.9767339999999933
0
LINE
8
BLACK
6
CONTINUOUS
10
50.5020589999999956
20
-105.9767339999999933
11
50.3842339999999993
21
-106.0945589999999896
0
LINE
8
BLACK
6
CONTINUOUS
10
50.3842339999999993
20
-106.0945589999999896
11
50.2456869999999967
21
-106.1871329999999887
0
LINE
8
BLACK
6
CONTINUOUS
10
50.2456869999999967
20
-106.1871329999999887
11
50.0917419999999964
21
-106.2508989999999898
0
LINE
8
BLACK
6
CONTINUOUS
10
50.0917419999999964
20
-106.2508989999999898
11
49.9283149999999978
21
-106.2834069999999969
0
LINE
8
BLACK
6
CONTINUOUS
10
49.9283149999999978
20
-106.2834069999999969
11
49.7616849999999999
21
-106.2834069999999969
0
LINE
8
BLACK
6
CONTINUOUS
10
49.7616849999999999
20
-106.2834069999999969
11
49.5982580000000013
21
-106.2508989999999898
0
LINE
8
BLACK
6
CONTINUOUS
10
49.5982580000000013
20
-106.2508989999999898
11
49.4443130000000011
21
-106.1871329999999887
0
LINE
8
BLACK
6
CONTINUOUS
10
49.4443130000000011
20
-106.1871329999999887
11
49.3057659999999984
21
-106.0945589999999896
0
LINE
8
BLACK
6
CONTINUOUS
10
49.3057659999999984
20
-106.0945589999999896
11
49.187940999999995
21
-105.9767339999999933
0
LINE
8
BLACK
6
CONTINUOUS
10
49.187940999999995
20
-105.9767339999999933
11
49.095366999999996
21
-105.8381869999999907
0
LINE
8
BLACK
6
CONTINUOUS
10
49.095366999999996
20
-105.8381869999999907
11
49.0316009999999949
21
-105.6842419999999976
0
LINE
8
BLACK
6
CONTINUOUS
10
49.0316009999999949
20
-105.6842419999999976
11
48.9990929999999949
21
-105.5208149999999989
0
LINE
8
BLACK
6
CONTINUOUS
10
48.9990929999999949
20
-105.5208149999999989
11
48.9949999999999974
21
-105.4375
0
LINE
8
BLACK
6
CONTINUOUS
10
48.9949999999999974
20
-105.4375
11
48.9949999999999974
21
-105.1374999999999886
0
LINE
8
BLACK
6
CONTINUOUS
10
48.9949999999999974
20
-105.1374999999999886
11
48.9990929999999949
21
-105.0541849999999897
0
LINE
8
BLACK
6
CONTINUOUS
10
48.9990929999999949
20
-105.0541849999999897
11
49.0316009999999949
21
-104.8907579999999911
0
LINE
8
BLACK
6
CONTINUOUS
10
49.0316009999999949
20
-104.8907579999999911
11
49.095366999999996
21
-104.7368129999999979
0
LINE
8
BLACK
6
CONTINUOUS
10
49.095366999999996
20
-104.7368129999999979
11
49.187940999999995
21
-104.5982659999999953
0
LINE
8
BLACK
6
CONTINUOUS
10
49.187940999999995
20
-104.5982659999999953
11
49.3057659999999984
21
-104.480440999999999
0
LINE
8
BLACK
6
CONTINUOUS
10
49.3057659999999984
20
-104.480440999999999
11
49.3449999999999989
21
-104.4542249999999939
0
LINE
8
BLACK
6
CONTINUOUS
10
49.3449999999999989
20
-104.4542249999999939
11
49.3449999999999989
21
-104.3214059999999961
0
LINE
8
BLACK
6
CONTINUOUS
10
49.3449999999999989
20
-104.3214059999999961
11
48.1254939999999962
21
-103.1019000000000005
0
LINE
8
BLACK
6
CONTINUOUS
10
48.1254939999999962
20
-103.1019000000000005
11
47.9605999999999995
21
-103.1019000000000005
0
LINE
8
BLACK
6
CONTINUOUS
10
47.9605999999999995
20
-103.1019000000000005
11
47.8953519999999955
21
-103.0976229999999987
0
LINE
8
BLACK
6
CONTINUOUS
10
47.8953519999999955
20
-103.0976229999999987
11
47.8953369999999978
21
-103.0976229999999987
0
LINE
8
BLACK
6
CONTINUOUS
10
47.8953369999999978
20
-103.0976229999999987
11
47.7692580000000007
21
-103.063839999999999
0
LINE
8
BLACK
6
CONTINUOUS
10
47.7692580000000007
20
-103.063839999999999
11
47.7471279999999965
21
-103.0510629999999992
0
LINE
8
BLACK
6
CONTINUOUS
10
47.7471279999999965
20
-103.0510629999999992
11
47.6562190000000001
21
-102.9985769999999974
0
LINE
8
BLACK
6
CONTINUOUS
10
47.6562190000000001
20
-102.9985769999999974
11
47.6562099999999944
21
-102.9985679999999917
0
LINE
8
BLACK
6
CONTINUOUS
10
47.6562099999999944
20
-102.9985679999999917
11
47.6070459999999969
21
-102.9554529999999914
0
LINE
8
BLACK
6
CONTINUOUS
10
47.6070459999999969
20
-102.9554529999999914
11
41.363546999999997
21
-96.7119529999999941
0
LINE
8
BLACK
6
CONTINUOUS
10
41.363546999999997
20
-96.7119529999999941
11
41.3204379999999958
21
-96.6627960000000002
0
LINE
8
BLACK
6
CONTINUOUS
10
41.3204379999999958
20
-96.6627960000000002
11
41.3204229999999981
21
-96.6627809999999954
0
LINE
8
BLACK
6
CONTINUOUS
10
41.3204229999999981
20
-96.6627809999999954
11
41.2551599999999965
21
-96.5497419999999948
0
LINE
8
BLACK
6
CONTINUOUS
10
41.2551599999999965
20
-96.5497419999999948
11
41.253071999999996
21
-96.5419479999999908
0
LINE
8
BLACK
6
CONTINUOUS
10
41.253071999999996
20
-96.5419479999999908
11
41.2213769999999968
21
-96.4236629999999906
0
LINE
8
BLACK
6
CONTINUOUS
10
41.2213769999999968
20
-96.4236629999999906
11
41.2213769999999968
21
-96.4236470000000025
0
LINE
8
BLACK
6
CONTINUOUS
10
41.2213769999999968
20
-96.4236470000000025
11
41.217099999999995
21
-96.3583999999999889
0
LINE
8
BLACK
6
CONTINUOUS
10
41.217099999999995
20
-96.3583999999999889
11
41.217099999999995
21
-82.6713000000000022
0
LINE
8
BLACK
6
CONTINUOUS
10
41.217099999999995
20
-82.6713000000000022
11
41.2213769999999968
21
-82.6060519999999912
0
LINE
8
BLACK
6
CONTINUOUS
10
41.2213769999999968
20
-82.6060519999999912
11
41.2213769999999968
21
-82.6060370000000006
0
LINE
8
BLACK
6
CONTINUOUS
10
41.2213769999999968
20
-82.6060370000000006
11
41.2551599999999965
21
-82.4799579999999963
0
LINE
8
BLACK
6
CONTINUOUS
10
41.2551599999999965
20
-82.4799579999999963
11
41.2642719999999983
21
-82.4641759999999948
0
LINE
8
BLACK
6
CONTINUOUS
10
41.2642719999999983
20
-82.4641759999999948
11
41.3204229999999981
21
-82.3669189999999958
0
LINE
8
BLACK
6
CONTINUOUS
10
41.3204229999999981
20
-82.3669189999999958
11
41.3204379999999958
21
-82.3669029999999935
0
LINE
8
BLACK
6
CONTINUOUS
10
41.3204379999999958
20
-82.3669029999999935
11
41.363546999999997
21
-82.3177469999999971
0
LINE
8
BLACK
6
CONTINUOUS
10
41.363546999999997
20
-82.3177469999999971
11
63.8223470000000006
21
-59.858945999999996
0
LINE
8
BLACK
6
CONTINUOUS
10
63.8223470000000006
20
-59.858945999999996
11
63.8715109999999981
21
-59.8158299999999983
0
LINE
8
BLACK
6
CONTINUOUS
10
63.8715109999999981
20
-59.8158299999999983
11
63.8715189999999993
21
-59.8158229999999946
0
LINE
8
BLACK
6
CONTINUOUS
10
63.8715189999999993
20
-59.8158229999999946
11
63.9845579999999998
21
-59.7505600000000001
0
LINE
8
BLACK
6
CONTINUOUS
10
63.9845579999999998
20
-59.7505600000000001
11
64.014056999999994
21
-59.7426559999999967
0
LINE
8
BLACK
6
CONTINUOUS
10
64.014056999999994
20
-59.7426559999999967
11
64.110636999999997
21
-59.7167770000000004
0
LINE
8
BLACK
6
CONTINUOUS
10
64.110636999999997
20
-59.7167770000000004
11
64.1106520000000017
21
-59.7167770000000004
0
LINE
8
BLACK
6
CONTINUOUS
10
64.1106520000000017
20
-59.7167770000000004
11
64.1758999999999986
21
-59.7124999999999986
0
LINE
8
BLACK
6
CONTINUOUS
10
64.1758999999999986
20
-59.7124999999999986
11
74.2628550000000018
21
-59.7124999999999986
0
LINE
8
BLACK
6
CONTINUOUS
10
74.2628550000000018
20
-59.7124999999999986
11
74.3011400000000037
21
-59.5696209999999979
0
LINE
8
BLACK
6
CONTINUOUS
10
74.3011400000000037
20
-59.5696209999999979
11
74.4012549999999919
21
-59.3279229999999984
0
LINE
8
BLACK
6
CONTINUOUS
10
74.4012549999999919
20
-59.3279229999999984
11
74.475213999999994
21
-59.199821
0
LINE
8
BLACK
6
CONTINUOUS
10
74.475213999999994
20
-59.199821
11
55.7514469999999989
21
-40.4760530000000003
0
LINE
8
BLACK
6
CONTINUOUS
10
55.7514469999999989
20
-40.4760530000000003
11
55.7083379999999977
21
-40.4268959999999993
0
LINE
8
BLACK
6
CONTINUOUS
10
55.7083379999999977
20
-40.4268959999999993
11
55.708323
21
-40.4268810000000016
0
LINE
8
BLACK
6
CONTINUOUS
10
55.708323
20
-40.4268810000000016
11
55.6430599999999984
21
-40.3138420000000011
0
LINE
8
BLACK
6
CONTINUOUS
10
55.6430599999999984
20
-40.3138420000000011
11
55.6092769999999987
21
-40.1877629999999968
0
LINE
8
BLACK
6
CONTINUOUS
10
55.6092769999999987
20
-40.1877629999999968
11
55.6092769999999987
21
-40.1877470000000017
0
LINE
8
BLACK
6
CONTINUOUS
10
55.6092769999999987
20
-40.1877470000000017
11
55.6049999999999969
21
-40.1224999999999952
0
LINE
8
BLACK
6
CONTINUOUS
10
55.6049999999999969
20
-40.1224999999999952
11
55.6049999999999969
21
-39.2634899999999973
0
LINE
8
BLACK
6
CONTINUOUS
10
55.6049999999999969
20
-39.2634899999999973
11
55.5302519999999973
21
-39.2254039999999975
0
LINE
8
BLACK
6
CONTINUOUS
10
55.5302519999999973
20
-39.2254039999999975
11
55.3906069999999957
21
-39.1239470000000011
0
LINE
8
BLACK
6
CONTINUOUS
10
55.3906069999999957
20
-39.1239470000000011
11
55.2685529999999972
21
-39.0018929999999955
0
LINE
8
BLACK
6
CONTINUOUS
10
55.2685529999999972
20
-39.0018929999999955
11
55.1670960000000008
21
-38.862248000000001
0
LINE
8
BLACK
6
CONTINUOUS
10
55.1670960000000008
20
-38.862248000000001
11
55.0887329999999977
21
-38.7084520000000012
0
LINE
8
BLACK
6
CONTINUOUS
10
55.0887329999999977
20
-38.7084520000000012
11
55.0353929999999991
21
-38.5442899999999966
0
LINE
8
BLACK
6
CONTINUOUS
10
55.0353929999999991
20
-38.5442899999999966
11
55.008390999999996
21
-38.3738049999999973
0
LINE
8
BLACK
6
CONTINUOUS
10
55.008390999999996
20
-38.3738049999999973
11
55.008390999999996
21
-38.2011949999999985
0
LINE
8
BLACK
6
CONTINUOUS
10
55.008390999999996
20
-38.2011949999999985
11
55.0353929999999991
21
-38.0307099999999991
0
LINE
8
BLACK
6
CONTINUOUS
10
55.0353929999999991
20
-38.0307099999999991
11
55.0887329999999977
21
-37.8665480000000017
0
LINE
8
BLACK
6
CONTINUOUS
10
55.0887329999999977
20
-37.8665480000000017
11
55.1670960000000008
21
-37.7127520000000018
0
LINE
8
BLACK
6
CONTINUOUS
10
55.1670960000000008
20
-37.7127520000000018
11
55.2685529999999972
21
-37.5731070000000003
0
LINE
8
BLACK
6
CONTINUOUS
10
55.2685529999999972
20
-37.5731070000000003
11
55.3906069999999957
21
-37.4510530000000017
0
LINE
8
BLACK
6
CONTINUOUS
10
55.3906069999999957
20
-37.4510530000000017
11
55.5302519999999973
21
-37.3495959999999982
0
LINE
8
BLACK
6
CONTINUOUS
10
55.5302519999999973
20
-37.3495959999999982
11
55.6840479999999971
21
-37.2712329999999952
0
LINE
8
BLACK
6
CONTINUOUS
10
55.6840479999999971
20
-37.2712329999999952
11
55.8482099999999946
21
-37.2178929999999966
0
LINE
8
BLACK
6
CONTINUOUS
10
55.8482099999999946
20
-37.2178929999999966
11
56.018695000000001
21
-37.1908910000000006
0
LINE
8
BLACK
6
CONTINUOUS
10
56.018695000000001
20
-37.1908910000000006
11
56.1913049999999998
21
-37.1908910000000006
0
LINE
8
BLACK
6
CONTINUOUS
10
56.1913049999999998
20
-37.1908910000000006
11
56.3617899999999992
21
-37.2178929999999966
0
LINE
8
BLACK
6
CONTINUOUS
10
61.4272279999999995
20
-103.5719479999999919
11
61.5721169999999987
21
-103.6319629999999989
0
LINE
8
BLACK
6
CONTINUOUS
10
61.5721169999999987
20
-103.6319629999999989
11
61.7025149999999982
21
-103.7190919999999892
0
LINE
8
BLACK
6
CONTINUOUS
10
61.7025149999999982
20
-103.7190919999999892
11
61.8134079999999955
21
-103.8299849999999935
0
LINE
8
BLACK
6
CONTINUOUS
10
61.8134079999999955
20
-103.8299849999999935
11
61.9005369999999999
21
-103.9603829999999931
0
LINE
8
BLACK
6
CONTINUOUS
10
61.9005369999999999
20
-103.9603829999999931
11
61.9605519999999999
21
-104.1052719999999994
0
LINE
8
BLACK
6
CONTINUOUS
10
61.9605519999999999
20
-104.1052719999999994
11
61.9911479999999955
21
-104.2590859999999964
0
LINE
8
BLACK
6
CONTINUOUS
10
61.9911479999999955
20
-104.2590859999999964
11
61.9911479999999955
21
-104.4159140000000008
0
LINE
8
BLACK
6
CONTINUOUS
10
61.9911479999999955
20
-104.4159140000000008
11
61.9605519999999999
21
-104.5697279999999978
0
LINE
8
BLACK
6
CONTINUOUS
10
61.9605519999999999
20
-104.5697279999999978
11
61.9005369999999999
21
-104.7146169999999898
0
LINE
8
BLACK
6
CONTINUOUS
10
61.9005369999999999
20
-104.7146169999999898
11
61.8134079999999955
21
-104.8450149999999894
0
LINE
8
BLACK
6
CONTINUOUS
10
61.8134079999999955
20
-104.8450149999999894
11
61.7025149999999982
21
-104.9559079999999938
0
LINE
8
BLACK
6
CONTINUOUS
10
61.7025149999999982
20
-104.9559079999999938
11
61.5721169999999987
21
-105.0430369999999982
0
LINE
8
BLACK
6
CONTINUOUS
10
61.5721169999999987
20
-105.0430369999999982
11
61.4272279999999995
21
-105.103051999999991
0
LINE
8
BLACK
6
CONTINUOUS
10
61.4272279999999995
20
-105.103051999999991
11
61.2734139999999954
21
-105.1336479999999938
0
LINE
8
BLACK
6
CONTINUOUS
10
61.2734139999999954
20
-105.1336479999999938
11
61.1165859999999981
21
-105.1336479999999938
0
LINE
8
BLACK
6
CONTINUOUS
10
61.1165859999999981
20
-105.1336479999999938
11
60.962771999999994
21
-105.103051999999991
0
LINE
8
BLACK
6
CONTINUOUS
10
60.962771999999994
20
-105.103051999999991
11
60.8178829999999948
21
-105.0430369999999982
0
LINE
8
BLACK
6
CONTINUOUS
10
60.8178829999999948
20
-105.0430369999999982
11
60.6874849999999952
21
-104.9559079999999938
0
LINE
8
BLACK
6
CONTINUOUS
10
60.6874849999999952
20
-104.9559079999999938
11
60.576591999999998
21
-104.8450149999999894
0
LINE
8
BLACK
6
CONTINUOUS
10
60.576591999999998
20
-104.8450149999999894
11
60.4894630000000006
21
-104.7146169999999898
0
LINE
8
BLACK
6
CONTINUOUS
10
60.4894630000000006
20
-104.7146169999999898
11
60.4294480000000007
21
-104.5697279999999978
0
LINE
8
BLACK
6
CONTINUOUS
10
60.4294480000000007
20
-104.5697279999999978
11
60.398851999999998
21
-104.4159140000000008
0
LINE
8
BLACK
6
CONTINUOUS
10
60.398851999999998
20
-104.4159140000000008
11
60.398851999999998
21
-104.2590859999999964
0
LINE
8
BLACK
6
CONTINUOUS
10
60.398851999999998
20
-104.2590859999999964
11
60.4294480000000007
21
-104.1052719999999994
0
LINE
8
BLACK
6
CONTINUOUS
10
60.4294480000000007
20
-104.1052719999999994
11
60.4894630000000006
21
-103.9603829999999931
0
LINE
8
BLACK
6
CONTINUOUS
10
60.4894630000000006
20
-103.9603829999999931
11
60.576591999999998
21
-103.8299849999999935
0
LINE
8
BLACK
6
CONTINUOUS
10
60.576591999999998
20
-103.8299849999999935
11
60.6874849999999952
21
-103.7190919999999892
0
LINE
8
BLACK
6
CONTINUOUS
10
60.6874849999999952
20
-103.7190919999999892
11
60.8178829999999948
21
-103.6319629999999989
0
LINE
8
BLACK
6
CONTINUOUS
10
60.8178829999999948
20
-103.6319629999999989
11
60.962771999999994
21
-103.5719479999999919
0
LINE
8
BLACK
6
CONTINUOUS
10
60.962771999999994
20
-103.5719479999999919
11
61.1165859999999981
21
-103.5413519999999892
0
LINE
8
BLACK
6
CONTINUOUS
10
61.1165859999999981
20
-103.5413519999999892
11
61.2734139999999954
21
-103.5413519999999892
0
LINE
8
BLACK
6
CONTINUOUS
10
61.2734139999999954
20
-103.5413519999999892
11
61.4272279999999995
21
-103.5719479999999919
0
LINE
8
BLACK
6
CONTINUOUS
10
118.7073479999999961
20
-43.9064769999999953
11
118.7073630000000009
21
-43.9064769999999953
0
LINE
8
BLACK
6
CONTINUOUS
10
118.7073630000000009
20
-43.9064769999999953
11
118.8334419999999909
21
-43.940259999999995
0
LINE
8
BLACK
6
CONTINUOUS
10
118.8334419999999909
20
-43.940259999999995
11
118.9464809999999915
21
-44.0055229999999966
0
LINE
8
BLACK
6
CONTINUOUS
10
118.9464809999999915
20
-44.0055229999999966
11
118.9464959999999962
21
-44.0055380000000014
0
LINE
8
BLACK
6
CONTINUOUS
10
118.9464959999999962
20
-44.0055380000000014
11
118.9956529999999901
21
-44.0486469999999954
0
LINE
8
BLACK
6
CONTINUOUS
10
118.9956529999999901
20
-44.0486469999999954
11
120.6448529999999977
21
-45.6978469999999959
0
LINE
8
BLACK
6
CONTINUOUS
10
120.6448529999999977
20
-45.6978469999999959
11
120.6879610000000014
21
-45.7470029999999994
0
LINE
8
BLACK
6
CONTINUOUS
10
120.6879610000000014
20
-45.7470029999999994
11
120.6879769999999894
21
-45.7470189999999945
0
LINE
8
BLACK
6
CONTINUOUS
10
120.6879769999999894
20
-45.7470189999999945
11
120.7441689999999994
21
-45.8443469999999991
0
LINE
8
BLACK
6
CONTINUOUS
10
120.7441689999999994
20
-45.8443469999999991
11
120.753239999999991
21
-45.8600579999999951
0
LINE
8
BLACK
6
CONTINUOUS
10
120.753239999999991
20
-45.8600579999999951
11
120.7870229999999907
21
-45.9861369999999994
0
LINE
8
BLACK
6
CONTINUOUS
10
120.7870229999999907
20
-45.9861369999999994
11
120.7870229999999907
21
-45.986151999999997
0
LINE
8
BLACK
6
CONTINUOUS
10
120.7870229999999907
20
-45.986151999999997
11
120.7912999999999926
21
-46.051400000000001
0
LINE
8
BLACK
6
CONTINUOUS
10
120.7912999999999926
20
-46.051400000000001
11
120.7912999999999926
21
-68.7216999999999985
0
LINE
8
BLACK
6
CONTINUOUS
10
120.7912999999999926
20
-68.7216999999999985
11
120.7870229999999907
21
-68.7869469999999978
0
LINE
8
BLACK
6
CONTINUOUS
10
120.7870229999999907
20
-68.7869469999999978
11
120.7870229999999907
21
-68.7869630000000001
0
LINE
8
BLACK
6
CONTINUOUS
10
120.7870229999999907
20
-68.7869630000000001
11
120.7603790000000004
21
-68.8863979999999998
0
LINE
8
BLACK
6
CONTINUOUS
10
120.7603790000000004
20
-68.8863979999999998
11
120.753239999999991
21
-68.9130419999999901
0
LINE
8
BLACK
6
CONTINUOUS
10
120.753239999999991
20
-68.9130419999999901
11
120.6879769999999894
21
-69.0260809999999907
0
LINE
8
BLACK
6
CONTINUOUS
10
120.6879769999999894
20
-69.0260809999999907
11
120.6879689999999954
21
-69.0260880000000014
0
LINE
8
BLACK
6
CONTINUOUS
10
120.6879689999999954
20
-69.0260880000000014
11
120.6448539999999952
21
-69.0752530000000036
0
LINE
8
BLACK
6
CONTINUOUS
10
120.6448539999999952
20
-69.0752530000000036
11
90.9318529999999896
21
-98.7882529999999974
0
LINE
8
BLACK
6
CONTINUOUS
10
90.9318529999999896
20
-98.7882529999999974
11
90.8826959999999957
21
-98.8313610000000011
0
LINE
8
BLACK
6
CONTINUOUS
10
90.8826959999999957
20
-98.8313610000000011
11
90.8826809999999909
21
-98.8313769999999892
0
LINE
8
BLACK
6
CONTINUOUS
10
90.8826809999999909
20
-98.8313769999999892
11
90.7696419999999904
21
-98.8966399999999908
0
LINE
8
BLACK
6
CONTINUOUS
10
90.7696419999999904
20
-98.8966399999999908
11
90.6435630000000003
21
-98.9304229999999905
0
LINE
8
BLACK
6
CONTINUOUS
10
90.6435630000000003
20
-98.9304229999999905
11
90.6435479999999956
21
-98.9304229999999905
0
LINE
8
BLACK
6
CONTINUOUS
10
90.6435479999999956
20
-98.9304229999999905
11
90.5782999999999987
21
-98.9346999999999923
0
LINE
8
BLACK
6
CONTINUOUS
10
90.5782999999999987
20
-98.9346999999999923
11
74.9249069999999904
21
-98.9346999999999923
0
LINE
8
BLACK
6
CONTINUOUS
10
74.9249069999999904
20
-98.9346999999999923
11
69.6093839999999915
21
-104.2502209999999963
0
LINE
8
BLACK
6
CONTINUOUS
10
69.6093839999999915
20
-104.2502209999999963
11
69.611148
21
-104.2590859999999964
0
LINE
8
BLACK
6
CONTINUOUS
10
69.611148
20
-104.2590859999999964
11
69.611148
21
-104.4159140000000008
0
LINE
8
BLACK
6
CONTINUOUS
10
69.611148
20
-104.4159140000000008
11
69.5805519999999973
21
-104.5697279999999978
0
LINE
8
BLACK
6
CONTINUOUS
10
69.5805519999999973
20
-104.5697279999999978
11
69.5205369999999903
21
-104.7146169999999898
0
LINE
8
BLACK
6
CONTINUOUS
10
69.5205369999999903
20
-104.7146169999999898
11
69.433408
21
-104.8450149999999894
0
LINE
8
BLACK
6
CONTINUOUS
10
69.433408
20
-104.8450149999999894
11
69.3225149999999957
21
-104.9559079999999938
0
LINE
8
BLACK
6
CONTINUOUS
10
69.3225149999999957
20
-104.9559079999999938
11
69.1921169999999961
21
-105.0430369999999982
0
LINE
8
BLACK
6
CONTINUOUS
10
69.1921169999999961
20
-105.0430369999999982
11
69.0472279999999898
21
-105.103051999999991
0
LINE
8
BLACK
6
CONTINUOUS
10
69.0472279999999898
20
-105.103051999999991
11
68.8934139999999928
21
-105.1336479999999938
0
LINE
8
BLACK
6
CONTINUOUS
10
68.8934139999999928
20
-105.1336479999999938
11
68.7365860000000026
21
-105.1336479999999938
0
LINE
8
BLACK
6
CONTINUOUS
10
68.7365860000000026
20
-105.1336479999999938
11
68.5827719999999914
21
-105.103051999999991
0
LINE
8
BLACK
6
CONTINUOUS
10
68.5827719999999914
20
-105.103051999999991
11
68.4378829999999994
21
-105.0430369999999982
0
LINE
8
BLACK
6
CONTINUOUS
10
68.4378829999999994
20
-105.0430369999999982
11
68.3074849999999998
21
-104.9559079999999938
0
LINE
8
BLACK
6
CONTINUOUS
10
68.3074849999999998
20
-104.9559079999999938
11
68.1965919999999954
21
-104.8450149999999894
0
LINE
8
BLACK
6
CONTINUOUS
10
68.1965919999999954
20
-104.8450149999999894
11
68.109462999999991
21
-104.7146169999999898
0
LINE
8
BLACK
6
CONTINUOUS
10
68.109462999999991
20
-104.7146169999999898
11
68.0494479999999982
21
-104.5697279999999978
0
LINE
8
BLACK
6
CONTINUOUS
10
68.0494479999999982
20
-104.5697279999999978
11
68.0188519999999954
21
-104.4159140000000008
0
LINE
8
BLACK
6
CONTINUOUS
10
68.0188519999999954
20
-104.4159140000000008
11
68.0188519999999954
21
-104.2590859999999964
0
LINE
8
BLACK
6
CONTINUOUS
10
68.0188519999999954
20
-104.2590859999999964
11
68.0494479999999982
21
-104.1052719999999994
0
LINE
8
BLACK
6
CONTINUOUS
10
68.0494479999999982
20
-104.1052719999999994
11
68.109462999999991
21
-103.9603829999999931
0
LINE
8
BLACK
6
CONTINUOUS
10
68.109462999999991
20
-103.9603829999999931
11
68.1965919999999954
21
-103.8299849999999935
0
LINE
8
BLACK
6
CONTINUOUS
10
68.1965919999999954
20
-103.8299849999999935
11
68.3074849999999998
21
-103.7190919999999892
0
LINE
8
BLACK
6
CONTINUOUS
10
68.3074849999999998
20
-103.7190919999999892
11
68.4378829999999994
21
-103.6319629999999989
0
LINE
8
BLACK
6
CONTINUOUS
10
68.4378829999999994
20
-103.6319629999999989
11
68.5827719999999914
21
-103.5719479999999919
0
LINE
8
BLACK
6
CONTINUOUS
10
68.5827719999999914
20
-103.5719479999999919
11
68.7365860000000026
21
-103.5413519999999892
0
LINE
8
BLACK
6
CONTINUOUS
10
68.7365860000000026
20
-103.5413519999999892
11
68.8934139999999928
21
-103.5413519999999892
0
LINE
8
BLACK
6
CONTINUOUS
10
68.8934139999999928
20
-103.5413519999999892
11
68.9022779999999955
21
-103.5431150000000002
0
LINE
8
BLACK
6
CONTINUOUS
10
68.9022779999999955
20
-103.5431150000000002
11
74.3642469999999918
21
-98.0811459999999897
0
LINE
8
BLACK
6
CONTINUOUS
10
74.3642469999999918
20
-98.0811459999999897
11
74.4134030000000024
21
-98.0380380000000002
0
LINE
8
BLACK
6
CONTINUOUS
10
74.4134030000000024
20
-98.0380380000000002
11
74.4134189999999904
21
-98.0380229999999955
0
LINE
8
BLACK
6
CONTINUOUS
10
74.4134189999999904
20
-98.0380229999999955
11
74.526457999999991
21
-97.9727599999999939
0
LINE
8
BLACK
6
CONTINUOUS
10
74.526457999999991
20
-97.9727599999999939
11
74.6525369999999953
21
-97.9389769999999942
0
LINE
8
BLACK
6
CONTINUOUS
10
74.6525369999999953
20
-97.9389769999999942
11
74.652552
21
-97.9389769999999942
0
LINE
8
BLACK
6
CONTINUOUS
10
74.652552
20
-97.9389769999999942
11
74.7177999999999969
21
-97.9346999999999923
0
LINE
8
BLACK
6
CONTINUOUS
10
74.7177999999999969
20
-97.9346999999999923
11
90.3711940000000027
21
-97.9346999999999923
0
LINE
8
BLACK
6
CONTINUOUS
10
90.3711940000000027
20
-97.9346999999999923
11
119.7912999999999926
21
-68.5145929999999908
0
LINE
8
BLACK
6
CONTINUOUS
10
119.7912999999999926
20
-68.5145929999999908
11
119.7912999999999926
21
-46.258505999999997
0
LINE
8
BLACK
6
CONTINUOUS
10
119.7912999999999926
20
-46.258505999999997
11
118.434993999999989
21
-44.9022000000000006
0
LINE
8
BLACK
6
CONTINUOUS
10
118.434993999999989
20
-44.9022000000000006
11
99.5724069999999983
21
-44.9022000000000006
0
LINE
8
BLACK
6
CONTINUOUS
10
99.5724069999999983
20
-44.9022000000000006
11
87.2950000000000017
21
-57.1796059999999997
0
LINE
8
BLACK
6
CONTINUOUS
10
87.2950000000000017
20
-57.1796059999999997
11
87.2950000000000017
21
-58.2224999999999966
0
LINE
8
BLACK
6
CONTINUOUS
10
87.2950000000000017
20
-58.2224999999999966
11
87.2759700000000009
21
-58.3181709999999995
0
LINE
8
BLACK
6
CONTINUOUS
10
87.2759700000000009
20
-58.3181709999999995
11
87.221777000000003
21
-58.3992769999999979
0
LINE
8
BLACK
6
CONTINUOUS
10
87.221777000000003
20
-58.3992769999999979
11
87.1406709999999975
21
-58.4534699999999958
0
LINE
8
BLACK
6
CONTINUOUS
10
87.1406709999999975
20
-58.4534699999999958
11
87.0450000000000017
21
-58.4724999999999966
0
LINE
8
BLACK
6
CONTINUOUS
10
87.0450000000000017
20
-58.4724999999999966
11
85.144999999999996
21
-58.4724999999999966
0
LINE
8
BLACK
6
CONTINUOUS
10
85.144999999999996
20
-58.4724999999999966
11
85.0493290000000002
21
-58.4534699999999958
0
LINE
8
BLACK
6
CONTINUOUS
10
85.0493290000000002
20
-58.4534699999999958
11
84.9682229999999947
21
-58.3992769999999979
0
LINE
8
BLACK
6
CONTINUOUS
10
84.9682229999999947
20
-58.3992769999999979
11
84.9140299999999968
21
-58.3181709999999995
0
LINE
8
BLACK
6
CONTINUOUS
10
84.9140299999999968
20
-58.3181709999999995
11
84.894999999999996
21
-58.2224999999999966
0
LINE
8
BLACK
6
CONTINUOUS
10
84.894999999999996
20
-58.2224999999999966
11
84.894999999999996
21
-57.1224999999999952
0
LINE
8
BLACK
6
CONTINUOUS
10
84.894999999999996
20
-57.1224999999999952
11
84.9140299999999968
21
-57.0268289999999993
0
LINE
8
BLACK
6
CONTINUOUS
10
84.9140299999999968
20
-57.0268289999999993
11
84.9682229999999947
21
-56.9457229999999939
0
LINE
8
BLACK
6
CONTINUOUS
10
84.9682229999999947
20
-56.9457229999999939
11
85.0493290000000002
21
-56.8915299999999959
0
LINE
8
BLACK
6
CONTINUOUS
10
85.0493290000000002
20
-56.8915299999999959
11
85.144999999999996
21
-56.8724999999999952
0
LINE
8
BLACK
6
CONTINUOUS
10
85.144999999999996
20
-56.8724999999999952
11
86.187894
21
-56.8724999999999952
0
LINE
8
BLACK
6
CONTINUOUS
10
86.187894
20
-56.8724999999999952
11
99.0117460000000023
21
-44.0486469999999954
0
LINE
8
BLACK
6
CONTINUOUS
10
99.0117460000000023
20
-44.0486469999999954
11
99.0609099999999927
21
-44.0055309999999977
0
LINE
8
BLACK
6
CONTINUOUS
10
99.0609099999999927
20
-44.0055309999999977
11
99.0609189999999984
21
-44.0055229999999966
0
LINE
8
BLACK
6
CONTINUOUS
10
99.0609189999999984
20
-44.0055229999999966
11
99.1739579999999989
21
-43.940259999999995
0
LINE
8
BLACK
6
CONTINUOUS
10
99.1739579999999989
20
-43.940259999999995
11
99.300036999999989
21
-43.9064769999999953
0
LINE
8
BLACK
6
CONTINUOUS
10
99.300036999999989
20
-43.9064769999999953
11
99.3000519999999938
21
-43.9064769999999953
0
LINE
8
BLACK
6
CONTINUOUS
10
99.3000519999999938
20
-43.9064769999999953
11
99.3652999999999906
21
-43.9022000000000006
0
LINE
8
BLACK
6
CONTINUOUS
10
99.3652999999999906
20
-43.9022000000000006
11
118.6420999999999992
21
-43.9022000000000006
0
LINE
8
BLACK
6
CONTINUOUS
10
118.6420999999999992
20
-43.9022000000000006
11
118.7073479999999961
21
-43.9064769999999953
0
LINE
8
BLACK
6
CONTINUOUS
10
83.8172280000000001
20
-103.5719479999999919
11
83.9621169999999921
21
-103.6319629999999989
0
LINE
8
BLACK
6
CONTINUOUS
10
83.9621169999999921
20
-103.6319629999999989
11
84.0925149999999917
21
-103.7190919999999892
0
LINE
8
BLACK
6
CONTINUOUS
10
84.0925149999999917
20
-103.7190919999999892
11
84.203407999999996
21
-103.8299849999999935
0
LINE
8
BLACK
6
CONTINUOUS
10
84.203407999999996
20
-103.8299849999999935
11
84.2905370000000005
21
-103.9603829999999931
0
LINE
8
BLACK
6
CONTINUOUS
10
84.2905370000000005
20
-103.9603829999999931
11
84.3505519999999933
21
-104.1052719999999994
0
LINE
8
BLACK
6
CONTINUOUS
10
84.3505519999999933
20
-104.1052719999999994
11
84.381147999999996
21
-104.2590859999999964
0
LINE
8
BLACK
6
CONTINUOUS
10
84.381147999999996
20
-104.2590859999999964
11
84.381147999999996
21
-104.4159140000000008
0
LINE
8
BLACK
6
CONTINUOUS
10
84.381147999999996
20
-104.4159140000000008
11
84.3505519999999933
21
-104.5697279999999978
0
LINE
8
BLACK
6
CONTINUOUS
10
84.3505519999999933
20
-104.5697279999999978
11
84.2905370000000005
21
-104.7146169999999898
0
LINE
8
BLACK
6
CONTINUOUS
10
84.2905370000000005
20
-104.7146169999999898
11
84.203407999999996
21
-104.8450149999999894
0
LINE
8
BLACK
6
CONTINUOUS
10
84.203407999999996
20
-104.8450149999999894
11
84.0925149999999917
21
-104.9559079999999938
0
LINE
8
BLACK
6
CONTINUOUS
10
84.0925149999999917
20
-104.9559079999999938
11
83.9621169999999921
21
-105.0430369999999982
0
LINE
8
BLACK
6
CONTINUOUS
10
83.9621169999999921
20
-105.0430369999999982
11
83.8172280000000001
21
-105.103051999999991
0
LINE
8
BLACK
6
CONTINUOUS
10
83.8172280000000001
20
-105.103051999999991
11
83.6634140000000031
21
-105.1336479999999938
0
LINE
8
BLACK
6
CONTINUOUS
10
83.6634140000000031
20
-105.1336479999999938
11
83.5065859999999986
21
-105.1336479999999938
0
LINE
8
BLACK
6
CONTINUOUS
10
83.5065859999999986
20
-105.1336479999999938
11
83.3527720000000016
21
-105.103051999999991
0
LINE
8
BLACK
6
CONTINUOUS
10
83.3527720000000016
20
-105.103051999999991
11
83.2078829999999954
21
-105.0430369999999982
0
LINE
8
BLACK
6
CONTINUOUS
10
83.2078829999999954
20
-105.0430369999999982
11
83.0774849999999958
21
-104.9559079999999938
0
LINE
8
BLACK
6
CONTINUOUS
10
83.0774849999999958
20
-104.9559079999999938
11
82.9665919999999915
21
-104.8450149999999894
0
LINE
8
BLACK
6
CONTINUOUS
10
82.9665919999999915
20
-104.8450149999999894
11
82.8794630000000012
21
-104.7146169999999898
0
LINE
8
BLACK
6
CONTINUOUS
10
82.8794630000000012
20
-104.7146169999999898
11
82.8194479999999942
21
-104.5697279999999978
0
LINE
8
BLACK
6
CONTINUOUS
10
82.8194479999999942
20
-104.5697279999999978
11
82.7888519999999914
21
-104.4159140000000008
0
LINE
8
BLACK
6
CONTINUOUS
10
82.7888519999999914
20
-104.4159140000000008
11
82.7888519999999914
21
-104.2590859999999964
0
LINE
8
BLACK
6
CONTINUOUS
10
82.7888519999999914
20
-104.2590859999999964
11
82.8194479999999942
21
-104.1052719999999994
0
LINE
8
BLACK
6
CONTINUOUS
10
82.8194479999999942
20
-104.1052719999999994
11
82.8794630000000012
21
-103.9603829999999931
0
LINE
8
BLACK
6
CONTINUOUS
10
82.8794630000000012
20
-103.9603829999999931
11
82.9665919999999915
21
-103.8299849999999935
0
LINE
8
BLACK
6
CONTINUOUS
10
82.9665919999999915
20
-103.8299849999999935
11
83.0774849999999958
21
-103.7190919999999892
0
LINE
8
BLACK
6
CONTINUOUS
10
83.0774849999999958
20
-103.7190919999999892
11
83.2078829999999954
21
-103.6319629999999989
0
LINE
8
BLACK
6
CONTINUOUS
10
83.2078829999999954
20
-103.6319629999999989
11
83.3527720000000016
21
-103.5719479999999919
0
LINE
8
BLACK
6
CONTINUOUS
10
83.3527720000000016
20
-103.5719479999999919
11
83.5065859999999986
21
-103.5413519999999892
0
LINE
8
BLACK
6
CONTINUOUS
10
83.5065859999999986
20
-103.5413519999999892
11
83.6634140000000031
21
-103.5413519999999892
0
LINE
8
BLACK
6
CONTINUOUS
10
83.6634140000000031
20
-103.5413519999999892
11
83.8172280000000001
21
-103.5719479999999919
0
LINE
8
BLACK
6
CONTINUOUS
10
48.1031519999999944
20
-95.301912999999999
11
48.1361279999999994
21
-95.3255130000000008
0
LINE
8
BLACK
6
CONTINUOUS
10
48.1361279999999994
20
-95.3255130000000008
11
48.4186809999999994
21
-95.6080649999999963
0
LINE
8
BLACK
6
CONTINUOUS
10
48.4186809999999994
20
-95.6080649999999963
11
48.4521659999999983
21
-95.6693879999999979
0
LINE
8
BLACK
6
CONTINUOUS
10
48.4521659999999983
20
-95.6693879999999979
11
48.4549999999999983
21
-95.6957459999999998
0
LINE
8
BLACK
6
CONTINUOUS
10
48.4549999999999983
20
-95.6957459999999998
11
48.4549999999999983
21
-100.458650999999989
0
LINE
8
BLACK
6
CONTINUOUS
10
48.4549999999999983
20
-100.458650999999989
11
48.4870219999999961
21
-100.6608339999999941
0
LINE
8
BLACK
6
CONTINUOUS
10
48.4870219999999961
20
-100.6608339999999941
11
48.5502809999999982
21
-100.8555229999999909
0
LINE
8
BLACK
6
CONTINUOUS
10
48.5502809999999982
20
-100.8555229999999909
11
48.596745999999996
21
-100.9467140000000001
0
LINE
8
BLACK
6
CONTINUOUS
10
48.596745999999996
20
-100.9467140000000001
11
48.6432149999999979
21
-101.0379140000000007
0
LINE
8
BLACK
6
CONTINUOUS
10
48.6432149999999979
20
-101.0379140000000007
11
48.7106629999999967
21
-101.1307489999999945
0
LINE
8
BLACK
6
CONTINUOUS
10
48.7106629999999967
20
-101.1307489999999945
11
48.734142999999996
21
-101.1965549999999894
0
LINE
8
BLACK
6
CONTINUOUS
10
48.734142999999996
20
-101.1965549999999894
11
48.718316999999999
21
-101.264608999999993
0
LINE
8
BLACK
6
CONTINUOUS
10
48.718316999999999
20
-101.264608999999993
11
48.6682119999999969
21
-101.3133040000000022
0
LINE
8
BLACK
6
CONTINUOUS
10
48.6682119999999969
20
-101.3133040000000022
11
48.599733999999998
21
-101.327179000000001
0
LINE
8
BLACK
6
CONTINUOUS
10
48.599733999999998
20
-101.327179000000001
11
48.5909459999999953
21
-101.3261069999999933
0
LINE
8
BLACK
6
CONTINUOUS
10
48.5909459999999953
20
-101.3261069999999933
11
48.5511839999999992
21
-101.3198089999999922
0
LINE
8
BLACK
6
CONTINUOUS
10
48.5511839999999992
20
-101.3198089999999922
11
48.5427389999999974
21
-101.3158049999999974
0
LINE
8
BLACK
6
CONTINUOUS
10
48.5427389999999974
20
-101.3158049999999974
11
48.5333940000000013
21
-101.3156279999999896
0
LINE
8
BLACK
6
CONTINUOUS
10
48.5333940000000013
20
-101.3156279999999896
11
48.5116699999999952
21
-101.3010759999999948
0
LINE
8
BLACK
6
CONTINUOUS
10
48.5116699999999952
20
-101.3010759999999948
11
48.4880500000000012
21
-101.2898789999999991
0
LINE
8
BLACK
6
CONTINUOUS
10
48.4880500000000012
20
-101.2898789999999991
11
48.4829019999999957
21
-101.2850169999999963
0
LINE
8
BLACK
6
CONTINUOUS
10
48.4829019999999957
20
-101.2850169999999963
11
46.3175659999999993
21
-99.1196809999999999
0
LINE
8
BLACK
6
CONTINUOUS
10
46.3175659999999993
20
-99.1196809999999999
11
46.2840810000000005
21
-99.0583579999999984
0
LINE
8
BLACK
6
CONTINUOUS
10
46.2840810000000005
20
-99.0583579999999984
11
46.2890650000000008
21
-98.9886659999999949
0
LINE
8
BLACK
6
CONTINUOUS
10
46.2890650000000008
20
-98.9886659999999949
11
46.3309369999999987
21
-98.9327329999999989
0
LINE
8
BLACK
6
CONTINUOUS
10
46.3309369999999987
20
-98.9327329999999989
11
46.3964009999999973
21
-98.9083159999999992
0
LINE
8
BLACK
6
CONTINUOUS
10
46.3964009999999973
20
-98.9083159999999992
11
46.4052469999999957
21
-98.9080000000000013
0
LINE
8
BLACK
6
CONTINUOUS
10
46.4052469999999957
20
-98.9080000000000013
11
46.5709609999999969
21
-98.9080000000000013
0
LINE
8
BLACK
6
CONTINUOUS
10
46.5709609999999969
20
-98.9080000000000013
11
46.5709619999999944
21
-98.9080000000000013
0
LINE
8
BLACK
6
CONTINUOUS
10
46.5709619999999944
20
-98.9080000000000013
11
46.819784999999996
21
-98.8685899999999975
0
LINE
8
BLACK
6
CONTINUOUS
10
46.819784999999996
20
-98.8685899999999975
11
47.0593789999999998
21
-98.790740999999997
0
LINE
8
BLACK
6
CONTINUOUS
10
47.0593789999999998
20
-98.790740999999997
11
47.2838449999999995
21
-98.6763699999999915
0
LINE
8
BLACK
6
CONTINUOUS
10
47.2838449999999995
20
-98.6763699999999915
11
47.4876560000000012
21
-98.5282929999999908
0
LINE
8
BLACK
6
CONTINUOUS
10
47.4876560000000012
20
-98.5282929999999908
11
47.6657930000000007
21
-98.3501559999999984
0
LINE
8
BLACK
6
CONTINUOUS
10
47.6657930000000007
20
-98.3501559999999984
11
47.8138699999999943
21
-98.1463449999999966
0
LINE
8
BLACK
6
CONTINUOUS
10
47.8138699999999943
20
-98.1463449999999966
11
47.9282409999999999
21
-97.9218789999999899
0
LINE
8
BLACK
6
CONTINUOUS
10
47.9282409999999999
20
-97.9218789999999899
11
48.0060900000000004
21
-97.6822849999999931
0
LINE
8
BLACK
6
CONTINUOUS
10
48.0060900000000004
20
-97.6822849999999931
11
48.045499999999997
21
-97.4334619999999916
0
LINE
8
BLACK
6
CONTINUOUS
10
48.045499999999997
20
-97.4334619999999916
11
48.045499999999997
21
-97.1815379999999891
0
LINE
8
BLACK
6
CONTINUOUS
10
48.045499999999997
20
-97.1815379999999891
11
48.0060900000000004
21
-96.9327150000000017
0
LINE
8
BLACK
6
CONTINUOUS
10
48.0060900000000004
20
-96.9327150000000017
11
47.9282409999999999
21
-96.6931209999999908
0
LINE
8
BLACK
6
CONTINUOUS
10
47.9282409999999999
20
-96.6931209999999908
11
47.9282389999999978
21
-96.6931179999999983
0
LINE
8
BLACK
6
CONTINUOUS
10
47.9282389999999978
20
-96.6931179999999983
11
47.9282389999999978
21
-96.6931159999999892
0
LINE
8
BLACK
6
CONTINUOUS
10
47.9282389999999978
20
-96.6931159999999892
11
47.8848130000000012
21
-96.6078890000000001
0
LINE
8
BLACK
6
CONTINUOUS
10
47.8848130000000012
20
-96.6078890000000001
11
47.8138699999999943
21
-96.4686549999999983
0
LINE
8
BLACK
6
CONTINUOUS
10
47.8138699999999943
20
-96.4686549999999983
11
47.794951999999995
21
-96.4426169999999985
0
LINE
8
BLACK
6
CONTINUOUS
10
47.794951999999995
20
-96.4426169999999985
11
47.6657979999999952
21
-96.2648499999999956
0
LINE
8
BLACK
6
CONTINUOUS
10
47.6657979999999952
20
-96.2648499999999956
11
47.6657939999999982
21
-96.264844999999994
0
LINE
8
BLACK
6
CONTINUOUS
10
47.6657939999999982
20
-96.264844999999994
11
47.5261299999999949
21
-96.1251809999999978
0
LINE
8
BLACK
6
CONTINUOUS
10
47.5261299999999949
20
-96.1251809999999978
11
47.492644999999996
21
-96.0638579999999962
0
LINE
8
BLACK
6
CONTINUOUS
10
47.492644999999996
20
-96.0638579999999962
11
47.4976289999999963
21
-95.9941659999999928
0
LINE
8
BLACK
6
CONTINUOUS
10
47.4976289999999963
20
-95.9941659999999928
11
47.5261299999999949
21
-95.9498189999999909
0
LINE
8
BLACK
6
CONTINUOUS
10
47.5261299999999949
20
-95.9498189999999909
11
47.6657930000000007
21
-95.8101559999999921
0
LINE
8
BLACK
6
CONTINUOUS
10
47.6657930000000007
20
-95.8101559999999921
11
47.8138699999999943
21
-95.6063449999999904
0
LINE
8
BLACK
6
CONTINUOUS
10
47.8138699999999943
20
-95.6063449999999904
11
47.9282409999999999
21
-95.3818789999999979
0
LINE
8
BLACK
6
CONTINUOUS
10
47.9282409999999999
20
-95.3818789999999979
11
47.9305139999999952
21
-95.3748819999999995
0
LINE
8
BLACK
6
CONTINUOUS
10
47.9305139999999952
20
-95.3748819999999995
11
47.9699479999999951
21
-95.3172050000000013
0
LINE
8
BLACK
6
CONTINUOUS
10
47.9699479999999951
20
-95.3172050000000013
11
48.0343049999999963
21
-95.2900029999999987
0
LINE
8
BLACK
6
CONTINUOUS
10
48.0343049999999963
20
-95.2900029999999987
11
48.1031519999999944
21
-95.301912999999999
0
LINE
8
BLACK
6
CONTINUOUS
10
46.5234139999999954
20
-96.5113520000000022
11
46.6772279999999995
21
-96.5419479999999908
0
LINE
8
BLACK
6
CONTINUOUS
10
46.6772279999999995
20
-96.5419479999999908
11
46.8221169999999987
21
-96.6019629999999978
0
LINE
8
BLACK
6
CONTINUOUS
10
46.8221169999999987
20
-96.6019629999999978
11
46.9525149999999982
21
-96.6890920000000023
0
LINE
8
BLACK
6
CONTINUOUS
10
46.9525149999999982
20
-96.6890920000000023
11
47.0634079999999955
21
-96.7999849999999924
0
LINE
8
BLACK
6
CONTINUOUS
10
47.0634079999999955
20
-96.7999849999999924
11
47.1505369999999999
21
-96.930382999999992
0
LINE
8
BLACK
6
CONTINUOUS
10
47.1505369999999999
20
-96.930382999999992
11
47.2105519999999999
21
-97.0752719999999982
0
LINE
8
BLACK
6
CONTINUOUS
10
47.2105519999999999
20
-97.0752719999999982
11
47.2411479999999955
21
-97.2290859999999952
0
LINE
8
BLACK
6
CONTINUOUS
10
47.2411479999999955
20
-97.2290859999999952
11
47.2411479999999955
21
-97.3859139999999996
0
LINE
8
BLACK
6
CONTINUOUS
10
47.2411479999999955
20
-97.3859139999999996
11
47.2105519999999999
21
-97.5397279999999967
0
LINE
8
BLACK
6
CONTINUOUS
10
47.2105519999999999
20
-97.5397279999999967
11
47.1505369999999999
21
-97.6846169999999887
0
LINE
8
BLACK
6
CONTINUOUS
10
47.1505369999999999
20
-97.6846169999999887
11
47.0634079999999955
21
-97.8150150000000025
0
LINE
8
BLACK
6
CONTINUOUS
10
47.0634079999999955
20
-97.8150150000000025
11
46.9525149999999982
21
-97.9259079999999926
0
LINE
8
BLACK
6
CONTINUOUS
10
46.9525149999999982
20
-97.9259079999999926
11
46.8221169999999987
21
-98.0130369999999971
0
LINE
8
BLACK
6
CONTINUOUS
10
46.8221169999999987
20
-98.0130369999999971
11
46.6772279999999995
21
-98.0730519999999899
0
LINE
8
BLACK
6
CONTINUOUS
10
46.6772279999999995
20
-98.0730519999999899
11
46.5234139999999954
21
-98.1036479999999926
0
LINE
8
BLACK
6
CONTINUOUS
10
46.5234139999999954
20
-98.1036479999999926
11
46.4450000000000003
21
-98.1075000000000017
0
LINE
8
BLACK
6
CONTINUOUS
10
46.4450000000000003
20
-98.1075000000000017
11
45.644999999999996
21
-98.1075000000000017
0
LINE
8
BLACK
6
CONTINUOUS
10
45.644999999999996
20
-98.1075000000000017
11
45.5665860000000009
21
-98.1036479999999926
0
LINE
8
BLACK
6
CONTINUOUS
10
45.5665860000000009
20
-98.1036479999999926
11
45.4127719999999968
21
-98.0730519999999899
0
LINE
8
BLACK
6
CONTINUOUS
10
45.4127719999999968
20
-98.0730519999999899
11
45.2678829999999977
21
-98.0130369999999971
0
LINE
8
BLACK
6
CONTINUOUS
10
45.2678829999999977
20
-98.0130369999999971
11
45.1374849999999981
21
-97.9259079999999926
0
LINE
8
BLACK
6
CONTINUOUS
10
45.1374849999999981
20
-97.9259079999999926
11
45.0265920000000008
21
-97.8150150000000025
0
LINE
8
BLACK
6
CONTINUOUS
10
45.0265920000000008
20
-97.8150150000000025
11
44.9394629999999964
21
-97.6846169999999887
0
LINE
8
BLACK
6
CONTINUOUS
10
44.9394629999999964
20
-97.6846169999999887
11
44.8794479999999965
21
-97.5397279999999967
0
LINE
8
BLACK
6
CONTINUOUS
10
44.8794479999999965
20
-97.5397279999999967
11
44.8488520000000008
21
-97.3859139999999996
0
LINE
8
BLACK
6
CONTINUOUS
10
44.8488520000000008
20
-97.3859139999999996
11
44.8488520000000008
21
-97.2290859999999952
0
LINE
8
BLACK
6
CONTINUOUS
10
44.8488520000000008
20
-97.2290859999999952
11
44.8794479999999965
21
-97.0752719999999982
0
LINE
8
BLACK
6
CONTINUOUS
10
44.8794479999999965
20
-97.0752719999999982
11
44.9394629999999964
21
-96.930382999999992
0
LINE
8
BLACK
6
CONTINUOUS
10
44.9394629999999964
20
-96.930382999999992
11
45.0265920000000008
21
-96.7999849999999924
0
LINE
8
BLACK
6
CONTINUOUS
10
45.0265920000000008
20
-96.7999849999999924
11
45.1374849999999981
21
-96.6890920000000023
0
LINE
8
BLACK
6
CONTINUOUS
10
45.1374849999999981
20
-96.6890920000000023
11
45.2678829999999977
21
-96.6019629999999978
0
LINE
8
BLACK
6
CONTINUOUS
10
45.2678829999999977
20
-96.6019629999999978
11
45.4127719999999968
21
-96.5419479999999908
0
LINE
8
BLACK
6
CONTINUOUS
10
45.4127719999999968
20
-96.5419479999999908
11
45.5665860000000009
21
-96.5113520000000022
0
LINE
8
BLACK
6
CONTINUOUS
10
45.5665860000000009
20
-96.5113520000000022
11
45.644999999999996
21
-96.5074999999999932
0
LINE
8
BLACK
6
CONTINUOUS
10
45.644999999999996
20
-96.5074999999999932
11
46.4450000000000003
21
-96.5074999999999932
0
LINE
8
BLACK
6
CONTINUOUS
10
46.4450000000000003
20
-96.5074999999999932
11
46.5234139999999954
21
-96.5113520000000022
0
LINE
8
BLACK
6
CONTINUOUS
10
54.1434139999999999
20
-96.5113520000000022
11
54.2972279999999969
21
-96.5419479999999908
0
LINE
8
BLACK
6
CONTINUOUS
10
54.2972279999999969
20
-96.5419479999999908
11
54.4421169999999961
21
-96.6019629999999978
0
LINE
8
BLACK
6
CONTINUOUS
10
54.4421169999999961
20
-96.6019629999999978
11
54.5725149999999957
21
-96.6890920000000023
0
LINE
8
BLACK
6
CONTINUOUS
10
54.5725149999999957
20
-96.6890920000000023
11
54.683408
21
-96.7999849999999924
0
LINE
8
BLACK
6
CONTINUOUS
10
54.683408
20
-96.7999849999999924
11
54.7705369999999974
21
-96.930382999999992
0
LINE
8
BLACK
6
CONTINUOUS
10
54.7705369999999974
20
-96.930382999999992
11
54.8305519999999973
21
-97.0752719999999982
0
LINE
8
BLACK
6
CONTINUOUS
10
54.8305519999999973
20
-97.0752719999999982
11
54.861148
21
-97.2290859999999952
0
LINE
8
BLACK
6
CONTINUOUS
10
54.861148
20
-97.2290859999999952
11
54.861148
21
-97.3859139999999996
0
LINE
8
BLACK
6
CONTINUOUS
10
54.861148
20
-97.3859139999999996
11
54.8305519999999973
21
-97.5397279999999967
0
LINE
8
BLACK
6
CONTINUOUS
10
54.8305519999999973
20
-97.5397279999999967
11
54.7705369999999974
21
-97.6846169999999887
0
LINE
8
BLACK
6
CONTINUOUS
10
54.7705369999999974
20
-97.6846169999999887
11
54.683408
21
-97.8150150000000025
0
LINE
8
BLACK
6
CONTINUOUS
10
54.683408
20
-97.8150150000000025
11
54.5725149999999957
21
-97.9259079999999926
0
LINE
8
BLACK
6
CONTINUOUS
10
54.5725149999999957
20
-97.9259079999999926
11
54.4421169999999961
21
-98.0130369999999971
0
LINE
8
BLACK
6
CONTINUOUS
10
54.4421169999999961
20
-98.0130369999999971
11
54.2972279999999969
21
-98.0730519999999899
0
LINE
8
BLACK
6
CONTINUOUS
10
54.2972279999999969
20
-98.0730519999999899
11
54.1434139999999999
21
-98.1036479999999926
0
LINE
8
BLACK
6
CONTINUOUS
10
54.1434139999999999
20
-98.1036479999999926
11
54.0649999999999977
21
-98.1075000000000017
0
LINE
8
BLACK
6
CONTINUOUS
10
54.0649999999999977
20
-98.1075000000000017
11
53.2650000000000006
21
-98.1075000000000017
0
LINE
8
BLACK
6
CONTINUOUS
10
53.2650000000000006
20
-98.1075000000000017
11
53.1865859999999984
21
-98.1036479999999926
0
LINE
8
BLACK
6
CONTINUOUS
10
53.1865859999999984
20
-98.1036479999999926
11
53.0327719999999943
21
-98.0730519999999899
0
LINE
8
BLACK
6
CONTINUOUS
10
53.0327719999999943
20
-98.0730519999999899
11
52.8878829999999951
21
-98.0130369999999971
0
LINE
8
BLACK
6
CONTINUOUS
10
52.8878829999999951
20
-98.0130369999999971
11
52.7574849999999955
21
-97.9259079999999926
0
LINE
8
BLACK
6
CONTINUOUS
10
52.7574849999999955
20
-97.9259079999999926
11
52.6465919999999983
21
-97.8150150000000025
0
LINE
8
BLACK
6
CONTINUOUS
10
52.6465919999999983
20
-97.8150150000000025
11
52.5594630000000009
21
-97.6846169999999887
0
LINE
8
BLACK
6
CONTINUOUS
10
52.5594630000000009
20
-97.6846169999999887
11
52.499448000000001
21
-97.5397279999999967
0
LINE
8
BLACK
6
CONTINUOUS
10
52.499448000000001
20
-97.5397279999999967
11
52.4688519999999983
21
-97.3859139999999996
0
LINE
8
BLACK
6
CONTINUOUS
10
52.4688519999999983
20
-97.3859139999999996
11
52.4688519999999983
21
-97.2290859999999952
0
LINE
8
BLACK
6
CONTINUOUS
10
52.4688519999999983
20
-97.2290859999999952
11
52.499448000000001
21
-97.0752719999999982
0
LINE
8
BLACK
6
CONTINUOUS
10
52.499448000000001
20
-97.0752719999999982
11
52.5594630000000009
21
-96.930382999999992
0
LINE
8
BLACK
6
CONTINUOUS
10
52.5594630000000009
20
-96.930382999999992
11
52.6465919999999983
21
-96.7999849999999924
0
LINE
8
BLACK
6
CONTINUOUS
10
52.6465919999999983
20
-96.7999849999999924
11
52.7574849999999955
21
-96.6890920000000023
0
LINE
8
BLACK
6
CONTINUOUS
10
52.7574849999999955
20
-96.6890920000000023
11
52.8878829999999951
21
-96.6019629999999978
0
LINE
8
BLACK
6
CONTINUOUS
10
52.8878829999999951
20
-96.6019629999999978
11
53.0327719999999943
21
-96.5419479999999908
0
LINE
8
BLACK
6
CONTINUOUS
10
53.0327719999999943
20
-96.5419479999999908
11
53.1865859999999984
21
-96.5113520000000022
0
LINE
8
BLACK
6
CONTINUOUS
10
53.1865859999999984
20
-96.5113520000000022
11
53.2650000000000006
21
-96.5074999999999932
0
LINE
8
BLACK
6
CONTINUOUS
10
53.2650000000000006
20
-96.5074999999999932
11
54.0649999999999977
21
-96.5074999999999932
0
LINE
8
BLACK
6
CONTINUOUS
10
54.0649999999999977
20
-96.5074999999999932
11
54.1434139999999999
21
-96.5113520000000022
0
LINE
8
BLACK
6
CONTINUOUS
10
90.406092000000001
20
-96.5550849999999912
11
90.4518470000000008
21
-96.6078890000000001
0
LINE
8
BLACK
6
CONTINUOUS
10
90.4518470000000008
20
-96.6078890000000001
11
90.461790999999991
21
-96.6770470000000017
0
LINE
8
BLACK
6
CONTINUOUS
10
90.461790999999991
20
-96.6770470000000017
11
90.4327660000000009
21
-96.740602999999993
0
LINE
8
BLACK
6
CONTINUOUS
10
90.4327660000000009
20
-96.740602999999993
11
90.4267339999999962
21
-96.7470809999999943
0
LINE
8
BLACK
6
CONTINUOUS
10
90.4267339999999962
20
-96.7470809999999943
11
90.0759339999999895
21
-97.097881000000001
0
LINE
8
BLACK
6
CONTINUOUS
10
90.0759339999999895
20
-97.097881000000001
11
90.0146110000000022
21
-97.1313659999999999
0
LINE
8
BLACK
6
CONTINUOUS
10
90.0146110000000022
20
-97.1313659999999999
11
89.9882530000000003
21
-97.1341999999999928
0
LINE
8
BLACK
6
CONTINUOUS
10
89.9882530000000003
20
-97.1341999999999928
11
75.1451469999999944
21
-97.1341999999999928
0
LINE
8
BLACK
6
CONTINUOUS
10
75.1451469999999944
20
-97.1341999999999928
11
75.0781080000000003
21
-97.1145149999999973
0
LINE
8
BLACK
6
CONTINUOUS
10
75.0781080000000003
20
-97.1145149999999973
11
75.0323530000000005
21
-97.0617110000000025
0
LINE
8
BLACK
6
CONTINUOUS
10
75.0323530000000005
20
-97.0617110000000025
11
75.0224089999999961
21
-96.9925530000000009
0
LINE
8
BLACK
6
CONTINUOUS
10
75.0224089999999961
20
-96.9925530000000009
11
75.0514340000000004
21
-96.9289969999999954
0
LINE
8
BLACK
6
CONTINUOUS
10
75.0514340000000004
20
-96.9289969999999954
11
75.0574659999999909
21
-96.9225189999999941
0
LINE
8
BLACK
6
CONTINUOUS
10
75.0574659999999909
20
-96.9225189999999941
11
75.4082659999999976
21
-96.5717190000000016
0
LINE
8
BLACK
6
CONTINUOUS
10
75.4082659999999976
20
-96.5717190000000016
11
75.4695889999999991
21
-96.5382339999999886
0
LINE
8
BLACK
6
CONTINUOUS
10
75.4695889999999991
20
-96.5382339999999886
11
75.495947000000001
21
-96.5353999999999957
0
LINE
8
BLACK
6
CONTINUOUS
10
75.495947000000001
20
-96.5353999999999957
11
90.3390529999999927
21
-96.5353999999999957
0
LINE
8
BLACK
6
CONTINUOUS
10
90.3390529999999927
20
-96.5353999999999957
11
90.406092000000001
21
-96.5550849999999912
0
LINE
8
BLACK
6
CONTINUOUS
10
43.157275999999996
20
-94.4670890000000014
11
43.1592470000000006
21
-94.4668059999999912
0
LINE
8
BLACK
6
CONTINUOUS
10
43.1592470000000006
20
-94.4668059999999912
11
43.1689859999999967
21
-94.4698939999999965
0
LINE
8
BLACK
6
CONTINUOUS
10
43.1689859999999967
20
-94.4698939999999965
11
43.1873529999999946
21
-94.4742929999999888
0
LINE
8
BLACK
6
CONTINUOUS
10
43.1873529999999946
20
-94.4742929999999888
11
43.1927299999999974
21
-94.476427000000001
0
LINE
8
BLACK
6
CONTINUOUS
10
43.1927299999999974
20
-94.476427000000001
11
43.2574809999999985
21
-94.5094199999999915
0
LINE
8
BLACK
6
CONTINUOUS
10
43.2574809999999985
20
-94.5094199999999915
11
43.3548229999999961
21
-94.5410479999999893
0
LINE
8
BLACK
6
CONTINUOUS
10
43.3548229999999961
20
-94.5410479999999893
11
43.4521650000000008
21
-94.5726769999999988
0
LINE
8
BLACK
6
CONTINUOUS
10
43.4521650000000008
20
-94.5726769999999988
11
43.6543479999999988
21
-94.604699999999994
0
LINE
8
BLACK
6
CONTINUOUS
10
43.6543479999999988
20
-94.604699999999994
11
43.920499999999997
21
-94.604699999999994
0
LINE
8
BLACK
6
CONTINUOUS
10
43.920499999999997
20
-94.604699999999994
11
43.9875389999999982
21
-94.6243849999999895
0
LINE
8
BLACK
6
CONTINUOUS
10
43.9875389999999982
20
-94.6243849999999895
11
44.0332939999999979
21
-94.6771889999999985
0
LINE
8
BLACK
6
CONTINUOUS
10
44.0332939999999979
20
-94.6771889999999985
11
44.0444999999999993
21
-94.7286999999999892
0
LINE
8
BLACK
6
CONTINUOUS
10
44.0444999999999993
20
-94.7286999999999892
11
44.0444999999999993
21
-94.8934610000000021
0
LINE
8
BLACK
6
CONTINUOUS
10
44.0444999999999993
20
-94.8934610000000021
11
44.0839099999999959
21
-95.1422850000000011
0
LINE
8
BLACK
6
CONTINUOUS
10
44.0839099999999959
20
-95.1422850000000011
11
44.161760000000001
21
-95.381883000000002
0
LINE
8
BLACK
6
CONTINUOUS
10
44.161760000000001
20
-95.381883000000002
11
44.2761319999999969
21
-95.606347999999997
0
LINE
8
BLACK
6
CONTINUOUS
10
44.2761319999999969
20
-95.606347999999997
11
44.4242009999999965
21
-95.8101489999999956
0
LINE
8
BLACK
6
CONTINUOUS
10
44.4242009999999965
20
-95.8101489999999956
11
44.4242050000000006
21
-95.8101539999999972
0
LINE
8
BLACK
6
CONTINUOUS
10
44.4242050000000006
20
-95.8101539999999972
11
44.5638700000000014
21
-95.9498189999999909
0
LINE
8
BLACK
6
CONTINUOUS
10
44.5638700000000014
20
-95.9498189999999909
11
44.5973550000000003
21
-96.0111419999999924
0
LINE
8
BLACK
6
CONTINUOUS
10
44.5973550000000003
20
-96.0111419999999924
11
44.592371
21
-96.0808339999999959
0
LINE
8
BLACK
6
CONTINUOUS
10
44.592371
20
-96.0808339999999959
11
44.5638700000000014
21
-96.1251809999999978
0
LINE
8
BLACK
6
CONTINUOUS
10
44.5638700000000014
20
-96.1251809999999978
11
44.4242050000000006
21
-96.264844999999994
0
LINE
8
BLACK
6
CONTINUOUS
10
44.4242050000000006
20
-96.264844999999994
11
44.4242009999999965
21
-96.2648499999999956
0
LINE
8
BLACK
6
CONTINUOUS
10
44.4242009999999965
20
-96.2648499999999956
11
44.2761319999999969
21
-96.4686509999999942
0
LINE
8
BLACK
6
CONTINUOUS
10
44.2761319999999969
20
-96.4686509999999942
11
44.161760000000001
21
-96.6931159999999892
0
LINE
8
BLACK
6
CONTINUOUS
10
44.161760000000001
20
-96.6931159999999892
11
44.1578869999999952
21
-96.7050369999999901
0
LINE
8
BLACK
6
CONTINUOUS
10
44.1578869999999952
20
-96.7050369999999901
11
44.1184450000000012
21
-96.7627099999999984
0
LINE
8
BLACK
6
CONTINUOUS
10
44.1184450000000012
20
-96.7627099999999984
11
44.0540850000000006
21
-96.7899039999999928
0
LINE
8
BLACK
6
CONTINUOUS
10
44.0540850000000006
20
-96.7899039999999928
11
43.985239
21
-96.777985000000001
0
LINE
8
BLACK
6
CONTINUOUS
10
43.985239
20
-96.777985000000001
11
43.9522769999999952
21
-96.7543919999999957
0
LINE
8
BLACK
6
CONTINUOUS
10
43.9522769999999952
20
-96.7543919999999957
11
43.0539190000000005
21
-95.856033999999994
0
LINE
8
BLACK
6
CONTINUOUS
10
43.0539190000000005
20
-95.856033999999994
11
43.0204339999999945
21
-95.7947109999999924
0
LINE
8
BLACK
6
CONTINUOUS
10
43.0204339999999945
20
-95.7947109999999924
11
43.0175999999999945
21
-95.7683529999999905
0
LINE
8
BLACK
6
CONTINUOUS
10
43.0175999999999945
20
-95.7683529999999905
11
43.0175999999999945
21
-94.5895439999999894
0
LINE
8
BLACK
6
CONTINUOUS
10
43.0175999999999945
20
-94.5895439999999894
11
43.0265950000000004
21
-94.5589099999999974
0
LINE
8
BLACK
6
CONTINUOUS
10
43.0265950000000004
20
-94.5589099999999974
11
43.0340339999999983
21
-94.5278550000000024
0
LINE
8
BLACK
6
CONTINUOUS
10
43.0340339999999983
20
-94.5278550000000024
11
43.0363720000000001
21
-94.5256119999999953
0
LINE
8
BLACK
6
CONTINUOUS
10
43.0363720000000001
20
-94.5256119999999953
11
43.0372849999999971
21
-94.5225049999999953
0
LINE
8
BLACK
6
CONTINUOUS
10
43.0372849999999971
20
-94.5225049999999953
11
43.061403999999996
21
-94.5016049999999979
0
LINE
8
BLACK
6
CONTINUOUS
10
43.061403999999996
20
-94.5016049999999979
11
43.0844609999999975
21
-94.4794929999999908
0
LINE
8
BLACK
6
CONTINUOUS
10
43.0844609999999975
20
-94.4794929999999908
11
43.0876409999999979
21
-94.4788700000000006
0
LINE
8
BLACK
6
CONTINUOUS
10
43.0876409999999979
20
-94.4788700000000006
11
43.090088999999999
21
-94.4767499999999956
0
LINE
8
BLACK
6
CONTINUOUS
10
43.090088999999999
20
-94.4767499999999956
11
43.1216870000000014
21
-94.4722059999999999
0
LINE
8
BLACK
6
CONTINUOUS
10
43.1216870000000014
20
-94.4722059999999999
11
43.1530289999999965
21
-94.4660719999999969
0
LINE
8
BLACK
6
CONTINUOUS
10
43.1530289999999965
20
-94.4660719999999969
11
43.157275999999996
21
-94.4670890000000014
0
LINE
8
BLACK
6
CONTINUOUS
10
46.5234139999999954
20
-93.971351999999996
11
46.6772279999999995
21
-94.0019479999999987
0
LINE
8
BLACK
6
CONTINUOUS
10
46.6772279999999995
20
-94.0019479999999987
11
46.8221169999999987
21
-94.0619629999999916
0
LINE
8
BLACK
6
CONTINUOUS
10
46.8221169999999987
20
-94.0619629999999916
11
46.9525149999999982
21
-94.149091999999996
0
LINE
8
BLACK
6
CONTINUOUS
10
46.9525149999999982
20
-94.149091999999996
11
47.0634079999999955
21
-94.2599850000000004
0
LINE
8
BLACK
6
CONTINUOUS
10
47.0634079999999955
20
-94.2599850000000004
11
47.1505369999999999
21
-94.3903829999999999
0
LINE
8
BLACK
6
CONTINUOUS
10
47.1505369999999999
20
-94.3903829999999999
11
47.2105519999999999
21
-94.535271999999992
0
LINE
8
BLACK
6
CONTINUOUS
10
47.2105519999999999
20
-94.535271999999992
11
47.2411479999999955
21
-94.689085999999989
0
LINE
8
BLACK
6
CONTINUOUS
10
47.2411479999999955
20
-94.689085999999989
11
47.2411479999999955
21
-94.8459139999999934
0
LINE
8
BLACK
6
CONTINUOUS
10
47.2411479999999955
20
-94.8459139999999934
11
47.2105519999999999
21
-94.9997279999999904
0
LINE
8
BLACK
6
CONTINUOUS
10
47.2105519999999999
20
-94.9997279999999904
11
47.1505369999999999
21
-95.1446169999999967
0
LINE
8
BLACK
6
CONTINUOUS
10
47.1505369999999999
20
-95.1446169999999967
11
47.0634079999999955
21
-95.2750149999999962
0
LINE
8
BLACK
6
CONTINUOUS
10
47.0634079999999955
20
-95.2750149999999962
11
46.9525149999999982
21
-95.3859080000000006
0
LINE
8
BLACK
6
CONTINUOUS
10
46.9525149999999982
20
-95.3859080000000006
11
46.8221169999999987
21
-95.4730369999999908
0
LINE
8
BLACK
6
CONTINUOUS
10
46.8221169999999987
20
-95.4730369999999908
11
46.6772279999999995
21
-95.5330519999999979
0
LINE
8
BLACK
6
CONTINUOUS
10
46.6772279999999995
20
-95.5330519999999979
11
46.5234139999999954
21
-95.5636480000000006
0
LINE
8
BLACK
6
CONTINUOUS
10
46.5234139999999954
20
-95.5636480000000006
11
46.4450000000000003
21
-95.5674999999999955
0
LINE
8
BLACK
6
CONTINUOUS
10
46.4450000000000003
20
-95.5674999999999955
11
45.644999999999996
21
-95.5674999999999955
0
LINE
8
BLACK
6
CONTINUOUS
10
45.644999999999996
20
-95.5674999999999955
11
45.5665860000000009
21
-95.5636480000000006
0
LINE
8
BLACK
6
CONTINUOUS
10
45.5665860000000009
20
-95.5636480000000006
11
45.4127719999999968
21
-95.5330519999999979
0
LINE
8
BLACK
6
CONTINUOUS
10
45.4127719999999968
20
-95.5330519999999979
11
45.2678829999999977
21
-95.4730369999999908
0
LINE
8
BLACK
6
CONTINUOUS
10
45.2678829999999977
20
-95.4730369999999908
11
45.1374849999999981
21
-95.3859080000000006
0
LINE
8
BLACK
6
CONTINUOUS
10
45.1374849999999981
20
-95.3859080000000006
11
45.0265920000000008
21
-95.2750149999999962
0
LINE
8
BLACK
6
CONTINUOUS
10
45.0265920000000008
20
-95.2750149999999962
11
44.9394629999999964
21
-95.1446169999999967
0
LINE
8
BLACK
6
CONTINUOUS
10
44.9394629999999964
20
-95.1446169999999967
11
44.8794479999999965
21
-94.9997279999999904
0
LINE
8
BLACK
6
CONTINUOUS
10
44.8794479999999965
20
-94.9997279999999904
11
44.8488520000000008
21
-94.8459139999999934
0
LINE
8
BLACK
6
CONTINUOUS
10
44.8488520000000008
20
-94.8459139999999934
11
44.8488520000000008
21
-94.689085999999989
0
LINE
8
BLACK
6
CONTINUOUS
10
44.8488520000000008
20
-94.689085999999989
11
44.8794479999999965
21
-94.535271999999992
0
LINE
8
BLACK
6
CONTINUOUS
10
44.8794479999999965
20
-94.535271999999992
11
44.9394629999999964
21
-94.3903829999999999
0
LINE
8
BLACK
6
CONTINUOUS
10
44.9394629999999964
20
-94.3903829999999999
11
45.0265920000000008
21
-94.2599850000000004
0
LINE
8
BLACK
6
CONTINUOUS
10
45.0265920000000008
20
-94.2599850000000004
11
45.1374849999999981
21
-94.149091999999996
0
LINE
8
BLACK
6
CONTINUOUS
10
45.1374849999999981
20
-94.149091999999996
11
45.2678829999999977
21
-94.0619629999999916
0
LINE
8
BLACK
6
CONTINUOUS
10
45.2678829999999977
20
-94.0619629999999916
11
45.4127719999999968
21
-94.0019479999999987
0
LINE
8
BLACK
6
CONTINUOUS
10
45.4127719999999968
20
-94.0019479999999987
11
45.5665860000000009
21
-93.971351999999996
0
LINE
8
BLACK
6
CONTINUOUS
10
45.5665860000000009
20
-93.971351999999996
11
45.644999999999996
21
-93.9675000000000011
0
LINE
8
BLACK
6
CONTINUOUS
10
45.644999999999996
20
-93.9675000000000011
11
46.4450000000000003
21
-93.9675000000000011
0
LINE
8
BLACK
6
CONTINUOUS
10
46.4450000000000003
20
-93.9675000000000011
11
46.5234139999999954
21
-93.971351999999996
0
LINE
8
BLACK
6
CONTINUOUS
10
113.8900000000000006
20
-48.7124999999999986
11
110.8900000000000006
21
-48.7124999999999986
0
LINE
8
BLACK
6
CONTINUOUS
10
110.8900000000000006
20
-48.7124999999999986
11
110.8900000000000006
21
-47.7124999999999986
0
LINE
8
BLACK
6
CONTINUOUS
10
110.8900000000000006
20
-47.7124999999999986
11
100.9522059999999897
21
-47.7124999999999986
0
LINE
8
BLACK
6
CONTINUOUS
10
100.9522059999999897
20
-47.7124999999999986
11
91.6961999999999904
21
-56.9685059999999979
0
LINE
8
BLACK
6
CONTINUOUS
10
91.6961999999999904
20
-56.9685059999999979
11
91.6961999999999904
21
-59.7124999999999986
0
LINE
8
BLACK
6
CONTINUOUS
10
91.6961999999999904
20
-59.7124999999999986
11
92.6915709999999962
21
-59.7124999999999986
0
LINE
8
BLACK
6
CONTINUOUS
10
92.6915709999999962
20
-59.7124999999999986
11
92.6965919999999954
21
-59.7049850000000006
0
LINE
8
BLACK
6
CONTINUOUS
10
92.6965919999999954
20
-59.7049850000000006
11
92.8074849999999998
21
-59.5940919999999963
0
LINE
8
BLACK
6
CONTINUOUS
10
92.8074849999999998
20
-59.5940919999999963
11
92.9378829999999994
21
-59.5069629999999989
0
LINE
8
BLACK
6
CONTINUOUS
10
92.9378829999999994
20
-59.5069629999999989
11
93.0827719999999914
21
-59.446947999999999
0
LINE
8
BLACK
6
CONTINUOUS
10
93.0827719999999914
20
-59.446947999999999
11
93.2365860000000026
21
-59.4163519999999963
0
LINE
8
BLACK
6
CONTINUOUS
10
93.2365860000000026
20
-59.4163519999999963
11
93.3149999999999977
21
-59.4124999999999943
0
LINE
8
BLACK
6
CONTINUOUS
10
93.3149999999999977
20
-59.4124999999999943
11
94.1149999999999949
21
-59.4124999999999943
0
LINE
8
BLACK
6
CONTINUOUS
10
94.1149999999999949
20
-59.4124999999999943
11
94.19341399999999
21
-59.4163519999999963
0
LINE
8
BLACK
6
CONTINUOUS
10
94.19341399999999
20
-59.4163519999999963
11
94.3472280000000012
21
-59.446947999999999
0
LINE
8
BLACK
6
CONTINUOUS
10
94.3472280000000012
20
-59.446947999999999
11
94.4921169999999933
21
-59.5069629999999989
0
LINE
8
BLACK
6
CONTINUOUS
10
94.4921169999999933
20
-59.5069629999999989
11
94.6225149999999928
21
-59.5940919999999963
0
LINE
8
BLACK
6
CONTINUOUS
10
94.6225149999999928
20
-59.5940919999999963
11
94.7334079999999972
21
-59.7049850000000006
0
LINE
8
BLACK
6
CONTINUOUS
10
94.7334079999999972
20
-59.7049850000000006
11
94.8205370000000016
21
-59.8353830000000002
0
LINE
8
BLACK
6
CONTINUOUS
10
94.8205370000000016
20
-59.8353830000000002
11
94.8805519999999945
21
-59.9802719999999994
0
LINE
8
BLACK
6
CONTINUOUS
10
94.8805519999999945
20
-59.9802719999999994
11
94.9111479999999972
21
-60.1340859999999964
0
LINE
8
BLACK
6
CONTINUOUS
10
94.9111479999999972
20
-60.1340859999999964
11
94.9111479999999972
21
-60.2909140000000008
0
LINE
8
BLACK
6
CONTINUOUS
10
94.9111479999999972
20
-60.2909140000000008
11
94.8805519999999945
21
-60.4447279999999978
0
LINE
8
BLACK
6
CONTINUOUS
10
94.8805519999999945
20
-60.4447279999999978
11
94.8205370000000016
21
-60.5896169999999969
0
LINE
8
BLACK
6
CONTINUOUS
10
94.8205370000000016
20
-60.5896169999999969
11
94.7334079999999972
21
-60.7200149999999965
0
LINE
8
BLACK
6
CONTINUOUS
10
94.7334079999999972
20
-60.7200149999999965
11
94.6225149999999928
21
-60.8309079999999938
0
LINE
8
BLACK
6
CONTINUOUS
10
94.6225149999999928
20
-60.8309079999999938
11
94.4921169999999933
21
-60.9180369999999982
0
LINE
8
BLACK
6
CONTINUOUS
10
94.4921169999999933
20
-60.9180369999999982
11
94.3472280000000012
21
-60.9780519999999981
0
LINE
8
BLACK
6
CONTINUOUS
10
94.3472280000000012
20
-60.9780519999999981
11
94.19341399999999
21
-61.0086479999999938
0
LINE
8
BLACK
6
CONTINUOUS
10
94.19341399999999
20
-61.0086479999999938
11
94.1149999999999949
21
-61.0124999999999957
0
LINE
8
BLACK
6
CONTINUOUS
10
94.1149999999999949
20
-61.0124999999999957
11
93.3149999999999977
21
-61.0124999999999957
0
LINE
8
BLACK
6
CONTINUOUS
10
93.3149999999999977
20
-61.0124999999999957
11
93.2365860000000026
21
-61.0086479999999938
0
LINE
8
BLACK
6
CONTINUOUS
10
93.2365860000000026
20
-61.0086479999999938
11
93.0827719999999914
21
-60.9780519999999981
0
LINE
8
BLACK
6
CONTINUOUS
10
93.0827719999999914
20
-60.9780519999999981
11
92.9378829999999994
21
-60.9180369999999982
0
LINE
8
BLACK
6
CONTINUOUS
10
92.9378829999999994
20
-60.9180369999999982
11
92.8074849999999998
21
-60.8309079999999938
0
LINE
8
BLACK
6
CONTINUOUS
10
92.8074849999999998
20
-60.8309079999999938
11
92.6965919999999954
21
-60.7200149999999965
0
LINE
8
BLACK
6
CONTINUOUS
10
92.6965919999999954
20
-60.7200149999999965
11
92.6915709999999962
21
-60.7124999999999986
0
LINE
8
BLACK
6
CONTINUOUS
10
92.6915709999999962
20
-60.7124999999999986
11
91.4033069999999981
21
-60.7124999999999986
0
LINE
8
BLACK
6
CONTINUOUS
10
91.4033069999999981
20
-60.7124999999999986
11
89.504099999999994
21
-62.6117059999999981
0
LINE
8
BLACK
6
CONTINUOUS
10
89.504099999999994
20
-62.6117059999999981
11
89.504099999999994
21
-85.1393999999999949
0
LINE
8
BLACK
6
CONTINUOUS
10
89.504099999999994
20
-85.1393999999999949
11
89.4998229999999921
21
-85.2046469999999943
0
LINE
8
BLACK
6
CONTINUOUS
10
89.4998229999999921
20
-85.2046469999999943
11
89.4998229999999921
21
-85.2046629999999965
0
LINE
8
BLACK
6
CONTINUOUS
10
89.4998229999999921
20
-85.2046629999999965
11
89.4707839999999948
21
-85.3130369999999942
0
LINE
8
BLACK
6
CONTINUOUS
10
89.4707839999999948
20
-85.3130369999999942
11
89.4660399999999925
21
-85.3307420000000008
0
LINE
8
BLACK
6
CONTINUOUS
10
89.4660399999999925
20
-85.3307420000000008
11
89.4007769999999908
21
-85.4437810000000013
0
LINE
8
BLACK
6
CONTINUOUS
10
89.4007769999999908
20
-85.4437810000000013
11
89.4007679999999993
21
-85.4437889999999953
0
LINE
8
BLACK
6
CONTINUOUS
10
89.4007679999999993
20
-85.4437889999999953
11
89.3576529999999991
21
-85.4929539999999974
0
LINE
8
BLACK
6
CONTINUOUS
10
89.3576529999999991
20
-85.4929539999999974
11
87.2873060000000009
21
-87.5632990000000007
0
LINE
8
BLACK
6
CONTINUOUS
10
87.2873060000000009
20
-87.5632990000000007
11
88.6171209999999974
21
-88.8931149999999946
0
LINE
8
BLACK
6
CONTINUOUS
10
88.6171209999999974
20
-88.8931149999999946
11
88.6259859999999975
21
-88.8913519999999977
0
LINE
8
BLACK
6
CONTINUOUS
10
88.6259859999999975
20
-88.8913519999999977
11
88.7828140000000019
21
-88.8913519999999977
0
LINE
8
BLACK
6
CONTINUOUS
10
88.7828140000000019
20
-88.8913519999999977
11
88.9366279999999989
21
-88.9219480000000004
0
LINE
8
BLACK
6
CONTINUOUS
10
88.9366279999999989
20
-88.9219480000000004
11
89.081516999999991
21
-88.9819629999999933
0
LINE
8
BLACK
6
CONTINUOUS
10
89.081516999999991
20
-88.9819629999999933
11
89.2119149999999905
21
-89.0690919999999977
0
LINE
8
BLACK
6
CONTINUOUS
10
89.2119149999999905
20
-89.0690919999999977
11
89.3228079999999949
21
-89.1799850000000021
0
LINE
8
BLACK
6
CONTINUOUS
10
89.3228079999999949
20
-89.1799850000000021
11
89.4099369999999993
21
-89.3103830000000016
0
LINE
8
BLACK
6
CONTINUOUS
10
89.4099369999999993
20
-89.3103830000000016
11
89.4699519999999922
21
-89.4552719999999937
0
LINE
8
BLACK
6
CONTINUOUS
10
89.4699519999999922
20
-89.4552719999999937
11
89.5005479999999949
21
-89.6090859999999907
0
LINE
8
BLACK
6
CONTINUOUS
10
89.5005479999999949
20
-89.6090859999999907
11
89.5005479999999949
21
-89.7659139999999951
0
LINE
8
BLACK
6
CONTINUOUS
10
89.5005479999999949
20
-89.7659139999999951
11
89.4699519999999922
21
-89.9197279999999921
0
LINE
8
BLACK
6
CONTINUOUS
10
89.4699519999999922
20
-89.9197279999999921
11
89.4099369999999993
21
-90.0646169999999984
0
LINE
8
BLACK
6
CONTINUOUS
10
89.4099369999999993
20
-90.0646169999999984
11
89.3228079999999949
21
-90.1950149999999979
0
LINE
8
BLACK
6
CONTINUOUS
10
89.3228079999999949
20
-90.1950149999999979
11
89.2119149999999905
21
-90.3059080000000023
0
LINE
8
BLACK
6
CONTINUOUS
10
89.2119149999999905
20
-90.3059080000000023
11
89.081516999999991
21
-90.3930369999999925
0
LINE
8
BLACK
6
CONTINUOUS
10
89.081516999999991
20
-90.3930369999999925
11
88.9366279999999989
21
-90.4530519999999996
0
LINE
8
BLACK
6
CONTINUOUS
10
88.9366279999999989
20
-90.4530519999999996
11
88.7828140000000019
21
-90.4836480000000023
0
LINE
8
BLACK
6
CONTINUOUS
10
88.7828140000000019
20
-90.4836480000000023
11
88.6259859999999975
21
-90.4836480000000023
0
LINE
8
BLACK
6
CONTINUOUS
10
88.6259859999999975
20
-90.4836480000000023
11
88.4721720000000005
21
-90.4530519999999996
0
LINE
8
BLACK
6
CONTINUOUS
10
88.4721720000000005
20
-90.4530519999999996
11
88.3272829999999942
21
-90.3930369999999925
0
LINE
8
BLACK
6
CONTINUOUS
10
88.3272829999999942
20
-90.3930369999999925
11
88.1968849999999946
21
-90.3059080000000023
0
LINE
8
BLACK
6
CONTINUOUS
10
88.1968849999999946
20
-90.3059080000000023
11
88.0859919999999903
21
-90.1950149999999979
0
LINE
8
BLACK
6
CONTINUOUS
10
88.0859919999999903
20
-90.1950149999999979
11
87.9988630000000001
21
-90.0646169999999984
0
LINE
8
BLACK
6
CONTINUOUS
10
87.9988630000000001
20
-90.0646169999999984
11
87.938847999999993
21
-89.9197279999999921
0
LINE
8
BLACK
6
CONTINUOUS
10
87.938847999999993
20
-89.9197279999999921
11
87.9082519999999903
21
-89.7659139999999951
0
LINE
8
BLACK
6
CONTINUOUS
10
87.9082519999999903
20
-89.7659139999999951
11
87.9082519999999903
21
-89.6090859999999907
0
LINE
8
BLACK
6
CONTINUOUS
10
87.9082519999999903
20
-89.6090859999999907
11
87.9100150000000014
21
-89.6002209999999906
0
LINE
8
BLACK
6
CONTINUOUS
10
87.9100150000000014
20
-89.6002209999999906
11
86.3730939999999947
21
-88.0632999999999981
0
LINE
8
BLACK
6
CONTINUOUS
10
86.3730939999999947
20
-88.0632999999999981
11
78.9357069999999936
21
-88.0632999999999981
0
LINE
8
BLACK
6
CONTINUOUS
10
78.9357069999999936
20
-88.0632999999999981
11
77.4043999999999954
21
-89.5946059999999989
0
LINE
8
BLACK
6
CONTINUOUS
10
77.4043999999999954
20
-89.5946059999999989
11
77.4043999999999954
21
-90.2374999999999972
0
LINE
8
BLACK
6
CONTINUOUS
10
77.4043999999999954
20
-90.2374999999999972
11
77.3853699999999947
21
-90.333170999999993
0
LINE
8
BLACK
6
CONTINUOUS
10
77.3853699999999947
20
-90.333170999999993
11
77.3311769999999967
21
-90.4142769999999985
0
LINE
8
BLACK
6
CONTINUOUS
10
77.3311769999999967
20
-90.4142769999999985
11
77.2500709999999913
21
-90.4684699999999964
0
LINE
8
BLACK
6
CONTINUOUS
10
77.2500709999999913
20
-90.4684699999999964
11
77.1543999999999954
21
-90.4874999999999972
0
LINE
8
BLACK
6
CONTINUOUS
10
77.1543999999999954
20
-90.4874999999999972
11
76.0544000000000011
21
-90.4874999999999972
0
LINE
8
BLACK
6
CONTINUOUS
10
76.0544000000000011
20
-90.4874999999999972
11
75.9587289999999911
21
-90.4684699999999964
0
LINE
8
BLACK
6
CONTINUOUS
10
75.9587289999999911
20
-90.4684699999999964
11
75.8776229999999998
21
-90.4142769999999985
0
LINE
8
BLACK
6
CONTINUOUS
10
75.8776229999999998
20
-90.4142769999999985
11
75.8234300000000019
21
-90.333170999999993
0
LINE
8
BLACK
6
CONTINUOUS
10
75.8234300000000019
20
-90.333170999999993
11
75.8044000000000011
21
-90.2374999999999972
0
LINE
8
BLACK
6
CONTINUOUS
10
75.8044000000000011
20
-90.2374999999999972
11
75.8044000000000011
21
-89.5946059999999989
0
LINE
8
BLACK
6
CONTINUOUS
10
75.8044000000000011
20
-89.5946059999999989
11
66.6628939999999943
21
-80.4530999999999921
0
LINE
8
BLACK
6
CONTINUOUS
10
66.6628939999999943
20
-80.4530999999999921
11
52.5356059999999943
21
-80.4530999999999921
0
LINE
8
BLACK
6
CONTINUOUS
10
52.5356059999999943
20
-80.4530999999999921
11
49.0467000000000013
21
-83.9420059999999921
0
LINE
8
BLACK
6
CONTINUOUS
10
49.0467000000000013
20
-83.9420059999999921
11
49.0467000000000013
21
-87.1474999999999937
0
LINE
8
BLACK
6
CONTINUOUS
10
49.0467000000000013
20
-87.1474999999999937
11
49.0467000000000013
21
-90.2743929999999892
0
LINE
8
BLACK
6
CONTINUOUS
10
49.0467000000000013
20
-90.2743929999999892
11
52.8557439999999943
21
-94.0834369999999893
0
LINE
8
BLACK
6
CONTINUOUS
10
52.8557439999999943
20
-94.0834369999999893
11
52.8878829999999951
21
-94.0619629999999916
0
LINE
8
BLACK
6
CONTINUOUS
10
52.8878829999999951
20
-94.0619629999999916
11
53.0327719999999943
21
-94.0019479999999987
0
LINE
8
BLACK
6
CONTINUOUS
10
53.0327719999999943
20
-94.0019479999999987
11
53.1865859999999984
21
-93.971351999999996
0
LINE
8
BLACK
6
CONTINUOUS
10
53.1865859999999984
20
-93.971351999999996
11
53.2650000000000006
21
-93.9675000000000011
0
LINE
8
BLACK
6
CONTINUOUS
10
53.2650000000000006
20
-93.9675000000000011
11
54.0649999999999977
21
-93.9675000000000011
0
LINE
8
BLACK
6
CONTINUOUS
10
54.0649999999999977
20
-93.9675000000000011
11
54.1434139999999999
21
-93.971351999999996
0
LINE
8
BLACK
6
CONTINUOUS
10
54.1434139999999999
20
-93.971351999999996
11
54.2972279999999969
21
-94.0019479999999987
0
LINE
8
BLACK
6
CONTINUOUS
10
54.2972279999999969
20
-94.0019479999999987
11
54.4421169999999961
21
-94.0619629999999916
0
LINE
8
BLACK
6
CONTINUOUS
10
54.4421169999999961
20
-94.0619629999999916
11
54.5725149999999957
21
-94.149091999999996
0
LINE
8
BLACK
6
CONTINUOUS
10
54.5725149999999957
20
-94.149091999999996
11
54.683408
21
-94.2599850000000004
0
LINE
8
BLACK
6
CONTINUOUS
10
54.683408
20
-94.2599850000000004
11
54.7705369999999974
21
-94.3903829999999999
0
LINE
8
BLACK
6
CONTINUOUS
10
54.7705369999999974
20
-94.3903829999999999
11
54.8305519999999973
21
-94.535271999999992
0
LINE
8
BLACK
6
CONTINUOUS
10
54.8305519999999973
20
-94.535271999999992
11
54.861148
21
-94.689085999999989
0
LINE
8
BLACK
6
CONTINUOUS
10
54.861148
20
-94.689085999999989
11
54.861148
21
-94.8459139999999934
0
LINE
8
BLACK
6
CONTINUOUS
10
54.861148
20
-94.8459139999999934
11
54.8305519999999973
21
-94.9997279999999904
0
LINE
8
BLACK
6
CONTINUOUS
10
54.8305519999999973
20
-94.9997279999999904
11
54.7705369999999974
21
-95.1446169999999967
0
LINE
8
BLACK
6
CONTINUOUS
10
54.7705369999999974
20
-95.1446169999999967
11
54.683408
21
-95.2750149999999962
0
LINE
8
BLACK
6
CONTINUOUS
10
54.683408
20
-95.2750149999999962
11
54.5725149999999957
21
-95.3859080000000006
0
LINE
8
BLACK
6
CONTINUOUS
10
54.5725149999999957
20
-95.3859080000000006
11
54.4421169999999961
21
-95.4730369999999908
0
LINE
8
BLACK
6
CONTINUOUS
10
54.4421169999999961
20
-95.4730369999999908
11
54.2972279999999969
21
-95.5330519999999979
0
LINE
8
BLACK
6
CONTINUOUS
10
54.2972279999999969
20
-95.5330519999999979
11
54.1434139999999999
21
-95.5636480000000006
0
LINE
8
BLACK
6
CONTINUOUS
10
54.1434139999999999
20
-95.5636480000000006
11
54.0649999999999977
21
-95.5674999999999955
0
LINE
8
BLACK
6
CONTINUOUS
10
54.0649999999999977
20
-95.5674999999999955
11
53.2650000000000006
21
-95.5674999999999955
0
LINE
8
BLACK
6
CONTINUOUS
10
53.2650000000000006
20
-95.5674999999999955
11
53.1865859999999984
21
-95.5636480000000006
0
LINE
8
BLACK
6
CONTINUOUS
10
53.1865859999999984
20
-95.5636480000000006
11
53.0327719999999943
21
-95.5330519999999979
0
LINE
8
BLACK
6
CONTINUOUS
10
53.0327719999999943
20
-95.5330519999999979
11
52.8878829999999951
21
-95.4730369999999908
0
LINE
8
BLACK
6
CONTINUOUS
10
52.8878829999999951
20
-95.4730369999999908
11
52.7574849999999955
21
-95.3859080000000006
0
LINE
8
BLACK
6
CONTINUOUS
10
52.7574849999999955
20
-95.3859080000000006
11
52.6465919999999983
21
-95.2750149999999962
0
LINE
8
BLACK
6
CONTINUOUS
10
52.6465919999999983
20
-95.2750149999999962
11
52.6003009999999946
21
-95.20573499999999
0
LINE
8
BLACK
6
CONTINUOUS
10
52.6003009999999946
20
-95.20573499999999
11
52.5283189999999962
21
-95.1641769999999951
0
LINE
8
BLACK
6
CONTINUOUS
10
52.5283189999999962
20
-95.1641769999999951
11
52.5283099999999976
21
-95.1641679999999894
0
LINE
8
BLACK
6
CONTINUOUS
10
52.5283099999999976
20
-95.1641679999999894
11
52.4791460000000001
21
-95.1210529999999892
0
LINE
8
BLACK
6
CONTINUOUS
10
52.4791460000000001
20
-95.1210529999999892
11
48.1931469999999962
21
-90.835053000000002
0
LINE
8
BLACK
6
CONTINUOUS
10
48.1931469999999962
20
-90.835053000000002
11
48.150037999999995
21
-90.7858959999999939
0
LINE
8
BLACK
6
CONTINUOUS
10
48.150037999999995
20
-90.7858959999999939
11
48.1500229999999974
21
-90.7858809999999892
0
LINE
8
BLACK
6
CONTINUOUS
10
48.1500229999999974
20
-90.7858809999999892
11
48.0847599999999957
21
-90.6728420000000028
0
LINE
8
BLACK
6
CONTINUOUS
10
48.0847599999999957
20
-90.6728420000000028
11
48.0743310000000008
21
-90.6339189999999917
0
LINE
8
BLACK
6
CONTINUOUS
10
48.0743310000000008
20
-90.6339189999999917
11
48.0509769999999961
21
-90.5467629999999986
0
LINE
8
BLACK
6
CONTINUOUS
10
48.0509769999999961
20
-90.5467629999999986
11
48.0509769999999961
21
-90.5467469999999963
0
LINE
8
BLACK
6
CONTINUOUS
10
48.0509769999999961
20
-90.5467469999999963
11
48.0467000000000013
21
-90.4814999999999969
0
LINE
8
BLACK
6
CONTINUOUS
10
48.0467000000000013
20
-90.4814999999999969
11
48.0467000000000013
21
-87.6474999999999937
0
LINE
8
BLACK
6
CONTINUOUS
10
48.0467000000000013
20
-87.6474999999999937
11
47.0684289999999947
21
-87.6474999999999937
0
LINE
8
BLACK
6
CONTINUOUS
10
47.0684289999999947
20
-87.6474999999999937
11
47.0634079999999955
21
-87.6550149999999917
0
LINE
8
BLACK
6
CONTINUOUS
10
47.0634079999999955
20
-87.6550149999999917
11
46.9525149999999982
21
-87.765907999999996
0
LINE
8
BLACK
6
CONTINUOUS
10
46.9525149999999982
20
-87.765907999999996
11
46.8221169999999987
21
-87.8530370000000005
0
LINE
8
BLACK
6
CONTINUOUS
10
46.8221169999999987
20
-87.8530370000000005
11
46.6772279999999995
21
-87.9130519999999933
0
LINE
8
BLACK
6
CONTINUOUS
10
46.6772279999999995
20
-87.9130519999999933
11
46.5234139999999954
21
-87.943647999999996
0
LINE
8
BLACK
6
CONTINUOUS
10
46.5234139999999954
20
-87.943647999999996
11
46.4450000000000003
21
-87.9474999999999909
0
LINE
8
BLACK
6
CONTINUOUS
10
46.4450000000000003
20
-87.9474999999999909
11
45.644999999999996
21
-87.9474999999999909
0
LINE
8
BLACK
6
CONTINUOUS
10
45.644999999999996
20
-87.9474999999999909
11
45.5665860000000009
21
-87.943647999999996
0
LINE
8
BLACK
6
CONTINUOUS
10
45.5665860000000009
20
-87.943647999999996
11
45.4127719999999968
21
-87.9130519999999933
0
LINE
8
BLACK
6
CONTINUOUS
10
45.4127719999999968
20
-87.9130519999999933
11
45.2678829999999977
21
-87.8530370000000005
0
LINE
8
BLACK
6
CONTINUOUS
10
45.2678829999999977
20
-87.8530370000000005
11
45.1374849999999981
21
-87.765907999999996
0
LINE
8
BLACK
6
CONTINUOUS
10
45.1374849999999981
20
-87.765907999999996
11
45.0265920000000008
21
-87.6550149999999917
0
LINE
8
BLACK
6
CONTINUOUS
10
45.0265920000000008
20
-87.6550149999999917
11
44.9394629999999964
21
-87.5246169999999921
0
LINE
8
BLACK
6
CONTINUOUS
10
44.9394629999999964
20
-87.5246169999999921
11
44.8794479999999965
21
-87.3797280000000001
0
LINE
8
BLACK
6
CONTINUOUS
10
44.8794479999999965
20
-87.3797280000000001
11
44.8488520000000008
21
-87.2259140000000031
0
LINE
8
BLACK
6
CONTINUOUS
10
44.8488520000000008
20
-87.2259140000000031
11
44.8488520000000008
21
-87.0690859999999986
0
LINE
8
BLACK
6
CONTINUOUS
10
44.8488520000000008
20
-87.0690859999999986
11
44.8794479999999965
21
-86.9152720000000016
0
LINE
8
BLACK
6
CONTINUOUS
10
44.8794479999999965
20
-86.9152720000000016
11
44.9394629999999964
21
-86.7703829999999954
0
LINE
8
BLACK
6
CONTINUOUS
10
44.9394629999999964
20
-86.7703829999999954
11
45.0265920000000008
21
-86.6399849999999958
0
LINE
8
BLACK
6
CONTINUOUS
10
45.0265920000000008
20
-86.6399849999999958
11
45.1374849999999981
21
-86.5290919999999915
0
LINE
8
BLACK
6
CONTINUOUS
10
45.1374849999999981
20
-86.5290919999999915
11
45.2678829999999977
21
-86.4419630000000012
0
LINE
8
BLACK
6
CONTINUOUS
10
45.2678829999999977
20
-86.4419630000000012
11
45.4127719999999968
21
-86.3819479999999942
0
LINE
8
BLACK
6
CONTINUOUS
10
45.4127719999999968
20
-86.3819479999999942
11
45.5665860000000009
21
-86.3513519999999914
0
LINE
8
BLACK
6
CONTINUOUS
10
45.5665860000000009
20
-86.3513519999999914
11
45.644999999999996
21
-86.3474999999999966
0
LINE
8
BLACK
6
CONTINUOUS
10
45.644999999999996
20
-86.3474999999999966
11
46.4450000000000003
21
-86.3474999999999966
0
LINE
8
BLACK
6
CONTINUOUS
10
46.4450000000000003
20
-86.3474999999999966
11
46.5234139999999954
21
-86.3513519999999914
0
LINE
8
BLACK
6
CONTINUOUS
10
46.5234139999999954
20
-86.3513519999999914
11
46.6772279999999995
21
-86.3819479999999942
0
LINE
8
BLACK
6
CONTINUOUS
10
46.6772279999999995
20
-86.3819479999999942
11
46.8221169999999987
21
-86.4419630000000012
0
LINE
8
BLACK
6
CONTINUOUS
10
46.8221169999999987
20
-86.4419630000000012
11
46.9525149999999982
21
-86.5290919999999915
0
LINE
8
BLACK
6
CONTINUOUS
10
46.9525149999999982
20
-86.5290919999999915
11
47.0634079999999955
21
-86.6399849999999958
0
LINE
8
BLACK
6
CONTINUOUS
10
47.0634079999999955
20
-86.6399849999999958
11
47.0684289999999947
21
-86.6474999999999937
0
LINE
8
BLACK
6
CONTINUOUS
10
47.0684289999999947
20
-86.6474999999999937
11
48.0467000000000013
21
-86.6474999999999937
0
LINE
8
BLACK
6
CONTINUOUS
10
48.0467000000000013
20
-86.6474999999999937
11
48.0467000000000013
21
-83.7348999999999961
0
LINE
8
BLACK
6
CONTINUOUS
10
48.0467000000000013
20
-83.7348999999999961
11
48.0509769999999961
21
-83.6696519999999992
0
LINE
8
BLACK
6
CONTINUOUS
10
48.0509769999999961
20
-83.6696519999999992
11
48.0509769999999961
21
-83.6696369999999945
0
LINE
8
BLACK
6
CONTINUOUS
10
48.0509769999999961
20
-83.6696369999999945
11
48.0847599999999957
21
-83.5435579999999902
0
LINE
8
BLACK
6
CONTINUOUS
10
48.0847599999999957
20
-83.5435579999999902
11
48.1500229999999974
21
-83.4305189999999897
0
LINE
8
BLACK
6
CONTINUOUS
10
48.1500229999999974
20
-83.4305189999999897
11
48.150037999999995
21
-83.4305030000000016
0
LINE
8
BLACK
6
CONTINUOUS
10
48.150037999999995
20
-83.4305030000000016
11
48.1931469999999962
21
-83.381346999999991
0
LINE
8
BLACK
6
CONTINUOUS
10
48.1931469999999962
20
-83.381346999999991
11
51.9749470000000002
21
-79.5995470000000012
0
LINE
8
BLACK
6
CONTINUOUS
10
51.9749470000000002
20
-79.5995470000000012
11
52.0241029999999967
21
-79.556438
0
LINE
8
BLACK
6
CONTINUOUS
10
52.0241029999999967
20
-79.556438
11
52.0241189999999989
21
-79.5564229999999952
0
LINE
8
BLACK
6
CONTINUOUS
10
52.0241189999999989
20
-79.5564229999999952
11
52.1371579999999994
21
-79.4911599999999936
0
LINE
8
BLACK
6
CONTINUOUS
10
52.1371579999999994
20
-79.4911599999999936
11
52.2632369999999966
21
-79.4573769999999939
0
LINE
8
BLACK
6
CONTINUOUS
10
52.2632369999999966
20
-79.4573769999999939
11
52.2632519999999943
21
-79.4573769999999939
0
LINE
8
BLACK
6
CONTINUOUS
10
52.2632519999999943
20
-79.4573769999999939
11
52.3284999999999982
21
-79.4530999999999921
0
LINE
8
BLACK
6
CONTINUOUS
10
52.3284999999999982
20
-79.4530999999999921
11
66.8699999999999903
21
-79.4530999999999921
0
LINE
8
BLACK
6
CONTINUOUS
10
66.8699999999999903
20
-79.4530999999999921
11
66.9352480000000014
21
-79.4573769999999939
0
LINE
8
BLACK
6
CONTINUOUS
10
66.9352480000000014
20
-79.4573769999999939
11
66.935262999999992
21
-79.4573769999999939
0
LINE
8
BLACK
6
CONTINUOUS
10
66.935262999999992
20
-79.4573769999999939
11
67.0613419999999962
21
-79.4911599999999936
0
LINE
8
BLACK
6
CONTINUOUS
10
67.0613419999999962
20
-79.4911599999999936
11
67.1743809999999968
21
-79.5564229999999952
0
LINE
8
BLACK
6
CONTINUOUS
10
67.1743809999999968
20
-79.5564229999999952
11
67.1743960000000015
21
-79.556438
0
LINE
8
BLACK
6
CONTINUOUS
10
67.1743960000000015
20
-79.556438
11
67.2235529999999954
21
-79.5995470000000012
0
LINE
8
BLACK
6
CONTINUOUS
10
67.2235529999999954
20
-79.5995470000000012
11
76.5115069999999946
21
-88.8875000000000028
0
LINE
8
BLACK
6
CONTINUOUS
10
76.5115069999999946
20
-88.8875000000000028
11
76.6972939999999994
21
-88.8875000000000028
0
LINE
8
BLACK
6
CONTINUOUS
10
76.6972939999999994
20
-88.8875000000000028
11
78.3750459999999975
21
-87.209746999999993
0
LINE
8
BLACK
6
CONTINUOUS
10
78.3750459999999975
20
-87.209746999999993
11
78.4242100000000022
21
-87.1666309999999953
0
LINE
8
BLACK
6
CONTINUOUS
10
78.4242100000000022
20
-87.1666309999999953
11
78.4242189999999937
21
-87.1666230000000013
0
LINE
8
BLACK
6
CONTINUOUS
10
78.4242189999999937
20
-87.1666230000000013
11
78.5372579999999942
21
-87.1013599999999997
0
LINE
8
BLACK
6
CONTINUOUS
10
78.5372579999999942
20
-87.1013599999999997
11
78.6633369999999985
21
-87.067577
0
LINE
8
BLACK
6
CONTINUOUS
10
78.6633369999999985
20
-87.067577
11
78.6633520000000033
21
-87.067577
0
LINE
8
BLACK
6
CONTINUOUS
10
78.6633520000000033
20
-87.067577
11
78.7286000000000001
21
-87.0632999999999981
0
LINE
8
BLACK
6
CONTINUOUS
10
78.7286000000000001
20
-87.0632999999999981
11
86.3730939999999947
21
-87.0632999999999981
0
LINE
8
BLACK
6
CONTINUOUS
10
86.3730939999999947
20
-87.0632999999999981
11
88.504099999999994
21
-84.9322930000000014
0
LINE
8
BLACK
6
CONTINUOUS
10
88.504099999999994
20
-84.9322930000000014
11
88.504099999999994
21
-62.404599999999995
0
LINE
8
BLACK
6
CONTINUOUS
10
88.504099999999994
20
-62.404599999999995
11
88.5083769999999959
21
-62.3393519999999981
0
LINE
8
BLACK
6
CONTINUOUS
10
88.5083769999999959
20
-62.3393519999999981
11
88.5083769999999959
21
-62.3393370000000004
0
LINE
8
BLACK
6
CONTINUOUS
10
88.5083769999999959
20
-62.3393370000000004
11
88.5421599999999955
21
-62.2132579999999962
0
LINE
8
BLACK
6
CONTINUOUS
10
88.5421599999999955
20
-62.2132579999999962
11
88.5647850000000005
21
-62.1740709999999979
0
LINE
8
BLACK
6
CONTINUOUS
10
88.5647850000000005
20
-62.1740709999999979
11
88.6074229999999972
21
-62.1002189999999956
0
LINE
8
BLACK
6
CONTINUOUS
10
88.6074229999999972
20
-62.1002189999999956
11
88.6074380000000019
21
-62.1002030000000005
0
LINE
8
BLACK
6
CONTINUOUS
10
88.6074380000000019
20
-62.1002030000000005
11
88.6505469999999889
21
-62.051046999999997
0
LINE
8
BLACK
6
CONTINUOUS
10
88.6505469999999889
20
-62.051046999999997
11
90.6961999999999904
21
-60.005392999999998
0
LINE
8
BLACK
6
CONTINUOUS
10
90.6961999999999904
20
-60.005392999999998
11
90.6961999999999904
21
-56.7613999999999947
0
LINE
8
BLACK
6
CONTINUOUS
10
90.6961999999999904
20
-56.7613999999999947
11
90.7004769999999922
21
-56.6961519999999979
0
LINE
8
BLACK
6
CONTINUOUS
10
90.7004769999999922
20
-56.6961519999999979
11
90.7004769999999922
21
-56.6961370000000002
0
LINE
8
BLACK
6
CONTINUOUS
10
90.7004769999999922
20
-56.6961370000000002
11
90.7342599999999919
21
-56.570057999999996
0
LINE
8
BLACK
6
CONTINUOUS
10
90.7342599999999919
20
-56.570057999999996
11
90.7995229999999935
21
-56.4570189999999954
0
LINE
8
BLACK
6
CONTINUOUS
10
90.7995229999999935
20
-56.4570189999999954
11
90.7995379999999983
21
-56.4570030000000003
0
LINE
8
BLACK
6
CONTINUOUS
10
90.7995379999999983
20
-56.4570030000000003
11
90.8426469999999995
21
-56.4078469999999967
0
LINE
8
BLACK
6
CONTINUOUS
10
90.8426469999999995
20
-56.4078469999999967
11
100.3915469999999885
21
-46.8589470000000006
0
LINE
8
BLACK
6
CONTINUOUS
10
100.3915469999999885
20
-46.8589470000000006
11
100.4407029999999992
21
-46.8158379999999994
0
LINE
8
BLACK
6
CONTINUOUS
10
100.4407029999999992
20
-46.8158379999999994
11
100.4407190000000014
21
-46.8158229999999946
0
LINE
8
BLACK
6
CONTINUOUS
10
100.4407190000000014
20
-46.8158229999999946
11
100.553758000000002
21
-46.7505600000000001
0
LINE
8
BLACK
6
CONTINUOUS
10
100.553758000000002
20
-46.7505600000000001
11
100.679836999999992
21
-46.7167770000000004
0
LINE
8
BLACK
6
CONTINUOUS
10
100.679836999999992
20
-46.7167770000000004
11
100.6798519999999968
21
-46.7167770000000004
0
LINE
8
BLACK
6
CONTINUOUS
10
100.6798519999999968
20
-46.7167770000000004
11
100.7450999999999937
21
-46.7124999999999986
0
LINE
8
BLACK
6
CONTINUOUS
10
100.7450999999999937
20
-46.7124999999999986
11
110.8900000000000006
21
-46.7124999999999986
0
LINE
8
BLACK
6
CONTINUOUS
10
110.8900000000000006
20
-46.7124999999999986
11
110.8900000000000006
21
-45.7124999999999986
0
LINE
8
BLACK
6
CONTINUOUS
10
110.8900000000000006
20
-45.7124999999999986
11
113.8900000000000006
21
-45.7124999999999986
0
LINE
8
BLACK
6
CONTINUOUS
10
113.8900000000000006
20
-45.7124999999999986
11
113.8900000000000006
21
-48.7124999999999986
0
LINE
8
BLACK
6
CONTINUOUS
10
66.3469920000000002
20
-81.2732850000000013
11
66.3676339999999954
21
-81.2899189999999976
0
LINE
8
BLACK
6
CONTINUOUS
10
66.3676339999999954
20
-81.2899189999999976
11
74.9675809999999956
21
-89.8898659999999978
0
LINE
8
BLACK
6
CONTINUOUS
10
74.9675809999999956
20
-89.8898659999999978
11
75.0010659999999945
21
-89.9511889999999994
0
LINE
8
BLACK
6
CONTINUOUS
10
75.0010659999999945
20
-89.9511889999999994
11
75.0039000000000016
21
-89.9775470000000013
0
LINE
8
BLACK
6
CONTINUOUS
10
75.0039000000000016
20
-89.9775470000000013
11
75.0039000000000016
21
-90.2891079999999988
0
LINE
8
BLACK
6
CONTINUOUS
10
75.0039000000000016
20
-90.2891079999999988
11
75.0057639999999992
21
-90.3080289999999906
0
LINE
8
BLACK
6
CONTINUOUS
10
75.0057639999999992
20
-90.3080289999999906
11
75.0190989999999971
21
-90.4434320000000014
0
LINE
8
BLACK
6
CONTINUOUS
10
75.0190989999999971
20
-90.4434320000000014
11
75.0319709999999986
21
-90.4858660000000015
0
LINE
8
BLACK
6
CONTINUOUS
10
75.0319709999999986
20
-90.4858660000000015
11
75.0791679999999957
21
-90.641453999999996
0
LINE
8
BLACK
6
CONTINUOUS
10
75.0791679999999957
20
-90.641453999999996
11
75.1767150000000015
21
-90.8239499999999964
0
LINE
8
BLACK
6
CONTINUOUS
10
75.1767150000000015
20
-90.8239499999999964
11
75.2113689999999906
21
-90.8661769999999933
0
LINE
8
BLACK
6
CONTINUOUS
10
75.2113689999999906
20
-90.8661769999999933
11
75.3079889999999921
21
-90.9839099999999945
0
LINE
8
BLACK
6
CONTINUOUS
10
75.3079889999999921
20
-90.9839099999999945
11
75.3357680000000016
21
-91.0067069999999916
0
LINE
8
BLACK
6
CONTINUOUS
10
75.3357680000000016
20
-91.0067069999999916
11
75.4679500000000019
21
-91.1151849999999968
0
LINE
8
BLACK
6
CONTINUOUS
10
75.4679500000000019
20
-91.1151849999999968
11
75.6504460000000023
21
-91.2127320000000026
0
LINE
8
BLACK
6
CONTINUOUS
10
75.6504460000000023
20
-91.2127320000000026
11
75.8484660000000019
21
-91.2727999999999895
0
LINE
8
BLACK
6
CONTINUOUS
10
75.8484660000000019
20
-91.2727999999999895
11
75.8484649999999903
21
-91.2727999999999895
0
LINE
8
BLACK
6
CONTINUOUS
10
75.8484649999999903
20
-91.2727999999999895
11
75.8870469999999955
21
-91.276600000000002
0
LINE
8
BLACK
6
CONTINUOUS
10
75.8870469999999955
20
-91.276600000000002
11
76.0027919999999995
21
-91.2879999999999967
0
LINE
8
BLACK
6
CONTINUOUS
10
76.0027919999999995
20
-91.2879999999999967
11
76.0027949999999919
21
-91.2879999999999967
0
LINE
8
BLACK
6
CONTINUOUS
10
76.0027949999999919
20
-91.2879999999999967
11
77.2060049999999904
21
-91.2879999999999967
0
LINE
8
BLACK
6
CONTINUOUS
10
77.2060049999999904
20
-91.2879999999999967
11
77.2060079999999971
21
-91.2879999999999967
0
LINE
8
BLACK
6
CONTINUOUS
10
77.2060079999999971
20
-91.2879999999999967
11
77.3603339999999946
21
-91.2727999999999895
0
LINE
8
BLACK
6
CONTINUOUS
10
77.3603339999999946
20
-91.2727999999999895
11
77.5583539999999942
21
-91.2127320000000026
0
LINE
8
BLACK
6
CONTINUOUS
10
77.5583539999999942
20
-91.2127320000000026
11
77.7408499999999947
21
-91.1151849999999968
0
LINE
8
BLACK
6
CONTINUOUS
10
77.7408499999999947
20
-91.1151849999999968
11
77.9008099999999928
21
-90.9839099999999945
0
LINE
8
BLACK
6
CONTINUOUS
10
77.9008099999999928
20
-90.9839099999999945
11
78.032084999999995
21
-90.8239499999999964
0
LINE
8
BLACK
6
CONTINUOUS
10
78.032084999999995
20
-90.8239499999999964
11
78.1296320000000009
21
-90.641453999999996
0
LINE
8
BLACK
6
CONTINUOUS
10
78.1296320000000009
20
-90.641453999999996
11
78.189700000000002
21
-90.4434339999999963
0
LINE
8
BLACK
6
CONTINUOUS
10
78.189700000000002
20
-90.4434339999999963
11
78.204899999999995
21
-90.2891079999999988
0
LINE
8
BLACK
6
CONTINUOUS
10
78.204899999999995
20
-90.2891079999999988
11
78.204899999999995
21
-89.9775470000000013
0
LINE
8
BLACK
6
CONTINUOUS
10
78.204899999999995
20
-89.9775470000000013
11
78.2135430000000014
21
-89.9481099999999998
0
LINE
8
BLACK
6
CONTINUOUS
10
78.2135430000000014
20
-89.9481099999999998
11
78.2200670000000002
21
-89.9181209999999993
0
LINE
8
BLACK
6
CONTINUOUS
10
78.2200670000000002
20
-89.9181209999999993
11
78.2238219999999984
21
-89.9131029999999924
0
LINE
8
BLACK
6
CONTINUOUS
10
78.2238219999999984
20
-89.9131029999999924
11
78.2245849999999905
21
-89.910507999999993
0
LINE
8
BLACK
6
CONTINUOUS
10
78.2245849999999905
20
-89.910507999999993
11
78.2412130000000019
21
-89.8898709999999994
0
LINE
8
BLACK
6
CONTINUOUS
10
78.2412130000000019
20
-89.8898709999999994
11
78.3063499999999948
21
-89.8247339999999923
0
LINE
8
BLACK
6
CONTINUOUS
10
78.3063499999999948
20
-89.8247339999999923
11
78.3676689999999923
21
-89.7912520000000001
0
LINE
8
BLACK
6
CONTINUOUS
10
78.3676689999999923
20
-89.7912520000000001
11
78.4373609999999957
21
-89.7962359999999933
0
LINE
8
BLACK
6
CONTINUOUS
10
78.4373609999999957
20
-89.7962359999999933
11
78.4932950000000034
21
-89.8381069999999937
0
LINE
8
BLACK
6
CONTINUOUS
10
78.4932950000000034
20
-89.8381069999999937
11
78.5164999999999935
21
-89.8930189999999953
0
LINE
8
BLACK
6
CONTINUOUS
10
78.5164999999999935
20
-89.8930189999999953
11
78.5206009999999992
21
-89.9189069999999901
0
LINE
8
BLACK
6
CONTINUOUS
10
78.5206009999999992
20
-89.9189069999999901
11
78.5433099999999911
21
-90.0622850000000028
0
LINE
8
BLACK
6
CONTINUOUS
10
78.5433099999999911
20
-90.0622850000000028
11
78.6211600000000033
21
-90.3018829999999895
0
LINE
8
BLACK
6
CONTINUOUS
10
78.6211600000000033
20
-90.3018829999999895
11
78.7355319999999921
21
-90.5263479999999987
0
LINE
8
BLACK
6
CONTINUOUS
10
78.7355319999999921
20
-90.5263479999999987
11
78.8836009999999987
21
-90.7301489999999973
0
LINE
8
BLACK
6
CONTINUOUS
10
78.8836009999999987
20
-90.7301489999999973
11
78.8836050000000029
21
-90.7301539999999989
0
LINE
8
BLACK
6
CONTINUOUS
10
78.8836050000000029
20
-90.7301539999999989
11
79.0617450000000019
21
-90.9082939999999979
0
LINE
8
BLACK
6
CONTINUOUS
10
79.0617450000000019
20
-90.9082939999999979
11
79.0617500000000035
21
-90.908298000000002
0
LINE
8
BLACK
6
CONTINUOUS
10
79.0617500000000035
20
-90.908298000000002
11
79.2395169999999922
21
-91.0374520000000018
0
LINE
8
BLACK
6
CONTINUOUS
10
79.2395169999999922
20
-91.0374520000000018
11
79.265554999999992
21
-91.0563700000000011
0
LINE
8
BLACK
6
CONTINUOUS
10
79.265554999999992
20
-91.0563700000000011
11
79.3809859999999929
21
-91.1151849999999968
0
LINE
8
BLACK
6
CONTINUOUS
10
79.3809859999999929
20
-91.1151849999999968
11
79.4900159999999971
21
-91.1707389999999975
0
LINE
8
BLACK
6
CONTINUOUS
10
79.4900159999999971
20
-91.1707389999999975
11
79.4900179999999921
21
-91.1707389999999975
0
LINE
8
BLACK
6
CONTINUOUS
10
79.4900179999999921
20
-91.1707389999999975
11
79.4900209999999987
21
-91.1707409999999925
0
LINE
8
BLACK
6
CONTINUOUS
10
79.4900209999999987
20
-91.1707409999999925
11
79.6184489999999983
21
-91.2124699999999962
0
LINE
8
BLACK
6
CONTINUOUS
10
79.6184489999999983
20
-91.2124699999999962
11
79.729613999999998
21
-91.248589999999993
0
LINE
8
BLACK
6
CONTINUOUS
10
79.729613999999998
20
-91.248589999999993
11
79.7688389999999998
21
-91.254801999999998
0
LINE
8
BLACK
6
CONTINUOUS
10
79.7688389999999998
20
-91.254801999999998
11
79.8047059999999959
21
-91.2604829999999936
0
LINE
8
BLACK
6
CONTINUOUS
10
79.8047059999999959
20
-91.2604829999999936
11
79.8678409999999985
21
-91.2904119999999892
0
LINE
8
BLACK
6
CONTINUOUS
10
79.8678409999999985
20
-91.2904119999999892
11
79.8729900000000015
21
-91.2952749999999895
0
LINE
8
BLACK
6
CONTINUOUS
10
79.8729900000000015
20
-91.2952749999999895
11
81.2110079999999925
21
-92.6332919999999973
0
LINE
8
BLACK
6
CONTINUOUS
10
81.2110079999999925
20
-92.6332919999999973
11
81.2110219999999998
21
-92.6333070000000021
0
LINE
8
BLACK
6
CONTINUOUS
10
81.2110219999999998
20
-92.6333070000000021
11
81.2141329999999897
21
-92.6364179999999919
0
LINE
8
BLACK
6
CONTINUOUS
10
81.2141329999999897
20
-92.6364179999999919
11
81.2141340000000014
21
-92.6364189999999894
0
LINE
8
BLACK
6
CONTINUOUS
10
81.2141340000000014
20
-92.6364189999999894
11
81.3588809999999967
21
-92.7811659999999989
0
LINE
8
BLACK
6
CONTINUOUS
10
81.3588809999999967
20
-92.7811659999999989
11
81.3588840000000033
21
-92.7811679999999939
0
LINE
8
BLACK
6
CONTINUOUS
10
81.3588840000000033
20
-92.7811679999999939
11
81.3588869999999957
21
-92.7811710000000005
0
LINE
8
BLACK
6
CONTINUOUS
10
81.3588869999999957
20
-92.7811710000000005
11
81.4174509999999998
21
-92.823718999999997
0
LINE
8
BLACK
6
CONTINUOUS
10
81.4174509999999998
20
-92.823718999999997
11
81.4424459999999897
21
-92.8418789999999916
0
LINE
8
BLACK
6
CONTINUOUS
10
81.4424459999999897
20
-92.8418789999999916
11
81.5244900000000001
21
-92.9014869999999888
0
LINE
8
BLACK
6
CONTINUOUS
10
81.5244900000000001
20
-92.9014869999999888
11
81.613946999999996
21
-92.9470669999999899
0
LINE
8
BLACK
6
CONTINUOUS
10
81.613946999999996
20
-92.9470669999999899
11
81.7068809999999957
21
-92.9944210000000027
0
LINE
8
BLACK
6
CONTINUOUS
10
81.7068809999999957
20
-92.9944210000000027
11
81.7068840000000023
21
-92.9944220000000001
0
LINE
8
BLACK
6
CONTINUOUS
10
81.7068840000000023
20
-92.9944220000000001
11
81.7278069999999985
21
-93.0012199999999893
0
LINE
8
BLACK
6
CONTINUOUS
10
81.7278069999999985
20
-93.0012199999999893
11
81.9015660000000025
21
-93.0576769999999982
0
LINE
8
BLACK
6
CONTINUOUS
10
81.9015660000000025
20
-93.0576769999999982
11
82.103747999999996
21
-93.0896999999999935
0
LINE
8
BLACK
6
CONTINUOUS
10
82.103747999999996
20
-93.0896999999999935
11
82.1037489999999934
21
-93.0896999999999935
0
LINE
8
BLACK
6
CONTINUOUS
10
82.1037489999999934
20
-93.0896999999999935
11
82.3084520000000026
21
-93.0896999999999935
0
LINE
8
BLACK
6
CONTINUOUS
10
82.3084520000000026
20
-93.0896999999999935
11
91.2046529999999933
21
-93.0896999999999935
0
LINE
8
BLACK
6
CONTINUOUS
10
91.2046529999999933
20
-93.0896999999999935
11
91.2716920000000016
21
-93.109384999999989
0
LINE
8
BLACK
6
CONTINUOUS
10
91.2716920000000016
20
-93.109384999999989
11
91.3174470000000014
21
-93.1621889999999979
0
LINE
8
BLACK
6
CONTINUOUS
10
91.3174470000000014
20
-93.1621889999999979
11
91.3273909999999915
21
-93.2313469999999995
0
LINE
8
BLACK
6
CONTINUOUS
10
91.3273909999999915
20
-93.2313469999999995
11
91.2983660000000015
21
-93.2949029999999908
0
LINE
8
BLACK
6
CONTINUOUS
10
91.2983660000000015
20
-93.2949029999999908
11
91.2923339999999968
21
-93.3013809999999921
0
LINE
8
BLACK
6
CONTINUOUS
10
91.2923339999999968
20
-93.3013809999999921
11
90.6956339999999983
21
-93.8980809999999906
0
LINE
8
BLACK
6
CONTINUOUS
10
90.6956339999999983
20
-93.8980809999999906
11
90.6343109999999967
21
-93.9315659999999895
0
LINE
8
BLACK
6
CONTINUOUS
10
90.6343109999999967
20
-93.9315659999999895
11
90.6079529999999949
21
-93.9343999999999966
0
LINE
8
BLACK
6
CONTINUOUS
10
90.6079529999999949
20
-93.9343999999999966
11
75.495947000000001
21
-93.9343999999999966
0
LINE
8
BLACK
6
CONTINUOUS
10
75.495947000000001
20
-93.9343999999999966
11
75.4289079999999927
21
-93.9147150000000011
0
LINE
8
BLACK
6
CONTINUOUS
10
75.4289079999999927
20
-93.9147150000000011
11
75.4082659999999976
21
-93.8980809999999906
0
LINE
8
BLACK
6
CONTINUOUS
10
75.4082659999999976
20
-93.8980809999999906
11
66.2404209999999978
21
-84.7302359999999908
0
LINE
8
BLACK
6
CONTINUOUS
10
66.2404209999999978
20
-84.7302359999999908
11
66.2404190000000028
21
-84.7302339999999958
0
LINE
8
BLACK
6
CONTINUOUS
10
66.2404190000000028
20
-84.7302339999999958
11
66.0748109999999969
21
-84.6099129999999917
0
LINE
8
BLACK
6
CONTINUOUS
10
66.0748109999999969
20
-84.6099129999999917
11
65.9836140000000029
21
-84.563445999999999
0
LINE
8
BLACK
6
CONTINUOUS
10
65.9836140000000029
20
-84.563445999999999
11
65.8924190000000038
21
-84.5169799999999896
0
LINE
8
BLACK
6
CONTINUOUS
10
65.8924190000000038
20
-84.5169799999999896
11
65.7433180000000021
21
-84.4685339999999911
0
LINE
8
BLACK
6
CONTINUOUS
10
65.7433180000000021
20
-84.4685339999999911
11
65.743315999999993
21
-84.4685319999999962
0
LINE
8
BLACK
6
CONTINUOUS
10
65.743315999999993
20
-84.4685319999999962
11
65.6977359999999919
21
-84.4537229999999965
0
LINE
8
BLACK
6
CONTINUOUS
10
65.6977359999999919
20
-84.4537229999999965
11
65.6977309999999903
21
-84.4537219999999991
0
LINE
8
BLACK
6
CONTINUOUS
10
65.6977309999999903
20
-84.4537219999999991
11
65.5565639999999945
21
-84.4313629999999904
0
LINE
8
BLACK
6
CONTINUOUS
10
65.5565639999999945
20
-84.4313629999999904
11
65.4955520000000035
21
-84.4217000000000013
0
LINE
8
BLACK
6
CONTINUOUS
10
65.4955520000000035
20
-84.4217000000000013
11
55.8202479999999994
21
-84.4217000000000013
0
LINE
8
BLACK
6
CONTINUOUS
10
55.8202479999999994
20
-84.4217000000000013
11
55.8202459999999974
21
-84.4217000000000013
0
LINE
8
BLACK
6
CONTINUOUS
10
55.8202459999999974
20
-84.4217000000000013
11
55.782511999999997
21
-84.4276759999999911
0
LINE
8
BLACK
6
CONTINUOUS
10
55.782511999999997
20
-84.4276759999999911
11
55.7132189999999952
21
-84.4187199999999933
0
LINE
8
BLACK
6
CONTINUOUS
10
55.7132189999999952
20
-84.4187199999999933
11
55.6597679999999997
21
-84.3737229999999983
0
LINE
8
BLACK
6
CONTINUOUS
10
55.6597679999999997
20
-84.3737229999999983
11
55.6406429999999972
21
-84.3245999999999896
0
LINE
8
BLACK
6
CONTINUOUS
10
55.6406429999999972
20
-84.3245999999999896
11
55.6325629999999975
21
-84.2735839999999996
0
LINE
8
BLACK
6
CONTINUOUS
10
55.6325629999999975
20
-84.2735839999999996
11
55.6260899999999978
21
-84.2327149999999989
0
LINE
8
BLACK
6
CONTINUOUS
10
55.6260899999999978
20
-84.2327149999999989
11
55.5482409999999973
21
-83.9931210000000021
0
LINE
8
BLACK
6
CONTINUOUS
10
55.5482409999999973
20
-83.9931210000000021
11
55.5482389999999953
21
-83.9931179999999955
0
LINE
8
BLACK
6
CONTINUOUS
10
55.5482389999999953
20
-83.9931179999999955
11
55.5482389999999953
21
-83.9931160000000006
0
LINE
8
BLACK
6
CONTINUOUS
10
55.5482389999999953
20
-83.9931160000000006
11
55.5067469999999972
21
-83.9116839999999939
0
LINE
8
BLACK
6
CONTINUOUS
10
55.5067469999999972
20
-83.9116839999999939
11
55.4338699999999989
21
-83.7686549999999954
0
LINE
8
BLACK
6
CONTINUOUS
10
55.4338699999999989
20
-83.7686549999999954
11
55.3297279999999958
21
-83.6253150000000005
0
LINE
8
BLACK
6
CONTINUOUS
10
55.3297279999999958
20
-83.6253150000000005
11
55.2857979999999998
21
-83.5648499999999927
0
LINE
8
BLACK
6
CONTINUOUS
10
55.2857979999999998
20
-83.5648499999999927
11
55.2857939999999957
21
-83.5648449999999912
0
LINE
8
BLACK
6
CONTINUOUS
10
55.2857939999999957
20
-83.5648449999999912
11
55.1461299999999994
21
-83.4251809999999949
0
LINE
8
BLACK
6
CONTINUOUS
10
55.1461299999999994
20
-83.4251809999999949
11
55.1126450000000006
21
-83.3638579999999934
0
LINE
8
BLACK
6
CONTINUOUS
10
55.1126450000000006
20
-83.3638579999999934
11
55.1176290000000009
21
-83.2941659999999899
0
LINE
8
BLACK
6
CONTINUOUS
10
55.1176290000000009
20
-83.2941659999999899
11
55.1461299999999994
21
-83.2498190000000022
0
LINE
8
BLACK
6
CONTINUOUS
10
55.1461299999999994
20
-83.2498190000000022
11
55.2141799999999989
21
-83.1817690000000027
0
LINE
8
BLACK
6
CONTINUOUS
10
55.2141799999999989
20
-83.1817690000000027
11
55.2857929999999982
21
-83.1101559999999893
0
LINE
8
BLACK
6
CONTINUOUS
10
55.2857929999999982
20
-83.1101559999999893
11
55.4338699999999989
21
-82.9063450000000017
0
LINE
8
BLACK
6
CONTINUOUS
10
55.4338699999999989
20
-82.9063450000000017
11
55.5482409999999973
21
-82.681878999999995
0
LINE
8
BLACK
6
CONTINUOUS
10
55.5482409999999973
20
-82.681878999999995
11
55.6260899999999978
21
-82.4422849999999983
0
LINE
8
BLACK
6
CONTINUOUS
10
55.6260899999999978
20
-82.4422849999999983
11
55.6654999999999944
21
-82.1934619999999967
0
LINE
8
BLACK
6
CONTINUOUS
10
55.6654999999999944
20
-82.1934619999999967
11
55.6654999999999944
21
-81.9415379999999942
0
LINE
8
BLACK
6
CONTINUOUS
10
55.6654999999999944
20
-81.9415379999999942
11
55.6260899999999978
21
-81.6927149999999926
0
LINE
8
BLACK
6
CONTINUOUS
10
55.6260899999999978
20
-81.6927149999999926
11
55.5482409999999973
21
-81.4531209999999959
0
LINE
8
BLACK
6
CONTINUOUS
10
55.5482409999999973
20
-81.4531209999999959
11
55.5482389999999953
21
-81.4531179999999893
0
LINE
8
BLACK
6
CONTINUOUS
10
55.5482389999999953
20
-81.4531179999999893
11
55.5482389999999953
21
-81.4531159999999943
0
LINE
8
BLACK
6
CONTINUOUS
10
55.5482389999999953
20
-81.4531159999999943
11
55.5384449999999958
21
-81.4338949999999926
0
LINE
8
BLACK
6
CONTINUOUS
10
55.5384449999999958
20
-81.4338949999999926
11
55.525548999999998
21
-81.3652259999999927
0
LINE
8
BLACK
6
CONTINUOUS
10
55.525548999999998
20
-81.3652259999999927
11
55.5518250000000009
21
-81.3004849999999948
0
LINE
8
BLACK
6
CONTINUOUS
10
55.5518250000000009
20
-81.3004849999999948
11
55.6089319999999958
21
-81.2602279999999979
0
LINE
8
BLACK
6
CONTINUOUS
10
55.6089319999999958
20
-81.2602279999999979
11
55.64893
21
-81.2535999999999916
0
LINE
8
BLACK
6
CONTINUOUS
10
55.64893
20
-81.2535999999999916
11
66.2799529999999919
21
-81.2535999999999916
0
LINE
8
BLACK
6
CONTINUOUS
10
66.2799529999999919
20
-81.2535999999999916
11
66.3469920000000002
21
-81.2732850000000013
0
LINE
8
BLACK
6
CONTINUOUS
10
64.2762479999999954
20
-87.0430769999999967
11
64.2762630000000001
21
-87.0430769999999967
0
LINE
8
BLACK
6
CONTINUOUS
10
64.2762630000000001
20
-87.0430769999999967
11
64.4023419999999902
21
-87.0768599999999964
0
LINE
8
BLACK
6
CONTINUOUS
10
64.4023419999999902
20
-87.0768599999999964
11
64.5153809999999908
21
-87.142122999999998
0
LINE
8
BLACK
6
CONTINUOUS
10
64.5153809999999908
20
-87.142122999999998
11
64.5153959999999955
21
-87.1421380000000028
0
LINE
8
BLACK
6
CONTINUOUS
10
64.5153959999999955
20
-87.1421380000000028
11
64.5645530000000036
21
-87.1852469999999897
0
LINE
8
BLACK
6
CONTINUOUS
10
64.5645530000000036
20
-87.1852469999999897
11
66.2724209999999943
21
-88.8931149999999946
0
LINE
8
BLACK
6
CONTINUOUS
10
66.2724209999999943
20
-88.8931149999999946
11
66.2812859999999944
21
-88.8913519999999977
0
LINE
8
BLACK
6
CONTINUOUS
10
66.2812859999999944
20
-88.8913519999999977
11
66.4381139999999988
21
-88.8913519999999977
0
LINE
8
BLACK
6
CONTINUOUS
10
66.4381139999999988
20
-88.8913519999999977
11
66.5919279999999958
21
-88.9219480000000004
0
LINE
8
BLACK
6
CONTINUOUS
10
66.5919279999999958
20
-88.9219480000000004
11
66.7368170000000021
21
-88.9819629999999933
0
LINE
8
BLACK
6
CONTINUOUS
10
66.7368170000000021
20
-88.9819629999999933
11
66.8672150000000016
21
-89.0690919999999977
0
LINE
8
BLACK
6
CONTINUOUS
10
66.8672150000000016
20
-89.0690919999999977
11
66.9781079999999918
21
-89.1799850000000021
0
LINE
8
BLACK
6
CONTINUOUS
10
66.9781079999999918
20
-89.1799850000000021
11
67.0652369999999962
21
-89.3103830000000016
0
LINE
8
BLACK
6
CONTINUOUS
10
67.0652369999999962
20
-89.3103830000000016
11
67.1252520000000032
21
-89.4552719999999937
0
LINE
8
BLACK
6
CONTINUOUS
10
67.1252520000000032
20
-89.4552719999999937
11
67.1558479999999918
21
-89.6090859999999907
0
LINE
8
BLACK
6
CONTINUOUS
10
67.1558479999999918
20
-89.6090859999999907
11
67.1558479999999918
21
-89.7659139999999951
0
LINE
8
BLACK
6
CONTINUOUS
10
67.1558479999999918
20
-89.7659139999999951
11
67.1252520000000032
21
-89.9197279999999921
0
LINE
8
BLACK
6
CONTINUOUS
10
67.1252520000000032
20
-89.9197279999999921
11
67.0652369999999962
21
-90.0646169999999984
0
LINE
8
BLACK
6
CONTINUOUS
10
67.0652369999999962
20
-90.0646169999999984
11
66.9781079999999918
21
-90.1950149999999979
0
LINE
8
BLACK
6
CONTINUOUS
10
66.9781079999999918
20
-90.1950149999999979
11
66.8672150000000016
21
-90.3059080000000023
0
LINE
8
BLACK
6
CONTINUOUS
10
66.8672150000000016
20
-90.3059080000000023
11
66.7368170000000021
21
-90.3930369999999925
0
LINE
8
BLACK
6
CONTINUOUS
10
66.7368170000000021
20
-90.3930369999999925
11
66.5919279999999958
21
-90.4530519999999996
0
LINE
8
BLACK
6
CONTINUOUS
10
66.5919279999999958
20
-90.4530519999999996
11
66.4381139999999988
21
-90.4836480000000023
0
LINE
8
BLACK
6
CONTINUOUS
10
66.4381139999999988
20
-90.4836480000000023
11
66.2812859999999944
21
-90.4836480000000023
0
LINE
8
BLACK
6
CONTINUOUS
10
66.2812859999999944
20
-90.4836480000000023
11
66.1274719999999974
21
-90.4530519999999996
0
LINE
8
BLACK
6
CONTINUOUS
10
66.1274719999999974
20
-90.4530519999999996
11
65.9825829999999911
21
-90.3930369999999925
0
LINE
8
BLACK
6
CONTINUOUS
10
65.9825829999999911
20
-90.3930369999999925
11
65.8521849999999915
21
-90.3059080000000023
0
LINE
8
BLACK
6
CONTINUOUS
10
65.8521849999999915
20
-90.3059080000000023
11
65.7412920000000014
21
-90.1950149999999979
0
LINE
8
BLACK
6
CONTINUOUS
10
65.7412920000000014
20
-90.1950149999999979
11
65.6541629999999969
21
-90.0646169999999984
0
LINE
8
BLACK
6
CONTINUOUS
10
65.6541629999999969
20
-90.0646169999999984
11
65.5941480000000041
21
-89.9197279999999921
0
LINE
8
BLACK
6
CONTINUOUS
10
65.5941480000000041
20
-89.9197279999999921
11
65.5635520000000014
21
-89.7659139999999951
0
LINE
8
BLACK
6
CONTINUOUS
10
65.5635520000000014
20
-89.7659139999999951
11
65.5635520000000014
21
-89.6090859999999907
0
LINE
8
BLACK
6
CONTINUOUS
10
65.5635520000000014
20
-89.6090859999999907
11
65.5653149999999982
21
-89.6002209999999906
0
LINE
8
BLACK
6
CONTINUOUS
10
65.5653149999999982
20
-89.6002209999999906
11
64.0038940000000025
21
-88.0387999999999948
0
LINE
8
BLACK
6
CONTINUOUS
10
64.0038940000000025
20
-88.0387999999999948
11
58.5225069999999974
21
-88.0387999999999948
0
LINE
8
BLACK
6
CONTINUOUS
10
58.5225069999999974
20
-88.0387999999999948
11
56.5202529999999967
21
-90.0410529999999909
0
LINE
8
BLACK
6
CONTINUOUS
10
56.5202529999999967
20
-90.0410529999999909
11
56.4710959999999957
21
-90.0841609999999946
0
LINE
8
BLACK
6
CONTINUOUS
10
56.4710959999999957
20
-90.0841609999999946
11
56.4710809999999981
21
-90.0841769999999968
0
LINE
8
BLACK
6
CONTINUOUS
10
56.4710809999999981
20
-90.0841769999999968
11
56.3580419999999975
21
-90.1494399999999985
0
LINE
8
BLACK
6
CONTINUOUS
10
56.3580419999999975
20
-90.1494399999999985
11
56.2319630000000004
21
-90.1832229999999981
0
LINE
8
BLACK
6
CONTINUOUS
10
56.2319630000000004
20
-90.1832229999999981
11
56.2319479999999956
21
-90.1832229999999981
0
LINE
8
BLACK
6
CONTINUOUS
10
56.2319479999999956
20
-90.1832229999999981
11
56.1666999999999987
21
-90.1875
0
LINE
8
BLACK
6
CONTINUOUS
10
56.1666999999999987
20
-90.1875
11
56.1230069999999941
21
-90.1875
0
LINE
8
BLACK
6
CONTINUOUS
10
56.1230069999999941
20
-90.1875
11
56.5202529999999967
21
-90.5847459999999955
0
LINE
8
BLACK
6
CONTINUOUS
10
56.5202529999999967
20
-90.5847459999999955
11
56.563367999999997
21
-90.6339100000000002
0
LINE
8
BLACK
6
CONTINUOUS
10
56.563367999999997
20
-90.6339100000000002
11
56.5633769999999956
21
-90.6339189999999917
0
LINE
8
BLACK
6
CONTINUOUS
10
56.5633769999999956
20
-90.6339189999999917
11
56.5858489999999961
21
-90.6728420000000028
0
LINE
8
BLACK
6
CONTINUOUS
10
56.5858489999999961
20
-90.6728420000000028
11
56.6286399999999972
21
-90.7469579999999922
0
LINE
8
BLACK
6
CONTINUOUS
10
56.6286399999999972
20
-90.7469579999999922
11
56.6624229999999969
21
-90.8730369999999965
0
LINE
8
BLACK
6
CONTINUOUS
10
56.6624229999999969
20
-90.8730369999999965
11
56.6624229999999969
21
-90.8730520000000013
0
LINE
8
BLACK
6
CONTINUOUS
10
56.6624229999999969
20
-90.8730520000000013
11
56.6666999999999987
21
-90.9382999999999981
0
LINE
8
BLACK
6
CONTINUOUS
10
56.6666999999999987
20
-90.9382999999999981
11
56.6666999999999987
21
-92.227499999999992
0
LINE
8
BLACK
6
CONTINUOUS
10
56.6666999999999987
20
-92.227499999999992
11
56.6624219999999994
21
-92.2927629999999937
0
LINE
8
BLACK
6
CONTINUOUS
10
56.6624219999999994
20
-92.2927629999999937
11
56.6286399999999972
21
-92.4188419999999979
0
LINE
8
BLACK
6
CONTINUOUS
10
56.6286399999999972
20
-92.4188419999999979
11
56.5633769999999956
21
-92.5318809999999985
0
LINE
8
BLACK
6
CONTINUOUS
10
56.5633769999999956
20
-92.5318809999999985
11
56.4710809999999981
21
-92.6241769999999889
0
LINE
8
BLACK
6
CONTINUOUS
10
56.4710809999999981
20
-92.6241769999999889
11
56.3580419999999975
21
-92.6894399999999905
0
LINE
8
BLACK
6
CONTINUOUS
10
56.3580419999999975
20
-92.6894399999999905
11
56.2319630000000004
21
-92.7232219999999927
0
LINE
8
BLACK
6
CONTINUOUS
10
56.2319630000000004
20
-92.7232219999999927
11
56.1666999999999987
21
-92.727499999999992
0
LINE
8
BLACK
6
CONTINUOUS
10
56.1666999999999987
20
-92.727499999999992
11
54.6884289999999993
21
-92.727499999999992
0
LINE
8
BLACK
6
CONTINUOUS
10
54.6884289999999993
20
-92.727499999999992
11
54.683408
21
-92.73501499999999
0
LINE
8
BLACK
6
CONTINUOUS
10
54.683408
20
-92.73501499999999
11
54.5725149999999957
21
-92.8459079999999943
0
LINE
8
BLACK
6
CONTINUOUS
10
54.5725149999999957
20
-92.8459079999999943
11
54.4421169999999961
21
-92.9330369999999988
0
LINE
8
BLACK
6
CONTINUOUS
10
54.4421169999999961
20
-92.9330369999999988
11
54.2972279999999969
21
-92.9930519999999916
0
LINE
8
BLACK
6
CONTINUOUS
10
54.2972279999999969
20
-92.9930519999999916
11
54.1434139999999999
21
-93.0236479999999943
0
LINE
8
BLACK
6
CONTINUOUS
10
54.1434139999999999
20
-93.0236479999999943
11
54.0649999999999977
21
-93.0274999999999892
0
LINE
8
BLACK
6
CONTINUOUS
10
54.0649999999999977
20
-93.0274999999999892
11
53.2650000000000006
21
-93.0274999999999892
0
LINE
8
BLACK
6
CONTINUOUS
10
53.2650000000000006
20
-93.0274999999999892
11
53.1865859999999984
21
-93.0236479999999943
0
LINE
8
BLACK
6
CONTINUOUS
10
53.1865859999999984
20
-93.0236479999999943
11
53.0327719999999943
21
-92.9930519999999916
0
LINE
8
BLACK
6
CONTINUOUS
10
53.0327719999999943
20
-92.9930519999999916
11
52.8878829999999951
21
-92.9330369999999988
0
LINE
8
BLACK
6
CONTINUOUS
10
52.8878829999999951
20
-92.9330369999999988
11
52.7574849999999955
21
-92.8459079999999943
0
LINE
8
BLACK
6
CONTINUOUS
10
52.7574849999999955
20
-92.8459079999999943
11
52.6465919999999983
21
-92.73501499999999
0
LINE
8
BLACK
6
CONTINUOUS
10
52.6465919999999983
20
-92.73501499999999
11
52.5594630000000009
21
-92.6046169999999904
0
LINE
8
BLACK
6
CONTINUOUS
10
52.5594630000000009
20
-92.6046169999999904
11
52.499448000000001
21
-92.4597279999999984
0
LINE
8
BLACK
6
CONTINUOUS
10
52.499448000000001
20
-92.4597279999999984
11
52.4688519999999983
21
-92.3059140000000014
0
LINE
8
BLACK
6
CONTINUOUS
10
52.4688519999999983
20
-92.3059140000000014
11
52.4688519999999983
21
-92.1490859999999969
0
LINE
8
BLACK
6
CONTINUOUS
10
52.4688519999999983
20
-92.1490859999999969
11
52.499448000000001
21
-91.9952719999999999
0
LINE
8
BLACK
6
CONTINUOUS
10
52.499448000000001
20
-91.9952719999999999
11
52.5594630000000009
21
-91.8503829999999937
0
LINE
8
BLACK
6
CONTINUOUS
10
52.5594630000000009
20
-91.8503829999999937
11
52.6465919999999983
21
-91.7199849999999941
0
LINE
8
BLACK
6
CONTINUOUS
10
52.6465919999999983
20
-91.7199849999999941
11
52.7574849999999955
21
-91.6090919999999898
0
LINE
8
BLACK
6
CONTINUOUS
10
52.7574849999999955
20
-91.6090919999999898
11
52.8878829999999951
21
-91.5219629999999995
0
LINE
8
BLACK
6
CONTINUOUS
10
52.8878829999999951
20
-91.5219629999999995
11
53.0327719999999943
21
-91.4619479999999925
0
LINE
8
BLACK
6
CONTINUOUS
10
53.0327719999999943
20
-91.4619479999999925
11
53.1865859999999984
21
-91.4313519999999897
0
LINE
8
BLACK
6
CONTINUOUS
10
53.1865859999999984
20
-91.4313519999999897
11
53.2650000000000006
21
-91.4274999999999949
0
LINE
8
BLACK
6
CONTINUOUS
10
53.2650000000000006
20
-91.4274999999999949
11
54.0649999999999977
21
-91.4274999999999949
0
LINE
8
BLACK
6
CONTINUOUS
10
54.0649999999999977
20
-91.4274999999999949
11
54.1434139999999999
21
-91.4313519999999897
0
LINE
8
BLACK
6
CONTINUOUS
10
54.1434139999999999
20
-91.4313519999999897
11
54.2972279999999969
21
-91.4619479999999925
0
LINE
8
BLACK
6
CONTINUOUS
10
54.2972279999999969
20
-91.4619479999999925
11
54.4421169999999961
21
-91.5219629999999995
0
LINE
8
BLACK
6
CONTINUOUS
10
54.4421169999999961
20
-91.5219629999999995
11
54.5725149999999957
21
-91.6090919999999898
0
LINE
8
BLACK
6
CONTINUOUS
10
54.5725149999999957
20
-91.6090919999999898
11
54.683408
21
-91.7199849999999941
0
LINE
8
BLACK
6
CONTINUOUS
10
54.683408
20
-91.7199849999999941
11
54.6884289999999993
21
-91.727499999999992
0
LINE
8
BLACK
6
CONTINUOUS
10
54.6884289999999993
20
-91.727499999999992
11
55.6666999999999987
21
-91.727499999999992
0
LINE
8
BLACK
6
CONTINUOUS
10
55.6666999999999987
20
-91.727499999999992
11
55.6666999999999987
21
-91.1454059999999942
0
LINE
8
BLACK
6
CONTINUOUS
10
55.6666999999999987
20
-91.1454059999999942
11
54.7087939999999975
21
-90.1875
0
LINE
8
BLACK
6
CONTINUOUS
10
54.7087939999999975
20
-90.1875
11
54.6884289999999993
21
-90.1875
0
LINE
8
BLACK
6
CONTINUOUS
10
54.6884289999999993
20
-90.1875
11
54.683408
21
-90.1950149999999979
0
LINE
8
BLACK
6
CONTINUOUS
10
54.683408
20
-90.1950149999999979
11
54.5725149999999957
21
-90.3059080000000023
0
LINE
8
BLACK
6
CONTINUOUS
10
54.5725149999999957
20
-90.3059080000000023
11
54.4421169999999961
21
-90.3930369999999925
0
LINE
8
BLACK
6
CONTINUOUS
10
54.4421169999999961
20
-90.3930369999999925
11
54.2972279999999969
21
-90.4530519999999996
0
LINE
8
BLACK
6
CONTINUOUS
10
54.2972279999999969
20
-90.4530519999999996
11
54.1434139999999999
21
-90.4836480000000023
0
LINE
8
BLACK
6
CONTINUOUS
10
54.1434139999999999
20
-90.4836480000000023
11
54.0649999999999977
21
-90.4874999999999972
0
LINE
8
BLACK
6
CONTINUOUS
10
54.0649999999999977
20
-90.4874999999999972
11
53.2650000000000006
21
-90.4874999999999972
0
LINE
8
BLACK
6
CONTINUOUS
10
53.2650000000000006
20
-90.4874999999999972
11
53.1865859999999984
21
-90.4836480000000023
0
LINE
8
BLACK
6
CONTINUOUS
10
53.1865859999999984
20
-90.4836480000000023
11
53.0327719999999943
21
-90.4530519999999996
0
LINE
8
BLACK
6
CONTINUOUS
10
53.0327719999999943
20
-90.4530519999999996
11
52.8878829999999951
21
-90.3930369999999925
0
LINE
8
BLACK
6
CONTINUOUS
10
52.8878829999999951
20
-90.3930369999999925
11
52.7574849999999955
21
-90.3059080000000023
0
LINE
8
BLACK
6
CONTINUOUS
10
52.7574849999999955
20
-90.3059080000000023
11
52.6465919999999983
21
-90.1950149999999979
0
LINE
8
BLACK
6
CONTINUOUS
10
52.6465919999999983
20
-90.1950149999999979
11
52.5594630000000009
21
-90.0646169999999984
0
LINE
8
BLACK
6
CONTINUOUS
10
52.5594630000000009
20
-90.0646169999999984
11
52.499448000000001
21
-89.9197279999999921
0
LINE
8
BLACK
6
CONTINUOUS
10
52.499448000000001
20
-89.9197279999999921
11
52.4688519999999983
21
-89.7659139999999951
0
LINE
8
BLACK
6
CONTINUOUS
10
52.4688519999999983
20
-89.7659139999999951
11
52.4688519999999983
21
-89.6090859999999907
0
LINE
8
BLACK
6
CONTINUOUS
10
52.4688519999999983
20
-89.6090859999999907
11
52.499448000000001
21
-89.4552719999999937
0
LINE
8
BLACK
6
CONTINUOUS
10
52.499448000000001
20
-89.4552719999999937
11
52.5594630000000009
21
-89.3103830000000016
0
LINE
8
BLACK
6
CONTINUOUS
10
52.5594630000000009
20
-89.3103830000000016
11
52.6465919999999983
21
-89.1799850000000021
0
LINE
8
BLACK
6
CONTINUOUS
10
52.6465919999999983
20
-89.1799850000000021
11
52.7574849999999955
21
-89.0690919999999977
0
LINE
8
BLACK
6
CONTINUOUS
10
52.7574849999999955
20
-89.0690919999999977
11
52.8878829999999951
21
-88.9819629999999933
0
LINE
8
BLACK
6
CONTINUOUS
10
52.8878829999999951
20
-88.9819629999999933
11
53.0327719999999943
21
-88.9219480000000004
0
LINE
8
BLACK
6
CONTINUOUS
10
53.0327719999999943
20
-88.9219480000000004
11
53.1865859999999984
21
-88.8913519999999977
0
LINE
8
BLACK
6
CONTINUOUS
10
53.1865859999999984
20
-88.8913519999999977
11
53.2650000000000006
21
-88.8875000000000028
0
LINE
8
BLACK
6
CONTINUOUS
10
53.2650000000000006
20
-88.8875000000000028
11
54.0649999999999977
21
-88.8875000000000028
0
LINE
8
BLACK
6
CONTINUOUS
10
54.0649999999999977
20
-88.8875000000000028
11
54.1434139999999999
21
-88.8913519999999977
0
LINE
8
BLACK
6
CONTINUOUS
10
54.1434139999999999
20
-88.8913519999999977
11
54.2972279999999969
21
-88.9219480000000004
0
LINE
8
BLACK
6
CONTINUOUS
10
54.2972279999999969
20
-88.9219480000000004
11
54.4421169999999961
21
-88.9819629999999933
0
LINE
8
BLACK
6
CONTINUOUS
10
54.4421169999999961
20
-88.9819629999999933
11
54.5725149999999957
21
-89.0690919999999977
0
LINE
8
BLACK
6
CONTINUOUS
10
54.5725149999999957
20
-89.0690919999999977
11
54.683408
21
-89.1799850000000021
0
LINE
8
BLACK
6
CONTINUOUS
10
54.683408
20
-89.1799850000000021
11
54.6884289999999993
21
-89.1875
0
LINE
8
BLACK
6
CONTINUOUS
10
54.6884289999999993
20
-89.1875
11
55.9595939999999956
21
-89.1875
0
LINE
8
BLACK
6
CONTINUOUS
10
55.9595939999999956
20
-89.1875
11
57.9618469999999988
21
-87.1852459999999923
0
LINE
8
BLACK
6
CONTINUOUS
10
57.9618469999999988
20
-87.1852459999999923
11
58.0110109999999963
21
-87.1421299999999945
0
LINE
8
BLACK
6
CONTINUOUS
10
58.0110109999999963
20
-87.1421299999999945
11
58.0110189999999974
21
-87.142122999999998
0
LINE
8
BLACK
6
CONTINUOUS
10
58.0110189999999974
20
-87.142122999999998
11
58.124057999999998
21
-87.0768599999999964
0
LINE
8
BLACK
6
CONTINUOUS
10
58.124057999999998
20
-87.0768599999999964
11
58.1530719999999945
21
-87.0690859999999986
0
LINE
8
BLACK
6
CONTINUOUS
10
58.1530719999999945
20
-87.0690859999999986
11
58.2501369999999952
21
-87.0430769999999967
0
LINE
8
BLACK
6
CONTINUOUS
10
58.2501369999999952
20
-87.0430769999999967
11
58.2501519999999999
21
-87.0430769999999967
0
LINE
8
BLACK
6
CONTINUOUS
10
58.2501519999999999
20
-87.0430769999999967
11
58.3153999999999968
21
-87.0387999999999948
0
LINE
8
BLACK
6
CONTINUOUS
10
58.3153999999999968
20
-87.0387999999999948
11
64.2109999999999985
21
-87.0387999999999948
0
LINE
8
BLACK
6
CONTINUOUS
10
64.2109999999999985
20
-87.0387999999999948
11
64.2762479999999954
21
-87.0430769999999967
0
LINE
8
BLACK
6
CONTINUOUS
10
80.3366279999999904
20
-88.9219480000000004
11
80.4815169999999966
21
-88.9819629999999933
0
LINE
8
BLACK
6
CONTINUOUS
10
80.4815169999999966
20
-88.9819629999999933
11
80.6119149999999962
21
-89.0690919999999977
0
LINE
8
BLACK
6
CONTINUOUS
10
80.6119149999999962
20
-89.0690919999999977
11
80.7228080000000006
21
-89.1799850000000021
0
LINE
8
BLACK
6
CONTINUOUS
10
80.7228080000000006
20
-89.1799850000000021
11
80.8099369999999908
21
-89.3103830000000016
0
LINE
8
BLACK
6
CONTINUOUS
10
80.8099369999999908
20
-89.3103830000000016
11
80.8699519999999978
21
-89.4552719999999937
0
LINE
8
BLACK
6
CONTINUOUS
10
80.8699519999999978
20
-89.4552719999999937
11
80.9005480000000006
21
-89.6090859999999907
0
LINE
8
BLACK
6
CONTINUOUS
10
80.9005480000000006
20
-89.6090859999999907
11
80.9005480000000006
21
-89.7659139999999951
0
LINE
8
BLACK
6
CONTINUOUS
10
80.9005480000000006
20
-89.7659139999999951
11
80.898783999999992
21
-89.7747779999999977
0
LINE
8
BLACK
6
CONTINUOUS
10
80.898783999999992
20
-89.7747779999999977
11
82.4132069999999999
21
-91.2891999999999939
0
LINE
8
BLACK
6
CONTINUOUS
10
82.4132069999999999
20
-91.2891999999999939
11
91.3955940000000027
21
-91.2891999999999939
0
LINE
8
BLACK
6
CONTINUOUS
10
91.3955940000000027
20
-91.2891999999999939
11
92.9100150000000014
21
-89.7747779999999977
0
LINE
8
BLACK
6
CONTINUOUS
10
92.9100150000000014
20
-89.7747779999999977
11
92.9082519999999903
21
-89.7659139999999951
0
LINE
8
BLACK
6
CONTINUOUS
10
92.9082519999999903
20
-89.7659139999999951
11
92.9082519999999903
21
-89.6090859999999907
0
LINE
8
BLACK
6
CONTINUOUS
10
92.9082519999999903
20
-89.6090859999999907
11
92.938847999999993
21
-89.4552719999999937
0
LINE
8
BLACK
6
CONTINUOUS
10
92.938847999999993
20
-89.4552719999999937
11
92.9988630000000001
21
-89.3103830000000016
0
LINE
8
BLACK
6
CONTINUOUS
10
92.9988630000000001
20
-89.3103830000000016
11
93.0859919999999903
21
-89.1799850000000021
0
LINE
8
BLACK
6
CONTINUOUS
10
93.0859919999999903
20
-89.1799850000000021
11
93.1968849999999946
21
-89.0690919999999977
0
LINE
8
BLACK
6
CONTINUOUS
10
93.1968849999999946
20
-89.0690919999999977
11
93.3272829999999942
21
-88.9819629999999933
0
LINE
8
BLACK
6
CONTINUOUS
10
93.3272829999999942
20
-88.9819629999999933
11
93.4721720000000005
21
-88.9219480000000004
0
LINE
8
BLACK
6
CONTINUOUS
10
93.4721720000000005
20
-88.9219480000000004
11
93.6259859999999975
21
-88.8913519999999977
0
LINE
8
BLACK
6
CONTINUOUS
10
93.6259859999999975
20
-88.8913519999999977
11
93.7828140000000019
21
-88.8913519999999977
0
LINE
8
BLACK
6
CONTINUOUS
10
93.7828140000000019
20
-88.8913519999999977
11
93.9366279999999989
21
-88.9219480000000004
0
LINE
8
BLACK
6
CONTINUOUS
10
93.9366279999999989
20
-88.9219480000000004
11
94.081516999999991
21
-88.9819629999999933
0
LINE
8
BLACK
6
CONTINUOUS
10
94.081516999999991
20
-88.9819629999999933
11
94.2119149999999905
21
-89.0690919999999977
0
LINE
8
BLACK
6
CONTINUOUS
10
94.2119149999999905
20
-89.0690919999999977
11
94.3228079999999949
21
-89.1799850000000021
0
LINE
8
BLACK
6
CONTINUOUS
10
94.3228079999999949
20
-89.1799850000000021
11
94.4099369999999993
21
-89.3103830000000016
0
LINE
8
BLACK
6
CONTINUOUS
10
94.4099369999999993
20
-89.3103830000000016
11
94.4699519999999922
21
-89.4552719999999937
0
LINE
8
BLACK
6
CONTINUOUS
10
94.4699519999999922
20
-89.4552719999999937
11
94.5005479999999949
21
-89.6090859999999907
0
LINE
8
BLACK
6
CONTINUOUS
10
94.5005479999999949
20
-89.6090859999999907
11
94.5005479999999949
21
-89.7659139999999951
0
LINE
8
BLACK
6
CONTINUOUS
10
94.5005479999999949
20
-89.7659139999999951
11
94.4699519999999922
21
-89.9197279999999921
0
LINE
8
BLACK
6
CONTINUOUS
10
94.4699519999999922
20
-89.9197279999999921
11
94.4099369999999993
21
-90.0646169999999984
0
LINE
8
BLACK
6
CONTINUOUS
10
94.4099369999999993
20
-90.0646169999999984
11
94.3228079999999949
21
-90.1950149999999979
0
LINE
8
BLACK
6
CONTINUOUS
10
94.3228079999999949
20
-90.1950149999999979
11
94.2119149999999905
21
-90.3059080000000023
0
LINE
8
BLACK
6
CONTINUOUS
10
94.2119149999999905
20
-90.3059080000000023
11
94.081516999999991
21
-90.3930369999999925
0
LINE
8
BLACK
6
CONTINUOUS
10
94.081516999999991
20
-90.3930369999999925
11
93.9366279999999989
21
-90.4530519999999996
0
LINE
8
BLACK
6
CONTINUOUS
10
93.9366279999999989
20
-90.4530519999999996
11
93.7828140000000019
21
-90.4836480000000023
0
LINE
8
BLACK
6
CONTINUOUS
10
93.7828140000000019
20
-90.4836480000000023
11
93.6259859999999975
21
-90.4836480000000023
0
LINE
8
BLACK
6
CONTINUOUS
10
93.6259859999999975
20
-90.4836480000000023
11
93.6171209999999974
21
-90.4818839999999938
0
LINE
8
BLACK
6
CONTINUOUS
10
93.6171209999999974
20
-90.4818839999999938
11
91.9562529999999896
21
-92.142752999999999
0
LINE
8
BLACK
6
CONTINUOUS
10
91.9562529999999896
20
-92.142752999999999
11
91.9070959999999957
21
-92.1858610000000027
0
LINE
8
BLACK
6
CONTINUOUS
10
91.9070959999999957
20
-92.1858610000000027
11
91.9070809999999909
21
-92.1858769999999907
0
LINE
8
BLACK
6
CONTINUOUS
10
91.9070809999999909
20
-92.1858769999999907
11
91.7940419999999904
21
-92.2511399999999924
0
LINE
8
BLACK
6
CONTINUOUS
10
91.7940419999999904
20
-92.2511399999999924
11
91.6679630000000003
21
-92.284922999999992
0
LINE
8
BLACK
6
CONTINUOUS
10
91.6679630000000003
20
-92.284922999999992
11
91.6679479999999955
21
-92.284922999999992
0
LINE
8
BLACK
6
CONTINUOUS
10
91.6679479999999955
20
-92.284922999999992
11
91.6026999999999987
21
-92.2891999999999939
0
LINE
8
BLACK
6
CONTINUOUS
10
91.6026999999999987
20
-92.2891999999999939
11
82.2060999999999922
21
-92.2891999999999939
0
LINE
8
BLACK
6
CONTINUOUS
10
82.2060999999999922
20
-92.2891999999999939
11
82.1408519999999953
21
-92.284922999999992
0
LINE
8
BLACK
6
CONTINUOUS
10
82.1408519999999953
20
-92.284922999999992
11
82.1408369999999906
21
-92.284922999999992
0
LINE
8
BLACK
6
CONTINUOUS
10
82.1408369999999906
20
-92.284922999999992
11
82.0414009999999934
21
-92.2582790000000017
0
LINE
8
BLACK
6
CONTINUOUS
10
82.0414009999999934
20
-92.2582790000000017
11
82.0147580000000005
21
-92.2511399999999924
0
LINE
8
BLACK
6
CONTINUOUS
10
82.0147580000000005
20
-92.2511399999999924
11
81.9017189999999999
21
-92.1858769999999907
0
LINE
8
BLACK
6
CONTINUOUS
10
81.9017189999999999
20
-92.1858769999999907
11
81.9017109999999917
21
-92.1858689999999967
0
LINE
8
BLACK
6
CONTINUOUS
10
81.9017109999999917
20
-92.1858689999999967
11
81.8525470000000013
21
-92.1427539999999965
0
LINE
8
BLACK
6
CONTINUOUS
10
81.8525470000000013
20
-92.1427539999999965
11
80.191677999999996
21
-90.4818839999999938
0
LINE
8
BLACK
6
CONTINUOUS
10
80.191677999999996
20
-90.4818839999999938
11
80.1828139999999934
21
-90.4836480000000023
0
LINE
8
BLACK
6
CONTINUOUS
10
80.1828139999999934
20
-90.4836480000000023
11
80.0259860000000032
21
-90.4836480000000023
0
LINE
8
BLACK
6
CONTINUOUS
10
80.0259860000000032
20
-90.4836480000000023
11
79.872171999999992
21
-90.4530519999999996
0
LINE
8
BLACK
6
CONTINUOUS
10
79.872171999999992
20
-90.4530519999999996
11
79.7272829999999999
21
-90.3930369999999925
0
LINE
8
BLACK
6
CONTINUOUS
10
79.7272829999999999
20
-90.3930369999999925
11
79.5968850000000003
21
-90.3059080000000023
0
LINE
8
BLACK
6
CONTINUOUS
10
79.5968850000000003
20
-90.3059080000000023
11
79.485991999999996
21
-90.1950149999999979
0
LINE
8
BLACK
6
CONTINUOUS
10
79.485991999999996
20
-90.1950149999999979
11
79.3988629999999915
21
-90.0646169999999984
0
LINE
8
BLACK
6
CONTINUOUS
10
79.3988629999999915
20
-90.0646169999999984
11
79.3388479999999987
21
-89.9197279999999921
0
LINE
8
BLACK
6
CONTINUOUS
10
79.3388479999999987
20
-89.9197279999999921
11
79.308251999999996
21
-89.7659139999999951
0
LINE
8
BLACK
6
CONTINUOUS
10
79.308251999999996
20
-89.7659139999999951
11
79.308251999999996
21
-89.6090859999999907
0
LINE
8
BLACK
6
CONTINUOUS
10
79.308251999999996
20
-89.6090859999999907
11
79.3388479999999987
21
-89.4552719999999937
0
LINE
8
BLACK
6
CONTINUOUS
10
79.3388479999999987
20
-89.4552719999999937
11
79.3988629999999915
21
-89.3103830000000016
0
LINE
8
BLACK
6
CONTINUOUS
10
79.3988629999999915
20
-89.3103830000000016
11
79.485991999999996
21
-89.1799850000000021
0
LINE
8
BLACK
6
CONTINUOUS
10
79.485991999999996
20
-89.1799850000000021
11
79.5968850000000003
21
-89.0690919999999977
0
LINE
8
BLACK
6
CONTINUOUS
10
79.5968850000000003
20
-89.0690919999999977
11
79.7272829999999999
21
-88.9819629999999933
0
LINE
8
BLACK
6
CONTINUOUS
10
79.7272829999999999
20
-88.9819629999999933
11
79.872171999999992
21
-88.9219480000000004
0
LINE
8
BLACK
6
CONTINUOUS
10
79.872171999999992
20
-88.9219480000000004
11
80.0259860000000032
21
-88.8913519999999977
0
LINE
8
BLACK
6
CONTINUOUS
10
80.0259860000000032
20
-88.8913519999999977
11
80.1828139999999934
21
-88.8913519999999977
0
LINE
8
BLACK
6
CONTINUOUS
10
80.1828139999999934
20
-88.8913519999999977
11
80.3366279999999904
21
-88.9219480000000004
0
LINE
8
BLACK
6
CONTINUOUS
10
51.6856099999999969
20
-82.5376859999999937
11
51.7415430000000001
21
-82.5795579999999916
0
LINE
8
BLACK
6
CONTINUOUS
10
51.7415430000000001
20
-82.5795579999999916
11
51.7602070000000012
21
-82.6155490000000015
0
LINE
8
BLACK
6
CONTINUOUS
10
51.7602070000000012
20
-82.6155490000000015
11
51.7817599999999985
21
-82.6818829999999991
0
LINE
8
BLACK
6
CONTINUOUS
10
51.7817599999999985
20
-82.6818829999999991
11
51.8961319999999944
21
-82.9063479999999942
0
LINE
8
BLACK
6
CONTINUOUS
10
51.8961319999999944
20
-82.9063479999999942
11
52.044201000000001
21
-83.1101489999999927
0
LINE
8
BLACK
6
CONTINUOUS
10
52.044201000000001
20
-83.1101489999999927
11
52.0442049999999981
21
-83.1101539999999943
0
LINE
8
BLACK
6
CONTINUOUS
10
52.0442049999999981
20
-83.1101539999999943
11
52.1838699999999989
21
-83.2498190000000022
0
LINE
8
BLACK
6
CONTINUOUS
10
52.1838699999999989
20
-83.2498190000000022
11
52.2173549999999977
21
-83.3111419999999896
0
LINE
8
BLACK
6
CONTINUOUS
10
52.2173549999999977
20
-83.3111419999999896
11
52.2123709999999974
21
-83.380833999999993
0
LINE
8
BLACK
6
CONTINUOUS
10
52.2123709999999974
20
-83.380833999999993
11
52.1838699999999989
21
-83.4251809999999949
0
LINE
8
BLACK
6
CONTINUOUS
10
52.1838699999999989
20
-83.4251809999999949
11
52.0442049999999981
21
-83.5648449999999912
0
LINE
8
BLACK
6
CONTINUOUS
10
52.0442049999999981
20
-83.5648449999999912
11
52.044201000000001
21
-83.5648499999999927
0
LINE
8
BLACK
6
CONTINUOUS
10
52.044201000000001
20
-83.5648499999999927
11
51.8961319999999944
21
-83.7686509999999913
0
LINE
8
BLACK
6
CONTINUOUS
10
51.8961319999999944
20
-83.7686509999999913
11
51.7817599999999985
21
-83.9931160000000006
0
LINE
8
BLACK
6
CONTINUOUS
10
51.7817599999999985
20
-83.9931160000000006
11
51.7039100000000005
21
-84.2327140000000014
0
LINE
8
BLACK
6
CONTINUOUS
10
51.7039100000000005
20
-84.2327140000000014
11
51.6644999999999968
21
-84.4815380000000005
0
LINE
8
BLACK
6
CONTINUOUS
10
51.6644999999999968
20
-84.4815380000000005
11
51.6644999999999968
21
-84.7334609999999913
0
LINE
8
BLACK
6
CONTINUOUS
10
51.6644999999999968
20
-84.7334609999999913
11
51.7039100000000005
21
-84.9822849999999903
0
LINE
8
BLACK
6
CONTINUOUS
10
51.7039100000000005
20
-84.9822849999999903
11
51.7817599999999985
21
-85.2218829999999912
0
LINE
8
BLACK
6
CONTINUOUS
10
51.7817599999999985
20
-85.2218829999999912
11
51.8961319999999944
21
-85.4463480000000004
0
LINE
8
BLACK
6
CONTINUOUS
10
51.8961319999999944
20
-85.4463480000000004
11
52.044201000000001
21
-85.650148999999999
0
LINE
8
BLACK
6
CONTINUOUS
10
52.044201000000001
20
-85.650148999999999
11
52.0442049999999981
21
-85.6501540000000006
0
LINE
8
BLACK
6
CONTINUOUS
10
52.0442049999999981
20
-85.6501540000000006
11
52.1838699999999989
21
-85.7898189999999943
0
LINE
8
BLACK
6
CONTINUOUS
10
52.1838699999999989
20
-85.7898189999999943
11
52.2173549999999977
21
-85.8511419999999958
0
LINE
8
BLACK
6
CONTINUOUS
10
52.2173549999999977
20
-85.8511419999999958
11
52.2123709999999974
21
-85.9208339999999993
0
LINE
8
BLACK
6
CONTINUOUS
10
52.2123709999999974
20
-85.9208339999999993
11
52.1838699999999989
21
-85.9651810000000012
0
LINE
8
BLACK
6
CONTINUOUS
10
52.1838699999999989
20
-85.9651810000000012
11
52.0442049999999981
21
-86.1048449999999974
0
LINE
8
BLACK
6
CONTINUOUS
10
52.0442049999999981
20
-86.1048449999999974
11
52.044201000000001
21
-86.104849999999999
0
LINE
8
BLACK
6
CONTINUOUS
10
52.044201000000001
20
-86.104849999999999
11
51.8961319999999944
21
-86.3086509999999976
0
LINE
8
BLACK
6
CONTINUOUS
10
51.8961319999999944
20
-86.3086509999999976
11
51.7817599999999985
21
-86.5331159999999926
0
LINE
8
BLACK
6
CONTINUOUS
10
51.7817599999999985
20
-86.5331159999999926
11
51.7039100000000005
21
-86.7727139999999935
0
LINE
8
BLACK
6
CONTINUOUS
10
51.7039100000000005
20
-86.7727139999999935
11
51.6644999999999968
21
-87.0215379999999925
0
LINE
8
BLACK
6
CONTINUOUS
10
51.6644999999999968
20
-87.0215379999999925
11
51.6644999999999968
21
-87.2734609999999975
0
LINE
8
BLACK
6
CONTINUOUS
10
51.6644999999999968
20
-87.2734609999999975
11
51.7039100000000005
21
-87.5222849999999966
0
LINE
8
BLACK
6
CONTINUOUS
10
51.7039100000000005
20
-87.5222849999999966
11
51.7817599999999985
21
-87.7618829999999974
0
LINE
8
BLACK
6
CONTINUOUS
10
51.7817599999999985
20
-87.7618829999999974
11
51.825800000000001
21
-87.8483149999999995
0
LINE
8
BLACK
6
CONTINUOUS
10
51.825800000000001
20
-87.8483149999999995
11
51.8937290000000004
21
-87.9816330000000022
0
LINE
8
BLACK
6
CONTINUOUS
10
51.8937290000000004
20
-87.9816330000000022
11
51.8961319999999944
21
-87.9863479999999925
0
LINE
8
BLACK
6
CONTINUOUS
10
51.8961319999999944
20
-87.9863479999999925
11
52.044201000000001
21
-88.190148999999991
0
LINE
8
BLACK
6
CONTINUOUS
10
52.044201000000001
20
-88.190148999999991
11
52.0442049999999981
21
-88.1901539999999926
0
LINE
8
BLACK
6
CONTINUOUS
10
52.0442049999999981
20
-88.1901539999999926
11
52.1838699999999989
21
-88.3298190000000005
0
LINE
8
BLACK
6
CONTINUOUS
10
52.1838699999999989
20
-88.3298190000000005
11
52.2173549999999977
21
-88.3911420000000021
0
LINE
8
BLACK
6
CONTINUOUS
10
52.2173549999999977
20
-88.3911420000000021
11
52.2123709999999974
21
-88.4608339999999913
0
LINE
8
BLACK
6
CONTINUOUS
10
52.2123709999999974
20
-88.4608339999999913
11
52.1838699999999989
21
-88.5051809999999932
0
LINE
8
BLACK
6
CONTINUOUS
10
52.1838699999999989
20
-88.5051809999999932
11
52.0442049999999981
21
-88.6448449999999895
0
LINE
8
BLACK
6
CONTINUOUS
10
52.0442049999999981
20
-88.6448449999999895
11
52.044201000000001
21
-88.644849999999991
0
LINE
8
BLACK
6
CONTINUOUS
10
52.044201000000001
20
-88.644849999999991
11
51.8961319999999944
21
-88.8486509999999896
0
LINE
8
BLACK
6
CONTINUOUS
10
51.8961319999999944
20
-88.8486509999999896
11
51.7817599999999985
21
-89.0731159999999988
0
LINE
8
BLACK
6
CONTINUOUS
10
51.7817599999999985
20
-89.0731159999999988
11
51.7039100000000005
21
-89.3127139999999997
0
LINE
8
BLACK
6
CONTINUOUS
10
51.7039100000000005
20
-89.3127139999999997
11
51.6812009999999944
21
-89.456089999999989
0
LINE
8
BLACK
6
CONTINUOUS
10
51.6812009999999944
20
-89.456089999999989
11
51.6644999999999968
21
-89.5615379999999988
0
LINE
8
BLACK
6
CONTINUOUS
10
51.6644999999999968
20
-89.5615379999999988
11
51.6644999999999968
21
-89.8134620000000012
0
LINE
8
BLACK
6
CONTINUOUS
10
51.6644999999999968
20
-89.8134620000000012
11
51.6812009999999944
21
-89.9189069999999901
0
LINE
8
BLACK
6
CONTINUOUS
10
51.6812009999999944
20
-89.9189069999999901
11
51.7039100000000005
21
-90.0622850000000028
0
LINE
8
BLACK
6
CONTINUOUS
10
51.7039100000000005
20
-90.0622850000000028
11
51.7817599999999985
21
-90.3018829999999895
0
LINE
8
BLACK
6
CONTINUOUS
10
51.7817599999999985
20
-90.3018829999999895
11
51.8961319999999944
21
-90.5263479999999987
0
LINE
8
BLACK
6
CONTINUOUS
10
51.8961319999999944
20
-90.5263479999999987
11
52.044201000000001
21
-90.7301489999999973
0
LINE
8
BLACK
6
CONTINUOUS
10
52.044201000000001
20
-90.7301489999999973
11
52.0442049999999981
21
-90.7301539999999989
0
LINE
8
BLACK
6
CONTINUOUS
10
52.0442049999999981
20
-90.7301539999999989
11
52.1838699999999989
21
-90.8698189999999926
0
LINE
8
BLACK
6
CONTINUOUS
10
52.1838699999999989
20
-90.8698189999999926
11
52.2173549999999977
21
-90.9311419999999941
0
LINE
8
BLACK
6
CONTINUOUS
10
52.2173549999999977
20
-90.9311419999999941
11
52.2123709999999974
21
-91.0008339999999976
0
LINE
8
BLACK
6
CONTINUOUS
10
52.2123709999999974
20
-91.0008339999999976
11
52.1838699999999989
21
-91.0451809999999995
0
LINE
8
BLACK
6
CONTINUOUS
10
52.1838699999999989
20
-91.0451809999999995
11
52.0442049999999981
21
-91.1848449999999957
0
LINE
8
BLACK
6
CONTINUOUS
10
52.0442049999999981
20
-91.1848449999999957
11
52.044201000000001
21
-91.1848499999999973
0
LINE
8
BLACK
6
CONTINUOUS
10
52.044201000000001
20
-91.1848499999999973
11
51.8961319999999944
21
-91.3886509999999959
0
LINE
8
BLACK
6
CONTINUOUS
10
51.8961319999999944
20
-91.3886509999999959
11
51.7817569999999989
21
-91.61312199999999
0
LINE
8
BLACK
6
CONTINUOUS
10
51.7817569999999989
20
-91.61312199999999
11
51.7817569999999989
21
-91.6131239999999991
0
LINE
8
BLACK
6
CONTINUOUS
10
51.7817569999999989
20
-91.6131239999999991
11
51.7794789999999949
21
-91.6201339999999931
0
LINE
8
BLACK
6
CONTINUOUS
10
51.7794789999999949
20
-91.6201339999999931
11
51.7400359999999964
21
-91.6778059999999897
0
LINE
8
BLACK
6
CONTINUOUS
10
51.7400359999999964
20
-91.6778059999999897
11
51.6756749999999982
21
-91.7049979999999891
0
LINE
8
BLACK
6
CONTINUOUS
10
51.6756749999999982
20
-91.7049979999999891
11
51.6068299999999951
21
-91.6930770000000024
0
LINE
8
BLACK
6
CONTINUOUS
10
51.6068299999999951
20
-91.6930770000000024
11
51.5738709999999969
21
-91.669485999999992
0
LINE
8
BLACK
6
CONTINUOUS
10
51.5738709999999969
20
-91.669485999999992
11
49.8835189999999997
21
-89.9791340000000019
0
LINE
8
BLACK
6
CONTINUOUS
10
49.8835189999999997
20
-89.9791340000000019
11
49.8500340000000008
21
-89.9178110000000004
0
LINE
8
BLACK
6
CONTINUOUS
10
49.8500340000000008
20
-89.9178110000000004
11
49.8472000000000008
21
-89.8914529999999985
0
LINE
8
BLACK
6
CONTINUOUS
10
49.8472000000000008
20
-89.8914529999999985
11
49.8472000000000008
21
-84.3249449999999996
0
LINE
8
BLACK
6
CONTINUOUS
10
49.8472000000000008
20
-84.3249449999999996
11
49.8668849999999964
21
-84.2579059999999913
0
LINE
8
BLACK
6
CONTINUOUS
10
49.8668849999999964
20
-84.2579059999999913
11
49.8835139999999981
21
-84.2372689999999977
0
LINE
8
BLACK
6
CONTINUOUS
10
49.8835139999999981
20
-84.2372689999999977
11
51.5545970000000011
21
-82.5661849999999902
0
LINE
8
BLACK
6
CONTINUOUS
10
51.5545970000000011
20
-82.5661849999999902
11
51.6159180000000006
21
-82.5327020000000005
0
LINE
8
BLACK
6
CONTINUOUS
10
51.6159180000000006
20
-82.5327020000000005
11
51.6856099999999969
21
-82.5376859999999937
0
LINE
8
BLACK
6
CONTINUOUS
10
86.0571920000000006
20
-88.8834849999999932
11
86.0778339999999957
21
-88.9001189999999895
0
LINE
8
BLACK
6
CONTINUOUS
10
86.0778339999999957
20
-88.9001189999999895
11
87.0966229999999939
21
-89.9189080000000018
0
LINE
8
BLACK
6
CONTINUOUS
10
87.0966229999999939
20
-89.9189080000000018
11
87.1301079999999928
21
-89.9802309999999892
0
LINE
8
BLACK
6
CONTINUOUS
10
87.1301079999999928
20
-89.9802309999999892
11
87.1314149999999898
21
-89.9871890000000008
0
LINE
8
BLACK
6
CONTINUOUS
10
87.1314149999999898
20
-89.9871890000000008
11
87.1433090000000021
21
-90.0622829999999936
0
LINE
8
BLACK
6
CONTINUOUS
10
87.1433090000000021
20
-90.0622829999999936
11
87.1433099999999996
21
-90.0622850000000028
0
LINE
8
BLACK
6
CONTINUOUS
10
87.1433099999999996
20
-90.0622850000000028
11
87.2197230000000019
21
-90.2974600000000009
0
LINE
8
BLACK
6
CONTINUOUS
10
87.2197230000000019
20
-90.2974600000000009
11
87.2211599999999976
21
-90.3018809999999945
0
LINE
8
BLACK
6
CONTINUOUS
10
87.2211599999999976
20
-90.3018809999999945
11
87.2244839999999897
21
-90.3084049999999934
0
LINE
8
BLACK
6
CONTINUOUS
10
87.2244839999999897
20
-90.3084049999999934
11
87.2373800000000017
21
-90.3770739999999932
0
LINE
8
BLACK
6
CONTINUOUS
10
87.2373800000000017
20
-90.3770739999999932
11
87.2111039999999917
21
-90.4418149999999912
0
LINE
8
BLACK
6
CONTINUOUS
10
87.2111039999999917
20
-90.4418149999999912
11
87.1539969999999897
21
-90.4820720000000023
0
LINE
8
BLACK
6
CONTINUOUS
10
87.1539969999999897
20
-90.4820720000000023
11
87.1139989999999926
21
-90.4886999999999944
0
LINE
8
BLACK
6
CONTINUOUS
10
87.1139989999999926
20
-90.4886999999999944
11
82.7961459999999931
21
-90.4886999999999944
0
LINE
8
BLACK
6
CONTINUOUS
10
82.7961459999999931
20
-90.4886999999999944
11
82.7291069999999991
21
-90.4690149999999988
0
LINE
8
BLACK
6
CONTINUOUS
10
82.7291069999999991
20
-90.4690149999999988
11
82.7084649999999897
21
-90.4523810000000026
0
LINE
8
BLACK
6
CONTINUOUS
10
82.7084649999999897
20
-90.4523810000000026
11
81.712175000000002
21
-89.456089999999989
0
LINE
8
BLACK
6
CONTINUOUS
10
81.712175000000002
20
-89.456089999999989
11
81.6786900000000031
21
-89.3947670000000016
0
LINE
8
BLACK
6
CONTINUOUS
10
81.6786900000000031
20
-89.3947670000000016
11
81.6773829999999919
21
-89.3878059999999977
0
LINE
8
BLACK
6
CONTINUOUS
10
81.6773829999999919
20
-89.3878059999999977
11
81.6654899999999913
21
-89.3127139999999997
0
LINE
8
BLACK
6
CONTINUOUS
10
81.6654899999999913
20
-89.3127139999999997
11
81.6306259999999924
21
-89.2054150000000021
0
LINE
8
BLACK
6
CONTINUOUS
10
81.6306259999999924
20
-89.2054150000000021
11
81.5876409999999908
21
-89.0731210000000004
0
LINE
8
BLACK
6
CONTINUOUS
10
81.5876409999999908
20
-89.0731210000000004
11
81.5876389999999958
21
-89.0731179999999938
0
LINE
8
BLACK
6
CONTINUOUS
10
81.5876389999999958
20
-89.0731179999999938
11
81.5876379999999983
21
-89.0731129999999922
0
LINE
8
BLACK
6
CONTINUOUS
10
81.5876379999999983
20
-89.0731129999999922
11
81.5728519999999975
21
-89.0440940000000012
0
LINE
8
BLACK
6
CONTINUOUS
10
81.5728519999999975
20
-89.0440940000000012
11
81.5599559999999997
21
-88.9754250000000013
0
LINE
8
BLACK
6
CONTINUOUS
10
81.5599559999999997
20
-88.9754250000000013
11
81.5862329999999929
21
-88.9106839999999892
0
LINE
8
BLACK
6
CONTINUOUS
10
81.5862329999999929
20
-88.9106839999999892
11
81.6433399999999949
21
-88.8704279999999898
0
LINE
8
BLACK
6
CONTINUOUS
10
81.6433399999999949
20
-88.8704279999999898
11
81.6833369999999945
21
-88.8637999999999977
0
LINE
8
BLACK
6
CONTINUOUS
10
81.6833369999999945
20
-88.8637999999999977
11
85.9901529999999923
21
-88.8637999999999977
0
LINE
8
BLACK
6
CONTINUOUS
10
85.9901529999999923
20
-88.8637999999999977
11
86.0571920000000006
21
-88.8834849999999932
0
LINE
8
BLACK
6
CONTINUOUS
10
90.4457680000000011
20
-85.2559189999999916
11
90.4968190000000021
21
-85.2867040000000003
0
LINE
8
BLACK
6
CONTINUOUS
10
90.4968190000000021
20
-85.2867040000000003
11
93.1917479999999898
21
-87.9816330000000022
0
LINE
8
BLACK
6
CONTINUOUS
10
93.1917479999999898
20
-87.9816330000000022
11
93.2252329999999887
21
-88.0429559999999896
0
LINE
8
BLACK
6
CONTINUOUS
10
93.2252329999999887
20
-88.0429559999999896
11
93.2202489999999955
21
-88.112647999999993
0
LINE
8
BLACK
6
CONTINUOUS
10
93.2202489999999955
20
-88.112647999999993
11
93.1783769999999976
21
-88.168580999999989
0
LINE
8
BLACK
6
CONTINUOUS
10
93.1783769999999976
20
-88.168580999999989
11
93.1423879999999969
21
-88.1872429999999952
0
LINE
8
BLACK
6
CONTINUOUS
10
93.1423879999999969
20
-88.1872429999999952
11
93.1201329999999956
21
-88.1944739999999996
0
LINE
8
BLACK
6
CONTINUOUS
10
93.1201329999999956
20
-88.1944739999999996
11
93.0900159999999914
21
-88.2042599999999908
0
LINE
8
BLACK
6
CONTINUOUS
10
93.0900159999999914
20
-88.2042599999999908
11
92.8655509999999964
21
-88.3186319999999938
0
LINE
8
BLACK
6
CONTINUOUS
10
92.8655509999999964
20
-88.3186319999999938
11
92.6617499999999978
21
-88.4667010000000005
0
LINE
8
BLACK
6
CONTINUOUS
10
92.6617499999999978
20
-88.4667010000000005
11
92.6617449999999963
21
-88.4667049999999904
0
LINE
8
BLACK
6
CONTINUOUS
10
92.6617449999999963
20
-88.4667049999999904
11
92.4836049999999972
21
-88.6448449999999895
0
LINE
8
BLACK
6
CONTINUOUS
10
92.4836049999999972
20
-88.6448449999999895
11
92.4836009999999931
21
-88.644849999999991
0
LINE
8
BLACK
6
CONTINUOUS
10
92.4836009999999931
20
-88.644849999999991
11
92.3355320000000006
21
-88.8486509999999896
0
LINE
8
BLACK
6
CONTINUOUS
10
92.3355320000000006
20
-88.8486509999999896
11
92.2211599999999976
21
-89.0731179999999938
0
LINE
8
BLACK
6
CONTINUOUS
10
92.2211599999999976
20
-89.0731179999999938
11
92.1433090000000021
21
-89.3127159999999947
0
LINE
8
BLACK
6
CONTINUOUS
10
92.1433090000000021
20
-89.3127159999999947
11
92.1314149999999898
21
-89.3878100000000018
0
LINE
8
BLACK
6
CONTINUOUS
10
92.1314149999999898
20
-89.3878100000000018
11
92.1014849999999967
21
-89.4509439999999927
0
LINE
8
BLACK
6
CONTINUOUS
10
92.1014849999999967
20
-89.4509439999999927
11
92.0966229999999939
21
-89.4560910000000007
0
LINE
8
BLACK
6
CONTINUOUS
10
92.0966229999999939
20
-89.4560910000000007
11
91.1003339999999895
21
-90.4523810000000026
0
LINE
8
BLACK
6
CONTINUOUS
10
91.1003339999999895
20
-90.4523810000000026
11
91.0390110000000021
21
-90.4858660000000015
0
LINE
8
BLACK
6
CONTINUOUS
10
91.0390110000000021
20
-90.4858660000000015
11
91.0126530000000002
21
-90.4886999999999944
0
LINE
8
BLACK
6
CONTINUOUS
10
91.0126530000000002
20
-90.4886999999999944
11
90.2948009999999925
21
-90.4886999999999944
0
LINE
8
BLACK
6
CONTINUOUS
10
90.2948009999999925
20
-90.4886999999999944
11
90.2277619999999985
21
-90.4690149999999988
0
LINE
8
BLACK
6
CONTINUOUS
10
90.2277619999999985
20
-90.4690149999999988
11
90.1820069999999987
21
-90.4162109999999899
0
LINE
8
BLACK
6
CONTINUOUS
10
90.1820069999999987
20
-90.4162109999999899
11
90.1720629999999943
21
-90.3470530000000025
0
LINE
8
BLACK
6
CONTINUOUS
10
90.1720629999999943
20
-90.3470530000000025
11
90.1843159999999955
21
-90.3084049999999934
0
LINE
8
BLACK
6
CONTINUOUS
10
90.1843159999999955
20
-90.3084049999999934
11
90.1876389999999901
21
-90.3018829999999895
0
LINE
8
BLACK
6
CONTINUOUS
10
90.1876389999999901
20
-90.3018829999999895
11
90.1876400000000018
21
-90.301879999999997
0
LINE
8
BLACK
6
CONTINUOUS
10
90.1876400000000018
20
-90.301879999999997
11
90.1876409999999993
21
-90.3018789999999996
0
LINE
8
BLACK
6
CONTINUOUS
10
90.1876409999999993
20
-90.3018789999999996
11
90.2654899999999998
21
-90.0622850000000028
0
LINE
8
BLACK
6
CONTINUOUS
10
90.2654899999999998
20
-90.0622850000000028
11
90.3048999999999893
21
-89.8134620000000012
0
LINE
8
BLACK
6
CONTINUOUS
10
90.3048999999999893
20
-89.8134620000000012
11
90.3048999999999893
21
-89.5615379999999988
0
LINE
8
BLACK
6
CONTINUOUS
10
90.3048999999999893
20
-89.5615379999999988
11
90.2654899999999998
21
-89.3127149999999972
0
LINE
8
BLACK
6
CONTINUOUS
10
90.2654899999999998
20
-89.3127149999999972
11
90.1876409999999993
21
-89.0731210000000004
0
LINE
8
BLACK
6
CONTINUOUS
10
90.1876409999999993
20
-89.0731210000000004
11
90.1876389999999901
21
-89.0731179999999938
0
LINE
8
BLACK
6
CONTINUOUS
10
90.1876389999999901
20
-89.0731179999999938
11
90.1876389999999901
21
-89.0731159999999988
0
LINE
8
BLACK
6
CONTINUOUS
10
90.1876389999999901
20
-89.0731159999999988
11
90.115515000000002
21
-88.9315659999999895
0
LINE
8
BLACK
6
CONTINUOUS
10
90.115515000000002
20
-88.9315659999999895
11
90.0732699999999937
21
-88.8486549999999937
0
LINE
8
BLACK
6
CONTINUOUS
10
90.0732699999999937
20
-88.8486549999999937
11
90.0543519999999944
21
-88.8226169999999939
0
LINE
8
BLACK
6
CONTINUOUS
10
90.0543519999999944
20
-88.8226169999999939
11
89.9251979999999946
21
-88.644849999999991
0
LINE
8
BLACK
6
CONTINUOUS
10
89.9251979999999946
20
-88.644849999999991
11
89.9251939999999905
21
-88.6448449999999895
0
LINE
8
BLACK
6
CONTINUOUS
10
89.9251939999999905
20
-88.6448449999999895
11
89.7470539999999914
21
-88.4667049999999904
0
LINE
8
BLACK
6
CONTINUOUS
10
89.7470539999999914
20
-88.4667049999999904
11
89.7470489999999899
21
-88.4667010000000005
0
LINE
8
BLACK
6
CONTINUOUS
10
89.7470489999999899
20
-88.4667010000000005
11
89.5432479999999913
21
-88.3186319999999938
0
LINE
8
BLACK
6
CONTINUOUS
10
89.5432479999999913
20
-88.3186319999999938
11
89.5432469999999938
21
-88.3186309999999963
0
LINE
8
BLACK
6
CONTINUOUS
10
89.5432469999999938
20
-88.3186309999999963
11
89.5432449999999989
21
-88.3186299999999989
0
LINE
8
BLACK
6
CONTINUOUS
10
89.5432449999999989
20
-88.3186299999999989
11
89.3187789999999922
21
-88.2042589999999933
0
LINE
8
BLACK
6
CONTINUOUS
10
89.3187789999999922
20
-88.2042589999999933
11
89.1875379999999893
21
-88.1616159999999951
0
LINE
8
BLACK
6
CONTINUOUS
10
89.1875379999999893
20
-88.1616159999999951
11
89.0791830000000004
21
-88.1264089999999953
0
LINE
8
BLACK
6
CONTINUOUS
10
89.0791830000000004
20
-88.1264089999999953
11
89.0040889999999933
21
-88.1145149999999973
0
LINE
8
BLACK
6
CONTINUOUS
10
89.0040889999999933
20
-88.1145149999999973
11
88.9409550000000024
21
-88.0845849999999899
0
LINE
8
BLACK
6
CONTINUOUS
10
88.9409550000000024
20
-88.0845849999999899
11
88.9358079999999944
21
-88.0797230000000013
0
LINE
8
BLACK
6
CONTINUOUS
10
88.9358079999999944
20
-88.0797230000000013
11
88.5070659999999947
21
-87.6509810000000016
0
LINE
8
BLACK
6
CONTINUOUS
10
88.5070659999999947
20
-87.6509810000000016
11
88.4735809999999958
21
-87.589658
0
LINE
8
BLACK
6
CONTINUOUS
10
88.4735809999999958
20
-87.589658
11
88.478564999999989
21
-87.5199659999999966
0
LINE
8
BLACK
6
CONTINUOUS
10
88.478564999999989
20
-87.5199659999999966
11
88.5070659999999947
21
-87.4756189999999947
0
LINE
8
BLACK
6
CONTINUOUS
10
88.5070659999999947
20
-87.4756189999999947
11
89.2099709999999959
21
-86.7727139999999935
0
LINE
8
BLACK
6
CONTINUOUS
10
89.2099709999999959
20
-86.7727139999999935
11
89.996065999999999
21
-85.9866189999999904
0
LINE
8
BLACK
6
CONTINUOUS
10
89.996065999999999
20
-85.9866189999999904
11
90.1163869999999889
21
-85.8210109999999986
0
LINE
8
BLACK
6
CONTINUOUS
10
90.1163869999999889
20
-85.8210109999999986
11
90.1679630000000003
21
-85.7197869999999966
0
LINE
8
BLACK
6
CONTINUOUS
10
90.1679630000000003
20
-85.7197869999999966
11
90.2093199999999911
21
-85.6386189999999914
0
LINE
8
BLACK
6
CONTINUOUS
10
90.2093199999999911
20
-85.6386189999999914
11
90.2725769999999983
21
-85.4439339999999987
0
LINE
8
BLACK
6
CONTINUOUS
10
90.2725769999999983
20
-85.4439339999999987
11
90.2866649999999993
21
-85.3549859999999967
0
LINE
8
BLACK
6
CONTINUOUS
10
90.2866649999999993
20
-85.3549859999999967
11
90.3165939999999949
21
-85.2918519999999916
0
LINE
8
BLACK
6
CONTINUOUS
10
90.3165939999999949
20
-85.2918519999999916
11
90.3759060000000005
21
-85.254920999999996
0
LINE
8
BLACK
6
CONTINUOUS
10
90.3759060000000005
20
-85.254920999999996
11
90.4457680000000011
21
-85.2559189999999916
0
LINE
8
BLACK
6
CONTINUOUS
10
46.5234139999999954
20
-88.8913519999999977
11
46.6772279999999995
21
-88.9219480000000004
0
LINE
8
BLACK
6
CONTINUOUS
10
46.6772279999999995
20
-88.9219480000000004
11
46.8221169999999987
21
-88.9819629999999933
0
LINE
8
BLACK
6
CONTINUOUS
10
46.8221169999999987
20
-88.9819629999999933
11
46.9525149999999982
21
-89.0690919999999977
0
LINE
8
BLACK
6
CONTINUOUS
10
46.9525149999999982
20
-89.0690919999999977
11
47.0634079999999955
21
-89.1799850000000021
0
LINE
8
BLACK
6
CONTINUOUS
10
47.0634079999999955
20
-89.1799850000000021
11
47.1505369999999999
21
-89.3103830000000016
0
LINE
8
BLACK
6
CONTINUOUS
10
47.1505369999999999
20
-89.3103830000000016
11
47.2105519999999999
21
-89.4552719999999937
0
LINE
8
BLACK
6
CONTINUOUS
10
47.2105519999999999
20
-89.4552719999999937
11
47.2411479999999955
21
-89.6090859999999907
0
LINE
8
BLACK
6
CONTINUOUS
10
47.2411479999999955
20
-89.6090859999999907
11
47.2411479999999955
21
-89.7659139999999951
0
LINE
8
BLACK
6
CONTINUOUS
10
47.2411479999999955
20
-89.7659139999999951
11
47.2105519999999999
21
-89.9197279999999921
0
LINE
8
BLACK
6
CONTINUOUS
10
47.2105519999999999
20
-89.9197279999999921
11
47.1505369999999999
21
-90.0646169999999984
0
LINE
8
BLACK
6
CONTINUOUS
10
47.1505369999999999
20
-90.0646169999999984
11
47.0634079999999955
21
-90.1950149999999979
0
LINE
8
BLACK
6
CONTINUOUS
10
47.0634079999999955
20
-90.1950149999999979
11
46.9525149999999982
21
-90.3059080000000023
0
LINE
8
BLACK
6
CONTINUOUS
10
46.9525149999999982
20
-90.3059080000000023
11
46.8221169999999987
21
-90.3930369999999925
0
LINE
8
BLACK
6
CONTINUOUS
10
46.8221169999999987
20
-90.3930369999999925
11
46.6772279999999995
21
-90.4530519999999996
0
LINE
8
BLACK
6
CONTINUOUS
10
46.6772279999999995
20
-90.4530519999999996
11
46.5234139999999954
21
-90.4836480000000023
0
LINE
8
BLACK
6
CONTINUOUS
10
46.5234139999999954
20
-90.4836480000000023
11
46.4450000000000003
21
-90.4874999999999972
0
LINE
8
BLACK
6
CONTINUOUS
10
46.4450000000000003
20
-90.4874999999999972
11
45.644999999999996
21
-90.4874999999999972
0
LINE
8
BLACK
6
CONTINUOUS
10
45.644999999999996
20
-90.4874999999999972
11
45.5665860000000009
21
-90.4836480000000023
0
LINE
8
BLACK
6
CONTINUOUS
10
45.5665860000000009
20
-90.4836480000000023
11
45.4127719999999968
21
-90.4530519999999996
0
LINE
8
BLACK
6
CONTINUOUS
10
45.4127719999999968
20
-90.4530519999999996
11
45.2678829999999977
21
-90.3930369999999925
0
LINE
8
BLACK
6
CONTINUOUS
10
45.2678829999999977
20
-90.3930369999999925
11
45.1374849999999981
21
-90.3059080000000023
0
LINE
8
BLACK
6
CONTINUOUS
10
45.1374849999999981
20
-90.3059080000000023
11
45.0265920000000008
21
-90.1950149999999979
0
LINE
8
BLACK
6
CONTINUOUS
10
45.0265920000000008
20
-90.1950149999999979
11
44.9394629999999964
21
-90.0646169999999984
0
LINE
8
BLACK
6
CONTINUOUS
10
44.9394629999999964
20
-90.0646169999999984
11
44.8794479999999965
21
-89.9197279999999921
0
LINE
8
BLACK
6
CONTINUOUS
10
44.8794479999999965
20
-89.9197279999999921
11
44.8488520000000008
21
-89.7659139999999951
0
LINE
8
BLACK
6
CONTINUOUS
10
44.8488520000000008
20
-89.7659139999999951
11
44.8488520000000008
21
-89.6090859999999907
0
LINE
8
BLACK
6
CONTINUOUS
10
44.8488520000000008
20
-89.6090859999999907
11
44.8794479999999965
21
-89.4552719999999937
0
LINE
8
BLACK
6
CONTINUOUS
10
44.8794479999999965
20
-89.4552719999999937
11
44.9394629999999964
21
-89.3103830000000016
0
LINE
8
BLACK
6
CONTINUOUS
10
44.9394629999999964
20
-89.3103830000000016
11
45.0265920000000008
21
-89.1799850000000021
0
LINE
8
BLACK
6
CONTINUOUS
10
45.0265920000000008
20
-89.1799850000000021
11
45.1374849999999981
21
-89.0690919999999977
0
LINE
8
BLACK
6
CONTINUOUS
10
45.1374849999999981
20
-89.0690919999999977
11
45.2678829999999977
21
-88.9819629999999933
0
LINE
8
BLACK
6
CONTINUOUS
10
45.2678829999999977
20
-88.9819629999999933
11
45.4127719999999968
21
-88.9219480000000004
0
LINE
8
BLACK
6
CONTINUOUS
10
45.4127719999999968
20
-88.9219480000000004
11
45.5665860000000009
21
-88.8913519999999977
0
LINE
8
BLACK
6
CONTINUOUS
10
45.5665860000000009
20
-88.8913519999999977
11
45.644999999999996
21
-88.8875000000000028
0
LINE
8
BLACK
6
CONTINUOUS
10
45.644999999999996
20
-88.8875000000000028
11
46.4450000000000003
21
-88.8875000000000028
0
LINE
8
BLACK
6
CONTINUOUS
10
46.4450000000000003
20
-88.8875000000000028
11
46.5234139999999954
21
-88.8913519999999977
0
LINE
8
BLACK
6
CONTINUOUS
10
115.5443849999999912
20
-45.7223849999999956
11
115.590139999999991
21
-45.7751889999999975
0
LINE
8
BLACK
6
CONTINUOUS
10
115.590139999999991
20
-45.7751889999999975
11
115.6000839999999954
21
-45.8443469999999991
0
LINE
8
BLACK
6
CONTINUOUS
10
115.6000839999999954
20
-45.8443469999999991
11
115.575721999999999
21
-45.9021860000000004
0
LINE
8
BLACK
6
CONTINUOUS
10
115.575721999999999
20
-45.9021860000000004
11
115.5530989999999889
21
-45.9316679999999948
0
LINE
8
BLACK
6
CONTINUOUS
10
115.5530989999999889
20
-45.9316679999999948
11
115.402317999999994
21
-46.1928279999999987
0
LINE
8
BLACK
6
CONTINUOUS
10
115.402317999999994
20
-46.1928279999999987
11
115.4023139999999898
21
-46.1928379999999947
0
LINE
8
BLACK
6
CONTINUOUS
10
115.4023139999999898
20
-46.1928379999999947
11
115.2869129999999984
21
-46.4714389999999966
0
LINE
8
BLACK
6
CONTINUOUS
10
115.2869129999999984
20
-46.4714389999999966
11
115.2088609999999989
21
-46.7627329999999972
0
LINE
8
BLACK
6
CONTINUOUS
10
115.2088609999999989
20
-46.7627329999999972
11
115.1695009999999968
21
-47.0617060000000009
0
LINE
8
BLACK
6
CONTINUOUS
10
115.1695009999999968
20
-47.0617060000000009
11
115.1694999999999993
21
-47.0617230000000006
0
LINE
8
BLACK
6
CONTINUOUS
10
115.1694999999999993
20
-47.0617230000000006
11
115.1694999999999993
21
-47.363275999999999
0
LINE
8
BLACK
6
CONTINUOUS
10
115.1694999999999993
20
-47.363275999999999
11
115.1695009999999968
21
-47.3632929999999988
0
LINE
8
BLACK
6
CONTINUOUS
10
115.1695009999999968
20
-47.3632929999999988
11
115.2088609999999989
21
-47.6622659999999954
0
LINE
8
BLACK
6
CONTINUOUS
10
115.2088609999999989
20
-47.6622659999999954
11
115.2869129999999984
21
-47.953559999999996
0
LINE
8
BLACK
6
CONTINUOUS
10
115.2869129999999984
20
-47.953559999999996
11
115.4023139999999898
21
-48.2321609999999978
0
LINE
8
BLACK
6
CONTINUOUS
10
115.4023139999999898
20
-48.2321609999999978
11
115.402317999999994
21
-48.232171000000001
0
LINE
8
BLACK
6
CONTINUOUS
10
115.402317999999994
20
-48.232171000000001
11
115.5530989999999889
21
-48.4933309999999977
0
LINE
8
BLACK
6
CONTINUOUS
10
115.5530989999999889
20
-48.4933309999999977
11
115.7366789999999952
21
-48.7325779999999966
0
LINE
8
BLACK
6
CONTINUOUS
10
115.7366789999999952
20
-48.7325779999999966
11
115.7366849999999943
21
-48.7325850000000003
0
LINE
8
BLACK
6
CONTINUOUS
10
115.7366849999999943
20
-48.7325850000000003
11
115.9499139999999926
21
-48.9458139999999986
0
LINE
8
BLACK
6
CONTINUOUS
10
115.9499139999999926
20
-48.9458139999999986
11
115.9499209999999891
21
-48.9458199999999977
0
LINE
8
BLACK
6
CONTINUOUS
10
115.9499209999999891
20
-48.9458199999999977
11
116.1891679999999951
21
-49.1293999999999969
0
LINE
8
BLACK
6
CONTINUOUS
10
116.1891679999999951
20
-49.1293999999999969
11
116.450327999999999
21
-49.2801809999999989
0
LINE
8
BLACK
6
CONTINUOUS
10
116.450327999999999
20
-49.2801809999999989
11
116.4503289999999964
21
-49.2801809999999989
0
LINE
8
BLACK
6
CONTINUOUS
10
116.4503289999999964
20
-49.2801809999999989
11
116.4503319999999889
21
-49.280183000000001
0
LINE
8
BLACK
6
CONTINUOUS
10
116.4503319999999889
20
-49.280183000000001
11
116.6360719999999986
21
-49.3571189999999973
0
LINE
8
BLACK
6
CONTINUOUS
10
116.6360719999999986
20
-49.3571189999999973
11
116.7289389999999969
21
-49.3955859999999944
0
LINE
8
BLACK
6
CONTINUOUS
10
116.7289389999999969
20
-49.3955859999999944
11
116.7289399999999944
21
-49.3955859999999944
0
LINE
8
BLACK
6
CONTINUOUS
10
116.7289399999999944
20
-49.3955859999999944
11
116.7289419999999893
21
-49.395586999999999
0
LINE
8
BLACK
6
CONTINUOUS
10
116.7289419999999893
20
-49.395586999999999
11
117.0202319999999929
21
-49.4736380000000011
0
LINE
8
BLACK
6
CONTINUOUS
10
117.0202319999999929
20
-49.4736380000000011
11
117.3192169999999948
21
-49.5129999999999981
0
LINE
8
BLACK
6
CONTINUOUS
10
117.3192169999999948
20
-49.5129999999999981
11
117.3192239999999913
21
-49.5129999999999981
0
LINE
8
BLACK
6
CONTINUOUS
10
117.3192239999999913
20
-49.5129999999999981
11
117.6207759999999922
21
-49.5129999999999981
0
LINE
8
BLACK
6
CONTINUOUS
10
117.6207759999999922
20
-49.5129999999999981
11
117.6207829999999888
21
-49.5129999999999981
0
LINE
8
BLACK
6
CONTINUOUS
10
117.6207829999999888
20
-49.5129999999999981
11
117.9197679999999906
21
-49.4736380000000011
0
LINE
8
BLACK
6
CONTINUOUS
10
117.9197679999999906
20
-49.4736380000000011
11
118.2110579999999942
21
-49.395586999999999
0
LINE
8
BLACK
6
CONTINUOUS
10
118.2110579999999942
20
-49.395586999999999
11
118.4896679999999947
21
-49.280183000000001
0
LINE
8
BLACK
6
CONTINUOUS
10
118.4896679999999947
20
-49.280183000000001
11
118.7508319999999884
21
-49.1293999999999969
0
LINE
8
BLACK
6
CONTINUOUS
10
118.7508319999999884
20
-49.1293999999999969
11
118.7913149999999973
21
-49.0983359999999962
0
LINE
8
BLACK
6
CONTINUOUS
10
118.7913149999999973
20
-49.0983359999999962
11
118.8564819999999997
21
-49.0731429999999946
0
LINE
8
BLACK
6
CONTINUOUS
10
118.8564819999999997
20
-49.0731429999999946
11
118.9249269999999967
21
-49.0871810000000011
0
LINE
8
BLACK
6
CONTINUOUS
10
118.9249269999999967
20
-49.0871810000000011
11
118.9749169999999907
21
-49.1359950000000012
0
LINE
8
BLACK
6
CONTINUOUS
10
118.9749169999999907
20
-49.1359950000000012
11
118.990799999999993
21
-49.1967129999999955
0
LINE
8
BLACK
6
CONTINUOUS
10
118.990799999999993
20
-49.1967129999999955
11
118.990799999999993
21
-68.131653
0
LINE
8
BLACK
6
CONTINUOUS
10
118.990799999999993
20
-68.131653
11
118.9711149999999975
21
-68.1986919999999941
0
LINE
8
BLACK
6
CONTINUOUS
10
118.9711149999999975
20
-68.1986919999999941
11
118.9544810000000012
21
-68.2193340000000035
0
LINE
8
BLACK
6
CONTINUOUS
10
118.9544810000000012
20
-68.2193340000000035
11
97.354580999999996
21
-89.8192339999999945
0
LINE
8
BLACK
6
CONTINUOUS
10
97.354580999999996
20
-89.8192339999999945
11
97.2932579999999945
21
-89.8527189999999933
0
LINE
8
BLACK
6
CONTINUOUS
10
97.2932579999999945
20
-89.8527189999999933
11
97.223565999999991
21
-89.8477350000000001
0
LINE
8
BLACK
6
CONTINUOUS
10
97.223565999999991
20
-89.8477350000000001
11
97.167632999999995
21
-89.8058630000000022
0
LINE
8
BLACK
6
CONTINUOUS
10
97.167632999999995
20
-89.8058630000000022
11
97.1432159999999953
21
-89.7403989999999965
0
LINE
8
BLACK
6
CONTINUOUS
10
97.1432159999999953
20
-89.7403989999999965
11
97.1428999999999974
21
-89.731552999999991
0
LINE
8
BLACK
6
CONTINUOUS
10
97.1428999999999974
20
-89.731552999999991
11
97.1428999999999974
21
-88.6907429999999977
0
LINE
8
BLACK
6
CONTINUOUS
10
97.1428999999999974
20
-88.6907429999999977
11
97.1245600000000024
21
-88.5749539999999911
0
LINE
8
BLACK
6
CONTINUOUS
10
97.1245600000000024
20
-88.5749539999999911
11
97.1245600000000024
21
-88.5749529999999936
0
LINE
8
BLACK
6
CONTINUOUS
10
97.1245600000000024
20
-88.5749529999999936
11
97.1108770000000021
21
-88.4885649999999941
0
LINE
8
BLACK
6
CONTINUOUS
10
97.1108770000000021
20
-88.4885649999999941
11
97.0556610000000006
21
-88.3186299999999989
0
LINE
8
BLACK
6
CONTINUOUS
10
97.0556610000000006
20
-88.3186299999999989
11
97.0476199999999949
21
-88.2938809999999989
0
LINE
8
BLACK
6
CONTINUOUS
10
97.0476199999999949
20
-88.2938809999999989
11
97.0019559999999927
21
-88.2042589999999933
0
LINE
8
BLACK
6
CONTINUOUS
10
97.0019559999999927
20
-88.2042589999999933
11
96.9689419999999984
21
-88.1394650000000013
0
LINE
8
BLACK
6
CONTINUOUS
10
96.9689419999999984
20
-88.1394650000000013
11
96.9689419999999984
21
-88.1394659999999988
0
LINE
8
BLACK
6
CONTINUOUS
10
96.9689419999999984
20
-88.1394659999999988
11
96.9546869999999927
21
-88.1114889999999917
0
LINE
8
BLACK
6
CONTINUOUS
10
96.9546869999999927
20
-88.1114889999999917
11
96.8343659999999886
21
-87.945881
0
LINE
8
BLACK
6
CONTINUOUS
10
96.8343659999999886
20
-87.945881
11
92.5501189999999951
21
-83.6616339999999923
0
LINE
8
BLACK
6
CONTINUOUS
10
92.5501189999999951
20
-83.6616339999999923
11
92.5166339999999963
21
-83.6003109999999907
0
LINE
8
BLACK
6
CONTINUOUS
10
92.5166339999999963
20
-83.6003109999999907
11
92.5137999999999892
21
-83.573953000000003
0
LINE
8
BLACK
6
CONTINUOUS
10
92.5137999999999892
20
-83.573953000000003
11
92.5137999999999892
21
-64.3429000000000002
0
LINE
8
BLACK
6
CONTINUOUS
10
92.5137999999999892
20
-64.3429000000000002
11
92.5334849999999989
21
-64.2758609999999919
0
LINE
8
BLACK
6
CONTINUOUS
10
92.5334849999999989
20
-64.2758609999999919
11
92.5862889999999936
21
-64.2301059999999922
0
LINE
8
BLACK
6
CONTINUOUS
10
92.5862889999999936
20
-64.2301059999999922
11
92.6554469999999952
21
-64.220162000000002
0
LINE
8
BLACK
6
CONTINUOUS
10
92.6554469999999952
20
-64.220162000000002
11
92.6940979999999968
21
-64.2324169999999981
0
LINE
8
BLACK
6
CONTINUOUS
10
92.6940979999999968
20
-64.2324169999999981
11
92.7006209999999982
21
-64.2357409999999902
0
LINE
8
BLACK
6
CONTINUOUS
10
92.7006209999999982
20
-64.2357409999999902
11
92.9402149999999949
21
-64.3135899999999907
0
LINE
8
BLACK
6
CONTINUOUS
10
92.9402149999999949
20
-64.3135899999999907
11
93.1890379999999965
21
-64.3529999999999944
0
LINE
8
BLACK
6
CONTINUOUS
10
93.1890379999999965
20
-64.3529999999999944
11
93.189038999999994
21
-64.3529999999999944
0
LINE
8
BLACK
6
CONTINUOUS
10
93.189038999999994
20
-64.3529999999999944
11
94.2409609999999986
21
-64.3529999999999944
0
LINE
8
BLACK
6
CONTINUOUS
10
94.2409609999999986
20
-64.3529999999999944
11
94.2409619999999961
21
-64.3529999999999944
0
LINE
8
BLACK
6
CONTINUOUS
10
94.2409619999999961
20
-64.3529999999999944
11
94.4897849999999977
21
-64.3135899999999907
0
LINE
8
BLACK
6
CONTINUOUS
10
94.4897849999999977
20
-64.3135899999999907
11
94.7293789999999944
21
-64.2357409999999902
0
LINE
8
BLACK
6
CONTINUOUS
10
94.7293789999999944
20
-64.2357409999999902
11
94.9538450000000012
21
-64.1213699999999989
0
LINE
8
BLACK
6
CONTINUOUS
10
94.9538450000000012
20
-64.1213699999999989
11
95.1576559999999887
21
-63.9732929999999982
0
LINE
8
BLACK
6
CONTINUOUS
10
95.1576559999999887
20
-63.9732929999999982
11
95.3357929999999953
21
-63.7951559999999986
0
LINE
8
BLACK
6
CONTINUOUS
10
95.3357929999999953
20
-63.7951559999999986
11
95.483869999999996
21
-63.5913449999999969
0
LINE
8
BLACK
6
CONTINUOUS
10
95.483869999999996
20
-63.5913449999999969
11
95.5982410000000016
21
-63.3668789999999973
0
LINE
8
BLACK
6
CONTINUOUS
10
95.5982410000000016
20
-63.3668789999999973
11
95.6760900000000021
21
-63.1272850000000005
0
LINE
8
BLACK
6
CONTINUOUS
10
95.6760900000000021
20
-63.1272850000000005
11
95.7154999999999916
21
-62.878461999999999
0
LINE
8
BLACK
6
CONTINUOUS
10
95.7154999999999916
20
-62.878461999999999
11
95.7154999999999916
21
-62.6265379999999965
0
LINE
8
BLACK
6
CONTINUOUS
10
95.7154999999999916
20
-62.6265379999999965
11
95.6760900000000021
21
-62.3777149999999949
0
LINE
8
BLACK
6
CONTINUOUS
10
95.6760900000000021
20
-62.3777149999999949
11
95.5982410000000016
21
-62.1381209999999982
0
LINE
8
BLACK
6
CONTINUOUS
10
95.5982410000000016
20
-62.1381209999999982
11
95.5982389999999924
21
-62.1381169999999941
0
LINE
8
BLACK
6
CONTINUOUS
10
95.5982389999999924
20
-62.1381169999999941
11
95.5982389999999924
21
-62.1381159999999966
0
LINE
8
BLACK
6
CONTINUOUS
10
95.5982389999999924
20
-62.1381159999999966
11
95.5567470000000014
21
-62.0566839999999971
0
LINE
8
BLACK
6
CONTINUOUS
10
95.5567470000000014
20
-62.0566839999999971
11
95.483869999999996
21
-61.9136549999999986
0
LINE
8
BLACK
6
CONTINUOUS
10
95.483869999999996
20
-61.9136549999999986
11
95.4271749999999912
21
-61.8356209999999962
0
LINE
8
BLACK
6
CONTINUOUS
10
95.4271749999999912
20
-61.8356209999999962
11
95.3357979999999969
21
-61.7098499999999959
0
LINE
8
BLACK
6
CONTINUOUS
10
95.3357979999999969
20
-61.7098499999999959
11
95.3357939999999928
21
-61.7098449999999943
0
LINE
8
BLACK
6
CONTINUOUS
10
95.3357939999999928
20
-61.7098449999999943
11
95.1961299999999966
21
-61.5701809999999981
0
LINE
8
BLACK
6
CONTINUOUS
10
95.1961299999999966
20
-61.5701809999999981
11
95.1626449999999977
21
-61.5088579999999965
0
LINE
8
BLACK
6
CONTINUOUS
10
95.1626449999999977
20
-61.5088579999999965
11
95.1676289999999909
21
-61.4391660000000002
0
LINE
8
BLACK
6
CONTINUOUS
10
95.1676289999999909
20
-61.4391660000000002
11
95.1961299999999966
21
-61.3948189999999983
0
LINE
8
BLACK
6
CONTINUOUS
10
95.1961299999999966
20
-61.3948189999999983
11
95.2387310000000014
21
-61.3522180000000006
0
LINE
8
BLACK
6
CONTINUOUS
10
95.2387310000000014
20
-61.3522180000000006
11
95.3357929999999953
21
-61.2551559999999995
0
LINE
8
BLACK
6
CONTINUOUS
10
95.3357929999999953
20
-61.2551559999999995
11
95.483869999999996
21
-61.0513449999999978
0
LINE
8
BLACK
6
CONTINUOUS
10
95.483869999999996
20
-61.0513449999999978
11
95.5982410000000016
21
-60.8268789999999981
0
LINE
8
BLACK
6
CONTINUOUS
10
95.5982410000000016
20
-60.8268789999999981
11
95.6760900000000021
21
-60.5872849999999943
0
LINE
8
BLACK
6
CONTINUOUS
10
95.6760900000000021
20
-60.5872849999999943
11
95.7154999999999916
21
-60.3384619999999998
0
LINE
8
BLACK
6
CONTINUOUS
10
95.7154999999999916
20
-60.3384619999999998
11
95.7154999999999916
21
-60.0865379999999973
0
LINE
8
BLACK
6
CONTINUOUS
10
95.7154999999999916
20
-60.0865379999999973
11
95.6760900000000021
21
-59.8377149999999958
0
LINE
8
BLACK
6
CONTINUOUS
10
95.6760900000000021
20
-59.8377149999999958
11
95.5982410000000016
21
-59.598120999999999
0
LINE
8
BLACK
6
CONTINUOUS
10
95.5982410000000016
20
-59.598120999999999
11
95.5982389999999924
21
-59.5981179999999995
0
LINE
8
BLACK
6
CONTINUOUS
10
95.5982389999999924
20
-59.5981179999999995
11
95.5982389999999924
21
-59.5981159999999974
0
LINE
8
BLACK
6
CONTINUOUS
10
95.5982389999999924
20
-59.5981159999999974
11
95.515634999999989
21
-59.4359979999999979
0
LINE
8
BLACK
6
CONTINUOUS
10
95.515634999999989
20
-59.4359979999999979
11
95.483869999999996
21
-59.3736549999999994
0
LINE
8
BLACK
6
CONTINUOUS
10
95.483869999999996
20
-59.3736549999999994
11
95.4374119999999948
21
-59.3097110000000001
0
LINE
8
BLACK
6
CONTINUOUS
10
95.4374119999999948
20
-59.3097110000000001
11
95.3357979999999969
21
-59.1698499999999967
0
LINE
8
BLACK
6
CONTINUOUS
10
95.3357979999999969
20
-59.1698499999999967
11
95.3357939999999928
21
-59.1698449999999951
0
LINE
8
BLACK
6
CONTINUOUS
10
95.3357939999999928
20
-59.1698449999999951
11
95.1961299999999966
21
-59.0301809999999989
0
LINE
8
BLACK
6
CONTINUOUS
10
95.1961299999999966
20
-59.0301809999999989
11
95.1626449999999977
21
-58.9688579999999973
0
LINE
8
BLACK
6
CONTINUOUS
10
95.1626449999999977
20
-58.9688579999999973
11
95.1676289999999909
21
-58.8991659999999939
0
LINE
8
BLACK
6
CONTINUOUS
10
95.1676289999999909
20
-58.8991659999999939
11
95.1961299999999966
21
-58.8548189999999991
0
LINE
8
BLACK
6
CONTINUOUS
10
95.1961299999999966
20
-58.8548189999999991
11
95.2419989999999927
21
-58.8089499999999958
0
LINE
8
BLACK
6
CONTINUOUS
10
95.2419989999999927
20
-58.8089499999999958
11
95.3357929999999953
21
-58.7151560000000003
0
LINE
8
BLACK
6
CONTINUOUS
10
95.3357929999999953
20
-58.7151560000000003
11
95.483869999999996
21
-58.5113449999999986
0
LINE
8
BLACK
6
CONTINUOUS
10
95.483869999999996
20
-58.5113449999999986
11
95.5982410000000016
21
-58.286878999999999
0
LINE
8
BLACK
6
CONTINUOUS
10
95.5982410000000016
20
-58.286878999999999
11
95.6760900000000021
21
-58.0472849999999951
0
LINE
8
BLACK
6
CONTINUOUS
10
95.6760900000000021
20
-58.0472849999999951
11
95.7154999999999916
21
-57.7984620000000007
0
LINE
8
BLACK
6
CONTINUOUS
10
95.7154999999999916
20
-57.7984620000000007
11
95.7154999999999916
21
-57.5465379999999982
0
LINE
8
BLACK
6
CONTINUOUS
10
95.7154999999999916
20
-57.5465379999999982
11
95.6760900000000021
21
-57.2977149999999966
0
LINE
8
BLACK
6
CONTINUOUS
10
95.6760900000000021
20
-57.2977149999999966
11
95.5982410000000016
21
-57.0581209999999999
0
LINE
8
BLACK
6
CONTINUOUS
10
95.5982410000000016
20
-57.0581209999999999
11
95.5982389999999924
21
-57.0581180000000003
0
LINE
8
BLACK
6
CONTINUOUS
10
95.5982389999999924
20
-57.0581180000000003
11
95.5982389999999924
21
-57.0581159999999983
0
LINE
8
BLACK
6
CONTINUOUS
10
95.5982389999999924
20
-57.0581159999999983
11
95.5567470000000014
21
-56.9766839999999988
0
LINE
8
BLACK
6
CONTINUOUS
10
95.5567470000000014
20
-56.9766839999999988
11
95.483869999999996
21
-56.8336550000000003
0
LINE
8
BLACK
6
CONTINUOUS
10
95.483869999999996
20
-56.8336550000000003
11
95.4002389999999991
21
-56.7185459999999964
0
LINE
8
BLACK
6
CONTINUOUS
10
95.4002389999999991
20
-56.7185459999999964
11
95.3357979999999969
21
-56.6298499999999976
0
LINE
8
BLACK
6
CONTINUOUS
10
95.3357979999999969
20
-56.6298499999999976
11
95.3357939999999928
21
-56.629844999999996
0
LINE
8
BLACK
6
CONTINUOUS
10
95.3357939999999928
20
-56.629844999999996
11
95.1576539999999937
21
-56.4517049999999969
0
LINE
8
BLACK
6
CONTINUOUS
10
95.1576539999999937
20
-56.4517049999999969
11
95.1576489999999922
21
-56.4517009999999999
0
LINE
8
BLACK
6
CONTINUOUS
10
95.1576489999999922
20
-56.4517009999999999
11
94.9538479999999936
21
-56.3036320000000003
0
LINE
8
BLACK
6
CONTINUOUS
10
94.9538479999999936
20
-56.3036320000000003
11
94.9538469999999961
21
-56.3036309999999958
0
LINE
8
BLACK
6
CONTINUOUS
10
94.9538469999999961
20
-56.3036309999999958
11
94.9538450000000012
21
-56.3036299999999983
0
LINE
8
BLACK
6
CONTINUOUS
10
94.9538450000000012
20
-56.3036299999999983
11
94.8384179999999901
21
-56.2448169999999976
0
LINE
8
BLACK
6
CONTINUOUS
10
94.8384179999999901
20
-56.2448169999999976
11
94.7293829999999986
21
-56.1892599999999973
0
LINE
8
BLACK
6
CONTINUOUS
10
94.7293829999999986
20
-56.1892599999999973
11
94.4897849999999977
21
-56.1114099999999993
0
LINE
8
BLACK
6
CONTINUOUS
10
94.4897849999999977
20
-56.1114099999999993
11
94.3369299999999953
21
-56.0871999999999957
0
LINE
8
BLACK
6
CONTINUOUS
10
94.3369299999999953
20
-56.0871999999999957
11
94.2409619999999961
21
-56.0719999999999956
0
LINE
8
BLACK
6
CONTINUOUS
10
94.2409619999999961
20
-56.0719999999999956
11
94.2409609999999986
21
-56.0719999999999956
0
LINE
8
BLACK
6
CONTINUOUS
10
94.2409609999999986
20
-56.0719999999999956
11
94.0241469999999993
21
-56.0719999999999956
0
LINE
8
BLACK
6
CONTINUOUS
10
94.0241469999999993
20
-56.0719999999999956
11
93.957107999999991
21
-56.0523150000000001
0
LINE
8
BLACK
6
CONTINUOUS
10
93.957107999999991
20
-56.0523150000000001
11
93.9113529999999912
21
-55.9995109999999983
0
LINE
8
BLACK
6
CONTINUOUS
10
93.9113529999999912
20
-55.9995109999999983
11
93.901409000000001
21
-55.9303529999999967
0
LINE
8
BLACK
6
CONTINUOUS
10
93.901409000000001
20
-55.9303529999999967
11
93.9304339999999911
21
-55.8667969999999983
0
LINE
8
BLACK
6
CONTINUOUS
10
93.9304339999999911
20
-55.8667969999999983
11
93.9364659999999958
21
-55.8603189999999969
0
LINE
8
BLACK
6
CONTINUOUS
10
93.9364659999999958
20
-55.8603189999999969
11
101.2474649999999912
21
-48.549318999999997
0
LINE
8
BLACK
6
CONTINUOUS
10
101.2474649999999912
20
-48.549318999999997
11
101.3087879999999927
21
-48.5158339999999981
0
LINE
8
BLACK
6
CONTINUOUS
10
101.3087879999999927
20
-48.5158339999999981
11
101.3351459999999946
21
-48.5129999999999981
0
LINE
8
BLACK
6
CONTINUOUS
10
101.3351459999999946
20
-48.5129999999999981
11
109.9654999999999916
21
-48.5129999999999981
0
LINE
8
BLACK
6
CONTINUOUS
10
109.9654999999999916
20
-48.5129999999999981
11
110.0325389999999999
21
-48.5326850000000007
0
LINE
8
BLACK
6
CONTINUOUS
10
110.0325389999999999
20
-48.5326850000000007
11
110.0782939999999996
21
-48.5854889999999955
0
LINE
8
BLACK
6
CONTINUOUS
10
110.0782939999999996
20
-48.5854889999999955
11
110.089500000000001
21
-48.6370000000000005
0
LINE
8
BLACK
6
CONTINUOUS
10
110.089500000000001
20
-48.6370000000000005
11
110.089500000000001
21
-48.7574599999999947
0
LINE
8
BLACK
6
CONTINUOUS
10
110.089500000000001
20
-48.7574599999999947
11
110.1046300000000002
21
-48.8917489999999972
0
LINE
8
BLACK
6
CONTINUOUS
10
110.1046300000000002
20
-48.8917489999999972
11
110.1046309999999977
21
-48.8917539999999988
0
LINE
8
BLACK
6
CONTINUOUS
10
110.1046309999999977
20
-48.8917539999999988
11
110.1642109999999946
21
-49.0620229999999964
0
LINE
8
BLACK
6
CONTINUOUS
10
110.1642109999999946
20
-49.0620229999999964
11
110.1800190000000015
21
-49.0871810000000011
0
LINE
8
BLACK
6
CONTINUOUS
10
110.1800190000000015
20
-49.0871810000000011
11
110.2601839999999953
21
-49.2147620000000003
0
LINE
8
BLACK
6
CONTINUOUS
10
110.2601839999999953
20
-49.2147620000000003
11
110.3877379999999988
21
-49.3423159999999967
0
LINE
8
BLACK
6
CONTINUOUS
10
110.3877379999999988
20
-49.3423159999999967
11
110.5404779999999931
21
-49.4382889999999975
0
LINE
8
BLACK
6
CONTINUOUS
10
110.5404779999999931
20
-49.4382889999999975
11
110.7107449999999886
21
-49.4978679999999969
0
LINE
8
BLACK
6
CONTINUOUS
10
110.7107449999999886
20
-49.4978679999999969
11
110.7107499999999902
21
-49.4978689999999943
0
LINE
8
BLACK
6
CONTINUOUS
10
110.7107499999999902
20
-49.4978689999999943
11
110.8012459999999919
21
-49.5080649999999949
0
LINE
8
BLACK
6
CONTINUOUS
10
110.8012459999999919
20
-49.5080649999999949
11
110.8450399999999973
21
-49.5129990000000006
0
LINE
8
BLACK
6
CONTINUOUS
10
110.8450399999999973
20
-49.5129990000000006
11
110.8450429999999898
21
-49.5129999999999981
0
LINE
8
BLACK
6
CONTINUOUS
10
110.8450429999999898
20
-49.5129999999999981
11
110.8450459999999964
21
-49.5129999999999981
0
LINE
8
BLACK
6
CONTINUOUS
10
110.8450459999999964
20
-49.5129999999999981
11
113.9349569999999972
21
-49.5129999999999981
0
LINE
8
BLACK
6
CONTINUOUS
10
113.9349569999999972
20
-49.5129999999999981
11
113.9349579999999946
21
-49.5129990000000006
0
LINE
8
BLACK
6
CONTINUOUS
10
113.9349579999999946
20
-49.5129990000000006
11
114.0021039999999886
21
-49.505434000000001
0
LINE
8
BLACK
6
CONTINUOUS
10
114.0021039999999886
20
-49.505434000000001
11
114.0692489999999992
21
-49.4978689999999943
0
LINE
8
BLACK
6
CONTINUOUS
10
114.0692489999999992
20
-49.4978689999999943
11
114.0692519999999917
21
-49.4978679999999969
0
LINE
8
BLACK
6
CONTINUOUS
10
114.0692519999999917
20
-49.4978679999999969
11
114.0692549999999983
21
-49.4978679999999969
0
LINE
8
BLACK
6
CONTINUOUS
10
114.0692549999999983
20
-49.4978679999999969
11
114.2395219999999938
21
-49.4382889999999975
0
LINE
8
BLACK
6
CONTINUOUS
10
114.2395219999999938
20
-49.4382889999999975
11
114.3922619999999881
21
-49.3423159999999967
0
LINE
8
BLACK
6
CONTINUOUS
10
114.3922619999999881
20
-49.3423159999999967
11
114.5198159999999916
21
-49.2147620000000003
0
LINE
8
BLACK
6
CONTINUOUS
10
114.5198159999999916
20
-49.2147620000000003
11
114.6157889999999924
21
-49.0620219999999989
0
LINE
8
BLACK
6
CONTINUOUS
10
114.6157889999999924
20
-49.0620219999999989
11
114.6753679999999918
21
-48.8917549999999963
0
LINE
8
BLACK
6
CONTINUOUS
10
114.6753679999999918
20
-48.8917549999999963
11
114.6905000000000001
21
-48.7574539999999956
0
LINE
8
BLACK
6
CONTINUOUS
10
114.6905000000000001
20
-48.7574539999999956
11
114.6905000000000001
21
-45.8266999999999953
0
LINE
8
BLACK
6
CONTINUOUS
10
114.6905000000000001
20
-45.8266999999999953
11
114.7101849999999956
21
-45.7596610000000013
0
LINE
8
BLACK
6
CONTINUOUS
10
114.7101849999999956
20
-45.7596610000000013
11
114.7629889999999904
21
-45.7139060000000015
0
LINE
8
BLACK
6
CONTINUOUS
10
114.7629889999999904
20
-45.7139060000000015
11
114.8144999999999953
21
-45.7027000000000001
0
LINE
8
BLACK
6
CONTINUOUS
10
114.8144999999999953
20
-45.7027000000000001
11
115.4773459999999972
21
-45.7027000000000001
0
LINE
8
BLACK
6
CONTINUOUS
10
115.4773459999999972
20
-45.7027000000000001
11
115.5443849999999912
21
-45.7223849999999956
0
LINE
8
BLACK
6
CONTINUOUS
10
56.7599929999999944
20
-87.0423849999999959
11
56.8057479999999941
21
-87.0951889999999906
0
LINE
8
BLACK
6
CONTINUOUS
10
56.8057479999999941
20
-87.0951889999999906
11
56.8156919999999985
21
-87.1643469999999922
0
LINE
8
BLACK
6
CONTINUOUS
10
56.8156919999999985
20
-87.1643469999999922
11
56.7866669999999942
21
-87.2279029999999977
0
LINE
8
BLACK
6
CONTINUOUS
10
56.7866669999999942
20
-87.2279029999999977
11
56.7806369999999987
21
-87.2343779999999924
0
LINE
8
BLACK
6
CONTINUOUS
10
56.7806369999999987
20
-87.2343779999999924
11
56.2208959999999962
21
-87.7941189999999949
0
LINE
8
BLACK
6
CONTINUOUS
10
56.2208959999999962
20
-87.7941189999999949
11
55.6643339999999966
21
-88.3506809999999945
0
LINE
8
BLACK
6
CONTINUOUS
10
55.6643339999999966
20
-88.3506809999999945
11
55.6371109999999973
21
-88.3655449999999973
0
LINE
8
BLACK
6
CONTINUOUS
10
55.6371109999999973
20
-88.3655449999999973
11
55.6109200000000001
21
-88.3821709999999996
0
LINE
8
BLACK
6
CONTINUOUS
10
55.6109200000000001
20
-88.3821709999999996
11
55.6051839999999942
21
-88.3829789999999917
0
LINE
8
BLACK
6
CONTINUOUS
10
55.6051839999999942
20
-88.3829789999999917
11
55.6030109999999951
21
-88.3841659999999933
0
LINE
8
BLACK
6
CONTINUOUS
10
55.6030109999999951
20
-88.3841659999999933
11
55.5787149999999954
21
-88.3867089999999962
0
LINE
8
BLACK
6
CONTINUOUS
10
55.5787149999999954
20
-88.3867089999999962
11
55.5766530000000003
21
-88.3870000000000005
0
LINE
8
BLACK
6
CONTINUOUS
10
55.5766530000000003
20
-88.3870000000000005
11
55.386140999999995
21
-88.3870000000000005
0
LINE
8
BLACK
6
CONTINUOUS
10
55.386140999999995
20
-88.3870000000000005
11
55.3191020000000009
21
-88.3673149999999907
0
LINE
8
BLACK
6
CONTINUOUS
10
55.3191020000000009
20
-88.3673149999999907
11
55.273346999999994
21
-88.314510999999996
0
LINE
8
BLACK
6
CONTINUOUS
10
55.273346999999994
20
-88.314510999999996
11
55.2634029999999967
21
-88.2453529999999944
0
LINE
8
BLACK
6
CONTINUOUS
10
55.2634029999999967
20
-88.2453529999999944
11
55.2857759999999985
21
-88.1901790000000005
0
LINE
8
BLACK
6
CONTINUOUS
10
55.2857759999999985
20
-88.1901790000000005
11
55.2857979999999998
21
-88.190148999999991
0
LINE
8
BLACK
6
CONTINUOUS
10
55.2857979999999998
20
-88.190148999999991
11
55.2865520000000004
21
-88.1891099999999994
0
LINE
8
BLACK
6
CONTINUOUS
10
55.2865520000000004
20
-88.1891099999999994
11
55.2921069999999943
21
-88.1835509999999942
0
LINE
8
BLACK
6
CONTINUOUS
10
55.2921069999999943
20
-88.1835509999999942
11
55.2936569999999961
21
-88.1802089999999907
0
LINE
8
BLACK
6
CONTINUOUS
10
55.2936569999999961
20
-88.1802089999999907
11
55.2985559999999978
21
-88.1770980000000009
0
LINE
8
BLACK
6
CONTINUOUS
10
55.2985559999999978
20
-88.1770980000000009
11
55.3140259999999984
21
-88.1616190000000017
0
LINE
8
BLACK
6
CONTINUOUS
10
55.3140259999999984
20
-88.1616190000000017
11
55.3445189999999982
21
-88.1394659999999988
0
LINE
8
BLACK
6
CONTINUOUS
10
55.3445189999999982
20
-88.1394659999999988
11
56.4249650000000003
21
-87.0590179999999947
0
LINE
8
BLACK
6
CONTINUOUS
10
56.4249650000000003
20
-87.0590179999999947
11
56.4518920000000008
21
-87.0443149999999974
0
LINE
8
BLACK
6
CONTINUOUS
10
56.4518920000000008
20
-87.0443149999999974
11
56.4777109999999993
21
-87.0277229999999946
0
LINE
8
BLACK
6
CONTINUOUS
10
56.4777109999999993
20
-87.0277229999999946
11
56.4839109999999991
21
-87.0268310000000014
0
LINE
8
BLACK
6
CONTINUOUS
10
56.4839109999999991
20
-87.0268310000000014
11
56.4862879999999947
21
-87.0255339999999933
0
LINE
8
BLACK
6
CONTINUOUS
10
56.4862879999999947
20
-87.0255339999999933
11
56.5126459999999966
21
-87.0227000000000004
0
LINE
8
BLACK
6
CONTINUOUS
10
56.5126459999999966
20
-87.0227000000000004
11
56.6929540000000003
21
-87.0227000000000004
0
LINE
8
BLACK
6
CONTINUOUS
10
56.6929540000000003
20
-87.0227000000000004
11
56.7599929999999944
21
-87.0423849999999959
0
LINE
8
BLACK
6
CONTINUOUS
10
81.0374029999999976
20
-59.4962339999999941
11
81.0438809999999989
21
-59.5022659999999988
0
LINE
8
BLACK
6
CONTINUOUS
10
81.0438809999999989
20
-59.5022659999999988
11
82.7460809999999896
21
-61.2044659999999965
0
LINE
8
BLACK
6
CONTINUOUS
10
82.7460809999999896
20
-61.2044659999999965
11
82.9116889999999955
21
-61.3247870000000006
0
LINE
8
BLACK
6
CONTINUOUS
10
82.9116889999999955
20
-61.3247870000000006
11
82.9680070000000001
21
-61.3534819999999996
0
LINE
8
BLACK
6
CONTINUOUS
10
82.9680070000000001
20
-61.3534819999999996
11
83.0940810000000027
21
-61.4177199999999957
0
LINE
8
BLACK
6
CONTINUOUS
10
83.0940810000000027
20
-61.4177199999999957
11
83.1420099999999991
21
-61.433292999999999
0
LINE
8
BLACK
6
CONTINUOUS
10
83.1420099999999991
20
-61.433292999999999
11
83.2887649999999979
21
-61.4809769999999958
0
LINE
8
BLACK
6
CONTINUOUS
10
83.2887649999999979
20
-61.4809769999999958
11
83.490948000000003
21
-61.5129999999999981
0
LINE
8
BLACK
6
CONTINUOUS
10
83.490948000000003
20
-61.5129999999999981
11
83.6956519999999955
21
-61.5129999999999981
0
LINE
8
BLACK
6
CONTINUOUS
10
83.6956519999999955
20
-61.5129999999999981
11
84.3738579999999985
21
-61.5129999999999981
0
LINE
8
BLACK
6
CONTINUOUS
10
84.3738579999999985
20
-61.5129999999999981
11
84.4408969999999925
21
-61.5326850000000007
0
LINE
8
BLACK
6
CONTINUOUS
10
84.4408969999999925
20
-61.5326850000000007
11
84.4866519999999923
21
-61.5854889999999955
0
LINE
8
BLACK
6
CONTINUOUS
10
84.4866519999999923
20
-61.5854889999999955
11
84.4965959999999967
21
-61.6546469999999971
0
LINE
8
BLACK
6
CONTINUOUS
10
84.4965959999999967
20
-61.6546469999999971
11
84.4741759999999999
21
-61.7098849999999999
0
LINE
8
BLACK
6
CONTINUOUS
10
84.4741759999999999
20
-61.7098849999999999
11
84.3261320000000012
21
-61.9136509999999944
0
LINE
8
BLACK
6
CONTINUOUS
10
84.3261320000000012
20
-61.9136509999999944
11
84.2117599999999982
21
-62.1381159999999966
0
LINE
8
BLACK
6
CONTINUOUS
10
84.2117599999999982
20
-62.1381159999999966
11
84.1339100000000002
21
-62.3777139999999974
0
LINE
8
BLACK
6
CONTINUOUS
10
84.1339100000000002
20
-62.3777139999999974
11
84.0944999999999965
21
-62.6265379999999965
0
LINE
8
BLACK
6
CONTINUOUS
10
84.0944999999999965
20
-62.6265379999999965
11
84.0944999999999965
21
-62.8784609999999944
0
LINE
8
BLACK
6
CONTINUOUS
10
84.0944999999999965
20
-62.8784609999999944
11
84.1339100000000002
21
-63.1272850000000005
0
LINE
8
BLACK
6
CONTINUOUS
10
84.1339100000000002
20
-63.1272850000000005
11
84.2117599999999982
21
-63.3668829999999943
0
LINE
8
BLACK
6
CONTINUOUS
10
84.2117599999999982
20
-63.3668829999999943
11
84.3261320000000012
21
-63.5913479999999964
0
LINE
8
BLACK
6
CONTINUOUS
10
84.3261320000000012
20
-63.5913479999999964
11
84.4742009999999937
21
-63.795148999999995
0
LINE
8
BLACK
6
CONTINUOUS
10
84.4742009999999937
20
-63.795148999999995
11
84.4742049999999978
21
-63.7951539999999966
0
LINE
8
BLACK
6
CONTINUOUS
10
84.4742049999999978
20
-63.7951539999999966
11
84.6523449999999968
21
-63.9732939999999957
0
LINE
8
BLACK
6
CONTINUOUS
10
84.6523449999999968
20
-63.9732939999999957
11
84.6523499999999984
21
-63.9732979999999998
0
LINE
8
BLACK
6
CONTINUOUS
10
84.6523499999999984
20
-63.9732979999999998
11
84.7417140000000018
21
-64.0382239999999996
0
LINE
8
BLACK
6
CONTINUOUS
10
84.7417140000000018
20
-64.0382239999999996
11
84.8561550000000011
21
-64.1213699999999989
0
LINE
8
BLACK
6
CONTINUOUS
10
84.8561550000000011
20
-64.1213699999999989
11
84.9991839999999996
21
-64.1942469999999901
0
LINE
8
BLACK
6
CONTINUOUS
10
84.9991839999999996
20
-64.1942469999999901
11
85.080615999999992
21
-64.2357389999999953
0
LINE
8
BLACK
6
CONTINUOUS
10
85.080615999999992
20
-64.2357389999999953
11
85.0806180000000012
21
-64.2357389999999953
0
LINE
8
BLACK
6
CONTINUOUS
10
85.0806180000000012
20
-64.2357389999999953
11
85.0806209999999936
21
-64.2357409999999902
0
LINE
8
BLACK
6
CONTINUOUS
10
85.0806209999999936
20
-64.2357409999999902
11
85.3202149999999904
21
-64.3135899999999907
0
LINE
8
BLACK
6
CONTINUOUS
10
85.3202149999999904
20
-64.3135899999999907
11
85.5690379999999919
21
-64.3529999999999944
0
LINE
8
BLACK
6
CONTINUOUS
10
85.5690379999999919
20
-64.3529999999999944
11
85.5690389999999894
21
-64.3529999999999944
0
LINE
8
BLACK
6
CONTINUOUS
10
85.5690389999999894
20
-64.3529999999999944
11
86.6209609999999941
21
-64.3529999999999944
0
LINE
8
BLACK
6
CONTINUOUS
10
86.6209609999999941
20
-64.3529999999999944
11
86.6209619999999916
21
-64.3529999999999944
0
LINE
8
BLACK
6
CONTINUOUS
10
86.6209619999999916
20
-64.3529999999999944
11
86.8697849999999931
21
-64.3135899999999907
0
LINE
8
BLACK
6
CONTINUOUS
10
86.8697849999999931
20
-64.3135899999999907
11
87.1093789999999899
21
-64.2357409999999902
0
LINE
8
BLACK
6
CONTINUOUS
10
87.1093789999999899
20
-64.2357409999999902
11
87.3338449999999966
21
-64.1213699999999989
0
LINE
8
BLACK
6
CONTINUOUS
10
87.3338449999999966
20
-64.1213699999999989
11
87.5067149999999998
21
-63.9957729999999998
0
LINE
8
BLACK
6
CONTINUOUS
10
87.5067149999999998
20
-63.9957729999999998
11
87.5725209999999947
21
-63.9722930000000005
0
LINE
8
BLACK
6
CONTINUOUS
10
87.5725209999999947
20
-63.9722930000000005
11
87.6405749999999983
21
-63.9881180000000001
0
LINE
8
BLACK
6
CONTINUOUS
10
87.6405749999999983
20
-63.9881180000000001
11
87.6892699999999934
21
-64.0382239999999996
0
LINE
8
BLACK
6
CONTINUOUS
10
87.6892699999999934
20
-64.0382239999999996
11
87.7035999999999945
21
-64.0960910000000013
0
LINE
8
BLACK
6
CONTINUOUS
10
87.7035999999999945
20
-64.0960910000000013
11
87.7035999999999945
21
-84.5493529999999964
0
LINE
8
BLACK
6
CONTINUOUS
10
87.7035999999999945
20
-84.5493529999999964
11
87.6839149999999989
21
-84.6163919999999905
0
LINE
8
BLACK
6
CONTINUOUS
10
87.6839149999999989
20
-84.6163919999999905
11
87.6672810000000027
21
-84.6370339999999999
0
LINE
8
BLACK
6
CONTINUOUS
10
87.6672810000000027
20
-84.6370339999999999
11
86.0778339999999957
21
-86.2264809999999926
0
LINE
8
BLACK
6
CONTINUOUS
10
86.0778339999999957
20
-86.2264809999999926
11
86.0165109999999942
21
-86.2599659999999915
0
LINE
8
BLACK
6
CONTINUOUS
10
86.0165109999999942
20
-86.2599659999999915
11
85.9901529999999923
21
-86.2627999999999986
0
LINE
8
BLACK
6
CONTINUOUS
10
85.9901529999999923
20
-86.2627999999999986
11
78.6262479999999897
21
-86.2627999999999986
0
LINE
8
BLACK
6
CONTINUOUS
10
78.6262479999999897
20
-86.2627999999999986
11
78.6019289999999984
21
-86.266650999999996
0
LINE
8
BLACK
6
CONTINUOUS
10
78.6019289999999984
20
-86.266650999999996
11
78.4240649999999988
21
-86.2948219999999964
0
LINE
8
BLACK
6
CONTINUOUS
10
78.4240649999999988
20
-86.2948219999999964
11
78.229376000000002
21
-86.3580809999999985
0
LINE
8
BLACK
6
CONTINUOUS
10
78.229376000000002
20
-86.3580809999999985
11
78.0469909999999913
21
-86.4510119999999915
0
LINE
8
BLACK
6
CONTINUOUS
10
78.0469909999999913
20
-86.4510119999999915
11
78.0469870000000014
21
-86.4510140000000007
0
LINE
8
BLACK
6
CONTINUOUS
10
78.0469870000000014
20
-86.4510140000000007
11
77.9543749999999989
21
-86.5183009999999939
0
LINE
8
BLACK
6
CONTINUOUS
10
77.9543749999999989
20
-86.5183009999999939
11
77.9543740000000014
21
-86.5183019999999914
0
LINE
8
BLACK
6
CONTINUOUS
10
77.9543740000000014
20
-86.5183019999999914
11
77.8813839999999971
21
-86.571329999999989
0
LINE
8
BLACK
6
CONTINUOUS
10
77.8813839999999971
20
-86.571329999999989
11
77.8813820000000021
21
-86.5713319999999982
0
LINE
8
BLACK
6
CONTINUOUS
10
77.8813820000000021
20
-86.5713319999999982
11
76.6920810000000017
21
-87.760633999999996
0
LINE
8
BLACK
6
CONTINUOUS
10
76.6920810000000017
20
-87.760633999999996
11
76.6307580000000002
21
-87.7941189999999949
0
LINE
8
BLACK
6
CONTINUOUS
10
76.6307580000000002
20
-87.7941189999999949
11
76.5610659999999967
21
-87.7891350000000017
0
LINE
8
BLACK
6
CONTINUOUS
10
76.5610659999999967
20
-87.7891350000000017
11
76.5167189999999948
21
-87.760633999999996
0
LINE
8
BLACK
6
CONTINUOUS
10
76.5167189999999948
20
-87.760633999999996
11
67.717220999999995
21
-78.9611359999999962
0
LINE
8
BLACK
6
CONTINUOUS
10
67.717220999999995
20
-78.9611359999999962
11
67.7172190000000001
21
-78.9611340000000013
0
LINE
8
BLACK
6
CONTINUOUS
10
67.7172190000000001
20
-78.9611340000000013
11
67.5516109999999941
21
-78.8408129999999971
0
LINE
8
BLACK
6
CONTINUOUS
10
67.5516109999999941
20
-78.8408129999999971
11
67.4604140000000001
21
-78.7943459999999902
0
LINE
8
BLACK
6
CONTINUOUS
10
67.4604140000000001
20
-78.7943459999999902
11
67.4604119999999909
21
-78.7943449999999928
0
LINE
8
BLACK
6
CONTINUOUS
10
67.4604119999999909
20
-78.7943449999999928
11
67.369222999999991
21
-78.7478809999999925
0
LINE
8
BLACK
6
CONTINUOUS
10
67.369222999999991
20
-78.7478809999999925
11
67.3225149999999957
21
-78.7327039999999982
0
LINE
8
BLACK
6
CONTINUOUS
10
67.3225149999999957
20
-78.7327039999999982
11
67.2718759999999918
21
-78.7162509999999997
0
LINE
8
BLACK
6
CONTINUOUS
10
67.2718759999999918
20
-78.7162509999999997
11
67.2480029999999971
21
-78.7084940000000017
0
LINE
8
BLACK
6
CONTINUOUS
10
67.2480029999999971
20
-78.7084940000000017
11
67.1745349999999917
21
-78.6846219999999903
0
LINE
8
BLACK
6
CONTINUOUS
10
67.1745349999999917
20
-78.6846219999999903
11
66.9999949999999984
21
-78.6569779999999952
0
LINE
8
BLACK
6
CONTINUOUS
10
66.9999949999999984
20
-78.6569779999999952
11
66.9723520000000008
21
-78.6525999999999925
0
LINE
8
BLACK
6
CONTINUOUS
10
66.9723520000000008
20
-78.6525999999999925
11
52.2261479999999949
21
-78.6525999999999925
0
LINE
8
BLACK
6
CONTINUOUS
10
52.2261479999999949
20
-78.6525999999999925
11
52.2261439999999979
21
-78.6525999999999925
0
LINE
8
BLACK
6
CONTINUOUS
10
52.2261439999999979
20
-78.6525999999999925
11
52.145274999999998
21
-78.6654079999999993
0
LINE
8
BLACK
6
CONTINUOUS
10
52.145274999999998
20
-78.6654079999999993
11
52.1250569999999982
21
-78.6686109999999985
0
LINE
8
BLACK
6
CONTINUOUS
10
52.1250569999999982
20
-78.6686109999999985
11
52.0239639999999994
21
-78.6846219999999903
0
LINE
8
BLACK
6
CONTINUOUS
10
52.0239639999999994
20
-78.6846219999999903
11
51.9266229999999993
21
-78.7162500000000023
0
LINE
8
BLACK
6
CONTINUOUS
10
51.9266229999999993
20
-78.7162500000000023
11
51.9266229999999993
21
-78.7162509999999997
0
LINE
8
BLACK
6
CONTINUOUS
10
51.9266229999999993
20
-78.7162509999999997
11
51.8738519999999994
21
-78.7333969999999965
0
LINE
8
BLACK
6
CONTINUOUS
10
51.8738519999999994
20
-78.7333969999999965
11
51.8292739999999981
21
-78.7478819999999899
0
LINE
8
BLACK
6
CONTINUOUS
10
51.8292739999999981
20
-78.7478819999999899
11
51.7380840000000006
21
-78.7943449999999928
0
LINE
8
BLACK
6
CONTINUOUS
10
51.7380840000000006
20
-78.7943449999999928
11
51.7380849999999981
21
-78.7943459999999902
0
LINE
8
BLACK
6
CONTINUOUS
10
51.7380849999999981
20
-78.7943459999999902
11
51.6468849999999975
21
-78.8408149999999921
0
LINE
8
BLACK
6
CONTINUOUS
10
51.6468849999999975
20
-78.8408149999999921
11
51.5640849999999986
21
-78.9009719999999959
0
LINE
8
BLACK
6
CONTINUOUS
10
51.5640849999999986
20
-78.9009719999999959
11
51.5640849999999986
21
-78.9009729999999934
0
LINE
8
BLACK
6
CONTINUOUS
10
51.5640849999999986
20
-78.9009729999999934
11
51.4812809999999956
21
-78.9611340000000013
0
LINE
8
BLACK
6
CONTINUOUS
10
51.4812809999999956
20
-78.9611340000000013
11
51.4812790000000007
21
-78.9611359999999962
0
LINE
8
BLACK
6
CONTINUOUS
10
51.4812790000000007
20
-78.9611359999999962
11
51.4812779999999961
21
-78.9611359999999962
0
LINE
8
BLACK
6
CONTINUOUS
10
51.4812779999999961
20
-78.9611359999999962
11
48.2571809999999957
21
-82.1852339999999941
0
LINE
8
BLACK
6
CONTINUOUS
10
48.2571809999999957
20
-82.1852339999999941
11
48.2377439999999993
21
-82.1958460000000031
0
LINE
8
BLACK
6
CONTINUOUS
10
48.2377439999999993
20
-82.1958460000000031
11
48.2210109999999972
21
-82.2103469999999987
0
LINE
8
BLACK
6
CONTINUOUS
10
48.2210109999999972
20
-82.2103469999999987
11
48.2076789999999988
21
-82.212262999999993
0
LINE
8
BLACK
6
CONTINUOUS
10
48.2076789999999988
20
-82.212262999999993
11
48.1958580000000012
21
-82.218718999999993
0
LINE
8
BLACK
6
CONTINUOUS
10
48.1958580000000012
20
-82.218718999999993
11
48.173770999999995
21
-82.2171390000000031
0
LINE
8
BLACK
6
CONTINUOUS
10
48.173770999999995
20
-82.2171390000000031
11
48.1518529999999956
21
-82.2202910000000031
0
LINE
8
BLACK
6
CONTINUOUS
10
48.1518529999999956
20
-82.2202910000000031
11
48.139600999999999
21
-82.2146949999999919
0
LINE
8
BLACK
6
CONTINUOUS
10
48.139600999999999
20
-82.2146949999999919
11
48.1261659999999978
21
-82.2137349999999998
0
LINE
8
BLACK
6
CONTINUOUS
10
48.1261659999999978
20
-82.2137349999999998
11
48.1084389999999971
21
-82.2004639999999966
0
LINE
8
BLACK
6
CONTINUOUS
10
48.1084389999999971
20
-82.2004639999999966
11
48.0882969999999972
21
-82.1912659999999988
0
LINE
8
BLACK
6
CONTINUOUS
10
48.0882969999999972
20
-82.1912659999999988
11
48.0810139999999961
21
-82.1799340000000029
0
LINE
8
BLACK
6
CONTINUOUS
10
48.0810139999999961
20
-82.1799340000000029
11
48.0702329999999947
21
-82.1718630000000019
0
LINE
8
BLACK
6
CONTINUOUS
10
48.0702329999999947
20
-82.1718630000000019
11
48.0624949999999984
21
-82.1511169999999993
0
LINE
8
BLACK
6
CONTINUOUS
10
48.0624949999999984
20
-82.1511169999999993
11
48.0505229999999983
21
-82.1324879999999951
0
LINE
8
BLACK
6
CONTINUOUS
10
48.0505229999999983
20
-82.1324879999999951
11
48.0473709999999983
21
-82.1105689999999981
0
LINE
8
BLACK
6
CONTINUOUS
10
48.0473709999999983
20
-82.1105689999999981
11
48.045815999999995
21
-82.1063989999999961
0
LINE
8
BLACK
6
CONTINUOUS
10
48.045815999999995
20
-82.1063989999999961
11
48.045499999999997
21
-82.0975529999999907
0
LINE
8
BLACK
6
CONTINUOUS
10
48.045499999999997
20
-82.0975529999999907
11
48.045499999999997
21
-81.9575459999999936
0
LINE
8
BLACK
6
CONTINUOUS
10
48.045499999999997
20
-81.9575459999999936
11
48.0651849999999996
21
-81.8905069999999995
0
LINE
8
BLACK
6
CONTINUOUS
10
48.0651849999999996
20
-81.8905069999999995
11
48.0818189999999959
21
-81.8698649999999901
0
LINE
8
BLACK
6
CONTINUOUS
10
48.0818189999999959
20
-81.8698649999999901
11
60.1818649999999948
21
-69.7698189999999983
0
LINE
8
BLACK
6
CONTINUOUS
10
60.1818649999999948
20
-69.7698189999999983
11
60.2431879999999964
21
-69.7363339999999994
0
LINE
8
BLACK
6
CONTINUOUS
10
60.2431879999999964
20
-69.7363339999999994
11
60.2695459999999983
21
-69.7334999999999923
0
LINE
8
BLACK
6
CONTINUOUS
10
60.2695459999999983
20
-69.7334999999999923
11
72.7588509999999928
21
-69.7334999999999923
0
LINE
8
BLACK
6
CONTINUOUS
10
72.7588509999999928
20
-69.7334999999999923
11
72.7588519999999903
21
-69.7334999999999923
0
LINE
8
BLACK
6
CONTINUOUS
10
72.7588519999999903
20
-69.7334999999999923
11
72.9610349999999954
21
-69.701476999999997
0
LINE
8
BLACK
6
CONTINUOUS
10
72.9610349999999954
20
-69.701476999999997
11
73.0583759999999955
21
-69.6698480000000018
0
LINE
8
BLACK
6
CONTINUOUS
10
73.0583759999999955
20
-69.6698480000000018
11
73.1557189999999906
21
-69.6382199999999898
0
LINE
8
BLACK
6
CONTINUOUS
10
73.1557189999999906
20
-69.6382199999999898
11
73.2469139999999896
21
-69.5917529999999971
0
LINE
8
BLACK
6
CONTINUOUS
10
73.2469139999999896
20
-69.5917529999999971
11
73.3381109999999978
21
-69.5452870000000019
0
LINE
8
BLACK
6
CONTINUOUS
10
73.3381109999999978
20
-69.5452870000000019
11
73.5037189999999896
21
-69.4249659999999977
0
LINE
8
BLACK
6
CONTINUOUS
10
73.5037189999999896
20
-69.4249659999999977
11
80.5236659999999915
21
-62.4050189999999958
0
LINE
8
BLACK
6
CONTINUOUS
10
80.5236659999999915
20
-62.4050189999999958
11
80.6439869999999956
21
-62.2394109999999969
0
LINE
8
BLACK
6
CONTINUOUS
10
80.6439869999999956
20
-62.2394109999999969
11
80.6955959999999948
21
-62.1381209999999982
0
LINE
8
BLACK
6
CONTINUOUS
10
80.6955959999999948
20
-62.1381209999999982
11
80.7369199999999978
21
-62.0570189999999968
0
LINE
8
BLACK
6
CONTINUOUS
10
80.7369199999999978
20
-62.0570189999999968
11
80.7803239999999931
21
-61.9234349999999978
0
LINE
8
BLACK
6
CONTINUOUS
10
80.7803239999999931
20
-61.9234349999999978
11
80.8001769999999908
21
-61.8623349999999945
0
LINE
8
BLACK
6
CONTINUOUS
10
80.8001769999999908
20
-61.8623349999999945
11
80.8322000000000003
21
-61.6601519999999965
0
LINE
8
BLACK
6
CONTINUOUS
10
80.8322000000000003
20
-61.6601519999999965
11
80.8322000000000003
21
-61.455447999999997
0
LINE
8
BLACK
6
CONTINUOUS
10
80.8322000000000003
20
-61.455447999999997
11
80.8322000000000003
21
-59.5899469999999951
0
LINE
8
BLACK
6
CONTINUOUS
10
80.8322000000000003
20
-59.5899469999999951
11
80.8518849999999958
21
-59.5229079999999939
0
LINE
8
BLACK
6
CONTINUOUS
10
80.8518849999999958
20
-59.5229079999999939
11
80.9046889999999905
21
-59.4771529999999942
0
LINE
8
BLACK
6
CONTINUOUS
10
80.9046889999999905
20
-59.4771529999999942
11
80.9738469999999921
21
-59.4672089999999969
0
LINE
8
BLACK
6
CONTINUOUS
10
80.9738469999999921
20
-59.4672089999999969
11
81.0374029999999976
21
-59.4962339999999941
0
LINE
8
BLACK
6
CONTINUOUS
10
54.1434139999999999
20
-83.8113519999999994
11
54.2972279999999969
21
-83.8419480000000021
0
LINE
8
BLACK
6
CONTINUOUS
10
54.2972279999999969
20
-83.8419480000000021
11
54.4421169999999961
21
-83.901962999999995
0
LINE
8
BLACK
6
CONTINUOUS
10
54.4421169999999961
20
-83.901962999999995
11
54.5725149999999957
21
-83.9890919999999994
0
LINE
8
BLACK
6
CONTINUOUS
10
54.5725149999999957
20
-83.9890919999999994
11
54.683408
21
-84.0999849999999896
0
LINE
8
BLACK
6
CONTINUOUS
10
54.683408
20
-84.0999849999999896
11
54.7705369999999974
21
-84.2303829999999891
0
LINE
8
BLACK
6
CONTINUOUS
10
54.7705369999999974
20
-84.2303829999999891
11
54.8305519999999973
21
-84.3752719999999954
0
LINE
8
BLACK
6
CONTINUOUS
10
54.8305519999999973
20
-84.3752719999999954
11
54.861148
21
-84.5290859999999924
0
LINE
8
BLACK
6
CONTINUOUS
10
54.861148
20
-84.5290859999999924
11
54.861148
21
-84.6859139999999968
0
LINE
8
BLACK
6
CONTINUOUS
10
54.861148
20
-84.6859139999999968
11
54.8305519999999973
21
-84.8397279999999938
0
LINE
8
BLACK
6
CONTINUOUS
10
54.8305519999999973
20
-84.8397279999999938
11
54.7705369999999974
21
-84.9846170000000001
0
LINE
8
BLACK
6
CONTINUOUS
10
54.7705369999999974
20
-84.9846170000000001
11
54.683408
21
-85.1150149999999996
0
LINE
8
BLACK
6
CONTINUOUS
10
54.683408
20
-85.1150149999999996
11
54.5725149999999957
21
-85.2259079999999898
0
LINE
8
BLACK
6
CONTINUOUS
10
54.5725149999999957
20
-85.2259079999999898
11
54.4421169999999961
21
-85.3130369999999942
0
LINE
8
BLACK
6
CONTINUOUS
10
54.4421169999999961
20
-85.3130369999999942
11
54.2972279999999969
21
-85.3730520000000013
0
LINE
8
BLACK
6
CONTINUOUS
10
54.2972279999999969
20
-85.3730520000000013
11
54.1434139999999999
21
-85.4036479999999898
0
LINE
8
BLACK
6
CONTINUOUS
10
54.1434139999999999
20
-85.4036479999999898
11
54.0649999999999977
21
-85.4074999999999989
0
LINE
8
BLACK
6
CONTINUOUS
10
54.0649999999999977
20
-85.4074999999999989
11
53.2650000000000006
21
-85.4074999999999989
0
LINE
8
BLACK
6
CONTINUOUS
10
53.2650000000000006
20
-85.4074999999999989
11
53.1865859999999984
21
-85.4036479999999898
0
LINE
8
BLACK
6
CONTINUOUS
10
53.1865859999999984
20
-85.4036479999999898
11
53.0327719999999943
21
-85.3730520000000013
0
LINE
8
BLACK
6
CONTINUOUS
10
53.0327719999999943
20
-85.3730520000000013
11
52.8878829999999951
21
-85.3130369999999942
0
LINE
8
BLACK
6
CONTINUOUS
10
52.8878829999999951
20
-85.3130369999999942
11
52.7574849999999955
21
-85.2259079999999898
0
LINE
8
BLACK
6
CONTINUOUS
10
52.7574849999999955
20
-85.2259079999999898
11
52.6465919999999983
21
-85.1150149999999996
0
LINE
8
BLACK
6
CONTINUOUS
10
52.6465919999999983
20
-85.1150149999999996
11
52.5594630000000009
21
-84.9846170000000001
0
LINE
8
BLACK
6
CONTINUOUS
10
52.5594630000000009
20
-84.9846170000000001
11
52.499448000000001
21
-84.8397279999999938
0
LINE
8
BLACK
6
CONTINUOUS
10
52.499448000000001
20
-84.8397279999999938
11
52.4688519999999983
21
-84.6859139999999968
0
LINE
8
BLACK
6
CONTINUOUS
10
52.4688519999999983
20
-84.6859139999999968
11
52.4688519999999983
21
-84.5290859999999924
0
LINE
8
BLACK
6
CONTINUOUS
10
52.4688519999999983
20
-84.5290859999999924
11
52.499448000000001
21
-84.3752719999999954
0
LINE
8
BLACK
6
CONTINUOUS
10
52.499448000000001
20
-84.3752719999999954
11
52.5594630000000009
21
-84.2303829999999891
0
LINE
8
BLACK
6
CONTINUOUS
10
52.5594630000000009
20
-84.2303829999999891
11
52.6465919999999983
21
-84.0999849999999896
0
LINE
8
BLACK
6
CONTINUOUS
10
52.6465919999999983
20
-84.0999849999999896
11
52.7574849999999955
21
-83.9890919999999994
0
LINE
8
BLACK
6
CONTINUOUS
10
52.7574849999999955
20
-83.9890919999999994
11
52.8878829999999951
21
-83.901962999999995
0
LINE
8
BLACK
6
CONTINUOUS
10
52.8878829999999951
20
-83.901962999999995
11
53.0327719999999943
21
-83.8419480000000021
0
LINE
8
BLACK
6
CONTINUOUS
10
53.0327719999999943
20
-83.8419480000000021
11
53.1865859999999984
21
-83.8113519999999994
0
LINE
8
BLACK
6
CONTINUOUS
10
53.1865859999999984
20
-83.8113519999999994
11
53.2650000000000006
21
-83.8074999999999903
0
LINE
8
BLACK
6
CONTINUOUS
10
53.2650000000000006
20
-83.8074999999999903
11
54.0649999999999977
21
-83.8074999999999903
0
LINE
8
BLACK
6
CONTINUOUS
10
54.0649999999999977
20
-83.8074999999999903
11
54.1434139999999999
21
-83.8113519999999994
0
LINE
8
BLACK
6
CONTINUOUS
10
43.9638339999999985
20
-82.366264000000001
11
44.0197669999999945
21
-82.4081359999999989
0
LINE
8
BLACK
6
CONTINUOUS
10
44.0197669999999945
20
-82.4081359999999989
11
44.0441840000000013
21
-82.4735999999999905
0
LINE
8
BLACK
6
CONTINUOUS
10
44.0441840000000013
20
-82.4735999999999905
11
44.0444999999999993
21
-82.4824459999999959
0
LINE
8
BLACK
6
CONTINUOUS
10
44.0444999999999993
20
-82.4824459999999959
11
44.0444999999999993
21
-82.6691079999999943
0
LINE
8
BLACK
6
CONTINUOUS
10
44.0444999999999993
20
-82.6691079999999943
11
44.0495019999999968
21
-82.7198980000000006
0
LINE
8
BLACK
6
CONTINUOUS
10
44.0495019999999968
20
-82.7198980000000006
11
44.0596989999999948
21
-82.8234319999999968
0
LINE
8
BLACK
6
CONTINUOUS
10
44.0596989999999948
20
-82.8234319999999968
11
44.119768999999998
21
-83.0214579999999955
0
LINE
8
BLACK
6
CONTINUOUS
10
44.119768999999998
20
-83.0214579999999955
11
44.1748720000000006
21
-83.1245469999999926
0
LINE
8
BLACK
6
CONTINUOUS
10
44.1748720000000006
20
-83.1245469999999926
11
44.1891139999999965
21
-83.1929489999999987
0
LINE
8
BLACK
6
CONTINUOUS
10
44.1891139999999965
20
-83.1929489999999987
11
44.1641139999999979
21
-83.2581929999999915
0
LINE
8
BLACK
6
CONTINUOUS
10
44.1641139999999979
20
-83.2581929999999915
11
44.107808999999996
21
-83.2995639999999895
0
LINE
8
BLACK
6
CONTINUOUS
10
44.107808999999996
20
-83.2995639999999895
11
44.0655140000000003
21
-83.3070000000000022
0
LINE
8
BLACK
6
CONTINUOUS
10
44.0655140000000003
20
-83.3070000000000022
11
43.6456519999999983
21
-83.3070000000000022
0
LINE
8
BLACK
6
CONTINUOUS
10
43.6456519999999983
20
-83.3070000000000022
11
43.4409479999999988
21
-83.3070000000000022
0
LINE
8
BLACK
6
CONTINUOUS
10
43.4409479999999988
20
-83.3070000000000022
11
43.4147970000000001
21
-83.3111419999999896
0
LINE
8
BLACK
6
CONTINUOUS
10
43.4147970000000001
20
-83.3111419999999896
11
43.2387639999999962
21
-83.3390229999999974
0
LINE
8
BLACK
6
CONTINUOUS
10
43.2387639999999962
20
-83.3390229999999974
11
43.2112209999999948
21
-83.3479719999999986
0
LINE
8
BLACK
6
CONTINUOUS
10
43.2112209999999948
20
-83.3479719999999986
11
43.1413799999999981
21
-83.3499659999999949
0
LINE
8
BLACK
6
CONTINUOUS
10
43.1413799999999981
20
-83.3499659999999949
11
43.081547999999998
21
-83.3138840000000016
0
LINE
8
BLACK
6
CONTINUOUS
10
43.081547999999998
20
-83.3138840000000016
11
43.0507209999999958
21
-83.2511829999999975
0
LINE
8
BLACK
6
CONTINUOUS
10
43.0507209999999958
20
-83.2511829999999975
11
43.058686999999999
21
-83.1817690000000027
0
LINE
8
BLACK
6
CONTINUOUS
10
43.058686999999999
20
-83.1817690000000027
11
43.0852209999999971
21
-83.1423619999999914
0
LINE
8
BLACK
6
CONTINUOUS
10
43.0852209999999971
20
-83.1423619999999914
11
43.8328190000000006
21
-82.3947649999999925
0
LINE
8
BLACK
6
CONTINUOUS
10
43.8328190000000006
20
-82.3947649999999925
11
43.8941419999999951
21
-82.3612799999999936
0
LINE
8
BLACK
6
CONTINUOUS
10
43.8941419999999951
20
-82.3612799999999936
11
43.9638339999999985
21
-82.366264000000001
0
LINE
8
BLACK
6
CONTINUOUS
10
54.1434139999999999
20
-81.2713519999999932
11
54.2972279999999969
21
-81.3019479999999959
0
LINE
8
BLACK
6
CONTINUOUS
10
54.2972279999999969
20
-81.3019479999999959
11
54.4421169999999961
21
-81.3619630000000029
0
LINE
8
BLACK
6
CONTINUOUS
10
54.4421169999999961
20
-81.3619630000000029
11
54.5725149999999957
21
-81.4490919999999932
0
LINE
8
BLACK
6
CONTINUOUS
10
54.5725149999999957
20
-81.4490919999999932
11
54.683408
21
-81.5599849999999975
0
LINE
8
BLACK
6
CONTINUOUS
10
54.683408
20
-81.5599849999999975
11
54.7705369999999974
21
-81.6903829999999971
0
LINE
8
BLACK
6
CONTINUOUS
10
54.7705369999999974
20
-81.6903829999999971
11
54.8305519999999973
21
-81.8352720000000033
0
LINE
8
BLACK
6
CONTINUOUS
10
54.8305519999999973
20
-81.8352720000000033
11
54.861148
21
-81.9890860000000004
0
LINE
8
BLACK
6
CONTINUOUS
10
54.861148
20
-81.9890860000000004
11
54.861148
21
-82.1459139999999906
0
LINE
8
BLACK
6
CONTINUOUS
10
54.861148
20
-82.1459139999999906
11
54.8305519999999973
21
-82.2997280000000018
0
LINE
8
BLACK
6
CONTINUOUS
10
54.8305519999999973
20
-82.2997280000000018
11
54.7705369999999974
21
-82.4446169999999938
0
LINE
8
BLACK
6
CONTINUOUS
10
54.7705369999999974
20
-82.4446169999999938
11
54.683408
21
-82.5750149999999934
0
LINE
8
BLACK
6
CONTINUOUS
10
54.683408
20
-82.5750149999999934
11
54.5725149999999957
21
-82.6859079999999977
0
LINE
8
BLACK
6
CONTINUOUS
10
54.5725149999999957
20
-82.6859079999999977
11
54.4421169999999961
21
-82.7730370000000022
0
LINE
8
BLACK
6
CONTINUOUS
10
54.4421169999999961
20
-82.7730370000000022
11
54.2972279999999969
21
-82.833051999999995
0
LINE
8
BLACK
6
CONTINUOUS
10
54.2972279999999969
20
-82.833051999999995
11
54.1434139999999999
21
-82.8636479999999978
0
LINE
8
BLACK
6
CONTINUOUS
10
54.1434139999999999
20
-82.8636479999999978
11
54.0649999999999977
21
-82.8674999999999926
0
LINE
8
BLACK
6
CONTINUOUS
10
54.0649999999999977
20
-82.8674999999999926
11
53.2650000000000006
21
-82.8674999999999926
0
LINE
8
BLACK
6
CONTINUOUS
10
53.2650000000000006
20
-82.8674999999999926
11
53.1865859999999984
21
-82.8636479999999978
0
LINE
8
BLACK
6
CONTINUOUS
10
53.1865859999999984
20
-82.8636479999999978
11
53.0327719999999943
21
-82.833051999999995
0
LINE
8
BLACK
6
CONTINUOUS
10
53.0327719999999943
20
-82.833051999999995
11
52.8878829999999951
21
-82.7730370000000022
0
LINE
8
BLACK
6
CONTINUOUS
10
52.8878829999999951
20
-82.7730370000000022
11
52.7574849999999955
21
-82.6859079999999977
0
LINE
8
BLACK
6
CONTINUOUS
10
52.7574849999999955
20
-82.6859079999999977
11
52.6465919999999983
21
-82.5750149999999934
0
LINE
8
BLACK
6
CONTINUOUS
10
52.6465919999999983
20
-82.5750149999999934
11
52.5594630000000009
21
-82.4446169999999938
0
LINE
8
BLACK
6
CONTINUOUS
10
52.5594630000000009
20
-82.4446169999999938
11
52.499448000000001
21
-82.2997280000000018
0
LINE
8
BLACK
6
CONTINUOUS
10
52.499448000000001
20
-82.2997280000000018
11
52.4688519999999983
21
-82.1459139999999906
0
LINE
8
BLACK
6
CONTINUOUS
10
52.4688519999999983
20
-82.1459139999999906
11
52.4688519999999983
21
-81.9890860000000004
0
LINE
8
BLACK
6
CONTINUOUS
10
52.4688519999999983
20
-81.9890860000000004
11
52.499448000000001
21
-81.8352720000000033
0
LINE
8
BLACK
6
CONTINUOUS
10
52.499448000000001
20
-81.8352720000000033
11
52.5594630000000009
21
-81.6903829999999971
0
LINE
8
BLACK
6
CONTINUOUS
10
52.5594630000000009
20
-81.6903829999999971
11
52.6465919999999983
21
-81.5599849999999975
0
LINE
8
BLACK
6
CONTINUOUS
10
52.6465919999999983
20
-81.5599849999999975
11
52.7574849999999955
21
-81.4490919999999932
0
LINE
8
BLACK
6
CONTINUOUS
10
52.7574849999999955
20
-81.4490919999999932
11
52.8878829999999951
21
-81.3619630000000029
0
LINE
8
BLACK
6
CONTINUOUS
10
52.8878829999999951
20
-81.3619630000000029
11
53.0327719999999943
21
-81.3019479999999959
0
LINE
8
BLACK
6
CONTINUOUS
10
53.0327719999999943
20
-81.3019479999999959
11
53.1865859999999984
21
-81.2713519999999932
0
LINE
8
BLACK
6
CONTINUOUS
10
53.1865859999999984
20
-81.2713519999999932
11
53.2650000000000006
21
-81.2674999999999983
0
LINE
8
BLACK
6
CONTINUOUS
10
53.2650000000000006
20
-81.2674999999999983
11
54.0649999999999977
21
-81.2674999999999983
0
LINE
8
BLACK
6
CONTINUOUS
10
54.0649999999999977
20
-81.2674999999999983
11
54.1434139999999999
21
-81.2713519999999932
0
LINE
8
BLACK
6
CONTINUOUS
10
55.1832029999999989
20
-41.0403340000000014
11
55.1896810000000002
21
-41.046365999999999
0
LINE
8
BLACK
6
CONTINUOUS
10
55.1896810000000002
20
-41.046365999999999
11
72.8436339999999944
21
-58.7003190000000004
0
LINE
8
BLACK
6
CONTINUOUS
10
72.8436339999999944
20
-58.7003190000000004
11
72.8771189999999933
21
-58.7616419999999948
0
LINE
8
BLACK
6
CONTINUOUS
10
72.8771189999999933
20
-58.7616419999999948
11
72.8721350000000001
21
-58.8313339999999982
0
LINE
8
BLACK
6
CONTINUOUS
10
72.8721350000000001
20
-58.8313339999999982
11
72.8302630000000022
21
-58.8872669999999943
0
LINE
8
BLACK
6
CONTINUOUS
10
72.8302630000000022
20
-58.8872669999999943
11
72.7647989999999965
21
-58.9116839999999939
0
LINE
8
BLACK
6
CONTINUOUS
10
72.7647989999999965
20
-58.9116839999999939
11
72.755952999999991
21
-58.911999999999999
0
LINE
8
BLACK
6
CONTINUOUS
10
72.755952999999991
20
-58.911999999999999
11
64.2833869999999905
21
-58.911999999999999
0
LINE
8
BLACK
6
CONTINUOUS
10
64.2833869999999905
20
-58.911999999999999
11
64.2833629999999943
21
-58.9119989999999945
0
LINE
8
BLACK
6
CONTINUOUS
10
64.2833629999999943
20
-58.9119989999999945
11
64.2782519999999948
21
-58.9119989999999945
0
LINE
8
BLACK
6
CONTINUOUS
10
64.2782519999999948
20
-58.9119989999999945
11
64.0735489999999999
21
-58.9119989999999945
0
LINE
8
BLACK
6
CONTINUOUS
10
64.0735489999999999
20
-58.9119989999999945
11
64.0061539999999951
21
-58.9226729999999961
0
LINE
8
BLACK
6
CONTINUOUS
10
64.0061539999999951
20
-58.9226729999999961
11
63.8713639999999998
21
-58.9440229999999943
0
LINE
8
BLACK
6
CONTINUOUS
10
63.8713639999999998
20
-58.9440229999999943
11
63.8713610000000003
21
-58.9440229999999943
0
LINE
8
BLACK
6
CONTINUOUS
10
63.8713610000000003
20
-58.9440229999999943
11
63.6766839999999945
21
-59.0072769999999949
0
LINE
8
BLACK
6
CONTINUOUS
10
63.6766839999999945
20
-59.0072769999999949
11
63.676680999999995
21
-59.0072779999999995
0
LINE
8
BLACK
6
CONTINUOUS
10
63.676680999999995
20
-59.0072779999999995
11
63.4947879999999998
21
-59.0999589999999984
0
LINE
8
BLACK
6
CONTINUOUS
10
63.4947879999999998
20
-59.0999589999999984
11
63.494296999999996
21
-59.100207999999995
0
LINE
8
BLACK
6
CONTINUOUS
10
63.494296999999996
20
-59.100207999999995
11
63.4942909999999969
21
-59.1002119999999991
0
LINE
8
BLACK
6
CONTINUOUS
10
63.4942909999999969
20
-59.1002119999999991
11
63.3286799999999985
21
-59.2205340000000007
0
LINE
8
BLACK
6
CONTINUOUS
10
63.3286799999999985
20
-59.2205340000000007
11
41.3779809999999983
21
-81.1712339999999983
0
LINE
8
BLACK
6
CONTINUOUS
10
41.3779809999999983
20
-81.1712339999999983
11
41.3166579999999968
21
-81.2047189999999972
0
LINE
8
BLACK
6
CONTINUOUS
10
41.3166579999999968
20
-81.2047189999999972
11
41.2469660000000005
21
-81.1997349999999898
0
LINE
8
BLACK
6
CONTINUOUS
10
41.2469660000000005
20
-81.1997349999999898
11
41.1910329999999973
21
-81.1578629999999919
0
LINE
8
BLACK
6
CONTINUOUS
10
41.1910329999999973
20
-81.1578629999999919
11
41.1666159999999977
21
-81.0923990000000003
0
LINE
8
BLACK
6
CONTINUOUS
10
41.1666159999999977
20
-81.0923990000000003
11
41.1662999999999997
21
-81.0835529999999949
0
LINE
8
BLACK
6
CONTINUOUS
10
41.1662999999999997
20
-81.0835529999999949
11
41.1662999999999997
21
-76.254446999999999
0
LINE
8
BLACK
6
CONTINUOUS
10
41.1662999999999997
20
-76.254446999999999
11
41.1859849999999952
21
-76.1874079999999907
0
LINE
8
BLACK
6
CONTINUOUS
10
41.1859849999999952
20
-76.1874079999999907
11
41.2026189999999986
21
-76.1667659999999955
0
LINE
8
BLACK
6
CONTINUOUS
10
41.2026189999999986
20
-76.1667659999999955
11
47.8241019999999963
21
-69.5452829999999977
0
LINE
8
BLACK
6
CONTINUOUS
10
47.8241019999999963
20
-69.5452829999999977
11
54.6694659999999999
21
-62.6999189999999942
0
LINE
8
BLACK
6
CONTINUOUS
10
54.6694659999999999
20
-62.6999189999999942
11
54.7686999999999955
21
-62.5633339999999976
0
LINE
8
BLACK
6
CONTINUOUS
10
54.7686999999999955
20
-62.5633339999999976
11
54.7897869999999969
21
-62.5343099999999978
0
LINE
8
BLACK
6
CONTINUOUS
10
54.7897869999999969
20
-62.5343099999999978
11
54.8827199999999991
21
-62.3519189999999952
0
LINE
8
BLACK
6
CONTINUOUS
10
54.8827199999999991
20
-62.3519189999999952
11
54.9459769999999992
21
-62.1572339999999954
0
LINE
8
BLACK
6
CONTINUOUS
10
54.9459769999999992
20
-62.1572339999999954
11
54.9779999999999944
21
-61.9550519999999949
0
LINE
8
BLACK
6
CONTINUOUS
10
54.9779999999999944
20
-61.9550519999999949
11
54.9779999999999944
21
-41.1340469999999954
0
LINE
8
BLACK
6
CONTINUOUS
10
54.9779999999999944
20
-41.1340469999999954
11
54.997684999999997
21
-41.0670080000000013
0
LINE
8
BLACK
6
CONTINUOUS
10
54.997684999999997
20
-41.0670080000000013
11
55.0504889999999989
21
-41.0212530000000015
0
LINE
8
BLACK
6
CONTINUOUS
10
55.0504889999999989
20
-41.0212530000000015
11
55.1196470000000005
21
-41.0113089999999971
0
LINE
8
BLACK
6
CONTINUOUS
10
55.1196470000000005
20
-41.0113089999999971
11
55.1832029999999989
21
-41.0403340000000014
0
LINE
8
BLACK
6
CONTINUOUS
10
73.7032119999999935
20
-61.5326850000000007
11
73.7411659999999927
21
-61.5710269999999937
0
LINE
8
BLACK
6
CONTINUOUS
10
73.7411659999999927
20
-61.5710269999999937
11
73.9074229999999943
21
-61.8356229999999982
0
LINE
8
BLACK
6
CONTINUOUS
10
73.9074229999999943
20
-61.8356229999999982
11
74.1035389999999978
21
-62.0815439999999938
0
LINE
8
BLACK
6
CONTINUOUS
10
74.1035389999999978
20
-62.0815439999999938
11
74.3259559999999908
21
-62.3039609999999939
0
LINE
8
BLACK
6
CONTINUOUS
10
74.3259559999999908
20
-62.3039609999999939
11
74.5718770000000006
21
-62.5000769999999974
0
LINE
8
BLACK
6
CONTINUOUS
10
74.5718770000000006
20
-62.5000769999999974
11
74.8382110000000011
21
-62.667425999999999
0
LINE
8
BLACK
6
CONTINUOUS
10
74.8382110000000011
20
-62.667425999999999
11
75.1216059999999999
21
-62.8039019999999937
0
LINE
8
BLACK
6
CONTINUOUS
10
75.1216059999999999
20
-62.8039019999999937
11
75.4184999999999945
21
-62.907788999999994
0
LINE
8
BLACK
6
CONTINUOUS
10
75.4184999999999945
20
-62.907788999999994
11
75.7251600000000025
21
-62.9777819999999977
0
LINE
8
BLACK
6
CONTINUOUS
10
75.7251600000000025
20
-62.9777819999999977
11
75.7251639999999924
21
-62.9777819999999977
0
LINE
8
BLACK
6
CONTINUOUS
10
75.7251639999999924
20
-62.9777819999999977
11
75.7251729999999981
21
-62.9777839999999998
0
LINE
8
BLACK
6
CONTINUOUS
10
75.7251729999999981
20
-62.9777839999999998
11
75.882015999999993
21
-62.9954549999999998
0
LINE
8
BLACK
6
CONTINUOUS
10
75.882015999999993
20
-62.9954549999999998
11
75.9612339999999904
21
-63.0043809999999951
0
LINE
8
BLACK
6
CONTINUOUS
10
75.9612339999999904
20
-63.0043809999999951
11
76.0256479999999897
21
-63.031447
0
LINE
8
BLACK
6
CONTINUOUS
10
76.0256479999999897
20
-63.031447
11
76.0652029999999968
21
-63.0890419999999992
0
LINE
8
BLACK
6
CONTINUOUS
10
76.0652029999999968
20
-63.0890419999999992
11
76.067340999999999
21
-63.1588789999999989
0
LINE
8
BLACK
6
CONTINUOUS
10
76.067340999999999
20
-63.1588789999999989
11
76.0350320000000011
21
-63.2152819999999949
0
LINE
8
BLACK
6
CONTINUOUS
10
76.0350320000000011
20
-63.2152819999999949
11
72.1541339999999991
21
-67.0961810000000014
0
LINE
8
BLACK
6
CONTINUOUS
10
72.1541339999999991
20
-67.0961810000000014
11
72.0928109999999975
21
-67.1296660000000003
0
LINE
8
BLACK
6
CONTINUOUS
10
72.0928109999999975
20
-67.1296660000000003
11
72.0664529999999957
21
-67.1324999999999932
0
LINE
8
BLACK
6
CONTINUOUS
10
72.0664529999999957
20
-67.1324999999999932
11
59.577147999999994
21
-67.1324999999999932
0
LINE
8
BLACK
6
CONTINUOUS
10
59.577147999999994
20
-67.1324999999999932
11
59.5015450000000001
21
-67.1444740000000024
0
LINE
8
BLACK
6
CONTINUOUS
10
59.5015450000000001
20
-67.1444740000000024
11
59.3812969999999964
21
-67.1635199999999912
0
LINE
8
BLACK
6
CONTINUOUS
10
59.3812969999999964
20
-67.1635199999999912
11
59.3120029999999971
21
-67.154564999999991
0
LINE
8
BLACK
6
CONTINUOUS
10
59.3120029999999971
20
-67.154564999999991
11
59.2585519999999946
21
-67.1095689999999934
0
LINE
8
BLACK
6
CONTINUOUS
10
59.2585519999999946
20
-67.1095689999999934
11
59.2379119999999944
21
-67.0428179999999969
0
LINE
8
BLACK
6
CONTINUOUS
10
59.2379119999999944
20
-67.0428179999999969
11
59.2566369999999978
21
-66.9755040000000008
0
LINE
8
BLACK
6
CONTINUOUS
10
59.2566369999999978
20
-66.9755040000000008
11
59.2742179999999976
21
-66.9533660000000026
0
LINE
8
BLACK
6
CONTINUOUS
10
59.2742179999999976
20
-66.9533660000000026
11
64.6782649999999961
21
-61.549318999999997
0
LINE
8
BLACK
6
CONTINUOUS
10
64.6782649999999961
20
-61.549318999999997
11
64.7395879999999977
21
-61.5158339999999981
0
LINE
8
BLACK
6
CONTINUOUS
10
64.7395879999999977
20
-61.5158339999999981
11
64.7659459999999996
21
-61.5129999999999981
0
LINE
8
BLACK
6
CONTINUOUS
10
64.7659459999999996
20
-61.5129999999999981
11
73.6361729999999994
21
-61.5129999999999981
0
LINE
8
BLACK
6
CONTINUOUS
10
73.6361729999999994
20
-61.5129999999999981
11
73.7032119999999935
21
-61.5326850000000007
0
LINE
8
BLACK
6
CONTINUOUS
10
63.6027479999999983
20
-33.5629769999999965
11
63.6027629999999959
21
-33.5629769999999965
0
LINE
8
BLACK
6
CONTINUOUS
10
63.6027629999999959
20
-33.5629769999999965
11
63.7178659999999937
21
-33.5938189999999963
0
LINE
8
BLACK
6
CONTINUOUS
10
63.7178659999999937
20
-33.5938189999999963
11
63.7288420000000002
21
-33.5967599999999962
0
LINE
8
BLACK
6
CONTINUOUS
10
63.7288420000000002
20
-33.5967599999999962
11
63.8418809999999937
21
-33.6620229999999978
0
LINE
8
BLACK
6
CONTINUOUS
10
63.8418809999999937
20
-33.6620229999999978
11
63.8418959999999984
21
-33.6620379999999955
0
LINE
8
BLACK
6
CONTINUOUS
10
63.8418959999999984
20
-33.6620379999999955
11
63.8910529999999994
21
-33.7051469999999966
0
LINE
8
BLACK
6
CONTINUOUS
10
63.8910529999999994
20
-33.7051469999999966
11
82.3624530000000021
21
-52.1765459999999948
0
LINE
8
BLACK
6
CONTINUOUS
10
82.3624530000000021
20
-52.1765459999999948
11
82.4055680000000024
21
-52.2257099999999994
0
LINE
8
BLACK
6
CONTINUOUS
10
82.4055680000000024
20
-52.2257099999999994
11
82.4055769999999939
21
-52.225718999999998
0
LINE
8
BLACK
6
CONTINUOUS
10
82.4055769999999939
20
-52.225718999999998
11
82.4708399999999955
21
-52.3387579999999986
0
LINE
8
BLACK
6
CONTINUOUS
10
82.4708399999999955
20
-52.3387579999999986
11
82.5046229999999952
21
-52.4648369999999957
0
LINE
8
BLACK
6
CONTINUOUS
10
82.5046229999999952
20
-52.4648369999999957
11
82.5046229999999952
21
-52.4648520000000005
0
LINE
8
BLACK
6
CONTINUOUS
10
82.5046229999999952
20
-52.4648520000000005
11
82.508899999999997
21
-52.5300999999999974
0
LINE
8
BLACK
6
CONTINUOUS
10
82.508899999999997
20
-52.5300999999999974
11
82.508899999999997
21
-58.4209940000000003
0
LINE
8
BLACK
6
CONTINUOUS
10
82.508899999999997
20
-58.4209940000000003
11
83.8004059999999953
21
-59.7124999999999986
0
LINE
8
BLACK
6
CONTINUOUS
10
83.8004059999999953
20
-59.7124999999999986
11
85.0715709999999916
21
-59.7124999999999986
0
LINE
8
BLACK
6
CONTINUOUS
10
85.0715709999999916
20
-59.7124999999999986
11
85.0765919999999909
21
-59.7049850000000006
0
LINE
8
BLACK
6
CONTINUOUS
10
85.0765919999999909
20
-59.7049850000000006
11
85.1874849999999952
21
-59.5940919999999963
0
LINE
8
BLACK
6
CONTINUOUS
10
85.1874849999999952
20
-59.5940919999999963
11
85.3178829999999948
21
-59.5069629999999989
0
LINE
8
BLACK
6
CONTINUOUS
10
85.3178829999999948
20
-59.5069629999999989
11
85.4627720000000011
21
-59.446947999999999
0
LINE
8
BLACK
6
CONTINUOUS
10
85.4627720000000011
20
-59.446947999999999
11
85.6165859999999981
21
-59.4163519999999963
0
LINE
8
BLACK
6
CONTINUOUS
10
85.6165859999999981
20
-59.4163519999999963
11
85.6949999999999932
21
-59.4124999999999943
0
LINE
8
BLACK
6
CONTINUOUS
10
85.6949999999999932
20
-59.4124999999999943
11
86.4949999999999903
21
-59.4124999999999943
0
LINE
8
BLACK
6
CONTINUOUS
10
86.4949999999999903
20
-59.4124999999999943
11
86.5734139999999996
21
-59.4163519999999963
0
LINE
8
BLACK
6
CONTINUOUS
10
86.5734139999999996
20
-59.4163519999999963
11
86.7272279999999967
21
-59.446947999999999
0
LINE
8
BLACK
6
CONTINUOUS
10
86.7272279999999967
20
-59.446947999999999
11
86.8721170000000029
21
-59.5069629999999989
0
LINE
8
BLACK
6
CONTINUOUS
10
86.8721170000000029
20
-59.5069629999999989
11
87.0025150000000025
21
-59.5940919999999963
0
LINE
8
BLACK
6
CONTINUOUS
10
87.0025150000000025
20
-59.5940919999999963
11
87.1134079999999926
21
-59.7049850000000006
0
LINE
8
BLACK
6
CONTINUOUS
10
87.1134079999999926
20
-59.7049850000000006
11
87.2005369999999971
21
-59.8353830000000002
0
LINE
8
BLACK
6
CONTINUOUS
10
87.2005369999999971
20
-59.8353830000000002
11
87.2605519999999899
21
-59.9802719999999994
0
LINE
8
BLACK
6
CONTINUOUS
10
87.2605519999999899
20
-59.9802719999999994
11
87.2911479999999926
21
-60.1340859999999964
0
LINE
8
BLACK
6
CONTINUOUS
10
87.2911479999999926
20
-60.1340859999999964
11
87.2911479999999926
21
-60.2909140000000008
0
LINE
8
BLACK
6
CONTINUOUS
10
87.2911479999999926
20
-60.2909140000000008
11
87.2605519999999899
21
-60.4447279999999978
0
LINE
8
BLACK
6
CONTINUOUS
10
87.2605519999999899
20
-60.4447279999999978
11
87.2005369999999971
21
-60.5896169999999969
0
LINE
8
BLACK
6
CONTINUOUS
10
87.2005369999999971
20
-60.5896169999999969
11
87.1134079999999926
21
-60.7200149999999965
0
LINE
8
BLACK
6
CONTINUOUS
10
87.1134079999999926
20
-60.7200149999999965
11
87.0025150000000025
21
-60.8309079999999938
0
LINE
8
BLACK
6
CONTINUOUS
10
87.0025150000000025
20
-60.8309079999999938
11
86.8721170000000029
21
-60.9180369999999982
0
LINE
8
BLACK
6
CONTINUOUS
10
86.8721170000000029
20
-60.9180369999999982
11
86.7272279999999967
21
-60.9780519999999981
0
LINE
8
BLACK
6
CONTINUOUS
10
86.7272279999999967
20
-60.9780519999999981
11
86.5734139999999996
21
-61.0086479999999938
0
LINE
8
BLACK
6
CONTINUOUS
10
86.5734139999999996
20
-61.0086479999999938
11
86.4949999999999903
21
-61.0124999999999957
0
LINE
8
BLACK
6
CONTINUOUS
10
86.4949999999999903
20
-61.0124999999999957
11
85.6949999999999932
21
-61.0124999999999957
0
LINE
8
BLACK
6
CONTINUOUS
10
85.6949999999999932
20
-61.0124999999999957
11
85.6165859999999981
21
-61.0086479999999938
0
LINE
8
BLACK
6
CONTINUOUS
10
85.6165859999999981
20
-61.0086479999999938
11
85.4627720000000011
21
-60.9780519999999981
0
LINE
8
BLACK
6
CONTINUOUS
10
85.4627720000000011
20
-60.9780519999999981
11
85.3178829999999948
21
-60.9180369999999982
0
LINE
8
BLACK
6
CONTINUOUS
10
85.3178829999999948
20
-60.9180369999999982
11
85.1874849999999952
21
-60.8309079999999938
0
LINE
8
BLACK
6
CONTINUOUS
10
85.1874849999999952
20
-60.8309079999999938
11
85.0765919999999909
21
-60.7200149999999965
0
LINE
8
BLACK
6
CONTINUOUS
10
85.0765919999999909
20
-60.7200149999999965
11
85.0715709999999916
21
-60.7124999999999986
0
LINE
8
BLACK
6
CONTINUOUS
10
85.0715709999999916
20
-60.7124999999999986
11
83.5932999999999993
21
-60.7124999999999986
0
LINE
8
BLACK
6
CONTINUOUS
10
83.5932999999999993
20
-60.7124999999999986
11
83.5280520000000024
21
-60.7082229999999967
0
LINE
8
BLACK
6
CONTINUOUS
10
83.5280520000000024
20
-60.7082229999999967
11
83.5280369999999976
21
-60.7082229999999967
0
LINE
8
BLACK
6
CONTINUOUS
10
83.5280369999999976
20
-60.7082229999999967
11
83.4019579999999934
21
-60.674439999999997
0
LINE
8
BLACK
6
CONTINUOUS
10
83.4019579999999934
20
-60.674439999999997
11
83.2889189999999928
21
-60.6091769999999954
0
LINE
8
BLACK
6
CONTINUOUS
10
83.2889189999999928
20
-60.6091769999999954
11
83.2889029999999906
21
-60.6091610000000003
0
LINE
8
BLACK
6
CONTINUOUS
10
83.2889029999999906
20
-60.6091610000000003
11
83.2397469999999942
21
-60.5660529999999966
0
LINE
8
BLACK
6
CONTINUOUS
10
83.2397469999999942
20
-60.5660529999999966
11
81.6553469999999919
21
-58.9816529999999943
0
LINE
8
BLACK
6
CONTINUOUS
10
81.6553469999999919
20
-58.9816529999999943
11
81.6122379999999907
21
-58.9324960000000004
0
LINE
8
BLACK
6
CONTINUOUS
10
81.6122379999999907
20
-58.9324960000000004
11
81.6122230000000002
21
-58.9324809999999957
0
LINE
8
BLACK
6
CONTINUOUS
10
81.6122230000000002
20
-58.9324809999999957
11
81.5469599999999986
21
-58.8194419999999951
0
LINE
8
BLACK
6
CONTINUOUS
10
81.5469599999999986
20
-58.8194419999999951
11
81.5441489999999902
21
-58.8089499999999958
0
LINE
8
BLACK
6
CONTINUOUS
10
81.5441489999999902
20
-58.8089499999999958
11
81.5131769999999989
21
-58.693362999999998
0
LINE
8
BLACK
6
CONTINUOUS
10
81.5131769999999989
20
-58.693362999999998
11
81.5131769999999989
21
-58.6933469999999957
0
LINE
8
BLACK
6
CONTINUOUS
10
81.5131769999999989
20
-58.6933469999999957
11
81.508899999999997
21
-58.6280999999999963
0
LINE
8
BLACK
6
CONTINUOUS
10
81.508899999999997
20
-58.6280999999999963
11
81.508899999999997
21
-52.7372060000000005
0
LINE
8
BLACK
6
CONTINUOUS
10
81.508899999999997
20
-52.7372060000000005
11
63.3303939999999983
21
-34.5587000000000018
0
LINE
8
BLACK
6
CONTINUOUS
10
63.3303939999999983
20
-34.5587000000000018
11
54.5798069999999953
21
-34.5587000000000018
0
LINE
8
BLACK
6
CONTINUOUS
10
54.5798069999999953
20
-34.5587000000000018
11
51.8129999999999953
21
-37.3255059999999972
0
LINE
8
BLACK
6
CONTINUOUS
10
51.8129999999999953
20
-37.3255059999999972
11
51.8129999999999953
21
-61.6188999999999965
0
LINE
8
BLACK
6
CONTINUOUS
10
51.8129999999999953
20
-61.6188999999999965
11
51.8087230000000005
21
-61.6841469999999958
0
LINE
8
BLACK
6
CONTINUOUS
10
51.8087230000000005
20
-61.6841469999999958
11
51.8087230000000005
21
-61.6841629999999981
0
LINE
8
BLACK
6
CONTINUOUS
10
51.8087230000000005
20
-61.6841629999999981
11
51.7749400000000009
21
-61.8102419999999952
0
LINE
8
BLACK
6
CONTINUOUS
10
51.7749400000000009
20
-61.8102419999999952
11
51.7096769999999992
21
-61.9232809999999958
0
LINE
8
BLACK
6
CONTINUOUS
10
51.7096769999999992
20
-61.9232809999999958
11
51.7096680000000006
21
-61.9232889999999969
0
LINE
8
BLACK
6
CONTINUOUS
10
51.7096680000000006
20
-61.9232889999999969
11
51.6665530000000004
21
-61.9724529999999945
0
LINE
8
BLACK
6
CONTINUOUS
10
51.6665530000000004
20
-61.9724529999999945
11
49.7301529999999943
21
-63.9088530000000006
0
LINE
8
BLACK
6
CONTINUOUS
10
49.7301529999999943
20
-63.9088530000000006
11
49.6809960000000004
21
-63.9519609999999972
0
LINE
8
BLACK
6
CONTINUOUS
10
49.6809960000000004
20
-63.9519609999999972
11
49.6809809999999956
21
-63.9519769999999994
0
LINE
8
BLACK
6
CONTINUOUS
10
49.6809809999999956
20
-63.9519769999999994
11
49.5679419999999951
21
-64.017240000000001
0
LINE
8
BLACK
6
CONTINUOUS
10
49.5679419999999951
20
-64.017240000000001
11
49.4418629999999979
21
-64.0510230000000007
0
LINE
8
BLACK
6
CONTINUOUS
10
49.4418629999999979
20
-64.0510230000000007
11
49.4418480000000002
21
-64.0510230000000007
0
LINE
8
BLACK
6
CONTINUOUS
10
49.4418480000000002
20
-64.0510230000000007
11
49.3765999999999963
21
-64.0553000000000026
0
LINE
8
BLACK
6
CONTINUOUS
10
49.3765999999999963
20
-64.0553000000000026
11
46.632399999999997
21
-64.0553000000000026
0
LINE
8
BLACK
6
CONTINUOUS
10
46.632399999999997
20
-64.0553000000000026
11
46.5671520000000001
21
-64.0510230000000007
0
LINE
8
BLACK
6
CONTINUOUS
10
46.5671520000000001
20
-64.0510230000000007
11
46.5671369999999953
21
-64.0510230000000007
0
LINE
8
BLACK
6
CONTINUOUS
10
46.5671369999999953
20
-64.0510230000000007
11
46.4410579999999982
21
-64.017240000000001
0
LINE
8
BLACK
6
CONTINUOUS
10
46.4410579999999982
20
-64.017240000000001
11
46.3280189999999976
21
-63.9519769999999994
0
LINE
8
BLACK
6
CONTINUOUS
10
46.3280189999999976
20
-63.9519769999999994
11
46.328009999999999
21
-63.9519679999999937
0
LINE
8
BLACK
6
CONTINUOUS
10
46.328009999999999
20
-63.9519679999999937
11
46.278846999999999
21
-63.9088530000000006
0
LINE
8
BLACK
6
CONTINUOUS
10
46.278846999999999
20
-63.9088530000000006
11
31.8487469999999995
21
-49.4787529999999975
0
LINE
8
BLACK
6
CONTINUOUS
10
31.8487469999999995
20
-49.4787529999999975
11
31.8056379999999983
21
-49.4295959999999965
0
LINE
8
BLACK
6
CONTINUOUS
10
31.8056379999999983
20
-49.4295959999999965
11
31.8056229999999971
21
-49.4295809999999989
0
LINE
8
BLACK
6
CONTINUOUS
10
31.8056229999999971
20
-49.4295809999999989
11
31.740359999999999
21
-49.3165419999999983
0
LINE
8
BLACK
6
CONTINUOUS
10
31.740359999999999
20
-49.3165419999999983
11
31.7306169999999987
21
-49.2801809999999989
0
LINE
8
BLACK
6
CONTINUOUS
10
31.7306169999999987
20
-49.2801809999999989
11
31.7065769999999993
21
-49.1904630000000012
0
LINE
8
BLACK
6
CONTINUOUS
10
31.7065769999999993
20
-49.1904630000000012
11
31.7065769999999993
21
-49.1904469999999989
0
LINE
8
BLACK
6
CONTINUOUS
10
31.7065769999999993
20
-49.1904469999999989
11
31.7022999999999975
21
-49.1251999999999995
0
LINE
8
BLACK
6
CONTINUOUS
10
31.7022999999999975
20
-49.1251999999999995
11
31.7022999999999975
21
-48.1878059999999948
0
LINE
8
BLACK
6
CONTINUOUS
10
31.7022999999999975
20
-48.1878059999999948
11
29.9619939999999971
21
-46.447499999999998
0
LINE
8
BLACK
6
CONTINUOUS
10
29.9619939999999971
20
-46.447499999999998
11
29.7532739999999976
21
-46.447499999999998
0
LINE
8
BLACK
6
CONTINUOUS
10
29.7532739999999976
20
-46.447499999999998
11
29.727058999999997
21
-46.4867339999999984
0
LINE
8
BLACK
6
CONTINUOUS
10
29.727058999999997
20
-46.4867339999999984
11
29.6092339999999972
21
-46.6045589999999947
0
LINE
8
BLACK
6
CONTINUOUS
10
29.6092339999999972
20
-46.6045589999999947
11
29.4706869999999981
21
-46.6971330000000009
0
LINE
8
BLACK
6
CONTINUOUS
10
29.4706869999999981
20
-46.6971330000000009
11
29.3167419999999979
21
-46.7608989999999949
0
LINE
8
BLACK
6
CONTINUOUS
10
29.3167419999999979
20
-46.7608989999999949
11
29.1533149999999992
21
-46.7934069999999949
0
LINE
8
BLACK
6
CONTINUOUS
10
29.1533149999999992
20
-46.7934069999999949
11
28.9866849999999978
21
-46.7934069999999949
0
LINE
8
BLACK
6
CONTINUOUS
10
28.9866849999999978
20
-46.7934069999999949
11
28.8232579999999992
21
-46.7608989999999949
0
LINE
8
BLACK
6
CONTINUOUS
10
28.8232579999999992
20
-46.7608989999999949
11
28.6693129999999989
21
-46.6971330000000009
0
LINE
8
BLACK
6
CONTINUOUS
10
28.6693129999999989
20
-46.6971330000000009
11
28.5307659999999998
21
-46.6045589999999947
0
LINE
8
BLACK
6
CONTINUOUS
10
28.5307659999999998
20
-46.6045589999999947
11
28.412941
21
-46.4867339999999984
0
LINE
8
BLACK
6
CONTINUOUS
10
28.412941
20
-46.4867339999999984
11
28.3203669999999974
21
-46.3481869999999958
0
LINE
8
BLACK
6
CONTINUOUS
10
28.3203669999999974
20
-46.3481869999999958
11
28.2566009999999999
21
-46.1942419999999956
0
LINE
8
BLACK
6
CONTINUOUS
10
28.2566009999999999
20
-46.1942419999999956
11
28.2240929999999999
21
-46.0308149999999969
0
LINE
8
BLACK
6
CONTINUOUS
10
28.2240929999999999
20
-46.0308149999999969
11
28.2240929999999999
21
-45.8641849999999991
0
LINE
8
BLACK
6
CONTINUOUS
10
28.2240929999999999
20
-45.8641849999999991
11
28.2566009999999999
21
-45.7007580000000004
0
LINE
8
BLACK
6
CONTINUOUS
10
28.2566009999999999
20
-45.7007580000000004
11
28.3203669999999974
21
-45.5468130000000002
0
LINE
8
BLACK
6
CONTINUOUS
10
28.3203669999999974
20
-45.5468130000000002
11
28.412941
21
-45.4082659999999976
0
LINE
8
BLACK
6
CONTINUOUS
10
28.412941
20
-45.4082659999999976
11
28.5307659999999998
21
-45.2904410000000013
0
LINE
8
BLACK
6
CONTINUOUS
10
28.5307659999999998
20
-45.2904410000000013
11
28.6693129999999989
21
-45.1978669999999951
0
LINE
8
BLACK
6
CONTINUOUS
10
28.6693129999999989
20
-45.1978669999999951
11
28.8232579999999992
21
-45.1341010000000011
0
LINE
8
BLACK
6
CONTINUOUS
10
28.8232579999999992
20
-45.1341010000000011
11
28.9866849999999978
21
-45.1015930000000012
0
LINE
8
BLACK
6
CONTINUOUS
10
28.9866849999999978
20
-45.1015930000000012
11
29.1533149999999992
21
-45.1015930000000012
0
LINE
8
BLACK
6
CONTINUOUS
10
29.1533149999999992
20
-45.1015930000000012
11
29.3167419999999979
21
-45.1341010000000011
0
LINE
8
BLACK
6
CONTINUOUS
10
29.3167419999999979
20
-45.1341010000000011
11
29.4706869999999981
21
-45.1978669999999951
0
LINE
8
BLACK
6
CONTINUOUS
10
29.4706869999999981
20
-45.1978669999999951
11
29.6092339999999972
21
-45.2904410000000013
0
LINE
8
BLACK
6
CONTINUOUS
10
29.6092339999999972
20
-45.2904410000000013
11
29.727058999999997
21
-45.4082659999999976
0
LINE
8
BLACK
6
CONTINUOUS
10
29.727058999999997
20
-45.4082659999999976
11
29.7532739999999976
21
-45.447499999999998
0
LINE
8
BLACK
6
CONTINUOUS
10
29.7532739999999976
20
-45.447499999999998
11
30.1691000000000003
21
-45.447499999999998
0
LINE
8
BLACK
6
CONTINUOUS
10
30.1691000000000003
20
-45.447499999999998
11
30.2343479999999971
21
-45.4517769999999999
0
LINE
8
BLACK
6
CONTINUOUS
10
30.2343479999999971
20
-45.4517769999999999
11
30.2343629999999983
21
-45.4517769999999999
0
LINE
8
BLACK
6
CONTINUOUS
10
30.2343629999999983
20
-45.4517769999999999
11
30.360441999999999
21
-45.4855599999999995
0
LINE
8
BLACK
6
CONTINUOUS
10
30.360441999999999
20
-45.4855599999999995
11
30.4734809999999996
21
-45.5508230000000012
0
LINE
8
BLACK
6
CONTINUOUS
10
30.4734809999999996
20
-45.5508230000000012
11
30.4734959999999973
21
-45.5508379999999988
0
LINE
8
BLACK
6
CONTINUOUS
10
30.4734959999999973
20
-45.5508379999999988
11
30.5226529999999983
21
-45.593947
0
LINE
8
BLACK
6
CONTINUOUS
10
30.5226529999999983
20
-45.593947
11
32.555852999999999
21
-47.6271470000000008
0
LINE
8
BLACK
6
CONTINUOUS
10
32.555852999999999
20
-47.6271470000000008
11
32.5989609999999956
21
-47.6763029999999972
0
LINE
8
BLACK
6
CONTINUOUS
10
32.5989609999999956
20
-47.6763029999999972
11
32.5989769999999979
21
-47.6763189999999994
0
LINE
8
BLACK
6
CONTINUOUS
10
32.5989769999999979
20
-47.6763189999999994
11
32.6626040000000017
21
-47.7865249999999975
0
LINE
8
BLACK
6
CONTINUOUS
10
32.6626040000000017
20
-47.7865249999999975
11
32.6642399999999995
21
-47.789358
0
LINE
8
BLACK
6
CONTINUOUS
10
32.6642399999999995
20
-47.789358
11
32.6980229999999992
21
-47.9154369999999972
0
LINE
8
BLACK
6
CONTINUOUS
10
32.6980229999999992
20
-47.9154369999999972
11
32.6980229999999992
21
-47.9154519999999948
0
LINE
8
BLACK
6
CONTINUOUS
10
32.6980229999999992
20
-47.9154519999999948
11
32.702300000000001
21
-47.9806999999999988
0
LINE
8
BLACK
6
CONTINUOUS
10
32.702300000000001
20
-47.9806999999999988
11
32.702300000000001
21
-48.9180939999999964
0
LINE
8
BLACK
6
CONTINUOUS
10
32.702300000000001
20
-48.9180939999999964
11
46.8395060000000001
21
-63.0552999999999955
0
LINE
8
BLACK
6
CONTINUOUS
10
46.8395060000000001
20
-63.0552999999999955
11
49.1694940000000003
21
-63.0552999999999955
0
LINE
8
BLACK
6
CONTINUOUS
10
49.1694940000000003
20
-63.0552999999999955
11
50.8129999999999953
21
-61.4117940000000004
0
LINE
8
BLACK
6
CONTINUOUS
10
50.8129999999999953
20
-61.4117940000000004
11
50.8129999999999953
21
-37.1184000000000012
0
LINE
8
BLACK
6
CONTINUOUS
10
50.8129999999999953
20
-37.1184000000000012
11
50.8172769999999971
21
-37.0531519999999972
0
LINE
8
BLACK
6
CONTINUOUS
10
50.8172769999999971
20
-37.0531519999999972
11
50.8172769999999971
21
-37.0531369999999995
0
LINE
8
BLACK
6
CONTINUOUS
10
50.8172769999999971
20
-37.0531369999999995
11
50.8510599999999968
21
-36.9270579999999953
0
LINE
8
BLACK
6
CONTINUOUS
10
50.8510599999999968
20
-36.9270579999999953
11
50.9163229999999984
21
-36.8140190000000018
0
LINE
8
BLACK
6
CONTINUOUS
10
50.9163229999999984
20
-36.8140190000000018
11
50.9163379999999961
21
-36.8140029999999996
0
LINE
8
BLACK
6
CONTINUOUS
10
50.9163379999999961
20
-36.8140029999999996
11
50.9594469999999973
21
-36.7648469999999961
0
LINE
8
BLACK
6
CONTINUOUS
10
50.9594469999999973
20
-36.7648469999999961
11
54.0191459999999992
21
-33.7051469999999966
0
LINE
8
BLACK
6
CONTINUOUS
10
54.0191459999999992
20
-33.7051469999999966
11
54.0683099999999968
21
-33.6620309999999989
0
LINE
8
BLACK
6
CONTINUOUS
10
54.0683099999999968
20
-33.6620309999999989
11
54.0683189999999954
21
-33.6620229999999978
0
LINE
8
BLACK
6
CONTINUOUS
10
54.0683189999999954
20
-33.6620229999999978
11
54.1813579999999959
21
-33.5967599999999962
0
LINE
8
BLACK
6
CONTINUOUS
10
54.1813579999999959
20
-33.5967599999999962
11
54.1923339999999953
21
-33.5938189999999963
0
LINE
8
BLACK
6
CONTINUOUS
10
54.1923339999999953
20
-33.5938189999999963
11
54.3074370000000002
21
-33.5629769999999965
0
LINE
8
BLACK
6
CONTINUOUS
10
54.3074370000000002
20
-33.5629769999999965
11
54.3074519999999978
21
-33.5629769999999965
0
LINE
8
BLACK
6
CONTINUOUS
10
54.3074519999999978
20
-33.5629769999999965
11
54.3726999999999947
21
-33.5587000000000018
0
LINE
8
BLACK
6
CONTINUOUS
10
54.3726999999999947
20
-33.5587000000000018
11
63.5374999999999943
21
-33.5587000000000018
0
LINE
8
BLACK
6
CONTINUOUS
10
63.5374999999999943
20
-33.5587000000000018
11
63.6027479999999983
21
-33.5629769999999965
0
LINE
8
BLACK
6
CONTINUOUS
10
86.5734139999999996
20
-61.9563519999999954
11
86.7272279999999967
21
-61.9869479999999982
0
LINE
8
BLACK
6
CONTINUOUS
10
86.7272279999999967
20
-61.9869479999999982
11
86.8721170000000029
21
-62.0469629999999981
0
LINE
8
BLACK
6
CONTINUOUS
10
86.8721170000000029
20
-62.0469629999999981
11
87.0025150000000025
21
-62.1340919999999954
0
LINE
8
BLACK
6
CONTINUOUS
10
87.0025150000000025
20
-62.1340919999999954
11
87.1134079999999926
21
-62.2449849999999998
0
LINE
8
BLACK
6
CONTINUOUS
10
87.1134079999999926
20
-62.2449849999999998
11
87.2005369999999971
21
-62.3753829999999994
0
LINE
8
BLACK
6
CONTINUOUS
10
87.2005369999999971
20
-62.3753829999999994
11
87.2605519999999899
21
-62.5202719999999985
0
LINE
8
BLACK
6
CONTINUOUS
10
87.2605519999999899
20
-62.5202719999999985
11
87.2911479999999926
21
-62.6740859999999955
0
LINE
8
BLACK
6
CONTINUOUS
10
87.2911479999999926
20
-62.6740859999999955
11
87.2911479999999926
21
-62.8309139999999999
0
LINE
8
BLACK
6
CONTINUOUS
10
87.2911479999999926
20
-62.8309139999999999
11
87.2605519999999899
21
-62.9847279999999969
0
LINE
8
BLACK
6
CONTINUOUS
10
87.2605519999999899
20
-62.9847279999999969
11
87.2005369999999971
21
-63.1296169999999961
0
LINE
8
BLACK
6
CONTINUOUS
10
87.2005369999999971
20
-63.1296169999999961
11
87.1134079999999926
21
-63.2600149999999957
0
LINE
8
BLACK
6
CONTINUOUS
10
87.1134079999999926
20
-63.2600149999999957
11
87.0025150000000025
21
-63.370908
0
LINE
8
BLACK
6
CONTINUOUS
10
87.0025150000000025
20
-63.370908
11
86.8721170000000029
21
-63.4580369999999974
0
LINE
8
BLACK
6
CONTINUOUS
10
86.8721170000000029
20
-63.4580369999999974
11
86.7272279999999967
21
-63.5180519999999973
0
LINE
8
BLACK
6
CONTINUOUS
10
86.7272279999999967
20
-63.5180519999999973
11
86.5734139999999996
21
-63.548648
0
LINE
8
BLACK
6
CONTINUOUS
10
86.5734139999999996
20
-63.548648
11
86.4949999999999903
21
-63.5524999999999949
0
LINE
8
BLACK
6
CONTINUOUS
10
86.4949999999999903
20
-63.5524999999999949
11
85.6949999999999932
21
-63.5524999999999949
0
LINE
8
BLACK
6
CONTINUOUS
10
85.6949999999999932
20
-63.5524999999999949
11
85.6165859999999981
21
-63.548648
0
LINE
8
BLACK
6
CONTINUOUS
10
85.6165859999999981
20
-63.548648
11
85.4627720000000011
21
-63.5180519999999973
0
LINE
8
BLACK
6
CONTINUOUS
10
85.4627720000000011
20
-63.5180519999999973
11
85.3178829999999948
21
-63.4580369999999974
0
LINE
8
BLACK
6
CONTINUOUS
10
85.3178829999999948
20
-63.4580369999999974
11
85.1874849999999952
21
-63.370908
0
LINE
8
BLACK
6
CONTINUOUS
10
85.1874849999999952
20
-63.370908
11
85.0765919999999909
21
-63.2600149999999957
0
LINE
8
BLACK
6
CONTINUOUS
10
85.0765919999999909
20
-63.2600149999999957
11
84.9894630000000006
21
-63.1296169999999961
0
LINE
8
BLACK
6
CONTINUOUS
10
84.9894630000000006
20
-63.1296169999999961
11
84.9294479999999936
21
-62.9847279999999969
0
LINE
8
BLACK
6
CONTINUOUS
10
84.9294479999999936
20
-62.9847279999999969
11
84.8988519999999909
21
-62.8309139999999999
0
LINE
8
BLACK
6
CONTINUOUS
10
84.8988519999999909
20
-62.8309139999999999
11
84.8988519999999909
21
-62.6740859999999955
0
LINE
8
BLACK
6
CONTINUOUS
10
84.8988519999999909
20
-62.6740859999999955
11
84.9294479999999936
21
-62.5202719999999985
0
LINE
8
BLACK
6
CONTINUOUS
10
84.9294479999999936
20
-62.5202719999999985
11
84.9894630000000006
21
-62.3753829999999994
0
LINE
8
BLACK
6
CONTINUOUS
10
84.9894630000000006
20
-62.3753829999999994
11
85.0765919999999909
21
-62.2449849999999998
0
LINE
8
BLACK
6
CONTINUOUS
10
85.0765919999999909
20
-62.2449849999999998
11
85.1874849999999952
21
-62.1340919999999954
0
LINE
8
BLACK
6
CONTINUOUS
10
85.1874849999999952
20
-62.1340919999999954
11
85.3178829999999948
21
-62.0469629999999981
0
LINE
8
BLACK
6
CONTINUOUS
10
85.3178829999999948
20
-62.0469629999999981
11
85.4627720000000011
21
-61.9869479999999982
0
LINE
8
BLACK
6
CONTINUOUS
10
85.4627720000000011
20
-61.9869479999999982
11
85.6165859999999981
21
-61.9563519999999954
0
LINE
8
BLACK
6
CONTINUOUS
10
85.6165859999999981
20
-61.9563519999999954
11
85.6949999999999932
21
-61.9525000000000006
0
LINE
8
BLACK
6
CONTINUOUS
10
85.6949999999999932
20
-61.9525000000000006
11
86.4949999999999903
21
-61.9525000000000006
0
LINE
8
BLACK
6
CONTINUOUS
10
86.4949999999999903
20
-61.9525000000000006
11
86.5734139999999996
21
-61.9563519999999954
0
LINE
8
BLACK
6
CONTINUOUS
10
33.1099999999999994
20
-36.6625000000000014
11
32.1099999999999994
21
-36.6625000000000014
0
LINE
8
BLACK
6
CONTINUOUS
10
32.1099999999999994
20
-36.6625000000000014
11
32.1099999999999994
21
-37.7570929999999976
0
LINE
8
BLACK
6
CONTINUOUS
10
32.1099999999999994
20
-37.7570929999999976
11
48.3485529999999954
21
-53.9956460000000007
0
LINE
8
BLACK
6
CONTINUOUS
10
48.3485529999999954
20
-53.9956460000000007
11
48.3916679999999957
21
-54.0448099999999982
0
LINE
8
BLACK
6
CONTINUOUS
10
48.3916679999999957
20
-54.0448099999999982
11
48.3916769999999943
21
-54.0448189999999968
0
LINE
8
BLACK
6
CONTINUOUS
10
48.3916769999999943
20
-54.0448189999999968
11
48.4556029999999964
21
-54.155541999999997
0
LINE
8
BLACK
6
CONTINUOUS
10
48.4556029999999964
20
-54.155541999999997
11
48.4569399999999959
21
-54.1578579999999974
0
LINE
8
BLACK
6
CONTINUOUS
10
48.4569399999999959
20
-54.1578579999999974
11
48.4907229999999956
21
-54.2839369999999946
0
LINE
8
BLACK
6
CONTINUOUS
10
48.4907229999999956
20
-54.2839369999999946
11
48.4907229999999956
21
-54.2839519999999993
0
LINE
8
BLACK
6
CONTINUOUS
10
48.4907229999999956
20
-54.2839519999999993
11
48.4949999999999974
21
-54.3491999999999962
0
LINE
8
BLACK
6
CONTINUOUS
10
48.4949999999999974
20
-54.3491999999999962
11
48.4949999999999974
21
-58.2803550000000001
0
LINE
8
BLACK
6
CONTINUOUS
10
48.4949999999999974
20
-58.2803550000000001
11
48.6378789999999981
21
-58.3186399999999949
0
LINE
8
BLACK
6
CONTINUOUS
10
48.6378789999999981
20
-58.3186399999999949
11
48.8795769999999976
21
-58.4187549999999973
0
LINE
8
BLACK
6
CONTINUOUS
10
48.8795769999999976
20
-58.4187549999999973
11
49.1061399999999963
21
-58.5495609999999971
0
LINE
8
BLACK
6
CONTINUOUS
10
49.1061399999999963
20
-58.5495609999999971
11
49.3136919999999961
21
-58.7088199999999958
0
LINE
8
BLACK
6
CONTINUOUS
10
49.3136919999999961
20
-58.7088199999999958
11
49.4986800000000002
21
-58.8938079999999999
0
LINE
8
BLACK
6
CONTINUOUS
10
49.4986800000000002
20
-58.8938079999999999
11
49.6579389999999989
21
-59.1013599999999997
0
LINE
8
BLACK
6
CONTINUOUS
10
49.6579389999999989
20
-59.1013599999999997
11
49.7887449999999987
21
-59.3279229999999984
0
LINE
8
BLACK
6
CONTINUOUS
10
49.7887449999999987
20
-59.3279229999999984
11
49.8888600000000011
21
-59.5696209999999979
0
LINE
8
BLACK
6
CONTINUOUS
10
49.8888600000000011
20
-59.5696209999999979
11
49.9565709999999967
21
-59.8223190000000002
0
LINE
8
BLACK
6
CONTINUOUS
10
49.9565709999999967
20
-59.8223190000000002
11
49.9907180000000011
21
-60.0816939999999988
0
LINE
8
BLACK
6
CONTINUOUS
10
49.9907180000000011
20
-60.0816939999999988
11
49.9907180000000011
21
-60.3433059999999983
0
LINE
8
BLACK
6
CONTINUOUS
10
49.9907180000000011
20
-60.3433059999999983
11
49.9565709999999967
21
-60.6026809999999969
0
LINE
8
BLACK
6
CONTINUOUS
10
49.9565709999999967
20
-60.6026809999999969
11
49.8888600000000011
21
-60.8553789999999992
0
LINE
8
BLACK
6
CONTINUOUS
10
49.8888600000000011
20
-60.8553789999999992
11
49.7887449999999987
21
-61.0970769999999987
0
LINE
8
BLACK
6
CONTINUOUS
10
49.7887449999999987
20
-61.0970769999999987
11
49.6579389999999989
21
-61.3236399999999975
0
LINE
8
BLACK
6
CONTINUOUS
10
49.6579389999999989
20
-61.3236399999999975
11
49.4986800000000002
21
-61.5311919999999972
0
LINE
8
BLACK
6
CONTINUOUS
10
49.4986800000000002
20
-61.5311919999999972
11
49.3136919999999961
21
-61.7161799999999943
0
LINE
8
BLACK
6
CONTINUOUS
10
49.3136919999999961
20
-61.7161799999999943
11
49.1061399999999963
21
-61.8754390000000001
0
LINE
8
BLACK
6
CONTINUOUS
10
49.1061399999999963
20
-61.8754390000000001
11
48.8795769999999976
21
-62.0062449999999998
0
LINE
8
BLACK
6
CONTINUOUS
10
48.8795769999999976
20
-62.0062449999999998
11
48.6378789999999981
21
-62.1063599999999951
0
LINE
8
BLACK
6
CONTINUOUS
10
48.6378789999999981
20
-62.1063599999999951
11
48.3851809999999958
21
-62.1740709999999979
0
LINE
8
BLACK
6
CONTINUOUS
10
48.3851809999999958
20
-62.1740709999999979
11
48.1258059999999972
21
-62.2082179999999951
0
LINE
8
BLACK
6
CONTINUOUS
10
48.1258059999999972
20
-62.2082179999999951
11
47.8641939999999977
21
-62.2082179999999951
0
LINE
8
BLACK
6
CONTINUOUS
10
47.8641939999999977
20
-62.2082179999999951
11
47.6048189999999991
21
-62.1740709999999979
0
LINE
8
BLACK
6
CONTINUOUS
10
47.6048189999999991
20
-62.1740709999999979
11
47.3521209999999968
21
-62.1063599999999951
0
LINE
8
BLACK
6
CONTINUOUS
10
47.3521209999999968
20
-62.1063599999999951
11
47.1104229999999973
21
-62.0062449999999998
0
LINE
8
BLACK
6
CONTINUOUS
10
47.1104229999999973
20
-62.0062449999999998
11
46.8838599999999985
21
-61.8754390000000001
0
LINE
8
BLACK
6
CONTINUOUS
10
46.8838599999999985
20
-61.8754390000000001
11
46.6763079999999988
21
-61.7161799999999943
0
LINE
8
BLACK
6
CONTINUOUS
10
46.6763079999999988
20
-61.7161799999999943
11
46.4913199999999946
21
-61.5311919999999972
0
LINE
8
BLACK
6
CONTINUOUS
10
46.4913199999999946
20
-61.5311919999999972
11
46.3320609999999959
21
-61.3236399999999975
0
LINE
8
BLACK
6
CONTINUOUS
10
46.3320609999999959
20
-61.3236399999999975
11
46.2012549999999962
21
-61.0970769999999987
0
LINE
8
BLACK
6
CONTINUOUS
10
46.2012549999999962
20
-61.0970769999999987
11
46.1011400000000009
21
-60.8553789999999992
0
LINE
8
BLACK
6
CONTINUOUS
10
46.1011400000000009
20
-60.8553789999999992
11
46.0334289999999982
21
-60.6026809999999969
0
LINE
8
BLACK
6
CONTINUOUS
10
46.0334289999999982
20
-60.6026809999999969
11
45.9992820000000009
21
-60.3433059999999983
0
LINE
8
BLACK
6
CONTINUOUS
10
45.9992820000000009
20
-60.3433059999999983
11
45.9992820000000009
21
-60.0816939999999988
0
LINE
8
BLACK
6
CONTINUOUS
10
45.9992820000000009
20
-60.0816939999999988
11
46.0334289999999982
21
-59.8223190000000002
0
LINE
8
BLACK
6
CONTINUOUS
10
46.0334289999999982
20
-59.8223190000000002
11
46.1011400000000009
21
-59.5696209999999979
0
LINE
8
BLACK
6
CONTINUOUS
10
46.1011400000000009
20
-59.5696209999999979
11
46.2012549999999962
21
-59.3279229999999984
0
LINE
8
BLACK
6
CONTINUOUS
10
46.2012549999999962
20
-59.3279229999999984
11
46.3320609999999959
21
-59.1013599999999997
0
LINE
8
BLACK
6
CONTINUOUS
10
46.3320609999999959
20
-59.1013599999999997
11
46.4913199999999946
21
-58.8938079999999999
0
LINE
8
BLACK
6
CONTINUOUS
10
46.4913199999999946
20
-58.8938079999999999
11
46.6763079999999988
21
-58.7088199999999958
0
LINE
8
BLACK
6
CONTINUOUS
10
46.6763079999999988
20
-58.7088199999999958
11
46.8838599999999985
21
-58.5495609999999971
0
LINE
8
BLACK
6
CONTINUOUS
10
46.8838599999999985
20
-58.5495609999999971
11
47.1104229999999973
21
-58.4187549999999973
0
LINE
8
BLACK
6
CONTINUOUS
10
47.1104229999999973
20
-58.4187549999999973
11
47.3521209999999968
21
-58.3186399999999949
0
LINE
8
BLACK
6
CONTINUOUS
10
47.3521209999999968
20
-58.3186399999999949
11
47.4949999999999974
21
-58.2803550000000001
0
LINE
8
BLACK
6
CONTINUOUS
10
47.4949999999999974
20
-58.2803550000000001
11
47.4949999999999974
21
-54.5563059999999993
0
LINE
8
BLACK
6
CONTINUOUS
10
47.4949999999999974
20
-54.5563059999999993
11
31.2564469999999979
21
-38.3177529999999962
0
LINE
8
BLACK
6
CONTINUOUS
10
31.2564469999999979
20
-38.3177529999999962
11
31.2133380000000002
21
-38.2685959999999952
0
LINE
8
BLACK
6
CONTINUOUS
10
31.2133380000000002
20
-38.2685959999999952
11
31.213322999999999
21
-38.2685809999999975
0
LINE
8
BLACK
6
CONTINUOUS
10
31.213322999999999
20
-38.2685809999999975
11
31.1480599999999974
21
-38.155541999999997
0
LINE
8
BLACK
6
CONTINUOUS
10
31.1480599999999974
20
-38.155541999999997
11
31.1142769999999977
21
-38.0294629999999998
0
LINE
8
BLACK
6
CONTINUOUS
10
31.1142769999999977
20
-38.0294629999999998
11
31.1142769999999977
21
-38.0294469999999976
0
LINE
8
BLACK
6
CONTINUOUS
10
31.1142769999999977
20
-38.0294469999999976
11
31.1099999999999994
21
-37.9641999999999982
0
LINE
8
BLACK
6
CONTINUOUS
10
31.1099999999999994
20
-37.9641999999999982
11
31.1099999999999994
21
-36.6625000000000014
0
LINE
8
BLACK
6
CONTINUOUS
10
31.1099999999999994
20
-36.6625000000000014
11
30.1099999999999994
21
-36.6625000000000014
0
LINE
8
BLACK
6
CONTINUOUS
10
30.1099999999999994
20
-36.6625000000000014
11
30.1099999999999994
21
-33.6625000000000014
0
LINE
8
BLACK
6
CONTINUOUS
10
30.1099999999999994
20
-33.6625000000000014
11
33.1099999999999994
21
-33.6625000000000014
0
LINE
8
BLACK
6
CONTINUOUS
10
33.1099999999999994
20
-33.6625000000000014
11
33.1099999999999994
21
-36.6625000000000014
0
LINE
8
BLACK
6
CONTINUOUS
10
100.4674160000000001
20
-45.7223849999999956
11
100.5131709999999998
21
-45.7751889999999975
0
LINE
8
BLACK
6
CONTINUOUS
10
100.5131709999999998
20
-45.7751889999999975
11
100.52311499999999
21
-45.8443469999999991
0
LINE
8
BLACK
6
CONTINUOUS
10
100.52311499999999
20
-45.8443469999999991
11
100.4940899999999999
21
-45.9079029999999975
0
LINE
8
BLACK
6
CONTINUOUS
10
100.4940899999999999
20
-45.9079029999999975
11
100.4386959999999931
21
-45.9446299999999965
0
LINE
8
BLACK
6
CONTINUOUS
10
100.4386959999999931
20
-45.9446299999999965
11
100.3585669999999936
21
-45.9706660000000014
0
LINE
8
BLACK
6
CONTINUOUS
10
100.3585669999999936
20
-45.9706660000000014
11
100.2458829999999921
21
-46.0072789999999969
0
LINE
8
BLACK
6
CONTINUOUS
10
100.2458829999999921
20
-46.0072789999999969
11
100.2458809999999971
21
-46.0072789999999969
0
LINE
8
BLACK
6
CONTINUOUS
10
100.2458809999999971
20
-46.0072789999999969
11
100.2458809999999971
21
-46.0072799999999944
0
LINE
8
BLACK
6
CONTINUOUS
10
100.2458809999999971
20
-46.0072799999999944
11
100.2165639999999911
21
-46.0222179999999952
0
LINE
8
BLACK
6
CONTINUOUS
10
100.2165639999999911
20
-46.0222179999999952
11
100.0634900000000016
21
-46.1002109999999945
0
LINE
8
BLACK
6
CONTINUOUS
10
100.0634900000000016
20
-46.1002109999999945
11
100.0165689999999898
21
-46.1343019999999981
0
LINE
8
BLACK
6
CONTINUOUS
10
100.0165689999999898
20
-46.1343019999999981
11
99.9897989999999908
21
-46.1537519999999972
0
LINE
8
BLACK
6
CONTINUOUS
10
99.9897989999999908
20
-46.1537519999999972
11
99.9897979999999933
21
-46.1537529999999947
0
LINE
8
BLACK
6
CONTINUOUS
10
99.9897979999999933
20
-46.1537529999999947
11
99.8978839999999906
21
-46.2205299999999966
0
LINE
8
BLACK
6
CONTINUOUS
10
99.8978839999999906
20
-46.2205299999999966
11
90.2042359999999945
21
-55.9141779999999997
0
LINE
8
BLACK
6
CONTINUOUS
10
90.2042359999999945
20
-55.9141779999999997
11
90.0839129999999955
21
-56.0797880000000006
0
LINE
8
BLACK
6
CONTINUOUS
10
90.0839129999999955
20
-56.0797880000000006
11
90.0495310000000018
21
-56.1472679999999968
0
LINE
8
BLACK
6
CONTINUOUS
10
90.0495310000000018
20
-56.1472679999999968
11
89.9909809999999908
21
-56.2621759999999966
0
LINE
8
BLACK
6
CONTINUOUS
10
89.9909809999999908
20
-56.2621759999999966
11
89.9277220000000028
21
-56.4568650000000005
0
LINE
8
BLACK
6
CONTINUOUS
10
89.9277220000000028
20
-56.4568650000000005
11
89.8956999999999908
21
-56.6590479999999985
0
LINE
8
BLACK
6
CONTINUOUS
10
89.8956999999999908
20
-56.6590479999999985
11
89.8956999999999908
21
-59.6224530000000001
0
LINE
8
BLACK
6
CONTINUOUS
10
89.8956999999999908
20
-59.6224530000000001
11
89.8760149999999953
21
-59.6894919999999942
0
LINE
8
BLACK
6
CONTINUOUS
10
89.8760149999999953
20
-59.6894919999999942
11
89.8593809999999991
21
-59.7101339999999965
0
LINE
8
BLACK
6
CONTINUOUS
10
89.8593809999999991
20
-59.7101339999999965
11
88.0121359999999981
21
-61.5573779999999999
0
LINE
8
BLACK
6
CONTINUOUS
10
88.0121359999999981
20
-61.5573779999999999
11
88.0121359999999981
21
-61.5573789999999974
0
LINE
8
BLACK
6
CONTINUOUS
10
88.0121359999999981
20
-61.5573789999999974
11
88.012133999999989
21
-61.5573809999999995
0
LINE
8
BLACK
6
CONTINUOUS
10
88.012133999999989
20
-61.5573809999999995
11
87.9414659999999913
21
-61.6546469999999971
0
LINE
8
BLACK
6
CONTINUOUS
10
87.9414659999999913
20
-61.6546469999999971
11
87.9085189999999983
21
-61.6999949999999941
0
LINE
8
BLACK
6
CONTINUOUS
10
87.9085189999999983
20
-61.6999949999999941
11
87.8936769999999967
21
-61.7114389999999986
0
LINE
8
BLACK
6
CONTINUOUS
10
87.8936769999999967
20
-61.7114389999999986
11
87.8824359999999984
21
-61.7264319999999955
0
LINE
8
BLACK
6
CONTINUOUS
10
87.8824359999999984
20
-61.7264319999999955
11
87.8665839999999889
21
-61.7323299999999975
0
LINE
8
BLACK
6
CONTINUOUS
10
87.8665839999999889
20
-61.7323299999999975
11
87.8531890000000004
21
-61.7426599999999937
0
LINE
8
BLACK
6
CONTINUOUS
10
87.8531890000000004
20
-61.7426599999999937
11
87.8345169999999911
21
-61.7442629999999966
0
LINE
8
BLACK
6
CONTINUOUS
10
87.8345169999999911
20
-61.7442629999999966
11
87.816952999999998
21
-61.7507999999999981
0
LINE
8
BLACK
6
CONTINUOUS
10
87.816952999999998
20
-61.7507999999999981
11
87.8004260000000016
21
-61.7471909999999937
0
LINE
8
BLACK
6
CONTINUOUS
10
87.8004260000000016
20
-61.7471909999999937
11
87.783574999999999
21
-61.7486389999999972
0
LINE
8
BLACK
6
CONTINUOUS
10
87.783574999999999
20
-61.7486389999999972
11
87.7669999999999959
21
-61.739892999999995
0
LINE
8
BLACK
6
CONTINUOUS
10
87.7669999999999959
20
-61.739892999999995
11
87.7486919999999913
21
-61.7358959999999968
0
LINE
8
BLACK
6
CONTINUOUS
10
87.7486919999999913
20
-61.7358959999999968
11
87.7287999999999926
21
-61.719736999999995
0
LINE
8
BLACK
6
CONTINUOUS
10
87.7287999999999926
20
-61.719736999999995
11
87.7217809999999929
21
-61.7160329999999959
0
LINE
8
BLACK
6
CONTINUOUS
10
87.7217809999999929
20
-61.7160329999999959
11
87.720452999999992
21
-61.7147239999999968
0
LINE
8
BLACK
6
CONTINUOUS
10
87.720452999999992
20
-61.7147239999999968
11
87.716360999999992
21
-61.7106250000000003
0
LINE
8
BLACK
6
CONTINUOUS
10
87.716360999999992
20
-61.7106250000000003
11
87.7157929999999908
21
-61.7098439999999968
0
LINE
8
BLACK
6
CONTINUOUS
10
87.7157929999999908
20
-61.7098439999999968
11
87.5760609999999957
21
-61.5701119999999946
0
LINE
8
BLACK
6
CONTINUOUS
10
87.5760609999999957
20
-61.5701119999999946
11
87.5591450000000009
21
-61.5390769999999989
0
LINE
8
BLACK
6
CONTINUOUS
10
87.5591450000000009
20
-61.5390769999999989
11
87.5426449999999932
21
-61.5088579999999965
0
LINE
8
BLACK
6
CONTINUOUS
10
87.5426449999999932
20
-61.5088579999999965
11
87.5426479999999998
21
-61.5088089999999994
0
LINE
8
BLACK
6
CONTINUOUS
10
87.5426479999999998
20
-61.5088089999999994
11
87.542625000000001
21
-61.5087659999999943
0
LINE
8
BLACK
6
CONTINUOUS
10
87.542625000000001
20
-61.5087659999999943
11
87.5451369999999969
21
-61.4740049999999982
0
LINE
8
BLACK
6
CONTINUOUS
10
87.5451369999999969
20
-61.4740049999999982
11
87.5476290000000006
21
-61.4391660000000002
0
LINE
8
BLACK
6
CONTINUOUS
10
87.5476290000000006
20
-61.4391660000000002
11
87.5476589999999959
21
-61.439118999999998
0
LINE
8
BLACK
6
CONTINUOUS
10
87.5476589999999959
20
-61.439118999999998
11
87.5476620000000025
21
-61.439077999999995
0
LINE
8
BLACK
6
CONTINUOUS
10
87.5476620000000025
20
-61.439077999999995
11
87.5478260000000006
21
-61.4388579999999962
0
LINE
8
BLACK
6
CONTINUOUS
10
87.5478260000000006
20
-61.4388579999999962
11
87.576129999999992
21
-61.3948189999999983
0
LINE
8
BLACK
6
CONTINUOUS
10
87.576129999999992
20
-61.3948189999999983
11
87.6187309999999968
21
-61.3522180000000006
0
LINE
8
BLACK
6
CONTINUOUS
10
87.6187309999999968
20
-61.3522180000000006
11
87.7157929999999908
21
-61.2551559999999995
0
LINE
8
BLACK
6
CONTINUOUS
10
87.7157929999999908
20
-61.2551559999999995
11
87.8638699999999915
21
-61.0513449999999978
0
LINE
8
BLACK
6
CONTINUOUS
10
87.8638699999999915
20
-61.0513449999999978
11
87.978240999999997
21
-60.8268789999999981
0
LINE
8
BLACK
6
CONTINUOUS
10
87.978240999999997
20
-60.8268789999999981
11
88.0560899999999975
21
-60.5872849999999943
0
LINE
8
BLACK
6
CONTINUOUS
10
88.0560899999999975
20
-60.5872849999999943
11
88.0955000000000013
21
-60.3384619999999998
0
LINE
8
BLACK
6
CONTINUOUS
10
88.0955000000000013
20
-60.3384619999999998
11
88.0955000000000013
21
-60.0865379999999973
0
LINE
8
BLACK
6
CONTINUOUS
10
88.0955000000000013
20
-60.0865379999999973
11
88.0560899999999975
21
-59.8377149999999958
0
LINE
8
BLACK
6
CONTINUOUS
10
88.0560899999999975
20
-59.8377149999999958
11
87.978240999999997
21
-59.598120999999999
0
LINE
8
BLACK
6
CONTINUOUS
10
87.978240999999997
20
-59.598120999999999
11
87.9782390000000021
21
-59.5981179999999995
0
LINE
8
BLACK
6
CONTINUOUS
10
87.9782390000000021
20
-59.5981179999999995
11
87.9782390000000021
21
-59.5981159999999974
0
LINE
8
BLACK
6
CONTINUOUS
10
87.9782390000000021
20
-59.5981159999999974
11
87.8956349999999986
21
-59.4359979999999979
0
LINE
8
BLACK
6
CONTINUOUS
10
87.8956349999999986
20
-59.4359979999999979
11
87.8638699999999915
21
-59.3736549999999994
0
LINE
8
BLACK
6
CONTINUOUS
10
87.8638699999999915
20
-59.3736549999999994
11
87.7212959999999953
21
-59.1774179999999959
0
LINE
8
BLACK
6
CONTINUOUS
10
87.7212959999999953
20
-59.1774179999999959
11
87.6978160000000031
21
-59.1116119999999938
0
LINE
8
BLACK
6
CONTINUOUS
10
87.6978160000000031
20
-59.1116119999999938
11
87.7136409999999955
21
-59.0435579999999973
0
LINE
8
BLACK
6
CONTINUOUS
10
87.7136409999999955
20
-59.0435579999999973
11
87.7429479999999984
21
-59.0086809999999957
0
LINE
8
BLACK
6
CONTINUOUS
10
87.7429479999999984
20
-59.0086809999999957
11
87.7914099999999991
21
-58.9689099999999939
0
LINE
8
BLACK
6
CONTINUOUS
10
87.7914099999999991
20
-58.9689099999999939
11
87.9226850000000013
21
-58.8089499999999958
0
LINE
8
BLACK
6
CONTINUOUS
10
87.9226850000000013
20
-58.8089499999999958
11
88.0202319999999929
21
-58.6264539999999954
0
LINE
8
BLACK
6
CONTINUOUS
10
88.0202319999999929
20
-58.6264539999999954
11
88.080299999999994
21
-58.4284339999999958
0
LINE
8
BLACK
6
CONTINUOUS
10
88.080299999999994
20
-58.4284339999999958
11
88.0955000000000013
21
-58.2741079999999982
0
LINE
8
BLACK
6
CONTINUOUS
10
88.0955000000000013
20
-58.2741079999999982
11
88.0955000000000013
21
-57.562546999999995
0
LINE
8
BLACK
6
CONTINUOUS
10
88.0955000000000013
20
-57.562546999999995
11
88.1151849999999968
21
-57.4955080000000009
0
LINE
8
BLACK
6
CONTINUOUS
10
88.1151849999999968
20
-57.4955080000000009
11
88.131818999999993
21
-57.4748659999999987
0
LINE
8
BLACK
6
CONTINUOUS
10
88.131818999999993
20
-57.4748659999999987
11
99.8676659999999998
21
-45.739018999999999
0
LINE
8
BLACK
6
CONTINUOUS
10
99.8676659999999998
20
-45.739018999999999
11
99.9289890000000014
21
-45.7055340000000001
0
LINE
8
BLACK
6
CONTINUOUS
10
99.9289890000000014
20
-45.7055340000000001
11
99.9553469999999891
21
-45.7027000000000001
0
LINE
8
BLACK
6
CONTINUOUS
10
99.9553469999999891
20
-45.7027000000000001
11
100.4003769999999918
21
-45.7027000000000001
0
LINE
8
BLACK
6
CONTINUOUS
10
100.4003769999999918
20
-45.7027000000000001
11
100.4674160000000001
21
-45.7223849999999956
0
LINE
8
BLACK
6
CONTINUOUS
10
74.2717899999999958
20
-37.2178929999999966
11
74.4359520000000003
21
-37.2712329999999952
0
LINE
8
BLACK
6
CONTINUOUS
10
74.4359520000000003
20
-37.2712329999999952
11
74.5897480000000002
21
-37.3495959999999982
0
LINE
8
BLACK
6
CONTINUOUS
10
74.5897480000000002
20
-37.3495959999999982
11
74.7293930000000017
21
-37.4510530000000017
0
LINE
8
BLACK
6
CONTINUOUS
10
74.7293930000000017
20
-37.4510530000000017
11
74.8514469999999932
21
-37.5731070000000003
0
LINE
8
BLACK
6
CONTINUOUS
10
74.8514469999999932
20
-37.5731070000000003
11
74.9529039999999895
21
-37.7127520000000018
0
LINE
8
BLACK
6
CONTINUOUS
10
74.9529039999999895
20
-37.7127520000000018
11
75.0312669999999997
21
-37.8665480000000017
0
LINE
8
BLACK
6
CONTINUOUS
10
75.0312669999999997
20
-37.8665480000000017
11
75.0846069999999912
21
-38.0307099999999991
0
LINE
8
BLACK
6
CONTINUOUS
10
75.0846069999999912
20
-38.0307099999999991
11
75.1116090000000014
21
-38.2011949999999985
0
LINE
8
BLACK
6
CONTINUOUS
10
75.1116090000000014
20
-38.2011949999999985
11
75.1116090000000014
21
-38.3738049999999973
0
LINE
8
BLACK
6
CONTINUOUS
10
75.1116090000000014
20
-38.3738049999999973
11
75.0846069999999912
21
-38.5442899999999966
0
LINE
8
BLACK
6
CONTINUOUS
10
75.0846069999999912
20
-38.5442899999999966
11
75.0312669999999997
21
-38.7084520000000012
0
LINE
8
BLACK
6
CONTINUOUS
10
75.0312669999999997
20
-38.7084520000000012
11
74.9529039999999895
21
-38.862248000000001
0
LINE
8
BLACK
6
CONTINUOUS
10
74.9529039999999895
20
-38.862248000000001
11
74.8514469999999932
21
-39.0018929999999955
0
LINE
8
BLACK
6
CONTINUOUS
10
74.8514469999999932
20
-39.0018929999999955
11
74.7293930000000017
21
-39.1239470000000011
0
LINE
8
BLACK
6
CONTINUOUS
10
74.7293930000000017
20
-39.1239470000000011
11
74.5897480000000002
21
-39.2254039999999975
0
LINE
8
BLACK
6
CONTINUOUS
10
74.5897480000000002
20
-39.2254039999999975
11
74.4359520000000003
21
-39.3037670000000006
0
LINE
8
BLACK
6
CONTINUOUS
10
74.4359520000000003
20
-39.3037670000000006
11
74.2717899999999958
21
-39.3571069999999992
0
LINE
8
BLACK
6
CONTINUOUS
10
74.2717899999999958
20
-39.3571069999999992
11
74.1013049999999964
21
-39.3841089999999951
0
LINE
8
BLACK
6
CONTINUOUS
10
74.1013049999999964
20
-39.3841089999999951
11
73.9286949999999905
21
-39.3841089999999951
0
LINE
8
BLACK
6
CONTINUOUS
10
73.9286949999999905
20
-39.3841089999999951
11
73.7582099999999912
21
-39.3571069999999992
0
LINE
8
BLACK
6
CONTINUOUS
10
73.7582099999999912
20
-39.3571069999999992
11
73.5940480000000008
21
-39.3037670000000006
0
LINE
8
BLACK
6
CONTINUOUS
10
73.5940480000000008
20
-39.3037670000000006
11
73.440252000000001
21
-39.2254039999999975
0
LINE
8
BLACK
6
CONTINUOUS
10
73.440252000000001
20
-39.2254039999999975
11
73.3006069999999994
21
-39.1239470000000011
0
LINE
8
BLACK
6
CONTINUOUS
10
73.3006069999999994
20
-39.1239470000000011
11
73.1785529999999937
21
-39.0018929999999955
0
LINE
8
BLACK
6
CONTINUOUS
10
73.1785529999999937
20
-39.0018929999999955
11
73.0770959999999974
21
-38.862248000000001
0
LINE
8
BLACK
6
CONTINUOUS
10
73.0770959999999974
20
-38.862248000000001
11
72.9987330000000014
21
-38.7084520000000012
0
LINE
8
BLACK
6
CONTINUOUS
10
72.9987330000000014
20
-38.7084520000000012
11
72.9453929999999957
21
-38.5442899999999966
0
LINE
8
BLACK
6
CONTINUOUS
10
72.9453929999999957
20
-38.5442899999999966
11
72.9183909999999997
21
-38.3738049999999973
0
LINE
8
BLACK
6
CONTINUOUS
10
72.9183909999999997
20
-38.3738049999999973
11
72.9183909999999997
21
-38.2011949999999985
0
LINE
8
BLACK
6
CONTINUOUS
10
72.9183909999999997
20
-38.2011949999999985
11
72.9453929999999957
21
-38.0307099999999991
0
LINE
8
BLACK
6
CONTINUOUS
10
72.9453929999999957
20
-38.0307099999999991
11
72.9987330000000014
21
-37.8665480000000017
0
LINE
8
BLACK
6
CONTINUOUS
10
72.9987330000000014
20
-37.8665480000000017
11
73.0770959999999974
21
-37.7127520000000018
0
LINE
8
BLACK
6
CONTINUOUS
10
73.0770959999999974
20
-37.7127520000000018
11
73.1785529999999937
21
-37.5731070000000003
0
LINE
8
BLACK
6
CONTINUOUS
10
73.1785529999999937
20
-37.5731070000000003
11
73.3006069999999994
21
-37.4510530000000017
0
LINE
8
BLACK
6
CONTINUOUS
10
73.3006069999999994
20
-37.4510530000000017
11
73.440252000000001
21
-37.3495959999999982
0
LINE
8
BLACK
6
CONTINUOUS
10
73.440252000000001
20
-37.3495959999999982
11
73.5940480000000008
21
-37.2712329999999952
0
LINE
8
BLACK
6
CONTINUOUS
10
73.5940480000000008
20
-37.2712329999999952
11
73.7582099999999912
21
-37.2178929999999966
0
LINE
8
BLACK
6
CONTINUOUS
10
73.7582099999999912
20
-37.2178929999999966
11
73.9286949999999905
21
-37.1908910000000006
0
LINE
8
BLACK
6
CONTINUOUS
10
73.9286949999999905
20
-37.1908910000000006
11
74.1013049999999964
21
-37.1908910000000006
0
LINE
8
BLACK
6
CONTINUOUS
10
74.1013049999999964
20
-37.1908910000000006
11
74.2717899999999958
21
-37.2178929999999966
0
LINE
8
BLACK
6
CONTINUOUS
10
107.5606919999999889
20
-33.5771850000000001
11
107.5813339999999982
21
-33.5938189999999963
0
LINE
8
BLACK
6
CONTINUOUS
10
107.5813339999999982
20
-33.5938189999999963
11
110.053180999999995
21
-36.0656660000000002
0
LINE
8
BLACK
6
CONTINUOUS
10
110.053180999999995
20
-36.0656660000000002
11
110.0866659999999939
21
-36.1269890000000018
0
LINE
8
BLACK
6
CONTINUOUS
10
110.0866659999999939
20
-36.1269890000000018
11
110.089500000000001
21
-36.1533469999999966
0
LINE
8
BLACK
6
CONTINUOUS
10
110.089500000000001
20
-36.1533469999999966
11
110.089500000000001
21
-36.7074599999999975
0
LINE
8
BLACK
6
CONTINUOUS
10
110.089500000000001
20
-36.7074599999999975
11
110.1046300000000002
21
-36.8417490000000001
0
LINE
8
BLACK
6
CONTINUOUS
10
110.1046300000000002
20
-36.8417490000000001
11
110.1046309999999977
21
-36.8417540000000017
0
LINE
8
BLACK
6
CONTINUOUS
10
110.1046309999999977
20
-36.8417540000000017
11
110.1642109999999946
21
-37.0120229999999992
0
LINE
8
BLACK
6
CONTINUOUS
10
110.1642109999999946
20
-37.0120229999999992
11
110.2065470000000005
21
-37.0793999999999997
0
LINE
8
BLACK
6
CONTINUOUS
10
110.2065470000000005
20
-37.0793999999999997
11
110.2601839999999953
21
-37.1647619999999961
0
LINE
8
BLACK
6
CONTINUOUS
10
110.2601839999999953
20
-37.1647619999999961
11
110.3877379999999988
21
-37.2923159999999996
0
LINE
8
BLACK
6
CONTINUOUS
10
110.3877379999999988
20
-37.2923159999999996
11
110.4725169999999963
21
-37.3455859999999973
0
LINE
8
BLACK
6
CONTINUOUS
10
110.4725169999999963
20
-37.3455859999999973
11
110.5366609999999952
21
-37.3858910000000009
0
LINE
8
BLACK
6
CONTINUOUS
10
110.5366609999999952
20
-37.3858910000000009
11
110.5404779999999931
21
-37.3882890000000003
0
LINE
8
BLACK
6
CONTINUOUS
10
110.5404779999999931
20
-37.3882890000000003
11
110.634254999999996
21
-37.4211029999999951
0
LINE
8
BLACK
6
CONTINUOUS
10
110.634254999999996
20
-37.4211029999999951
11
110.7107449999999886
21
-37.4478679999999997
0
LINE
8
BLACK
6
CONTINUOUS
10
110.7107449999999886
20
-37.4478679999999997
11
110.7107499999999902
21
-37.4478689999999972
0
LINE
8
BLACK
6
CONTINUOUS
10
110.7107499999999902
20
-37.4478689999999972
11
110.8012459999999919
21
-37.4580649999999977
0
LINE
8
BLACK
6
CONTINUOUS
10
110.8012459999999919
20
-37.4580649999999977
11
110.8450399999999973
21
-37.4629989999999964
0
LINE
8
BLACK
6
CONTINUOUS
10
110.8450399999999973
20
-37.4629989999999964
11
110.8450429999999898
21
-37.463000000000001
0
LINE
8
BLACK
6
CONTINUOUS
10
110.8450429999999898
20
-37.463000000000001
11
110.8450459999999964
21
-37.463000000000001
0
LINE
8
BLACK
6
CONTINUOUS
10
110.8450459999999964
20
-37.463000000000001
11
112.686752999999996
21
-37.463000000000001
0
LINE
8
BLACK
6
CONTINUOUS
10
112.686752999999996
20
-37.463000000000001
11
112.75379199999999
21
-37.4826849999999965
0
LINE
8
BLACK
6
CONTINUOUS
10
112.75379199999999
20
-37.4826849999999965
11
112.7744339999999994
21
-37.4993189999999998
0
LINE
8
BLACK
6
CONTINUOUS
10
112.7744339999999994
20
-37.4993189999999998
11
118.1651339999999948
21
-42.8900189999999952
0
LINE
8
BLACK
6
CONTINUOUS
10
118.1651339999999948
20
-42.8900189999999952
11
118.1986189999999937
21
-42.9513419999999968
0
LINE
8
BLACK
6
CONTINUOUS
10
118.1986189999999937
20
-42.9513419999999968
11
118.1936350000000004
21
-43.0210340000000002
0
LINE
8
BLACK
6
CONTINUOUS
10
118.1936350000000004
20
-43.0210340000000002
11
118.1517629999999883
21
-43.0769669999999962
0
LINE
8
BLACK
6
CONTINUOUS
10
118.1517629999999883
20
-43.0769669999999962
11
118.0862989999999968
21
-43.1013839999999959
0
LINE
8
BLACK
6
CONTINUOUS
10
118.0862989999999968
20
-43.1013839999999959
11
118.0774529999999913
21
-43.101700000000001
0
LINE
8
BLACK
6
CONTINUOUS
10
118.0774529999999913
20
-43.101700000000001
11
99.4676509999999894
21
-43.101700000000001
0
LINE
8
BLACK
6
CONTINUOUS
10
99.4676509999999894
20
-43.101700000000001
11
99.2629479999999944
21
-43.101700000000001
0
LINE
8
BLACK
6
CONTINUOUS
10
99.2629479999999944
20
-43.101700000000001
11
99.1955529999999897
21
-43.1123739999999955
0
LINE
8
BLACK
6
CONTINUOUS
10
99.1955529999999897
20
-43.1123739999999955
11
99.0607629999999943
21
-43.1337229999999963
0
LINE
8
BLACK
6
CONTINUOUS
10
99.0607629999999943
20
-43.1337229999999963
11
98.9634229999999917
21
-43.1653499999999966
0
LINE
8
BLACK
6
CONTINUOUS
10
98.9634229999999917
20
-43.1653499999999966
11
98.9634229999999917
21
-43.1653510000000011
0
LINE
8
BLACK
6
CONTINUOUS
10
98.9634229999999917
20
-43.1653510000000011
11
98.9106519999999989
21
-43.1824969999999979
0
LINE
8
BLACK
6
CONTINUOUS
10
98.9106519999999989
20
-43.1824969999999979
11
98.8660739999999976
21
-43.1969819999999984
0
LINE
8
BLACK
6
CONTINUOUS
10
98.8660739999999976
20
-43.1969819999999984
11
98.7748840000000001
21
-43.2434450000000012
0
LINE
8
BLACK
6
CONTINUOUS
10
98.7748840000000001
20
-43.2434450000000012
11
98.7748849999999976
21
-43.2434459999999987
0
LINE
8
BLACK
6
CONTINUOUS
10
98.7748849999999976
20
-43.2434459999999987
11
98.6836879999999894
21
-43.2899129999999985
0
LINE
8
BLACK
6
CONTINUOUS
10
98.6836879999999894
20
-43.2899129999999985
11
98.5180779999999885
21
-43.4102359999999976
0
LINE
8
BLACK
6
CONTINUOUS
10
98.5180779999999885
20
-43.4102359999999976
11
85.892634000000001
21
-56.0356809999999967
0
LINE
8
BLACK
6
CONTINUOUS
10
85.892634000000001
20
-56.0356809999999967
11
85.8313109999999995
21
-56.0691659999999956
0
LINE
8
BLACK
6
CONTINUOUS
10
85.8313109999999995
20
-56.0691659999999956
11
85.8049529999999976
21
-56.0719999999999956
0
LINE
8
BLACK
6
CONTINUOUS
10
85.8049529999999976
20
-56.0719999999999956
11
85.0933919999999944
21
-56.0719999999999956
0
LINE
8
BLACK
6
CONTINUOUS
10
85.0933919999999944
20
-56.0719999999999956
11
85.0552979999999934
21
-56.0757509999999968
0
LINE
8
BLACK
6
CONTINUOUS
10
85.0552979999999934
20
-56.0757509999999968
11
84.9390669999999943
21
-56.0871989999999983
0
LINE
8
BLACK
6
CONTINUOUS
10
84.9390669999999943
20
-56.0871989999999983
11
84.7410429999999906
21
-56.1472689999999943
0
LINE
8
BLACK
6
CONTINUOUS
10
84.7410429999999906
20
-56.1472689999999943
11
84.6624869999999987
21
-56.1892589999999998
0
LINE
8
BLACK
6
CONTINUOUS
10
84.6624869999999987
20
-56.1892589999999998
11
84.5585499999999968
21
-56.2448149999999956
0
LINE
8
BLACK
6
CONTINUOUS
10
84.5585499999999968
20
-56.2448149999999956
11
84.5585480000000018
21
-56.2448160000000001
0
LINE
8
BLACK
6
CONTINUOUS
10
84.5585480000000018
20
-56.2448160000000001
11
84.5585469999999901
21
-56.2448169999999976
0
LINE
8
BLACK
6
CONTINUOUS
10
84.5585469999999901
20
-56.2448169999999976
11
84.3985890000000012
21
-56.3760890000000003
0
LINE
8
BLACK
6
CONTINUOUS
10
84.3985890000000012
20
-56.3760890000000003
11
84.2673169999999914
21
-56.5360469999999964
0
LINE
8
BLACK
6
CONTINUOUS
10
84.2673169999999914
20
-56.5360469999999964
11
84.1697690000000023
21
-56.7185429999999968
0
LINE
8
BLACK
6
CONTINUOUS
10
84.1697690000000023
20
-56.7185429999999968
11
84.109698999999992
21
-56.9165670000000006
0
LINE
8
BLACK
6
CONTINUOUS
10
84.109698999999992
20
-56.9165670000000006
11
84.0982509999999905
21
-57.0327979999999997
0
LINE
8
BLACK
6
CONTINUOUS
10
84.0982509999999905
20
-57.0327979999999997
11
84.0944999999999965
21
-57.0708920000000006
0
LINE
8
BLACK
6
CONTINUOUS
10
84.0944999999999965
20
-57.0708920000000006
11
84.0944999999999965
21
-58.2741079999999982
0
LINE
8
BLACK
6
CONTINUOUS
10
84.0944999999999965
20
-58.2741079999999982
11
84.0995020000000011
21
-58.3248979999999975
0
LINE
8
BLACK
6
CONTINUOUS
10
84.0995020000000011
20
-58.3248979999999975
11
84.109698999999992
21
-58.4284320000000008
0
LINE
8
BLACK
6
CONTINUOUS
10
84.109698999999992
20
-58.4284320000000008
11
84.1096999999999895
21
-58.4284339999999958
0
LINE
8
BLACK
6
CONTINUOUS
10
84.1096999999999895
20
-58.4284339999999958
11
84.1585209999999933
21
-58.5893779999999964
0
LINE
8
BLACK
6
CONTINUOUS
10
84.1585209999999933
20
-58.5893779999999964
11
84.1668559999999957
21
-58.616852999999999
0
LINE
8
BLACK
6
CONTINUOUS
10
84.1668559999999957
20
-58.616852999999999
11
84.1674790000000002
21
-58.686719999999994
0
LINE
8
BLACK
6
CONTINUOUS
10
84.1674790000000002
20
-58.686719999999994
11
84.1302309999999949
21
-58.7458329999999975
0
LINE
8
BLACK
6
CONTINUOUS
10
84.1302309999999949
20
-58.7458329999999975
11
84.0669359999999983
21
-58.7754239999999939
0
LINE
8
BLACK
6
CONTINUOUS
10
84.0669359999999983
20
-58.7754239999999939
11
83.9976920000000007
21
-58.7660969999999949
0
LINE
8
BLACK
6
CONTINUOUS
10
83.9976920000000007
20
-58.7660969999999949
11
83.9605139999999892
21
-58.7405289999999951
0
LINE
8
BLACK
6
CONTINUOUS
10
83.9605139999999892
20
-58.7405289999999951
11
83.3457190000000026
21
-58.1257339999999942
0
LINE
8
BLACK
6
CONTINUOUS
10
83.3457190000000026
20
-58.1257339999999942
11
83.3122339999999895
21
-58.0644109999999998
0
LINE
8
BLACK
6
CONTINUOUS
10
83.3122339999999895
20
-58.0644109999999998
11
83.3093999999999966
21
-58.0380529999999979
0
LINE
8
BLACK
6
CONTINUOUS
10
83.3093999999999966
20
-58.0380529999999979
11
83.3093999999999966
21
-52.4277480000000011
0
LINE
8
BLACK
6
CONTINUOUS
10
83.3093999999999966
20
-52.4277480000000011
11
83.2773770000000013
21
-52.225564999999996
0
LINE
8
BLACK
6
CONTINUOUS
10
83.2773770000000013
20
-52.225564999999996
11
83.2141179999999991
21
-52.0308759999999992
0
LINE
8
BLACK
6
CONTINUOUS
10
83.2141179999999991
20
-52.0308759999999992
11
83.1804029999999983
21
-51.9647069999999971
0
LINE
8
BLACK
6
CONTINUOUS
10
83.1804029999999983
20
-51.9647069999999971
11
83.1211869999999919
21
-51.8484899999999982
0
LINE
8
BLACK
6
CONTINUOUS
10
83.1211869999999919
20
-51.8484899999999982
11
83.1134559999999993
21
-51.8378489999999985
0
LINE
8
BLACK
6
CONTINUOUS
10
83.1134559999999993
20
-51.8378489999999985
11
83.0008709999999894
21
-51.6828859999999963
0
LINE
8
BLACK
6
CONTINUOUS
10
83.0008709999999894
20
-51.6828859999999963
11
69.4809259999999966
21
-38.1629409999999964
0
LINE
8
BLACK
6
CONTINUOUS
10
69.4809259999999966
20
-38.1629409999999964
11
65.0871659999999963
21
-33.7691809999999961
0
LINE
8
BLACK
6
CONTINUOUS
10
65.0871659999999963
20
-33.7691809999999961
11
65.0536809999999974
21
-33.7078580000000017
0
LINE
8
BLACK
6
CONTINUOUS
10
65.0536809999999974
20
-33.7078580000000017
11
65.0586649999999906
21
-33.6381659999999982
0
LINE
8
BLACK
6
CONTINUOUS
10
65.0586649999999906
20
-33.6381659999999982
11
65.1005370000000028
21
-33.5822329999999951
0
LINE
8
BLACK
6
CONTINUOUS
10
65.1005370000000028
20
-33.5822329999999951
11
65.1660009999999943
21
-33.5578159999999954
0
LINE
8
BLACK
6
CONTINUOUS
10
65.1660009999999943
20
-33.5578159999999954
11
65.1748469999999998
21
-33.5574999999999974
0
LINE
8
BLACK
6
CONTINUOUS
10
65.1748469999999998
20
-33.5574999999999974
11
107.4936529999999948
21
-33.5574999999999974
0
LINE
8
BLACK
6
CONTINUOUS
10
107.4936529999999948
20
-33.5574999999999974
11
107.5606919999999889
21
-33.5771850000000001
0
LINE
8
BLACK
6
CONTINUOUS
10
72.1144999999999925
20
-38.4120580000000018
11
72.11450099999999
21
-38.4120750000000015
0
LINE
8
BLACK
6
CONTINUOUS
10
72.11450099999999
20
-38.4120750000000015
11
72.1470169999999911
21
-38.6590610000000012
0
LINE
8
BLACK
6
CONTINUOUS
10
72.1470169999999911
20
-38.6590610000000012
11
72.2114979999999917
21
-38.8997069999999994
0
LINE
8
BLACK
6
CONTINUOUS
10
72.2114979999999917
20
-38.8997069999999994
11
72.3068299999999908
21
-39.1298609999999982
0
LINE
8
BLACK
6
CONTINUOUS
10
72.3068299999999908
20
-39.1298609999999982
11
72.3068370000000016
21
-39.1298759999999959
0
LINE
8
BLACK
6
CONTINUOUS
10
72.3068370000000016
20
-39.1298759999999959
11
72.4313999999999965
21
-39.3456259999999958
0
LINE
8
BLACK
6
CONTINUOUS
10
72.4313999999999965
20
-39.3456259999999958
11
72.5830600000000032
21
-39.5432739999999967
0
LINE
8
BLACK
6
CONTINUOUS
10
72.5830600000000032
20
-39.5432739999999967
11
72.5830660000000023
21
-39.5432810000000003
0
LINE
8
BLACK
6
CONTINUOUS
10
72.5830660000000023
20
-39.5432810000000003
11
72.75921799999999
21
-39.7194329999999951
0
LINE
8
BLACK
6
CONTINUOUS
10
72.75921799999999
20
-39.7194329999999951
11
72.7592250000000007
21
-39.7194390000000013
0
LINE
8
BLACK
6
CONTINUOUS
10
72.7592250000000007
20
-39.7194390000000013
11
72.9568730000000016
21
-39.871099000000001
0
LINE
8
BLACK
6
CONTINUOUS
10
72.9568730000000016
20
-39.871099000000001
11
73.1726230000000015
21
-39.9956619999999958
0
LINE
8
BLACK
6
CONTINUOUS
10
73.1726230000000015
20
-39.9956619999999958
11
73.1726379999999921
21
-39.9956689999999995
0
LINE
8
BLACK
6
CONTINUOUS
10
73.1726379999999921
20
-39.9956689999999995
11
73.2718249999999927
21
-40.0367529999999974
0
LINE
8
BLACK
6
CONTINUOUS
10
73.2718249999999927
20
-40.0367529999999974
11
73.4027930000000026
21
-40.091001999999996
0
LINE
8
BLACK
6
CONTINUOUS
10
73.4027930000000026
20
-40.091001999999996
11
73.6434349999999966
21
-40.1554819999999992
0
LINE
8
BLACK
6
CONTINUOUS
10
73.6434349999999966
20
-40.1554819999999992
11
73.8904349999999965
21
-40.1879999999999953
0
LINE
8
BLACK
6
CONTINUOUS
10
73.8904349999999965
20
-40.1879999999999953
11
73.8904419999999931
21
-40.1879999999999953
0
LINE
8
BLACK
6
CONTINUOUS
10
73.8904419999999931
20
-40.1879999999999953
11
74.1395579999999939
21
-40.1879999999999953
0
LINE
8
BLACK
6
CONTINUOUS
10
74.1395579999999939
20
-40.1879999999999953
11
74.1395649999999904
21
-40.1879999999999953
0
LINE
8
BLACK
6
CONTINUOUS
10
74.1395649999999904
20
-40.1879999999999953
11
74.3865649999999903
21
-40.1554819999999992
0
LINE
8
BLACK
6
CONTINUOUS
10
74.3865649999999903
20
-40.1554819999999992
11
74.6272069999999985
21
-40.091001999999996
0
LINE
8
BLACK
6
CONTINUOUS
10
74.6272069999999985
20
-40.091001999999996
11
74.8573729999999955
21
-39.9956639999999979
0
LINE
8
BLACK
6
CONTINUOUS
10
74.8573729999999955
20
-39.9956639999999979
11
75.0731269999999995
21
-39.871099000000001
0
LINE
8
BLACK
6
CONTINUOUS
10
75.0731269999999995
20
-39.871099000000001
11
75.2707759999999979
21
-39.7194379999999967
0
LINE
8
BLACK
6
CONTINUOUS
10
75.2707759999999979
20
-39.7194379999999967
11
75.4469380000000029
21
-39.5432759999999988
0
LINE
8
BLACK
6
CONTINUOUS
10
75.4469380000000029
20
-39.5432759999999988
11
75.598598999999993
21
-39.3456270000000004
0
LINE
8
BLACK
6
CONTINUOUS
10
75.598598999999993
20
-39.3456270000000004
11
75.723163999999997
21
-39.1298729999999964
0
LINE
8
BLACK
6
CONTINUOUS
10
75.723163999999997
20
-39.1298729999999964
11
75.8185019999999952
21
-38.8997069999999994
0
LINE
8
BLACK
6
CONTINUOUS
10
75.8185019999999952
20
-38.8997069999999994
11
75.8829819999999984
21
-38.6590649999999982
0
LINE
8
BLACK
6
CONTINUOUS
10
75.8829819999999984
20
-38.6590649999999982
11
75.9154999999999944
21
-38.4120649999999983
0
LINE
8
BLACK
6
CONTINUOUS
10
75.9154999999999944
20
-38.4120649999999983
11
75.9154999999999944
21
-38.1629349999999974
0
LINE
8
BLACK
6
CONTINUOUS
10
75.9154999999999944
20
-38.1629349999999974
11
75.8829819999999984
21
-37.9159349999999975
0
LINE
8
BLACK
6
CONTINUOUS
10
75.8829819999999984
20
-37.9159349999999975
11
75.8185019999999952
21
-37.6752929999999964
0
LINE
8
BLACK
6
CONTINUOUS
10
75.8185019999999952
20
-37.6752929999999964
11
75.7372289999999992
21
-37.4790819999999982
0
LINE
8
BLACK
6
CONTINUOUS
10
75.7372289999999992
20
-37.4790819999999982
11
75.7231689999999986
21
-37.445138
0
LINE
8
BLACK
6
CONTINUOUS
10
75.7231689999999986
20
-37.445138
11
75.7231620000000021
21
-37.4451229999999953
0
LINE
8
BLACK
6
CONTINUOUS
10
75.7231620000000021
20
-37.4451229999999953
11
75.598598999999993
21
-37.2293729999999954
0
LINE
8
BLACK
6
CONTINUOUS
10
75.598598999999993
20
-37.2293729999999954
11
75.4469390000000004
21
-37.0317250000000016
0
LINE
8
BLACK
6
CONTINUOUS
10
75.4469390000000004
20
-37.0317250000000016
11
75.4469330000000014
21
-37.0317179999999979
0
LINE
8
BLACK
6
CONTINUOUS
10
75.4469330000000014
20
-37.0317179999999979
11
75.2707809999999995
21
-36.8555659999999961
0
LINE
8
BLACK
6
CONTINUOUS
10
75.2707809999999995
20
-36.8555659999999961
11
75.270774000000003
21
-36.855559999999997
0
LINE
8
BLACK
6
CONTINUOUS
10
75.270774000000003
20
-36.855559999999997
11
75.073126000000002
21
-36.7038999999999973
0
LINE
8
BLACK
6
CONTINUOUS
10
75.073126000000002
20
-36.7038999999999973
11
74.8573760000000021
21
-36.5793369999999953
0
LINE
8
BLACK
6
CONTINUOUS
10
74.8573760000000021
20
-36.5793369999999953
11
74.8573609999999974
21
-36.5793299999999988
0
LINE
8
BLACK
6
CONTINUOUS
10
74.8573609999999974
20
-36.5793299999999988
11
74.6272069999999985
21
-36.4839979999999997
0
LINE
8
BLACK
6
CONTINUOUS
10
74.6272069999999985
20
-36.4839979999999997
11
74.3865610000000004
21
-36.419516999999999
0
LINE
8
BLACK
6
CONTINUOUS
10
74.3865610000000004
20
-36.419516999999999
11
74.1395749999999936
21
-36.3870009999999979
0
LINE
8
BLACK
6
CONTINUOUS
10
74.1395749999999936
20
-36.3870009999999979
11
74.139569999999992
21
-36.3870000000000005
0
LINE
8
BLACK
6
CONTINUOUS
10
74.139569999999992
20
-36.3870000000000005
11
74.1395649999999904
21
-36.3870000000000005
0
LINE
8
BLACK
6
CONTINUOUS
10
74.1395649999999904
20
-36.3870000000000005
11
73.8904349999999965
21
-36.3870000000000005
0
LINE
8
BLACK
6
CONTINUOUS
10
73.8904349999999965
20
-36.3870000000000005
11
73.8904289999999975
21
-36.3870000000000005
0
LINE
8
BLACK
6
CONTINUOUS
10
73.8904289999999975
20
-36.3870000000000005
11
73.8904239999999959
21
-36.3870009999999979
0
LINE
8
BLACK
6
CONTINUOUS
10
73.8904239999999959
20
-36.3870009999999979
11
73.6434380000000033
21
-36.419516999999999
0
LINE
8
BLACK
6
CONTINUOUS
10
73.6434380000000033
20
-36.419516999999999
11
73.4027919999999909
21
-36.4839979999999997
0
LINE
8
BLACK
6
CONTINUOUS
10
73.4027919999999909
20
-36.4839979999999997
11
73.1726379999999921
21
-36.5793299999999988
0
LINE
8
BLACK
6
CONTINUOUS
10
73.1726379999999921
20
-36.5793299999999988
11
73.1726230000000015
21
-36.5793369999999953
0
LINE
8
BLACK
6
CONTINUOUS
10
73.1726230000000015
20
-36.5793369999999953
11
72.9568730000000016
21
-36.7038999999999973
0
LINE
8
BLACK
6
CONTINUOUS
10
72.9568730000000016
20
-36.7038999999999973
11
72.7592250000000007
21
-36.855559999999997
0
LINE
8
BLACK
6
CONTINUOUS
10
72.7592250000000007
20
-36.855559999999997
11
72.75921799999999
21
-36.8555659999999961
0
LINE
8
BLACK
6
CONTINUOUS
10
72.75921799999999
20
-36.8555659999999961
11
72.5830660000000023
21
-37.0317179999999979
0
LINE
8
BLACK
6
CONTINUOUS
10
72.5830660000000023
20
-37.0317179999999979
11
72.5830600000000032
21
-37.0317250000000016
0
LINE
8
BLACK
6
CONTINUOUS
10
72.5830600000000032
20
-37.0317250000000016
11
72.4313999999999965
21
-37.2293729999999954
0
LINE
8
BLACK
6
CONTINUOUS
10
72.4313999999999965
20
-37.2293729999999954
11
72.3068370000000016
21
-37.4451229999999953
0
LINE
8
BLACK
6
CONTINUOUS
10
72.3068370000000016
20
-37.4451229999999953
11
72.3068299999999908
21
-37.445138
0
LINE
8
BLACK
6
CONTINUOUS
10
72.3068299999999908
20
-37.445138
11
72.2114979999999917
21
-37.6752919999999989
0
LINE
8
BLACK
6
CONTINUOUS
10
72.2114979999999917
20
-37.6752919999999989
11
72.1470169999999911
21
-37.915937999999997
0
LINE
8
BLACK
6
CONTINUOUS
10
72.1470169999999911
20
-37.915937999999997
11
72.11450099999999
21
-38.1629239999999967
0
LINE
8
BLACK
6
CONTINUOUS
10
72.11450099999999
20
-38.1629239999999967
11
72.1144999999999925
21
-38.1629409999999964
0
LINE
8
BLACK
6
CONTINUOUS
10
72.1144999999999925
20
-38.1629409999999964
11
72.1144999999999925
21
-38.4120580000000018
0
LINE
8
BLACK
6
CONTINUOUS
10
94.19341399999999
20
-56.8763519999999971
11
94.3472280000000012
21
-56.9069479999999999
0
LINE
8
BLACK
6
CONTINUOUS
10
94.3472280000000012
20
-56.9069479999999999
11
94.4921169999999933
21
-56.9669629999999998
0
LINE
8
BLACK
6
CONTINUOUS
10
94.4921169999999933
20
-56.9669629999999998
11
94.6225149999999928
21
-57.0540919999999971
0
LINE
8
BLACK
6
CONTINUOUS
10
94.6225149999999928
20
-57.0540919999999971
11
94.7334079999999972
21
-57.1649849999999944
0
LINE
8
BLACK
6
CONTINUOUS
10
94.7334079999999972
20
-57.1649849999999944
11
94.8205370000000016
21
-57.295382999999994
0
LINE
8
BLACK
6
CONTINUOUS
10
94.8205370000000016
20
-57.295382999999994
11
94.8805519999999945
21
-57.4402720000000002
0
LINE
8
BLACK
6
CONTINUOUS
10
94.8805519999999945
20
-57.4402720000000002
11
94.9111479999999972
21
-57.5940859999999972
0
LINE
8
BLACK
6
CONTINUOUS
10
94.9111479999999972
20
-57.5940859999999972
11
94.9111479999999972
21
-57.7509139999999945
0
LINE
8
BLACK
6
CONTINUOUS
10
94.9111479999999972
20
-57.7509139999999945
11
94.8805519999999945
21
-57.9047279999999986
0
LINE
8
BLACK
6
CONTINUOUS
10
94.8805519999999945
20
-57.9047279999999986
11
94.8205370000000016
21
-58.0496169999999978
0
LINE
8
BLACK
6
CONTINUOUS
10
94.8205370000000016
20
-58.0496169999999978
11
94.7334079999999972
21
-58.1800149999999974
0
LINE
8
BLACK
6
CONTINUOUS
10
94.7334079999999972
20
-58.1800149999999974
11
94.6225149999999928
21
-58.2909079999999946
0
LINE
8
BLACK
6
CONTINUOUS
10
94.6225149999999928
20
-58.2909079999999946
11
94.4921169999999933
21
-58.3780369999999991
0
LINE
8
BLACK
6
CONTINUOUS
10
94.4921169999999933
20
-58.3780369999999991
11
94.3472280000000012
21
-58.438051999999999
0
LINE
8
BLACK
6
CONTINUOUS
10
94.3472280000000012
20
-58.438051999999999
11
94.19341399999999
21
-58.4686479999999946
0
LINE
8
BLACK
6
CONTINUOUS
10
94.19341399999999
20
-58.4686479999999946
11
94.1149999999999949
21
-58.4724999999999966
0
LINE
8
BLACK
6
CONTINUOUS
10
94.1149999999999949
20
-58.4724999999999966
11
93.3149999999999977
21
-58.4724999999999966
0
LINE
8
BLACK
6
CONTINUOUS
10
93.3149999999999977
20
-58.4724999999999966
11
93.2365860000000026
21
-58.4686479999999946
0
LINE
8
BLACK
6
CONTINUOUS
10
93.2365860000000026
20
-58.4686479999999946
11
93.0827719999999914
21
-58.438051999999999
0
LINE
8
BLACK
6
CONTINUOUS
10
93.0827719999999914
20
-58.438051999999999
11
92.9378829999999994
21
-58.3780369999999991
0
LINE
8
BLACK
6
CONTINUOUS
10
92.9378829999999994
20
-58.3780369999999991
11
92.8074849999999998
21
-58.2909079999999946
0
LINE
8
BLACK
6
CONTINUOUS
10
92.8074849999999998
20
-58.2909079999999946
11
92.6965919999999954
21
-58.1800149999999974
0
LINE
8
BLACK
6
CONTINUOUS
10
92.6965919999999954
20
-58.1800149999999974
11
92.609462999999991
21
-58.0496169999999978
0
LINE
8
BLACK
6
CONTINUOUS
10
92.609462999999991
20
-58.0496169999999978
11
92.5494479999999982
21
-57.9047279999999986
0
LINE
8
BLACK
6
CONTINUOUS
10
92.5494479999999982
20
-57.9047279999999986
11
92.5188519999999954
21
-57.7509139999999945
0
LINE
8
BLACK
6
CONTINUOUS
10
92.5188519999999954
20
-57.7509139999999945
11
92.5188519999999954
21
-57.5940859999999972
0
LINE
8
BLACK
6
CONTINUOUS
10
92.5188519999999954
20
-57.5940859999999972
11
92.5494479999999982
21
-57.4402720000000002
0
LINE
8
BLACK
6
CONTINUOUS
10
92.5494479999999982
20
-57.4402720000000002
11
92.609462999999991
21
-57.295382999999994
0
LINE
8
BLACK
6
CONTINUOUS
10
92.609462999999991
20
-57.295382999999994
11
92.6965919999999954
21
-57.1649849999999944
0
LINE
8
BLACK
6
CONTINUOUS
10
92.6965919999999954
20
-57.1649849999999944
11
92.8074849999999998
21
-57.0540919999999971
0
LINE
8
BLACK
6
CONTINUOUS
10
92.8074849999999998
20
-57.0540919999999971
11
92.9378829999999994
21
-56.9669629999999998
0
LINE
8
BLACK
6
CONTINUOUS
10
92.9378829999999994
20
-56.9669629999999998
11
93.0827719999999914
21
-56.9069479999999999
0
LINE
8
BLACK
6
CONTINUOUS
10
93.0827719999999914
20
-56.9069479999999999
11
93.2365860000000026
21
-56.8763519999999971
0
LINE
8
BLACK
6
CONTINUOUS
10
93.2365860000000026
20
-56.8763519999999971
11
93.3149999999999977
21
-56.8724999999999952
0
LINE
8
BLACK
6
CONTINUOUS
10
93.3149999999999977
20
-56.8724999999999952
11
94.1149999999999949
21
-56.8724999999999952
0
LINE
8
BLACK
6
CONTINUOUS
10
94.1149999999999949
20
-56.8724999999999952
11
94.19341399999999
21
-56.8763519999999971
0
LINE
8
BLACK
6
CONTINUOUS
10
60.9048919999999967
20
-37.1805850000000007
11
60.925533999999999
21
-37.1972189999999969
0
LINE
8
BLACK
6
CONTINUOUS
10
60.925533999999999
20
-37.1972189999999969
11
61.918180999999997
21
-38.1898649999999975
0
LINE
8
BLACK
6
CONTINUOUS
10
61.918180999999997
20
-38.1898649999999975
11
61.9516659999999959
21
-38.2511879999999991
0
LINE
8
BLACK
6
CONTINUOUS
10
61.9516659999999959
20
-38.2511879999999991
11
61.9544999999999959
21
-38.277546000000001
0
LINE
8
BLACK
6
CONTINUOUS
10
61.9544999999999959
20
-38.277546000000001
11
61.9544999999999959
21
-39.1891040000000004
0
LINE
8
BLACK
6
CONTINUOUS
10
61.9544999999999959
20
-39.1891040000000004
11
61.9696989999999985
21
-39.343432
0
LINE
8
BLACK
6
CONTINUOUS
10
61.9696989999999985
20
-39.343432
11
61.969699999999996
21
-39.3434349999999995
0
LINE
8
BLACK
6
CONTINUOUS
10
61.969699999999996
20
-39.3434349999999995
11
62.0297679999999971
21
-39.5414549999999991
0
LINE
8
BLACK
6
CONTINUOUS
10
62.0297679999999971
20
-39.5414549999999991
11
62.1249029999999962
21
-39.7194390000000013
0
LINE
8
BLACK
6
CONTINUOUS
10
62.1249029999999962
20
-39.7194390000000013
11
62.1273169999999979
21
-39.7239539999999991
0
LINE
8
BLACK
6
CONTINUOUS
10
62.1273169999999979
20
-39.7239539999999991
11
62.2585890000000006
21
-39.8839100000000002
0
LINE
8
BLACK
6
CONTINUOUS
10
62.2585890000000006
20
-39.8839100000000002
11
62.4185449999999946
21
-40.0151819999999958
0
LINE
8
BLACK
6
CONTINUOUS
10
62.4185449999999946
20
-40.0151819999999958
11
62.4185489999999987
21
-40.0151849999999953
0
LINE
8
BLACK
6
CONTINUOUS
10
62.4185489999999987
20
-40.0151849999999953
11
62.6010449999999992
21
-40.1127320000000012
0
LINE
8
BLACK
6
CONTINUOUS
10
62.6010449999999992
20
-40.1127320000000012
11
62.7990649999999988
21
-40.1727999999999952
0
LINE
8
BLACK
6
CONTINUOUS
10
62.7990649999999988
20
-40.1727999999999952
11
62.7990639999999942
21
-40.1727999999999952
0
LINE
8
BLACK
6
CONTINUOUS
10
62.7990639999999942
20
-40.1727999999999952
11
62.8099679999999978
21
-40.1738730000000004
0
LINE
8
BLACK
6
CONTINUOUS
10
62.8099679999999978
20
-40.1738730000000004
11
62.9533909999999963
21
-40.1879999999999953
0
LINE
8
BLACK
6
CONTINUOUS
10
62.9533909999999963
20
-40.1879999999999953
11
63.8649519999999953
21
-40.1879989999999978
0
LINE
8
BLACK
6
CONTINUOUS
10
63.8649519999999953
20
-40.1879989999999978
11
63.9319909999999965
21
-40.2076829999999958
0
LINE
8
BLACK
6
CONTINUOUS
10
63.9319909999999965
20
-40.2076829999999958
11
63.9526329999999987
21
-40.2243179999999967
0
LINE
8
BLACK
6
CONTINUOUS
10
63.9526329999999987
20
-40.2243179999999967
11
78.1948809999999952
21
-54.4665649999999957
0
LINE
8
BLACK
6
CONTINUOUS
10
78.1948809999999952
20
-54.4665649999999957
11
78.2283659999999941
21
-54.5278879999999972
0
LINE
8
BLACK
6
CONTINUOUS
10
78.2283659999999941
20
-54.5278879999999972
11
78.2312000000000012
21
-54.5542459999999991
0
LINE
8
BLACK
6
CONTINUOUS
10
78.2312000000000012
20
-54.5542459999999991
11
78.2312000000000012
21
-57.996851999999997
0
LINE
8
BLACK
6
CONTINUOUS
10
78.2312000000000012
20
-57.996851999999997
11
78.2115149999999915
21
-58.0638909999999981
0
LINE
8
BLACK
6
CONTINUOUS
10
78.2115149999999915
20
-58.0638909999999981
11
78.1587109999999967
21
-58.1096459999999979
0
LINE
8
BLACK
6
CONTINUOUS
10
78.1587109999999967
20
-58.1096459999999979
11
78.0895529999999951
21
-58.1195899999999952
0
LINE
8
BLACK
6
CONTINUOUS
10
78.0895529999999951
20
-58.1195899999999952
11
78.0298870000000022
21
-58.0937989999999971
0
LINE
8
BLACK
6
CONTINUOUS
10
78.0298870000000022
20
-58.0937989999999971
11
77.9083189999999917
21
-57.996851999999997
0
LINE
8
BLACK
6
CONTINUOUS
10
77.9083189999999917
20
-57.996851999999997
11
77.8181229999999999
21
-57.9249229999999997
0
LINE
8
BLACK
6
CONTINUOUS
10
77.8181229999999999
20
-57.9249229999999997
11
77.5517889999999994
21
-57.7575739999999982
0
LINE
8
BLACK
6
CONTINUOUS
10
77.5517889999999994
20
-57.7575739999999982
11
77.5517859999999928
21
-57.7575719999999961
0
LINE
8
BLACK
6
CONTINUOUS
10
77.5517859999999928
20
-57.7575719999999961
11
77.2683949999999982
21
-57.6210979999999964
0
LINE
8
BLACK
6
CONTINUOUS
10
77.2683949999999982
20
-57.6210979999999964
11
76.9715010000000035
21
-57.5172109999999961
0
LINE
8
BLACK
6
CONTINUOUS
10
76.9715010000000035
20
-57.5172109999999961
11
76.9714989999999943
21
-57.5172099999999986
0
LINE
8
BLACK
6
CONTINUOUS
10
76.9714989999999943
20
-57.5172099999999986
11
76.6648429999999905
21
-57.4472179999999994
0
LINE
8
BLACK
6
CONTINUOUS
10
76.6648429999999905
20
-57.4472179999999994
11
76.6648270000000025
21
-57.4472159999999974
0
LINE
8
BLACK
6
CONTINUOUS
10
76.6648270000000025
20
-57.4472159999999974
11
76.3522770000000008
21
-57.411999999999999
0
LINE
8
BLACK
6
CONTINUOUS
10
76.3522770000000008
20
-57.411999999999999
11
76.3522729999999967
21
-57.411999999999999
0
LINE
8
BLACK
6
CONTINUOUS
10
76.3522729999999967
20
-57.411999999999999
11
76.0377269999999896
21
-57.411999999999999
0
LINE
8
BLACK
6
CONTINUOUS
10
76.0377269999999896
20
-57.411999999999999
11
76.0377220000000023
21
-57.411999999999999
0
LINE
8
BLACK
6
CONTINUOUS
10
76.0377220000000023
20
-57.411999999999999
11
75.7251720000000006
21
-57.4472159999999974
0
LINE
8
BLACK
6
CONTINUOUS
10
75.7251720000000006
20
-57.4472159999999974
11
75.7251559999999984
21
-57.4472179999999994
0
LINE
8
BLACK
6
CONTINUOUS
10
75.7251559999999984
20
-57.4472179999999994
11
75.4205010000000016
21
-57.5167529999999942
0
LINE
8
BLACK
6
CONTINUOUS
10
75.4205010000000016
20
-57.5167529999999942
11
75.3507620000000031
21
-57.5124799999999965
0
LINE
8
BLACK
6
CONTINUOUS
10
75.3507620000000031
20
-57.5124799999999965
11
75.3052279999999996
21
-57.4835429999999974
0
LINE
8
BLACK
6
CONTINUOUS
10
75.3052279999999996
20
-57.4835429999999974
11
57.5386299999999977
21
-39.7169449999999955
0
LINE
8
BLACK
6
CONTINUOUS
10
57.5386299999999977
20
-39.7169449999999955
11
57.5051449999999988
21
-39.655622000000001
0
LINE
8
BLACK
6
CONTINUOUS
10
57.5051449999999988
20
-39.655622000000001
11
57.5101289999999992
21
-39.5859299999999976
0
LINE
8
BLACK
6
CONTINUOUS
10
57.5101289999999992
20
-39.5859299999999976
11
57.5351179999999971
21
-39.5470649999999964
0
LINE
8
BLACK
6
CONTINUOUS
10
57.5351179999999971
20
-39.5470649999999964
11
57.5344890000000007
21
-39.5465139999999948
0
LINE
8
BLACK
6
CONTINUOUS
10
57.5344890000000007
20
-39.5465139999999948
11
57.5344669999999994
21
-39.5464969999999951
0
LINE
8
BLACK
6
CONTINUOUS
10
57.5344669999999994
20
-39.5464969999999951
11
57.5344679999999968
21
-39.5464950000000002
0
LINE
8
BLACK
6
CONTINUOUS
10
57.5344679999999968
20
-39.5464950000000002
11
57.5342679999999973
21
-39.5463200000000015
0
LINE
8
BLACK
6
CONTINUOUS
10
57.5342679999999973
20
-39.5463200000000015
11
57.5369269999999986
21
-39.5432859999999948
0
LINE
8
BLACK
6
CONTINUOUS
10
57.5369269999999986
20
-39.5432859999999948
11
57.5369379999999992
21
-39.5432759999999988
0
LINE
8
BLACK
6
CONTINUOUS
10
57.5369379999999992
20
-39.5432759999999988
11
57.6885989999999964
21
-39.3456270000000004
0
LINE
8
BLACK
6
CONTINUOUS
10
57.6885989999999964
20
-39.3456270000000004
11
57.8131640000000004
21
-39.1298729999999964
0
LINE
8
BLACK
6
CONTINUOUS
10
57.8131640000000004
20
-39.1298729999999964
11
57.9085019999999986
21
-38.8997069999999994
0
LINE
8
BLACK
6
CONTINUOUS
10
57.9085019999999986
20
-38.8997069999999994
11
57.9729819999999947
21
-38.6590649999999982
0
LINE
8
BLACK
6
CONTINUOUS
10
57.9729819999999947
20
-38.6590649999999982
11
58.0054999999999978
21
-38.4120649999999983
0
LINE
8
BLACK
6
CONTINUOUS
10
58.0054999999999978
20
-38.4120649999999983
11
58.0054999999999978
21
-38.1629349999999974
0
LINE
8
BLACK
6
CONTINUOUS
10
58.0054999999999978
20
-38.1629349999999974
11
57.9729819999999947
21
-37.9159349999999975
0
LINE
8
BLACK
6
CONTINUOUS
10
57.9729819999999947
20
-37.9159349999999975
11
57.9085019999999986
21
-37.6752929999999964
0
LINE
8
BLACK
6
CONTINUOUS
10
57.9085019999999986
20
-37.6752929999999964
11
57.8272289999999956
21
-37.4790819999999982
0
LINE
8
BLACK
6
CONTINUOUS
10
57.8272289999999956
20
-37.4790819999999982
11
57.8131689999999949
21
-37.445138
0
LINE
8
BLACK
6
CONTINUOUS
10
57.8131689999999949
20
-37.445138
11
57.8131619999999984
21
-37.4451229999999953
0
LINE
8
BLACK
6
CONTINUOUS
10
57.8131619999999984
20
-37.4451229999999953
11
57.7564530000000005
21
-37.346899999999998
0
LINE
8
BLACK
6
CONTINUOUS
10
57.7564530000000005
20
-37.346899999999998
11
57.7399799999999956
21
-37.2789999999999964
0
LINE
8
BLACK
6
CONTINUOUS
10
57.7399799999999956
20
-37.2789999999999964
11
57.7628330000000005
21
-37.2129729999999981
0
LINE
8
BLACK
6
CONTINUOUS
10
57.7628330000000005
20
-37.2129729999999981
11
57.8177540000000008
21
-37.1697819999999979
0
LINE
8
BLACK
6
CONTINUOUS
10
57.8177540000000008
20
-37.1697819999999979
11
57.8638399999999962
21
-37.160899999999998
0
LINE
8
BLACK
6
CONTINUOUS
10
57.8638399999999962
20
-37.160899999999998
11
60.8378529999999955
21
-37.160899999999998
0
LINE
8
BLACK
6
CONTINUOUS
10
60.8378529999999955
20
-37.160899999999998
11
60.9048919999999967
21
-37.1805850000000007
0
LINE
8
BLACK
6
CONTINUOUS
10
50.405192999999997
20
-31.7754849999999998
11
50.4509479999999968
21
-31.8282889999999981
0
LINE
8
BLACK
6
CONTINUOUS
10
50.4509479999999968
20
-31.8282889999999981
11
50.4608920000000012
21
-31.8974469999999997
0
LINE
8
BLACK
6
CONTINUOUS
10
50.4608920000000012
20
-31.8974469999999997
11
50.4318669999999969
21
-31.9610029999999981
0
LINE
8
BLACK
6
CONTINUOUS
10
50.4318669999999969
20
-31.9610029999999981
11
50.4258349999999993
21
-31.9674809999999994
0
LINE
8
BLACK
6
CONTINUOUS
10
50.4258349999999993
20
-31.9674809999999994
11
46.0426319999999976
21
-36.3506810000000016
0
LINE
8
BLACK
6
CONTINUOUS
10
46.0426319999999976
20
-36.3506810000000016
11
45.981308999999996
21
-36.3841660000000005
0
LINE
8
BLACK
6
CONTINUOUS
10
45.981308999999996
20
-36.3841660000000005
11
45.9549510000000012
21
-36.3870000000000005
0
LINE
8
BLACK
6
CONTINUOUS
10
45.9549510000000012
20
-36.3870000000000005
11
45.0433949999999967
21
-36.3870000000000005
0
LINE
8
BLACK
6
CONTINUOUS
10
45.0433949999999967
20
-36.3870000000000005
11
44.8890669999999972
21
-36.402198999999996
0
LINE
8
BLACK
6
CONTINUOUS
10
44.8890669999999972
20
-36.402198999999996
11
44.6910419999999959
21
-36.4622689999999992
0
LINE
8
BLACK
6
CONTINUOUS
10
44.6910419999999959
20
-36.4622689999999992
11
44.508544999999998
21
-36.5598169999999953
0
LINE
8
BLACK
6
CONTINUOUS
10
44.508544999999998
20
-36.5598169999999953
11
44.3485889999999969
21
-36.6910889999999981
0
LINE
8
BLACK
6
CONTINUOUS
10
44.3485889999999969
20
-36.6910889999999981
11
44.2173170000000013
21
-36.8510449999999992
0
LINE
8
BLACK
6
CONTINUOUS
10
44.2173170000000013
20
-36.8510449999999992
11
44.119768999999998
21
-37.0335419999999971
0
LINE
8
BLACK
6
CONTINUOUS
10
44.119768999999998
20
-37.0335419999999971
11
44.0596989999999948
21
-37.2315660000000008
0
LINE
8
BLACK
6
CONTINUOUS
10
44.0596989999999948
20
-37.2315660000000008
11
44.0444999999999993
21
-37.3858940000000004
0
LINE
8
BLACK
6
CONTINUOUS
10
44.0444999999999993
20
-37.3858940000000004
11
44.0444999999999993
21
-39.1891040000000004
0
LINE
8
BLACK
6
CONTINUOUS
10
44.0444999999999993
20
-39.1891040000000004
11
44.0596989999999948
21
-39.343432
0
LINE
8
BLACK
6
CONTINUOUS
10
44.0596989999999948
20
-39.343432
11
44.0596999999999994
21
-39.3434349999999995
0
LINE
8
BLACK
6
CONTINUOUS
10
44.0596999999999994
20
-39.3434349999999995
11
44.1197680000000005
21
-39.5414549999999991
0
LINE
8
BLACK
6
CONTINUOUS
10
44.1197680000000005
20
-39.5414549999999991
11
44.2149029999999996
21
-39.7194390000000013
0
LINE
8
BLACK
6
CONTINUOUS
10
44.2149029999999996
20
-39.7194390000000013
11
44.2173170000000013
21
-39.7239539999999991
0
LINE
8
BLACK
6
CONTINUOUS
10
44.2173170000000013
20
-39.7239539999999991
11
44.3485889999999969
21
-39.8839100000000002
0
LINE
8
BLACK
6
CONTINUOUS
10
44.3485889999999969
20
-39.8839100000000002
11
44.508544999999998
21
-40.0151819999999958
0
LINE
8
BLACK
6
CONTINUOUS
10
44.508544999999998
20
-40.0151819999999958
11
44.508548999999995
21
-40.0151849999999953
0
LINE
8
BLACK
6
CONTINUOUS
10
44.508548999999995
20
-40.0151849999999953
11
44.6910449999999955
21
-40.1127320000000012
0
LINE
8
BLACK
6
CONTINUOUS
10
44.6910449999999955
20
-40.1127320000000012
11
44.8890649999999951
21
-40.1727999999999952
0
LINE
8
BLACK
6
CONTINUOUS
10
44.8890649999999951
20
-40.1727999999999952
11
44.8890639999999976
21
-40.1727999999999952
0
LINE
8
BLACK
6
CONTINUOUS
10
44.8890639999999976
20
-40.1727999999999952
11
44.8999680000000012
21
-40.1738730000000004
0
LINE
8
BLACK
6
CONTINUOUS
10
44.8999680000000012
20
-40.1738730000000004
11
45.0433909999999997
21
-40.1879999999999953
0
LINE
8
BLACK
6
CONTINUOUS
10
45.0433909999999997
20
-40.1879999999999953
11
46.8466079999999963
21
-40.1879989999999978
0
LINE
8
BLACK
6
CONTINUOUS
10
46.8466079999999963
20
-40.1879989999999978
11
47.0009349999999984
21
-40.1727999999999952
0
LINE
8
BLACK
6
CONTINUOUS
10
47.0009349999999984
20
-40.1727999999999952
11
47.198954999999998
21
-40.1127320000000012
0
LINE
8
BLACK
6
CONTINUOUS
10
47.198954999999998
20
-40.1127320000000012
11
47.3814509999999984
21
-40.0151849999999953
0
LINE
8
BLACK
6
CONTINUOUS
10
47.3814509999999984
20
-40.0151849999999953
11
47.5414099999999991
21
-39.8839100000000002
0
LINE
8
BLACK
6
CONTINUOUS
10
47.5414099999999991
20
-39.8839100000000002
11
47.6726850000000013
21
-39.7239509999999996
0
LINE
8
BLACK
6
CONTINUOUS
10
47.6726850000000013
20
-39.7239509999999996
11
47.770232
21
-39.5414549999999991
0
LINE
8
BLACK
6
CONTINUOUS
10
47.770232
20
-39.5414549999999991
11
47.8303000000000011
21
-39.3434349999999995
0
LINE
8
BLACK
6
CONTINUOUS
10
47.8303000000000011
20
-39.3434349999999995
11
47.8455000000000013
21
-39.1891089999999949
0
LINE
8
BLACK
6
CONTINUOUS
10
47.8455000000000013
20
-39.1891089999999949
11
47.8454989999999967
21
-38.2775449999999964
0
LINE
8
BLACK
6
CONTINUOUS
10
47.8454989999999967
20
-38.2775449999999964
11
47.8651829999999947
21
-38.2105069999999998
0
LINE
8
BLACK
6
CONTINUOUS
10
47.8651829999999947
20
-38.2105069999999998
11
47.8818130000000011
21
-38.1898699999999991
0
LINE
8
BLACK
6
CONTINUOUS
10
47.8818130000000011
20
-38.1898699999999991
11
52.4778649999999942
21
-33.5938189999999963
0
LINE
8
BLACK
6
CONTINUOUS
10
52.4778649999999942
20
-33.5938189999999963
11
52.5047919999999948
21
-33.5791150000000016
0
LINE
8
BLACK
6
CONTINUOUS
10
52.5047919999999948
20
-33.5791150000000016
11
52.5306110000000004
21
-33.5625229999999988
0
LINE
8
BLACK
6
CONTINUOUS
10
52.5306110000000004
20
-33.5625229999999988
11
52.5368110000000001
21
-33.5616309999999984
0
LINE
8
BLACK
6
CONTINUOUS
10
52.5368110000000001
20
-33.5616309999999984
11
52.5391879999999958
21
-33.5603339999999974
0
LINE
8
BLACK
6
CONTINUOUS
10
52.5391879999999958
20
-33.5603339999999974
11
52.5655459999999977
21
-33.5574999999999974
0
LINE
8
BLACK
6
CONTINUOUS
10
52.5655459999999977
20
-33.5574999999999974
11
52.7353529999999964
21
-33.5574999999999974
0
LINE
8
BLACK
6
CONTINUOUS
10
52.7353529999999964
20
-33.5574999999999974
11
52.8023919999999976
21
-33.5771850000000001
0
LINE
8
BLACK
6
CONTINUOUS
10
52.8023919999999976
20
-33.5771850000000001
11
52.8481469999999973
21
-33.6299890000000019
0
LINE
8
BLACK
6
CONTINUOUS
10
52.8481469999999973
20
-33.6299890000000019
11
52.8580909999999946
21
-33.6991469999999964
0
LINE
8
BLACK
6
CONTINUOUS
10
52.8580909999999946
20
-33.6991469999999964
11
52.8290659999999974
21
-33.7627030000000019
0
LINE
8
BLACK
6
CONTINUOUS
10
52.8290659999999974
20
-33.7627030000000019
11
52.8230339999999998
21
-33.7691809999999961
0
LINE
8
BLACK
6
CONTINUOUS
10
52.8230339999999998
20
-33.7691809999999961
11
50.3210359999999994
21
-36.271177999999999
0
LINE
8
BLACK
6
CONTINUOUS
10
50.3210359999999994
20
-36.271177999999999
11
50.2007130000000004
21
-36.436788
0
LINE
8
BLACK
6
CONTINUOUS
10
50.2007130000000004
20
-36.436788
11
50.1766590000000008
21
-36.4839979999999997
0
LINE
8
BLACK
6
CONTINUOUS
10
50.1766590000000008
20
-36.4839979999999997
11
50.1077809999999957
21
-36.619175999999996
0
LINE
8
BLACK
6
CONTINUOUS
10
50.1077809999999957
20
-36.619175999999996
11
50.0938030000000012
21
-36.6621960000000016
0
LINE
8
BLACK
6
CONTINUOUS
10
50.0938030000000012
20
-36.6621960000000016
11
50.0865319999999983
21
-36.6845749999999953
0
LINE
8
BLACK
6
CONTINUOUS
10
50.0865319999999983
20
-36.6845749999999953
11
50.0744439999999997
21
-36.7217769999999959
0
LINE
8
BLACK
6
CONTINUOUS
10
50.0744439999999997
20
-36.7217769999999959
11
50.0623569999999987
21
-36.7589789999999965
0
LINE
8
BLACK
6
CONTINUOUS
10
50.0623569999999987
20
-36.7589789999999965
11
50.0445220000000006
21
-36.8138679999999994
0
LINE
8
BLACK
6
CONTINUOUS
10
50.0445220000000006
20
-36.8138679999999994
11
50.0445220000000006
21
-36.8138689999999968
0
LINE
8
BLACK
6
CONTINUOUS
10
50.0445220000000006
20
-36.8138689999999968
11
50.0124999999999957
21
-37.0160479999999978
0
LINE
8
BLACK
6
CONTINUOUS
10
50.0124999999999957
20
-37.0160479999999978
11
50.0124999999999957
21
-57.981938999999997
0
LINE
8
BLACK
6
CONTINUOUS
10
50.0124999999999957
20
-57.981938999999997
11
49.9928150000000002
21
-58.0489779999999982
0
LINE
8
BLACK
6
CONTINUOUS
10
49.9928150000000002
20
-58.0489779999999982
11
49.9400109999999984
21
-58.094732999999998
0
LINE
8
BLACK
6
CONTINUOUS
10
49.9400109999999984
20
-58.094732999999998
11
49.8708529999999968
21
-58.1046769999999952
0
LINE
8
BLACK
6
CONTINUOUS
10
49.8708529999999968
20
-58.1046769999999952
11
49.8111869999999968
21
-58.0788859999999971
0
LINE
8
BLACK
6
CONTINUOUS
10
49.8111869999999968
20
-58.0788859999999971
11
49.6896190000000004
21
-57.981938999999997
0
LINE
8
BLACK
6
CONTINUOUS
10
49.6896190000000004
20
-57.981938999999997
11
49.6181229999999971
21
-57.9249229999999997
0
LINE
8
BLACK
6
CONTINUOUS
10
49.6181229999999971
20
-57.9249229999999997
11
49.5462109999999996
21
-57.8797369999999987
0
LINE
8
BLACK
6
CONTINUOUS
10
49.5462109999999996
20
-57.8797369999999987
11
49.3535279999999972
21
-57.7586659999999981
0
LINE
8
BLACK
6
CONTINUOUS
10
49.3535279999999972
20
-57.7586659999999981
11
49.3072370000000006
21
-57.7063309999999987
0
LINE
8
BLACK
6
CONTINUOUS
10
49.3072370000000006
20
-57.7063309999999987
11
49.295499999999997
21
-57.6536720000000003
0
LINE
8
BLACK
6
CONTINUOUS
10
49.295499999999997
20
-57.6536720000000003
11
49.295499999999997
21
-54.246848
0
LINE
8
BLACK
6
CONTINUOUS
10
49.295499999999997
20
-54.246848
11
49.2634769999999946
21
-54.0446679999999944
0
LINE
8
BLACK
6
CONTINUOUS
10
49.2634769999999946
20
-54.0446679999999944
11
49.2634769999999946
21
-54.0446649999999948
0
LINE
8
BLACK
6
CONTINUOUS
10
49.2634769999999946
20
-54.0446649999999948
11
49.2002199999999945
21
-53.8499819999999971
0
LINE
8
BLACK
6
CONTINUOUS
10
49.2002199999999945
20
-53.8499819999999971
11
49.2002199999999945
21
-53.8499809999999997
0
LINE
8
BLACK
6
CONTINUOUS
10
49.2002199999999945
20
-53.8499809999999997
11
49.1417969999999968
21
-53.7353199999999944
0
LINE
8
BLACK
6
CONTINUOUS
10
49.1417969999999968
20
-53.7353199999999944
11
49.1072869999999995
21
-53.6675889999999995
0
LINE
8
BLACK
6
CONTINUOUS
10
49.1072869999999995
20
-53.6675889999999995
11
48.9869659999999953
21
-53.5019810000000007
0
LINE
8
BLACK
6
CONTINUOUS
10
48.9869659999999953
20
-53.5019810000000007
11
33.151015000000001
21
-37.6660299999999992
0
LINE
8
BLACK
6
CONTINUOUS
10
33.151015000000001
20
-37.6660299999999992
11
33.117529999999995
21
-37.6047069999999977
0
LINE
8
BLACK
6
CONTINUOUS
10
33.117529999999995
20
-37.6047069999999977
11
33.1225139999999953
21
-37.5350150000000014
0
LINE
8
BLACK
6
CONTINUOUS
10
33.1225139999999953
20
-37.5350150000000014
11
33.1643860000000004
21
-37.4790819999999982
0
LINE
8
BLACK
6
CONTINUOUS
10
33.1643860000000004
20
-37.4790819999999982
11
33.2248129999999975
21
-37.4551289999999995
0
LINE
8
BLACK
6
CONTINUOUS
10
33.2248129999999975
20
-37.4551289999999995
11
33.2892499999999956
21
-37.4478689999999972
0
LINE
8
BLACK
6
CONTINUOUS
10
33.2892499999999956
20
-37.4478689999999972
11
33.2892529999999951
21
-37.4478679999999997
0
LINE
8
BLACK
6
CONTINUOUS
10
33.2892529999999951
20
-37.4478679999999997
11
33.2892549999999972
21
-37.4478679999999997
0
LINE
8
BLACK
6
CONTINUOUS
10
33.2892549999999972
20
-37.4478679999999997
11
33.4595219999999998
21
-37.3882890000000003
0
LINE
8
BLACK
6
CONTINUOUS
10
33.4595219999999998
20
-37.3882890000000003
11
33.6122620000000012
21
-37.2923159999999996
0
LINE
8
BLACK
6
CONTINUOUS
10
33.6122620000000012
20
-37.2923159999999996
11
33.7398159999999976
21
-37.1647619999999961
0
LINE
8
BLACK
6
CONTINUOUS
10
33.7398159999999976
20
-37.1647619999999961
11
33.8357889999999983
21
-37.0120220000000018
0
LINE
8
BLACK
6
CONTINUOUS
10
33.8357889999999983
20
-37.0120220000000018
11
33.8953679999999977
21
-36.8417549999999991
0
LINE
8
BLACK
6
CONTINUOUS
10
33.8953679999999977
20
-36.8417549999999991
11
33.8985109999999992
21
-36.8138659999999973
0
LINE
8
BLACK
6
CONTINUOUS
10
33.8985109999999992
20
-36.8138659999999973
11
33.9046939999999992
21
-36.7589800000000011
0
LINE
8
BLACK
6
CONTINUOUS
10
33.9046939999999992
20
-36.7589800000000011
11
33.910499999999999
21
-36.7074539999999985
0
LINE
8
BLACK
6
CONTINUOUS
10
33.910499999999999
20
-36.7074539999999985
11
33.910499999999999
21
-33.6175459999999973
0
LINE
8
BLACK
6
CONTINUOUS
10
33.910499999999999
20
-33.6175459999999973
11
33.9037700000000015
21
-33.5578159999999954
0
LINE
8
BLACK
6
CONTINUOUS
10
33.9037700000000015
20
-33.5578159999999954
11
33.8953689999999952
21
-33.4832499999999982
0
LINE
8
BLACK
6
CONTINUOUS
10
33.8953689999999952
20
-33.4832499999999982
11
33.8953679999999977
21
-33.4832449999999966
0
LINE
8
BLACK
6
CONTINUOUS
10
33.8953679999999977
20
-33.4832449999999966
11
33.8357889999999983
21
-33.3129780000000011
0
LINE
8
BLACK
6
CONTINUOUS
10
33.8357889999999983
20
-33.3129780000000011
11
33.7398159999999976
21
-33.1602379999999997
0
LINE
8
BLACK
6
CONTINUOUS
10
33.7398159999999976
20
-33.1602379999999997
11
33.6122620000000012
21
-33.0326839999999962
0
LINE
8
BLACK
6
CONTINUOUS
10
33.6122620000000012
20
-33.0326839999999962
11
33.5274819999999991
21
-32.979413000000001
0
LINE
8
BLACK
6
CONTINUOUS
10
33.5274819999999991
20
-32.979413000000001
11
33.4595229999999972
21
-32.9367109999999954
0
LINE
8
BLACK
6
CONTINUOUS
10
33.4595229999999972
20
-32.9367109999999954
11
33.2892539999999997
21
-32.8771309999999986
0
LINE
8
BLACK
6
CONTINUOUS
10
33.2892539999999997
20
-32.8771309999999986
11
33.2892489999999981
21
-32.8771300000000011
0
LINE
8
BLACK
6
CONTINUOUS
10
33.2892489999999981
20
-32.8771300000000011
11
33.1549599999999955
21
-32.8620000000000019
0
LINE
8
BLACK
6
CONTINUOUS
10
33.1549599999999955
20
-32.8620000000000019
11
33.1549539999999965
21
-32.8620000000000019
0
LINE
8
BLACK
6
CONTINUOUS
10
33.1549539999999965
20
-32.8620000000000019
11
30.9690469999999998
21
-32.8620000000000019
0
LINE
8
BLACK
6
CONTINUOUS
10
30.9690469999999998
20
-32.8620000000000019
11
30.9020079999999986
21
-32.8423149999999993
0
LINE
8
BLACK
6
CONTINUOUS
10
30.9020079999999986
20
-32.8423149999999993
11
30.8562529999999988
21
-32.7895109999999974
0
LINE
8
BLACK
6
CONTINUOUS
10
30.8562529999999988
20
-32.7895109999999974
11
30.846308999999998
21
-32.7203529999999958
0
LINE
8
BLACK
6
CONTINUOUS
10
30.846308999999998
20
-32.7203529999999958
11
30.8753339999999987
21
-32.6567969999999974
0
LINE
8
BLACK
6
CONTINUOUS
10
30.8753339999999987
20
-32.6567969999999974
11
30.8813659999999999
21
-32.6503189999999961
0
LINE
8
BLACK
6
CONTINUOUS
10
30.8813659999999999
20
-32.6503189999999961
11
31.7395659999999999
21
-31.7921189999999996
0
LINE
8
BLACK
6
CONTINUOUS
10
31.7395659999999999
20
-31.7921189999999996
11
31.800888999999998
21
-31.7586339999999971
0
LINE
8
BLACK
6
CONTINUOUS
10
31.800888999999998
20
-31.7586339999999971
11
31.8272469999999998
21
-31.7557999999999971
0
LINE
8
BLACK
6
CONTINUOUS
10
31.8272469999999998
20
-31.7557999999999971
11
50.3381539999999958
21
-31.7557999999999971
0
LINE
8
BLACK
6
CONTINUOUS
10
50.3381539999999958
20
-31.7557999999999971
11
50.405192999999997
21
-31.7754849999999998
0
LINE
8
BLACK
6
CONTINUOUS
10
29.9199999999999982
20
-49.3374999999999986
11
28.2199999999999989
21
-49.3374999999999986
0
LINE
8
BLACK
6
CONTINUOUS
10
28.2199999999999989
20
-49.3374999999999986
11
28.2199999999999989
21
-47.6374999999999957
0
LINE
8
BLACK
6
CONTINUOUS
10
28.2199999999999989
20
-47.6374999999999957
11
29.9199999999999982
21
-47.6374999999999957
0
LINE
8
BLACK
6
CONTINUOUS
10
29.9199999999999982
20
-47.6374999999999957
11
29.9199999999999982
21
-49.3374999999999986
0
LINE
8
BLACK
6
CONTINUOUS
10
117.8201679999999953
20
-45.7539449999999945
11
118.0440249999999907
21
-45.8266810000000007
0
LINE
8
BLACK
6
CONTINUOUS
10
118.0440249999999907
20
-45.8266810000000007
11
118.2537480000000016
21
-45.9335400000000007
0
LINE
8
BLACK
6
CONTINUOUS
10
118.2537480000000016
20
-45.9335400000000007
11
118.4441719999999947
21
-46.0718910000000008
0
LINE
8
BLACK
6
CONTINUOUS
10
118.4441719999999947
20
-46.0718910000000008
11
118.6106089999999966
21
-46.2383279999999957
0
LINE
8
BLACK
6
CONTINUOUS
10
118.6106089999999966
20
-46.2383279999999957
11
118.7489599999999967
21
-46.4287519999999958
0
LINE
8
BLACK
6
CONTINUOUS
10
118.7489599999999967
20
-46.4287519999999958
11
118.8558189999999968
21
-46.6384749999999997
0
LINE
8
BLACK
6
CONTINUOUS
10
118.8558189999999968
20
-46.6384749999999997
11
118.9285549999999887
21
-46.862331999999995
0
LINE
8
BLACK
6
CONTINUOUS
10
118.9285549999999887
20
-46.862331999999995
11
118.965375999999992
21
-47.094811
0
LINE
8
BLACK
6
CONTINUOUS
10
118.965375999999992
20
-47.094811
11
118.965375999999992
21
-47.3301889999999972
0
LINE
8
BLACK
6
CONTINUOUS
10
118.965375999999992
20
-47.3301889999999972
11
118.9285549999999887
21
-47.5626679999999951
0
LINE
8
BLACK
6
CONTINUOUS
10
118.9285549999999887
20
-47.5626679999999951
11
118.8558189999999968
21
-47.7865249999999975
0
LINE
8
BLACK
6
CONTINUOUS
10
118.8558189999999968
20
-47.7865249999999975
11
118.7489599999999967
21
-47.9962480000000014
0
LINE
8
BLACK
6
CONTINUOUS
10
118.7489599999999967
20
-47.9962480000000014
11
118.6106089999999966
21
-48.1866719999999944
0
LINE
8
BLACK
6
CONTINUOUS
10
118.6106089999999966
20
-48.1866719999999944
11
118.4441719999999947
21
-48.3531089999999963
0
LINE
8
BLACK
6
CONTINUOUS
10
118.4441719999999947
20
-48.3531089999999963
11
118.2537480000000016
21
-48.4914599999999965
0
LINE
8
BLACK
6
CONTINUOUS
10
118.2537480000000016
20
-48.4914599999999965
11
118.0440249999999907
21
-48.5983189999999965
0
LINE
8
BLACK
6
CONTINUOUS
10
118.0440249999999907
20
-48.5983189999999965
11
117.8201679999999953
21
-48.6710549999999955
0
LINE
8
BLACK
6
CONTINUOUS
10
117.8201679999999953
20
-48.6710549999999955
11
117.5876889999999975
21
-48.7078759999999988
0
LINE
8
BLACK
6
CONTINUOUS
10
117.5876889999999975
20
-48.7078759999999988
11
117.3523110000000003
21
-48.7078759999999988
0
LINE
8
BLACK
6
CONTINUOUS
10
117.3523110000000003
20
-48.7078759999999988
11
117.1198319999999882
21
-48.6710549999999955
0
LINE
8
BLACK
6
CONTINUOUS
10
117.1198319999999882
20
-48.6710549999999955
11
116.8959749999999929
21
-48.5983189999999965
0
LINE
8
BLACK
6
CONTINUOUS
10
116.8959749999999929
20
-48.5983189999999965
11
116.6862519999999961
21
-48.4914599999999965
0
LINE
8
BLACK
6
CONTINUOUS
10
116.6862519999999961
20
-48.4914599999999965
11
116.4958279999999888
21
-48.3531089999999963
0
LINE
8
BLACK
6
CONTINUOUS
10
116.4958279999999888
20
-48.3531089999999963
11
116.3293910000000011
21
-48.1866719999999944
0
LINE
8
BLACK
6
CONTINUOUS
10
116.3293910000000011
20
-48.1866719999999944
11
116.191040000000001
21
-47.9962480000000014
0
LINE
8
BLACK
6
CONTINUOUS
10
116.191040000000001
20
-47.9962480000000014
11
116.0841810000000009
21
-47.7865249999999975
0
LINE
8
BLACK
6
CONTINUOUS
10
116.0841810000000009
20
-47.7865249999999975
11
116.0114449999999948
21
-47.5626679999999951
0
LINE
8
BLACK
6
CONTINUOUS
10
116.0114449999999948
20
-47.5626679999999951
11
115.9746239999999915
21
-47.3301889999999972
0
LINE
8
BLACK
6
CONTINUOUS
10
115.9746239999999915
20
-47.3301889999999972
11
115.9746239999999915
21
-47.094811
0
LINE
8
BLACK
6
CONTINUOUS
10
115.9746239999999915
20
-47.094811
11
116.0114449999999948
21
-46.862331999999995
0
LINE
8
BLACK
6
CONTINUOUS
10
116.0114449999999948
20
-46.862331999999995
11
116.0841810000000009
21
-46.6384749999999997
0
LINE
8
BLACK
6
CONTINUOUS
10
116.0841810000000009
20
-46.6384749999999997
11
116.191040000000001
21
-46.4287519999999958
0
LINE
8
BLACK
6
CONTINUOUS
10
116.191040000000001
20
-46.4287519999999958
11
116.3293910000000011
21
-46.2383279999999957
0
LINE
8
BLACK
6
CONTINUOUS
10
116.3293910000000011
20
-46.2383279999999957
11
116.4958279999999888
21
-46.0718910000000008
0
LINE
8
BLACK
6
CONTINUOUS
10
116.4958279999999888
20
-46.0718910000000008
11
116.6862519999999961
21
-45.9335400000000007
0
LINE
8
BLACK
6
CONTINUOUS
10
116.6862519999999961
20
-45.9335400000000007
11
116.8959749999999929
21
-45.8266810000000007
0
LINE
8
BLACK
6
CONTINUOUS
10
116.8959749999999929
20
-45.8266810000000007
11
117.1198319999999882
21
-45.7539449999999945
0
LINE
8
BLACK
6
CONTINUOUS
10
117.1198319999999882
20
-45.7539449999999945
11
117.3523110000000003
21
-45.7171239999999983
0
LINE
8
BLACK
6
CONTINUOUS
10
117.3523110000000003
20
-45.7171239999999983
11
117.5876889999999975
21
-45.7171239999999983
0
LINE
8
BLACK
6
CONTINUOUS
10
117.5876889999999975
20
-45.7171239999999983
11
117.8201679999999953
21
-45.7539449999999945
0
LINE
8
BLACK
6
CONTINUOUS
10
112.8280479999999955
20
-29.9595769999999995
11
112.8280630000000002
21
-29.9595769999999995
0
LINE
8
BLACK
6
CONTINUOUS
10
112.8280630000000002
20
-29.9595769999999995
11
112.9541419999999903
21
-29.9933599999999991
0
LINE
8
BLACK
6
CONTINUOUS
10
112.9541419999999903
20
-29.9933599999999991
11
113.0671809999999908
21
-30.0586229999999972
0
LINE
8
BLACK
6
CONTINUOUS
10
113.0671809999999908
20
-30.0586229999999972
11
113.0671959999999956
21
-30.0586379999999984
0
LINE
8
BLACK
6
CONTINUOUS
10
113.0671959999999956
20
-30.0586379999999984
11
113.1163529999999895
21
-30.1017469999999996
0
LINE
8
BLACK
6
CONTINUOUS
10
113.1163529999999895
20
-30.1017469999999996
11
116.8266229999999979
21
-33.8120169999999973
0
LINE
8
BLACK
6
CONTINUOUS
10
116.8266229999999979
20
-33.8120169999999973
11
116.8959749999999929
21
-33.7766809999999964
0
LINE
8
BLACK
6
CONTINUOUS
10
116.8959749999999929
20
-33.7766809999999964
11
117.1198319999999882
21
-33.7039449999999974
0
LINE
8
BLACK
6
CONTINUOUS
10
117.1198319999999882
20
-33.7039449999999974
11
117.3523110000000003
21
-33.6671240000000012
0
LINE
8
BLACK
6
CONTINUOUS
10
117.3523110000000003
20
-33.6671240000000012
11
117.5876889999999975
21
-33.6671240000000012
0
LINE
8
BLACK
6
CONTINUOUS
10
117.5876889999999975
20
-33.6671240000000012
11
117.8201679999999953
21
-33.7039449999999974
0
LINE
8
BLACK
6
CONTINUOUS
10
117.8201679999999953
20
-33.7039449999999974
11
118.0440249999999907
21
-33.7766809999999964
0
LINE
8
BLACK
6
CONTINUOUS
10
118.0440249999999907
20
-33.7766809999999964
11
118.2537480000000016
21
-33.8835399999999964
0
LINE
8
BLACK
6
CONTINUOUS
10
118.2537480000000016
20
-33.8835399999999964
11
118.4441719999999947
21
-34.0218909999999966
0
LINE
8
BLACK
6
CONTINUOUS
10
118.4441719999999947
20
-34.0218909999999966
11
118.6106089999999966
21
-34.1883279999999985
0
LINE
8
BLACK
6
CONTINUOUS
10
118.6106089999999966
20
-34.1883279999999985
11
118.7489599999999967
21
-34.3787519999999986
0
LINE
8
BLACK
6
CONTINUOUS
10
118.7489599999999967
20
-34.3787519999999986
11
118.8558189999999968
21
-34.5884749999999954
0
LINE
8
BLACK
6
CONTINUOUS
10
118.8558189999999968
20
-34.5884749999999954
11
118.9285549999999887
21
-34.8123319999999978
0
LINE
8
BLACK
6
CONTINUOUS
10
118.9285549999999887
20
-34.8123319999999978
11
118.965375999999992
21
-35.0448109999999957
0
LINE
8
BLACK
6
CONTINUOUS
10
118.965375999999992
20
-35.0448109999999957
11
118.965375999999992
21
-35.280189
0
LINE
8
BLACK
6
CONTINUOUS
10
118.965375999999992
20
-35.280189
11
118.9285549999999887
21
-35.5126679999999979
0
LINE
8
BLACK
6
CONTINUOUS
10
118.9285549999999887
20
-35.5126679999999979
11
118.8558189999999968
21
-35.7365250000000003
0
LINE
8
BLACK
6
CONTINUOUS
10
118.8558189999999968
20
-35.7365250000000003
11
118.7489599999999967
21
-35.9462479999999971
0
LINE
8
BLACK
6
CONTINUOUS
10
118.7489599999999967
20
-35.9462479999999971
11
118.6106089999999966
21
-36.1366719999999972
0
LINE
8
BLACK
6
CONTINUOUS
10
118.6106089999999966
20
-36.1366719999999972
11
118.4441719999999947
21
-36.3031089999999992
0
LINE
8
BLACK
6
CONTINUOUS
10
118.4441719999999947
20
-36.3031089999999992
11
118.2537480000000016
21
-36.4414599999999993
0
LINE
8
BLACK
6
CONTINUOUS
10
118.2537480000000016
20
-36.4414599999999993
11
118.0440249999999907
21
-36.5483189999999993
0
LINE
8
BLACK
6
CONTINUOUS
10
118.0440249999999907
20
-36.5483189999999993
11
117.8201679999999953
21
-36.6210549999999984
0
LINE
8
BLACK
6
CONTINUOUS
10
117.8201679999999953
20
-36.6210549999999984
11
117.5876889999999975
21
-36.6578760000000017
0
LINE
8
BLACK
6
CONTINUOUS
10
117.5876889999999975
20
-36.6578760000000017
11
117.3523110000000003
21
-36.6578760000000017
0
LINE
8
BLACK
6
CONTINUOUS
10
117.3523110000000003
20
-36.6578760000000017
11
117.1198319999999882
21
-36.6210549999999984
0
LINE
8
BLACK
6
CONTINUOUS
10
117.1198319999999882
20
-36.6210549999999984
11
116.8959749999999929
21
-36.5483189999999993
0
LINE
8
BLACK
6
CONTINUOUS
10
116.8959749999999929
20
-36.5483189999999993
11
116.6862519999999961
21
-36.4414599999999993
0
LINE
8
BLACK
6
CONTINUOUS
10
116.6862519999999961
20
-36.4414599999999993
11
116.4958279999999888
21
-36.3031089999999992
0
LINE
8
BLACK
6
CONTINUOUS
10
116.4958279999999888
20
-36.3031089999999992
11
116.3293910000000011
21
-36.1366719999999972
0
LINE
8
BLACK
6
CONTINUOUS
10
116.3293910000000011
20
-36.1366719999999972
11
116.191040000000001
21
-35.9462479999999971
0
LINE
8
BLACK
6
CONTINUOUS
10
116.191040000000001
20
-35.9462479999999971
11
116.0841810000000009
21
-35.7365250000000003
0
LINE
8
BLACK
6
CONTINUOUS
10
116.0841810000000009
20
-35.7365250000000003
11
116.0114449999999948
21
-35.5126679999999979
0
LINE
8
BLACK
6
CONTINUOUS
10
116.0114449999999948
20
-35.5126679999999979
11
115.9746239999999915
21
-35.280189
0
LINE
8
BLACK
6
CONTINUOUS
10
115.9746239999999915
20
-35.280189
11
115.9746239999999915
21
-35.0448109999999957
0
LINE
8
BLACK
6
CONTINUOUS
10
115.9746239999999915
20
-35.0448109999999957
11
116.0114449999999948
21
-34.8123319999999978
0
LINE
8
BLACK
6
CONTINUOUS
10
116.0114449999999948
20
-34.8123319999999978
11
116.0841810000000009
21
-34.5884749999999954
0
LINE
8
BLACK
6
CONTINUOUS
10
116.0841810000000009
20
-34.5884749999999954
11
116.1195169999999877
21
-34.5191230000000004
0
LINE
8
BLACK
6
CONTINUOUS
10
116.1195169999999877
20
-34.5191230000000004
11
112.5556939999999884
21
-30.9552999999999976
0
LINE
8
BLACK
6
CONTINUOUS
10
112.5556939999999884
20
-30.9552999999999976
11
31.4443059999999974
21
-30.9552999999999976
0
LINE
8
BLACK
6
CONTINUOUS
10
31.4443059999999974
20
-30.9552999999999976
11
27.8804819999999971
21
-34.5191230000000004
0
LINE
8
BLACK
6
CONTINUOUS
10
27.8804819999999971
20
-34.5191230000000004
11
27.9158189999999991
21
-34.5884749999999954
0
LINE
8
BLACK
6
CONTINUOUS
10
27.9158189999999991
20
-34.5884749999999954
11
27.9885549999999981
21
-34.8123319999999978
0
LINE
8
BLACK
6
CONTINUOUS
10
27.9885549999999981
20
-34.8123319999999978
11
28.0253759999999978
21
-35.0448109999999957
0
LINE
8
BLACK
6
CONTINUOUS
10
28.0253759999999978
20
-35.0448109999999957
11
28.0253759999999978
21
-35.280189
0
LINE
8
BLACK
6
CONTINUOUS
10
28.0253759999999978
20
-35.280189
11
27.9885549999999981
21
-35.5126679999999979
0
LINE
8
BLACK
6
CONTINUOUS
10
27.9885549999999981
20
-35.5126679999999979
11
27.9158189999999991
21
-35.7365250000000003
0
LINE
8
BLACK
6
CONTINUOUS
10
27.9158189999999991
20
-35.7365250000000003
11
27.808959999999999
21
-35.9462479999999971
0
LINE
8
BLACK
6
CONTINUOUS
10
27.808959999999999
20
-35.9462479999999971
11
27.6706089999999989
21
-36.1366719999999972
0
LINE
8
BLACK
6
CONTINUOUS
10
27.6706089999999989
20
-36.1366719999999972
11
27.5041720000000005
21
-36.3031089999999992
0
LINE
8
BLACK
6
CONTINUOUS
10
27.5041720000000005
20
-36.3031089999999992
11
27.3137480000000004
21
-36.4414599999999993
0
LINE
8
BLACK
6
CONTINUOUS
10
27.3137480000000004
20
-36.4414599999999993
11
27.104025
21
-36.5483189999999993
0
LINE
8
BLACK
6
CONTINUOUS
10
27.104025
20
-36.5483189999999993
11
26.8801679999999976
21
-36.6210549999999984
0
LINE
8
BLACK
6
CONTINUOUS
10
26.8801679999999976
20
-36.6210549999999984
11
26.6476889999999997
21
-36.6578760000000017
0
LINE
8
BLACK
6
CONTINUOUS
10
26.6476889999999997
20
-36.6578760000000017
11
26.412310999999999
21
-36.6578760000000017
0
LINE
8
BLACK
6
CONTINUOUS
10
26.412310999999999
20
-36.6578760000000017
11
26.1798319999999975
21
-36.6210549999999984
0
LINE
8
BLACK
6
CONTINUOUS
10
26.1798319999999975
20
-36.6210549999999984
11
25.9559749999999987
21
-36.5483189999999993
0
LINE
8
BLACK
6
CONTINUOUS
10
25.9559749999999987
20
-36.5483189999999993
11
25.7462519999999984
21
-36.4414599999999993
0
LINE
8
BLACK
6
CONTINUOUS
10
25.7462519999999984
20
-36.4414599999999993
11
25.5558279999999982
21
-36.3031089999999992
0
LINE
8
BLACK
6
CONTINUOUS
10
25.5558279999999982
20
-36.3031089999999992
11
25.3893909999999998
21
-36.1366719999999972
0
LINE
8
BLACK
6
CONTINUOUS
10
25.3893909999999998
20
-36.1366719999999972
11
25.2510399999999997
21
-35.9462479999999971
0
LINE
8
BLACK
6
CONTINUOUS
10
25.2510399999999997
20
-35.9462479999999971
11
25.1441809999999997
21
-35.7365250000000003
0
LINE
8
BLACK
6
CONTINUOUS
10
25.1441809999999997
20
-35.7365250000000003
11
25.0714449999999971
21
-35.5126679999999979
0
LINE
8
BLACK
6
CONTINUOUS
10
25.0714449999999971
20
-35.5126679999999979
11
25.0346239999999973
21
-35.280189
0
LINE
8
BLACK
6
CONTINUOUS
10
25.0346239999999973
20
-35.280189
11
25.0346239999999973
21
-35.0448109999999957
0
LINE
8
BLACK
6
CONTINUOUS
10
25.0346239999999973
20
-35.0448109999999957
11
25.0714449999999971
21
-34.8123319999999978
0
LINE
8
BLACK
6
CONTINUOUS
10
25.0714449999999971
20
-34.8123319999999978
11
25.1441809999999997
21
-34.5884749999999954
0
LINE
8
BLACK
6
CONTINUOUS
10
25.1441809999999997
20
-34.5884749999999954
11
25.2510399999999997
21
-34.3787519999999986
0
LINE
8
BLACK
6
CONTINUOUS
10
25.2510399999999997
20
-34.3787519999999986
11
25.3893909999999998
21
-34.1883279999999985
0
LINE
8
BLACK
6
CONTINUOUS
10
25.3893909999999998
20
-34.1883279999999985
11
25.5558279999999982
21
-34.0218909999999966
0
LINE
8
BLACK
6
CONTINUOUS
10
25.5558279999999982
20
-34.0218909999999966
11
25.7462519999999984
21
-33.8835399999999964
0
LINE
8
BLACK
6
CONTINUOUS
10
25.7462519999999984
20
-33.8835399999999964
11
25.9559749999999987
21
-33.7766809999999964
0
LINE
8
BLACK
6
CONTINUOUS
10
25.9559749999999987
20
-33.7766809999999964
11
26.1798319999999975
21
-33.7039449999999974
0
LINE
8
BLACK
6
CONTINUOUS
10
26.1798319999999975
20
-33.7039449999999974
11
26.412310999999999
21
-33.6671240000000012
0
LINE
8
BLACK
6
CONTINUOUS
10
26.412310999999999
20
-33.6671240000000012
11
26.6476889999999997
21
-33.6671240000000012
0
LINE
8
BLACK
6
CONTINUOUS
10
26.6476889999999997
20
-33.6671240000000012
11
26.8801679999999976
21
-33.7039449999999974
0
LINE
8
BLACK
6
CONTINUOUS
10
26.8801679999999976
20
-33.7039449999999974
11
27.104025
21
-33.7766809999999964
0
LINE
8
BLACK
6
CONTINUOUS
10
27.104025
20
-33.7766809999999964
11
27.1733759999999975
21
-33.8120169999999973
0
LINE
8
BLACK
6
CONTINUOUS
10
27.1733759999999975
20
-33.8120169999999973
11
30.8836469999999998
21
-30.1017469999999996
0
LINE
8
BLACK
6
CONTINUOUS
10
30.8836469999999998
20
-30.1017469999999996
11
30.9328099999999999
21
-30.0586309999999983
0
LINE
8
BLACK
6
CONTINUOUS
10
30.9328099999999999
20
-30.0586309999999983
11
30.9328189999999985
21
-30.0586229999999972
0
LINE
8
BLACK
6
CONTINUOUS
10
30.9328189999999985
20
-30.0586229999999972
11
31.0458579999999991
21
-29.9933599999999991
0
LINE
8
BLACK
6
CONTINUOUS
10
31.0458579999999991
20
-29.9933599999999991
11
31.1719369999999998
21
-29.9595769999999995
0
LINE
8
BLACK
6
CONTINUOUS
10
31.1719369999999998
20
-29.9595769999999995
11
31.1719519999999974
21
-29.9595769999999995
0
LINE
8
BLACK
6
CONTINUOUS
10
31.1719519999999974
20
-29.9595769999999995
11
31.2371999999999979
21
-29.9552999999999976
0
LINE
8
BLACK
6
CONTINUOUS
10
31.2371999999999979
20
-29.9552999999999976
11
112.7627999999999986
21
-29.9552999999999976
0
LINE
8
BLACK
6
CONTINUOUS
10
112.7627999999999986
20
-29.9552999999999976
11
112.8280479999999955
21
-29.9595769999999995
0
LINE
8
BLACK
6
CONTINUOUS
10
114.8957029999999975
20
-34.4278339999999972
11
114.9021809999999988
21
-34.4338660000000019
0
LINE
8
BLACK
6
CONTINUOUS
10
114.9021809999999988
20
-34.4338660000000019
11
115.1623859999999979
21
-34.694071000000001
0
LINE
8
BLACK
6
CONTINUOUS
10
115.1623859999999979
20
-34.694071000000001
11
115.1958709999999968
21
-34.7553939999999955
0
LINE
8
BLACK
6
CONTINUOUS
10
115.1958709999999968
20
-34.7553939999999955
11
115.1976439999999968
21
-34.7979369999999975
0
LINE
8
BLACK
6
CONTINUOUS
10
115.1976439999999968
20
-34.7979369999999975
11
115.1695009999999968
21
-35.0117059999999967
0
LINE
8
BLACK
6
CONTINUOUS
10
115.1695009999999968
20
-35.0117059999999967
11
115.1694999999999993
21
-35.0117229999999964
0
LINE
8
BLACK
6
CONTINUOUS
10
115.1694999999999993
20
-35.0117229999999964
11
115.1694999999999993
21
-35.3132760000000019
0
LINE
8
BLACK
6
CONTINUOUS
10
115.1694999999999993
20
-35.3132760000000019
11
115.1695009999999968
21
-35.3132930000000016
0
LINE
8
BLACK
6
CONTINUOUS
10
115.1695009999999968
20
-35.3132930000000016
11
115.2088609999999989
21
-35.6122659999999982
0
LINE
8
BLACK
6
CONTINUOUS
10
115.2088609999999989
20
-35.6122659999999982
11
115.2869129999999984
21
-35.9035599999999988
0
LINE
8
BLACK
6
CONTINUOUS
10
115.2869129999999984
20
-35.9035599999999988
11
115.3523149999999902
21
-36.0614539999999977
0
LINE
8
BLACK
6
CONTINUOUS
10
115.3523149999999902
20
-36.0614539999999977
11
115.3597839999999906
21
-36.1309240000000003
0
LINE
8
BLACK
6
CONTINUOUS
10
115.3597839999999906
20
-36.1309240000000003
11
115.3285089999999968
21
-36.1934029999999964
0
LINE
8
BLACK
6
CONTINUOUS
10
115.3285089999999968
20
-36.1934029999999964
11
115.2684199999999919
21
-36.2290549999999953
0
LINE
8
BLACK
6
CONTINUOUS
10
115.2684199999999919
20
-36.2290549999999953
11
115.1985949999999974
21
-36.2265609999999967
0
LINE
8
BLACK
6
CONTINUOUS
10
115.1985949999999974
20
-36.2265609999999967
11
115.1500729999999919
21
-36.1965879999999984
0
LINE
8
BLACK
6
CONTINUOUS
10
115.1500729999999919
20
-36.1965879999999984
11
114.7268189999999919
21
-35.7733339999999984
0
LINE
8
BLACK
6
CONTINUOUS
10
114.7268189999999919
20
-35.7733339999999984
11
114.693333999999993
21
-35.7120109999999968
0
LINE
8
BLACK
6
CONTINUOUS
10
114.693333999999993
20
-35.7120109999999968
11
114.6905000000000001
21
-35.685652999999995
0
LINE
8
BLACK
6
CONTINUOUS
10
114.6905000000000001
20
-35.685652999999995
11
114.6905000000000001
21
-34.5215469999999982
0
LINE
8
BLACK
6
CONTINUOUS
10
114.6905000000000001
20
-34.5215469999999982
11
114.7101849999999956
21
-34.454507999999997
0
LINE
8
BLACK
6
CONTINUOUS
10
114.7101849999999956
20
-34.454507999999997
11
114.7629889999999904
21
-34.4087529999999973
0
LINE
8
BLACK
6
CONTINUOUS
10
114.7629889999999904
20
-34.4087529999999973
11
114.832146999999992
21
-34.398809
0
LINE
8
BLACK
6
CONTINUOUS
10
114.832146999999992
20
-34.398809
11
114.8957029999999975
21
-34.4278339999999972
0
LINE
8
BLACK
6
CONTINUOUS
10
112.2397919999999942
20
-31.7754849999999998
11
112.2604339999999894
21
-31.7921189999999996
0
LINE
8
BLACK
6
CONTINUOUS
10
112.2604339999999894
20
-31.7921189999999996
11
113.1186340000000001
21
-32.6503189999999961
0
LINE
8
BLACK
6
CONTINUOUS
10
113.1186340000000001
20
-32.6503189999999961
11
113.152118999999999
21
-32.7116419999999977
0
LINE
8
BLACK
6
CONTINUOUS
10
113.152118999999999
20
-32.7116419999999977
11
113.1471349999999916
21
-32.7813340000000011
0
LINE
8
BLACK
6
CONTINUOUS
10
113.1471349999999916
20
-32.7813340000000011
11
113.1052629999999937
21
-32.8372669999999971
0
LINE
8
BLACK
6
CONTINUOUS
10
113.1052629999999937
20
-32.8372669999999971
11
113.0397989999999879
21
-32.8616839999999968
0
LINE
8
BLACK
6
CONTINUOUS
10
113.0397989999999879
20
-32.8616839999999968
11
113.0309529999999967
21
-32.8620000000000019
0
LINE
8
BLACK
6
CONTINUOUS
10
113.0309529999999967
20
-32.8620000000000019
11
110.8450389999999999
21
-32.8620000000000019
0
LINE
8
BLACK
6
CONTINUOUS
10
110.8450389999999999
20
-32.8620000000000019
11
110.7107469999999978
21
-32.8771309999999986
0
LINE
8
BLACK
6
CONTINUOUS
10
110.7107469999999978
20
-32.8771309999999986
11
110.6600349999999935
21
-32.8948759999999965
0
LINE
8
BLACK
6
CONTINUOUS
10
110.6600349999999935
20
-32.8948759999999965
11
110.5902559999999966
21
-32.8984370000000013
0
LINE
8
BLACK
6
CONTINUOUS
10
110.5902559999999966
20
-32.8984370000000013
11
110.5313999999999908
21
-32.865515000000002
0
LINE
8
BLACK
6
CONTINUOUS
10
110.5313999999999908
20
-32.865515000000002
11
109.6333659999999952
21
-31.9674809999999994
0
LINE
8
BLACK
6
CONTINUOUS
10
109.6333659999999952
20
-31.9674809999999994
11
109.5998809999999963
21
-31.9061579999999978
0
LINE
8
BLACK
6
CONTINUOUS
10
109.5998809999999963
20
-31.9061579999999978
11
109.6048649999999895
21
-31.8364659999999979
0
LINE
8
BLACK
6
CONTINUOUS
10
109.6048649999999895
20
-31.8364659999999979
11
109.6467370000000017
21
-31.7805329999999984
0
LINE
8
BLACK
6
CONTINUOUS
10
109.6467370000000017
20
-31.7805329999999984
11
109.7122009999999932
21
-31.7561159999999987
0
LINE
8
BLACK
6
CONTINUOUS
10
109.7122009999999932
20
-31.7561159999999987
11
109.7210469999999987
21
-31.7557999999999971
0
LINE
8
BLACK
6
CONTINUOUS
10
109.7210469999999987
20
-31.7557999999999971
11
112.1727530000000002
21
-31.7557999999999971
0
LINE
8
BLACK
6
CONTINUOUS
10
112.1727530000000002
20
-31.7557999999999971
11
112.2397919999999942
21
-31.7754849999999998
0
CIRCLE
8
BLACK
10
76.6043999999999983
20
-89.6875
40
0.175
0
CIRCLE
8
BLACK
10
80.1043999999999983
20
-89.6875
40
0.175
0
CIRCLE
8
BLACK
10
47.3049999999999997
20
-105.2874999999999943
40
0.175
0
CIRCLE
8
BLACK
10
49.8449999999999989
20
-105.2874999999999943
40
0.175
0
CIRCLE
8
BLACK
10
52.384999999999998
20
-105.2874999999999943
40
0.175
0
CIRCLE
8
BLACK
10
90.7349999999999994
20
-104.3374999999999915
40
0.175
0
CIRCLE
8
BLACK
10
98.3549999999999898
20
-104.3374999999999915
40
0.175
0
CIRCLE
8
BLACK
10
29.0700000000000003
20
-48.4874999999999972
40
0.175
0
CIRCLE
8
BLACK
10
29.0700000000000003
20
-45.947499999999998
40
0.175
0
CIRCLE
8
BLACK
10
63.8549999999999969
20
-38.2875000000000014
40
0.175
0
CIRCLE
8
BLACK
10
74.0150000000000006
20
-38.2875000000000014
40
0.175
0
CIRCLE
8
BLACK
10
88.7043999999999926
20
-89.6875
40
0.175
0
CIRCLE
8
BLACK
10
93.7043999999999926
20
-89.6875
40
0.175
0
CIRCLE
8
BLACK
10
75.9650000000000034
20
-104.3374999999999915
40
0.175
0
CIRCLE
8
BLACK
10
83.5849999999999937
20
-104.3374999999999915
40
0.175
0
CIRCLE
8
BLACK
10
112.3900000000000006
20
-47.2124999999999986
40
0.175
0
CIRCLE
8
BLACK
10
117.4699999999999989
20
-47.2124999999999986
40
0.175
0
CIRCLE
8
BLACK
10
62.8596999999999966
20
-89.6875
40
0.175
0
CIRCLE
8
BLACK
10
66.3597000000000037
20
-89.6875
40
0.175
0
CIRCLE
8
BLACK
10
45.9450000000000003
20
-38.2875000000000014
40
0.175
0
CIRCLE
8
BLACK
10
56.1049999999999969
20
-38.2875000000000014
40
0.175
0
CIRCLE
8
BLACK
10
46.0449999999999946
20
-82.0674999999999955
40
0.175
0
CIRCLE
8
BLACK
10
46.0449999999999946
20
-84.6075000000000017
40
0.175
0
CIRCLE
8
BLACK
10
46.0449999999999946
20
-87.1474999999999937
40
0.175
0
CIRCLE
8
BLACK
10
46.0449999999999946
20
-89.6875
40
0.175
0
CIRCLE
8
BLACK
10
46.0449999999999946
20
-92.227499999999992
40
0.175
0
CIRCLE
8
BLACK
10
46.0449999999999946
20
-94.7674999999999983
40
0.175
0
CIRCLE
8
BLACK
10
46.0449999999999946
20
-97.3074999999999903
40
0.175
0
CIRCLE
8
BLACK
10
53.6649999999999991
20
-97.3074999999999903
40
0.175
0
CIRCLE
8
BLACK
10
53.6649999999999991
20
-94.7674999999999983
40
0.175
0
CIRCLE
8
BLACK
10
53.6649999999999991
20
-92.227499999999992
40
0.175
0
CIRCLE
8
BLACK
10
53.6649999999999991
20
-89.6875
40
0.175
0
CIRCLE
8
BLACK
10
53.6649999999999991
20
-87.1474999999999937
40
0.175
0
CIRCLE
8
BLACK
10
53.6649999999999991
20
-84.6075000000000017
40
0.175
0
CIRCLE
8
BLACK
10
53.6649999999999991
20
-82.0674999999999955
40
0.175
0
CIRCLE
8
BLACK
10
112.3900000000000006
20
-35.1625000000000014
40
0.175
0
CIRCLE
8
BLACK
10
117.4699999999999989
20
-35.1625000000000014
40
0.175
0
CIRCLE
8
BLACK
10
45.644999999999996
20
-111.3374999999999915
40
0.175
0
CIRCLE
8
BLACK
10
53.2650000000000006
20
-111.3374999999999915
40
0.175
0
CIRCLE
8
BLACK
10
61.1950000000000003
20
-104.3374999999999915
40
0.175
0
CIRCLE
8
BLACK
10
68.8149999999999977
20
-104.3374999999999915
40
0.175
0
CIRCLE
8
BLACK
10
86.0949999999999989
20
-57.6724999999999994
40
0.175
0
CIRCLE
8
BLACK
10
86.0949999999999989
20
-60.2124999999999986
40
0.175
0
CIRCLE
8
BLACK
10
86.0949999999999989
20
-62.7524999999999977
40
0.175
0
CIRCLE
8
BLACK
10
93.7149999999999892
20
-62.7524999999999977
40
0.175
0
CIRCLE
8
BLACK
10
93.7149999999999892
20
-60.2124999999999986
40
0.175
0
CIRCLE
8
BLACK
10
93.7149999999999892
20
-57.6724999999999994
40
0.175
0
CIRCLE
8
BLACK
10
47.9949999999999974
20
-60.2124999999999986
40
0.175
0
CIRCLE
8
BLACK
10
76.1949999999999932
20
-60.2124999999999986
40
0.175
0
CIRCLE
8
BLACK
10
31.6099999999999994
20
-35.1625000000000014
40
0.175
0
CIRCLE
8
BLACK
10
26.5299999999999976
20
-35.1625000000000014
40
0.175
0
LINE
8
WHITE
6
CONTINUOUS
10
20.
20
-20.
11
124.
21
-20.
0
LINE
8
WHITE
6
CONTINUOUS
10
124.
20
-20.
11
124.
21
-124.
0
LINE
8
WHITE
6
CONTINUOUS
10
124.
20
-124.
11
20.
21
-124.
0
LINE
8
WHITE
6
CONTINUOUS
10
20.
20
-124.
11
20.
21
-20.
0
CIRCLE
8
WHITE
10
76.6043999999999983
20
-89.6875
40
0.175
0
CIRCLE
8
WHITE
10
80.1043999999999983
20
-89.6875
40
0.175
0
CIRCLE
8
WHITE
10
47.3049999999999997
20
-105.2874999999999943
40
0.175
0
CIRCLE
8
WHITE
10
49.8449999999999989
20
-105.2874999999999943
40
0.175
0
CIRCLE
8
WHITE
10
52.384999999999998
20
-105.2874999999999943
40
0.175
0
CIRCLE
8
WHITE
10
90.7349999999999994
20
-104.3374999999999915
40
0.175
0
CIRCLE
8
WHITE
10
98.3549999999999898
20
-104.3374999999999915
40
0.175
0
CIRCLE
8
WHITE
10
29.0700000000000003
20
-48.4874999999999972
40
0.175
0
CIRCLE
8
WHITE
10
29.0700000000000003
20
-45.947499999999998
40
0.175
0
CIRCLE
8
WHITE
10
63.8549999999999969
20
-38.2875000000000014
40
0.175
0
CIRCLE
8
WHITE
10
74.0150000000000006
20
-38.2875000000000014
40
0.175
0
CIRCLE
8
WHITE
10
88.7043999999999926
20
-89.6875
40
0.175
0
CIRCLE
8
WHITE
10
93.7043999999999926
20
-89.6875
40
0.175
0
CIRCLE
8
WHITE
10
75.9650000000000034
20
-104.3374999999999915
40
0.175
0
CIRCLE
8
WHITE
10
83.5849999999999937
20
-104.3374999999999915
40
0.175
0
CIRCLE
8
WHITE
10
112.3900000000000006
20
-47.2124999999999986
40
0.175
0
CIRCLE
8
WHITE
10
117.4699999999999989
20
-47.2124999999999986
40
0.175
0
CIRCLE
8
WHITE
10
62.8596999999999966
20
-89.6875
40
0.175
0
CIRCLE
8
WHITE
10
66.3597000000000037
20
-89.6875
40
0.175
0
CIRCLE
8
WHITE
10
45.9450000000000003
20
-38.2875000000000014
40
0.175
0
CIRCLE
8
WHITE
10
56.1049999999999969
20
-38.2875000000000014
40
0.175
0
CIRCLE
8
WHITE
10
46.0449999999999946
20
-82.0674999999999955
40
0.175
0
CIRCLE
8
WHITE
10
46.0449999999999946
20
-84.6075000000000017
40
0.175
0
CIRCLE
8
WHITE
10
46.0449999999999946
20
-87.1474999999999937
40
0.175
0
CIRCLE
8
WHITE
10
46.0449999999999946
20
-89.6875
40
0.175
0
CIRCLE
8
WHITE
10
46.0449999999999946
20
-92.227499999999992
40
0.175
0
CIRCLE
8
WHITE
10
46.0449999999999946
20
-94.7674999999999983
40
0.175
0
CIRCLE
8
WHITE
10
46.0449999999999946
20
-97.3074999999999903
40
0.175
0
CIRCLE
8
WHITE
10
53.6649999999999991
20
-97.3074999999999903
40
0.175
0
CIRCLE
8
WHITE
10
53.6649999999999991
20
-94.7674999999999983
40
0.175
0
CIRCLE
8
WHITE
10
53.6649999999999991
20
-92.227499999999992
40
0.175
0
CIRCLE
8
WHITE
10
53.6649999999999991
20
-89.6875
40
0.175
0
CIRCLE
8
WHITE
10
53.6649999999999991
20
-87.1474999999999937
40
0.175
0
CIRCLE
8
WHITE
10
53.6649999999999991
20
-84.6075000000000017
40
0.175
0
CIRCLE
8
WHITE
10
53.6649999999999991
20
-82.0674999999999955
40
0.175
0
CIRCLE
8
WHITE
10
112.3900000000000006
20
-35.1625000000000014
40
0.175
0
CIRCLE
8
WHITE
10
117.4699999999999989
20
-35.1625000000000014
40
0.175
0
CIRCLE
8
WHITE
10
45.644999999999996
20
-111.3374999999999915
40
0.175
0
CIRCLE
8
WHITE
10
53.2650000000000006
20
-111.3374999999999915
40
0.175
0
CIRCLE
8
WHITE
10
61.1950000000000003
20
-104.3374999999999915
40
0.175
0
CIRCLE
8
WHITE
10
68.8149999999999977
20
-104.3374999999999915
40
0.175
0
CIRCLE
8
WHITE
10
86.0949999999999989
20
-57.6724999999999994
40
0.175
0
CIRCLE
8
WHITE
10
86.0949999999999989
20
-60.2124999999999986
40
0.175
0
CIRCLE
8
WHITE
10
86.0949999999999989
20
-62.7524999999999977
40
0.175
0
CIRCLE
8
WHITE
10
93.7149999999999892
20
-62.7524999999999977
40
0.175
0
CIRCLE
8
WHITE
10
93.7149999999999892
20
-60.2124999999999986
40
0.175
0
CIRCLE
8
WHITE
10
93.7149999999999892
20
-57.6724999999999994
40
0.175
0
CIRCLE
8
WHITE
10
47.9949999999999974
20
-60.2124999999999986
40
0.175
0
CIRCLE
8
WHITE
10
76.1949999999999932
20
-60.2124999999999986
40
0.175
0
CIRCLE
8
WHITE
10
31.6099999999999994
20
-35.1625000000000014
40
0.175
0
CIRCLE
8
WHITE
10
26.5299999999999976
20
-35.1625000000000014
40
0.175
  0
ENDSEC
  0
EOF
