  0
SECTION
  2
HEADER
  9
$ANGBASE
  50
0.0
  9
$ANGDIR
  70
1
  9
$MEASUREMENT
  70
1
  0
ENDSEC
  0
SECTION
  2
TABLES
  0
TABLE
  2
LTYPE
  70
4
  0
LTYPE
  5
40F
  2
CONTINUOUS
  70
0
  3
Solid line
  72
65
  73
0
  40
0.0
  0
LTYPE
  5
410
  2
DASHDOT
 70
0
  3
Dash Dot ____ _ ____ _
 72
65
 73
4
 40
2.0
 49
1.25
 49
-0.25
 49
0.25
 49
-0.25
  0
LTYPE
  5
411
  2
DASHED
 70
0
  3
Dashed __ __ __ __ __
 72
65
 73
2
 40
0.75
 49
0.5
 49
-0.25
  0
LTYPE
  5
43B
  2
DOTTED
 70
0
  3
Dotted .  .  .  .
 72
65
 73
2
 40
0.2
 49
0.0
 49
-0.2
  0
ENDTAB
  0
TABLE
  2
STYLE
  70
4
  0
STYLE
  2
KICAD
  70
0
  40
0
  41
1
  42
1
  50
0
  71
0
  3
isocp.shx
  0
STYLE
  2
KICADB
  70
0
  40
0
  41
1
  42
1
  50
0
  71
0
  3
isocp.shx
  0
STYLE
  2
KICADI
  70
0
  40
0
  41
1
  42
1
  50
15
  71
0
  3
isocp.shx
  0
STYLE
  2
KICADBI
  70
0
  40
0
  41
1
  42
1
  50
15
  71
0
  3
isocp.shx
  0
ENDTAB
  0
TABLE
  2
LAYER
  70
35
  0
LAYER
  2
BLACK
  70
0
  62
7
  6
CONTINUOUS
  0
LAYER
  2
GRAY1
  70
0
  62
251
  6
CONTINUOUS
  0
LAYER
  2
GRAY2
  70
0
  62
8
  6
CONTINUOUS
  0
LAYER
  2
GRAY3
  70
0
  62
9
  6
CONTINUOUS
  0
LAYER
  2
WHITE
  70
0
  62
7
  6
CONTINUOUS
  0
LAYER
  2
LYELLOW
  70
0
  62
51
  6
CONTINUOUS
  0
LAYER
  2
LORANGE
  70
0
  62
41
  6
CONTINUOUS
  0
LAYER
  2
BLUE1
  70
0
  62
178
  6
CONTINUOUS
  0
LAYER
  2
GREEN1
  70
0
  62
98
  6
CONTINUOUS
  0
LAYER
  2
CYAN1
  70
0
  62
138
  6
CONTINUOUS
  0
LAYER
  2
RED1
  70
0
  62
18
  6
CONTINUOUS
  0
LAYER
  2
MAGENTA1
  70
0
  62
228
  6
CONTINUOUS
  0
LAYER
  2
BROWN1
  70
0
  62
58
  6
CONTINUOUS
  0
LAYER
  2
ORANGE1
  70
0
  62
34
  6
CONTINUOUS
  0
LAYER
  2
BLUE2
  70
0
  62
5
  6
CONTINUOUS
  0
LAYER
  2
GREEN2
  70
0
  62
3
  6
CONTINUOUS
  0
LAYER
  2
CYAN2
  70
0
  62
4
  6
CONTINUOUS
  0
LAYER
  2
RED2
  70
0
  62
1
  6
CONTINUOUS
  0
LAYER
  2
MAGENTA2
  70
0
  62
6
  6
CONTINUOUS
  0
LAYER
  2
BROWN2
  70
0
  62
54
  6
CONTINUOUS
  0
LAYER
  2
ORANGE2
  70
0
  62
42
  6
CONTINUOUS
  0
LAYER
  2
BLUE3
  70
0
  62
171
  6
CONTINUOUS
  0
LAYER
  2
GREEN3
  70
0
  62
91
  6
CONTINUOUS
  0
LAYER
  2
CYAN3
  70
0
  62
131
  6
CONTINUOUS
  0
LAYER
  2
RED3
  70
0
  62
11
  6
CONTINUOUS
  0
LAYER
  2
MAGENTA3
  70
0
  62
221
  6
CONTINUOUS
  0
LAYER
  2
YELLOW3
  70
0
  62
2
  6
CONTINUOUS
  0
LAYER
  2
ORANGE3
  70
0
  62
32
  6
CONTINUOUS
  0
LAYER
  2
BLUE4
  70
0
  62
5
  6
CONTINUOUS
  0
LAYER
  2
GREEN4
  70
0
  62
3
  6
CONTINUOUS
  0
LAYER
  2
CYAN4
  70
0
  62
4
  6
CONTINUOUS
  0
LAYER
  2
RED4
  70
0
  62
1
  6
CONTINUOUS
  0
LAYER
  2
MAGENTA4
  70
0
  62
6
  6
CONTINUOUS
  0
LAYER
  2
YELLOW4
  70
0
  62
2
  6
CONTINUOUS
  0
LAYER
  2
ORANGE4
  70
0
  62
40
  6
CONTINUOUS
  0
ENDTAB
  0
ENDSEC
  0
SECTION
  2
ENTITIES
0
LINE
8
BLACK
6
CONTINUOUS
10
48.8649780000000007
20
-69.5912100000000038
11
48.9190499999999986
21
-69.6136079999999993
0
LINE
8
BLACK
6
CONTINUOUS
10
48.9190499999999986
20
-69.6136079999999993
11
48.9604339999999993
21
-69.6549919999999929
0
LINE
8
BLACK
6
CONTINUOUS
10
48.9604339999999993
20
-69.6549919999999929
11
48.9828319999999948
21
-69.7090639999999979
0
LINE
8
BLACK
6
CONTINUOUS
10
48.9828319999999948
20
-69.7090639999999979
11
48.9828319999999948
21
-69.7675919999999934
0
LINE
8
BLACK
6
CONTINUOUS
10
48.9828319999999948
20
-69.7675919999999934
11
48.9604339999999993
21
-69.8216639999999984
0
LINE
8
BLACK
6
CONTINUOUS
10
48.9604339999999993
20
-69.8216639999999984
11
48.9190499999999986
21
-69.863047999999992
0
LINE
8
BLACK
6
CONTINUOUS
10
48.9190499999999986
20
-69.863047999999992
11
48.8649780000000007
21
-69.8854460000000017
0
LINE
8
BLACK
6
CONTINUOUS
10
48.8649780000000007
20
-69.8854460000000017
11
48.8357139999999958
21
-69.8883280000000013
0
LINE
8
BLACK
6
CONTINUOUS
10
48.8357139999999958
20
-69.8883280000000013
11
48.2377070000000003
21
-69.8883280000000013
0
LINE
8
BLACK
6
CONTINUOUS
10
48.2377070000000003
20
-69.8883280000000013
11
48.5200279999999964
21
-70.2109810000000039
0
LINE
8
BLACK
6
CONTINUOUS
10
48.5200279999999964
20
-70.2109810000000039
11
48.5290709999999947
21
-70.22363
0
LINE
8
BLACK
6
CONTINUOUS
10
48.5290709999999947
20
-70.22363
11
48.5318619999999967
21
-70.226421000000002
0
LINE
8
BLACK
6
CONTINUOUS
10
48.5318619999999967
20
-70.226421000000002
11
48.5329569999999961
21
-70.2290649999999914
0
LINE
8
BLACK
6
CONTINUOUS
10
48.5329569999999961
20
-70.2290649999999914
11
48.5371299999999977
21
-70.2349019999999911
0
LINE
8
BLACK
6
CONTINUOUS
10
48.5371299999999977
20
-70.2349019999999911
11
48.5449349999999953
21
-70.2579810000000009
0
LINE
8
BLACK
6
CONTINUOUS
10
48.5449349999999953
20
-70.2579810000000009
11
48.5542599999999993
21
-70.2804929999999928
0
LINE
8
BLACK
6
CONTINUOUS
10
48.5542599999999993
20
-70.2804929999999928
11
48.5542599999999993
21
-70.2855539999999905
0
LINE
8
BLACK
6
CONTINUOUS
10
48.5542599999999993
20
-70.2855539999999905
11
48.5558799999999948
21
-70.2903450000000021
0
LINE
8
BLACK
6
CONTINUOUS
10
48.5558799999999948
20
-70.2903450000000021
11
48.5542599999999993
21
-70.3146449999999987
0
LINE
8
BLACK
6
CONTINUOUS
10
48.5542599999999993
20
-70.3146449999999987
11
48.5542599999999993
21
-70.3390210000000025
0
LINE
8
BLACK
6
CONTINUOUS
10
48.5542599999999993
20
-70.3390210000000025
11
48.5523230000000012
21
-70.3436959999999942
0
LINE
8
BLACK
6
CONTINUOUS
10
48.5523230000000012
20
-70.3436959999999942
11
48.5519869999999969
21
-70.3487409999999898
0
LINE
8
BLACK
6
CONTINUOUS
10
48.5519869999999969
20
-70.3487409999999898
11
48.5411879999999982
21
-70.3705759999999998
0
LINE
8
BLACK
6
CONTINUOUS
10
48.5411879999999982
20
-70.3705759999999998
11
48.5318619999999967
21
-70.3930929999999933
0
LINE
8
BLACK
6
CONTINUOUS
10
48.5318619999999967
20
-70.3930929999999933
11
48.5282849999999968
21
-70.3966690000000028
0
LINE
8
BLACK
6
CONTINUOUS
10
48.5282849999999968
20
-70.3966690000000028
11
48.5260429999999943
21
-70.4012039999999928
0
LINE
8
BLACK
6
CONTINUOUS
10
48.5260429999999943
20
-70.4012039999999928
11
48.5077069999999964
21
-70.4172470000000033
0
LINE
8
BLACK
6
CONTINUOUS
10
48.5077069999999964
20
-70.4172470000000033
11
48.490477999999996
21
-70.4344770000000011
0
LINE
8
BLACK
6
CONTINUOUS
10
48.490477999999996
20
-70.4344770000000011
11
48.4858029999999971
21
-70.4364130000000017
0
LINE
8
BLACK
6
CONTINUOUS
10
48.4858029999999971
20
-70.4364130000000017
11
48.4819959999999952
21
-70.4397450000000021
0
LINE
8
BLACK
6
CONTINUOUS
10
48.4819959999999952
20
-70.4397450000000021
11
48.4589199999999991
21
-70.4475479999999976
0
LINE
8
BLACK
6
CONTINUOUS
10
48.4589199999999991
20
-70.4475479999999976
11
48.4364059999999981
21
-70.4568749999999966
0
LINE
8
BLACK
6
CONTINUOUS
10
48.4364059999999981
20
-70.4568749999999966
11
48.4292639999999963
21
-70.457577999999998
0
LINE
8
BLACK
6
CONTINUOUS
10
48.4292639999999963
20
-70.457577999999998
11
48.4265539999999959
21
-70.4584949999999992
0
LINE
8
BLACK
6
CONTINUOUS
10
48.4265539999999959
20
-70.4584949999999992
11
48.4226189999999974
21
-70.4582319999999953
0
LINE
8
BLACK
6
CONTINUOUS
10
48.4226189999999974
20
-70.4582319999999953
11
48.4071420000000003
21
-70.4597569999999962
0
LINE
8
BLACK
6
CONTINUOUS
10
48.4071420000000003
20
-70.4597569999999962
11
48.2282669999999953
21
-70.4597569999999962
0
LINE
8
BLACK
6
CONTINUOUS
10
48.2282669999999953
20
-70.4597569999999962
11
48.1388529999999975
21
-70.5044630000000012
0
LINE
8
BLACK
6
CONTINUOUS
10
48.1388529999999975
20
-70.5044630000000012
11
48.1018489999999943
21
-70.5414669999999973
0
LINE
8
BLACK
6
CONTINUOUS
10
48.1018489999999943
20
-70.5414669999999973
11
48.0571419999999989
21
-70.6308810000000022
0
LINE
8
BLACK
6
CONTINUOUS
10
48.0571419999999989
20
-70.6308810000000022
11
48.0571419999999989
21
-70.9172030000000007
0
LINE
8
BLACK
6
CONTINUOUS
10
48.0571419999999989
20
-70.9172030000000007
11
48.1018489999999943
21
-71.0066169999999914
0
LINE
8
BLACK
6
CONTINUOUS
10
48.1018489999999943
20
-71.0066169999999914
11
48.1388529999999975
21
-71.0436210000000017
0
LINE
8
BLACK
6
CONTINUOUS
10
48.1388529999999975
20
-71.0436210000000017
11
48.2282669999999953
21
-71.08832799999999
0
LINE
8
BLACK
6
CONTINUOUS
10
48.2282669999999953
20
-71.08832799999999
11
48.5860179999999957
21
-71.08832799999999
0
LINE
8
BLACK
6
CONTINUOUS
10
48.5860179999999957
20
-71.08832799999999
11
48.6754299999999986
21
-71.0436219999999992
0
LINE
8
BLACK
6
CONTINUOUS
10
48.6754299999999986
20
-71.0436219999999992
11
48.7296479999999974
21
-70.9894049999999908
0
LINE
8
BLACK
6
CONTINUOUS
10
48.7296479999999974
20
-70.9894049999999908
11
48.7523789999999977
21
-70.9707499999999953
0
LINE
8
BLACK
6
CONTINUOUS
10
48.7523789999999977
20
-70.9707499999999953
11
48.8064509999999956
21
-70.9483529999999973
0
LINE
8
BLACK
6
CONTINUOUS
10
48.8064509999999956
20
-70.9483529999999973
11
48.8649769999999961
21
-70.9483529999999973
0
LINE
8
BLACK
6
CONTINUOUS
10
48.8649769999999961
20
-70.9483529999999973
11
48.9190490000000011
21
-70.9707499999999953
0
LINE
8
BLACK
6
CONTINUOUS
10
48.9190490000000011
20
-70.9707499999999953
11
48.9604349999999968
21
-71.0121359999999981
0
LINE
8
BLACK
6
CONTINUOUS
10
48.9604349999999968
20
-71.0121359999999981
11
48.9828319999999948
21
-71.0662080000000032
0
LINE
8
BLACK
6
CONTINUOUS
10
48.9828319999999948
20
-71.0662080000000032
11
48.9828319999999948
21
-71.1247340000000037
0
LINE
8
BLACK
6
CONTINUOUS
10
48.9828319999999948
20
-71.1247340000000037
11
48.9604349999999968
21
-71.1788059999999945
0
LINE
8
BLACK
6
CONTINUOUS
10
48.9604349999999968
20
-71.1788059999999945
11
48.9417799999999943
21
-71.2015370000000019
0
LINE
8
BLACK
6
CONTINUOUS
10
48.9417799999999943
20
-71.2015370000000019
11
48.8703509999999994
21
-71.2729659999999967
0
LINE
8
BLACK
6
CONTINUOUS
10
48.8703509999999994
20
-71.2729659999999967
11
48.8588489999999993
21
-71.2824049999999971
0
LINE
8
BLACK
6
CONTINUOUS
10
48.8588489999999993
20
-71.2824049999999971
11
48.8562529999999953
21
-71.2853989999999982
0
LINE
8
BLACK
6
CONTINUOUS
10
48.8562529999999953
20
-71.2853989999999982
11
48.8517389999999949
21
-71.2882389999999901
0
LINE
8
BLACK
6
CONTINUOUS
10
48.8517389999999949
20
-71.2882389999999901
11
48.8476199999999992
21
-71.2916209999999921
0
LINE
8
BLACK
6
CONTINUOUS
10
48.8476199999999992
20
-71.2916209999999921
11
48.8439599999999956
21
-71.2931359999999898
0
LINE
8
BLACK
6
CONTINUOUS
10
48.8439599999999956
20
-71.2931359999999898
11
48.8313670000000002
21
-71.3010639999999967
0
LINE
8
BLACK
6
CONTINUOUS
10
48.8313670000000002
20
-71.3010639999999967
11
48.6885100000000008
21
-71.3724919999999941
0
LINE
8
BLACK
6
CONTINUOUS
10
48.6885100000000008
20
-71.3724919999999941
11
48.6610459999999989
21
-71.3830019999999905
0
LINE
8
BLACK
6
CONTINUOUS
10
48.6610459999999989
20
-71.3830019999999905
11
48.6556700000000006
21
-71.3833829999999949
0
LINE
8
BLACK
6
CONTINUOUS
10
48.6556700000000006
20
-71.3833829999999949
11
48.6506919999999994
21
-71.3854460000000017
0
LINE
8
BLACK
6
CONTINUOUS
10
48.6506919999999994
20
-71.3854460000000017
11
48.6214279999999945
21
-71.3883280000000013
0
LINE
8
BLACK
6
CONTINUOUS
10
48.6214279999999945
20
-71.3883280000000013
11
48.1928569999999965
21
-71.3883280000000013
0
LINE
8
BLACK
6
CONTINUOUS
10
48.1928569999999965
20
-71.3883280000000013
11
48.1635929999999988
21
-71.3854460000000017
0
LINE
8
BLACK
6
CONTINUOUS
10
48.1635929999999988
20
-71.3854460000000017
11
48.158614
21
-71.3833829999999949
0
LINE
8
BLACK
6
CONTINUOUS
10
48.158614
20
-71.3833829999999949
11
48.1532389999999992
21
-71.3830019999999905
0
LINE
8
BLACK
6
CONTINUOUS
10
48.1532389999999992
20
-71.3830019999999905
11
48.1257759999999948
21
-71.3724919999999941
0
LINE
8
BLACK
6
CONTINUOUS
10
48.1257759999999948
20
-71.3724919999999941
11
47.982917999999998
21
-71.3010639999999967
0
LINE
8
BLACK
6
CONTINUOUS
10
47.982917999999998
20
-71.3010639999999967
11
47.970326
21
-71.2931370000000015
0
LINE
8
BLACK
6
CONTINUOUS
10
47.970326
20
-71.2931370000000015
11
47.966664999999999
21
-71.2916209999999921
0
LINE
8
BLACK
6
CONTINUOUS
10
47.966664999999999
20
-71.2916209999999921
11
47.9625419999999991
21
-71.2882369999999952
0
LINE
8
BLACK
6
CONTINUOUS
10
47.9625419999999991
20
-71.2882369999999952
11
47.9580330000000004
21
-71.2853989999999982
0
LINE
8
BLACK
6
CONTINUOUS
10
47.9580330000000004
20
-71.2853989999999982
11
47.9554380000000009
21
-71.2824069999999921
0
LINE
8
BLACK
6
CONTINUOUS
10
47.9554380000000009
20
-71.2824069999999921
11
47.9439339999999987
21
-71.2729659999999967
0
LINE
8
BLACK
6
CONTINUOUS
10
47.9439339999999987
20
-71.2729659999999967
11
47.8725049999999968
21
-71.2015370000000019
0
LINE
8
BLACK
6
CONTINUOUS
10
47.8725049999999968
20
-71.2015370000000019
11
47.8630649999999989
21
-71.1900349999999946
0
LINE
8
BLACK
6
CONTINUOUS
10
47.8630649999999989
20
-71.1900349999999946
11
47.8600719999999953
21
-71.1874389999999977
0
LINE
8
BLACK
6
CONTINUOUS
10
47.8600719999999953
20
-71.1874389999999977
11
47.8572309999999987
21
-71.1829249999999973
0
LINE
8
BLACK
6
CONTINUOUS
10
47.8572309999999987
20
-71.1829249999999973
11
47.8538500000000013
21
-71.1788059999999945
0
LINE
8
BLACK
6
CONTINUOUS
10
47.8538500000000013
20
-71.1788059999999945
11
47.852333999999999
21
-71.175145999999998
0
LINE
8
BLACK
6
CONTINUOUS
10
47.852333999999999
20
-71.175145999999998
11
47.8444069999999968
21
-71.1625530000000026
0
LINE
8
BLACK
6
CONTINUOUS
10
47.8444069999999968
20
-71.1625530000000026
11
47.7729779999999948
21
-71.0196959999999962
0
LINE
8
BLACK
6
CONTINUOUS
10
47.7729779999999948
20
-71.0196959999999962
11
47.7624689999999958
21
-70.9922329999999988
0
LINE
8
BLACK
6
CONTINUOUS
10
47.7624689999999958
20
-70.9922329999999988
11
47.7620870000000011
21
-70.986857999999998
0
LINE
8
BLACK
6
CONTINUOUS
10
47.7620870000000011
20
-70.986857999999998
11
47.7600240000000014
21
-70.9818779999999947
0
LINE
8
BLACK
6
CONTINUOUS
10
47.7600240000000014
20
-70.9818779999999947
11
47.7571419999999947
21
-70.952613999999997
0
LINE
8
BLACK
6
CONTINUOUS
10
47.7571419999999947
20
-70.952613999999997
11
47.7571419999999947
21
-70.5954710000000034
0
LINE
8
BLACK
6
CONTINUOUS
10
47.7571419999999947
20
-70.5954710000000034
11
47.7600240000000014
21
-70.5662069999999915
0
LINE
8
BLACK
6
CONTINUOUS
10
47.7600240000000014
20
-70.5662069999999915
11
47.7620870000000011
21
-70.5612259999999907
0
LINE
8
BLACK
6
CONTINUOUS
10
47.7620870000000011
20
-70.5612259999999907
11
47.7624689999999958
21
-70.5558520000000016
0
LINE
8
BLACK
6
CONTINUOUS
10
47.7624689999999958
20
-70.5558520000000016
11
47.7729779999999948
21
-70.52838899999999
0
LINE
8
BLACK
6
CONTINUOUS
10
47.7729779999999948
20
-70.52838899999999
11
47.8444069999999968
21
-70.3855319999999978
0
LINE
8
BLACK
6
CONTINUOUS
10
47.8444069999999968
20
-70.3855319999999978
11
47.852333999999999
21
-70.3729379999999907
0
LINE
8
BLACK
6
CONTINUOUS
10
47.852333999999999
20
-70.3729379999999907
11
47.8538500000000013
21
-70.3692789999999917
0
LINE
8
BLACK
6
CONTINUOUS
10
47.8538500000000013
20
-70.3692789999999917
11
47.8572309999999987
21
-70.3651589999999914
0
LINE
8
BLACK
6
CONTINUOUS
10
47.8572309999999987
20
-70.3651589999999914
11
47.8600719999999953
21
-70.3606460000000027
0
LINE
8
BLACK
6
CONTINUOUS
10
47.8600719999999953
20
-70.3606460000000027
11
47.8630649999999989
21
-70.3580489999999941
0
LINE
8
BLACK
6
CONTINUOUS
10
47.8630649999999989
20
-70.3580489999999941
11
47.8725049999999968
21
-70.3465479999999985
0
LINE
8
BLACK
6
CONTINUOUS
10
47.8725049999999968
20
-70.3465479999999985
11
47.9439339999999987
21
-70.2751190000000037
0
LINE
8
BLACK
6
CONTINUOUS
10
47.9439339999999987
20
-70.2751190000000037
11
47.9554380000000009
21
-70.2656769999999966
0
LINE
8
BLACK
6
CONTINUOUS
10
47.9554380000000009
20
-70.2656769999999966
11
47.9580330000000004
21
-70.2626860000000022
0
LINE
8
BLACK
6
CONTINUOUS
10
47.9580330000000004
20
-70.2626860000000022
11
47.9625419999999991
21
-70.2598469999999935
0
LINE
8
BLACK
6
CONTINUOUS
10
47.9625419999999991
20
-70.2598469999999935
11
47.966664999999999
21
-70.256463999999994
0
LINE
8
BLACK
6
CONTINUOUS
10
47.966664999999999
20
-70.256463999999994
11
47.970326
21
-70.2549470000000014
0
LINE
8
BLACK
6
CONTINUOUS
10
47.970326
20
-70.2549470000000014
11
47.982917999999998
21
-70.2470210000000037
0
LINE
8
BLACK
6
CONTINUOUS
10
47.982917999999998
20
-70.2470210000000037
11
48.101188999999998
21
-70.1878859999999918
0
LINE
8
BLACK
6
CONTINUOUS
10
48.101188999999998
20
-70.1878859999999918
11
47.7942549999999997
21
-69.8371039999999965
0
LINE
8
BLACK
6
CONTINUOUS
10
47.7942549999999997
20
-69.8371039999999965
11
47.7852109999999968
21
-69.8244529999999912
0
LINE
8
BLACK
6
CONTINUOUS
10
47.7852109999999968
20
-69.8244529999999912
11
47.7824219999999968
21
-69.8216639999999984
0
LINE
8
BLACK
6
CONTINUOUS
10
47.7824219999999968
20
-69.8216639999999984
11
47.7813249999999954
21
-69.8190179999999998
0
LINE
8
BLACK
6
CONTINUOUS
10
47.7813249999999954
20
-69.8190179999999998
11
47.7771539999999959
21
-69.8131819999999976
0
LINE
8
BLACK
6
CONTINUOUS
10
47.7771539999999959
20
-69.8131819999999976
11
47.7693469999999962
21
-69.7900999999999954
0
LINE
8
BLACK
6
CONTINUOUS
10
47.7693469999999962
20
-69.7900999999999954
11
47.7600240000000014
21
-69.7675919999999934
0
LINE
8
BLACK
6
CONTINUOUS
10
47.7600240000000014
20
-69.7675919999999934
11
47.7600240000000014
21
-69.7625319999999931
0
LINE
8
BLACK
6
CONTINUOUS
10
47.7600240000000014
20
-69.7625319999999931
11
47.7584030000000013
21
-69.7577399999999983
0
LINE
8
BLACK
6
CONTINUOUS
10
47.7584030000000013
20
-69.7577399999999983
11
47.7600240000000014
21
-69.7334299999999985
0
LINE
8
BLACK
6
CONTINUOUS
10
47.7600240000000014
20
-69.7334299999999985
11
47.7600240000000014
21
-69.7090639999999979
0
LINE
8
BLACK
6
CONTINUOUS
10
47.7600240000000014
20
-69.7090639999999979
11
47.7619599999999949
21
-69.7043879999999945
0
LINE
8
BLACK
6
CONTINUOUS
10
47.7619599999999949
20
-69.7043879999999945
11
47.7622969999999967
21
-69.6993439999999964
0
LINE
8
BLACK
6
CONTINUOUS
10
47.7622969999999967
20
-69.6993439999999964
11
47.7730949999999979
21
-69.6775080000000031
0
LINE
8
BLACK
6
CONTINUOUS
10
47.7730949999999979
20
-69.6775080000000031
11
47.7824219999999968
21
-69.6549919999999929
0
LINE
8
BLACK
6
CONTINUOUS
10
47.7824219999999968
20
-69.6549919999999929
11
47.7859979999999993
21
-69.6514150000000001
0
LINE
8
BLACK
6
CONTINUOUS
10
47.7859979999999993
20
-69.6514150000000001
11
47.7882409999999993
21
-69.6468809999999934
0
LINE
8
BLACK
6
CONTINUOUS
10
47.7882409999999993
20
-69.6468809999999934
11
47.8065759999999997
21
-69.6308369999999996
0
LINE
8
BLACK
6
CONTINUOUS
10
47.8065759999999997
20
-69.6308369999999996
11
47.8238059999999976
21
-69.6136079999999993
0
LINE
8
BLACK
6
CONTINUOUS
10
47.8238059999999976
20
-69.6136079999999993
11
47.828479999999999
21
-69.6116710000000012
0
LINE
8
BLACK
6
CONTINUOUS
10
47.828479999999999
20
-69.6116710000000012
11
47.8322879999999984
21
-69.6083399999999983
0
LINE
8
BLACK
6
CONTINUOUS
10
47.8322879999999984
20
-69.6083399999999983
11
47.855368999999996
21
-69.6005329999999987
0
LINE
8
BLACK
6
CONTINUOUS
10
47.855368999999996
20
-69.6005329999999987
11
47.8778779999999955
21
-69.5912100000000038
0
LINE
8
BLACK
6
CONTINUOUS
10
47.8778779999999955
20
-69.5912100000000038
11
47.8850149999999957
21
-69.5905070000000023
0
LINE
8
BLACK
6
CONTINUOUS
10
47.8850149999999957
20
-69.5905070000000023
11
47.8877299999999977
21
-69.5895890000000037
0
LINE
8
BLACK
6
CONTINUOUS
10
47.8877299999999977
20
-69.5895890000000037
11
47.8916690000000003
21
-69.5898509999999959
0
LINE
8
BLACK
6
CONTINUOUS
10
47.8916690000000003
20
-69.5898509999999959
11
47.9071420000000003
21
-69.58832799999999
0
LINE
8
BLACK
6
CONTINUOUS
10
47.9071420000000003
20
-69.58832799999999
11
48.8357139999999958
21
-69.58832799999999
0
LINE
8
BLACK
6
CONTINUOUS
10
48.8357139999999958
20
-69.58832799999999
11
48.8649780000000007
21
-69.5912100000000038
0
LINE
8
BLACK
6
CONTINUOUS
10
50.2935489999999987
20
-69.5912100000000038
11
50.3476209999999966
21
-69.6136079999999993
0
LINE
8
BLACK
6
CONTINUOUS
10
50.3476209999999966
20
-69.6136079999999993
11
50.3890049999999974
21
-69.6549919999999929
0
LINE
8
BLACK
6
CONTINUOUS
10
50.3890049999999974
20
-69.6549919999999929
11
50.411403
21
-69.7090639999999979
0
LINE
8
BLACK
6
CONTINUOUS
10
50.411403
20
-69.7090639999999979
11
50.411403
21
-69.7675919999999934
0
LINE
8
BLACK
6
CONTINUOUS
10
50.411403
20
-69.7675919999999934
11
50.3890049999999974
21
-69.8216639999999984
0
LINE
8
BLACK
6
CONTINUOUS
10
50.3890049999999974
20
-69.8216639999999984
11
50.3476209999999966
21
-69.863047999999992
0
LINE
8
BLACK
6
CONTINUOUS
10
50.3476209999999966
20
-69.863047999999992
11
50.2935489999999987
21
-69.8854460000000017
0
LINE
8
BLACK
6
CONTINUOUS
10
50.2935489999999987
20
-69.8854460000000017
11
50.264285000000001
21
-69.8883280000000013
0
LINE
8
BLACK
6
CONTINUOUS
10
50.264285000000001
20
-69.8883280000000013
11
49.6662779999999984
21
-69.8883280000000013
0
LINE
8
BLACK
6
CONTINUOUS
10
49.6662779999999984
20
-69.8883280000000013
11
49.9485989999999944
21
-70.2109810000000039
0
LINE
8
BLACK
6
CONTINUOUS
10
49.9485989999999944
20
-70.2109810000000039
11
49.9576419999999999
21
-70.22363
0
LINE
8
BLACK
6
CONTINUOUS
10
49.9576419999999999
20
-70.22363
11
49.9604329999999948
21
-70.226421000000002
0
LINE
8
BLACK
6
CONTINUOUS
10
49.9604329999999948
20
-70.226421000000002
11
49.9615280000000013
21
-70.2290649999999914
0
LINE
8
BLACK
6
CONTINUOUS
10
49.9615280000000013
20
-70.2290649999999914
11
49.9657009999999957
21
-70.2349019999999911
0
LINE
8
BLACK
6
CONTINUOUS
10
49.9657009999999957
20
-70.2349019999999911
11
49.9735060000000004
21
-70.2579810000000009
0
LINE
8
BLACK
6
CONTINUOUS
10
49.9735060000000004
20
-70.2579810000000009
11
49.9828309999999973
21
-70.2804929999999928
0
LINE
8
BLACK
6
CONTINUOUS
10
49.9828309999999973
20
-70.2804929999999928
11
49.9828309999999973
21
-70.2855539999999905
0
LINE
8
BLACK
6
CONTINUOUS
10
49.9828309999999973
20
-70.2855539999999905
11
49.984451
21
-70.2903450000000021
0
LINE
8
BLACK
6
CONTINUOUS
10
49.984451
20
-70.2903450000000021
11
49.9828309999999973
21
-70.3146449999999987
0
LINE
8
BLACK
6
CONTINUOUS
10
49.9828309999999973
20
-70.3146449999999987
11
49.9828309999999973
21
-70.3390210000000025
0
LINE
8
BLACK
6
CONTINUOUS
10
49.9828309999999973
20
-70.3390210000000025
11
49.9808939999999993
21
-70.3436959999999942
0
LINE
8
BLACK
6
CONTINUOUS
10
49.9808939999999993
20
-70.3436959999999942
11
49.9805579999999949
21
-70.3487409999999898
0
LINE
8
BLACK
6
CONTINUOUS
10
49.9805579999999949
20
-70.3487409999999898
11
49.9697589999999963
21
-70.3705759999999998
0
LINE
8
BLACK
6
CONTINUOUS
10
49.9697589999999963
20
-70.3705759999999998
11
49.9604329999999948
21
-70.3930929999999933
0
LINE
8
BLACK
6
CONTINUOUS
10
49.9604329999999948
20
-70.3930929999999933
11
49.9568559999999948
21
-70.3966690000000028
0
LINE
8
BLACK
6
CONTINUOUS
10
49.9568559999999948
20
-70.3966690000000028
11
49.9546139999999994
21
-70.4012039999999928
0
LINE
8
BLACK
6
CONTINUOUS
10
49.9546139999999994
20
-70.4012039999999928
11
49.9362779999999944
21
-70.4172470000000033
0
LINE
8
BLACK
6
CONTINUOUS
10
49.9362779999999944
20
-70.4172470000000033
11
49.9190490000000011
21
-70.4344770000000011
0
LINE
8
BLACK
6
CONTINUOUS
10
49.9190490000000011
20
-70.4344770000000011
11
49.9143739999999951
21
-70.4364130000000017
0
LINE
8
BLACK
6
CONTINUOUS
10
49.9143739999999951
20
-70.4364130000000017
11
49.9105670000000003
21
-70.4397450000000021
0
LINE
8
BLACK
6
CONTINUOUS
10
49.9105670000000003
20
-70.4397450000000021
11
49.8874909999999971
21
-70.4475479999999976
0
LINE
8
BLACK
6
CONTINUOUS
10
49.8874909999999971
20
-70.4475479999999976
11
49.8649769999999961
21
-70.4568749999999966
0
LINE
8
BLACK
6
CONTINUOUS
10
49.8649769999999961
20
-70.4568749999999966
11
49.8578349999999944
21
-70.457577999999998
0
LINE
8
BLACK
6
CONTINUOUS
10
49.8578349999999944
20
-70.457577999999998
11
49.855125000000001
21
-70.4584949999999992
0
LINE
8
BLACK
6
CONTINUOUS
10
49.855125000000001
20
-70.4584949999999992
11
49.8511899999999955
21
-70.4582319999999953
0
LINE
8
BLACK
6
CONTINUOUS
10
49.8511899999999955
20
-70.4582319999999953
11
49.8357129999999984
21
-70.4597569999999962
0
LINE
8
BLACK
6
CONTINUOUS
10
49.8357129999999984
20
-70.4597569999999962
11
49.6568380000000005
21
-70.4597569999999962
0
LINE
8
BLACK
6
CONTINUOUS
10
49.6568380000000005
20
-70.4597569999999962
11
49.5674239999999955
21
-70.5044630000000012
0
LINE
8
BLACK
6
CONTINUOUS
10
49.5674239999999955
20
-70.5044630000000012
11
49.5304199999999994
21
-70.5414669999999973
0
LINE
8
BLACK
6
CONTINUOUS
10
49.5304199999999994
20
-70.5414669999999973
11
49.485712999999997
21
-70.6308810000000022
0
LINE
8
BLACK
6
CONTINUOUS
10
49.485712999999997
20
-70.6308810000000022
11
49.485712999999997
21
-70.9172030000000007
0
LINE
8
BLACK
6
CONTINUOUS
10
49.485712999999997
20
-70.9172030000000007
11
49.5304199999999994
21
-71.0066169999999914
0
LINE
8
BLACK
6
CONTINUOUS
10
49.5304199999999994
20
-71.0066169999999914
11
49.5674239999999955
21
-71.0436210000000017
0
LINE
8
BLACK
6
CONTINUOUS
10
49.5674239999999955
20
-71.0436210000000017
11
49.6568380000000005
21
-71.08832799999999
0
LINE
8
BLACK
6
CONTINUOUS
10
49.6568380000000005
20
-71.08832799999999
11
50.0145890000000009
21
-71.08832799999999
0
LINE
8
BLACK
6
CONTINUOUS
10
50.0145890000000009
20
-71.08832799999999
11
50.1040009999999967
21
-71.0436219999999992
0
LINE
8
BLACK
6
CONTINUOUS
10
50.1040009999999967
20
-71.0436219999999992
11
50.1582189999999954
21
-70.9894049999999908
0
LINE
8
BLACK
6
CONTINUOUS
10
50.1582189999999954
20
-70.9894049999999908
11
50.1809499999999957
21
-70.9707499999999953
0
LINE
8
BLACK
6
CONTINUOUS
10
50.1809499999999957
20
-70.9707499999999953
11
50.2350220000000007
21
-70.9483529999999973
0
LINE
8
BLACK
6
CONTINUOUS
10
50.2350220000000007
20
-70.9483529999999973
11
50.2935480000000013
21
-70.9483529999999973
0
LINE
8
BLACK
6
CONTINUOUS
10
50.2935480000000013
20
-70.9483529999999973
11
50.3476199999999992
21
-70.9707499999999953
0
LINE
8
BLACK
6
CONTINUOUS
10
50.3476199999999992
20
-70.9707499999999953
11
50.3890059999999949
21
-71.0121359999999981
0
LINE
8
BLACK
6
CONTINUOUS
10
50.3890059999999949
20
-71.0121359999999981
11
50.411403
21
-71.0662080000000032
0
LINE
8
BLACK
6
CONTINUOUS
10
50.411403
20
-71.0662080000000032
11
50.411403
21
-71.1247340000000037
0
LINE
8
BLACK
6
CONTINUOUS
10
50.411403
20
-71.1247340000000037
11
50.3890059999999949
21
-71.1788059999999945
0
LINE
8
BLACK
6
CONTINUOUS
10
50.3890059999999949
20
-71.1788059999999945
11
50.3703509999999994
21
-71.2015370000000019
0
LINE
8
BLACK
6
CONTINUOUS
10
50.3703509999999994
20
-71.2015370000000019
11
50.2989219999999975
21
-71.2729659999999967
0
LINE
8
BLACK
6
CONTINUOUS
10
50.2989219999999975
20
-71.2729659999999967
11
50.2874199999999973
21
-71.2824049999999971
0
LINE
8
BLACK
6
CONTINUOUS
10
50.2874199999999973
20
-71.2824049999999971
11
50.2848240000000004
21
-71.2853989999999982
0
LINE
8
BLACK
6
CONTINUOUS
10
50.2848240000000004
20
-71.2853989999999982
11
50.2803100000000001
21
-71.2882389999999901
0
LINE
8
BLACK
6
CONTINUOUS
10
50.2803100000000001
20
-71.2882389999999901
11
50.2761909999999972
21
-71.2916209999999921
0
LINE
8
BLACK
6
CONTINUOUS
10
50.2761909999999972
20
-71.2916209999999921
11
50.2725310000000007
21
-71.2931359999999898
0
LINE
8
BLACK
6
CONTINUOUS
10
50.2725310000000007
20
-71.2931359999999898
11
50.2599379999999982
21
-71.3010639999999967
0
LINE
8
BLACK
6
CONTINUOUS
10
50.2599379999999982
20
-71.3010639999999967
11
50.1170809999999989
21
-71.3724919999999941
0
LINE
8
BLACK
6
CONTINUOUS
10
50.1170809999999989
20
-71.3724919999999941
11
50.0896169999999969
21
-71.3830019999999905
0
LINE
8
BLACK
6
CONTINUOUS
10
50.0896169999999969
20
-71.3830019999999905
11
50.0842409999999987
21
-71.3833829999999949
0
LINE
8
BLACK
6
CONTINUOUS
10
50.0842409999999987
20
-71.3833829999999949
11
50.0792629999999974
21
-71.3854460000000017
0
LINE
8
BLACK
6
CONTINUOUS
10
50.0792629999999974
20
-71.3854460000000017
11
50.0499989999999997
21
-71.3883280000000013
0
LINE
8
BLACK
6
CONTINUOUS
10
50.0499989999999997
20
-71.3883280000000013
11
49.6214279999999945
21
-71.3883280000000013
0
LINE
8
BLACK
6
CONTINUOUS
10
49.6214279999999945
20
-71.3883280000000013
11
49.5921639999999968
21
-71.3854460000000017
0
LINE
8
BLACK
6
CONTINUOUS
10
49.5921639999999968
20
-71.3854460000000017
11
49.5871849999999981
21
-71.3833829999999949
0
LINE
8
BLACK
6
CONTINUOUS
10
49.5871849999999981
20
-71.3833829999999949
11
49.5818099999999973
21
-71.3830019999999905
0
LINE
8
BLACK
6
CONTINUOUS
10
49.5818099999999973
20
-71.3830019999999905
11
49.5543469999999999
21
-71.3724919999999941
0
LINE
8
BLACK
6
CONTINUOUS
10
49.5543469999999999
20
-71.3724919999999941
11
49.411488999999996
21
-71.3010639999999967
0
LINE
8
BLACK
6
CONTINUOUS
10
49.411488999999996
20
-71.3010639999999967
11
49.3988969999999981
21
-71.2931370000000015
0
LINE
8
BLACK
6
CONTINUOUS
10
49.3988969999999981
20
-71.2931370000000015
11
49.395235999999997
21
-71.2916209999999921
0
LINE
8
BLACK
6
CONTINUOUS
10
49.395235999999997
20
-71.2916209999999921
11
49.3911129999999972
21
-71.2882369999999952
0
LINE
8
BLACK
6
CONTINUOUS
10
49.3911129999999972
20
-71.2882369999999952
11
49.3866039999999984
21
-71.2853989999999982
0
LINE
8
BLACK
6
CONTINUOUS
10
49.3866039999999984
20
-71.2853989999999982
11
49.3840089999999989
21
-71.2824069999999921
0
LINE
8
BLACK
6
CONTINUOUS
10
49.3840089999999989
20
-71.2824069999999921
11
49.3725049999999968
21
-71.2729659999999967
0
LINE
8
BLACK
6
CONTINUOUS
10
49.3725049999999968
20
-71.2729659999999967
11
49.3010759999999948
21
-71.2015370000000019
0
LINE
8
BLACK
6
CONTINUOUS
10
49.3010759999999948
20
-71.2015370000000019
11
49.2916359999999969
21
-71.1900349999999946
0
LINE
8
BLACK
6
CONTINUOUS
10
49.2916359999999969
20
-71.1900349999999946
11
49.2886430000000004
21
-71.1874389999999977
0
LINE
8
BLACK
6
CONTINUOUS
10
49.2886430000000004
20
-71.1874389999999977
11
49.2858019999999968
21
-71.1829249999999973
0
LINE
8
BLACK
6
CONTINUOUS
10
49.2858019999999968
20
-71.1829249999999973
11
49.2824209999999994
21
-71.1788059999999945
0
LINE
8
BLACK
6
CONTINUOUS
10
49.2824209999999994
20
-71.1788059999999945
11
49.2809049999999971
21
-71.175145999999998
0
LINE
8
BLACK
6
CONTINUOUS
10
49.2809049999999971
20
-71.175145999999998
11
49.2729779999999948
21
-71.1625530000000026
0
LINE
8
BLACK
6
CONTINUOUS
10
49.2729779999999948
20
-71.1625530000000026
11
49.201549
21
-71.0196959999999962
0
LINE
8
BLACK
6
CONTINUOUS
10
49.201549
20
-71.0196959999999962
11
49.191040000000001
21
-70.9922329999999988
0
LINE
8
BLACK
6
CONTINUOUS
10
49.191040000000001
20
-70.9922329999999988
11
49.1906579999999991
21
-70.986857999999998
0
LINE
8
BLACK
6
CONTINUOUS
10
49.1906579999999991
20
-70.986857999999998
11
49.1885949999999994
21
-70.9818779999999947
0
LINE
8
BLACK
6
CONTINUOUS
10
49.1885949999999994
20
-70.9818779999999947
11
49.1857129999999998
21
-70.952613999999997
0
LINE
8
BLACK
6
CONTINUOUS
10
49.1857129999999998
20
-70.952613999999997
11
49.1857129999999998
21
-70.5954710000000034
0
LINE
8
BLACK
6
CONTINUOUS
10
49.1857129999999998
20
-70.5954710000000034
11
49.1885949999999994
21
-70.5662069999999915
0
LINE
8
BLACK
6
CONTINUOUS
10
49.1885949999999994
20
-70.5662069999999915
11
49.1906579999999991
21
-70.5612259999999907
0
LINE
8
BLACK
6
CONTINUOUS
10
49.1906579999999991
20
-70.5612259999999907
11
49.191040000000001
21
-70.5558520000000016
0
LINE
8
BLACK
6
CONTINUOUS
10
49.191040000000001
20
-70.5558520000000016
11
49.201549
21
-70.52838899999999
0
LINE
8
BLACK
6
CONTINUOUS
10
49.201549
20
-70.52838899999999
11
49.2729779999999948
21
-70.3855319999999978
0
LINE
8
BLACK
6
CONTINUOUS
10
49.2729779999999948
20
-70.3855319999999978
11
49.2809049999999971
21
-70.3729379999999907
0
LINE
8
BLACK
6
CONTINUOUS
10
49.2809049999999971
20
-70.3729379999999907
11
49.2824209999999994
21
-70.3692789999999917
0
LINE
8
BLACK
6
CONTINUOUS
10
49.2824209999999994
20
-70.3692789999999917
11
49.2858019999999968
21
-70.3651589999999914
0
LINE
8
BLACK
6
CONTINUOUS
10
49.2858019999999968
20
-70.3651589999999914
11
49.2886430000000004
21
-70.3606460000000027
0
LINE
8
BLACK
6
CONTINUOUS
10
49.2886430000000004
20
-70.3606460000000027
11
49.2916359999999969
21
-70.3580489999999941
0
LINE
8
BLACK
6
CONTINUOUS
10
49.2916359999999969
20
-70.3580489999999941
11
49.3010759999999948
21
-70.3465479999999985
0
LINE
8
BLACK
6
CONTINUOUS
10
49.3010759999999948
20
-70.3465479999999985
11
49.3725049999999968
21
-70.2751190000000037
0
LINE
8
BLACK
6
CONTINUOUS
10
49.3725049999999968
20
-70.2751190000000037
11
49.3840089999999989
21
-70.2656769999999966
0
LINE
8
BLACK
6
CONTINUOUS
10
49.3840089999999989
20
-70.2656769999999966
11
49.3866039999999984
21
-70.2626860000000022
0
LINE
8
BLACK
6
CONTINUOUS
10
49.3866039999999984
20
-70.2626860000000022
11
49.3911129999999972
21
-70.2598469999999935
0
LINE
8
BLACK
6
CONTINUOUS
10
49.3911129999999972
20
-70.2598469999999935
11
49.395235999999997
21
-70.256463999999994
0
LINE
8
BLACK
6
CONTINUOUS
10
49.395235999999997
20
-70.256463999999994
11
49.3988969999999981
21
-70.2549470000000014
0
LINE
8
BLACK
6
CONTINUOUS
10
49.3988969999999981
20
-70.2549470000000014
11
49.411488999999996
21
-70.2470210000000037
0
LINE
8
BLACK
6
CONTINUOUS
10
49.411488999999996
20
-70.2470210000000037
11
49.529759999999996
21
-70.1878859999999918
0
LINE
8
BLACK
6
CONTINUOUS
10
49.529759999999996
20
-70.1878859999999918
11
49.2228259999999977
21
-69.8371039999999965
0
LINE
8
BLACK
6
CONTINUOUS
10
49.2228259999999977
20
-69.8371039999999965
11
49.2137819999999948
21
-69.8244529999999912
0
LINE
8
BLACK
6
CONTINUOUS
10
49.2137819999999948
20
-69.8244529999999912
11
49.2109929999999949
21
-69.8216639999999984
0
LINE
8
BLACK
6
CONTINUOUS
10
49.2109929999999949
20
-69.8216639999999984
11
49.2098960000000005
21
-69.8190179999999998
0
LINE
8
BLACK
6
CONTINUOUS
10
49.2098960000000005
20
-69.8190179999999998
11
49.205725000000001
21
-69.8131819999999976
0
LINE
8
BLACK
6
CONTINUOUS
10
49.205725000000001
20
-69.8131819999999976
11
49.1979179999999943
21
-69.7900999999999954
0
LINE
8
BLACK
6
CONTINUOUS
10
49.1979179999999943
20
-69.7900999999999954
11
49.1885949999999994
21
-69.7675919999999934
0
LINE
8
BLACK
6
CONTINUOUS
10
49.1885949999999994
20
-69.7675919999999934
11
49.1885949999999994
21
-69.7625319999999931
0
LINE
8
BLACK
6
CONTINUOUS
10
49.1885949999999994
20
-69.7625319999999931
11
49.1869739999999993
21
-69.7577399999999983
0
LINE
8
BLACK
6
CONTINUOUS
10
49.1869739999999993
20
-69.7577399999999983
11
49.1885949999999994
21
-69.7334299999999985
0
LINE
8
BLACK
6
CONTINUOUS
10
49.1885949999999994
20
-69.7334299999999985
11
49.1885949999999994
21
-69.7090639999999979
0
LINE
8
BLACK
6
CONTINUOUS
10
49.1885949999999994
20
-69.7090639999999979
11
49.190531
21
-69.7043879999999945
0
LINE
8
BLACK
6
CONTINUOUS
10
49.190531
20
-69.7043879999999945
11
49.1908679999999947
21
-69.6993439999999964
0
LINE
8
BLACK
6
CONTINUOUS
10
49.1908679999999947
20
-69.6993439999999964
11
49.2016659999999959
21
-69.6775080000000031
0
LINE
8
BLACK
6
CONTINUOUS
10
49.2016659999999959
20
-69.6775080000000031
11
49.2109929999999949
21
-69.6549919999999929
0
LINE
8
BLACK
6
CONTINUOUS
10
49.2109929999999949
20
-69.6549919999999929
11
49.2145689999999973
21
-69.6514150000000001
0
LINE
8
BLACK
6
CONTINUOUS
10
49.2145689999999973
20
-69.6514150000000001
11
49.2168119999999973
21
-69.6468809999999934
0
LINE
8
BLACK
6
CONTINUOUS
10
49.2168119999999973
20
-69.6468809999999934
11
49.2351469999999978
21
-69.6308369999999996
0
LINE
8
BLACK
6
CONTINUOUS
10
49.2351469999999978
20
-69.6308369999999996
11
49.2523769999999956
21
-69.6136079999999993
0
LINE
8
BLACK
6
CONTINUOUS
10
49.2523769999999956
20
-69.6136079999999993
11
49.257050999999997
21
-69.6116710000000012
0
LINE
8
BLACK
6
CONTINUOUS
10
49.257050999999997
20
-69.6116710000000012
11
49.2608589999999964
21
-69.6083399999999983
0
LINE
8
BLACK
6
CONTINUOUS
10
49.2608589999999964
20
-69.6083399999999983
11
49.2839400000000012
21
-69.6005329999999987
0
LINE
8
BLACK
6
CONTINUOUS
10
49.2839400000000012
20
-69.6005329999999987
11
49.3064490000000006
21
-69.5912100000000038
0
LINE
8
BLACK
6
CONTINUOUS
10
49.3064490000000006
20
-69.5912100000000038
11
49.3135860000000008
21
-69.5905070000000023
0
LINE
8
BLACK
6
CONTINUOUS
10
49.3135860000000008
20
-69.5905070000000023
11
49.3163009999999957
21
-69.5895890000000037
0
LINE
8
BLACK
6
CONTINUOUS
10
49.3163009999999957
20
-69.5895890000000037
11
49.3202399999999983
21
-69.5898509999999959
0
LINE
8
BLACK
6
CONTINUOUS
10
49.3202399999999983
20
-69.5898509999999959
11
49.3357129999999984
21
-69.58832799999999
0
LINE
8
BLACK
6
CONTINUOUS
10
49.3357129999999984
20
-69.58832799999999
11
50.264285000000001
21
-69.58832799999999
0
LINE
8
BLACK
6
CONTINUOUS
10
50.264285000000001
20
-69.58832799999999
11
50.2935489999999987
21
-69.5912100000000038
0
LINE
8
BLACK
6
CONTINUOUS
10
51.6506919999999994
20
-69.5912100000000038
11
51.7047639999999973
21
-69.6136079999999993
0
LINE
8
BLACK
6
CONTINUOUS
10
51.7047639999999973
20
-69.6136079999999993
11
51.746147999999998
21
-69.6549919999999929
0
LINE
8
BLACK
6
CONTINUOUS
10
51.746147999999998
20
-69.6549919999999929
11
51.7685460000000006
21
-69.7090639999999979
0
LINE
8
BLACK
6
CONTINUOUS
10
51.7685460000000006
20
-69.7090639999999979
11
51.7714280000000002
21
-69.7383279999999957
0
LINE
8
BLACK
6
CONTINUOUS
10
51.7714280000000002
20
-69.7383279999999957
11
51.7714280000000002
21
-71.2383279999999957
0
LINE
8
BLACK
6
CONTINUOUS
10
51.7714280000000002
20
-71.2383279999999957
11
51.7685460000000006
21
-71.2675919999999934
0
LINE
8
BLACK
6
CONTINUOUS
10
51.7685460000000006
20
-71.2675919999999934
11
51.746147999999998
21
-71.3216639999999984
0
LINE
8
BLACK
6
CONTINUOUS
10
51.746147999999998
20
-71.3216639999999984
11
51.7047639999999973
21
-71.363047999999992
0
LINE
8
BLACK
6
CONTINUOUS
10
51.7047639999999973
20
-71.363047999999992
11
51.6506919999999994
21
-71.3854460000000017
0
LINE
8
BLACK
6
CONTINUOUS
10
51.6506919999999994
20
-71.3854460000000017
11
51.5921639999999968
21
-71.3854460000000017
0
LINE
8
BLACK
6
CONTINUOUS
10
51.5921639999999968
20
-71.3854460000000017
11
51.5380919999999989
21
-71.363047999999992
0
LINE
8
BLACK
6
CONTINUOUS
10
51.5380919999999989
20
-71.363047999999992
11
51.4967079999999982
21
-71.3216639999999984
0
LINE
8
BLACK
6
CONTINUOUS
10
51.4967079999999982
20
-71.3216639999999984
11
51.4743099999999956
21
-71.2675919999999934
0
LINE
8
BLACK
6
CONTINUOUS
10
51.4743099999999956
20
-71.2675919999999934
11
51.471427999999996
21
-71.2383279999999957
0
LINE
8
BLACK
6
CONTINUOUS
10
51.471427999999996
20
-71.2383279999999957
11
51.471427999999996
21
-70.674042
0
LINE
8
BLACK
6
CONTINUOUS
10
51.471427999999996
20
-70.674042
11
51.3423829999999981
21
-70.674042
0
LINE
8
BLACK
6
CONTINUOUS
10
51.3423829999999981
20
-70.674042
11
50.8871699999999976
21
-71.324347000000003
0
LINE
8
BLACK
6
CONTINUOUS
10
50.8871699999999976
20
-71.324347000000003
11
50.8680269999999979
21
-71.3466689999999915
0
LINE
8
BLACK
6
CONTINUOUS
10
50.8680269999999979
20
-71.3466689999999915
11
50.8186699999999973
21
-71.3781219999999905
0
LINE
8
BLACK
6
CONTINUOUS
10
50.8186699999999973
20
-71.3781219999999905
11
50.7610339999999951
21
-71.3882929999999902
0
LINE
8
BLACK
6
CONTINUOUS
10
50.7610339999999951
20
-71.3882929999999902
11
50.7038919999999962
21
-71.3756339999999909
0
LINE
8
BLACK
6
CONTINUOUS
10
50.7038919999999962
20
-71.3756339999999909
11
50.6559439999999981
21
-71.3420699999999925
0
LINE
8
BLACK
6
CONTINUOUS
10
50.6559439999999981
20
-71.3420699999999925
11
50.624490999999999
21
-71.292712999999992
0
LINE
8
BLACK
6
CONTINUOUS
10
50.624490999999999
20
-71.292712999999992
11
50.6143199999999993
21
-71.2350769999999898
0
LINE
8
BLACK
6
CONTINUOUS
10
50.6143199999999993
20
-71.2350769999999898
11
50.6269789999999986
21
-71.1779349999999909
0
LINE
8
BLACK
6
CONTINUOUS
10
50.6269789999999986
20
-71.1779349999999909
11
50.6413999999999973
21
-71.1523090000000025
0
LINE
8
BLACK
6
CONTINUOUS
10
50.6413999999999973
20
-71.1523090000000025
11
50.9863519999999966
21
-70.6595200000000006
0
LINE
8
BLACK
6
CONTINUOUS
10
50.9863519999999966
20
-70.6595200000000006
11
50.982917999999998
21
-70.6582059999999927
0
LINE
8
BLACK
6
CONTINUOUS
10
50.982917999999998
20
-70.6582059999999927
11
50.8400600000000011
21
-70.5867779999999954
0
LINE
8
BLACK
6
CONTINUOUS
10
50.8400600000000011
20
-70.5867779999999954
11
50.8274679999999961
21
-70.5788510000000002
0
LINE
8
BLACK
6
CONTINUOUS
10
50.8274679999999961
20
-70.5788510000000002
11
50.8238069999999951
21
-70.5773349999999908
0
LINE
8
BLACK
6
CONTINUOUS
10
50.8238069999999951
20
-70.5773349999999908
11
50.8196839999999952
21
-70.5739509999999939
0
LINE
8
BLACK
6
CONTINUOUS
10
50.8196839999999952
20
-70.5739509999999939
11
50.8151749999999964
21
-70.5711129999999969
0
LINE
8
BLACK
6
CONTINUOUS
10
50.8151749999999964
20
-70.5711129999999969
11
50.812579999999997
21
-70.5681209999999908
0
LINE
8
BLACK
6
CONTINUOUS
10
50.812579999999997
20
-70.5681209999999908
11
50.8010759999999948
21
-70.5586799999999954
0
LINE
8
BLACK
6
CONTINUOUS
10
50.8010759999999948
20
-70.5586799999999954
11
50.7296469999999999
21
-70.4872510000000005
0
LINE
8
BLACK
6
CONTINUOUS
10
50.7296469999999999
20
-70.4872510000000005
11
50.7202069999999949
21
-70.4757489999999933
0
LINE
8
BLACK
6
CONTINUOUS
10
50.7202069999999949
20
-70.4757489999999933
11
50.7172139999999985
21
-70.4731529999999964
0
LINE
8
BLACK
6
CONTINUOUS
10
50.7172139999999985
20
-70.4731529999999964
11
50.7143729999999948
21
-70.468638999999996
0
LINE
8
BLACK
6
CONTINUOUS
10
50.7143729999999948
20
-70.468638999999996
11
50.7109919999999974
21
-70.4645199999999932
0
LINE
8
BLACK
6
CONTINUOUS
10
50.7109919999999974
20
-70.4645199999999932
11
50.7094759999999951
21
-70.4608599999999967
0
LINE
8
BLACK
6
CONTINUOUS
10
50.7094759999999951
20
-70.4608599999999967
11
50.701549
21
-70.4482670000000013
0
LINE
8
BLACK
6
CONTINUOUS
10
50.701549
20
-70.4482670000000013
11
50.6301209999999955
21
-70.3054099999999949
0
LINE
8
BLACK
6
CONTINUOUS
10
50.6301209999999955
20
-70.3054099999999949
11
50.619610999999999
21
-70.277946
0
LINE
8
BLACK
6
CONTINUOUS
10
50.619610999999999
20
-70.277946
11
50.6192289999999971
21
-70.2725700000000018
0
LINE
8
BLACK
6
CONTINUOUS
10
50.6192289999999971
20
-70.2725700000000018
11
50.6171669999999949
21
-70.2675919999999934
0
LINE
8
BLACK
6
CONTINUOUS
10
50.6171669999999949
20
-70.2675919999999934
11
50.6142849999999953
21
-70.2383279999999957
0
LINE
8
BLACK
6
CONTINUOUS
10
50.6142849999999953
20
-70.2383279999999957
11
50.6142849999999953
21
-70.0240419999999943
0
LINE
8
BLACK
6
CONTINUOUS
10
50.6142849999999953
20
-70.0240419999999943
11
50.6171669999999949
21
-69.9947779999999966
0
LINE
8
BLACK
6
CONTINUOUS
10
50.6171669999999949
20
-69.9947779999999966
11
50.6192289999999971
21
-69.9897989999999908
0
LINE
8
BLACK
6
CONTINUOUS
10
50.6192289999999971
20
-69.9897989999999908
11
50.619610999999999
21
-69.98442399999999
0
LINE
8
BLACK
6
CONTINUOUS
10
50.619610999999999
20
-69.98442399999999
11
50.6301209999999955
21
-69.9569599999999951
0
LINE
8
BLACK
6
CONTINUOUS
10
50.6301209999999955
20
-69.9569599999999951
11
50.701549
21
-69.8141030000000029
0
LINE
8
BLACK
6
CONTINUOUS
10
50.701549
20
-69.8141030000000029
11
50.7094769999999997
21
-69.8015070000000009
0
LINE
8
BLACK
6
CONTINUOUS
10
50.7094769999999997
20
-69.8015070000000009
11
50.7109929999999949
21
-69.7978489999999994
0
LINE
8
BLACK
6
CONTINUOUS
10
50.7109929999999949
20
-69.7978489999999994
11
50.7143719999999973
21
-69.793730999999994
0
LINE
8
BLACK
6
CONTINUOUS
10
50.7143719999999973
20
-69.793730999999994
11
50.7172139999999985
21
-69.7892169999999936
0
LINE
8
BLACK
6
CONTINUOUS
10
50.7172139999999985
20
-69.7892169999999936
11
50.7202079999999995
21
-69.7866199999999992
0
LINE
8
BLACK
6
CONTINUOUS
10
50.7202079999999995
20
-69.7866199999999992
11
50.7296479999999974
21
-69.775117999999992
0
LINE
8
BLACK
6
CONTINUOUS
10
50.7296479999999974
20
-69.775117999999992
11
50.8010769999999994
21
-69.7036899999999946
0
LINE
8
BLACK
6
CONTINUOUS
10
50.8010769999999994
20
-69.7036899999999946
11
50.8125769999999974
21
-69.6942509999999942
0
LINE
8
BLACK
6
CONTINUOUS
10
50.8125769999999974
20
-69.6942509999999942
11
50.815173999999999
21
-69.6912579999999906
0
LINE
8
BLACK
6
CONTINUOUS
10
50.815173999999999
20
-69.6912579999999906
11
50.8196859999999973
21
-69.6884170000000012
0
LINE
8
BLACK
6
CONTINUOUS
10
50.8196859999999973
20
-69.6884170000000012
11
50.8238069999999951
21
-69.6850359999999966
0
LINE
8
BLACK
6
CONTINUOUS
10
50.8238069999999951
20
-69.6850359999999966
11
50.8274660000000011
21
-69.6835200000000015
0
LINE
8
BLACK
6
CONTINUOUS
10
50.8274660000000011
20
-69.6835200000000015
11
50.8400600000000011
21
-69.6755929999999921
0
LINE
8
BLACK
6
CONTINUOUS
10
50.8400600000000011
20
-69.6755929999999921
11
50.9829159999999959
21
-69.6041639999999973
0
LINE
8
BLACK
6
CONTINUOUS
10
50.9829159999999959
20
-69.6041639999999973
11
51.0103799999999978
21
-69.5936549999999983
0
LINE
8
BLACK
6
CONTINUOUS
10
51.0103799999999978
20
-69.5936549999999983
11
51.0157540000000012
21
-69.5932729999999964
0
LINE
8
BLACK
6
CONTINUOUS
10
51.0157540000000012
20
-69.5932729999999964
11
51.0207349999999948
21
-69.5912100000000038
0
LINE
8
BLACK
6
CONTINUOUS
10
51.0207349999999948
20
-69.5912100000000038
11
51.0499989999999997
21
-69.58832799999999
0
LINE
8
BLACK
6
CONTINUOUS
10
51.0499989999999997
20
-69.58832799999999
11
51.6214279999999945
21
-69.58832799999999
0
LINE
8
BLACK
6
CONTINUOUS
10
51.6214279999999945
20
-69.58832799999999
11
51.6506919999999994
21
-69.5912100000000038
0
LINE
8
BLACK
6
CONTINUOUS
10
50.9959950000000006
20
-69.9330350000000038
11
50.95899
21
-69.9700399999999973
0
LINE
8
BLACK
6
CONTINUOUS
10
50.95899
20
-69.9700399999999973
11
50.9142849999999996
21
-70.0594509999999957
0
LINE
8
BLACK
6
CONTINUOUS
10
50.9142849999999996
20
-70.0594509999999957
11
50.9142849999999996
21
-70.2029179999999968
0
LINE
8
BLACK
6
CONTINUOUS
10
50.9142849999999996
20
-70.2029179999999968
11
50.95899
21
-70.2923299999999927
0
LINE
8
BLACK
6
CONTINUOUS
10
50.95899
20
-70.2923299999999927
11
50.9959950000000006
21
-70.3293350000000004
0
LINE
8
BLACK
6
CONTINUOUS
10
50.9959950000000006
20
-70.3293350000000004
11
51.0854089999999985
21
-70.3740420000000029
0
LINE
8
BLACK
6
CONTINUOUS
10
51.0854089999999985
20
-70.3740420000000029
11
51.471427999999996
21
-70.3740420000000029
0
LINE
8
BLACK
6
CONTINUOUS
10
51.471427999999996
20
-70.3740420000000029
11
51.471427999999996
21
-69.8883280000000013
0
LINE
8
BLACK
6
CONTINUOUS
10
51.471427999999996
20
-69.8883280000000013
11
51.0854089999999985
21
-69.8883280000000013
0
LINE
8
BLACK
6
CONTINUOUS
10
51.0854089999999985
20
-69.8883280000000013
11
50.9959950000000006
21
-69.9330350000000038
0
LINE
8
BLACK
6
CONTINUOUS
10
141.8229479999999967
20
-28.6610769999999988
11
141.8229629999999872
21
-28.6610769999999988
0
LINE
8
BLACK
6
CONTINUOUS
10
141.8229629999999872
20
-28.6610769999999988
11
141.9490419999999915
21
-28.6948599999999985
0
LINE
8
BLACK
6
CONTINUOUS
10
141.9490419999999915
20
-28.6948599999999985
11
142.0620810000000063
21
-28.7601230000000001
0
LINE
8
BLACK
6
CONTINUOUS
10
142.0620810000000063
20
-28.7601230000000001
11
142.0620959999999968
21
-28.7601379999999978
0
LINE
8
BLACK
6
CONTINUOUS
10
142.0620959999999968
20
-28.7601379999999978
11
142.1112530000000049
21
-28.8032469999999989
0
LINE
8
BLACK
6
CONTINUOUS
10
142.1112530000000049
20
-28.8032469999999989
11
143.8170529999999872
21
-30.5090459999999979
0
LINE
8
BLACK
6
CONTINUOUS
10
143.8170529999999872
20
-30.5090459999999979
11
143.8601679999999874
21
-30.558209999999999
0
LINE
8
BLACK
6
CONTINUOUS
10
143.8601679999999874
20
-30.558209999999999
11
143.8601769999999931
21
-30.5582189999999976
0
LINE
8
BLACK
6
CONTINUOUS
10
143.8601769999999931
20
-30.5582189999999976
11
143.9179749999999842
21
-30.6583279999999974
0
LINE
8
BLACK
6
CONTINUOUS
10
143.9179749999999842
20
-30.6583279999999974
11
143.9254399999999805
21
-30.6712579999999981
0
LINE
8
BLACK
6
CONTINUOUS
10
143.9254399999999805
20
-30.6712579999999981
11
143.9592229999999802
21
-30.7973369999999989
0
LINE
8
BLACK
6
CONTINUOUS
10
143.9592229999999802
20
-30.7973369999999989
11
143.9592229999999802
21
-30.7973520000000001
0
LINE
8
BLACK
6
CONTINUOUS
10
143.9592229999999802
20
-30.7973520000000001
11
143.963499999999982
21
-30.8625999999999969
0
LINE
8
BLACK
6
CONTINUOUS
10
143.963499999999982
20
-30.8625999999999969
11
143.963499999999982
21
-54.5711999999999975
0
LINE
8
BLACK
6
CONTINUOUS
10
143.963499999999982
20
-54.5711999999999975
11
143.9592229999999802
21
-54.6364469999999969
0
LINE
8
BLACK
6
CONTINUOUS
10
143.9592229999999802
20
-54.6364469999999969
11
143.9592229999999802
21
-54.6364629999999991
0
LINE
8
BLACK
6
CONTINUOUS
10
143.9592229999999802
20
-54.6364629999999991
11
143.9430940000000021
21
-54.6966549999999998
0
LINE
8
BLACK
6
CONTINUOUS
10
143.9430940000000021
20
-54.6966549999999998
11
143.9254399999999805
21
-54.7625419999999963
0
LINE
8
BLACK
6
CONTINUOUS
10
143.9254399999999805
20
-54.7625419999999963
11
143.8601769999999931
21
-54.8755809999999968
0
LINE
8
BLACK
6
CONTINUOUS
10
143.8601769999999931
20
-54.8755809999999968
11
143.8601679999999874
21
-54.875588999999998
0
LINE
8
BLACK
6
CONTINUOUS
10
143.8601679999999874
20
-54.875588999999998
11
143.8170529999999872
21
-54.9247540000000001
0
LINE
8
BLACK
6
CONTINUOUS
10
143.8170529999999872
20
-54.9247540000000001
11
138.4699530000000038
21
-60.2718530000000001
0
LINE
8
BLACK
6
CONTINUOUS
10
138.4699530000000038
20
-60.2718530000000001
11
138.4207959999999957
21
-60.3149609999999967
0
LINE
8
BLACK
6
CONTINUOUS
10
138.4207959999999957
20
-60.3149609999999967
11
138.4207810000000052
21
-60.314976999999999
0
LINE
8
BLACK
6
CONTINUOUS
10
138.4207810000000052
20
-60.314976999999999
11
138.3077419999999904
21
-60.3802400000000006
0
LINE
8
BLACK
6
CONTINUOUS
10
138.3077419999999904
20
-60.3802400000000006
11
138.1816629999999861
21
-60.4140230000000003
0
LINE
8
BLACK
6
CONTINUOUS
10
138.1816629999999861
20
-60.4140230000000003
11
138.1816479999999956
21
-60.4140230000000003
0
LINE
8
BLACK
6
CONTINUOUS
10
138.1816479999999956
20
-60.4140230000000003
11
138.1163999999999987
21
-60.418299999999995
0
LINE
8
BLACK
6
CONTINUOUS
10
138.1163999999999987
20
-60.418299999999995
11
107.5921069999999986
21
-60.418299999999995
0
LINE
8
BLACK
6
CONTINUOUS
10
107.5921069999999986
20
-60.418299999999995
11
99.6944529999999958
21
-68.3159529999999933
0
LINE
8
BLACK
6
CONTINUOUS
10
99.6944529999999958
20
-68.3159529999999933
11
99.6452960000000019
21
-68.359060999999997
0
LINE
8
BLACK
6
CONTINUOUS
10
99.6452960000000019
20
-68.359060999999997
11
99.6452809999999971
21
-68.3590769999999992
0
LINE
8
BLACK
6
CONTINUOUS
10
99.6452809999999971
20
-68.3590769999999992
11
99.5322419999999966
21
-68.4243400000000008
0
LINE
8
BLACK
6
CONTINUOUS
10
99.5322419999999966
20
-68.4243400000000008
11
99.4061629999999923
21
-68.4581230000000005
0
LINE
8
BLACK
6
CONTINUOUS
10
99.4061629999999923
20
-68.4581230000000005
11
99.4061480000000017
21
-68.4581230000000005
0
LINE
8
BLACK
6
CONTINUOUS
10
99.4061480000000017
20
-68.4581230000000005
11
99.3408999999999907
21
-68.4624000000000024
0
LINE
8
BLACK
6
CONTINUOUS
10
99.3408999999999907
20
-68.4624000000000024
11
56.2023999999999972
21
-68.4624000000000024
0
LINE
8
BLACK
6
CONTINUOUS
10
56.2023999999999972
20
-68.4624000000000024
11
56.1371520000000004
21
-68.4581230000000005
0
LINE
8
BLACK
6
CONTINUOUS
10
56.1371520000000004
20
-68.4581230000000005
11
56.1371369999999956
21
-68.4581230000000005
0
LINE
8
BLACK
6
CONTINUOUS
10
56.1371369999999956
20
-68.4581230000000005
11
56.0110579999999985
21
-68.4243400000000008
0
LINE
8
BLACK
6
CONTINUOUS
10
56.0110579999999985
20
-68.4243400000000008
11
55.8980189999999979
21
-68.3590769999999992
0
LINE
8
BLACK
6
CONTINUOUS
10
55.8980189999999979
20
-68.3590769999999992
11
55.8980029999999957
21
-68.359060999999997
0
LINE
8
BLACK
6
CONTINUOUS
10
55.8980029999999957
20
-68.359060999999997
11
55.8488469999999992
21
-68.3159529999999933
0
LINE
8
BLACK
6
CONTINUOUS
10
55.8488469999999992
20
-68.3159529999999933
11
54.1622780000000006
21
-66.6293840000000017
0
LINE
8
BLACK
6
CONTINUOUS
10
54.1622780000000006
20
-66.6293840000000017
11
54.1534139999999979
21
-66.631147999999996
0
LINE
8
BLACK
6
CONTINUOUS
10
54.1534139999999979
20
-66.631147999999996
11
53.9965860000000006
21
-66.631147999999996
0
LINE
8
BLACK
6
CONTINUOUS
10
53.9965860000000006
20
-66.631147999999996
11
53.8427719999999965
21
-66.6005519999999933
0
LINE
8
BLACK
6
CONTINUOUS
10
53.8427719999999965
20
-66.6005519999999933
11
53.6978829999999974
21
-66.5405370000000005
0
LINE
8
BLACK
6
CONTINUOUS
10
53.6978829999999974
20
-66.5405370000000005
11
53.5674849999999978
21
-66.453407999999996
0
LINE
8
BLACK
6
CONTINUOUS
10
53.5674849999999978
20
-66.453407999999996
11
53.4565920000000006
21
-66.3425149999999917
0
LINE
8
BLACK
6
CONTINUOUS
10
53.4565920000000006
20
-66.3425149999999917
11
53.3694629999999961
21
-66.2121169999999921
0
LINE
8
BLACK
6
CONTINUOUS
10
53.3694629999999961
20
-66.2121169999999921
11
53.3094479999999962
21
-66.0672280000000001
0
LINE
8
BLACK
6
CONTINUOUS
10
53.3094479999999962
20
-66.0672280000000001
11
53.2788520000000005
21
-65.9134140000000031
0
LINE
8
BLACK
6
CONTINUOUS
10
53.2788520000000005
20
-65.9134140000000031
11
53.2788520000000005
21
-65.7565859999999986
0
LINE
8
BLACK
6
CONTINUOUS
10
53.2788520000000005
20
-65.7565859999999986
11
53.3094479999999962
21
-65.6027720000000016
0
LINE
8
BLACK
6
CONTINUOUS
10
53.3094479999999962
20
-65.6027720000000016
11
53.3694629999999961
21
-65.4578829999999954
0
LINE
8
BLACK
6
CONTINUOUS
10
53.3694629999999961
20
-65.4578829999999954
11
53.4565920000000006
21
-65.3274849999999958
0
LINE
8
BLACK
6
CONTINUOUS
10
53.4565920000000006
20
-65.3274849999999958
11
53.5674849999999978
21
-65.2165919999999915
0
LINE
8
BLACK
6
CONTINUOUS
10
53.5674849999999978
20
-65.2165919999999915
11
53.6978829999999974
21
-65.1294630000000012
0
LINE
8
BLACK
6
CONTINUOUS
10
53.6978829999999974
20
-65.1294630000000012
11
53.8427719999999965
21
-65.0694479999999942
0
LINE
8
BLACK
6
CONTINUOUS
10
53.8427719999999965
20
-65.0694479999999942
11
53.9965860000000006
21
-65.0388519999999914
0
LINE
8
BLACK
6
CONTINUOUS
10
53.9965860000000006
20
-65.0388519999999914
11
54.1534139999999979
21
-65.0388519999999914
0
LINE
8
BLACK
6
CONTINUOUS
10
54.1534139999999979
20
-65.0388519999999914
11
54.3072279999999949
21
-65.0694479999999942
0
LINE
8
BLACK
6
CONTINUOUS
10
54.3072279999999949
20
-65.0694479999999942
11
54.4521169999999941
21
-65.1294630000000012
0
LINE
8
BLACK
6
CONTINUOUS
10
54.4521169999999941
20
-65.1294630000000012
11
54.5825150000000008
21
-65.2165919999999915
0
LINE
8
BLACK
6
CONTINUOUS
10
54.5825150000000008
20
-65.2165919999999915
11
54.693407999999998
21
-65.3274849999999958
0
LINE
8
BLACK
6
CONTINUOUS
10
54.693407999999998
20
-65.3274849999999958
11
54.7805369999999954
21
-65.4578829999999954
0
LINE
8
BLACK
6
CONTINUOUS
10
54.7805369999999954
20
-65.4578829999999954
11
54.8405519999999953
21
-65.6027720000000016
0
LINE
8
BLACK
6
CONTINUOUS
10
54.8405519999999953
20
-65.6027720000000016
11
54.871147999999998
21
-65.7565859999999986
0
LINE
8
BLACK
6
CONTINUOUS
10
54.871147999999998
20
-65.7565859999999986
11
54.871147999999998
21
-65.9134140000000031
0
LINE
8
BLACK
6
CONTINUOUS
10
54.871147999999998
20
-65.9134140000000031
11
54.8693839999999966
21
-65.9222779999999915
0
LINE
8
BLACK
6
CONTINUOUS
10
54.8693839999999966
20
-65.9222779999999915
11
56.4095060000000004
21
-67.4624000000000024
0
LINE
8
BLACK
6
CONTINUOUS
10
56.4095060000000004
20
-67.4624000000000024
11
99.1337939999999946
21
-67.4624000000000024
0
LINE
8
BLACK
6
CONTINUOUS
10
99.1337939999999946
20
-67.4624000000000024
11
106.8849999999999909
21
-59.7111929999999944
0
LINE
8
BLACK
6
CONTINUOUS
10
106.8849999999999909
20
-59.7111929999999944
11
106.8849999999999909
21
-58.4084289999999982
0
LINE
8
BLACK
6
CONTINUOUS
10
106.8849999999999909
20
-58.4084289999999982
11
106.877484999999993
21
-58.4034079999999989
0
LINE
8
BLACK
6
CONTINUOUS
10
106.877484999999993
20
-58.4034079999999989
11
106.7665919999999886
21
-58.2925149999999945
0
LINE
8
BLACK
6
CONTINUOUS
10
106.7665919999999886
20
-58.2925149999999945
11
106.6794629999999984
21
-58.162116999999995
0
LINE
8
BLACK
6
CONTINUOUS
10
106.6794629999999984
20
-58.162116999999995
11
106.6194479999999913
21
-58.0172279999999958
0
LINE
8
BLACK
6
CONTINUOUS
10
106.6194479999999913
20
-58.0172279999999958
11
106.5888519999999886
21
-57.8634139999999988
0
LINE
8
BLACK
6
CONTINUOUS
10
106.5888519999999886
20
-57.8634139999999988
11
106.5888519999999886
21
-57.7065859999999944
0
LINE
8
BLACK
6
CONTINUOUS
10
106.5888519999999886
20
-57.7065859999999944
11
106.6194479999999913
21
-57.5527719999999974
0
LINE
8
BLACK
6
CONTINUOUS
10
106.6194479999999913
20
-57.5527719999999974
11
106.6794629999999984
21
-57.4078829999999982
0
LINE
8
BLACK
6
CONTINUOUS
10
106.6794629999999984
20
-57.4078829999999982
11
106.7665919999999886
21
-57.2774849999999986
0
LINE
8
BLACK
6
CONTINUOUS
10
106.7665919999999886
20
-57.2774849999999986
11
106.877484999999993
21
-57.1665919999999943
0
LINE
8
BLACK
6
CONTINUOUS
10
106.877484999999993
20
-57.1665919999999943
11
107.0078829999999925
21
-57.079462999999997
0
LINE
8
BLACK
6
CONTINUOUS
10
107.0078829999999925
20
-57.079462999999997
11
107.1527719999999988
21
-57.019447999999997
0
LINE
8
BLACK
6
CONTINUOUS
10
107.1527719999999988
20
-57.019447999999997
11
107.3065859999999958
21
-56.9888519999999943
0
LINE
8
BLACK
6
CONTINUOUS
10
107.3065859999999958
20
-56.9888519999999943
11
107.4634140000000002
21
-56.9888519999999943
0
LINE
8
BLACK
6
CONTINUOUS
10
107.4634140000000002
20
-56.9888519999999943
11
107.6172279999999972
21
-57.019447999999997
0
LINE
8
BLACK
6
CONTINUOUS
10
107.6172279999999972
20
-57.019447999999997
11
107.7621169999999893
21
-57.079462999999997
0
LINE
8
BLACK
6
CONTINUOUS
10
107.7621169999999893
20
-57.079462999999997
11
107.8925149999999888
21
-57.1665919999999943
0
LINE
8
BLACK
6
CONTINUOUS
10
107.8925149999999888
20
-57.1665919999999943
11
108.0034079999999932
21
-57.2774849999999986
0
LINE
8
BLACK
6
CONTINUOUS
10
108.0034079999999932
20
-57.2774849999999986
11
108.0905369999999976
21
-57.4078829999999982
0
LINE
8
BLACK
6
CONTINUOUS
10
108.0905369999999976
20
-57.4078829999999982
11
108.1505519999999905
21
-57.5527719999999974
0
LINE
8
BLACK
6
CONTINUOUS
10
108.1505519999999905
20
-57.5527719999999974
11
108.1811479999999932
21
-57.7065859999999944
0
LINE
8
BLACK
6
CONTINUOUS
10
108.1811479999999932
20
-57.7065859999999944
11
108.1811479999999932
21
-57.8634139999999988
0
LINE
8
BLACK
6
CONTINUOUS
10
108.1811479999999932
20
-57.8634139999999988
11
108.1505519999999905
21
-58.0172279999999958
0
LINE
8
BLACK
6
CONTINUOUS
10
108.1505519999999905
20
-58.0172279999999958
11
108.0905369999999976
21
-58.162116999999995
0
LINE
8
BLACK
6
CONTINUOUS
10
108.0905369999999976
20
-58.162116999999995
11
108.0034079999999932
21
-58.2925149999999945
0
LINE
8
BLACK
6
CONTINUOUS
10
108.0034079999999932
20
-58.2925149999999945
11
107.8925149999999888
21
-58.4034079999999989
0
LINE
8
BLACK
6
CONTINUOUS
10
107.8925149999999888
20
-58.4034079999999989
11
107.8849999999999909
21
-58.4084289999999982
0
LINE
8
BLACK
6
CONTINUOUS
10
107.8849999999999909
20
-58.4084289999999982
11
107.8849999999999909
21
-59.418299999999995
0
LINE
8
BLACK
6
CONTINUOUS
10
107.8849999999999909
20
-59.418299999999995
11
137.9092939999999885
21
-59.418299999999995
0
LINE
8
BLACK
6
CONTINUOUS
10
137.9092939999999885
20
-59.418299999999995
11
142.963499999999982
21
-54.3640929999999969
0
LINE
8
BLACK
6
CONTINUOUS
10
142.963499999999982
20
-54.3640929999999969
11
142.963499999999982
21
-31.069706
0
LINE
8
BLACK
6
CONTINUOUS
10
142.963499999999982
20
-31.069706
11
141.5505939999999896
21
-29.6567999999999969
0
LINE
8
BLACK
6
CONTINUOUS
10
141.5505939999999896
20
-29.6567999999999969
11
108.1139069999999975
21
-29.6567999999999969
0
LINE
8
BLACK
6
CONTINUOUS
10
108.1139069999999975
20
-29.6567999999999969
11
93.6136529999999993
21
-44.1570529999999977
0
LINE
8
BLACK
6
CONTINUOUS
10
93.6136529999999993
20
-44.1570529999999977
11
93.5644959999999912
21
-44.2001610000000014
0
LINE
8
BLACK
6
CONTINUOUS
10
93.5644959999999912
20
-44.2001610000000014
11
93.5644810000000007
21
-44.2001769999999965
0
LINE
8
BLACK
6
CONTINUOUS
10
93.5644810000000007
20
-44.2001769999999965
11
93.4537579999999934
21
-44.2641029999999986
0
LINE
8
BLACK
6
CONTINUOUS
10
93.4537579999999934
20
-44.2641029999999986
11
93.4514420000000001
21
-44.2654399999999981
0
LINE
8
BLACK
6
CONTINUOUS
10
93.4514420000000001
20
-44.2654399999999981
11
93.3253629999999958
21
-44.2992229999999978
0
LINE
8
BLACK
6
CONTINUOUS
10
93.3253629999999958
20
-44.2992229999999978
11
93.3253479999999911
21
-44.2992229999999978
0
LINE
8
BLACK
6
CONTINUOUS
10
93.3253479999999911
20
-44.2992229999999978
11
93.2600999999999942
21
-44.3034999999999997
0
LINE
8
BLACK
6
CONTINUOUS
10
93.2600999999999942
20
-44.3034999999999997
11
71.7959000000000032
21
-44.3034999999999997
0
LINE
8
BLACK
6
CONTINUOUS
10
71.7959000000000032
20
-44.3034999999999997
11
71.7306519999999921
21
-44.2992229999999978
0
LINE
8
BLACK
6
CONTINUOUS
10
71.7306519999999921
20
-44.2992229999999978
11
71.7306370000000015
21
-44.2992229999999978
0
LINE
8
BLACK
6
CONTINUOUS
10
71.7306370000000015
20
-44.2992229999999978
11
71.6045579999999973
21
-44.2654399999999981
0
LINE
8
BLACK
6
CONTINUOUS
10
71.6045579999999973
20
-44.2654399999999981
11
71.6022419999999897
21
-44.2641029999999986
0
LINE
8
BLACK
6
CONTINUOUS
10
71.6022419999999897
20
-44.2641029999999986
11
71.4915189999999967
21
-44.2001769999999965
0
LINE
8
BLACK
6
CONTINUOUS
10
71.4915189999999967
20
-44.2001769999999965
11
71.4915029999999945
21
-44.2001610000000014
0
LINE
8
BLACK
6
CONTINUOUS
10
71.4915029999999945
20
-44.2001610000000014
11
71.442346999999998
21
-44.1570529999999977
0
LINE
8
BLACK
6
CONTINUOUS
10
71.442346999999998
20
-44.1570529999999977
11
70.189746999999997
21
-42.9044529999999966
0
LINE
8
BLACK
6
CONTINUOUS
10
70.189746999999997
20
-42.9044529999999966
11
70.1466379999999958
21
-42.8552959999999956
0
LINE
8
BLACK
6
CONTINUOUS
10
70.1466379999999958
20
-42.8552959999999956
11
70.1466229999999911
21
-42.855280999999998
0
LINE
8
BLACK
6
CONTINUOUS
10
70.1466229999999911
20
-42.855280999999998
11
70.0813600000000037
21
-42.7422419999999974
0
LINE
8
BLACK
6
CONTINUOUS
10
70.0813600000000037
20
-42.7422419999999974
11
70.0717049999999944
21
-42.7062099999999987
0
LINE
8
BLACK
6
CONTINUOUS
10
70.0717049999999944
20
-42.7062099999999987
11
70.0475769999999898
21
-42.6161630000000002
0
LINE
8
BLACK
6
CONTINUOUS
10
70.0475769999999898
20
-42.6161630000000002
11
70.0475769999999898
21
-42.616146999999998
0
LINE
8
BLACK
6
CONTINUOUS
10
70.0475769999999898
20
-42.616146999999998
11
70.0433000000000021
21
-42.5508999999999986
0
LINE
8
BLACK
6
CONTINUOUS
10
70.0433000000000021
20
-42.5508999999999986
11
70.0433000000000021
21
-36.5850000000000009
0
LINE
8
BLACK
6
CONTINUOUS
10
70.0433000000000021
20
-36.5850000000000009
11
70.0475780000000015
21
-36.5197369999999992
0
LINE
8
BLACK
6
CONTINUOUS
10
70.0475780000000015
20
-36.5197369999999992
11
70.0813600000000037
21
-36.393657999999995
0
LINE
8
BLACK
6
CONTINUOUS
10
70.0813600000000037
20
-36.393657999999995
11
70.1466229999999911
21
-36.2806190000000015
0
LINE
8
BLACK
6
CONTINUOUS
10
70.1466229999999911
20
-36.2806190000000015
11
70.2389189999999957
21
-36.1883229999999969
0
LINE
8
BLACK
6
CONTINUOUS
10
70.2389189999999957
20
-36.1883229999999969
11
70.3519579999999962
21
-36.1230599999999953
0
LINE
8
BLACK
6
CONTINUOUS
10
70.3519579999999962
20
-36.1230599999999953
11
70.4780370000000005
21
-36.0892780000000002
0
LINE
8
BLACK
6
CONTINUOUS
10
70.4780370000000005
20
-36.0892780000000002
11
70.5433000000000021
21
-36.0850000000000009
0
LINE
8
BLACK
6
CONTINUOUS
10
70.5433000000000021
20
-36.0850000000000009
11
72.0215709999999945
21
-36.0850000000000009
0
LINE
8
BLACK
6
CONTINUOUS
10
72.0215709999999945
20
-36.0850000000000009
11
72.0265919999999937
21
-36.0774849999999958
0
LINE
8
BLACK
6
CONTINUOUS
10
72.0265919999999937
20
-36.0774849999999958
11
72.1374849999999981
21
-35.9665919999999986
0
LINE
8
BLACK
6
CONTINUOUS
10
72.1374849999999981
20
-35.9665919999999986
11
72.2678829999999977
21
-35.8794630000000012
0
LINE
8
BLACK
6
CONTINUOUS
10
72.2678829999999977
20
-35.8794630000000012
11
72.4127719999999897
21
-35.8194480000000013
0
LINE
8
BLACK
6
CONTINUOUS
10
72.4127719999999897
20
-35.8194480000000013
11
72.5665860000000009
21
-35.7888519999999986
0
LINE
8
BLACK
6
CONTINUOUS
10
72.5665860000000009
20
-35.7888519999999986
11
72.644999999999996
21
-35.7849999999999966
0
LINE
8
BLACK
6
CONTINUOUS
10
72.644999999999996
20
-35.7849999999999966
11
73.4449999999999932
21
-35.7849999999999966
0
LINE
8
BLACK
6
CONTINUOUS
10
73.4449999999999932
20
-35.7849999999999966
11
73.5234140000000025
21
-35.7888519999999986
0
LINE
8
BLACK
6
CONTINUOUS
10
73.5234140000000025
20
-35.7888519999999986
11
73.6772279999999995
21
-35.8194480000000013
0
LINE
8
BLACK
6
CONTINUOUS
10
73.6772279999999995
20
-35.8194480000000013
11
73.8221169999999915
21
-35.8794630000000012
0
LINE
8
BLACK
6
CONTINUOUS
10
73.8221169999999915
20
-35.8794630000000012
11
73.9525149999999911
21
-35.9665919999999986
0
LINE
8
BLACK
6
CONTINUOUS
10
73.9525149999999911
20
-35.9665919999999986
11
74.0634079999999955
21
-36.0774849999999958
0
LINE
8
BLACK
6
CONTINUOUS
10
74.0634079999999955
20
-36.0774849999999958
11
74.1505369999999999
21
-36.2078829999999954
0
LINE
8
BLACK
6
CONTINUOUS
10
74.1505369999999999
20
-36.2078829999999954
11
74.2105519999999927
21
-36.3527720000000016
0
LINE
8
BLACK
6
CONTINUOUS
10
74.2105519999999927
20
-36.3527720000000016
11
74.2411479999999955
21
-36.5065859999999986
0
LINE
8
BLACK
6
CONTINUOUS
10
74.2411479999999955
20
-36.5065859999999986
11
74.2411479999999955
21
-36.663413999999996
0
LINE
8
BLACK
6
CONTINUOUS
10
74.2411479999999955
20
-36.663413999999996
11
74.2105519999999927
21
-36.8172280000000001
0
LINE
8
BLACK
6
CONTINUOUS
10
74.2105519999999927
20
-36.8172280000000001
11
74.1505369999999999
21
-36.9621169999999992
0
LINE
8
BLACK
6
CONTINUOUS
10
74.1505369999999999
20
-36.9621169999999992
11
74.0634079999999955
21
-37.0925149999999988
0
LINE
8
BLACK
6
CONTINUOUS
10
74.0634079999999955
20
-37.0925149999999988
11
73.9525149999999911
21
-37.203407999999996
0
LINE
8
BLACK
6
CONTINUOUS
10
73.9525149999999911
20
-37.203407999999996
11
73.8221169999999915
21
-37.2905370000000005
0
LINE
8
BLACK
6
CONTINUOUS
10
73.8221169999999915
20
-37.2905370000000005
11
73.6772279999999995
21
-37.3505520000000004
0
LINE
8
BLACK
6
CONTINUOUS
10
73.6772279999999995
20
-37.3505520000000004
11
73.5234140000000025
21
-37.381147999999996
0
LINE
8
BLACK
6
CONTINUOUS
10
73.5234140000000025
20
-37.381147999999996
11
73.4449999999999932
21
-37.384999999999998
0
LINE
8
BLACK
6
CONTINUOUS
10
73.4449999999999932
20
-37.384999999999998
11
72.644999999999996
21
-37.384999999999998
0
LINE
8
BLACK
6
CONTINUOUS
10
72.644999999999996
20
-37.384999999999998
11
72.5665860000000009
21
-37.381147999999996
0
LINE
8
BLACK
6
CONTINUOUS
10
72.5665860000000009
20
-37.381147999999996
11
72.4127719999999897
21
-37.3505520000000004
0
LINE
8
BLACK
6
CONTINUOUS
10
72.4127719999999897
20
-37.3505520000000004
11
72.2678829999999977
21
-37.2905370000000005
0
LINE
8
BLACK
6
CONTINUOUS
10
72.2678829999999977
20
-37.2905370000000005
11
72.1374849999999981
21
-37.203407999999996
0
LINE
8
BLACK
6
CONTINUOUS
10
72.1374849999999981
20
-37.203407999999996
11
72.0265919999999937
21
-37.0925149999999988
0
LINE
8
BLACK
6
CONTINUOUS
10
72.0265919999999937
20
-37.0925149999999988
11
72.0215709999999945
21
-37.0850000000000009
0
LINE
8
BLACK
6
CONTINUOUS
10
72.0215709999999945
20
-37.0850000000000009
11
71.0433000000000021
21
-37.0850000000000009
0
LINE
8
BLACK
6
CONTINUOUS
10
71.0433000000000021
20
-37.0850000000000009
11
71.0433000000000021
21
-42.3437939999999955
0
LINE
8
BLACK
6
CONTINUOUS
10
71.0433000000000021
20
-42.3437939999999955
11
72.0030059999999992
21
-43.3034999999999997
0
LINE
8
BLACK
6
CONTINUOUS
10
72.0030059999999992
20
-43.3034999999999997
11
93.0529939999999982
21
-43.3034999999999997
0
LINE
8
BLACK
6
CONTINUOUS
10
93.0529939999999982
20
-43.3034999999999997
11
107.5532469999999989
21
-28.8032459999999979
0
LINE
8
BLACK
6
CONTINUOUS
10
107.5532469999999989
20
-28.8032459999999979
11
107.6024029999999954
21
-28.7601379999999978
0
LINE
8
BLACK
6
CONTINUOUS
10
107.6024029999999954
20
-28.7601379999999978
11
107.6024189999999976
21
-28.7601230000000001
0
LINE
8
BLACK
6
CONTINUOUS
10
107.6024189999999976
20
-28.7601230000000001
11
107.7154579999999982
21
-28.6948599999999985
0
LINE
8
BLACK
6
CONTINUOUS
10
107.7154579999999982
20
-28.6948599999999985
11
107.8415369999999882
21
-28.6610769999999988
0
LINE
8
BLACK
6
CONTINUOUS
10
107.8415369999999882
20
-28.6610769999999988
11
107.841551999999993
21
-28.6610769999999988
0
LINE
8
BLACK
6
CONTINUOUS
10
107.841551999999993
20
-28.6610769999999988
11
107.9067999999999898
21
-28.6567999999999969
0
LINE
8
BLACK
6
CONTINUOUS
10
107.9067999999999898
20
-28.6567999999999969
11
141.7576999999999998
21
-28.6567999999999969
0
LINE
8
BLACK
6
CONTINUOUS
10
141.7576999999999998
20
-28.6567999999999969
11
141.8229479999999967
21
-28.6610769999999988
0
LINE
8
BLACK
6
CONTINUOUS
10
136.7640940000000001
20
-55.6101849999999942
11
136.8098489999999856
21
-55.6629889999999961
0
LINE
8
BLACK
6
CONTINUOUS
10
136.8098489999999856
20
-55.6629889999999961
11
136.8197930000000042
21
-55.7321469999999977
0
LINE
8
BLACK
6
CONTINUOUS
10
136.8197930000000042
20
-55.7321469999999977
11
136.7973729999999932
21
-55.7873850000000004
0
LINE
8
BLACK
6
CONTINUOUS
10
136.7973729999999932
20
-55.7873850000000004
11
136.6683679999999868
21
-55.9649450000000002
0
LINE
8
BLACK
6
CONTINUOUS
10
136.6683679999999868
20
-55.9649450000000002
11
136.5504219999999975
21
-56.1964249999999979
0
LINE
8
BLACK
6
CONTINUOUS
10
136.5504219999999975
20
-56.1964249999999979
11
136.550421
21
-56.1964269999999999
0
LINE
8
BLACK
6
CONTINUOUS
10
136.550421
20
-56.1964269999999999
11
136.550421
21
-56.1964279999999974
0
LINE
8
BLACK
6
CONTINUOUS
10
136.550421
20
-56.1964279999999974
11
136.4846589999999935
21
-56.398818999999996
0
LINE
8
BLACK
6
CONTINUOUS
10
136.4846589999999935
20
-56.398818999999996
11
136.4452239999999961
21
-56.4564929999999947
0
LINE
8
BLACK
6
CONTINUOUS
10
136.4452239999999961
20
-56.4564929999999947
11
136.380865
21
-56.4836919999999978
0
LINE
8
BLACK
6
CONTINUOUS
10
136.380865
20
-56.4836919999999978
11
136.3667299999999898
21
-56.484499999999997
0
LINE
8
BLACK
6
CONTINUOUS
10
136.3667299999999898
20
-56.484499999999997
11
115.9782379999999904
21
-56.484499999999997
0
LINE
8
BLACK
6
CONTINUOUS
10
115.9782379999999904
20
-56.484499999999997
11
115.9111989999999963
21
-56.4648149999999944
0
LINE
8
BLACK
6
CONTINUOUS
10
115.9111989999999963
20
-56.4648149999999944
11
115.9053619999999967
21
-56.4608239999999952
0
LINE
8
BLACK
6
CONTINUOUS
10
115.9053619999999967
20
-56.4608239999999952
11
115.8438450000000017
21
-56.4161299999999954
0
LINE
8
BLACK
6
CONTINUOUS
10
115.8438450000000017
20
-56.4161299999999954
11
115.6193829999999991
21
-56.3017599999999945
0
LINE
8
BLACK
6
CONTINUOUS
10
115.6193829999999991
20
-56.3017599999999945
11
115.3797849999999983
21
-56.2239099999999965
0
LINE
8
BLACK
6
CONTINUOUS
10
115.3797849999999983
20
-56.2239099999999965
11
115.3797789999999992
21
-56.223908999999999
0
LINE
8
BLACK
6
CONTINUOUS
10
115.3797789999999992
20
-56.223908999999999
11
115.1309619999999967
21
-56.1844999999999999
0
LINE
8
BLACK
6
CONTINUOUS
10
115.1309619999999967
20
-56.1844999999999999
11
114.8790379999999942
21
-56.1844999999999999
0
LINE
8
BLACK
6
CONTINUOUS
10
114.8790379999999942
20
-56.1844999999999999
11
114.7546260000000018
21
-56.2042049999999946
0
LINE
8
BLACK
6
CONTINUOUS
10
114.7546260000000018
20
-56.2042049999999946
11
114.6302139999999952
21
-56.2239099999999965
0
LINE
8
BLACK
6
CONTINUOUS
10
114.6302139999999952
20
-56.2239099999999965
11
114.3906159999999943
21
-56.3017599999999945
0
LINE
8
BLACK
6
CONTINUOUS
10
114.3906159999999943
20
-56.3017599999999945
11
114.1661509999999993
21
-56.4161319999999975
0
LINE
8
BLACK
6
CONTINUOUS
10
114.1661509999999993
20
-56.4161319999999975
11
113.9623500000000007
21
-56.5642009999999971
0
LINE
8
BLACK
6
CONTINUOUS
10
113.9623500000000007
20
-56.5642009999999971
11
113.9623449999999991
21
-56.5642049999999941
0
LINE
8
BLACK
6
CONTINUOUS
10
113.9623449999999991
20
-56.5642049999999941
11
113.784205
21
-56.7423450000000003
0
LINE
8
BLACK
6
CONTINUOUS
10
113.784205
20
-56.7423450000000003
11
113.7842009999999959
21
-56.7423499999999947
0
LINE
8
BLACK
6
CONTINUOUS
10
113.7842009999999959
20
-56.7423499999999947
11
113.6361319999999893
21
-56.9461510000000004
0
LINE
8
BLACK
6
CONTINUOUS
10
113.6361319999999893
20
-56.9461510000000004
11
113.5217600000000004
21
-57.1706159999999954
0
LINE
8
BLACK
6
CONTINUOUS
10
113.5217600000000004
20
-57.1706159999999954
11
113.4439099999999883
21
-57.4102139999999963
0
LINE
8
BLACK
6
CONTINUOUS
10
113.4439099999999883
20
-57.4102139999999963
11
113.4044999999999987
21
-57.6590379999999953
0
LINE
8
BLACK
6
CONTINUOUS
10
113.4044999999999987
20
-57.6590379999999953
11
113.4044999999999987
21
-57.9109610000000004
0
LINE
8
BLACK
6
CONTINUOUS
10
113.4044999999999987
20
-57.9109610000000004
11
113.4439099999999883
21
-58.1597849999999994
0
LINE
8
BLACK
6
CONTINUOUS
10
113.4439099999999883
20
-58.1597849999999994
11
113.5217600000000004
21
-58.3993830000000003
0
LINE
8
BLACK
6
CONTINUOUS
10
113.5217600000000004
20
-58.3993830000000003
11
113.5411849999999987
21
-58.4375049999999945
0
LINE
8
BLACK
6
CONTINUOUS
10
113.5411849999999987
20
-58.4375049999999945
11
113.5540809999999965
21
-58.5061739999999944
0
LINE
8
BLACK
6
CONTINUOUS
10
113.5540809999999965
20
-58.5061739999999944
11
113.5278050000000007
21
-58.5709149999999994
0
LINE
8
BLACK
6
CONTINUOUS
10
113.5278050000000007
20
-58.5709149999999994
11
113.4706979999999987
21
-58.6111719999999963
0
LINE
8
BLACK
6
CONTINUOUS
10
113.4706979999999987
20
-58.6111719999999963
11
113.4307000000000016
21
-58.6177999999999955
0
LINE
8
BLACK
6
CONTINUOUS
10
113.4307000000000016
20
-58.6177999999999955
11
108.9592999999999989
21
-58.6177999999999955
0
LINE
8
BLACK
6
CONTINUOUS
10
108.9592999999999989
20
-58.6177999999999955
11
108.8922609999999906
21
-58.598115
0
LINE
8
BLACK
6
CONTINUOUS
10
108.8922609999999906
20
-58.598115
11
108.8465059999999909
21
-58.5453109999999981
0
LINE
8
BLACK
6
CONTINUOUS
10
108.8465059999999909
20
-58.5453109999999981
11
108.8365620000000007
21
-58.4761529999999965
0
LINE
8
BLACK
6
CONTINUOUS
10
108.8365620000000007
20
-58.4761529999999965
11
108.8488150000000019
21
-58.4375049999999945
0
LINE
8
BLACK
6
CONTINUOUS
10
108.8488150000000019
20
-58.4375049999999945
11
108.8682389999999884
21
-58.3993830000000003
0
LINE
8
BLACK
6
CONTINUOUS
10
108.8682389999999884
20
-58.3993830000000003
11
108.8682389999999884
21
-58.3993819999999957
0
LINE
8
BLACK
6
CONTINUOUS
10
108.8682389999999884
20
-58.3993819999999957
11
108.8682409999999976
21
-58.3993789999999962
0
LINE
8
BLACK
6
CONTINUOUS
10
108.8682409999999976
20
-58.3993789999999962
11
108.9460899999999981
21
-58.1597849999999994
0
LINE
8
BLACK
6
CONTINUOUS
10
108.9460899999999981
20
-58.1597849999999994
11
108.9855000000000018
21
-57.9109619999999978
0
LINE
8
BLACK
6
CONTINUOUS
10
108.9855000000000018
20
-57.9109619999999978
11
108.9855000000000018
21
-57.6590379999999953
0
LINE
8
BLACK
6
CONTINUOUS
10
108.9855000000000018
20
-57.6590379999999953
11
108.9460899999999981
21
-57.4102150000000009
0
LINE
8
BLACK
6
CONTINUOUS
10
108.9460899999999981
20
-57.4102150000000009
11
108.8682409999999976
21
-57.170620999999997
0
LINE
8
BLACK
6
CONTINUOUS
10
108.8682409999999976
20
-57.170620999999997
11
108.8682389999999884
21
-57.1706179999999975
0
LINE
8
BLACK
6
CONTINUOUS
10
108.8682389999999884
20
-57.1706179999999975
11
108.8682389999999884
21
-57.1706159999999954
0
LINE
8
BLACK
6
CONTINUOUS
10
108.8682389999999884
20
-57.1706159999999954
11
108.784167999999994
21
-57.0056189999999958
0
LINE
8
BLACK
6
CONTINUOUS
10
108.784167999999994
20
-57.0056189999999958
11
108.753869999999992
21
-56.9461549999999974
0
LINE
8
BLACK
6
CONTINUOUS
10
108.753869999999992
20
-56.9461549999999974
11
108.7349519999999927
21
-56.9201169999999976
0
LINE
8
BLACK
6
CONTINUOUS
10
108.7349519999999927
20
-56.9201169999999976
11
108.605797999999993
21
-56.7423499999999947
0
LINE
8
BLACK
6
CONTINUOUS
10
108.605797999999993
20
-56.7423499999999947
11
108.6057939999999888
21
-56.7423450000000003
0
LINE
8
BLACK
6
CONTINUOUS
10
108.6057939999999888
20
-56.7423450000000003
11
108.4276539999999898
21
-56.5642049999999941
0
LINE
8
BLACK
6
CONTINUOUS
10
108.4276539999999898
20
-56.5642049999999941
11
108.4276489999999882
21
-56.5642009999999971
0
LINE
8
BLACK
6
CONTINUOUS
10
108.4276489999999882
20
-56.5642009999999971
11
108.2238479999999896
21
-56.4161319999999975
0
LINE
8
BLACK
6
CONTINUOUS
10
108.2238479999999896
20
-56.4161319999999975
11
108.2238469999999921
21
-56.416131
0
LINE
8
BLACK
6
CONTINUOUS
10
108.2238469999999921
20
-56.416131
11
108.2238449999999972
21
-56.4161299999999954
0
LINE
8
BLACK
6
CONTINUOUS
10
108.2238449999999972
20
-56.4161299999999954
11
108.1447539999999918
21
-56.375830999999998
0
LINE
8
BLACK
6
CONTINUOUS
10
108.1447539999999918
20
-56.375830999999998
11
107.9993829999999946
21
-56.3017599999999945
0
LINE
8
BLACK
6
CONTINUOUS
10
107.9993829999999946
20
-56.3017599999999945
11
107.7597849999999937
21
-56.2239099999999965
0
LINE
8
BLACK
6
CONTINUOUS
10
107.7597849999999937
20
-56.2239099999999965
11
107.7597789999999947
21
-56.223908999999999
0
LINE
8
BLACK
6
CONTINUOUS
10
107.7597789999999947
20
-56.223908999999999
11
107.5109619999999921
21
-56.1844999999999999
0
LINE
8
BLACK
6
CONTINUOUS
10
107.5109619999999921
20
-56.1844999999999999
11
107.2590379999999897
21
-56.1844999999999999
0
LINE
8
BLACK
6
CONTINUOUS
10
107.2590379999999897
20
-56.1844999999999999
11
107.1346259999999972
21
-56.2042049999999946
0
LINE
8
BLACK
6
CONTINUOUS
10
107.1346259999999972
20
-56.2042049999999946
11
107.0102139999999906
21
-56.2239099999999965
0
LINE
8
BLACK
6
CONTINUOUS
10
107.0102139999999906
20
-56.2239099999999965
11
106.7706159999999898
21
-56.3017599999999945
0
LINE
8
BLACK
6
CONTINUOUS
10
106.7706159999999898
20
-56.3017599999999945
11
106.5461509999999947
21
-56.4161319999999975
0
LINE
8
BLACK
6
CONTINUOUS
10
106.5461509999999947
20
-56.4161319999999975
11
106.3423499999999962
21
-56.5642009999999971
0
LINE
8
BLACK
6
CONTINUOUS
10
106.3423499999999962
20
-56.5642009999999971
11
106.3423449999999946
21
-56.5642049999999941
0
LINE
8
BLACK
6
CONTINUOUS
10
106.3423449999999946
20
-56.5642049999999941
11
106.1642049999999955
21
-56.7423450000000003
0
LINE
8
BLACK
6
CONTINUOUS
10
106.1642049999999955
20
-56.7423450000000003
11
106.1642009999999914
21
-56.7423499999999947
0
LINE
8
BLACK
6
CONTINUOUS
10
106.1642009999999914
20
-56.7423499999999947
11
106.0161319999999989
21
-56.9461510000000004
0
LINE
8
BLACK
6
CONTINUOUS
10
106.0161319999999989
20
-56.9461510000000004
11
105.9017599999999959
21
-57.1706159999999954
0
LINE
8
BLACK
6
CONTINUOUS
10
105.9017599999999959
20
-57.1706159999999954
11
105.8239099999999979
21
-57.4102139999999963
0
LINE
8
BLACK
6
CONTINUOUS
10
105.8239099999999979
20
-57.4102139999999963
11
105.7844999999999942
21
-57.6590379999999953
0
LINE
8
BLACK
6
CONTINUOUS
10
105.7844999999999942
20
-57.6590379999999953
11
105.7844999999999942
21
-57.9109610000000004
0
LINE
8
BLACK
6
CONTINUOUS
10
105.7844999999999942
20
-57.9109610000000004
11
105.8239099999999979
21
-58.1597849999999994
0
LINE
8
BLACK
6
CONTINUOUS
10
105.8239099999999979
20
-58.1597849999999994
11
105.9017599999999959
21
-58.3993830000000003
0
LINE
8
BLACK
6
CONTINUOUS
10
105.9017599999999959
20
-58.3993830000000003
11
106.0161299999999898
21
-58.6238460000000003
0
LINE
8
BLACK
6
CONTINUOUS
10
106.0161299999999898
20
-58.6238460000000003
11
106.0361929999999973
21
-58.6514589999999956
0
LINE
8
BLACK
6
CONTINUOUS
10
106.0361929999999973
20
-58.6514589999999956
11
106.0608170000000001
21
-58.6853519999999946
0
LINE
8
BLACK
6
CONTINUOUS
10
106.0608170000000001
20
-58.6853519999999946
11
106.0842979999999898
21
-58.7511559999999946
0
LINE
8
BLACK
6
CONTINUOUS
10
106.0842979999999898
20
-58.7511559999999946
11
106.0844999999999914
21
-58.7582369999999941
0
LINE
8
BLACK
6
CONTINUOUS
10
106.0844999999999914
20
-58.7582369999999941
11
106.0844999999999914
21
-59.3282529999999966
0
LINE
8
BLACK
6
CONTINUOUS
10
106.0844999999999914
20
-59.3282529999999966
11
106.0648149999999958
21
-59.3952919999999978
0
LINE
8
BLACK
6
CONTINUOUS
10
106.0648149999999958
20
-59.3952919999999978
11
106.0481809999999996
21
-59.415934
0
LINE
8
BLACK
6
CONTINUOUS
10
106.0481809999999996
20
-59.415934
11
98.8385339999999957
21
-66.6255809999999968
0
LINE
8
BLACK
6
CONTINUOUS
10
98.8385339999999957
20
-66.6255809999999968
11
98.7772109999999941
21
-66.6590659999999957
0
LINE
8
BLACK
6
CONTINUOUS
10
98.7772109999999941
20
-66.6590659999999957
11
98.7508529999999922
21
-66.6619000000000028
0
LINE
8
BLACK
6
CONTINUOUS
10
98.7508529999999922
20
-66.6619000000000028
11
93.5124469999999945
21
-66.6619000000000028
0
LINE
8
BLACK
6
CONTINUOUS
10
93.5124469999999945
20
-66.6619000000000028
11
93.4454080000000005
21
-66.6422149999999931
0
LINE
8
BLACK
6
CONTINUOUS
10
93.4454080000000005
20
-66.6422149999999931
11
93.3996530000000007
21
-66.5894109999999984
0
LINE
8
BLACK
6
CONTINUOUS
10
93.3996530000000007
20
-66.5894109999999984
11
93.3897089999999963
21
-66.5202529999999967
0
LINE
8
BLACK
6
CONTINUOUS
10
93.3897089999999963
20
-66.5202529999999967
11
93.4187340000000006
21
-66.4566969999999912
0
LINE
8
BLACK
6
CONTINUOUS
10
93.4187340000000006
20
-66.4566969999999912
11
93.4247659999999911
21
-66.4502189999999899
0
LINE
8
BLACK
6
CONTINUOUS
10
93.4247659999999911
20
-66.4502189999999899
11
104.2481650000000002
21
-55.6268189999999976
0
LINE
8
BLACK
6
CONTINUOUS
10
104.2481650000000002
20
-55.6268189999999976
11
104.3094880000000018
21
-55.5933339999999987
0
LINE
8
BLACK
6
CONTINUOUS
10
104.3094880000000018
20
-55.5933339999999987
11
104.3358459999999894
21
-55.5904999999999987
0
LINE
8
BLACK
6
CONTINUOUS
10
104.3358459999999894
20
-55.5904999999999987
11
136.697055000000006
21
-55.5904999999999987
0
LINE
8
BLACK
6
CONTINUOUS
10
136.697055000000006
20
-55.5904999999999987
11
136.7640940000000001
21
-55.6101849999999942
0
LINE
8
BLACK
6
CONTINUOUS
10
138.3267419999999959
20
-53.4766009999999952
11
138.480686999999989
21
-53.5403669999999963
0
LINE
8
BLACK
6
CONTINUOUS
10
138.480686999999989
20
-53.5403669999999963
11
138.6192340000000058
21
-53.6329409999999953
0
LINE
8
BLACK
6
CONTINUOUS
10
138.6192340000000058
20
-53.6329409999999953
11
138.7370589999999879
21
-53.7507659999999987
0
LINE
8
BLACK
6
CONTINUOUS
10
138.7370589999999879
20
-53.7507659999999987
11
138.8296330000000012
21
-53.8893129999999942
0
LINE
8
BLACK
6
CONTINUOUS
10
138.8296330000000012
20
-53.8893129999999942
11
138.8933989999999881
21
-54.0432579999999945
0
LINE
8
BLACK
6
CONTINUOUS
10
138.8933989999999881
20
-54.0432579999999945
11
138.9259069999999952
21
-54.2066850000000002
0
LINE
8
BLACK
6
CONTINUOUS
10
138.9259069999999952
20
-54.2066850000000002
11
138.9259069999999952
21
-54.3733149999999981
0
LINE
8
BLACK
6
CONTINUOUS
10
138.9259069999999952
20
-54.3733149999999981
11
138.8933989999999881
21
-54.5367419999999967
0
LINE
8
BLACK
6
CONTINUOUS
10
138.8933989999999881
20
-54.5367419999999967
11
138.8296330000000012
21
-54.6906869999999969
0
LINE
8
BLACK
6
CONTINUOUS
10
138.8296330000000012
20
-54.6906869999999969
11
138.7370589999999879
21
-54.8292339999999996
0
LINE
8
BLACK
6
CONTINUOUS
10
138.7370589999999879
20
-54.8292339999999996
11
138.6192340000000058
21
-54.9470589999999959
0
LINE
8
BLACK
6
CONTINUOUS
10
138.6192340000000058
20
-54.9470589999999959
11
138.480686999999989
21
-55.0396329999999949
0
LINE
8
BLACK
6
CONTINUOUS
10
138.480686999999989
20
-55.0396329999999949
11
138.3267419999999959
21
-55.103398999999996
0
LINE
8
BLACK
6
CONTINUOUS
10
138.3267419999999959
20
-55.103398999999996
11
138.163314999999983
21
-55.135906999999996
0
LINE
8
BLACK
6
CONTINUOUS
10
138.163314999999983
20
-55.135906999999996
11
137.9966849999999852
21
-55.135906999999996
0
LINE
8
BLACK
6
CONTINUOUS
10
137.9966849999999852
20
-55.135906999999996
11
137.8332580000000007
21
-55.103398999999996
0
LINE
8
BLACK
6
CONTINUOUS
10
137.8332580000000007
20
-55.103398999999996
11
137.6793130000000076
21
-55.0396329999999949
0
LINE
8
BLACK
6
CONTINUOUS
10
137.6793130000000076
20
-55.0396329999999949
11
137.5407659999999908
21
-54.9470589999999959
0
LINE
8
BLACK
6
CONTINUOUS
10
137.5407659999999908
20
-54.9470589999999959
11
137.4229409999999802
21
-54.8292339999999996
0
LINE
8
BLACK
6
CONTINUOUS
10
137.4229409999999802
20
-54.8292339999999996
11
137.396726000000001
21
-54.7899999999999991
0
LINE
8
BLACK
6
CONTINUOUS
10
137.396726000000001
20
-54.7899999999999991
11
103.9529069999999962
21
-54.7899999999999991
0
LINE
8
BLACK
6
CONTINUOUS
10
103.9529069999999962
20
-54.7899999999999991
11
92.5543529999999919
21
-66.1885529999999989
0
LINE
8
BLACK
6
CONTINUOUS
10
92.5543529999999919
20
-66.1885529999999989
11
92.505195999999998
21
-66.2316610000000026
0
LINE
8
BLACK
6
CONTINUOUS
10
92.505195999999998
20
-66.2316610000000026
11
92.5051809999999932
21
-66.2316769999999906
0
LINE
8
BLACK
6
CONTINUOUS
10
92.5051809999999932
20
-66.2316769999999906
11
92.3921419999999927
21
-66.2969399999999922
0
LINE
8
BLACK
6
CONTINUOUS
10
92.3921419999999927
20
-66.2969399999999922
11
92.2660630000000026
21
-66.3307229999999919
0
LINE
8
BLACK
6
CONTINUOUS
10
92.2660630000000026
20
-66.3307229999999919
11
92.2660479999999978
21
-66.3307229999999919
0
LINE
8
BLACK
6
CONTINUOUS
10
92.2660479999999978
20
-66.3307229999999919
11
92.200800000000001
21
-66.3349999999999937
0
LINE
8
BLACK
6
CONTINUOUS
10
92.200800000000001
20
-66.3349999999999937
11
62.3184289999999947
21
-66.3349999999999937
0
LINE
8
BLACK
6
CONTINUOUS
10
62.3184289999999947
20
-66.3349999999999937
11
62.3134079999999955
21
-66.3425149999999917
0
LINE
8
BLACK
6
CONTINUOUS
10
62.3134079999999955
20
-66.3425149999999917
11
62.2025149999999982
21
-66.453407999999996
0
LINE
8
BLACK
6
CONTINUOUS
10
62.2025149999999982
20
-66.453407999999996
11
62.0721169999999987
21
-66.5405370000000005
0
LINE
8
BLACK
6
CONTINUOUS
10
62.0721169999999987
20
-66.5405370000000005
11
61.9272279999999995
21
-66.6005519999999933
0
LINE
8
BLACK
6
CONTINUOUS
10
61.9272279999999995
20
-66.6005519999999933
11
61.7734139999999954
21
-66.631147999999996
0
LINE
8
BLACK
6
CONTINUOUS
10
61.7734139999999954
20
-66.631147999999996
11
61.6165859999999981
21
-66.631147999999996
0
LINE
8
BLACK
6
CONTINUOUS
10
61.6165859999999981
20
-66.631147999999996
11
61.462771999999994
21
-66.6005519999999933
0
LINE
8
BLACK
6
CONTINUOUS
10
61.462771999999994
20
-66.6005519999999933
11
61.3178829999999948
21
-66.5405370000000005
0
LINE
8
BLACK
6
CONTINUOUS
10
61.3178829999999948
20
-66.5405370000000005
11
61.1874849999999952
21
-66.453407999999996
0
LINE
8
BLACK
6
CONTINUOUS
10
61.1874849999999952
20
-66.453407999999996
11
61.076591999999998
21
-66.3425149999999917
0
LINE
8
BLACK
6
CONTINUOUS
10
61.076591999999998
20
-66.3425149999999917
11
60.9894630000000006
21
-66.2121169999999921
0
LINE
8
BLACK
6
CONTINUOUS
10
60.9894630000000006
20
-66.2121169999999921
11
60.9294480000000007
21
-66.0672280000000001
0
LINE
8
BLACK
6
CONTINUOUS
10
60.9294480000000007
20
-66.0672280000000001
11
60.898851999999998
21
-65.9134140000000031
0
LINE
8
BLACK
6
CONTINUOUS
10
60.898851999999998
20
-65.9134140000000031
11
60.898851999999998
21
-65.7565859999999986
0
LINE
8
BLACK
6
CONTINUOUS
10
60.898851999999998
20
-65.7565859999999986
11
60.9294480000000007
21
-65.6027720000000016
0
LINE
8
BLACK
6
CONTINUOUS
10
60.9294480000000007
20
-65.6027720000000016
11
60.9894630000000006
21
-65.4578829999999954
0
LINE
8
BLACK
6
CONTINUOUS
10
60.9894630000000006
20
-65.4578829999999954
11
61.076591999999998
21
-65.3274849999999958
0
LINE
8
BLACK
6
CONTINUOUS
10
61.076591999999998
20
-65.3274849999999958
11
61.1874849999999952
21
-65.2165919999999915
0
LINE
8
BLACK
6
CONTINUOUS
10
61.1874849999999952
20
-65.2165919999999915
11
61.3178829999999948
21
-65.1294630000000012
0
LINE
8
BLACK
6
CONTINUOUS
10
61.3178829999999948
20
-65.1294630000000012
11
61.462771999999994
21
-65.0694479999999942
0
LINE
8
BLACK
6
CONTINUOUS
10
61.462771999999994
20
-65.0694479999999942
11
61.6165859999999981
21
-65.0388519999999914
0
LINE
8
BLACK
6
CONTINUOUS
10
61.6165859999999981
20
-65.0388519999999914
11
61.7734139999999954
21
-65.0388519999999914
0
LINE
8
BLACK
6
CONTINUOUS
10
61.7734139999999954
20
-65.0388519999999914
11
61.9272279999999995
21
-65.0694479999999942
0
LINE
8
BLACK
6
CONTINUOUS
10
61.9272279999999995
20
-65.0694479999999942
11
62.0721169999999987
21
-65.1294630000000012
0
LINE
8
BLACK
6
CONTINUOUS
10
62.0721169999999987
20
-65.1294630000000012
11
62.2025149999999982
21
-65.2165919999999915
0
LINE
8
BLACK
6
CONTINUOUS
10
62.2025149999999982
20
-65.2165919999999915
11
62.3134079999999955
21
-65.3274849999999958
0
LINE
8
BLACK
6
CONTINUOUS
10
62.3134079999999955
20
-65.3274849999999958
11
62.3184289999999947
21
-65.3349999999999937
0
LINE
8
BLACK
6
CONTINUOUS
10
62.3184289999999947
20
-65.3349999999999937
11
91.9936939999999908
21
-65.3349999999999937
0
LINE
8
BLACK
6
CONTINUOUS
10
91.9936939999999908
20
-65.3349999999999937
11
103.3922469999999976
21
-53.9364459999999966
0
LINE
8
BLACK
6
CONTINUOUS
10
103.3922469999999976
20
-53.9364459999999966
11
103.4414110000000022
21
-53.8933299999999988
0
LINE
8
BLACK
6
CONTINUOUS
10
103.4414110000000022
20
-53.8933299999999988
11
103.4414189999999962
21
-53.8933229999999952
0
LINE
8
BLACK
6
CONTINUOUS
10
103.4414189999999962
20
-53.8933229999999952
11
103.5544579999999968
21
-53.8280600000000007
0
LINE
8
BLACK
6
CONTINUOUS
10
103.5544579999999968
20
-53.8280600000000007
11
103.5931859999999887
21
-53.8176829999999953
0
LINE
8
BLACK
6
CONTINUOUS
10
103.5931859999999887
20
-53.8176829999999953
11
103.6805370000000011
21
-53.794277000000001
0
LINE
8
BLACK
6
CONTINUOUS
10
103.6805370000000011
20
-53.794277000000001
11
103.6805519999999916
21
-53.794277000000001
0
LINE
8
BLACK
6
CONTINUOUS
10
103.6805519999999916
20
-53.794277000000001
11
103.7457999999999885
21
-53.7899999999999991
0
LINE
8
BLACK
6
CONTINUOUS
10
103.7457999999999885
20
-53.7899999999999991
11
137.396726000000001
21
-53.7899999999999991
0
LINE
8
BLACK
6
CONTINUOUS
10
137.396726000000001
20
-53.7899999999999991
11
137.4229409999999802
21
-53.7507659999999987
0
LINE
8
BLACK
6
CONTINUOUS
10
137.4229409999999802
20
-53.7507659999999987
11
137.5407659999999908
21
-53.6329409999999953
0
LINE
8
BLACK
6
CONTINUOUS
10
137.5407659999999908
20
-53.6329409999999953
11
137.6793130000000076
21
-53.5403669999999963
0
LINE
8
BLACK
6
CONTINUOUS
10
137.6793130000000076
20
-53.5403669999999963
11
137.8332580000000007
21
-53.4766009999999952
0
LINE
8
BLACK
6
CONTINUOUS
10
137.8332580000000007
20
-53.4766009999999952
11
137.9966849999999852
21
-53.4440929999999952
0
LINE
8
BLACK
6
CONTINUOUS
10
137.9966849999999852
20
-53.4440929999999952
11
138.163314999999983
21
-53.4440929999999952
0
LINE
8
BLACK
6
CONTINUOUS
10
138.163314999999983
20
-53.4440929999999952
11
138.3267419999999959
21
-53.4766009999999952
0
LINE
8
BLACK
6
CONTINUOUS
10
61.9272279999999995
20
-57.019447999999997
11
62.0721169999999987
21
-57.079462999999997
0
LINE
8
BLACK
6
CONTINUOUS
10
62.0721169999999987
20
-57.079462999999997
11
62.2025149999999982
21
-57.1665919999999943
0
LINE
8
BLACK
6
CONTINUOUS
10
62.2025149999999982
20
-57.1665919999999943
11
62.3134079999999955
21
-57.2774849999999986
0
LINE
8
BLACK
6
CONTINUOUS
10
62.3134079999999955
20
-57.2774849999999986
11
62.4005369999999999
21
-57.4078829999999982
0
LINE
8
BLACK
6
CONTINUOUS
10
62.4005369999999999
20
-57.4078829999999982
11
62.4605519999999999
21
-57.5527719999999974
0
LINE
8
BLACK
6
CONTINUOUS
10
62.4605519999999999
20
-57.5527719999999974
11
62.4911479999999955
21
-57.7065859999999944
0
LINE
8
BLACK
6
CONTINUOUS
10
62.4911479999999955
20
-57.7065859999999944
11
62.4911479999999955
21
-57.8634139999999988
0
LINE
8
BLACK
6
CONTINUOUS
10
62.4911479999999955
20
-57.8634139999999988
11
62.489383999999994
21
-57.8722779999999943
0
LINE
8
BLACK
6
CONTINUOUS
10
62.489383999999994
20
-57.8722779999999943
11
65.8519069999999971
21
-61.2347999999999999
0
LINE
8
BLACK
6
CONTINUOUS
10
65.8519069999999971
20
-61.2347999999999999
11
93.078093999999993
21
-61.2347999999999999
0
LINE
8
BLACK
6
CONTINUOUS
10
93.078093999999993
20
-61.2347999999999999
11
96.440614999999994
21
-57.8722769999999969
0
LINE
8
BLACK
6
CONTINUOUS
10
96.440614999999994
20
-57.8722769999999969
11
96.4388519999999971
21
-57.8634139999999988
0
LINE
8
BLACK
6
CONTINUOUS
10
96.4388519999999971
20
-57.8634139999999988
11
96.4388519999999971
21
-57.7065859999999944
0
LINE
8
BLACK
6
CONTINUOUS
10
96.4388519999999971
20
-57.7065859999999944
11
96.4694479999999999
21
-57.5527719999999974
0
LINE
8
BLACK
6
CONTINUOUS
10
96.4694479999999999
20
-57.5527719999999974
11
96.5294629999999927
21
-57.4078829999999982
0
LINE
8
BLACK
6
CONTINUOUS
10
96.5294629999999927
20
-57.4078829999999982
11
96.6165919999999971
21
-57.2774849999999986
0
LINE
8
BLACK
6
CONTINUOUS
10
96.6165919999999971
20
-57.2774849999999986
11
96.7274850000000015
21
-57.1665919999999943
0
LINE
8
BLACK
6
CONTINUOUS
10
96.7274850000000015
20
-57.1665919999999943
11
96.8578830000000011
21
-57.079462999999997
0
LINE
8
BLACK
6
CONTINUOUS
10
96.8578830000000011
20
-57.079462999999997
11
97.0027719999999931
21
-57.019447999999997
0
LINE
8
BLACK
6
CONTINUOUS
10
97.0027719999999931
20
-57.019447999999997
11
97.1565859999999901
21
-56.9888519999999943
0
LINE
8
BLACK
6
CONTINUOUS
10
97.1565859999999901
20
-56.9888519999999943
11
97.3134139999999945
21
-56.9888519999999943
0
LINE
8
BLACK
6
CONTINUOUS
10
97.3134139999999945
20
-56.9888519999999943
11
97.4672279999999915
21
-57.019447999999997
0
LINE
8
BLACK
6
CONTINUOUS
10
97.4672279999999915
20
-57.019447999999997
11
97.6121169999999978
21
-57.079462999999997
0
LINE
8
BLACK
6
CONTINUOUS
10
97.6121169999999978
20
-57.079462999999997
11
97.7425149999999974
21
-57.1665919999999943
0
LINE
8
BLACK
6
CONTINUOUS
10
97.7425149999999974
20
-57.1665919999999943
11
97.8534080000000017
21
-57.2774849999999986
0
LINE
8
BLACK
6
CONTINUOUS
10
97.8534080000000017
20
-57.2774849999999986
11
97.940536999999992
21
-57.4078829999999982
0
LINE
8
BLACK
6
CONTINUOUS
10
97.940536999999992
20
-57.4078829999999982
11
98.000551999999999
21
-57.5527719999999974
0
LINE
8
BLACK
6
CONTINUOUS
10
98.000551999999999
20
-57.5527719999999974
11
98.0311480000000017
21
-57.7065859999999944
0
LINE
8
BLACK
6
CONTINUOUS
10
98.0311480000000017
20
-57.7065859999999944
11
98.0311480000000017
21
-57.8634139999999988
0
LINE
8
BLACK
6
CONTINUOUS
10
98.0311480000000017
20
-57.8634139999999988
11
98.000551999999999
21
-58.0172279999999958
0
LINE
8
BLACK
6
CONTINUOUS
10
98.000551999999999
20
-58.0172279999999958
11
97.940536999999992
21
-58.162116999999995
0
LINE
8
BLACK
6
CONTINUOUS
10
97.940536999999992
20
-58.162116999999995
11
97.8534080000000017
21
-58.2925149999999945
0
LINE
8
BLACK
6
CONTINUOUS
10
97.8534080000000017
20
-58.2925149999999945
11
97.7425149999999974
21
-58.4034079999999989
0
LINE
8
BLACK
6
CONTINUOUS
10
97.7425149999999974
20
-58.4034079999999989
11
97.6121169999999978
21
-58.4905369999999962
0
LINE
8
BLACK
6
CONTINUOUS
10
97.6121169999999978
20
-58.4905369999999962
11
97.4672279999999915
21
-58.5505519999999962
0
LINE
8
BLACK
6
CONTINUOUS
10
97.4672279999999915
20
-58.5505519999999962
11
97.3134139999999945
21
-58.5811479999999989
0
LINE
8
BLACK
6
CONTINUOUS
10
97.3134139999999945
20
-58.5811479999999989
11
97.1565859999999901
21
-58.5811479999999989
0
LINE
8
BLACK
6
CONTINUOUS
10
97.1565859999999901
20
-58.5811479999999989
11
97.1477220000000017
21
-58.5793839999999975
0
LINE
8
BLACK
6
CONTINUOUS
10
97.1477220000000017
20
-58.5793839999999975
11
93.6387529999999941
21
-62.0883529999999979
0
LINE
8
BLACK
6
CONTINUOUS
10
93.6387529999999941
20
-62.0883529999999979
11
93.5895960000000002
21
-62.1314609999999945
0
LINE
8
BLACK
6
CONTINUOUS
10
93.5895960000000002
20
-62.1314609999999945
11
93.5895809999999955
21
-62.1314769999999967
0
LINE
8
BLACK
6
CONTINUOUS
10
93.5895809999999955
20
-62.1314769999999967
11
93.4765419999999949
21
-62.1967399999999984
0
LINE
8
BLACK
6
CONTINUOUS
10
93.4765419999999949
20
-62.1967399999999984
11
93.3504629999999906
21
-62.230522999999998
0
LINE
8
BLACK
6
CONTINUOUS
10
93.3504629999999906
20
-62.230522999999998
11
93.3504480000000001
21
-62.230522999999998
0
LINE
8
BLACK
6
CONTINUOUS
10
93.3504480000000001
20
-62.230522999999998
11
93.285199999999989
21
-62.2347999999999999
0
LINE
8
BLACK
6
CONTINUOUS
10
93.285199999999989
20
-62.2347999999999999
11
65.6448000000000036
21
-62.2347999999999999
0
LINE
8
BLACK
6
CONTINUOUS
10
65.6448000000000036
20
-62.2347999999999999
11
65.5795519999999925
21
-62.230522999999998
0
LINE
8
BLACK
6
CONTINUOUS
10
65.5795519999999925
20
-62.230522999999998
11
65.579537000000002
21
-62.230522999999998
0
LINE
8
BLACK
6
CONTINUOUS
10
65.579537000000002
20
-62.230522999999998
11
65.4801009999999906
21
-62.2038790000000006
0
LINE
8
BLACK
6
CONTINUOUS
10
65.4801009999999906
20
-62.2038790000000006
11
65.4534579999999977
21
-62.1967399999999984
0
LINE
8
BLACK
6
CONTINUOUS
10
65.4534579999999977
20
-62.1967399999999984
11
65.3404189999999971
21
-62.1314769999999967
0
LINE
8
BLACK
6
CONTINUOUS
10
65.3404189999999971
20
-62.1314769999999967
11
65.3404029999999949
21
-62.1314609999999945
0
LINE
8
BLACK
6
CONTINUOUS
10
65.3404029999999949
20
-62.1314609999999945
11
65.2912469999999985
21
-62.0883539999999954
0
LINE
8
BLACK
6
CONTINUOUS
10
65.2912469999999985
20
-62.0883539999999954
11
61.782277999999998
21
-58.5793839999999975
0
LINE
8
BLACK
6
CONTINUOUS
10
61.782277999999998
20
-58.5793839999999975
11
61.7734139999999954
21
-58.5811479999999989
0
LINE
8
BLACK
6
CONTINUOUS
10
61.7734139999999954
20
-58.5811479999999989
11
61.6165859999999981
21
-58.5811479999999989
0
LINE
8
BLACK
6
CONTINUOUS
10
61.6165859999999981
20
-58.5811479999999989
11
61.462771999999994
21
-58.5505519999999962
0
LINE
8
BLACK
6
CONTINUOUS
10
61.462771999999994
20
-58.5505519999999962
11
61.3178829999999948
21
-58.4905369999999962
0
LINE
8
BLACK
6
CONTINUOUS
10
61.3178829999999948
20
-58.4905369999999962
11
61.1874849999999952
21
-58.4034079999999989
0
LINE
8
BLACK
6
CONTINUOUS
10
61.1874849999999952
20
-58.4034079999999989
11
61.076591999999998
21
-58.2925149999999945
0
LINE
8
BLACK
6
CONTINUOUS
10
61.076591999999998
20
-58.2925149999999945
11
60.9894630000000006
21
-58.162116999999995
0
LINE
8
BLACK
6
CONTINUOUS
10
60.9894630000000006
20
-58.162116999999995
11
60.9294480000000007
21
-58.0172279999999958
0
LINE
8
BLACK
6
CONTINUOUS
10
60.9294480000000007
20
-58.0172279999999958
11
60.898851999999998
21
-57.8634139999999988
0
LINE
8
BLACK
6
CONTINUOUS
10
60.898851999999998
20
-57.8634139999999988
11
60.898851999999998
21
-57.7065859999999944
0
LINE
8
BLACK
6
CONTINUOUS
10
60.898851999999998
20
-57.7065859999999944
11
60.9294480000000007
21
-57.5527719999999974
0
LINE
8
BLACK
6
CONTINUOUS
10
60.9294480000000007
20
-57.5527719999999974
11
60.9894630000000006
21
-57.4078829999999982
0
LINE
8
BLACK
6
CONTINUOUS
10
60.9894630000000006
20
-57.4078829999999982
11
61.076591999999998
21
-57.2774849999999986
0
LINE
8
BLACK
6
CONTINUOUS
10
61.076591999999998
20
-57.2774849999999986
11
61.1874849999999952
21
-57.1665919999999943
0
LINE
8
BLACK
6
CONTINUOUS
10
61.1874849999999952
20
-57.1665919999999943
11
61.3178829999999948
21
-57.079462999999997
0
LINE
8
BLACK
6
CONTINUOUS
10
61.3178829999999948
20
-57.079462999999997
11
61.462771999999994
21
-57.019447999999997
0
LINE
8
BLACK
6
CONTINUOUS
10
61.462771999999994
20
-57.019447999999997
11
61.6165859999999981
21
-56.9888519999999943
0
LINE
8
BLACK
6
CONTINUOUS
10
61.6165859999999981
20
-56.9888519999999943
11
61.7734139999999954
21
-56.9888519999999943
0
LINE
8
BLACK
6
CONTINUOUS
10
61.7734139999999954
20
-56.9888519999999943
11
61.9272279999999995
21
-57.019447999999997
0
LINE
8
BLACK
6
CONTINUOUS
10
65.5945919999999916
20
-56.9889849999999996
11
65.6152340000000009
21
-57.0056189999999958
0
LINE
8
BLACK
6
CONTINUOUS
10
65.6152340000000009
20
-57.0056189999999958
11
67.2949649999999906
21
-58.6853499999999997
0
LINE
8
BLACK
6
CONTINUOUS
10
67.2949649999999906
20
-58.6853499999999997
11
68.8322349999999972
21
-60.2226189999999946
0
LINE
8
BLACK
6
CONTINUOUS
10
68.8322349999999972
20
-60.2226189999999946
11
68.865719999999996
21
-60.2839419999999961
0
LINE
8
BLACK
6
CONTINUOUS
10
68.865719999999996
20
-60.2839419999999961
11
68.8607360000000028
21
-60.3536339999999996
0
LINE
8
BLACK
6
CONTINUOUS
10
68.8607360000000028
20
-60.3536339999999996
11
68.8188639999999907
21
-60.4095669999999956
0
LINE
8
BLACK
6
CONTINUOUS
10
68.8188639999999907
20
-60.4095669999999956
11
68.7533999999999992
21
-60.4339839999999953
0
LINE
8
BLACK
6
CONTINUOUS
10
68.7533999999999992
20
-60.4339839999999953
11
68.7445539999999937
21
-60.4343000000000004
0
LINE
8
BLACK
6
CONTINUOUS
10
68.7445539999999937
20
-60.4343000000000004
11
66.2348459999999903
21
-60.4343000000000004
0
LINE
8
BLACK
6
CONTINUOUS
10
66.2348459999999903
20
-60.4343000000000004
11
66.1678069999999963
21
-60.4146149999999977
0
LINE
8
BLACK
6
CONTINUOUS
10
66.1678069999999963
20
-60.4146149999999977
11
66.1471650000000011
21
-60.3979809999999944
0
LINE
8
BLACK
6
CONTINUOUS
10
66.1471650000000011
20
-60.3979809999999944
11
63.3027749999999969
21
-57.5535899999999998
0
LINE
8
BLACK
6
CONTINUOUS
10
63.3027749999999969
20
-57.5535899999999998
11
63.269289999999998
21
-57.4922669999999982
0
LINE
8
BLACK
6
CONTINUOUS
10
63.269289999999998
20
-57.4922669999999982
11
63.2679829999999939
21
-57.4853059999999942
0
LINE
8
BLACK
6
CONTINUOUS
10
63.2679829999999939
20
-57.4853059999999942
11
63.2560900000000004
21
-57.4102139999999963
0
LINE
8
BLACK
6
CONTINUOUS
10
63.2560900000000004
20
-57.4102139999999963
11
63.1911839999999998
21
-57.2104549999999961
0
LINE
8
BLACK
6
CONTINUOUS
10
63.1911839999999998
20
-57.2104549999999961
11
63.1782409999999999
21
-57.170620999999997
0
LINE
8
BLACK
6
CONTINUOUS
10
63.1782409999999999
20
-57.170620999999997
11
63.1782389999999978
21
-57.1706179999999975
0
LINE
8
BLACK
6
CONTINUOUS
10
63.1782389999999978
20
-57.1706179999999975
11
63.1782380000000003
21
-57.1706129999999959
0
LINE
8
BLACK
6
CONTINUOUS
10
63.1782380000000003
20
-57.1706129999999959
11
63.1675279999999972
21
-57.1495940000000004
0
LINE
8
BLACK
6
CONTINUOUS
10
63.1675279999999972
20
-57.1495940000000004
11
63.1546319999999994
21
-57.0809250000000006
0
LINE
8
BLACK
6
CONTINUOUS
10
63.1546319999999994
20
-57.0809250000000006
11
63.1809089999999998
21
-57.0161850000000001
0
LINE
8
BLACK
6
CONTINUOUS
10
63.1809089999999998
20
-57.0161850000000001
11
63.2380149999999972
21
-56.9759279999999961
0
LINE
8
BLACK
6
CONTINUOUS
10
63.2380149999999972
20
-56.9759279999999961
11
63.2780129999999943
21
-56.9692999999999969
0
LINE
8
BLACK
6
CONTINUOUS
10
63.2780129999999943
20
-56.9692999999999969
11
65.5275529999999975
21
-56.9692999999999969
0
LINE
8
BLACK
6
CONTINUOUS
10
65.5275529999999975
20
-56.9692999999999969
11
65.5945919999999916
21
-56.9889849999999996
0
LINE
8
BLACK
6
CONTINUOUS
10
100.9803929999999923
20
-55.0035850000000011
11
101.0261479999999921
21
-55.0563889999999958
0
LINE
8
BLACK
6
CONTINUOUS
10
101.0261479999999921
20
-55.0563889999999958
11
101.0360919999999965
21
-55.1255469999999974
0
LINE
8
BLACK
6
CONTINUOUS
10
101.0360919999999965
20
-55.1255469999999974
11
101.0070669999999922
21
-55.1891029999999958
0
LINE
8
BLACK
6
CONTINUOUS
10
101.0070669999999922
20
-55.1891029999999958
11
101.0010369999999966
21
-55.1955779999999976
0
LINE
8
BLACK
6
CONTINUOUS
10
101.0010369999999966
20
-55.1955779999999976
11
100.4644679999999966
21
-55.7321469999999977
0
LINE
8
BLACK
6
CONTINUOUS
10
100.4644679999999966
20
-55.7321469999999977
11
98.9367960000000011
21
-57.2598179999999957
0
LINE
8
BLACK
6
CONTINUOUS
10
98.9367960000000011
20
-57.2598179999999957
11
98.8754729999999995
21
-57.2933029999999945
0
LINE
8
BLACK
6
CONTINUOUS
10
98.8754729999999995
20
-57.2933029999999945
11
98.8057809999999961
21
-57.2883189999999942
0
LINE
8
BLACK
6
CONTINUOUS
10
98.8057809999999961
20
-57.2883189999999942
11
98.7498480000000001
21
-57.2464469999999963
0
LINE
8
BLACK
6
CONTINUOUS
10
98.7498480000000001
20
-57.2464469999999963
11
98.7311839999999989
21
-57.2104549999999961
0
LINE
8
BLACK
6
CONTINUOUS
10
98.7311839999999989
20
-57.2104549999999961
11
98.7182419999999894
21
-57.1706229999999991
0
LINE
8
BLACK
6
CONTINUOUS
10
98.7182419999999894
20
-57.1706229999999991
11
98.7182409999999919
21
-57.1706199999999995
0
LINE
8
BLACK
6
CONTINUOUS
10
98.7182409999999919
20
-57.1706199999999995
11
98.6341680000000025
21
-57.0056189999999958
0
LINE
8
BLACK
6
CONTINUOUS
10
98.6341680000000025
20
-57.0056189999999958
11
98.6038700000000006
21
-56.9461549999999974
0
LINE
8
BLACK
6
CONTINUOUS
10
98.6038700000000006
20
-56.9461549999999974
11
98.5849520000000012
21
-56.9201169999999976
0
LINE
8
BLACK
6
CONTINUOUS
10
98.5849520000000012
20
-56.9201169999999976
11
98.4557980000000015
21
-56.7423499999999947
0
LINE
8
BLACK
6
CONTINUOUS
10
98.4557980000000015
20
-56.7423499999999947
11
98.4557939999999974
21
-56.7423450000000003
0
LINE
8
BLACK
6
CONTINUOUS
10
98.4557939999999974
20
-56.7423450000000003
11
98.2776539999999983
21
-56.5642049999999941
0
LINE
8
BLACK
6
CONTINUOUS
10
98.2776539999999983
20
-56.5642049999999941
11
98.2776489999999967
21
-56.5642009999999971
0
LINE
8
BLACK
6
CONTINUOUS
10
98.2776489999999967
20
-56.5642009999999971
11
98.0738479999999981
21
-56.4161319999999975
0
LINE
8
BLACK
6
CONTINUOUS
10
98.0738479999999981
20
-56.4161319999999975
11
98.0738470000000007
21
-56.416131
0
LINE
8
BLACK
6
CONTINUOUS
10
98.0738470000000007
20
-56.416131
11
98.0738449999999915
21
-56.4161299999999954
0
LINE
8
BLACK
6
CONTINUOUS
10
98.0738449999999915
20
-56.4161299999999954
11
97.9947540000000004
21
-56.375830999999998
0
LINE
8
BLACK
6
CONTINUOUS
10
97.9947540000000004
20
-56.375830999999998
11
97.8493829999999889
21
-56.3017599999999945
0
LINE
8
BLACK
6
CONTINUOUS
10
97.8493829999999889
20
-56.3017599999999945
11
97.6097850000000022
21
-56.2239099999999965
0
LINE
8
BLACK
6
CONTINUOUS
10
97.6097850000000022
20
-56.2239099999999965
11
97.609778999999989
21
-56.223908999999999
0
LINE
8
BLACK
6
CONTINUOUS
10
97.609778999999989
20
-56.223908999999999
11
97.3609620000000007
21
-56.1844999999999999
0
LINE
8
BLACK
6
CONTINUOUS
10
97.3609620000000007
20
-56.1844999999999999
11
97.1090379999999982
21
-56.1844999999999999
0
LINE
8
BLACK
6
CONTINUOUS
10
97.1090379999999982
20
-56.1844999999999999
11
96.9846259999999916
21
-56.2042049999999946
0
LINE
8
BLACK
6
CONTINUOUS
10
96.9846259999999916
20
-56.2042049999999946
11
96.8602139999999991
21
-56.2239099999999965
0
LINE
8
BLACK
6
CONTINUOUS
10
96.8602139999999991
20
-56.2239099999999965
11
96.6206159999999983
21
-56.3017599999999945
0
LINE
8
BLACK
6
CONTINUOUS
10
96.6206159999999983
20
-56.3017599999999945
11
96.396150999999989
21
-56.4161319999999975
0
LINE
8
BLACK
6
CONTINUOUS
10
96.396150999999989
20
-56.4161319999999975
11
96.1923499999999905
21
-56.5642009999999971
0
LINE
8
BLACK
6
CONTINUOUS
10
96.1923499999999905
20
-56.5642009999999971
11
96.1923449999999889
21
-56.5642049999999941
0
LINE
8
BLACK
6
CONTINUOUS
10
96.1923449999999889
20
-56.5642049999999941
11
96.0142049999999898
21
-56.7423450000000003
0
LINE
8
BLACK
6
CONTINUOUS
10
96.0142049999999898
20
-56.7423450000000003
11
96.0142009999999999
21
-56.7423499999999947
0
LINE
8
BLACK
6
CONTINUOUS
10
96.0142009999999999
20
-56.7423499999999947
11
95.8661319999999932
21
-56.9461510000000004
0
LINE
8
BLACK
6
CONTINUOUS
10
95.8661319999999932
20
-56.9461510000000004
11
95.7517599999999902
21
-57.1706179999999975
0
LINE
8
BLACK
6
CONTINUOUS
10
95.7517599999999902
20
-57.1706179999999975
11
95.6739089999999948
21
-57.4102159999999984
0
LINE
8
BLACK
6
CONTINUOUS
10
95.6739089999999948
20
-57.4102159999999984
11
95.6620149999999967
21
-57.4853099999999984
0
LINE
8
BLACK
6
CONTINUOUS
10
95.6620149999999967
20
-57.4853099999999984
11
95.6320849999999893
21
-57.5484439999999964
0
LINE
8
BLACK
6
CONTINUOUS
10
95.6320849999999893
20
-57.5484439999999964
11
95.6272230000000008
21
-57.5535909999999973
0
LINE
8
BLACK
6
CONTINUOUS
10
95.6272230000000008
20
-57.5535909999999973
11
92.782833999999994
21
-60.3979809999999944
0
LINE
8
BLACK
6
CONTINUOUS
10
92.782833999999994
20
-60.3979809999999944
11
92.7215109999999925
21
-60.4314660000000003
0
LINE
8
BLACK
6
CONTINUOUS
10
92.7215109999999925
20
-60.4314660000000003
11
92.6951529999999906
21
-60.4343000000000004
0
LINE
8
BLACK
6
CONTINUOUS
10
92.6951529999999906
20
-60.4343000000000004
11
89.1042470000000009
21
-60.4343000000000004
0
LINE
8
BLACK
6
CONTINUOUS
10
89.1042470000000009
20
-60.4343000000000004
11
89.0372079999999926
21
-60.4146149999999977
0
LINE
8
BLACK
6
CONTINUOUS
10
89.0372079999999926
20
-60.4146149999999977
11
88.9914529999999928
21
-60.3618109999999959
0
LINE
8
BLACK
6
CONTINUOUS
10
88.9914529999999928
20
-60.3618109999999959
11
88.9815090000000026
21
-60.2926529999999943
0
LINE
8
BLACK
6
CONTINUOUS
10
88.9815090000000026
20
-60.2926529999999943
11
89.0105339999999927
21
-60.2290969999999959
0
LINE
8
BLACK
6
CONTINUOUS
10
89.0105339999999927
20
-60.2290969999999959
11
89.0165659999999974
21
-60.2226189999999946
0
LINE
8
BLACK
6
CONTINUOUS
10
89.0165659999999974
20
-60.2226189999999946
11
89.1506399999999957
21
-60.0885439999999988
0
LINE
8
BLACK
6
CONTINUOUS
10
89.1506399999999957
20
-60.0885439999999988
11
89.8464099999999917
21
-59.3927729999999983
0
LINE
8
BLACK
6
CONTINUOUS
10
89.8464099999999917
20
-59.3927729999999983
11
89.9077309999999983
21
-59.3592899999999943
0
LINE
8
BLACK
6
CONTINUOUS
10
89.9077309999999983
20
-59.3592899999999943
11
89.914644999999993
21
-59.3579899999999938
0
LINE
8
BLACK
6
CONTINUOUS
10
89.914644999999993
20
-59.3579899999999938
11
89.9897849999999977
21
-59.3460899999999967
0
LINE
8
BLACK
6
CONTINUOUS
10
89.9897849999999977
20
-59.3460899999999967
11
90.2293789999999944
21
-59.2682409999999962
0
LINE
8
BLACK
6
CONTINUOUS
10
90.2293789999999944
20
-59.2682409999999962
11
90.4538450000000012
21
-59.1538699999999977
0
LINE
8
BLACK
6
CONTINUOUS
10
90.4538450000000012
20
-59.1538699999999977
11
90.6576560000000029
21
-59.0057929999999971
0
LINE
8
BLACK
6
CONTINUOUS
10
90.6576560000000029
20
-59.0057929999999971
11
90.8357929999999953
21
-58.8276559999999975
0
LINE
8
BLACK
6
CONTINUOUS
10
90.8357929999999953
20
-58.8276559999999975
11
90.983869999999996
21
-58.6238449999999958
0
LINE
8
BLACK
6
CONTINUOUS
10
90.983869999999996
20
-58.6238449999999958
11
91.0982410000000016
21
-58.3993789999999962
0
LINE
8
BLACK
6
CONTINUOUS
10
91.0982410000000016
20
-58.3993789999999962
11
91.1760900000000021
21
-58.1597849999999994
0
LINE
8
BLACK
6
CONTINUOUS
10
91.1760900000000021
20
-58.1597849999999994
11
91.2154999999999916
21
-57.9109619999999978
0
LINE
8
BLACK
6
CONTINUOUS
10
91.2154999999999916
20
-57.9109619999999978
11
91.2154999999999916
21
-57.6590379999999953
0
LINE
8
BLACK
6
CONTINUOUS
10
91.2154999999999916
20
-57.6590379999999953
11
91.1760900000000021
21
-57.4102150000000009
0
LINE
8
BLACK
6
CONTINUOUS
10
91.1760900000000021
20
-57.4102150000000009
11
91.0982410000000016
21
-57.170620999999997
0
LINE
8
BLACK
6
CONTINUOUS
10
91.0982410000000016
20
-57.170620999999997
11
91.0982389999999924
21
-57.1706179999999975
0
LINE
8
BLACK
6
CONTINUOUS
10
91.0982389999999924
20
-57.1706179999999975
11
91.0982389999999924
21
-57.1706159999999954
0
LINE
8
BLACK
6
CONTINUOUS
10
91.0982389999999924
20
-57.1706159999999954
11
91.014167999999998
21
-57.0056189999999958
0
LINE
8
BLACK
6
CONTINUOUS
10
91.014167999999998
20
-57.0056189999999958
11
90.983869999999996
21
-56.9461549999999974
0
LINE
8
BLACK
6
CONTINUOUS
10
90.983869999999996
20
-56.9461549999999974
11
90.9649519999999967
21
-56.9201169999999976
0
LINE
8
BLACK
6
CONTINUOUS
10
90.9649519999999967
20
-56.9201169999999976
11
90.8357979999999969
21
-56.7423499999999947
0
LINE
8
BLACK
6
CONTINUOUS
10
90.8357979999999969
20
-56.7423499999999947
11
90.8357939999999928
21
-56.7423450000000003
0
LINE
8
BLACK
6
CONTINUOUS
10
90.8357939999999928
20
-56.7423450000000003
11
90.6576539999999937
21
-56.5642049999999941
0
LINE
8
BLACK
6
CONTINUOUS
10
90.6576539999999937
20
-56.5642049999999941
11
90.6576489999999922
21
-56.5642009999999971
0
LINE
8
BLACK
6
CONTINUOUS
10
90.6576489999999922
20
-56.5642009999999971
11
90.4538479999999936
21
-56.4161319999999975
0
LINE
8
BLACK
6
CONTINUOUS
10
90.4538479999999936
20
-56.4161319999999975
11
90.4538469999999961
21
-56.416131
0
LINE
8
BLACK
6
CONTINUOUS
10
90.4538469999999961
20
-56.416131
11
90.4538450000000012
21
-56.4161299999999954
0
LINE
8
BLACK
6
CONTINUOUS
10
90.4538450000000012
20
-56.4161299999999954
11
90.3747539999999958
21
-56.375830999999998
0
LINE
8
BLACK
6
CONTINUOUS
10
90.3747539999999958
20
-56.375830999999998
11
90.2293829999999986
21
-56.3017599999999945
0
LINE
8
BLACK
6
CONTINUOUS
10
90.2293829999999986
20
-56.3017599999999945
11
89.9897849999999977
21
-56.2239099999999965
0
LINE
8
BLACK
6
CONTINUOUS
10
89.9897849999999977
20
-56.2239099999999965
11
89.9897789999999986
21
-56.223908999999999
0
LINE
8
BLACK
6
CONTINUOUS
10
89.9897789999999986
20
-56.223908999999999
11
89.7409619999999961
21
-56.1844999999999999
0
LINE
8
BLACK
6
CONTINUOUS
10
89.7409619999999961
20
-56.1844999999999999
11
89.4890379999999936
21
-56.1844999999999999
0
LINE
8
BLACK
6
CONTINUOUS
10
89.4890379999999936
20
-56.1844999999999999
11
89.3646260000000012
21
-56.2042049999999946
0
LINE
8
BLACK
6
CONTINUOUS
10
89.3646260000000012
20
-56.2042049999999946
11
89.2402139999999946
21
-56.2239099999999965
0
LINE
8
BLACK
6
CONTINUOUS
10
89.2402139999999946
20
-56.2239099999999965
11
89.0006159999999937
21
-56.3017599999999945
0
LINE
8
BLACK
6
CONTINUOUS
10
89.0006159999999937
20
-56.3017599999999945
11
88.7761509999999987
21
-56.4161319999999975
0
LINE
8
BLACK
6
CONTINUOUS
10
88.7761509999999987
20
-56.4161319999999975
11
88.5723500000000001
21
-56.5642009999999971
0
LINE
8
BLACK
6
CONTINUOUS
10
88.5723500000000001
20
-56.5642009999999971
11
88.5723449999999985
21
-56.5642049999999941
0
LINE
8
BLACK
6
CONTINUOUS
10
88.5723449999999985
20
-56.5642049999999941
11
88.3942049999999995
21
-56.7423450000000003
0
LINE
8
BLACK
6
CONTINUOUS
10
88.3942049999999995
20
-56.7423450000000003
11
88.3942009999999954
21
-56.7423499999999947
0
LINE
8
BLACK
6
CONTINUOUS
10
88.3942009999999954
20
-56.7423499999999947
11
88.2461320000000029
21
-56.9461510000000004
0
LINE
8
BLACK
6
CONTINUOUS
10
88.2461320000000029
20
-56.9461510000000004
11
88.1317599999999999
21
-57.1706179999999975
0
LINE
8
BLACK
6
CONTINUOUS
10
88.1317599999999999
20
-57.1706179999999975
11
88.0539089999999902
21
-57.4102169999999958
0
LINE
8
BLACK
6
CONTINUOUS
10
88.0539089999999902
20
-57.4102169999999958
11
88.0420149999999921
21
-57.4853090000000009
0
LINE
8
BLACK
6
CONTINUOUS
10
88.0420149999999921
20
-57.4853090000000009
11
88.012084999999999
21
-57.5484429999999989
0
LINE
8
BLACK
6
CONTINUOUS
10
88.012084999999999
20
-57.5484429999999989
11
88.0072229999999962
21
-57.5535899999999998
0
LINE
8
BLACK
6
CONTINUOUS
10
88.0072229999999962
20
-57.5535899999999998
11
86.9771339999999924
21
-58.5836809999999986
0
LINE
8
BLACK
6
CONTINUOUS
10
86.9771339999999924
20
-58.5836809999999986
11
86.9158109999999908
21
-58.6171659999999974
0
LINE
8
BLACK
6
CONTINUOUS
10
86.9158109999999908
20
-58.6171659999999974
11
86.8894530000000032
21
-58.6199999999999974
0
LINE
8
BLACK
6
CONTINUOUS
10
86.8894530000000032
20
-58.6199999999999974
11
81.0381789999999995
21
-58.6199999999999974
0
LINE
8
BLACK
6
CONTINUOUS
10
81.0381789999999995
20
-58.6199999999999974
11
80.9711399999999912
21
-58.6003149999999948
0
LINE
8
BLACK
6
CONTINUOUS
10
80.9711399999999912
20
-58.6003149999999948
11
80.9253849999999915
21
-58.5475110000000001
0
LINE
8
BLACK
6
CONTINUOUS
10
80.9253849999999915
20
-58.5475110000000001
11
80.9154410000000013
21
-58.4783529999999985
0
LINE
8
BLACK
6
CONTINUOUS
10
80.9154410000000013
20
-58.4783529999999985
11
80.9276940000000025
21
-58.4397049999999965
0
LINE
8
BLACK
6
CONTINUOUS
10
80.9276940000000025
20
-58.4397049999999965
11
80.9482390000000009
21
-58.3993830000000003
0
LINE
8
BLACK
6
CONTINUOUS
10
80.9482390000000009
20
-58.3993830000000003
11
80.9482390000000009
21
-58.3993819999999957
0
LINE
8
BLACK
6
CONTINUOUS
10
80.9482390000000009
20
-58.3993819999999957
11
80.9482409999999959
21
-58.3993789999999962
0
LINE
8
BLACK
6
CONTINUOUS
10
80.9482409999999959
20
-58.3993789999999962
11
81.0260899999999964
21
-58.1597849999999994
0
LINE
8
BLACK
6
CONTINUOUS
10
81.0260899999999964
20
-58.1597849999999994
11
81.0379839999999945
21
-58.0846869999999953
0
LINE
8
BLACK
6
CONTINUOUS
10
81.0379839999999945
20
-58.0846869999999953
11
81.0679109999999952
21
-58.0215569999999943
0
LINE
8
BLACK
6
CONTINUOUS
10
81.0679109999999952
20
-58.0215569999999943
11
81.0727569999999957
21
-58.0164259999999956
0
LINE
8
BLACK
6
CONTINUOUS
10
81.0727569999999957
20
-58.0164259999999956
11
84.0689660000000032
21
-55.0202189999999973
0
LINE
8
BLACK
6
CONTINUOUS
10
84.0689660000000032
20
-55.0202189999999973
11
84.1302889999999906
21
-54.9867339999999984
0
LINE
8
BLACK
6
CONTINUOUS
10
84.1302889999999906
20
-54.9867339999999984
11
84.1566469999999924
21
-54.9838999999999984
0
LINE
8
BLACK
6
CONTINUOUS
10
84.1566469999999924
20
-54.9838999999999984
11
100.9133539999999982
21
-54.9838999999999984
0
LINE
8
BLACK
6
CONTINUOUS
10
100.9133539999999982
20
-54.9838999999999984
11
100.9803929999999923
21
-55.0035850000000011
0
LINE
8
BLACK
6
CONTINUOUS
10
39.0399999999999991
20
-51.25
11
40.3416999999999959
21
-51.25
0
LINE
8
BLACK
6
CONTINUOUS
10
40.3416999999999959
20
-51.25
11
40.4069479999999999
21
-51.2542769999999948
0
LINE
8
BLACK
6
CONTINUOUS
10
40.4069479999999999
20
-51.2542769999999948
11
40.4069629999999975
21
-51.2542769999999948
0
LINE
8
BLACK
6
CONTINUOUS
10
40.4069629999999975
20
-51.2542769999999948
11
40.5070779999999999
21
-51.2811029999999946
0
LINE
8
BLACK
6
CONTINUOUS
10
40.5070779999999999
20
-51.2811029999999946
11
40.5330419999999947
21
-51.2880599999999944
0
LINE
8
BLACK
6
CONTINUOUS
10
40.5330419999999947
20
-51.2880599999999944
11
40.6460809999999952
21
-51.3533229999999961
0
LINE
8
BLACK
6
CONTINUOUS
10
40.6460809999999952
20
-51.3533229999999961
11
40.646096
21
-51.3533380000000008
0
LINE
8
BLACK
6
CONTINUOUS
10
40.646096
20
-51.3533380000000008
11
40.695253000000001
21
-51.3964469999999949
0
LINE
8
BLACK
6
CONTINUOUS
10
40.695253000000001
20
-51.3964469999999949
11
48.6897069999999985
21
-59.3908999999999949
0
LINE
8
BLACK
6
CONTINUOUS
10
48.6897069999999985
20
-59.3908999999999949
11
56.4098939999999942
21
-59.3908999999999949
0
LINE
8
BLACK
6
CONTINUOUS
10
56.4098939999999942
20
-59.3908999999999949
11
60.4855469999999968
21
-55.3152469999999994
0
LINE
8
BLACK
6
CONTINUOUS
10
60.4855469999999968
20
-55.3152469999999994
11
60.5347099999999969
21
-55.2721309999999946
0
LINE
8
BLACK
6
CONTINUOUS
10
60.5347099999999969
20
-55.2721309999999946
11
60.5347189999999955
21
-55.2721230000000006
0
LINE
8
BLACK
6
CONTINUOUS
10
60.5347189999999955
20
-55.2721230000000006
11
60.6477579999999961
21
-55.2068599999999989
0
LINE
8
BLACK
6
CONTINUOUS
10
60.6477579999999961
20
-55.2068599999999989
11
60.7738370000000003
21
-55.1730769999999993
0
LINE
8
BLACK
6
CONTINUOUS
10
60.7738370000000003
20
-55.1730769999999993
11
60.773851999999998
21
-55.1730769999999993
0
LINE
8
BLACK
6
CONTINUOUS
10
60.773851999999998
20
-55.1730769999999993
11
60.8390999999999948
21
-55.1687999999999974
0
LINE
8
BLACK
6
CONTINUOUS
10
60.8390999999999948
20
-55.1687999999999974
11
66.1175999999999959
21
-55.1687999999999974
0
LINE
8
BLACK
6
CONTINUOUS
10
66.1175999999999959
20
-55.1687999999999974
11
66.1828479999999928
21
-55.1730769999999993
0
LINE
8
BLACK
6
CONTINUOUS
10
66.1828479999999928
20
-55.1730769999999993
11
66.1828629999999976
21
-55.1730769999999993
0
LINE
8
BLACK
6
CONTINUOUS
10
66.1828629999999976
20
-55.1730769999999993
11
66.3089420000000018
21
-55.2068599999999989
0
LINE
8
BLACK
6
CONTINUOUS
10
66.3089420000000018
20
-55.2068599999999989
11
66.4219810000000024
21
-55.2721230000000006
0
LINE
8
BLACK
6
CONTINUOUS
10
66.4219810000000024
20
-55.2721230000000006
11
66.4219959999999929
21
-55.2721379999999982
0
LINE
8
BLACK
6
CONTINUOUS
10
66.4219959999999929
20
-55.2721379999999982
11
66.471153000000001
21
-55.3152469999999994
0
LINE
8
BLACK
6
CONTINUOUS
10
66.471153000000001
20
-55.3152469999999994
11
70.5764070000000032
21
-59.420499999999997
0
LINE
8
BLACK
6
CONTINUOUS
10
70.5764070000000032
20
-59.420499999999997
11
87.2723939999999914
21
-59.420499999999997
0
LINE
8
BLACK
6
CONTINUOUS
10
87.2723939999999914
20
-59.420499999999997
11
88.8206149999999894
21
-57.8722779999999943
0
LINE
8
BLACK
6
CONTINUOUS
10
88.8206149999999894
20
-57.8722779999999943
11
88.8188519999999926
21
-57.8634139999999988
0
LINE
8
BLACK
6
CONTINUOUS
10
88.8188519999999926
20
-57.8634139999999988
11
88.8188519999999926
21
-57.7065859999999944
0
LINE
8
BLACK
6
CONTINUOUS
10
88.8188519999999926
20
-57.7065859999999944
11
88.8494479999999953
21
-57.5527719999999974
0
LINE
8
BLACK
6
CONTINUOUS
10
88.8494479999999953
20
-57.5527719999999974
11
88.9094630000000024
21
-57.4078829999999982
0
LINE
8
BLACK
6
CONTINUOUS
10
88.9094630000000024
20
-57.4078829999999982
11
88.9965919999999926
21
-57.2774849999999986
0
LINE
8
BLACK
6
CONTINUOUS
10
88.9965919999999926
20
-57.2774849999999986
11
89.1074849999999969
21
-57.1665919999999943
0
LINE
8
BLACK
6
CONTINUOUS
10
89.1074849999999969
20
-57.1665919999999943
11
89.2378829999999965
21
-57.079462999999997
0
LINE
8
BLACK
6
CONTINUOUS
10
89.2378829999999965
20
-57.079462999999997
11
89.3827720000000028
21
-57.019447999999997
0
LINE
8
BLACK
6
CONTINUOUS
10
89.3827720000000028
20
-57.019447999999997
11
89.5365859999999998
21
-56.9888519999999943
0
LINE
8
BLACK
6
CONTINUOUS
10
89.5365859999999998
20
-56.9888519999999943
11
89.69341399999999
21
-56.9888519999999943
0
LINE
8
BLACK
6
CONTINUOUS
10
89.69341399999999
20
-56.9888519999999943
11
89.8472280000000012
21
-57.019447999999997
0
LINE
8
BLACK
6
CONTINUOUS
10
89.8472280000000012
20
-57.019447999999997
11
89.9921169999999933
21
-57.079462999999997
0
LINE
8
BLACK
6
CONTINUOUS
10
89.9921169999999933
20
-57.079462999999997
11
90.1225149999999928
21
-57.1665919999999943
0
LINE
8
BLACK
6
CONTINUOUS
10
90.1225149999999928
20
-57.1665919999999943
11
90.2334079999999972
21
-57.2774849999999986
0
LINE
8
BLACK
6
CONTINUOUS
10
90.2334079999999972
20
-57.2774849999999986
11
90.3205370000000016
21
-57.4078829999999982
0
LINE
8
BLACK
6
CONTINUOUS
10
90.3205370000000016
20
-57.4078829999999982
11
90.3805519999999945
21
-57.5527719999999974
0
LINE
8
BLACK
6
CONTINUOUS
10
90.3805519999999945
20
-57.5527719999999974
11
90.4111479999999972
21
-57.7065859999999944
0
LINE
8
BLACK
6
CONTINUOUS
10
90.4111479999999972
20
-57.7065859999999944
11
90.4111479999999972
21
-57.8634139999999988
0
LINE
8
BLACK
6
CONTINUOUS
10
90.4111479999999972
20
-57.8634139999999988
11
90.3805519999999945
21
-58.0172279999999958
0
LINE
8
BLACK
6
CONTINUOUS
10
90.3805519999999945
20
-58.0172279999999958
11
90.3205370000000016
21
-58.162116999999995
0
LINE
8
BLACK
6
CONTINUOUS
10
90.3205370000000016
20
-58.162116999999995
11
90.2334079999999972
21
-58.2925149999999945
0
LINE
8
BLACK
6
CONTINUOUS
10
90.2334079999999972
20
-58.2925149999999945
11
90.1225149999999928
21
-58.4034079999999989
0
LINE
8
BLACK
6
CONTINUOUS
10
90.1225149999999928
20
-58.4034079999999989
11
89.9921169999999933
21
-58.4905369999999962
0
LINE
8
BLACK
6
CONTINUOUS
10
89.9921169999999933
20
-58.4905369999999962
11
89.8472280000000012
21
-58.5505519999999962
0
LINE
8
BLACK
6
CONTINUOUS
10
89.8472280000000012
20
-58.5505519999999962
11
89.69341399999999
21
-58.5811479999999989
0
LINE
8
BLACK
6
CONTINUOUS
10
89.69341399999999
20
-58.5811479999999989
11
89.5365859999999998
21
-58.5811479999999989
0
LINE
8
BLACK
6
CONTINUOUS
10
89.5365859999999998
20
-58.5811479999999989
11
89.5277209999999997
21
-58.5793839999999975
0
LINE
8
BLACK
6
CONTINUOUS
10
89.5277209999999997
20
-58.5793839999999975
11
87.8330529999999925
21
-60.274052999999995
0
LINE
8
BLACK
6
CONTINUOUS
10
87.8330529999999925
20
-60.274052999999995
11
87.7838959999999986
21
-60.3171609999999987
0
LINE
8
BLACK
6
CONTINUOUS
10
87.7838959999999986
20
-60.3171609999999987
11
87.7838809999999938
21
-60.3171769999999938
0
LINE
8
BLACK
6
CONTINUOUS
10
87.7838809999999938
20
-60.3171769999999938
11
87.6708419999999933
21
-60.3824399999999955
0
LINE
8
BLACK
6
CONTINUOUS
10
87.6708419999999933
20
-60.3824399999999955
11
87.544762999999989
21
-60.4162229999999951
0
LINE
8
BLACK
6
CONTINUOUS
10
87.544762999999989
20
-60.4162229999999951
11
87.5447479999999985
21
-60.4162229999999951
0
LINE
8
BLACK
6
CONTINUOUS
10
87.5447479999999985
20
-60.4162229999999951
11
87.4795000000000016
21
-60.420499999999997
0
LINE
8
BLACK
6
CONTINUOUS
10
87.4795000000000016
20
-60.420499999999997
11
70.3692999999999955
21
-60.420499999999997
0
LINE
8
BLACK
6
CONTINUOUS
10
70.3692999999999955
20
-60.420499999999997
11
70.3040519999999987
21
-60.4162229999999951
0
LINE
8
BLACK
6
CONTINUOUS
10
70.3040519999999987
20
-60.4162229999999951
11
70.3040369999999939
21
-60.4162229999999951
0
LINE
8
BLACK
6
CONTINUOUS
10
70.3040369999999939
20
-60.4162229999999951
11
70.1779580000000038
21
-60.3824399999999955
0
LINE
8
BLACK
6
CONTINUOUS
10
70.1779580000000038
20
-60.3824399999999955
11
70.0649190000000033
21
-60.3171769999999938
0
LINE
8
BLACK
6
CONTINUOUS
10
70.0649190000000033
20
-60.3171769999999938
11
70.064903000000001
21
-60.3171609999999987
0
LINE
8
BLACK
6
CONTINUOUS
10
70.064903000000001
20
-60.3171609999999987
11
70.0157469999999904
21
-60.2740539999999996
0
LINE
8
BLACK
6
CONTINUOUS
10
70.0157469999999904
20
-60.2740539999999996
11
65.9104939999999999
21
-56.1687999999999974
0
LINE
8
BLACK
6
CONTINUOUS
10
65.9104939999999999
20
-56.1687999999999974
11
61.046205999999998
21
-56.1687999999999974
0
LINE
8
BLACK
6
CONTINUOUS
10
61.046205999999998
20
-56.1687999999999974
11
56.9705529999999953
21
-60.244453
0
LINE
8
BLACK
6
CONTINUOUS
10
56.9705529999999953
20
-60.244453
11
56.9213959999999943
21
-60.2875609999999966
0
LINE
8
BLACK
6
CONTINUOUS
10
56.9213959999999943
20
-60.2875609999999966
11
56.9213809999999967
21
-60.2875769999999989
0
LINE
8
BLACK
6
CONTINUOUS
10
56.9213809999999967
20
-60.2875769999999989
11
56.8083419999999961
21
-60.3528400000000005
0
LINE
8
BLACK
6
CONTINUOUS
10
56.8083419999999961
20
-60.3528400000000005
11
56.682262999999999
21
-60.3866230000000002
0
LINE
8
BLACK
6
CONTINUOUS
10
56.682262999999999
20
-60.3866230000000002
11
56.6822479999999942
21
-60.3866230000000002
0
LINE
8
BLACK
6
CONTINUOUS
10
56.6822479999999942
20
-60.3866230000000002
11
56.6169999999999973
21
-60.3908999999999949
0
LINE
8
BLACK
6
CONTINUOUS
10
56.6169999999999973
20
-60.3908999999999949
11
48.4825999999999979
21
-60.3908999999999949
0
LINE
8
BLACK
6
CONTINUOUS
10
48.4825999999999979
20
-60.3908999999999949
11
48.4173520000000011
21
-60.3866230000000002
0
LINE
8
BLACK
6
CONTINUOUS
10
48.4173520000000011
20
-60.3866230000000002
11
48.4173369999999963
21
-60.3866230000000002
0
LINE
8
BLACK
6
CONTINUOUS
10
48.4173369999999963
20
-60.3866230000000002
11
48.2912579999999991
21
-60.3528400000000005
0
LINE
8
BLACK
6
CONTINUOUS
10
48.2912579999999991
20
-60.3528400000000005
11
48.1782189999999986
21
-60.2875769999999989
0
LINE
8
BLACK
6
CONTINUOUS
10
48.1782189999999986
20
-60.2875769999999989
11
48.17821
21
-60.2875680000000003
0
LINE
8
BLACK
6
CONTINUOUS
10
48.17821
20
-60.2875680000000003
11
48.1290459999999953
21
-60.244453
0
LINE
8
BLACK
6
CONTINUOUS
10
48.1290459999999953
20
-60.244453
11
40.1345939999999999
21
-52.25
0
LINE
8
BLACK
6
CONTINUOUS
10
40.1345939999999999
20
-52.25
11
39.0399999999999991
21
-52.25
0
LINE
8
BLACK
6
CONTINUOUS
10
39.0399999999999991
20
-52.25
11
39.0399999999999991
21
-53.25
0
LINE
8
BLACK
6
CONTINUOUS
10
39.0399999999999991
20
-53.25
11
36.0399999999999991
21
-53.25
0
LINE
8
BLACK
6
CONTINUOUS
10
36.0399999999999991
20
-53.25
11
36.0399999999999991
21
-50.25
0
LINE
8
BLACK
6
CONTINUOUS
10
36.0399999999999991
20
-50.25
11
39.0399999999999991
21
-50.25
0
LINE
8
BLACK
6
CONTINUOUS
10
39.0399999999999991
20
-50.25
11
39.0399999999999991
21
-51.25
0
LINE
8
BLACK
6
CONTINUOUS
10
63.2493079999999992
20
-43.1582900000000009
11
63.2895690000000002
21
-43.2153929999999988
0
LINE
8
BLACK
6
CONTINUOUS
10
63.2895690000000002
20
-43.2153929999999988
11
63.2961999999999989
21
-43.2553999999999945
0
LINE
8
BLACK
6
CONTINUOUS
10
63.2961999999999989
20
-43.2553999999999945
11
63.2961999999999989
21
-45.6394510000000011
0
LINE
8
BLACK
6
CONTINUOUS
10
63.2961999999999989
20
-45.6394510000000011
11
63.3282219999999967
21
-45.8416339999999991
0
LINE
8
BLACK
6
CONTINUOUS
10
63.3282219999999967
20
-45.8416339999999991
11
63.3914809999999989
21
-46.0363229999999959
0
LINE
8
BLACK
6
CONTINUOUS
10
63.3914809999999989
20
-46.0363229999999959
11
63.4379459999999966
21
-46.1275139999999979
0
LINE
8
BLACK
6
CONTINUOUS
10
63.4379459999999966
20
-46.1275139999999979
11
63.4844129999999964
21
-46.218710999999999
0
LINE
8
BLACK
6
CONTINUOUS
10
63.4844129999999964
20
-46.218710999999999
11
63.6047340000000005
21
-46.3843189999999979
0
LINE
8
BLACK
6
CONTINUOUS
10
63.6047340000000005
20
-46.3843189999999979
11
70.0882809999999949
21
-52.8678659999999994
0
LINE
8
BLACK
6
CONTINUOUS
10
70.0882809999999949
20
-52.8678659999999994
11
70.2538890000000009
21
-52.9881869999999964
0
LINE
8
BLACK
6
CONTINUOUS
10
70.2538890000000009
20
-52.9881869999999964
11
70.3450849999999974
21
-53.0346529999999987
0
LINE
8
BLACK
6
CONTINUOUS
10
70.3450849999999974
20
-53.0346529999999987
11
70.4362809999999939
21
-53.0811199999999985
0
LINE
8
BLACK
6
CONTINUOUS
10
70.4362809999999939
20
-53.0811199999999985
11
70.5103209999999905
21
-53.1051769999999976
0
LINE
8
BLACK
6
CONTINUOUS
10
70.5103209999999905
20
-53.1051769999999976
11
70.6309650000000033
21
-53.1443769999999986
0
LINE
8
BLACK
6
CONTINUOUS
10
70.6309650000000033
20
-53.1443769999999986
11
70.8331479999999942
21
-53.176400000000001
0
LINE
8
BLACK
6
CONTINUOUS
10
70.8331479999999942
20
-53.176400000000001
11
71.0378520000000009
21
-53.176400000000001
0
LINE
8
BLACK
6
CONTINUOUS
10
71.0378520000000009
20
-53.176400000000001
11
81.9350529999999964
21
-53.176400000000001
0
LINE
8
BLACK
6
CONTINUOUS
10
81.9350529999999964
20
-53.176400000000001
11
82.0020919999999904
21
-53.1960849999999965
0
LINE
8
BLACK
6
CONTINUOUS
10
82.0020919999999904
20
-53.1960849999999965
11
82.0478469999999902
21
-53.2488889999999984
0
LINE
8
BLACK
6
CONTINUOUS
10
82.0478469999999902
20
-53.2488889999999984
11
82.0577909999999946
21
-53.318047
0
LINE
8
BLACK
6
CONTINUOUS
10
82.0577909999999946
20
-53.318047
11
82.0287659999999903
21
-53.3816029999999984
0
LINE
8
BLACK
6
CONTINUOUS
10
82.0287659999999903
20
-53.3816029999999984
11
82.0227339999999998
21
-53.3880809999999997
0
LINE
8
BLACK
6
CONTINUOUS
10
82.0227339999999998
20
-53.3880809999999997
11
79.2335899999999924
21
-56.1772229999999979
0
LINE
8
BLACK
6
CONTINUOUS
10
79.2335899999999924
20
-56.1772229999999979
11
79.1722669999999908
21
-56.2107079999999968
0
LINE
8
BLACK
6
CONTINUOUS
10
79.1722669999999908
20
-56.2107079999999968
11
79.1653089999999935
21
-56.212015000000001
0
LINE
8
BLACK
6
CONTINUOUS
10
79.1653089999999935
20
-56.212015000000001
11
79.0902169999999956
21
-56.223908999999999
0
LINE
8
BLACK
6
CONTINUOUS
10
79.0902169999999956
20
-56.223908999999999
11
78.8506179999999972
21
-56.3017599999999945
0
LINE
8
BLACK
6
CONTINUOUS
10
78.8506179999999972
20
-56.3017599999999945
11
78.626150999999993
21
-56.4161319999999975
0
LINE
8
BLACK
6
CONTINUOUS
10
78.626150999999993
20
-56.4161319999999975
11
78.4223499999999945
21
-56.5642009999999971
0
LINE
8
BLACK
6
CONTINUOUS
10
78.4223499999999945
20
-56.5642009999999971
11
78.4223449999999929
21
-56.5642049999999941
0
LINE
8
BLACK
6
CONTINUOUS
10
78.4223449999999929
20
-56.5642049999999941
11
78.2442049999999938
21
-56.7423450000000003
0
LINE
8
BLACK
6
CONTINUOUS
10
78.2442049999999938
20
-56.7423450000000003
11
78.2442009999999897
21
-56.7423499999999947
0
LINE
8
BLACK
6
CONTINUOUS
10
78.2442009999999897
20
-56.7423499999999947
11
78.0961319999999972
21
-56.9461510000000004
0
LINE
8
BLACK
6
CONTINUOUS
10
78.0961319999999972
20
-56.9461510000000004
11
77.9817599999999942
21
-57.1706159999999954
0
LINE
8
BLACK
6
CONTINUOUS
10
77.9817599999999942
20
-57.1706159999999954
11
77.9039099999999962
21
-57.4102139999999963
0
LINE
8
BLACK
6
CONTINUOUS
10
77.9039099999999962
20
-57.4102139999999963
11
77.8644999999999925
21
-57.6590379999999953
0
LINE
8
BLACK
6
CONTINUOUS
10
77.8644999999999925
20
-57.6590379999999953
11
77.8644999999999925
21
-57.9109610000000004
0
LINE
8
BLACK
6
CONTINUOUS
10
77.8644999999999925
20
-57.9109610000000004
11
77.9039099999999962
21
-58.1597849999999994
0
LINE
8
BLACK
6
CONTINUOUS
10
77.9039099999999962
20
-58.1597849999999994
11
77.9817599999999942
21
-58.3993830000000003
0
LINE
8
BLACK
6
CONTINUOUS
10
77.9817599999999942
20
-58.3993830000000003
11
78.0023059999999901
21
-58.4397049999999965
0
LINE
8
BLACK
6
CONTINUOUS
10
78.0023059999999901
20
-58.4397049999999965
11
78.0152020000000022
21
-58.5083739999999963
0
LINE
8
BLACK
6
CONTINUOUS
10
78.0152020000000022
20
-58.5083739999999963
11
77.9889259999999922
21
-58.5731149999999943
0
LINE
8
BLACK
6
CONTINUOUS
10
77.9889259999999922
20
-58.5731149999999943
11
77.9318189999999902
21
-58.6133719999999983
0
LINE
8
BLACK
6
CONTINUOUS
10
77.9318189999999902
20
-58.6133719999999983
11
77.8918209999999931
21
-58.6199999999999974
0
LINE
8
BLACK
6
CONTINUOUS
10
77.8918209999999931
20
-58.6199999999999974
11
73.418178999999995
21
-58.6199999999999974
0
LINE
8
BLACK
6
CONTINUOUS
10
73.418178999999995
20
-58.6199999999999974
11
73.3511400000000009
21
-58.6003149999999948
0
LINE
8
BLACK
6
CONTINUOUS
10
73.3511400000000009
20
-58.6003149999999948
11
73.3053850000000011
21
-58.5475110000000001
0
LINE
8
BLACK
6
CONTINUOUS
10
73.3053850000000011
20
-58.5475110000000001
11
73.2954409999999967
21
-58.4783529999999985
0
LINE
8
BLACK
6
CONTINUOUS
10
73.2954409999999967
20
-58.4783529999999985
11
73.3076939999999979
21
-58.4397049999999965
0
LINE
8
BLACK
6
CONTINUOUS
10
73.3076939999999979
20
-58.4397049999999965
11
73.3282389999999964
21
-58.3993830000000003
0
LINE
8
BLACK
6
CONTINUOUS
10
73.3282389999999964
20
-58.3993830000000003
11
73.3282389999999964
21
-58.3993819999999957
0
LINE
8
BLACK
6
CONTINUOUS
10
73.3282389999999964
20
-58.3993819999999957
11
73.3282409999999913
21
-58.3993789999999962
0
LINE
8
BLACK
6
CONTINUOUS
10
73.3282409999999913
20
-58.3993789999999962
11
73.4060899999999918
21
-58.1597849999999994
0
LINE
8
BLACK
6
CONTINUOUS
10
73.4060899999999918
20
-58.1597849999999994
11
73.4454999999999956
21
-57.9109619999999978
0
LINE
8
BLACK
6
CONTINUOUS
10
73.4454999999999956
20
-57.9109619999999978
11
73.4454999999999956
21
-57.6590379999999953
0
LINE
8
BLACK
6
CONTINUOUS
10
73.4454999999999956
20
-57.6590379999999953
11
73.4060899999999918
21
-57.4102150000000009
0
LINE
8
BLACK
6
CONTINUOUS
10
73.4060899999999918
20
-57.4102150000000009
11
73.3282409999999913
21
-57.170620999999997
0
LINE
8
BLACK
6
CONTINUOUS
10
73.3282409999999913
20
-57.170620999999997
11
73.3282389999999964
21
-57.1706179999999975
0
LINE
8
BLACK
6
CONTINUOUS
10
73.3282389999999964
20
-57.1706179999999975
11
73.3282389999999964
21
-57.1706159999999954
0
LINE
8
BLACK
6
CONTINUOUS
10
73.3282389999999964
20
-57.1706159999999954
11
73.2441680000000019
21
-57.0056189999999958
0
LINE
8
BLACK
6
CONTINUOUS
10
73.2441680000000019
20
-57.0056189999999958
11
73.21387
21
-56.9461549999999974
0
LINE
8
BLACK
6
CONTINUOUS
10
73.21387
20
-56.9461549999999974
11
73.1949520000000007
21
-56.9201169999999976
0
LINE
8
BLACK
6
CONTINUOUS
10
73.1949520000000007
20
-56.9201169999999976
11
73.0657980000000009
21
-56.7423499999999947
0
LINE
8
BLACK
6
CONTINUOUS
10
73.0657980000000009
20
-56.7423499999999947
11
73.0657939999999968
21
-56.7423450000000003
0
LINE
8
BLACK
6
CONTINUOUS
10
73.0657939999999968
20
-56.7423450000000003
11
72.8876539999999977
21
-56.5642049999999941
0
LINE
8
BLACK
6
CONTINUOUS
10
72.8876539999999977
20
-56.5642049999999941
11
72.8876489999999961
21
-56.5642009999999971
0
LINE
8
BLACK
6
CONTINUOUS
10
72.8876489999999961
20
-56.5642009999999971
11
72.6838479999999976
21
-56.4161319999999975
0
LINE
8
BLACK
6
CONTINUOUS
10
72.6838479999999976
20
-56.4161319999999975
11
72.6838470000000001
21
-56.416131
0
LINE
8
BLACK
6
CONTINUOUS
10
72.6838470000000001
20
-56.416131
11
72.6838449999999909
21
-56.4161299999999954
0
LINE
8
BLACK
6
CONTINUOUS
10
72.6838449999999909
20
-56.4161299999999954
11
72.4593789999999984
21
-56.301758999999997
0
LINE
8
BLACK
6
CONTINUOUS
10
72.4593789999999984
20
-56.301758999999997
11
72.3395819999999929
21
-56.262833999999998
0
LINE
8
BLACK
6
CONTINUOUS
10
72.3395819999999929
20
-56.262833999999998
11
72.2197829999999925
21
-56.223908999999999
0
LINE
8
BLACK
6
CONTINUOUS
10
72.2197829999999925
20
-56.223908999999999
11
72.1446889999999996
21
-56.212015000000001
0
LINE
8
BLACK
6
CONTINUOUS
10
72.1446889999999996
20
-56.212015000000001
11
72.0815549999999945
21
-56.1820850000000007
0
LINE
8
BLACK
6
CONTINUOUS
10
72.0815549999999945
20
-56.1820850000000007
11
72.0764080000000007
21
-56.1772229999999979
0
LINE
8
BLACK
6
CONTINUOUS
10
72.0764080000000007
20
-56.1772229999999979
11
68.7598210000000023
21
-52.8606359999999995
0
LINE
8
BLACK
6
CONTINUOUS
10
68.7598210000000023
20
-52.8606359999999995
11
68.7598189999999931
21
-52.8606339999999975
0
LINE
8
BLACK
6
CONTINUOUS
10
68.7598189999999931
20
-52.8606339999999975
11
68.5942110000000014
21
-52.7403130000000004
0
LINE
8
BLACK
6
CONTINUOUS
10
68.5942110000000014
20
-52.7403130000000004
11
68.4761139999999955
21
-52.6801399999999944
0
LINE
8
BLACK
6
CONTINUOUS
10
68.4761139999999955
20
-52.6801399999999944
11
68.4118229999999983
21
-52.6473809999999958
0
LINE
8
BLACK
6
CONTINUOUS
10
68.4118229999999983
20
-52.6473809999999958
11
68.3640809999999988
21
-52.6318689999999947
0
LINE
8
BLACK
6
CONTINUOUS
10
68.3640809999999988
20
-52.6318689999999947
11
68.3123209999999972
21
-52.6150510000000011
0
LINE
8
BLACK
6
CONTINUOUS
10
68.3123209999999972
20
-52.6150510000000011
11
68.3123199999999997
21
-52.6150499999999965
0
LINE
8
BLACK
6
CONTINUOUS
10
68.3123199999999997
20
-52.6150499999999965
11
68.2171319999999923
21
-52.5841220000000007
0
LINE
8
BLACK
6
CONTINUOUS
10
68.2171319999999923
20
-52.5841220000000007
11
68.0618199999999973
21
-52.5595229999999987
0
LINE
8
BLACK
6
CONTINUOUS
10
68.0618199999999973
20
-52.5595229999999987
11
68.0149519999999939
21
-52.5520999999999958
0
LINE
8
BLACK
6
CONTINUOUS
10
68.0149519999999939
20
-52.5520999999999958
11
68.0149509999999964
21
-52.5520999999999958
0
LINE
8
BLACK
6
CONTINUOUS
10
68.0149509999999964
20
-52.5520999999999958
11
61.017799999999994
21
-52.5520999999999958
0
LINE
8
BLACK
6
CONTINUOUS
10
61.017799999999994
20
-52.5520999999999958
11
60.950761
21
-52.5324150000000003
0
LINE
8
BLACK
6
CONTINUOUS
10
60.950761
20
-52.5324150000000003
11
60.9050060000000002
21
-52.4796109999999985
0
LINE
8
BLACK
6
CONTINUOUS
10
60.9050060000000002
20
-52.4796109999999985
11
60.8937999999999988
21
-52.4281000000000006
0
LINE
8
BLACK
6
CONTINUOUS
10
60.8937999999999988
20
-52.4281000000000006
11
60.8937999999999988
21
-51.3253999999999948
0
LINE
8
BLACK
6
CONTINUOUS
10
60.8937999999999988
20
-51.3253999999999948
11
60.9134849999999943
21
-51.2583610000000007
0
LINE
8
BLACK
6
CONTINUOUS
10
60.9134849999999943
20
-51.2583610000000007
11
60.9662889999999962
21
-51.212606000000001
0
LINE
8
BLACK
6
CONTINUOUS
10
60.9662889999999962
20
-51.212606000000001
11
61.0354469999999978
21
-51.2026619999999966
0
LINE
8
BLACK
6
CONTINUOUS
10
61.0354469999999978
20
-51.2026619999999966
11
61.0740979999999993
21
-51.2149169999999998
0
LINE
8
BLACK
6
CONTINUOUS
10
61.0740979999999993
20
-51.2149169999999998
11
61.0806210000000007
21
-51.218240999999999
0
LINE
8
BLACK
6
CONTINUOUS
10
61.0806210000000007
20
-51.218240999999999
11
61.3202149999999975
21
-51.2960899999999995
0
LINE
8
BLACK
6
CONTINUOUS
10
61.3202149999999975
20
-51.2960899999999995
11
61.569037999999999
21
-51.3354999999999961
0
LINE
8
BLACK
6
CONTINUOUS
10
61.569037999999999
20
-51.3354999999999961
11
61.5690389999999965
21
-51.3354999999999961
0
LINE
8
BLACK
6
CONTINUOUS
10
61.5690389999999965
20
-51.3354999999999961
11
61.8209609999999969
21
-51.3354999999999961
0
LINE
8
BLACK
6
CONTINUOUS
10
61.8209609999999969
20
-51.3354999999999961
11
61.8209619999999944
21
-51.3354999999999961
0
LINE
8
BLACK
6
CONTINUOUS
10
61.8209619999999944
20
-51.3354999999999961
11
62.069784999999996
21
-51.2960899999999995
0
LINE
8
BLACK
6
CONTINUOUS
10
62.069784999999996
20
-51.2960899999999995
11
62.3093789999999998
21
-51.218240999999999
0
LINE
8
BLACK
6
CONTINUOUS
10
62.3093789999999998
20
-51.218240999999999
11
62.5338449999999995
21
-51.1038700000000006
0
LINE
8
BLACK
6
CONTINUOUS
10
62.5338449999999995
20
-51.1038700000000006
11
62.7376559999999941
21
-50.9557929999999999
0
LINE
8
BLACK
6
CONTINUOUS
10
62.7376559999999941
20
-50.9557929999999999
11
62.9157929999999936
21
-50.7776560000000003
0
LINE
8
BLACK
6
CONTINUOUS
10
62.9157929999999936
20
-50.7776560000000003
11
63.0638699999999943
21
-50.5738449999999986
0
LINE
8
BLACK
6
CONTINUOUS
10
63.0638699999999943
20
-50.5738449999999986
11
63.1782409999999999
21
-50.349378999999999
0
LINE
8
BLACK
6
CONTINUOUS
10
63.1782409999999999
20
-50.349378999999999
11
63.2560900000000004
21
-50.1097849999999951
0
LINE
8
BLACK
6
CONTINUOUS
10
63.2560900000000004
20
-50.1097849999999951
11
63.295499999999997
21
-49.8609620000000007
0
LINE
8
BLACK
6
CONTINUOUS
10
63.295499999999997
20
-49.8609620000000007
11
63.295499999999997
21
-49.6090379999999982
0
LINE
8
BLACK
6
CONTINUOUS
10
63.295499999999997
20
-49.6090379999999982
11
63.2560900000000004
21
-49.3602149999999966
0
LINE
8
BLACK
6
CONTINUOUS
10
63.2560900000000004
20
-49.3602149999999966
11
63.1782409999999999
21
-49.1206209999999999
0
LINE
8
BLACK
6
CONTINUOUS
10
63.1782409999999999
20
-49.1206209999999999
11
63.1782389999999978
21
-49.1206180000000003
0
LINE
8
BLACK
6
CONTINUOUS
10
63.1782389999999978
20
-49.1206180000000003
11
63.1782389999999978
21
-49.1206159999999983
0
LINE
8
BLACK
6
CONTINUOUS
10
63.1782389999999978
20
-49.1206159999999983
11
63.123111999999999
21
-49.0124250000000004
0
LINE
8
BLACK
6
CONTINUOUS
10
63.123111999999999
20
-49.0124250000000004
11
63.0638699999999943
21
-48.8961550000000003
0
LINE
8
BLACK
6
CONTINUOUS
10
63.0638699999999943
20
-48.8961550000000003
11
63.0110879999999938
21
-48.8235059999999947
0
LINE
8
BLACK
6
CONTINUOUS
10
63.0110879999999938
20
-48.8235059999999947
11
62.9157979999999952
21
-48.6923499999999976
0
LINE
8
BLACK
6
CONTINUOUS
10
62.9157979999999952
20
-48.6923499999999976
11
62.9157939999999982
21
-48.692344999999996
0
LINE
8
BLACK
6
CONTINUOUS
10
62.9157939999999982
20
-48.692344999999996
11
62.7376539999999991
21
-48.5142049999999969
0
LINE
8
BLACK
6
CONTINUOUS
10
62.7376539999999991
20
-48.5142049999999969
11
62.7376489999999976
21
-48.5142009999999999
0
LINE
8
BLACK
6
CONTINUOUS
10
62.7376489999999976
20
-48.5142009999999999
11
62.533847999999999
21
-48.3661320000000003
0
LINE
8
BLACK
6
CONTINUOUS
10
62.533847999999999
20
-48.3661320000000003
11
62.5338469999999944
21
-48.3661309999999958
0
LINE
8
BLACK
6
CONTINUOUS
10
62.5338469999999944
20
-48.3661309999999958
11
62.5338449999999995
21
-48.3661299999999983
0
LINE
8
BLACK
6
CONTINUOUS
10
62.5338449999999995
20
-48.3661299999999983
11
62.4637469999999979
21
-48.3304130000000001
0
LINE
8
BLACK
6
CONTINUOUS
10
62.4637469999999979
20
-48.3304130000000001
11
62.3093829999999969
21
-48.2517599999999973
0
LINE
8
BLACK
6
CONTINUOUS
10
62.3093829999999969
20
-48.2517599999999973
11
62.069784999999996
21
-48.1739099999999993
0
LINE
8
BLACK
6
CONTINUOUS
10
62.069784999999996
20
-48.1739099999999993
11
61.9963499999999996
21
-48.1622789999999981
0
LINE
8
BLACK
6
CONTINUOUS
10
61.9963499999999996
20
-48.1622789999999981
11
61.8209619999999944
21
-48.1344999999999956
0
LINE
8
BLACK
6
CONTINUOUS
10
61.8209619999999944
20
-48.1344999999999956
11
61.569037999999999
21
-48.1344999999999956
0
LINE
8
BLACK
6
CONTINUOUS
10
61.569037999999999
20
-48.1344999999999956
11
61.505281999999994
21
-48.1445979999999949
0
LINE
8
BLACK
6
CONTINUOUS
10
61.505281999999994
20
-48.1445979999999949
11
61.3202129999999954
21
-48.1739099999999993
0
LINE
8
BLACK
6
CONTINUOUS
10
61.3202129999999954
20
-48.1739099999999993
11
61.3202099999999959
21
-48.1739099999999993
0
LINE
8
BLACK
6
CONTINUOUS
10
61.3202099999999959
20
-48.1739099999999993
11
61.0806210000000007
21
-48.2517579999999953
0
LINE
8
BLACK
6
CONTINUOUS
10
61.0806210000000007
20
-48.2517579999999953
11
61.0740869999999987
21
-48.2550869999999961
0
LINE
8
BLACK
6
CONTINUOUS
10
61.0740869999999987
20
-48.2550869999999961
11
61.0054159999999968
21
-48.2679779999999994
0
LINE
8
BLACK
6
CONTINUOUS
10
61.0054159999999968
20
-48.2679779999999994
11
60.9406779999999983
21
-48.2416969999999949
0
LINE
8
BLACK
6
CONTINUOUS
10
60.9406779999999983
20
-48.2416969999999949
11
60.9004249999999985
21
-48.184587999999998
0
LINE
8
BLACK
6
CONTINUOUS
10
60.9004249999999985
20
-48.184587999999998
11
60.8937999999999988
21
-48.1445979999999949
0
LINE
8
BLACK
6
CONTINUOUS
10
60.8937999999999988
20
-48.1445979999999949
11
60.8937999999999988
21
-43.2553999999999945
0
LINE
8
BLACK
6
CONTINUOUS
10
60.8937999999999988
20
-43.2553999999999945
11
60.9134849999999943
21
-43.1883610000000004
0
LINE
8
BLACK
6
CONTINUOUS
10
60.9134849999999943
20
-43.1883610000000004
11
60.9662889999999962
21
-43.1426060000000007
0
LINE
8
BLACK
6
CONTINUOUS
10
60.9662889999999962
20
-43.1426060000000007
11
61.0354469999999978
21
-43.1326619999999963
0
LINE
8
BLACK
6
CONTINUOUS
10
61.0354469999999978
20
-43.1326619999999963
11
61.0740979999999993
21
-43.1449169999999995
0
LINE
8
BLACK
6
CONTINUOUS
10
61.0740979999999993
20
-43.1449169999999995
11
61.0806210000000007
21
-43.1482409999999987
0
LINE
8
BLACK
6
CONTINUOUS
10
61.0806210000000007
20
-43.1482409999999987
11
61.3202149999999975
21
-43.2260899999999992
0
LINE
8
BLACK
6
CONTINUOUS
10
61.3202149999999975
20
-43.2260899999999992
11
61.569037999999999
21
-43.2654999999999959
0
LINE
8
BLACK
6
CONTINUOUS
10
61.569037999999999
20
-43.2654999999999959
11
61.5690389999999965
21
-43.2654999999999959
0
LINE
8
BLACK
6
CONTINUOUS
10
61.5690389999999965
20
-43.2654999999999959
11
62.6209609999999941
21
-43.2654999999999959
0
LINE
8
BLACK
6
CONTINUOUS
10
62.6209609999999941
20
-43.2654999999999959
11
62.6209619999999987
21
-43.2654999999999959
0
LINE
8
BLACK
6
CONTINUOUS
10
62.6209619999999987
20
-43.2654999999999959
11
62.8697850000000003
21
-43.2260899999999992
0
LINE
8
BLACK
6
CONTINUOUS
10
62.8697850000000003
20
-43.2260899999999992
11
63.109378999999997
21
-43.1482409999999987
0
LINE
8
BLACK
6
CONTINUOUS
10
63.109378999999997
20
-43.1482409999999987
11
63.1158989999999989
21
-43.144917999999997
0
LINE
8
BLACK
6
CONTINUOUS
10
63.1158989999999989
20
-43.144917999999997
11
63.1845649999999992
21
-43.1320179999999951
0
LINE
8
BLACK
6
CONTINUOUS
10
63.1845649999999992
20
-43.1320179999999951
11
63.2493079999999992
21
-43.1582900000000009
0
LINE
8
BLACK
6
CONTINUOUS
10
59.2832919999999959
20
-55.1727849999999975
11
59.3290469999999956
21
-55.2255889999999994
0
LINE
8
BLACK
6
CONTINUOUS
10
59.3290469999999956
20
-55.2255889999999994
11
59.338991
21
-55.294747000000001
0
LINE
8
BLACK
6
CONTINUOUS
10
59.338991
20
-55.294747000000001
11
59.3099659999999957
21
-55.3583029999999994
0
LINE
8
BLACK
6
CONTINUOUS
10
59.3099659999999957
20
-55.3583029999999994
11
59.3039339999999982
21
-55.3647810000000007
0
LINE
8
BLACK
6
CONTINUOUS
10
59.3039339999999982
20
-55.3647810000000007
11
56.1146339999999952
21
-58.5540809999999965
0
LINE
8
BLACK
6
CONTINUOUS
10
56.1146339999999952
20
-58.5540809999999965
11
56.0533110000000008
21
-58.5875659999999954
0
LINE
8
BLACK
6
CONTINUOUS
10
56.0533110000000008
20
-58.5875659999999954
11
56.0269529999999989
21
-58.5903999999999954
0
LINE
8
BLACK
6
CONTINUOUS
10
56.0269529999999989
20
-58.5903999999999954
11
55.6632609999999985
21
-58.5903999999999954
0
LINE
8
BLACK
6
CONTINUOUS
10
55.6632609999999985
20
-58.5903999999999954
11
55.5962219999999974
21
-58.5707149999999999
0
LINE
8
BLACK
6
CONTINUOUS
10
55.5962219999999974
20
-58.5707149999999999
11
55.5504669999999976
21
-58.517910999999998
0
LINE
8
BLACK
6
CONTINUOUS
10
55.5504669999999976
20
-58.517910999999998
11
55.5405230000000003
21
-58.4487529999999964
0
LINE
8
BLACK
6
CONTINUOUS
10
55.5405230000000003
20
-58.4487529999999964
11
55.5527759999999944
21
-58.4101049999999944
0
LINE
8
BLACK
6
CONTINUOUS
10
55.5527759999999944
20
-58.4101049999999944
11
55.5535819999999987
21
-58.4085219999999978
0
LINE
8
BLACK
6
CONTINUOUS
10
55.5535819999999987
20
-58.4085219999999978
11
55.5582409999999953
21
-58.3993789999999962
0
LINE
8
BLACK
6
CONTINUOUS
10
55.5582409999999953
20
-58.3993789999999962
11
55.6360899999999958
21
-58.1597849999999994
0
LINE
8
BLACK
6
CONTINUOUS
10
55.6360899999999958
20
-58.1597849999999994
11
55.647984000000001
21
-58.0846869999999953
0
LINE
8
BLACK
6
CONTINUOUS
10
55.647984000000001
20
-58.0846869999999953
11
55.6779109999999946
21
-58.0215569999999943
0
LINE
8
BLACK
6
CONTINUOUS
10
55.6779109999999946
20
-58.0215569999999943
11
55.6827569999999952
21
-58.0164259999999956
0
LINE
8
BLACK
6
CONTINUOUS
10
55.6827569999999952
20
-58.0164259999999956
11
58.5097659999999991
21
-55.1894190000000009
0
LINE
8
BLACK
6
CONTINUOUS
10
58.5097659999999991
20
-55.1894190000000009
11
58.5710890000000006
21
-55.1559339999999949
0
LINE
8
BLACK
6
CONTINUOUS
10
58.5710890000000006
20
-55.1559339999999949
11
58.5974469999999954
21
-55.1530999999999949
0
LINE
8
BLACK
6
CONTINUOUS
10
58.5974469999999954
20
-55.1530999999999949
11
59.2162529999999947
21
-55.1530999999999949
0
LINE
8
BLACK
6
CONTINUOUS
10
59.2162529999999947
20
-55.1530999999999949
11
59.2832919999999959
21
-55.1727849999999975
0
LINE
8
BLACK
6
CONTINUOUS
10
62.5734139999999996
20
-38.3288519999999977
11
62.7272279999999967
21
-38.3594480000000004
0
LINE
8
BLACK
6
CONTINUOUS
10
62.7272279999999967
20
-38.3594480000000004
11
62.8721169999999958
21
-38.4194630000000004
0
LINE
8
BLACK
6
CONTINUOUS
10
62.8721169999999958
20
-38.4194630000000004
11
63.0025149999999954
21
-38.5065919999999977
0
LINE
8
BLACK
6
CONTINUOUS
10
63.0025149999999954
20
-38.5065919999999977
11
63.1134079999999997
21
-38.617484999999995
0
LINE
8
BLACK
6
CONTINUOUS
10
63.1134079999999997
20
-38.617484999999995
11
63.2005369999999971
21
-38.7478830000000016
0
LINE
8
BLACK
6
CONTINUOUS
10
63.2005369999999971
20
-38.7478830000000016
11
63.260551999999997
21
-38.8927720000000008
0
LINE
8
BLACK
6
CONTINUOUS
10
63.260551999999997
20
-38.8927720000000008
11
63.2911479999999997
21
-39.0465859999999978
0
LINE
8
BLACK
6
CONTINUOUS
10
63.2911479999999997
20
-39.0465859999999978
11
63.2911479999999997
21
-39.2034139999999951
0
LINE
8
BLACK
6
CONTINUOUS
10
63.2911479999999997
20
-39.2034139999999951
11
63.260551999999997
21
-39.3572279999999992
0
LINE
8
BLACK
6
CONTINUOUS
10
63.260551999999997
20
-39.3572279999999992
11
63.2005369999999971
21
-39.5021169999999984
0
LINE
8
BLACK
6
CONTINUOUS
10
63.2005369999999971
20
-39.5021169999999984
11
63.1134079999999997
21
-39.6325149999999979
0
LINE
8
BLACK
6
CONTINUOUS
10
63.1134079999999997
20
-39.6325149999999979
11
63.0025149999999954
21
-39.7434079999999952
0
LINE
8
BLACK
6
CONTINUOUS
10
63.0025149999999954
20
-39.7434079999999952
11
62.8721169999999958
21
-39.8305369999999996
0
LINE
8
BLACK
6
CONTINUOUS
10
62.8721169999999958
20
-39.8305369999999996
11
62.7272279999999967
21
-39.8905519999999996
0
LINE
8
BLACK
6
CONTINUOUS
10
62.7272279999999967
20
-39.8905519999999996
11
62.5734139999999996
21
-39.9211479999999952
0
LINE
8
BLACK
6
CONTINUOUS
10
62.5734139999999996
20
-39.9211479999999952
11
62.4949999999999974
21
-39.9249999999999972
0
LINE
8
BLACK
6
CONTINUOUS
10
62.4949999999999974
20
-39.9249999999999972
11
61.6950000000000003
21
-39.9249999999999972
0
LINE
8
BLACK
6
CONTINUOUS
10
61.6950000000000003
20
-39.9249999999999972
11
61.6165859999999981
21
-39.9211479999999952
0
LINE
8
BLACK
6
CONTINUOUS
10
61.6165859999999981
20
-39.9211479999999952
11
61.462771999999994
21
-39.8905519999999996
0
LINE
8
BLACK
6
CONTINUOUS
10
61.462771999999994
20
-39.8905519999999996
11
61.3178829999999948
21
-39.8305369999999996
0
LINE
8
BLACK
6
CONTINUOUS
10
61.3178829999999948
20
-39.8305369999999996
11
61.1874849999999952
21
-39.7434079999999952
0
LINE
8
BLACK
6
CONTINUOUS
10
61.1874849999999952
20
-39.7434079999999952
11
61.076591999999998
21
-39.6325149999999979
0
LINE
8
BLACK
6
CONTINUOUS
10
61.076591999999998
20
-39.6325149999999979
11
61.0715709999999987
21
-39.625
0
LINE
8
BLACK
6
CONTINUOUS
10
61.0715709999999987
20
-39.625
11
60.0932999999999993
21
-39.625
0
LINE
8
BLACK
6
CONTINUOUS
10
60.0932999999999993
20
-39.625
11
60.0932999999999993
21
-53.3525999999999954
0
LINE
8
BLACK
6
CONTINUOUS
10
60.0932999999999993
20
-53.3525999999999954
11
67.9125999999999976
21
-53.3525999999999954
0
LINE
8
BLACK
6
CONTINUOUS
10
67.9125999999999976
20
-53.3525999999999954
11
67.9778479999999945
21
-53.3568769999999972
0
LINE
8
BLACK
6
CONTINUOUS
10
67.9778479999999945
20
-53.3568769999999972
11
67.9778629999999993
21
-53.3568769999999972
0
LINE
8
BLACK
6
CONTINUOUS
10
67.9778629999999993
20
-53.3568769999999972
11
68.0943170000000038
21
-53.3880809999999997
0
LINE
8
BLACK
6
CONTINUOUS
10
68.0943170000000038
20
-53.3880809999999997
11
68.1039420000000035
21
-53.3906599999999969
0
LINE
8
BLACK
6
CONTINUOUS
10
68.1039420000000035
20
-53.3906599999999969
11
68.2169809999999899
21
-53.4559229999999985
0
LINE
8
BLACK
6
CONTINUOUS
10
68.2169809999999899
20
-53.4559229999999985
11
68.2169959999999946
21
-53.4559379999999962
0
LINE
8
BLACK
6
CONTINUOUS
10
68.2169959999999946
20
-53.4559379999999962
11
68.2661530000000027
21
-53.4990469999999974
0
LINE
8
BLACK
6
CONTINUOUS
10
68.2661530000000027
20
-53.4990469999999974
11
71.7577220000000011
21
-56.9906149999999982
0
LINE
8
BLACK
6
CONTINUOUS
10
71.7577220000000011
20
-56.9906149999999982
11
71.7665860000000038
21
-56.9888519999999943
0
LINE
8
BLACK
6
CONTINUOUS
10
71.7665860000000038
20
-56.9888519999999943
11
71.923413999999994
21
-56.9888519999999943
0
LINE
8
BLACK
6
CONTINUOUS
10
71.923413999999994
20
-56.9888519999999943
11
72.077227999999991
21
-57.019447999999997
0
LINE
8
BLACK
6
CONTINUOUS
10
72.077227999999991
20
-57.019447999999997
11
72.2221169999999972
21
-57.079462999999997
0
LINE
8
BLACK
6
CONTINUOUS
10
72.2221169999999972
20
-57.079462999999997
11
72.3525149999999968
21
-57.1665919999999943
0
LINE
8
BLACK
6
CONTINUOUS
10
72.3525149999999968
20
-57.1665919999999943
11
72.4634080000000012
21
-57.2774849999999986
0
LINE
8
BLACK
6
CONTINUOUS
10
72.4634080000000012
20
-57.2774849999999986
11
72.5505369999999914
21
-57.4078829999999982
0
LINE
8
BLACK
6
CONTINUOUS
10
72.5505369999999914
20
-57.4078829999999982
11
72.6105519999999984
21
-57.5527719999999974
0
LINE
8
BLACK
6
CONTINUOUS
10
72.6105519999999984
20
-57.5527719999999974
11
72.6411480000000012
21
-57.7065859999999944
0
LINE
8
BLACK
6
CONTINUOUS
10
72.6411480000000012
20
-57.7065859999999944
11
72.6411480000000012
21
-57.8634139999999988
0
LINE
8
BLACK
6
CONTINUOUS
10
72.6411480000000012
20
-57.8634139999999988
11
72.6105519999999984
21
-58.0172279999999958
0
LINE
8
BLACK
6
CONTINUOUS
10
72.6105519999999984
20
-58.0172279999999958
11
72.5505369999999914
21
-58.162116999999995
0
LINE
8
BLACK
6
CONTINUOUS
10
72.5505369999999914
20
-58.162116999999995
11
72.4634080000000012
21
-58.2925149999999945
0
LINE
8
BLACK
6
CONTINUOUS
10
72.4634080000000012
20
-58.2925149999999945
11
72.3525149999999968
21
-58.4034079999999989
0
LINE
8
BLACK
6
CONTINUOUS
10
72.3525149999999968
20
-58.4034079999999989
11
72.2221169999999972
21
-58.4905369999999962
0
LINE
8
BLACK
6
CONTINUOUS
10
72.2221169999999972
20
-58.4905369999999962
11
72.077227999999991
21
-58.5505519999999962
0
LINE
8
BLACK
6
CONTINUOUS
10
72.077227999999991
20
-58.5505519999999962
11
71.923413999999994
21
-58.5811479999999989
0
LINE
8
BLACK
6
CONTINUOUS
10
71.923413999999994
20
-58.5811479999999989
11
71.7665860000000038
21
-58.5811479999999989
0
LINE
8
BLACK
6
CONTINUOUS
10
71.7665860000000038
20
-58.5811479999999989
11
71.6127719999999925
21
-58.5505519999999962
0
LINE
8
BLACK
6
CONTINUOUS
10
71.6127719999999925
20
-58.5505519999999962
11
71.4678830000000005
21
-58.4905369999999962
0
LINE
8
BLACK
6
CONTINUOUS
10
71.4678830000000005
20
-58.4905369999999962
11
71.3374850000000009
21
-58.4034079999999989
0
LINE
8
BLACK
6
CONTINUOUS
10
71.3374850000000009
20
-58.4034079999999989
11
71.2265919999999966
21
-58.2925149999999945
0
LINE
8
BLACK
6
CONTINUOUS
10
71.2265919999999966
20
-58.2925149999999945
11
71.1394629999999921
21
-58.162116999999995
0
LINE
8
BLACK
6
CONTINUOUS
10
71.1394629999999921
20
-58.162116999999995
11
71.0794479999999993
21
-58.0172279999999958
0
LINE
8
BLACK
6
CONTINUOUS
10
71.0794479999999993
20
-58.0172279999999958
11
71.0488519999999966
21
-57.8634139999999988
0
LINE
8
BLACK
6
CONTINUOUS
10
71.0488519999999966
20
-57.8634139999999988
11
71.0488519999999966
21
-57.7065859999999944
0
LINE
8
BLACK
6
CONTINUOUS
10
71.0488519999999966
20
-57.7065859999999944
11
71.0506149999999934
21
-57.6977219999999988
0
LINE
8
BLACK
6
CONTINUOUS
10
71.0506149999999934
20
-57.6977219999999988
11
67.7054940000000016
21
-54.3525999999999954
0
LINE
8
BLACK
6
CONTINUOUS
10
67.7054940000000016
20
-54.3525999999999954
11
59.5932999999999993
21
-54.3525999999999954
0
LINE
8
BLACK
6
CONTINUOUS
10
59.5932999999999993
20
-54.3525999999999954
11
58.2145069999999976
21
-54.3525999999999954
0
LINE
8
BLACK
6
CONTINUOUS
10
58.2145069999999976
20
-54.3525999999999954
11
54.8693839999999966
21
-57.6977209999999943
0
LINE
8
BLACK
6
CONTINUOUS
10
54.8693839999999966
20
-57.6977209999999943
11
54.871147999999998
21
-57.7065859999999944
0
LINE
8
BLACK
6
CONTINUOUS
10
54.871147999999998
20
-57.7065859999999944
11
54.871147999999998
21
-57.8634139999999988
0
LINE
8
BLACK
6
CONTINUOUS
10
54.871147999999998
20
-57.8634139999999988
11
54.8405519999999953
21
-58.0172279999999958
0
LINE
8
BLACK
6
CONTINUOUS
10
54.8405519999999953
20
-58.0172279999999958
11
54.7805369999999954
21
-58.162116999999995
0
LINE
8
BLACK
6
CONTINUOUS
10
54.7805369999999954
20
-58.162116999999995
11
54.693407999999998
21
-58.2925149999999945
0
LINE
8
BLACK
6
CONTINUOUS
10
54.693407999999998
20
-58.2925149999999945
11
54.5825150000000008
21
-58.4034079999999989
0
LINE
8
BLACK
6
CONTINUOUS
10
54.5825150000000008
20
-58.4034079999999989
11
54.4521169999999941
21
-58.4905369999999962
0
LINE
8
BLACK
6
CONTINUOUS
10
54.4521169999999941
20
-58.4905369999999962
11
54.3072279999999949
21
-58.5505519999999962
0
LINE
8
BLACK
6
CONTINUOUS
10
54.3072279999999949
20
-58.5505519999999962
11
54.1534139999999979
21
-58.5811479999999989
0
LINE
8
BLACK
6
CONTINUOUS
10
54.1534139999999979
20
-58.5811479999999989
11
53.9965860000000006
21
-58.5811479999999989
0
LINE
8
BLACK
6
CONTINUOUS
10
53.9965860000000006
20
-58.5811479999999989
11
53.8427719999999965
21
-58.5505519999999962
0
LINE
8
BLACK
6
CONTINUOUS
10
53.8427719999999965
20
-58.5505519999999962
11
53.6978829999999974
21
-58.4905369999999962
0
LINE
8
BLACK
6
CONTINUOUS
10
53.6978829999999974
20
-58.4905369999999962
11
53.5674849999999978
21
-58.4034079999999989
0
LINE
8
BLACK
6
CONTINUOUS
10
53.5674849999999978
20
-58.4034079999999989
11
53.4565920000000006
21
-58.2925149999999945
0
LINE
8
BLACK
6
CONTINUOUS
10
53.4565920000000006
20
-58.2925149999999945
11
53.3694629999999961
21
-58.162116999999995
0
LINE
8
BLACK
6
CONTINUOUS
10
53.3694629999999961
20
-58.162116999999995
11
53.3094479999999962
21
-58.0172279999999958
0
LINE
8
BLACK
6
CONTINUOUS
10
53.3094479999999962
20
-58.0172279999999958
11
53.2788520000000005
21
-57.8634139999999988
0
LINE
8
BLACK
6
CONTINUOUS
10
53.2788520000000005
20
-57.8634139999999988
11
53.2788520000000005
21
-57.7065859999999944
0
LINE
8
BLACK
6
CONTINUOUS
10
53.2788520000000005
20
-57.7065859999999944
11
53.3094479999999962
21
-57.5527719999999974
0
LINE
8
BLACK
6
CONTINUOUS
10
53.3094479999999962
20
-57.5527719999999974
11
53.3694629999999961
21
-57.4078829999999982
0
LINE
8
BLACK
6
CONTINUOUS
10
53.3694629999999961
20
-57.4078829999999982
11
53.4565920000000006
21
-57.2774849999999986
0
LINE
8
BLACK
6
CONTINUOUS
10
53.4565920000000006
20
-57.2774849999999986
11
53.5674849999999978
21
-57.1665919999999943
0
LINE
8
BLACK
6
CONTINUOUS
10
53.5674849999999978
20
-57.1665919999999943
11
53.6978829999999974
21
-57.079462999999997
0
LINE
8
BLACK
6
CONTINUOUS
10
53.6978829999999974
20
-57.079462999999997
11
53.8427719999999965
21
-57.019447999999997
0
LINE
8
BLACK
6
CONTINUOUS
10
53.8427719999999965
20
-57.019447999999997
11
53.9965860000000006
21
-56.9888519999999943
0
LINE
8
BLACK
6
CONTINUOUS
10
53.9965860000000006
20
-56.9888519999999943
11
54.1534139999999979
21
-56.9888519999999943
0
LINE
8
BLACK
6
CONTINUOUS
10
54.1534139999999979
20
-56.9888519999999943
11
54.1622780000000006
21
-56.9906149999999982
0
LINE
8
BLACK
6
CONTINUOUS
10
54.1622780000000006
20
-56.9906149999999982
11
57.6538459999999944
21
-53.4990469999999974
0
LINE
8
BLACK
6
CONTINUOUS
10
57.6538459999999944
20
-53.4990469999999974
11
57.703009999999999
21
-53.4559309999999996
0
LINE
8
BLACK
6
CONTINUOUS
10
57.703009999999999
20
-53.4559309999999996
11
57.7030189999999976
21
-53.4559229999999985
0
LINE
8
BLACK
6
CONTINUOUS
10
57.7030189999999976
20
-53.4559229999999985
11
57.8160579999999982
21
-53.3906599999999969
0
LINE
8
BLACK
6
CONTINUOUS
10
57.8160579999999982
20
-53.3906599999999969
11
57.8256829999999979
21
-53.3880809999999997
0
LINE
8
BLACK
6
CONTINUOUS
10
57.8256829999999979
20
-53.3880809999999997
11
57.9421369999999953
21
-53.3568769999999972
0
LINE
8
BLACK
6
CONTINUOUS
10
57.9421369999999953
20
-53.3568769999999972
11
57.9421520000000001
21
-53.3568769999999972
0
LINE
8
BLACK
6
CONTINUOUS
10
57.9421520000000001
20
-53.3568769999999972
11
58.007399999999997
21
-53.3525999999999954
0
LINE
8
BLACK
6
CONTINUOUS
10
58.007399999999997
20
-53.3525999999999954
11
59.0932999999999993
21
-53.3525999999999954
0
LINE
8
BLACK
6
CONTINUOUS
10
59.0932999999999993
20
-53.3525999999999954
11
59.0932999999999993
21
-39.125
0
LINE
8
BLACK
6
CONTINUOUS
10
59.0932999999999993
20
-39.125
11
59.0975779999999986
21
-39.0597369999999984
0
LINE
8
BLACK
6
CONTINUOUS
10
59.0975779999999986
20
-39.0597369999999984
11
59.1313600000000008
21
-38.9336580000000012
0
LINE
8
BLACK
6
CONTINUOUS
10
59.1313600000000008
20
-38.9336580000000012
11
59.1966229999999953
21
-38.8206190000000007
0
LINE
8
BLACK
6
CONTINUOUS
10
59.1966229999999953
20
-38.8206190000000007
11
59.2889189999999999
21
-38.7283229999999961
0
LINE
8
BLACK
6
CONTINUOUS
10
59.2889189999999999
20
-38.7283229999999961
11
59.4019580000000005
21
-38.6630600000000015
0
LINE
8
BLACK
6
CONTINUOUS
10
59.4019580000000005
20
-38.6630600000000015
11
59.5280369999999976
21
-38.6292779999999993
0
LINE
8
BLACK
6
CONTINUOUS
10
59.5280369999999976
20
-38.6292779999999993
11
59.5932999999999993
21
-38.625
0
LINE
8
BLACK
6
CONTINUOUS
10
59.5932999999999993
20
-38.625
11
61.0715709999999987
21
-38.625
0
LINE
8
BLACK
6
CONTINUOUS
10
61.0715709999999987
20
-38.625
11
61.076591999999998
21
-38.617484999999995
0
LINE
8
BLACK
6
CONTINUOUS
10
61.076591999999998
20
-38.617484999999995
11
61.1874849999999952
21
-38.5065919999999977
0
LINE
8
BLACK
6
CONTINUOUS
10
61.1874849999999952
20
-38.5065919999999977
11
61.3178829999999948
21
-38.4194630000000004
0
LINE
8
BLACK
6
CONTINUOUS
10
61.3178829999999948
20
-38.4194630000000004
11
61.462771999999994
21
-38.3594480000000004
0
LINE
8
BLACK
6
CONTINUOUS
10
61.462771999999994
20
-38.3594480000000004
11
61.6165859999999981
21
-38.3288519999999977
0
LINE
8
BLACK
6
CONTINUOUS
10
61.6165859999999981
20
-38.3288519999999977
11
61.6950000000000003
21
-38.3249999999999957
0
LINE
8
BLACK
6
CONTINUOUS
10
61.6950000000000003
20
-38.3249999999999957
11
62.4949999999999974
21
-38.3249999999999957
0
LINE
8
BLACK
6
CONTINUOUS
10
62.4949999999999974
20
-38.3249999999999957
11
62.5734139999999996
21
-38.3288519999999977
0
LINE
8
BLACK
6
CONTINUOUS
10
138.3267419999999959
20
-50.936600999999996
11
138.480686999999989
21
-51.0003669999999971
0
LINE
8
BLACK
6
CONTINUOUS
10
138.480686999999989
20
-51.0003669999999971
11
138.6192340000000058
21
-51.0929409999999962
0
LINE
8
BLACK
6
CONTINUOUS
10
138.6192340000000058
20
-51.0929409999999962
11
138.7370589999999879
21
-51.2107659999999996
0
LINE
8
BLACK
6
CONTINUOUS
10
138.7370589999999879
20
-51.2107659999999996
11
138.8296330000000012
21
-51.3493129999999951
0
LINE
8
BLACK
6
CONTINUOUS
10
138.8296330000000012
20
-51.3493129999999951
11
138.8933989999999881
21
-51.5032579999999953
0
LINE
8
BLACK
6
CONTINUOUS
10
138.8933989999999881
20
-51.5032579999999953
11
138.9259069999999952
21
-51.6666850000000011
0
LINE
8
BLACK
6
CONTINUOUS
10
138.9259069999999952
20
-51.6666850000000011
11
138.9259069999999952
21
-51.8333149999999989
0
LINE
8
BLACK
6
CONTINUOUS
10
138.9259069999999952
20
-51.8333149999999989
11
138.8933989999999881
21
-51.9967419999999976
0
LINE
8
BLACK
6
CONTINUOUS
10
138.8933989999999881
20
-51.9967419999999976
11
138.8296330000000012
21
-52.1506869999999978
0
LINE
8
BLACK
6
CONTINUOUS
10
138.8296330000000012
20
-52.1506869999999978
11
138.7370589999999879
21
-52.2892340000000004
0
LINE
8
BLACK
6
CONTINUOUS
10
138.7370589999999879
20
-52.2892340000000004
11
138.6192340000000058
21
-52.4070589999999967
0
LINE
8
BLACK
6
CONTINUOUS
10
138.6192340000000058
20
-52.4070589999999967
11
138.480686999999989
21
-52.4996329999999958
0
LINE
8
BLACK
6
CONTINUOUS
10
138.480686999999989
20
-52.4996329999999958
11
138.3267419999999959
21
-52.5633989999999969
0
LINE
8
BLACK
6
CONTINUOUS
10
138.3267419999999959
20
-52.5633989999999969
11
138.163314999999983
21
-52.5959069999999969
0
LINE
8
BLACK
6
CONTINUOUS
10
138.163314999999983
20
-52.5959069999999969
11
137.9966849999999852
21
-52.5959069999999969
0
LINE
8
BLACK
6
CONTINUOUS
10
137.9966849999999852
20
-52.5959069999999969
11
137.8332580000000007
21
-52.5633989999999969
0
LINE
8
BLACK
6
CONTINUOUS
10
137.8332580000000007
20
-52.5633989999999969
11
137.6793130000000076
21
-52.4996329999999958
0
LINE
8
BLACK
6
CONTINUOUS
10
137.6793130000000076
20
-52.4996329999999958
11
137.5407659999999908
21
-52.4070589999999967
0
LINE
8
BLACK
6
CONTINUOUS
10
137.5407659999999908
20
-52.4070589999999967
11
137.4704069999999945
21
-52.3367000000000004
0
LINE
8
BLACK
6
CONTINUOUS
10
137.4704069999999945
20
-52.3367000000000004
11
103.4134069999999923
21
-52.3367000000000004
0
LINE
8
BLACK
6
CONTINUOUS
10
103.4134069999999923
20
-52.3367000000000004
11
101.7131529999999913
21
-54.0369529999999969
0
LINE
8
BLACK
6
CONTINUOUS
10
101.7131529999999913
20
-54.0369529999999969
11
101.6639959999999974
21
-54.0800610000000006
0
LINE
8
BLACK
6
CONTINUOUS
10
101.6639959999999974
20
-54.0800610000000006
11
101.6639809999999926
21
-54.0800769999999957
0
LINE
8
BLACK
6
CONTINUOUS
10
101.6639809999999926
20
-54.0800769999999957
11
101.550941999999992
21
-54.1453399999999974
0
LINE
8
BLACK
6
CONTINUOUS
10
101.550941999999992
20
-54.1453399999999974
11
101.424863000000002
21
-54.179122999999997
0
LINE
8
BLACK
6
CONTINUOUS
10
101.424863000000002
20
-54.179122999999997
11
101.4248479999999972
21
-54.179122999999997
0
LINE
8
BLACK
6
CONTINUOUS
10
101.4248479999999972
20
-54.179122999999997
11
101.3596000000000004
21
-54.1833999999999989
0
LINE
8
BLACK
6
CONTINUOUS
10
101.3596000000000004
20
-54.1833999999999989
11
83.7737070000000017
21
-54.1833999999999989
0
LINE
8
BLACK
6
CONTINUOUS
10
83.7737070000000017
20
-54.1833999999999989
11
80.2593839999999972
21
-57.6977209999999943
0
LINE
8
BLACK
6
CONTINUOUS
10
80.2593839999999972
20
-57.6977209999999943
11
80.2611479999999915
21
-57.7065859999999944
0
LINE
8
BLACK
6
CONTINUOUS
10
80.2611479999999915
20
-57.7065859999999944
11
80.2611479999999915
21
-57.8634139999999988
0
LINE
8
BLACK
6
CONTINUOUS
10
80.2611479999999915
20
-57.8634139999999988
11
80.230552000000003
21
-58.0172279999999958
0
LINE
8
BLACK
6
CONTINUOUS
10
80.230552000000003
20
-58.0172279999999958
11
80.1705369999999959
21
-58.162116999999995
0
LINE
8
BLACK
6
CONTINUOUS
10
80.1705369999999959
20
-58.162116999999995
11
80.0834079999999915
21
-58.2925149999999945
0
LINE
8
BLACK
6
CONTINUOUS
10
80.0834079999999915
20
-58.2925149999999945
11
79.9725150000000014
21
-58.4034079999999989
0
LINE
8
BLACK
6
CONTINUOUS
10
79.9725150000000014
20
-58.4034079999999989
11
79.8421170000000018
21
-58.4905369999999962
0
LINE
8
BLACK
6
CONTINUOUS
10
79.8421170000000018
20
-58.4905369999999962
11
79.6972279999999955
21
-58.5505519999999962
0
LINE
8
BLACK
6
CONTINUOUS
10
79.6972279999999955
20
-58.5505519999999962
11
79.5434139999999985
21
-58.5811479999999989
0
LINE
8
BLACK
6
CONTINUOUS
10
79.5434139999999985
20
-58.5811479999999989
11
79.3865859999999941
21
-58.5811479999999989
0
LINE
8
BLACK
6
CONTINUOUS
10
79.3865859999999941
20
-58.5811479999999989
11
79.2327719999999971
21
-58.5505519999999962
0
LINE
8
BLACK
6
CONTINUOUS
10
79.2327719999999971
20
-58.5505519999999962
11
79.0878829999999908
21
-58.4905369999999962
0
LINE
8
BLACK
6
CONTINUOUS
10
79.0878829999999908
20
-58.4905369999999962
11
78.9574849999999913
21
-58.4034079999999989
0
LINE
8
BLACK
6
CONTINUOUS
10
78.9574849999999913
20
-58.4034079999999989
11
78.8465920000000011
21
-58.2925149999999945
0
LINE
8
BLACK
6
CONTINUOUS
10
78.8465920000000011
20
-58.2925149999999945
11
78.7594629999999967
21
-58.162116999999995
0
LINE
8
BLACK
6
CONTINUOUS
10
78.7594629999999967
20
-58.162116999999995
11
78.6994479999999896
21
-58.0172279999999958
0
LINE
8
BLACK
6
CONTINUOUS
10
78.6994479999999896
20
-58.0172279999999958
11
78.6688520000000011
21
-57.8634139999999988
0
LINE
8
BLACK
6
CONTINUOUS
10
78.6688520000000011
20
-57.8634139999999988
11
78.6688520000000011
21
-57.7065859999999944
0
LINE
8
BLACK
6
CONTINUOUS
10
78.6688520000000011
20
-57.7065859999999944
11
78.6994479999999896
21
-57.5527719999999974
0
LINE
8
BLACK
6
CONTINUOUS
10
78.6994479999999896
20
-57.5527719999999974
11
78.7594629999999967
21
-57.4078829999999982
0
LINE
8
BLACK
6
CONTINUOUS
10
78.7594629999999967
20
-57.4078829999999982
11
78.8465920000000011
21
-57.2774849999999986
0
LINE
8
BLACK
6
CONTINUOUS
10
78.8465920000000011
20
-57.2774849999999986
11
78.9574849999999913
21
-57.1665919999999943
0
LINE
8
BLACK
6
CONTINUOUS
10
78.9574849999999913
20
-57.1665919999999943
11
79.0878829999999908
21
-57.079462999999997
0
LINE
8
BLACK
6
CONTINUOUS
10
79.0878829999999908
20
-57.079462999999997
11
79.2327719999999971
21
-57.019447999999997
0
LINE
8
BLACK
6
CONTINUOUS
10
79.2327719999999971
20
-57.019447999999997
11
79.3865859999999941
21
-56.9888519999999943
0
LINE
8
BLACK
6
CONTINUOUS
10
79.3865859999999941
20
-56.9888519999999943
11
79.5434139999999985
21
-56.9888519999999943
0
LINE
8
BLACK
6
CONTINUOUS
10
79.5434139999999985
20
-56.9888519999999943
11
79.5522780000000012
21
-56.9906149999999982
0
LINE
8
BLACK
6
CONTINUOUS
10
79.5522780000000012
20
-56.9906149999999982
11
83.2130459999999914
21
-53.3298470000000009
0
LINE
8
BLACK
6
CONTINUOUS
10
83.2130459999999914
20
-53.3298470000000009
11
83.2622099999999961
21
-53.2867309999999961
0
LINE
8
BLACK
6
CONTINUOUS
10
83.2622099999999961
20
-53.2867309999999961
11
83.2622190000000018
21
-53.286722999999995
0
LINE
8
BLACK
6
CONTINUOUS
10
83.2622190000000018
20
-53.286722999999995
11
83.3752580000000023
21
-53.2214600000000004
0
LINE
8
BLACK
6
CONTINUOUS
10
83.3752580000000023
20
-53.2214600000000004
11
83.4002219999999994
21
-53.2147709999999989
0
LINE
8
BLACK
6
CONTINUOUS
10
83.4002219999999994
20
-53.2147709999999989
11
83.5013369999999924
21
-53.1876770000000008
0
LINE
8
BLACK
6
CONTINUOUS
10
83.5013369999999924
20
-53.1876770000000008
11
83.5013519999999971
21
-53.1876770000000008
0
LINE
8
BLACK
6
CONTINUOUS
10
83.5013519999999971
20
-53.1876770000000008
11
83.566599999999994
21
-53.1833999999999989
0
LINE
8
BLACK
6
CONTINUOUS
10
83.566599999999994
20
-53.1833999999999989
11
101.1524939999999901
21
-53.1833999999999989
0
LINE
8
BLACK
6
CONTINUOUS
10
101.1524939999999901
20
-53.1833999999999989
11
102.8527459999999962
21
-51.4831469999999953
0
LINE
8
BLACK
6
CONTINUOUS
10
102.8527459999999962
20
-51.4831469999999953
11
102.9019100000000009
21
-51.4400309999999976
0
LINE
8
BLACK
6
CONTINUOUS
10
102.9019100000000009
20
-51.4400309999999976
11
102.9019189999999924
21
-51.4400229999999965
0
LINE
8
BLACK
6
CONTINUOUS
10
102.9019189999999924
20
-51.4400229999999965
11
103.0149579999999929
21
-51.3747599999999949
0
LINE
8
BLACK
6
CONTINUOUS
10
103.0149579999999929
20
-51.3747599999999949
11
103.1410369999999972
21
-51.3409769999999952
0
LINE
8
BLACK
6
CONTINUOUS
10
103.1410369999999972
20
-51.3409769999999952
11
103.141052000000002
21
-51.3409769999999952
0
LINE
8
BLACK
6
CONTINUOUS
10
103.141052000000002
20
-51.3409769999999952
11
103.2062999999999988
21
-51.3367000000000004
0
LINE
8
BLACK
6
CONTINUOUS
10
103.2062999999999988
20
-51.3367000000000004
11
137.3387950000000046
21
-51.3367000000000004
0
LINE
8
BLACK
6
CONTINUOUS
10
137.3387950000000046
20
-51.3367000000000004
11
137.4229409999999802
21
-51.2107659999999996
0
LINE
8
BLACK
6
CONTINUOUS
10
137.4229409999999802
20
-51.2107659999999996
11
137.5407659999999908
21
-51.0929409999999962
0
LINE
8
BLACK
6
CONTINUOUS
10
137.5407659999999908
20
-51.0929409999999962
11
137.6793130000000076
21
-51.0003669999999971
0
LINE
8
BLACK
6
CONTINUOUS
10
137.6793130000000076
20
-51.0003669999999971
11
137.8332580000000007
21
-50.936600999999996
0
LINE
8
BLACK
6
CONTINUOUS
10
137.8332580000000007
20
-50.936600999999996
11
137.9966849999999852
21
-50.904092999999996
0
LINE
8
BLACK
6
CONTINUOUS
10
137.9966849999999852
20
-50.904092999999996
11
138.163314999999983
21
-50.904092999999996
0
LINE
8
BLACK
6
CONTINUOUS
10
138.163314999999983
20
-50.904092999999996
11
138.3267419999999959
21
-50.936600999999996
0
LINE
8
BLACK
6
CONTINUOUS
10
138.3267419999999959
20
-56.0166009999999943
11
138.480686999999989
21
-56.0803669999999954
0
LINE
8
BLACK
6
CONTINUOUS
10
138.480686999999989
20
-56.0803669999999954
11
138.6192340000000058
21
-56.1729409999999945
0
LINE
8
BLACK
6
CONTINUOUS
10
138.6192340000000058
20
-56.1729409999999945
11
138.7370589999999879
21
-56.2907659999999979
0
LINE
8
BLACK
6
CONTINUOUS
10
138.7370589999999879
20
-56.2907659999999979
11
138.8296330000000012
21
-56.4293130000000005
0
LINE
8
BLACK
6
CONTINUOUS
10
138.8296330000000012
20
-56.4293130000000005
11
138.8933989999999881
21
-56.5832580000000007
0
LINE
8
BLACK
6
CONTINUOUS
10
138.8933989999999881
20
-56.5832580000000007
11
138.9259069999999952
21
-56.7466849999999994
0
LINE
8
BLACK
6
CONTINUOUS
10
138.9259069999999952
20
-56.7466849999999994
11
138.9259069999999952
21
-56.9133149999999972
0
LINE
8
BLACK
6
CONTINUOUS
10
138.9259069999999952
20
-56.9133149999999972
11
138.8933989999999881
21
-57.0767419999999959
0
LINE
8
BLACK
6
CONTINUOUS
10
138.8933989999999881
20
-57.0767419999999959
11
138.8296330000000012
21
-57.2306869999999961
0
LINE
8
BLACK
6
CONTINUOUS
10
138.8296330000000012
20
-57.2306869999999961
11
138.7370589999999879
21
-57.3692339999999987
0
LINE
8
BLACK
6
CONTINUOUS
10
138.7370589999999879
20
-57.3692339999999987
11
138.6192340000000058
21
-57.487058999999995
0
LINE
8
BLACK
6
CONTINUOUS
10
138.6192340000000058
20
-57.487058999999995
11
138.480686999999989
21
-57.5796329999999941
0
LINE
8
BLACK
6
CONTINUOUS
10
138.480686999999989
20
-57.5796329999999941
11
138.3267419999999959
21
-57.6433989999999952
0
LINE
8
BLACK
6
CONTINUOUS
10
138.3267419999999959
20
-57.6433989999999952
11
138.163314999999983
21
-57.6759069999999952
0
LINE
8
BLACK
6
CONTINUOUS
10
138.163314999999983
20
-57.6759069999999952
11
137.9966849999999852
21
-57.6759069999999952
0
LINE
8
BLACK
6
CONTINUOUS
10
137.9966849999999852
20
-57.6759069999999952
11
137.9504039999999918
21
-57.6667009999999962
0
LINE
8
BLACK
6
CONTINUOUS
10
137.9504039999999918
20
-57.6667009999999962
11
137.4785530000000051
21
-58.1385529999999946
0
LINE
8
BLACK
6
CONTINUOUS
10
137.4785530000000051
20
-58.1385529999999946
11
137.429395999999997
21
-58.1816609999999983
0
LINE
8
BLACK
6
CONTINUOUS
10
137.429395999999997
20
-58.1816609999999983
11
137.4293810000000065
21
-58.1816770000000005
0
LINE
8
BLACK
6
CONTINUOUS
10
137.4293810000000065
20
-58.1816770000000005
11
137.3163419999999917
21
-58.2469399999999951
0
LINE
8
BLACK
6
CONTINUOUS
10
137.3163419999999917
20
-58.2469399999999951
11
137.1902629999999874
21
-58.2807229999999947
0
LINE
8
BLACK
6
CONTINUOUS
10
137.1902629999999874
20
-58.2807229999999947
11
137.1902479999999969
21
-58.2807229999999947
0
LINE
8
BLACK
6
CONTINUOUS
10
137.1902479999999969
20
-58.2807229999999947
11
137.125
21
-58.2849999999999966
0
LINE
8
BLACK
6
CONTINUOUS
10
137.125
20
-58.2849999999999966
11
115.628428999999997
21
-58.2849999999999966
0
LINE
8
BLACK
6
CONTINUOUS
10
115.628428999999997
20
-58.2849999999999966
11
115.6234079999999977
21
-58.2925149999999945
0
LINE
8
BLACK
6
CONTINUOUS
10
115.6234079999999977
20
-58.2925149999999945
11
115.5125149999999934
21
-58.4034079999999989
0
LINE
8
BLACK
6
CONTINUOUS
10
115.5125149999999934
20
-58.4034079999999989
11
115.3821169999999938
21
-58.4905369999999962
0
LINE
8
BLACK
6
CONTINUOUS
10
115.3821169999999938
20
-58.4905369999999962
11
115.2372280000000018
21
-58.5505519999999962
0
LINE
8
BLACK
6
CONTINUOUS
10
115.2372280000000018
20
-58.5505519999999962
11
115.0834139999999906
21
-58.5811479999999989
0
LINE
8
BLACK
6
CONTINUOUS
10
115.0834139999999906
20
-58.5811479999999989
11
114.9265860000000004
21
-58.5811479999999989
0
LINE
8
BLACK
6
CONTINUOUS
10
114.9265860000000004
20
-58.5811479999999989
11
114.7727719999999891
21
-58.5505519999999962
0
LINE
8
BLACK
6
CONTINUOUS
10
114.7727719999999891
20
-58.5505519999999962
11
114.6278829999999971
21
-58.4905369999999962
0
LINE
8
BLACK
6
CONTINUOUS
10
114.6278829999999971
20
-58.4905369999999962
11
114.4974849999999975
21
-58.4034079999999989
0
LINE
8
BLACK
6
CONTINUOUS
10
114.4974849999999975
20
-58.4034079999999989
11
114.3865919999999932
21
-58.2925149999999945
0
LINE
8
BLACK
6
CONTINUOUS
10
114.3865919999999932
20
-58.2925149999999945
11
114.2994629999999887
21
-58.162116999999995
0
LINE
8
BLACK
6
CONTINUOUS
10
114.2994629999999887
20
-58.162116999999995
11
114.2394479999999959
21
-58.0172279999999958
0
LINE
8
BLACK
6
CONTINUOUS
10
114.2394479999999959
20
-58.0172279999999958
11
114.2088519999999932
21
-57.8634139999999988
0
LINE
8
BLACK
6
CONTINUOUS
10
114.2088519999999932
20
-57.8634139999999988
11
114.2088519999999932
21
-57.7065859999999944
0
LINE
8
BLACK
6
CONTINUOUS
10
114.2088519999999932
20
-57.7065859999999944
11
114.2394479999999959
21
-57.5527719999999974
0
LINE
8
BLACK
6
CONTINUOUS
10
114.2394479999999959
20
-57.5527719999999974
11
114.2994629999999887
21
-57.4078829999999982
0
LINE
8
BLACK
6
CONTINUOUS
10
114.2994629999999887
20
-57.4078829999999982
11
114.3865919999999932
21
-57.2774849999999986
0
LINE
8
BLACK
6
CONTINUOUS
10
114.3865919999999932
20
-57.2774849999999986
11
114.4974849999999975
21
-57.1665919999999943
0
LINE
8
BLACK
6
CONTINUOUS
10
114.4974849999999975
20
-57.1665919999999943
11
114.6278829999999971
21
-57.079462999999997
0
LINE
8
BLACK
6
CONTINUOUS
10
114.6278829999999971
20
-57.079462999999997
11
114.7727719999999891
21
-57.019447999999997
0
LINE
8
BLACK
6
CONTINUOUS
10
114.7727719999999891
20
-57.019447999999997
11
114.9265860000000004
21
-56.9888519999999943
0
LINE
8
BLACK
6
CONTINUOUS
10
114.9265860000000004
20
-56.9888519999999943
11
115.0834139999999906
21
-56.9888519999999943
0
LINE
8
BLACK
6
CONTINUOUS
10
115.0834139999999906
20
-56.9888519999999943
11
115.2372280000000018
21
-57.019447999999997
0
LINE
8
BLACK
6
CONTINUOUS
10
115.2372280000000018
20
-57.019447999999997
11
115.3821169999999938
21
-57.079462999999997
0
LINE
8
BLACK
6
CONTINUOUS
10
115.3821169999999938
20
-57.079462999999997
11
115.5125149999999934
21
-57.1665919999999943
0
LINE
8
BLACK
6
CONTINUOUS
10
115.5125149999999934
20
-57.1665919999999943
11
115.6234079999999977
21
-57.2774849999999986
0
LINE
8
BLACK
6
CONTINUOUS
10
115.6234079999999977
20
-57.2774849999999986
11
115.628428999999997
21
-57.2849999999999966
0
LINE
8
BLACK
6
CONTINUOUS
10
115.628428999999997
20
-57.2849999999999966
11
136.9178939999999898
21
-57.2849999999999966
0
LINE
8
BLACK
6
CONTINUOUS
10
136.9178939999999898
20
-57.2849999999999966
11
137.2432979999999816
21
-56.9595950000000002
0
LINE
8
BLACK
6
CONTINUOUS
10
137.2432979999999816
20
-56.9595950000000002
11
137.2340930000000014
21
-56.9133149999999972
0
LINE
8
BLACK
6
CONTINUOUS
10
137.2340930000000014
20
-56.9133149999999972
11
137.2340930000000014
21
-56.7466849999999994
0
LINE
8
BLACK
6
CONTINUOUS
10
137.2340930000000014
20
-56.7466849999999994
11
137.2666009999999801
21
-56.5832580000000007
0
LINE
8
BLACK
6
CONTINUOUS
10
137.2666009999999801
20
-56.5832580000000007
11
137.3303669999999954
21
-56.4293130000000005
0
LINE
8
BLACK
6
CONTINUOUS
10
137.3303669999999954
20
-56.4293130000000005
11
137.4229409999999802
21
-56.2907659999999979
0
LINE
8
BLACK
6
CONTINUOUS
10
137.4229409999999802
20
-56.2907659999999979
11
137.5407659999999908
21
-56.1729409999999945
0
LINE
8
BLACK
6
CONTINUOUS
10
137.5407659999999908
20
-56.1729409999999945
11
137.6793130000000076
21
-56.0803669999999954
0
LINE
8
BLACK
6
CONTINUOUS
10
137.6793130000000076
20
-56.0803669999999954
11
137.8332580000000007
21
-56.0166009999999943
0
LINE
8
BLACK
6
CONTINUOUS
10
137.8332580000000007
20
-56.0166009999999943
11
137.9966849999999852
21
-55.9840929999999943
0
LINE
8
BLACK
6
CONTINUOUS
10
137.9966849999999852
20
-55.9840929999999943
11
138.163314999999983
21
-55.9840929999999943
0
LINE
8
BLACK
6
CONTINUOUS
10
138.163314999999983
20
-55.9840929999999943
11
138.3267419999999959
21
-56.0166009999999943
0
LINE
8
BLACK
6
CONTINUOUS
10
133.1241849999999829
20
-33.3030499999999989
11
133.1331470000000081
21
-33.3017619999999965
0
LINE
8
BLACK
6
CONTINUOUS
10
133.1331470000000081
20
-33.3017619999999965
11
133.1571869999999933
21
-33.312739999999998
0
LINE
8
BLACK
6
CONTINUOUS
10
133.1571869999999933
20
-33.312739999999998
11
133.1825389999999913
21
-33.3201849999999951
0
LINE
8
BLACK
6
CONTINUOUS
10
133.1825389999999913
20
-33.3201849999999951
11
133.1884660000000054
21
-33.327024999999999
0
LINE
8
BLACK
6
CONTINUOUS
10
133.1884660000000054
20
-33.327024999999999
11
133.1967029999999852
21
-33.3307870000000008
0
LINE
8
BLACK
6
CONTINUOUS
10
133.1967029999999852
20
-33.3307870000000008
11
133.2109920000000045
21
-33.3530209999999983
0
LINE
8
BLACK
6
CONTINUOUS
10
133.2109920000000045
20
-33.3530209999999983
11
133.2282940000000053
21
-33.3729889999999969
0
LINE
8
BLACK
6
CONTINUOUS
10
133.2282940000000053
20
-33.3729889999999969
11
133.2305810000000008
21
-33.3835029999999975
0
LINE
8
BLACK
6
CONTINUOUS
10
133.2305810000000008
20
-33.3835029999999975
11
133.2344769999999983
21
-33.3895649999999975
0
LINE
8
BLACK
6
CONTINUOUS
10
133.2344769999999983
20
-33.3895649999999975
11
133.2394999999999925
21
-33.4245000000000019
0
LINE
8
BLACK
6
CONTINUOUS
10
133.2394999999999925
20
-33.4245000000000019
11
133.2394999999999925
21
-33.5449599999999961
0
LINE
8
BLACK
6
CONTINUOUS
10
133.2394999999999925
20
-33.5449599999999961
11
133.2546299999999917
21
-33.6792489999999987
0
LINE
8
BLACK
6
CONTINUOUS
10
133.2546299999999917
20
-33.6792489999999987
11
133.2546309999999892
21
-33.6792540000000002
0
LINE
8
BLACK
6
CONTINUOUS
10
133.2546309999999892
20
-33.6792540000000002
11
133.3142110000000002
21
-33.8495229999999978
0
LINE
8
BLACK
6
CONTINUOUS
10
133.3142110000000002
20
-33.8495229999999978
11
133.3881389999999953
21
-33.967177999999997
0
LINE
8
BLACK
6
CONTINUOUS
10
133.3881389999999953
20
-33.967177999999997
11
133.4101839999999868
21
-34.0022620000000018
0
LINE
8
BLACK
6
CONTINUOUS
10
133.4101839999999868
20
-34.0022620000000018
11
133.5377379999999903
21
-34.1298159999999982
0
LINE
8
BLACK
6
CONTINUOUS
10
133.5377379999999903
20
-34.1298159999999982
11
133.6904779999999846
21
-34.2257889999999989
0
LINE
8
BLACK
6
CONTINUOUS
10
133.6904779999999846
20
-34.2257889999999989
11
133.791499999999985
21
-34.2611379999999954
0
LINE
8
BLACK
6
CONTINUOUS
10
133.791499999999985
20
-34.2611379999999954
11
133.8607449999999801
21
-34.2853679999999983
0
LINE
8
BLACK
6
CONTINUOUS
10
133.8607449999999801
20
-34.2853679999999983
11
133.8607499999999959
21
-34.2853689999999958
0
LINE
8
BLACK
6
CONTINUOUS
10
133.8607499999999959
20
-34.2853689999999958
11
133.9512459999999976
21
-34.2955649999999963
0
LINE
8
BLACK
6
CONTINUOUS
10
133.9512459999999976
20
-34.2955649999999963
11
133.9950399999999888
21
-34.300498999999995
0
LINE
8
BLACK
6
CONTINUOUS
10
133.9950399999999888
20
-34.300498999999995
11
133.9950429999999812
21
-34.3004999999999995
0
LINE
8
BLACK
6
CONTINUOUS
10
133.9950429999999812
20
-34.3004999999999995
11
133.9950460000000021
21
-34.3004999999999995
0
LINE
8
BLACK
6
CONTINUOUS
10
133.9950460000000021
20
-34.3004999999999995
11
136.1809529999999882
21
-34.3004999999999995
0
LINE
8
BLACK
6
CONTINUOUS
10
136.1809529999999882
20
-34.3004999999999995
11
136.2479919999999822
21
-34.3201849999999951
0
LINE
8
BLACK
6
CONTINUOUS
10
136.2479919999999822
20
-34.3201849999999951
11
136.2937469999999962
21
-34.3729889999999969
0
LINE
8
BLACK
6
CONTINUOUS
10
136.2937469999999962
20
-34.3729889999999969
11
136.3036909999999864
21
-34.4421469999999985
0
LINE
8
BLACK
6
CONTINUOUS
10
136.3036909999999864
20
-34.4421469999999985
11
136.2746659999999963
21
-34.5057029999999969
0
LINE
8
BLACK
6
CONTINUOUS
10
136.2746659999999963
20
-34.5057029999999969
11
136.2686339999999916
21
-34.5121809999999982
0
LINE
8
BLACK
6
CONTINUOUS
10
136.2686339999999916
20
-34.5121809999999982
11
134.2626339999999914
21
-36.5181809999999984
0
LINE
8
BLACK
6
CONTINUOUS
10
134.2626339999999914
20
-36.5181809999999984
11
134.201311000000004
21
-36.5516659999999973
0
LINE
8
BLACK
6
CONTINUOUS
10
134.201311000000004
20
-36.5516659999999973
11
134.1749529999999879
21
-36.5544999999999973
0
LINE
8
BLACK
6
CONTINUOUS
10
134.1749529999999879
20
-36.5544999999999973
11
112.3382379999999898
21
-36.5544999999999973
0
LINE
8
BLACK
6
CONTINUOUS
10
112.3382379999999898
20
-36.5544999999999973
11
112.2711989999999957
21
-36.5348150000000018
0
LINE
8
BLACK
6
CONTINUOUS
10
112.2711989999999957
20
-36.5348150000000018
11
112.2653619999999961
21
-36.5308239999999955
0
LINE
8
BLACK
6
CONTINUOUS
10
112.2653619999999961
20
-36.5308239999999955
11
112.2038450000000012
21
-36.4861299999999957
0
LINE
8
BLACK
6
CONTINUOUS
10
112.2038450000000012
20
-36.4861299999999957
11
112.1506739999999951
21
-36.4590379999999996
0
LINE
8
BLACK
6
CONTINUOUS
10
112.1506739999999951
20
-36.4590379999999996
11
111.9793829999999986
21
-36.3717600000000019
0
LINE
8
BLACK
6
CONTINUOUS
10
111.9793829999999986
20
-36.3717600000000019
11
111.7397849999999977
21
-36.2939099999999968
0
LINE
8
BLACK
6
CONTINUOUS
10
111.7397849999999977
20
-36.2939099999999968
11
111.7397789999999986
21
-36.2939089999999993
0
LINE
8
BLACK
6
CONTINUOUS
10
111.7397789999999986
20
-36.2939089999999993
11
111.4909619999999961
21
-36.2545000000000002
0
LINE
8
BLACK
6
CONTINUOUS
10
111.4909619999999961
20
-36.2545000000000002
11
111.2390379999999936
21
-36.2545000000000002
0
LINE
8
BLACK
6
CONTINUOUS
10
111.2390379999999936
20
-36.2545000000000002
11
111.1146260000000012
21
-36.2742049999999949
0
LINE
8
BLACK
6
CONTINUOUS
10
111.1146260000000012
20
-36.2742049999999949
11
110.9902139999999946
21
-36.2939099999999968
0
LINE
8
BLACK
6
CONTINUOUS
10
110.9902139999999946
20
-36.2939099999999968
11
110.7506159999999937
21
-36.3717600000000019
0
LINE
8
BLACK
6
CONTINUOUS
10
110.7506159999999937
20
-36.3717600000000019
11
110.5261509999999987
21
-36.4861319999999978
0
LINE
8
BLACK
6
CONTINUOUS
10
110.5261509999999987
20
-36.4861319999999978
11
110.3223500000000001
21
-36.6342009999999974
0
LINE
8
BLACK
6
CONTINUOUS
10
110.3223500000000001
20
-36.6342009999999974
11
110.3223449999999985
21
-36.6342050000000015
0
LINE
8
BLACK
6
CONTINUOUS
10
110.3223449999999985
20
-36.6342050000000015
11
110.1442049999999995
21
-36.8123450000000005
0
LINE
8
BLACK
6
CONTINUOUS
10
110.1442049999999995
20
-36.8123450000000005
11
110.1442009999999954
21
-36.812349999999995
0
LINE
8
BLACK
6
CONTINUOUS
10
110.1442009999999954
20
-36.812349999999995
11
109.9961319999999887
21
-37.0161510000000007
0
LINE
8
BLACK
6
CONTINUOUS
10
109.9961319999999887
20
-37.0161510000000007
11
109.8817599999999999
21
-37.2406159999999957
0
LINE
8
BLACK
6
CONTINUOUS
10
109.8817599999999999
20
-37.2406159999999957
11
109.8039100000000019
21
-37.4802139999999966
0
LINE
8
BLACK
6
CONTINUOUS
10
109.8039100000000019
20
-37.4802139999999966
11
109.7812009999999958
21
-37.6235900000000001
0
LINE
8
BLACK
6
CONTINUOUS
10
109.7812009999999958
20
-37.6235900000000001
11
109.7644999999999982
21
-37.7290379999999956
0
LINE
8
BLACK
6
CONTINUOUS
10
109.7644999999999982
20
-37.7290379999999956
11
109.7644999999999982
21
-37.9809619999999981
0
LINE
8
BLACK
6
CONTINUOUS
10
109.7644999999999982
20
-37.9809619999999981
11
109.7812009999999958
21
-38.0864070000000012
0
LINE
8
BLACK
6
CONTINUOUS
10
109.7812009999999958
20
-38.0864070000000012
11
109.8039100000000019
21
-38.2297849999999997
0
LINE
8
BLACK
6
CONTINUOUS
10
109.8039100000000019
20
-38.2297849999999997
11
109.8817599999999999
21
-38.4693830000000005
0
LINE
8
BLACK
6
CONTINUOUS
10
109.8817599999999999
20
-38.4693830000000005
11
109.9961319999999887
21
-38.6938479999999956
0
LINE
8
BLACK
6
CONTINUOUS
10
109.9961319999999887
20
-38.6938479999999956
11
110.1442009999999954
21
-38.8976490000000013
0
LINE
8
BLACK
6
CONTINUOUS
10
110.1442009999999954
20
-38.8976490000000013
11
110.1442049999999995
21
-38.8976539999999957
0
LINE
8
BLACK
6
CONTINUOUS
10
110.1442049999999995
20
-38.8976539999999957
11
110.3223440000000011
21
-39.0757929999999973
0
LINE
8
BLACK
6
CONTINUOUS
10
110.3223440000000011
20
-39.0757929999999973
11
110.3223500000000001
21
-39.0757979999999989
0
LINE
8
BLACK
6
CONTINUOUS
10
110.3223500000000001
20
-39.0757979999999989
11
110.4646469999999994
21
-39.1791819999999973
0
LINE
8
BLACK
6
CONTINUOUS
10
110.4646469999999994
20
-39.1791819999999973
11
110.5261549999999886
21
-39.223869999999998
0
LINE
8
BLACK
6
CONTINUOUS
10
110.5261549999999886
20
-39.223869999999998
11
110.6691840000000013
21
-39.2967469999999963
0
LINE
8
BLACK
6
CONTINUOUS
10
110.6691840000000013
20
-39.2967469999999963
11
110.7506159999999937
21
-39.3382390000000015
0
LINE
8
BLACK
6
CONTINUOUS
10
110.7506159999999937
20
-39.3382390000000015
11
110.7506179999999887
21
-39.3382390000000015
0
LINE
8
BLACK
6
CONTINUOUS
10
110.7506179999999887
20
-39.3382390000000015
11
110.7506209999999953
21
-39.3382409999999965
0
LINE
8
BLACK
6
CONTINUOUS
10
110.7506209999999953
20
-39.3382409999999965
11
110.9902149999999921
21
-39.416089999999997
0
LINE
8
BLACK
6
CONTINUOUS
10
110.9902149999999921
20
-39.416089999999997
11
111.2390379999999936
21
-39.4555000000000007
0
LINE
8
BLACK
6
CONTINUOUS
10
111.2390379999999936
20
-39.4555000000000007
11
111.2390389999999911
21
-39.4555000000000007
0
LINE
8
BLACK
6
CONTINUOUS
10
111.2390389999999911
20
-39.4555000000000007
11
111.4909609999999986
21
-39.4555000000000007
0
LINE
8
BLACK
6
CONTINUOUS
10
111.4909609999999986
20
-39.4555000000000007
11
111.4909619999999961
21
-39.4555000000000007
0
LINE
8
BLACK
6
CONTINUOUS
10
111.4909619999999961
20
-39.4555000000000007
11
111.7397849999999977
21
-39.416089999999997
0
LINE
8
BLACK
6
CONTINUOUS
10
111.7397849999999977
20
-39.416089999999997
11
111.9793789999999944
21
-39.3382409999999965
0
LINE
8
BLACK
6
CONTINUOUS
10
111.9793789999999944
20
-39.3382409999999965
11
112.2038450000000012
21
-39.223869999999998
0
LINE
8
BLACK
6
CONTINUOUS
10
112.2038450000000012
20
-39.223869999999998
11
112.2653529999999904
21
-39.1791809999999998
0
LINE
8
BLACK
6
CONTINUOUS
10
112.2653529999999904
20
-39.1791809999999998
11
112.3311579999999879
21
-39.155701999999998
0
LINE
8
BLACK
6
CONTINUOUS
10
112.3311579999999879
20
-39.155701999999998
11
112.3382379999999898
21
-39.1554999999999964
0
LINE
8
BLACK
6
CONTINUOUS
10
112.3382379999999898
20
-39.1554999999999964
11
134.8673509999999851
21
-39.1554999999999964
0
LINE
8
BLACK
6
CONTINUOUS
10
134.8673509999999851
20
-39.1554999999999964
11
134.8673519999999826
21
-39.1554999999999964
0
LINE
8
BLACK
6
CONTINUOUS
10
134.8673519999999826
20
-39.1554999999999964
11
135.0695350000000019
21
-39.1234770000000012
0
LINE
8
BLACK
6
CONTINUOUS
10
135.0695350000000019
20
-39.1234770000000012
11
135.2162899999999865
21
-39.0757929999999973
0
LINE
8
BLACK
6
CONTINUOUS
10
135.2162899999999865
20
-39.0757929999999973
11
135.2642189999999971
21
-39.0602200000000011
0
LINE
8
BLACK
6
CONTINUOUS
10
135.2642189999999971
20
-39.0602200000000011
11
135.3554139999999961
21
-39.0137530000000012
0
LINE
8
BLACK
6
CONTINUOUS
10
135.3554139999999961
20
-39.0137530000000012
11
135.4466109999999901
21
-38.9672869999999989
0
LINE
8
BLACK
6
CONTINUOUS
10
135.4466109999999901
20
-38.9672869999999989
11
135.6122189999999819
21
-38.8469659999999948
0
LINE
8
BLACK
6
CONTINUOUS
10
135.6122189999999819
20
-38.8469659999999948
11
140.1515729999999849
21
-34.3076099999999968
0
LINE
8
BLACK
6
CONTINUOUS
10
140.1515729999999849
20
-34.3076099999999968
11
140.2128940000000057
21
-34.274127
0
LINE
8
BLACK
6
CONTINUOUS
10
140.2128940000000057
20
-34.274127
11
140.2554329999999823
21
-34.272354
0
LINE
8
BLACK
6
CONTINUOUS
10
140.2554329999999823
20
-34.272354
11
140.4568129999999826
21
-34.2988659999999967
0
LINE
8
BLACK
6
CONTINUOUS
10
140.4568129999999826
20
-34.2988659999999967
11
140.4692009999999982
21
-34.3004979999999975
0
LINE
8
BLACK
6
CONTINUOUS
10
140.4692009999999982
20
-34.3004979999999975
11
140.4692169999999862
21
-34.3004999999999995
0
LINE
8
BLACK
6
CONTINUOUS
10
140.4692169999999862
20
-34.3004999999999995
11
140.469223999999997
21
-34.3004999999999995
0
LINE
8
BLACK
6
CONTINUOUS
10
140.469223999999997
20
-34.3004999999999995
11
140.7707759999999837
21
-34.3004999999999995
0
LINE
8
BLACK
6
CONTINUOUS
10
140.7707759999999837
20
-34.3004999999999995
11
140.7707829999999944
21
-34.3004999999999995
0
LINE
8
BLACK
6
CONTINUOUS
10
140.7707829999999944
20
-34.3004999999999995
11
141.0697679999999821
21
-34.2611379999999954
0
LINE
8
BLACK
6
CONTINUOUS
10
141.0697679999999821
20
-34.2611379999999954
11
141.3610579999999857
21
-34.1830870000000004
0
LINE
8
BLACK
6
CONTINUOUS
10
141.3610579999999857
20
-34.1830870000000004
11
141.6396680000000003
21
-34.0676829999999953
0
LINE
8
BLACK
6
CONTINUOUS
10
141.6396680000000003
20
-34.0676829999999953
11
141.9008319999999799
21
-33.9168999999999983
0
LINE
8
BLACK
6
CONTINUOUS
10
141.9008319999999799
20
-33.9168999999999983
11
141.9635130000000061
21
-33.8688019999999952
0
LINE
8
BLACK
6
CONTINUOUS
10
141.9635130000000061
20
-33.8688019999999952
11
142.0286820000000034
21
-33.8436079999999961
0
LINE
8
BLACK
6
CONTINUOUS
10
142.0286820000000034
20
-33.8436079999999961
11
142.0971270000000004
21
-33.8576459999999955
0
LINE
8
BLACK
6
CONTINUOUS
10
142.0971270000000004
20
-33.8576459999999955
11
142.1471169999999802
21
-33.9064599999999956
0
LINE
8
BLACK
6
CONTINUOUS
10
142.1471169999999802
20
-33.9064599999999956
11
142.1629999999999825
21
-33.967177999999997
0
LINE
8
BLACK
6
CONTINUOUS
10
142.1629999999999825
20
-33.967177999999997
11
142.1629999999999825
21
-53.9811519999999945
0
LINE
8
BLACK
6
CONTINUOUS
10
142.1629999999999825
20
-53.9811519999999945
11
142.1433150000000012
21
-54.0481909999999957
0
LINE
8
BLACK
6
CONTINUOUS
10
142.1433150000000012
20
-54.0481909999999957
11
142.1266809999999907
21
-54.0688329999999979
0
LINE
8
BLACK
6
CONTINUOUS
10
142.1266809999999907
20
-54.0688329999999979
11
139.8481830000000059
21
-56.3473299999999995
0
LINE
8
BLACK
6
CONTINUOUS
10
139.8481830000000059
20
-56.3473299999999995
11
139.7868599999999901
21
-56.3808149999999983
0
LINE
8
BLACK
6
CONTINUOUS
10
139.7868599999999901
20
-56.3808149999999983
11
139.7171679999999867
21
-56.375830999999998
0
LINE
8
BLACK
6
CONTINUOUS
10
139.7171679999999867
20
-56.375830999999998
11
139.6612350000000049
21
-56.3339590000000001
0
LINE
8
BLACK
6
CONTINUOUS
10
139.6612350000000049
20
-56.3339590000000001
11
139.6425710000000038
21
-56.2979669999999999
0
LINE
8
BLACK
6
CONTINUOUS
10
139.6425710000000038
20
-56.2979669999999999
11
139.6185079999999914
21
-56.2239099999999965
0
LINE
8
BLACK
6
CONTINUOUS
10
139.6185079999999914
20
-56.2239099999999965
11
139.6095789999999965
21
-56.1964279999999974
0
LINE
8
BLACK
6
CONTINUOUS
10
139.6095789999999965
20
-56.1964279999999974
11
139.4916340000000048
21
-55.9649489999999972
0
LINE
8
BLACK
6
CONTINUOUS
10
139.4916340000000048
20
-55.9649489999999972
11
139.3389310000000023
21
-55.7547709999999981
0
LINE
8
BLACK
6
CONTINUOUS
10
139.3389310000000023
20
-55.7547709999999981
11
139.2318410000000029
21
-55.6476809999999986
0
LINE
8
BLACK
6
CONTINUOUS
10
139.2318410000000029
20
-55.6476809999999986
11
139.1983559999999898
21
-55.586357999999997
0
LINE
8
BLACK
6
CONTINUOUS
10
139.1983559999999898
20
-55.586357999999997
11
139.2033399999999972
21
-55.5166660000000007
0
LINE
8
BLACK
6
CONTINUOUS
10
139.2033399999999972
20
-55.5166660000000007
11
139.2318410000000029
21
-55.4723189999999988
0
LINE
8
BLACK
6
CONTINUOUS
10
139.2318410000000029
20
-55.4723189999999988
11
139.3389310000000023
21
-55.3652289999999994
0
LINE
8
BLACK
6
CONTINUOUS
10
139.3389310000000023
20
-55.3652289999999994
11
139.4916340000000048
21
-55.1550510000000003
0
LINE
8
BLACK
6
CONTINUOUS
10
139.4916340000000048
20
-55.1550510000000003
11
139.6095789999999965
21
-54.9235720000000001
0
LINE
8
BLACK
6
CONTINUOUS
10
139.6095789999999965
20
-54.9235720000000001
11
139.6898599999999817
21
-54.6764930000000007
0
LINE
8
BLACK
6
CONTINUOUS
10
139.6898599999999817
20
-54.6764930000000007
11
139.7125389999999925
21
-54.5332979999999949
0
LINE
8
BLACK
6
CONTINUOUS
10
139.7125389999999925
20
-54.5332979999999949
11
139.7305000000000064
21
-54.4199020000000004
0
LINE
8
BLACK
6
CONTINUOUS
10
139.7305000000000064
20
-54.4199020000000004
11
139.7305000000000064
21
-54.1600970000000004
0
LINE
8
BLACK
6
CONTINUOUS
10
139.7305000000000064
20
-54.1600970000000004
11
139.7069070000000011
21
-54.0111379999999954
0
LINE
8
BLACK
6
CONTINUOUS
10
139.7069070000000011
20
-54.0111379999999954
11
139.6898599999999817
21
-53.9035069999999976
0
LINE
8
BLACK
6
CONTINUOUS
10
139.6898599999999817
20
-53.9035069999999976
11
139.6095789999999965
21
-53.6564279999999982
0
LINE
8
BLACK
6
CONTINUOUS
10
139.6095789999999965
20
-53.6564279999999982
11
139.6095770000000016
21
-53.6564249999999987
0
LINE
8
BLACK
6
CONTINUOUS
10
139.6095770000000016
20
-53.6564249999999987
11
139.6095770000000016
21
-53.6564229999999966
0
LINE
8
BLACK
6
CONTINUOUS
10
139.6095770000000016
20
-53.6564229999999966
11
139.566787000000005
21
-53.5724449999999948
0
LINE
8
BLACK
6
CONTINUOUS
10
139.566787000000005
20
-53.5724449999999948
11
139.4916340000000048
21
-53.424948999999998
0
LINE
8
BLACK
6
CONTINUOUS
10
139.4916340000000048
20
-53.424948999999998
11
139.3389310000000023
21
-53.2147709999999989
0
LINE
8
BLACK
6
CONTINUOUS
10
139.3389310000000023
20
-53.2147709999999989
11
139.2318410000000029
21
-53.1076809999999995
0
LINE
8
BLACK
6
CONTINUOUS
10
139.2318410000000029
20
-53.1076809999999995
11
139.1983559999999898
21
-53.0463579999999979
0
LINE
8
BLACK
6
CONTINUOUS
10
139.1983559999999898
20
-53.0463579999999979
11
139.2033399999999972
21
-52.9766659999999945
0
LINE
8
BLACK
6
CONTINUOUS
10
139.2033399999999972
20
-52.9766659999999945
11
139.2318410000000029
21
-52.9323189999999997
0
LINE
8
BLACK
6
CONTINUOUS
10
139.2318410000000029
20
-52.9323189999999997
11
139.3389310000000023
21
-52.8252290000000002
0
LINE
8
BLACK
6
CONTINUOUS
10
139.3389310000000023
20
-52.8252290000000002
11
139.4916340000000048
21
-52.6150510000000011
0
LINE
8
BLACK
6
CONTINUOUS
10
139.4916340000000048
20
-52.6150510000000011
11
139.6095789999999965
21
-52.3835720000000009
0
LINE
8
BLACK
6
CONTINUOUS
10
139.6095789999999965
20
-52.3835720000000009
11
139.6898599999999817
21
-52.1364929999999944
0
LINE
8
BLACK
6
CONTINUOUS
10
139.6898599999999817
20
-52.1364929999999944
11
139.7125389999999925
21
-51.9932979999999958
0
LINE
8
BLACK
6
CONTINUOUS
10
139.7125389999999925
20
-51.9932979999999958
11
139.7305000000000064
21
-51.8799019999999942
0
LINE
8
BLACK
6
CONTINUOUS
10
139.7305000000000064
20
-51.8799019999999942
11
139.7305000000000064
21
-51.6200969999999941
0
LINE
8
BLACK
6
CONTINUOUS
10
139.7305000000000064
20
-51.6200969999999941
11
139.7089469999999949
21
-51.4840209999999985
0
LINE
8
BLACK
6
CONTINUOUS
10
139.7089469999999949
20
-51.4840209999999985
11
139.6898599999999817
21
-51.3635069999999985
0
LINE
8
BLACK
6
CONTINUOUS
10
139.6898599999999817
20
-51.3635069999999985
11
139.6095789999999965
21
-51.1164279999999991
0
LINE
8
BLACK
6
CONTINUOUS
10
139.6095789999999965
20
-51.1164279999999991
11
139.6095770000000016
21
-51.1164249999999996
0
LINE
8
BLACK
6
CONTINUOUS
10
139.6095770000000016
20
-51.1164249999999996
11
139.6095770000000016
21
-51.1164229999999975
0
LINE
8
BLACK
6
CONTINUOUS
10
139.6095770000000016
20
-51.1164229999999975
11
139.5548100000000034
21
-51.008938999999998
0
LINE
8
BLACK
6
CONTINUOUS
10
139.5548100000000034
20
-51.008938999999998
11
139.4916340000000048
21
-50.8849489999999989
0
LINE
8
BLACK
6
CONTINUOUS
10
139.4916340000000048
20
-50.8849489999999989
11
139.3389310000000023
21
-50.6747709999999998
0
LINE
8
BLACK
6
CONTINUOUS
10
139.3389310000000023
20
-50.6747709999999998
11
139.2318410000000029
21
-50.5676810000000003
0
LINE
8
BLACK
6
CONTINUOUS
10
139.2318410000000029
20
-50.5676810000000003
11
139.1983559999999898
21
-50.5063579999999988
0
LINE
8
BLACK
6
CONTINUOUS
10
139.1983559999999898
20
-50.5063579999999988
11
139.2033399999999972
21
-50.4366659999999953
0
LINE
8
BLACK
6
CONTINUOUS
10
139.2033399999999972
20
-50.4366659999999953
11
139.2318410000000029
21
-50.3923190000000005
0
LINE
8
BLACK
6
CONTINUOUS
10
139.2318410000000029
20
-50.3923190000000005
11
139.3389300000000048
21
-50.2852299999999985
0
LINE
8
BLACK
6
CONTINUOUS
10
139.3389300000000048
20
-50.2852299999999985
11
139.3389310000000023
21
-50.2852290000000011
0
LINE
8
BLACK
6
CONTINUOUS
10
139.3389310000000023
20
-50.2852290000000011
11
139.4916340000000048
21
-50.0750509999999949
0
LINE
8
BLACK
6
CONTINUOUS
10
139.4916340000000048
20
-50.0750509999999949
11
139.6095789999999965
21
-49.8435719999999947
0
LINE
8
BLACK
6
CONTINUOUS
10
139.6095789999999965
20
-49.8435719999999947
11
139.6898599999999817
21
-49.5964929999999953
0
LINE
8
BLACK
6
CONTINUOUS
10
139.6898599999999817
20
-49.5964929999999953
11
139.7131410000000074
21
-49.4495000000000005
0
LINE
8
BLACK
6
CONTINUOUS
10
139.7131410000000074
20
-49.4495000000000005
11
139.7305000000000064
21
-49.339901999999995
0
LINE
8
BLACK
6
CONTINUOUS
10
139.7305000000000064
20
-49.339901999999995
11
139.7305000000000064
21
-49.080096999999995
0
LINE
8
BLACK
6
CONTINUOUS
10
139.7305000000000064
20
-49.080096999999995
11
139.7056890000000067
21
-48.923451
0
LINE
8
BLACK
6
CONTINUOUS
10
139.7056890000000067
20
-48.923451
11
139.6898599999999817
21
-48.8235069999999993
0
LINE
8
BLACK
6
CONTINUOUS
10
139.6898599999999817
20
-48.8235069999999993
11
139.6095789999999965
21
-48.5764279999999999
0
LINE
8
BLACK
6
CONTINUOUS
10
139.6095789999999965
20
-48.5764279999999999
11
139.6095770000000016
21
-48.5764250000000004
0
LINE
8
BLACK
6
CONTINUOUS
10
139.6095770000000016
20
-48.5764250000000004
11
139.6095770000000016
21
-48.5764229999999984
0
LINE
8
BLACK
6
CONTINUOUS
10
139.6095770000000016
20
-48.5764229999999984
11
139.5024259999999856
21
-48.3661299999999983
0
LINE
8
BLACK
6
CONTINUOUS
10
139.5024259999999856
20
-48.3661299999999983
11
139.4916340000000048
21
-48.3449489999999997
0
LINE
8
BLACK
6
CONTINUOUS
10
139.4916340000000048
20
-48.3449489999999997
11
139.4467850000000055
21
-48.28322
0
LINE
8
BLACK
6
CONTINUOUS
10
139.4467850000000055
20
-48.28322
11
139.4233059999999966
21
-48.2174160000000001
0
LINE
8
BLACK
6
CONTINUOUS
10
139.4233059999999966
20
-48.2174160000000001
11
139.4391310000000033
21
-48.1493619999999964
0
LINE
8
BLACK
6
CONTINUOUS
10
139.4391310000000033
20
-48.1493619999999964
11
139.4594229999999868
21
-48.1226549999999946
0
LINE
8
BLACK
6
CONTINUOUS
10
139.4594229999999868
20
-48.1226549999999946
11
139.5598159999999837
21
-48.0222619999999978
0
LINE
8
BLACK
6
CONTINUOUS
10
139.5598159999999837
20
-48.0222619999999978
11
139.6557889999999986
21
-47.8695219999999964
0
LINE
8
BLACK
6
CONTINUOUS
10
139.6557889999999986
20
-47.8695219999999964
11
139.7153679999999838
21
-47.6992550000000008
0
LINE
8
BLACK
6
CONTINUOUS
10
139.7153679999999838
20
-47.6992550000000008
11
139.7174799999999948
21
-47.6805149999999998
0
LINE
8
BLACK
6
CONTINUOUS
10
139.7174799999999948
20
-47.6805149999999998
11
139.7304989999999805
21
-47.5649599999999992
0
LINE
8
BLACK
6
CONTINUOUS
10
139.7304989999999805
20
-47.5649599999999992
11
139.7305000000000064
21
-47.5649559999999951
0
LINE
8
BLACK
6
CONTINUOUS
10
139.7305000000000064
20
-47.5649559999999951
11
139.7305000000000064
21
-45.7750429999999966
0
LINE
8
BLACK
6
CONTINUOUS
10
139.7305000000000064
20
-45.7750429999999966
11
139.7304989999999805
21
-45.7750389999999996
0
LINE
8
BLACK
6
CONTINUOUS
10
139.7304989999999805
20
-45.7750389999999996
11
139.7153689999999813
21
-45.640749999999997
0
LINE
8
BLACK
6
CONTINUOUS
10
139.7153689999999813
20
-45.640749999999997
11
139.7153679999999838
21
-45.6407449999999955
0
LINE
8
BLACK
6
CONTINUOUS
10
139.7153679999999838
20
-45.6407449999999955
11
139.6557880000000011
21
-45.4704759999999979
0
LINE
8
BLACK
6
CONTINUOUS
10
139.6557880000000011
20
-45.4704759999999979
11
139.5598149999999862
21
-45.317737000000001
0
LINE
8
BLACK
6
CONTINUOUS
10
139.5598149999999862
20
-45.317737000000001
11
139.4322619999999802
21
-45.190183999999995
0
LINE
8
BLACK
6
CONTINUOUS
10
139.4322619999999802
20
-45.190183999999995
11
139.2795209999999884
21
-45.0942099999999968
0
LINE
8
BLACK
6
CONTINUOUS
10
139.2795209999999884
20
-45.0942099999999968
11
139.1577330000000075
21
-45.0515949999999989
0
LINE
8
BLACK
6
CONTINUOUS
10
139.1577330000000075
20
-45.0515949999999989
11
139.1009559999999965
21
-45.0108729999999966
0
LINE
8
BLACK
6
CONTINUOUS
10
139.1009559999999965
20
-45.0108729999999966
11
139.075209000000001
21
-44.945920000000001
0
LINE
8
BLACK
6
CONTINUOUS
10
139.075209000000001
20
-44.945920000000001
11
139.0886649999999918
21
-44.8773589999999984
0
LINE
8
BLACK
6
CONTINUOUS
10
139.0886649999999918
20
-44.8773589999999984
11
139.1370519999999829
21
-44.8269559999999956
0
LINE
8
BLACK
6
CONTINUOUS
10
139.1370519999999829
20
-44.8269559999999956
11
139.1986870000000067
21
-44.8105529999999987
0
LINE
8
BLACK
6
CONTINUOUS
10
139.1986870000000067
20
-44.8105529999999987
11
140.1069279999999821
21
-44.8105529999999987
0
LINE
8
BLACK
6
CONTINUOUS
10
140.1069279999999821
20
-44.8105529999999987
11
140.1069279999999821
21
-41.3246749999999992
0
LINE
8
BLACK
6
CONTINUOUS
10
140.1069279999999821
20
-41.3246749999999992
11
136.0530709999999885
21
-41.3246749999999992
0
LINE
8
BLACK
6
CONTINUOUS
10
136.0530709999999885
20
-41.3246749999999992
11
136.0530709999999885
21
-44.6562239999999946
0
LINE
8
BLACK
6
CONTINUOUS
10
136.0530709999999885
20
-44.6562239999999946
11
136.0333860000000072
21
-44.7232629999999958
0
LINE
8
BLACK
6
CONTINUOUS
10
136.0333860000000072
20
-44.7232629999999958
11
135.9805819999999983
21
-44.7690179999999955
0
LINE
8
BLACK
6
CONTINUOUS
10
135.9805819999999983
20
-44.7690179999999955
11
135.9114239999999825
21
-44.7789619999999999
0
LINE
8
BLACK
6
CONTINUOUS
10
135.9114239999999825
20
-44.7789619999999999
11
135.8478680000000054
21
-44.7499369999999956
0
LINE
8
BLACK
6
CONTINUOUS
10
135.8478680000000054
20
-44.7499369999999956
11
135.8413899999999899
21
-44.743904999999998
0
LINE
8
BLACK
6
CONTINUOUS
10
135.8413899999999899
20
-44.743904999999998
11
134.6238209999999924
21
-43.5263360000000006
0
LINE
8
BLACK
6
CONTINUOUS
10
134.6238209999999924
20
-43.5263360000000006
11
134.6238189999999975
21
-43.5263339999999985
0
LINE
8
BLACK
6
CONTINUOUS
10
134.6238189999999975
20
-43.5263339999999985
11
134.4582110000000057
21
-43.4060130000000015
0
LINE
8
BLACK
6
CONTINUOUS
10
134.4582110000000057
20
-43.4060130000000015
11
134.3670139999999833
21
-43.3595459999999946
0
LINE
8
BLACK
6
CONTINUOUS
10
134.3670139999999833
20
-43.3595459999999946
11
134.2758189999999843
21
-43.3130799999999994
0
LINE
8
BLACK
6
CONTINUOUS
10
134.2758189999999843
20
-43.3130799999999994
11
134.12938299999999
21
-43.2654999999999959
0
LINE
8
BLACK
6
CONTINUOUS
10
134.12938299999999
20
-43.2654999999999959
11
134.1293809999999951
21
-43.2654980000000009
0
LINE
8
BLACK
6
CONTINUOUS
10
134.1293809999999951
20
-43.2654980000000009
11
134.0811359999999866
21
-43.2498229999999992
0
LINE
8
BLACK
6
CONTINUOUS
10
134.0811359999999866
20
-43.2498229999999992
11
134.0811309999999992
21
-43.2498219999999947
0
LINE
8
BLACK
6
CONTINUOUS
10
134.0811309999999992
20
-43.2498219999999947
11
133.9312860000000001
21
-43.2260889999999947
0
LINE
8
BLACK
6
CONTINUOUS
10
133.9312860000000001
20
-43.2260889999999947
11
133.8789519999999982
21
-43.2177999999999969
0
LINE
8
BLACK
6
CONTINUOUS
10
133.8789519999999982
20
-43.2177999999999969
11
133.8789510000000007
21
-43.2177999999999969
0
LINE
8
BLACK
6
CONTINUOUS
10
133.8789510000000007
20
-43.2177999999999969
11
113.618347
21
-43.2177999999999969
0
LINE
8
BLACK
6
CONTINUOUS
10
113.618347
20
-43.2177999999999969
11
113.5513079999999917
21
-43.1981150000000014
0
LINE
8
BLACK
6
CONTINUOUS
10
113.5513079999999917
20
-43.1981150000000014
11
113.5306659999999965
21
-43.181480999999998
0
LINE
8
BLACK
6
CONTINUOUS
10
113.5306659999999965
20
-43.181480999999998
11
107.9727749999999986
21
-37.6235900000000001
0
LINE
8
BLACK
6
CONTINUOUS
10
107.9727749999999986
20
-37.6235900000000001
11
107.9392899999999997
21
-37.5622669999999985
0
LINE
8
BLACK
6
CONTINUOUS
10
107.9392899999999997
20
-37.5622669999999985
11
107.9379829999999885
21
-37.5553060000000016
0
LINE
8
BLACK
6
CONTINUOUS
10
107.9379829999999885
20
-37.5553060000000016
11
107.9260900000000021
21
-37.4802139999999966
0
LINE
8
BLACK
6
CONTINUOUS
10
107.9260900000000021
20
-37.4802139999999966
11
107.889969999999991
21
-37.3690489999999969
0
LINE
8
BLACK
6
CONTINUOUS
10
107.889969999999991
20
-37.3690489999999969
11
107.8482410000000016
21
-37.2406209999999973
0
LINE
8
BLACK
6
CONTINUOUS
10
107.8482410000000016
20
-37.2406209999999973
11
107.8482389999999924
21
-37.2406179999999978
0
LINE
8
BLACK
6
CONTINUOUS
10
107.8482389999999924
20
-37.2406179999999978
11
107.8482389999999924
21
-37.2406159999999957
0
LINE
8
BLACK
6
CONTINUOUS
10
107.8482389999999924
20
-37.2406159999999957
11
107.8067470000000014
21
-37.1591839999999962
0
LINE
8
BLACK
6
CONTINUOUS
10
107.8067470000000014
20
-37.1591839999999962
11
107.733869999999996
21
-37.0161549999999977
0
LINE
8
BLACK
6
CONTINUOUS
10
107.733869999999996
20
-37.0161549999999977
11
107.6929149999999993
21
-36.9597849999999966
0
LINE
8
BLACK
6
CONTINUOUS
10
107.6929149999999993
20
-36.9597849999999966
11
107.5857979999999969
21
-36.812349999999995
0
LINE
8
BLACK
6
CONTINUOUS
10
107.5857979999999969
20
-36.812349999999995
11
107.5857939999999928
21
-36.8123450000000005
0
LINE
8
BLACK
6
CONTINUOUS
10
107.5857939999999928
20
-36.8123450000000005
11
107.4076539999999937
21
-36.6342050000000015
0
LINE
8
BLACK
6
CONTINUOUS
10
107.4076539999999937
20
-36.6342050000000015
11
107.4076489999999922
21
-36.6342009999999974
0
LINE
8
BLACK
6
CONTINUOUS
10
107.4076489999999922
20
-36.6342009999999974
11
107.2038479999999936
21
-36.4861319999999978
0
LINE
8
BLACK
6
CONTINUOUS
10
107.2038479999999936
20
-36.4861319999999978
11
107.2038469999999961
21
-36.4861310000000003
0
LINE
8
BLACK
6
CONTINUOUS
10
107.2038469999999961
20
-36.4861310000000003
11
107.2038450000000012
21
-36.4861299999999957
0
LINE
8
BLACK
6
CONTINUOUS
10
107.2038450000000012
20
-36.4861299999999957
11
107.0959730000000008
21
-36.4311659999999975
0
LINE
8
BLACK
6
CONTINUOUS
10
107.0959730000000008
20
-36.4311659999999975
11
106.9793799999999919
21
-36.3717589999999973
0
LINE
8
BLACK
6
CONTINUOUS
10
106.9793799999999919
20
-36.3717589999999973
11
106.9596919999999898
21
-36.3653619999999975
0
LINE
8
BLACK
6
CONTINUOUS
10
106.9596919999999898
20
-36.3653619999999975
11
106.9020179999999982
21
-36.325922999999996
0
LINE
8
BLACK
6
CONTINUOUS
10
106.9020179999999982
20
-36.325922999999996
11
106.8748209999999972
21
-36.2615639999999999
0
LINE
8
BLACK
6
CONTINUOUS
10
106.8748209999999972
20
-36.2615639999999999
11
106.8867369999999966
21
-36.1927179999999993
0
LINE
8
BLACK
6
CONTINUOUS
10
106.8867369999999966
20
-36.1927179999999993
11
106.9103289999999902
21
-36.1597539999999995
0
LINE
8
BLACK
6
CONTINUOUS
10
106.9103289999999902
20
-36.1597539999999995
11
109.7332660000000004
21
-33.3368189999999984
0
LINE
8
BLACK
6
CONTINUOUS
10
109.7332660000000004
20
-33.3368189999999984
11
109.794589000000002
21
-33.3033339999999995
0
LINE
8
BLACK
6
CONTINUOUS
10
109.794589000000002
20
-33.3033339999999995
11
109.8209469999999897
21
-33.3004999999999995
0
LINE
8
BLACK
6
CONTINUOUS
10
109.8209469999999897
20
-33.3004999999999995
11
133.1154999999999973
21
-33.3004999999999995
0
LINE
8
BLACK
6
CONTINUOUS
10
133.1154999999999973
20
-33.3004999999999995
11
133.1241849999999829
21
-33.3030499999999989
0
LINE
8
BLACK
6
CONTINUOUS
10
137.039999999999992
20
-33.5
11
134.039999999999992
21
-33.5
0
LINE
8
BLACK
6
CONTINUOUS
10
134.039999999999992
20
-33.5
11
134.039999999999992
21
-32.5
0
LINE
8
BLACK
6
CONTINUOUS
10
134.039999999999992
20
-32.5
11
109.4380069999999989
21
-32.5
0
LINE
8
BLACK
6
CONTINUOUS
10
109.4380069999999989
20
-32.5
11
95.5985999999999905
21
-46.3394059999999968
0
LINE
8
BLACK
6
CONTINUOUS
10
95.5985999999999905
20
-46.3394059999999968
11
95.5985999999999905
21
-51.3758999999999943
0
LINE
8
BLACK
6
CONTINUOUS
10
95.5985999999999905
20
-51.3758999999999943
11
98.9839939999999956
21
-51.3758999999999943
0
LINE
8
BLACK
6
CONTINUOUS
10
98.9839939999999956
20
-51.3758999999999943
11
100.9784469999999885
21
-49.3814459999999968
0
LINE
8
BLACK
6
CONTINUOUS
10
100.9784469999999885
20
-49.3814459999999968
11
101.0276029999999992
21
-49.3383380000000002
0
LINE
8
BLACK
6
CONTINUOUS
10
101.0276029999999992
20
-49.3383380000000002
11
101.0276190000000014
21
-49.3383229999999955
0
LINE
8
BLACK
6
CONTINUOUS
10
101.0276190000000014
20
-49.3383229999999955
11
101.1406580000000019
21
-49.273060000000001
0
LINE
8
BLACK
6
CONTINUOUS
10
101.1406580000000019
20
-49.273060000000001
11
101.146688999999995
21
-49.2714439999999954
0
LINE
8
BLACK
6
CONTINUOUS
10
101.146688999999995
20
-49.2714439999999954
11
101.266736999999992
21
-49.2392770000000013
0
LINE
8
BLACK
6
CONTINUOUS
10
101.266736999999992
20
-49.2392770000000013
11
101.2667519999999968
21
-49.2392770000000013
0
LINE
8
BLACK
6
CONTINUOUS
10
101.2667519999999968
20
-49.2392770000000013
11
101.3319999999999936
21
-49.2349999999999994
0
LINE
8
BLACK
6
CONTINUOUS
10
101.3319999999999936
20
-49.2349999999999994
11
106.7615709999999893
21
-49.2349999999999994
0
LINE
8
BLACK
6
CONTINUOUS
10
106.7615709999999893
20
-49.2349999999999994
11
106.7665919999999886
21
-49.2274849999999944
0
LINE
8
BLACK
6
CONTINUOUS
10
106.7665919999999886
20
-49.2274849999999944
11
106.877484999999993
21
-49.1165919999999971
0
LINE
8
BLACK
6
CONTINUOUS
10
106.877484999999993
20
-49.1165919999999971
11
107.0078829999999925
21
-49.0294629999999998
0
LINE
8
BLACK
6
CONTINUOUS
10
107.0078829999999925
20
-49.0294629999999998
11
107.1527719999999988
21
-48.9694479999999999
0
LINE
8
BLACK
6
CONTINUOUS
10
107.1527719999999988
20
-48.9694479999999999
11
107.3065859999999958
21
-48.9388519999999971
0
LINE
8
BLACK
6
CONTINUOUS
10
107.3065859999999958
20
-48.9388519999999971
11
107.4634140000000002
21
-48.9388519999999971
0
LINE
8
BLACK
6
CONTINUOUS
10
107.4634140000000002
20
-48.9388519999999971
11
107.6172279999999972
21
-48.9694479999999999
0
LINE
8
BLACK
6
CONTINUOUS
10
107.6172279999999972
20
-48.9694479999999999
11
107.7621169999999893
21
-49.0294629999999998
0
LINE
8
BLACK
6
CONTINUOUS
10
107.7621169999999893
20
-49.0294629999999998
11
107.8925149999999888
21
-49.1165919999999971
0
LINE
8
BLACK
6
CONTINUOUS
10
107.8925149999999888
20
-49.1165919999999971
11
108.0034079999999932
21
-49.2274849999999944
0
LINE
8
BLACK
6
CONTINUOUS
10
108.0034079999999932
20
-49.2274849999999944
11
108.0905369999999976
21
-49.3578830000000011
0
LINE
8
BLACK
6
CONTINUOUS
10
108.0905369999999976
20
-49.3578830000000011
11
108.1505519999999905
21
-49.5027720000000002
0
LINE
8
BLACK
6
CONTINUOUS
10
108.1505519999999905
20
-49.5027720000000002
11
108.1811479999999932
21
-49.6565859999999972
0
LINE
8
BLACK
6
CONTINUOUS
10
108.1811479999999932
20
-49.6565859999999972
11
108.1811479999999932
21
-49.8134139999999945
0
LINE
8
BLACK
6
CONTINUOUS
10
108.1811479999999932
20
-49.8134139999999945
11
108.1505519999999905
21
-49.9672279999999986
0
LINE
8
BLACK
6
CONTINUOUS
10
108.1505519999999905
20
-49.9672279999999986
11
108.0905369999999976
21
-50.1121169999999978
0
LINE
8
BLACK
6
CONTINUOUS
10
108.0905369999999976
20
-50.1121169999999978
11
108.0034079999999932
21
-50.2425149999999974
0
LINE
8
BLACK
6
CONTINUOUS
10
108.0034079999999932
20
-50.2425149999999974
11
107.8925149999999888
21
-50.3534079999999946
0
LINE
8
BLACK
6
CONTINUOUS
10
107.8925149999999888
20
-50.3534079999999946
11
107.7621169999999893
21
-50.4405369999999991
0
LINE
8
BLACK
6
CONTINUOUS
10
107.7621169999999893
20
-50.4405369999999991
11
107.6172279999999972
21
-50.500551999999999
0
LINE
8
BLACK
6
CONTINUOUS
10
107.6172279999999972
20
-50.500551999999999
11
107.4634140000000002
21
-50.5311479999999946
0
LINE
8
BLACK
6
CONTINUOUS
10
107.4634140000000002
20
-50.5311479999999946
11
107.3065859999999958
21
-50.5311479999999946
0
LINE
8
BLACK
6
CONTINUOUS
10
107.3065859999999958
20
-50.5311479999999946
11
107.1527719999999988
21
-50.500551999999999
0
LINE
8
BLACK
6
CONTINUOUS
10
107.1527719999999988
20
-50.500551999999999
11
107.0078829999999925
21
-50.4405369999999991
0
LINE
8
BLACK
6
CONTINUOUS
10
107.0078829999999925
20
-50.4405369999999991
11
106.877484999999993
21
-50.3534079999999946
0
LINE
8
BLACK
6
CONTINUOUS
10
106.877484999999993
20
-50.3534079999999946
11
106.7665919999999886
21
-50.2425149999999974
0
LINE
8
BLACK
6
CONTINUOUS
10
106.7665919999999886
20
-50.2425149999999974
11
106.7615709999999893
21
-50.2349999999999994
0
LINE
8
BLACK
6
CONTINUOUS
10
106.7615709999999893
20
-50.2349999999999994
11
101.5391070000000013
21
-50.2349999999999994
0
LINE
8
BLACK
6
CONTINUOUS
10
101.5391070000000013
20
-50.2349999999999994
11
99.5446529999999967
21
-52.2294529999999995
0
LINE
8
BLACK
6
CONTINUOUS
10
99.5446529999999967
20
-52.2294529999999995
11
99.4954959999999886
21
-52.2725609999999961
0
LINE
8
BLACK
6
CONTINUOUS
10
99.4954959999999886
20
-52.2725609999999961
11
99.4954809999999981
21
-52.2725769999999983
0
LINE
8
BLACK
6
CONTINUOUS
10
99.4954809999999981
20
-52.2725769999999983
11
99.3824419999999975
21
-52.3378399999999999
0
LINE
8
BLACK
6
CONTINUOUS
10
99.3824419999999975
20
-52.3378399999999999
11
99.2563629999999932
21
-52.3716229999999996
0
LINE
8
BLACK
6
CONTINUOUS
10
99.2563629999999932
20
-52.3716229999999996
11
99.2563479999999885
21
-52.3716229999999996
0
LINE
8
BLACK
6
CONTINUOUS
10
99.2563479999999885
20
-52.3716229999999996
11
99.1910999999999916
21
-52.3758999999999943
0
LINE
8
BLACK
6
CONTINUOUS
10
99.1910999999999916
20
-52.3758999999999943
11
95.0985999999999905
21
-52.3758999999999943
0
LINE
8
BLACK
6
CONTINUOUS
10
95.0985999999999905
20
-52.3758999999999943
11
70.9354999999999905
21
-52.3758999999999943
0
LINE
8
BLACK
6
CONTINUOUS
10
70.9354999999999905
20
-52.3758999999999943
11
70.8702519999999936
21
-52.3716229999999996
0
LINE
8
BLACK
6
CONTINUOUS
10
70.8702519999999936
20
-52.3716229999999996
11
70.870237000000003
21
-52.3716229999999996
0
LINE
8
BLACK
6
CONTINUOUS
10
70.870237000000003
20
-52.3716229999999996
11
70.7441579999999988
21
-52.3378399999999999
0
LINE
8
BLACK
6
CONTINUOUS
10
70.7441579999999988
20
-52.3378399999999999
11
70.6311189999999982
21
-52.2725769999999983
0
LINE
8
BLACK
6
CONTINUOUS
10
70.6311189999999982
20
-52.2725769999999983
11
70.631102999999996
21
-52.2725609999999961
0
LINE
8
BLACK
6
CONTINUOUS
10
70.631102999999996
20
-52.2725609999999961
11
70.5819469999999995
21
-52.2294529999999995
0
LINE
8
BLACK
6
CONTINUOUS
10
70.5819469999999995
20
-52.2294529999999995
11
64.2431469999999933
21
-45.8906530000000004
0
LINE
8
BLACK
6
CONTINUOUS
10
64.2431469999999933
20
-45.8906530000000004
11
64.2000379999999922
21
-45.8414959999999994
0
LINE
8
BLACK
6
CONTINUOUS
10
64.2000379999999922
20
-45.8414959999999994
11
64.2000230000000016
21
-45.8414809999999946
0
LINE
8
BLACK
6
CONTINUOUS
10
64.2000230000000016
20
-45.8414809999999946
11
64.13476
21
-45.7284420000000011
0
LINE
8
BLACK
6
CONTINUOUS
10
64.13476
20
-45.7284420000000011
11
64.1248399999999918
21
-45.6914209999999983
0
LINE
8
BLACK
6
CONTINUOUS
10
64.1248399999999918
20
-45.6914209999999983
11
64.1009770000000003
21
-45.6023629999999969
0
LINE
8
BLACK
6
CONTINUOUS
10
64.1009770000000003
20
-45.6023629999999969
11
64.1009770000000003
21
-45.6023469999999946
0
LINE
8
BLACK
6
CONTINUOUS
10
64.1009770000000003
20
-45.6023469999999946
11
64.0966999999999985
21
-45.5370999999999952
0
LINE
8
BLACK
6
CONTINUOUS
10
64.0966999999999985
20
-45.5370999999999952
11
64.0966999999999985
21
-42.1649999999999991
0
LINE
8
BLACK
6
CONTINUOUS
10
64.0966999999999985
20
-42.1649999999999991
11
63.118428999999999
21
-42.1649999999999991
0
LINE
8
BLACK
6
CONTINUOUS
10
63.118428999999999
20
-42.1649999999999991
11
63.1134079999999997
21
-42.1725149999999971
0
LINE
8
BLACK
6
CONTINUOUS
10
63.1134079999999997
20
-42.1725149999999971
11
63.0025149999999954
21
-42.2834080000000014
0
LINE
8
BLACK
6
CONTINUOUS
10
63.0025149999999954
20
-42.2834080000000014
11
62.8721169999999958
21
-42.3705369999999988
0
LINE
8
BLACK
6
CONTINUOUS
10
62.8721169999999958
20
-42.3705369999999988
11
62.7272279999999967
21
-42.4305519999999987
0
LINE
8
BLACK
6
CONTINUOUS
10
62.7272279999999967
20
-42.4305519999999987
11
62.5734139999999996
21
-42.4611480000000014
0
LINE
8
BLACK
6
CONTINUOUS
10
62.5734139999999996
20
-42.4611480000000014
11
62.4949999999999974
21
-42.4649999999999963
0
LINE
8
BLACK
6
CONTINUOUS
10
62.4949999999999974
20
-42.4649999999999963
11
61.6950000000000003
21
-42.4649999999999963
0
LINE
8
BLACK
6
CONTINUOUS
10
61.6950000000000003
20
-42.4649999999999963
11
61.6165859999999981
21
-42.4611480000000014
0
LINE
8
BLACK
6
CONTINUOUS
10
61.6165859999999981
20
-42.4611480000000014
11
61.462771999999994
21
-42.4305519999999987
0
LINE
8
BLACK
6
CONTINUOUS
10
61.462771999999994
20
-42.4305519999999987
11
61.3178829999999948
21
-42.3705369999999988
0
LINE
8
BLACK
6
CONTINUOUS
10
61.3178829999999948
20
-42.3705369999999988
11
61.1874849999999952
21
-42.2834080000000014
0
LINE
8
BLACK
6
CONTINUOUS
10
61.1874849999999952
20
-42.2834080000000014
11
61.076591999999998
21
-42.1725149999999971
0
LINE
8
BLACK
6
CONTINUOUS
10
61.076591999999998
20
-42.1725149999999971
11
60.9894630000000006
21
-42.0421169999999975
0
LINE
8
BLACK
6
CONTINUOUS
10
60.9894630000000006
20
-42.0421169999999975
11
60.9294480000000007
21
-41.8972279999999984
0
LINE
8
BLACK
6
CONTINUOUS
10
60.9294480000000007
20
-41.8972279999999984
11
60.898851999999998
21
-41.7434140000000014
0
LINE
8
BLACK
6
CONTINUOUS
10
60.898851999999998
20
-41.7434140000000014
11
60.898851999999998
21
-41.5865859999999969
0
LINE
8
BLACK
6
CONTINUOUS
10
60.898851999999998
20
-41.5865859999999969
11
60.9294480000000007
21
-41.4327719999999999
0
LINE
8
BLACK
6
CONTINUOUS
10
60.9294480000000007
20
-41.4327719999999999
11
60.9894630000000006
21
-41.2878830000000008
0
LINE
8
BLACK
6
CONTINUOUS
10
60.9894630000000006
20
-41.2878830000000008
11
61.076591999999998
21
-41.1574850000000012
0
LINE
8
BLACK
6
CONTINUOUS
10
61.076591999999998
20
-41.1574850000000012
11
61.1874849999999952
21
-41.0465919999999969
0
LINE
8
BLACK
6
CONTINUOUS
10
61.1874849999999952
20
-41.0465919999999969
11
61.3178829999999948
21
-40.9594629999999995
0
LINE
8
BLACK
6
CONTINUOUS
10
61.3178829999999948
20
-40.9594629999999995
11
61.462771999999994
21
-40.8994479999999996
0
LINE
8
BLACK
6
CONTINUOUS
10
61.462771999999994
20
-40.8994479999999996
11
61.6165859999999981
21
-40.8688519999999968
0
LINE
8
BLACK
6
CONTINUOUS
10
61.6165859999999981
20
-40.8688519999999968
11
61.6950000000000003
21
-40.8649999999999949
0
LINE
8
BLACK
6
CONTINUOUS
10
61.6950000000000003
20
-40.8649999999999949
11
62.4949999999999974
21
-40.8649999999999949
0
LINE
8
BLACK
6
CONTINUOUS
10
62.4949999999999974
20
-40.8649999999999949
11
62.5734139999999996
21
-40.8688519999999968
0
LINE
8
BLACK
6
CONTINUOUS
10
62.5734139999999996
20
-40.8688519999999968
11
62.7272279999999967
21
-40.8994479999999996
0
LINE
8
BLACK
6
CONTINUOUS
10
62.7272279999999967
20
-40.8994479999999996
11
62.8721169999999958
21
-40.9594629999999995
0
LINE
8
BLACK
6
CONTINUOUS
10
62.8721169999999958
20
-40.9594629999999995
11
63.0025149999999954
21
-41.0465919999999969
0
LINE
8
BLACK
6
CONTINUOUS
10
63.0025149999999954
20
-41.0465919999999969
11
63.1134079999999997
21
-41.1574850000000012
0
LINE
8
BLACK
6
CONTINUOUS
10
63.1134079999999997
20
-41.1574850000000012
11
63.118428999999999
21
-41.1649999999999991
0
LINE
8
BLACK
6
CONTINUOUS
10
63.118428999999999
20
-41.1649999999999991
11
64.5966999999999985
21
-41.1649999999999991
0
LINE
8
BLACK
6
CONTINUOUS
10
64.5966999999999985
20
-41.1649999999999991
11
64.6619630000000001
21
-41.1692779999999985
0
LINE
8
BLACK
6
CONTINUOUS
10
64.6619630000000001
20
-41.1692779999999985
11
64.7880419999999901
21
-41.2030600000000007
0
LINE
8
BLACK
6
CONTINUOUS
10
64.7880419999999901
20
-41.2030600000000007
11
64.9010809999999907
21
-41.2683229999999952
0
LINE
8
BLACK
6
CONTINUOUS
10
64.9010809999999907
20
-41.2683229999999952
11
64.9933769999999953
21
-41.3606189999999998
0
LINE
8
BLACK
6
CONTINUOUS
10
64.9933769999999953
20
-41.3606189999999998
11
65.0586399999999969
21
-41.4736580000000004
0
LINE
8
BLACK
6
CONTINUOUS
10
65.0586399999999969
20
-41.4736580000000004
11
65.0924219999999991
21
-41.5997369999999975
0
LINE
8
BLACK
6
CONTINUOUS
10
65.0924219999999991
20
-41.5997369999999975
11
65.0966999999999985
21
-41.6649999999999991
0
LINE
8
BLACK
6
CONTINUOUS
10
65.0966999999999985
20
-41.6649999999999991
11
65.0966999999999985
21
-45.3299939999999992
0
LINE
8
BLACK
6
CONTINUOUS
10
65.0966999999999985
20
-45.3299939999999992
11
71.1426060000000007
21
-51.3758999999999943
0
LINE
8
BLACK
6
CONTINUOUS
10
71.1426060000000007
20
-51.3758999999999943
11
94.5985999999999905
21
-51.3758999999999943
0
LINE
8
BLACK
6
CONTINUOUS
10
94.5985999999999905
20
-51.3758999999999943
11
94.5985999999999905
21
-46.1323000000000008
0
LINE
8
BLACK
6
CONTINUOUS
10
94.5985999999999905
20
-46.1323000000000008
11
94.6028769999999923
21
-46.0670519999999968
0
LINE
8
BLACK
6
CONTINUOUS
10
94.6028769999999923
20
-46.0670519999999968
11
94.6028769999999923
21
-46.0670369999999991
0
LINE
8
BLACK
6
CONTINUOUS
10
94.6028769999999923
20
-46.0670369999999991
11
94.636659999999992
21
-45.9409579999999949
0
LINE
8
BLACK
6
CONTINUOUS
10
94.636659999999992
20
-45.9409579999999949
11
94.6476779999999991
21
-45.921875
0
LINE
8
BLACK
6
CONTINUOUS
10
94.6476779999999991
20
-45.921875
11
94.7019229999999936
21
-45.8279190000000014
0
LINE
8
BLACK
6
CONTINUOUS
10
94.7019229999999936
20
-45.8279190000000014
11
94.7019379999999984
21
-45.8279029999999992
0
LINE
8
BLACK
6
CONTINUOUS
10
94.7019379999999984
20
-45.8279029999999992
11
94.7450469999999996
21
-45.7787469999999956
0
LINE
8
BLACK
6
CONTINUOUS
10
94.7450469999999996
20
-45.7787469999999956
11
108.8773459999999886
21
-31.6464469999999984
0
LINE
8
BLACK
6
CONTINUOUS
10
108.8773459999999886
20
-31.6464469999999984
11
108.9265099999999933
21
-31.6033309999999972
0
LINE
8
BLACK
6
CONTINUOUS
10
108.9265099999999933
20
-31.6033309999999972
11
108.926518999999999
21
-31.6033229999999996
0
LINE
8
BLACK
6
CONTINUOUS
10
108.926518999999999
20
-31.6033229999999996
11
109.0395579999999995
21
-31.538059999999998
0
LINE
8
BLACK
6
CONTINUOUS
10
109.0395579999999995
20
-31.538059999999998
11
109.1656369999999896
21
-31.5042769999999983
0
LINE
8
BLACK
6
CONTINUOUS
10
109.1656369999999896
20
-31.5042769999999983
11
109.1656519999999944
21
-31.5042769999999983
0
LINE
8
BLACK
6
CONTINUOUS
10
109.1656519999999944
20
-31.5042769999999983
11
109.2308999999999912
21
-31.5
0
LINE
8
BLACK
6
CONTINUOUS
10
109.2308999999999912
20
-31.5
11
134.039999999999992
21
-31.5
0
LINE
8
BLACK
6
CONTINUOUS
10
134.039999999999992
20
-31.5
11
134.039999999999992
21
-30.5
0
LINE
8
BLACK
6
CONTINUOUS
10
134.039999999999992
20
-30.5
11
137.039999999999992
21
-30.5
0
LINE
8
BLACK
6
CONTINUOUS
10
137.039999999999992
20
-30.5
11
137.039999999999992
21
-33.5
0
LINE
8
BLACK
6
CONTINUOUS
10
77.9416379999999975
20
-48.9534850000000006
11
77.9873929999999973
21
-49.0062889999999953
0
LINE
8
BLACK
6
CONTINUOUS
10
77.9873929999999973
20
-49.0062889999999953
11
77.9973370000000017
21
-49.0754469999999969
0
LINE
8
BLACK
6
CONTINUOUS
10
77.9973370000000017
20
-49.0754469999999969
11
77.9850840000000005
21
-49.1140949999999989
0
LINE
8
BLACK
6
CONTINUOUS
10
77.9850840000000005
20
-49.1140949999999989
11
77.9817599999999942
21
-49.1206159999999983
0
LINE
8
BLACK
6
CONTINUOUS
10
77.9817599999999942
20
-49.1206159999999983
11
77.9039099999999962
21
-49.3602139999999991
0
LINE
8
BLACK
6
CONTINUOUS
10
77.9039099999999962
20
-49.3602139999999991
11
77.8897679999999895
21
-49.4495009999999979
0
LINE
8
BLACK
6
CONTINUOUS
10
77.8897679999999895
20
-49.4495009999999979
11
77.8644999999999925
21
-49.6090379999999982
0
LINE
8
BLACK
6
CONTINUOUS
10
77.8644999999999925
20
-49.6090379999999982
11
77.8644999999999925
21
-49.8609620000000007
0
LINE
8
BLACK
6
CONTINUOUS
10
77.8644999999999925
20
-49.8609620000000007
11
77.8707589999999925
21
-49.9004779999999997
0
LINE
8
BLACK
6
CONTINUOUS
10
77.8707589999999925
20
-49.9004779999999997
11
77.9039099999999962
21
-50.1097849999999951
0
LINE
8
BLACK
6
CONTINUOUS
10
77.9039099999999962
20
-50.1097849999999951
11
77.9817609999999917
21
-50.3493859999999955
0
LINE
8
BLACK
6
CONTINUOUS
10
77.9817609999999917
20
-50.3493859999999955
11
78.0050569999999936
21
-50.3951059999999984
0
LINE
8
BLACK
6
CONTINUOUS
10
78.0050569999999936
20
-50.3951059999999984
11
78.0179529999999914
21
-50.4637749999999983
0
LINE
8
BLACK
6
CONTINUOUS
10
78.0179529999999914
20
-50.4637749999999983
11
77.9916759999999982
21
-50.5285149999999987
0
LINE
8
BLACK
6
CONTINUOUS
10
77.9916759999999982
20
-50.5285149999999987
11
77.9345689999999962
21
-50.5687719999999956
0
LINE
8
BLACK
6
CONTINUOUS
10
77.9345689999999962
20
-50.5687719999999956
11
77.8945719999999966
21
-50.5753999999999948
0
LINE
8
BLACK
6
CONTINUOUS
10
77.8945719999999966
20
-50.5753999999999948
11
73.4154279999999915
21
-50.5753999999999948
0
LINE
8
BLACK
6
CONTINUOUS
10
73.4154279999999915
20
-50.5753999999999948
11
73.3483889999999974
21
-50.5557149999999993
0
LINE
8
BLACK
6
CONTINUOUS
10
73.3483889999999974
20
-50.5557149999999993
11
73.3026339999999976
21
-50.5029109999999974
0
LINE
8
BLACK
6
CONTINUOUS
10
73.3026339999999976
20
-50.5029109999999974
11
73.2926899999999932
21
-50.4337529999999958
0
LINE
8
BLACK
6
CONTINUOUS
10
73.2926899999999932
20
-50.4337529999999958
11
73.3049429999999944
21
-50.3951059999999984
0
LINE
8
BLACK
6
CONTINUOUS
10
73.3049429999999944
20
-50.3951059999999984
11
73.3282379999999989
21
-50.3493859999999955
0
LINE
8
BLACK
6
CONTINUOUS
10
73.3282379999999989
20
-50.3493859999999955
11
73.3282379999999989
21
-50.3493819999999985
0
LINE
8
BLACK
6
CONTINUOUS
10
73.3282379999999989
20
-50.3493819999999985
11
73.3282409999999913
21
-50.349378999999999
0
LINE
8
BLACK
6
CONTINUOUS
10
73.3282409999999913
20
-50.349378999999999
11
73.4060899999999918
21
-50.1097849999999951
0
LINE
8
BLACK
6
CONTINUOUS
10
73.4060899999999918
20
-50.1097849999999951
11
73.4179839999999899
21
-50.0346869999999981
0
LINE
8
BLACK
6
CONTINUOUS
10
73.4179839999999899
20
-50.0346869999999981
11
73.4479109999999906
21
-49.9715569999999971
0
LINE
8
BLACK
6
CONTINUOUS
10
73.4479109999999906
20
-49.9715569999999971
11
73.4527569999999912
21
-49.9664259999999985
0
LINE
8
BLACK
6
CONTINUOUS
10
73.4527569999999912
20
-49.9664259999999985
11
74.4490649999999903
21
-48.9701189999999968
0
LINE
8
BLACK
6
CONTINUOUS
10
74.4490649999999903
20
-48.9701189999999968
11
74.5103879999999918
21
-48.936633999999998
0
LINE
8
BLACK
6
CONTINUOUS
10
74.5103879999999918
20
-48.936633999999998
11
74.5367459999999937
21
-48.933799999999998
0
LINE
8
BLACK
6
CONTINUOUS
10
74.5367459999999937
20
-48.933799999999998
11
77.8745990000000035
21
-48.933799999999998
0
LINE
8
BLACK
6
CONTINUOUS
10
77.8745990000000035
20
-48.933799999999998
11
77.9416379999999975
21
-48.9534850000000006
0
LINE
8
BLACK
6
CONTINUOUS
10
87.9948849999999965
20
-48.9363499999999974
11
88.0038469999999933
21
-48.935061999999995
0
LINE
8
BLACK
6
CONTINUOUS
10
88.0038469999999933
20
-48.935061999999995
11
88.0278869999999927
21
-48.9460399999999964
0
LINE
8
BLACK
6
CONTINUOUS
10
88.0278869999999927
20
-48.9460399999999964
11
88.0532389999999907
21
-48.9534850000000006
0
LINE
8
BLACK
6
CONTINUOUS
10
88.0532389999999907
20
-48.9534850000000006
11
88.0591659999999905
21
-48.9603249999999974
0
LINE
8
BLACK
6
CONTINUOUS
10
88.0591659999999905
20
-48.9603249999999974
11
88.0674029999999988
21
-48.9640869999999993
0
LINE
8
BLACK
6
CONTINUOUS
10
88.0674029999999988
20
-48.9640869999999993
11
88.0816919999999897
21
-48.9863209999999967
0
LINE
8
BLACK
6
CONTINUOUS
10
88.0816919999999897
20
-48.9863209999999967
11
88.0989939999999905
21
-49.0062889999999953
0
LINE
8
BLACK
6
CONTINUOUS
10
88.0989939999999905
20
-49.0062889999999953
11
88.1012810000000002
21
-49.0168029999999959
0
LINE
8
BLACK
6
CONTINUOUS
10
88.1012810000000002
20
-49.0168029999999959
11
88.1051769999999976
21
-49.0228649999999959
0
LINE
8
BLACK
6
CONTINUOUS
10
88.1051769999999976
20
-49.0228649999999959
11
88.1101999999999919
21
-49.0578000000000003
0
LINE
8
BLACK
6
CONTINUOUS
10
88.1101999999999919
20
-49.0578000000000003
11
88.1101999999999919
21
-49.1673319999999947
0
LINE
8
BLACK
6
CONTINUOUS
10
88.1101999999999919
20
-49.1673319999999947
11
88.1041309999999953
21
-49.2056499999999986
0
LINE
8
BLACK
6
CONTINUOUS
10
88.1041309999999953
20
-49.2056499999999986
11
88.0539100000000019
21
-49.360209999999995
0
LINE
8
BLACK
6
CONTINUOUS
10
88.0539100000000019
20
-49.360209999999995
11
88.0539100000000019
21
-49.3602129999999946
0
LINE
8
BLACK
6
CONTINUOUS
10
88.0539100000000019
20
-49.3602129999999946
11
88.0397679999999951
21
-49.4495009999999979
0
LINE
8
BLACK
6
CONTINUOUS
10
88.0397679999999951
20
-49.4495009999999979
11
88.0144999999999982
21
-49.6090379999999982
0
LINE
8
BLACK
6
CONTINUOUS
10
88.0144999999999982
20
-49.6090379999999982
11
88.0144999999999982
21
-49.8609620000000007
0
LINE
8
BLACK
6
CONTINUOUS
10
88.0144999999999982
20
-49.8609620000000007
11
88.0207589999999982
21
-49.9004779999999997
0
LINE
8
BLACK
6
CONTINUOUS
10
88.0207589999999982
20
-49.9004779999999997
11
88.0539100000000019
21
-50.1097849999999951
0
LINE
8
BLACK
6
CONTINUOUS
10
88.0539100000000019
20
-50.1097849999999951
11
88.1317609999999974
21
-50.3493859999999955
0
LINE
8
BLACK
6
CONTINUOUS
10
88.1317609999999974
20
-50.3493859999999955
11
88.1550569999999993
21
-50.3951059999999984
0
LINE
8
BLACK
6
CONTINUOUS
10
88.1550569999999993
20
-50.3951059999999984
11
88.1679529999999971
21
-50.4637749999999983
0
LINE
8
BLACK
6
CONTINUOUS
10
88.1679529999999971
20
-50.4637749999999983
11
88.1416759999999897
21
-50.5285149999999987
0
LINE
8
BLACK
6
CONTINUOUS
10
88.1416759999999897
20
-50.5285149999999987
11
88.0845690000000019
21
-50.5687719999999956
0
LINE
8
BLACK
6
CONTINUOUS
10
88.0845690000000019
20
-50.5687719999999956
11
88.0445720000000023
21
-50.5753999999999948
0
LINE
8
BLACK
6
CONTINUOUS
10
88.0445720000000023
20
-50.5753999999999948
11
81.035427999999996
21
-50.5753999999999948
0
LINE
8
BLACK
6
CONTINUOUS
10
81.035427999999996
20
-50.5753999999999948
11
80.9683890000000019
21
-50.5557149999999993
0
LINE
8
BLACK
6
CONTINUOUS
10
80.9683890000000019
20
-50.5557149999999993
11
80.9226340000000022
21
-50.5029109999999974
0
LINE
8
BLACK
6
CONTINUOUS
10
80.9226340000000022
20
-50.5029109999999974
11
80.9126899999999978
21
-50.4337529999999958
0
LINE
8
BLACK
6
CONTINUOUS
10
80.9126899999999978
20
-50.4337529999999958
11
80.924942999999999
21
-50.3951059999999984
0
LINE
8
BLACK
6
CONTINUOUS
10
80.924942999999999
20
-50.3951059999999984
11
80.9482379999999893
21
-50.3493859999999955
0
LINE
8
BLACK
6
CONTINUOUS
10
80.9482379999999893
20
-50.3493859999999955
11
80.9482379999999893
21
-50.3493819999999985
0
LINE
8
BLACK
6
CONTINUOUS
10
80.9482379999999893
20
-50.3493819999999985
11
80.9482409999999959
21
-50.349378999999999
0
LINE
8
BLACK
6
CONTINUOUS
10
80.9482409999999959
20
-50.349378999999999
11
81.0260899999999964
21
-50.1097849999999951
0
LINE
8
BLACK
6
CONTINUOUS
10
81.0260899999999964
20
-50.1097849999999951
11
81.0655000000000001
21
-49.8609620000000007
0
LINE
8
BLACK
6
CONTINUOUS
10
81.0655000000000001
20
-49.8609620000000007
11
81.0655000000000001
21
-49.6090379999999982
0
LINE
8
BLACK
6
CONTINUOUS
10
81.0655000000000001
20
-49.6090379999999982
11
81.0260899999999964
21
-49.3602149999999966
0
LINE
8
BLACK
6
CONTINUOUS
10
81.0260899999999964
20
-49.3602149999999966
11
80.9482409999999959
21
-49.1206209999999999
0
LINE
8
BLACK
6
CONTINUOUS
10
80.9482409999999959
20
-49.1206209999999999
11
80.9482390000000009
21
-49.1206180000000003
0
LINE
8
BLACK
6
CONTINUOUS
10
80.9482390000000009
20
-49.1206180000000003
11
80.9482390000000009
21
-49.1206159999999983
0
LINE
8
BLACK
6
CONTINUOUS
10
80.9482390000000009
20
-49.1206159999999983
11
80.9449159999999921
21
-49.1140949999999989
0
LINE
8
BLACK
6
CONTINUOUS
10
80.9449159999999921
20
-49.1140949999999989
11
80.9320199999999943
21
-49.0454259999999991
0
LINE
8
BLACK
6
CONTINUOUS
10
80.9320199999999943
20
-49.0454259999999991
11
80.95829599999999
21
-48.9806850000000011
0
LINE
8
BLACK
6
CONTINUOUS
10
80.95829599999999
20
-48.9806850000000011
11
81.0154029999999921
21
-48.9404279999999972
0
LINE
8
BLACK
6
CONTINUOUS
10
81.0154029999999921
20
-48.9404279999999972
11
81.0554010000000034
21
-48.933799999999998
0
LINE
8
BLACK
6
CONTINUOUS
10
81.0554010000000034
20
-48.933799999999998
11
87.9861999999999966
21
-48.933799999999998
0
LINE
8
BLACK
6
CONTINUOUS
10
87.9861999999999966
20
-48.933799999999998
11
87.9948849999999965
21
-48.9363499999999974
0
LINE
8
BLACK
6
CONTINUOUS
10
109.149210999999994
20
-30.4769849999999991
11
109.1949659999999938
21
-30.5297889999999974
0
LINE
8
BLACK
6
CONTINUOUS
10
109.1949659999999938
20
-30.5297889999999974
11
109.2049099999999981
21
-30.598946999999999
0
LINE
8
BLACK
6
CONTINUOUS
10
109.2049099999999981
20
-30.598946999999999
11
109.1758849999999939
21
-30.6625029999999974
0
LINE
8
BLACK
6
CONTINUOUS
10
109.1758849999999939
20
-30.6625029999999974
11
109.1171069999999901
21
-30.7002769999999998
0
LINE
8
BLACK
6
CONTINUOUS
10
109.1171069999999901
20
-30.7002769999999998
11
109.1015699999999953
21
-30.7037729999999982
0
LINE
8
BLACK
6
CONTINUOUS
10
109.1015699999999953
20
-30.7037729999999982
11
108.9263629999999949
21
-30.7315229999999993
0
LINE
8
BLACK
6
CONTINUOUS
10
108.9263629999999949
20
-30.7315229999999993
11
108.8290229999999923
21
-30.7631499999999996
0
LINE
8
BLACK
6
CONTINUOUS
10
108.8290229999999923
20
-30.7631499999999996
11
108.8290229999999923
21
-30.763150999999997
0
LINE
8
BLACK
6
CONTINUOUS
10
108.8290229999999923
20
-30.763150999999997
11
108.7316809999999947
21
-30.7947799999999994
0
LINE
8
BLACK
6
CONTINUOUS
10
108.7316809999999947
20
-30.7947799999999994
11
108.7316789999999997
21
-30.7947799999999994
0
LINE
8
BLACK
6
CONTINUOUS
10
108.7316789999999997
20
-30.7947799999999994
11
108.7316789999999997
21
-30.7947809999999969
0
LINE
8
BLACK
6
CONTINUOUS
10
108.7316789999999997
20
-30.7947809999999969
11
108.7316749999999956
21
-30.7947819999999979
0
LINE
8
BLACK
6
CONTINUOUS
10
108.7316749999999956
20
-30.7947819999999979
11
108.7028849999999949
21
-30.8094520000000003
0
LINE
8
BLACK
6
CONTINUOUS
10
108.7028849999999949
20
-30.8094520000000003
11
108.7023639999999887
21
-30.8097180000000002
0
LINE
8
BLACK
6
CONTINUOUS
10
108.7023639999999887
20
-30.8097180000000002
11
108.5548019999999951
21
-30.8849029999999978
0
LINE
8
BLACK
6
CONTINUOUS
10
108.5548019999999951
20
-30.8849029999999978
11
108.5492869999999925
21
-30.887713999999999
0
LINE
8
BLACK
6
CONTINUOUS
10
108.5492869999999925
20
-30.887713999999999
11
108.5492840000000001
21
-30.8877159999999975
0
LINE
8
BLACK
6
CONTINUOUS
10
108.5492840000000001
20
-30.8877159999999975
11
108.3836779999999891
21
-31.008035999999997
0
LINE
8
BLACK
6
CONTINUOUS
10
108.3836779999999891
20
-31.008035999999997
11
94.1066359999999946
21
-45.2850779999999986
0
LINE
8
BLACK
6
CONTINUOUS
10
94.1066359999999946
20
-45.2850779999999986
11
93.9863129999999956
21
-45.4506879999999995
0
LINE
8
BLACK
6
CONTINUOUS
10
93.9863129999999956
20
-45.4506879999999995
11
93.976230000000001
21
-45.470478
0
LINE
8
BLACK
6
CONTINUOUS
10
93.976230000000001
20
-45.470478
11
93.8929320000000018
21
-45.6339579999999998
0
LINE
8
BLACK
6
CONTINUOUS
10
93.8929320000000018
20
-45.6339579999999998
11
93.8918719999999922
21
-45.6377199999999945
0
LINE
8
BLACK
6
CONTINUOUS
10
93.8918719999999922
20
-45.6377199999999945
11
93.831744999999998
21
-45.822775
0
LINE
8
BLACK
6
CONTINUOUS
10
93.831744999999998
20
-45.822775
11
93.8317440000000005
21
-45.8227779999999996
0
LINE
8
BLACK
6
CONTINUOUS
10
93.8317440000000005
20
-45.8227779999999996
11
93.8301239999999979
21
-45.8277609999999953
0
LINE
8
BLACK
6
CONTINUOUS
10
93.8301239999999979
20
-45.8277609999999953
11
93.8301199999999938
21
-45.827777999999995
0
LINE
8
BLACK
6
CONTINUOUS
10
93.8301199999999938
20
-45.827777999999995
11
93.7980999999999909
21
-46.0299479999999974
0
LINE
8
BLACK
6
CONTINUOUS
10
93.7980999999999909
20
-46.0299479999999974
11
93.7980999999999909
21
-50.4513999999999996
0
LINE
8
BLACK
6
CONTINUOUS
10
93.7980999999999909
20
-50.4513999999999996
11
93.7784149999999954
21
-50.5184390000000008
0
LINE
8
BLACK
6
CONTINUOUS
10
93.7784149999999954
20
-50.5184390000000008
11
93.7256110000000007
21
-50.5641940000000005
0
LINE
8
BLACK
6
CONTINUOUS
10
93.7256110000000007
20
-50.5641940000000005
11
93.6740999999999957
21
-50.5753999999999948
0
LINE
8
BLACK
6
CONTINUOUS
10
93.6740999999999957
20
-50.5753999999999948
11
91.1854280000000017
21
-50.5753999999999948
0
LINE
8
BLACK
6
CONTINUOUS
10
91.1854280000000017
20
-50.5753999999999948
11
91.1183889999999934
21
-50.5557149999999993
0
LINE
8
BLACK
6
CONTINUOUS
10
91.1183889999999934
20
-50.5557149999999993
11
91.0726339999999936
21
-50.5029109999999974
0
LINE
8
BLACK
6
CONTINUOUS
10
91.0726339999999936
20
-50.5029109999999974
11
91.0626899999999893
21
-50.4337529999999958
0
LINE
8
BLACK
6
CONTINUOUS
10
91.0626899999999893
20
-50.4337529999999958
11
91.0749429999999904
21
-50.3951059999999984
0
LINE
8
BLACK
6
CONTINUOUS
10
91.0749429999999904
20
-50.3951059999999984
11
91.0982379999999949
21
-50.3493859999999955
0
LINE
8
BLACK
6
CONTINUOUS
10
91.0982379999999949
20
-50.3493859999999955
11
91.0982379999999949
21
-50.3493819999999985
0
LINE
8
BLACK
6
CONTINUOUS
10
91.0982379999999949
20
-50.3493819999999985
11
91.0982410000000016
21
-50.349378999999999
0
LINE
8
BLACK
6
CONTINUOUS
10
91.0982410000000016
20
-50.349378999999999
11
91.1760900000000021
21
-50.1097849999999951
0
LINE
8
BLACK
6
CONTINUOUS
10
91.1760900000000021
20
-50.1097849999999951
11
91.2154999999999916
21
-49.8609620000000007
0
LINE
8
BLACK
6
CONTINUOUS
10
91.2154999999999916
20
-49.8609620000000007
11
91.2154999999999916
21
-49.6090379999999982
0
LINE
8
BLACK
6
CONTINUOUS
10
91.2154999999999916
20
-49.6090379999999982
11
91.1760900000000021
21
-49.3602149999999966
0
LINE
8
BLACK
6
CONTINUOUS
10
91.1760900000000021
20
-49.3602149999999966
11
91.0982410000000016
21
-49.1206209999999999
0
LINE
8
BLACK
6
CONTINUOUS
10
91.0982410000000016
20
-49.1206209999999999
11
91.0982389999999924
21
-49.1206180000000003
0
LINE
8
BLACK
6
CONTINUOUS
10
91.0982389999999924
20
-49.1206180000000003
11
91.0982389999999924
21
-49.1206159999999983
0
LINE
8
BLACK
6
CONTINUOUS
10
91.0982389999999924
20
-49.1206159999999983
11
91.0431119999999936
21
-49.0124250000000004
0
LINE
8
BLACK
6
CONTINUOUS
10
91.0431119999999936
20
-49.0124250000000004
11
90.983869999999996
21
-48.8961550000000003
0
LINE
8
BLACK
6
CONTINUOUS
10
90.983869999999996
20
-48.8961550000000003
11
90.9310880000000026
21
-48.8235059999999947
0
LINE
8
BLACK
6
CONTINUOUS
10
90.9310880000000026
20
-48.8235059999999947
11
90.8357979999999969
21
-48.6923499999999976
0
LINE
8
BLACK
6
CONTINUOUS
10
90.8357979999999969
20
-48.6923499999999976
11
90.8357939999999928
21
-48.692344999999996
0
LINE
8
BLACK
6
CONTINUOUS
10
90.8357939999999928
20
-48.692344999999996
11
90.7475189999999969
21
-48.6040700000000001
0
LINE
8
BLACK
6
CONTINUOUS
10
90.7475189999999969
20
-48.6040700000000001
11
90.7140339999999981
21
-48.5427469999999985
0
LINE
8
BLACK
6
CONTINUOUS
10
90.7140339999999981
20
-48.5427469999999985
11
90.711199999999991
21
-48.5163889999999967
0
LINE
8
BLACK
6
CONTINUOUS
10
90.711199999999991
20
-48.5163889999999967
11
90.711199999999991
21
-47.5309479999999951
0
LINE
8
BLACK
6
CONTINUOUS
10
90.711199999999991
20
-47.5309479999999951
11
90.6791769999999957
21
-47.3287649999999971
0
LINE
8
BLACK
6
CONTINUOUS
10
90.6791769999999957
20
-47.3287649999999971
11
90.6159179999999935
21
-47.1340760000000003
0
LINE
8
BLACK
6
CONTINUOUS
10
90.6159179999999935
20
-47.1340760000000003
11
90.5822029999999927
21
-47.0679069999999982
0
LINE
8
BLACK
6
CONTINUOUS
10
90.5822029999999927
20
-47.0679069999999982
11
90.5229870000000005
21
-46.9516899999999993
0
LINE
8
BLACK
6
CONTINUOUS
10
90.5229870000000005
20
-46.9516899999999993
11
90.5106320000000011
21
-46.9346849999999947
0
LINE
8
BLACK
6
CONTINUOUS
10
90.5106320000000011
20
-46.9346849999999947
11
90.4026689999999888
21
-46.7860839999999953
0
LINE
8
BLACK
6
CONTINUOUS
10
90.4026689999999888
20
-46.7860839999999953
11
90.2579130000000021
21
-46.6413279999999943
0
LINE
8
BLACK
6
CONTINUOUS
10
90.2579130000000021
20
-46.6413279999999943
11
90.0923129999999901
21
-46.5210149999999985
0
LINE
8
BLACK
6
CONTINUOUS
10
90.0923129999999901
20
-46.5210149999999985
11
90.0923119999999926
21
-46.521014000000001
0
LINE
8
BLACK
6
CONTINUOUS
10
90.0923119999999926
20
-46.521014000000001
11
90.0923099999999977
21
-46.5210129999999964
0
LINE
8
BLACK
6
CONTINUOUS
10
90.0923099999999977
20
-46.5210129999999964
11
90.0275400000000019
21
-46.4880110000000002
0
LINE
8
BLACK
6
CONTINUOUS
10
90.0275400000000019
20
-46.4880110000000002
11
89.909922999999992
21
-46.4280809999999988
0
LINE
8
BLACK
6
CONTINUOUS
10
89.909922999999992
20
-46.4280809999999988
11
89.7152339999999953
21
-46.3648219999999966
0
LINE
8
BLACK
6
CONTINUOUS
10
89.7152339999999953
20
-46.3648219999999966
11
89.5406949999999995
21
-46.3371779999999944
0
LINE
8
BLACK
6
CONTINUOUS
10
89.5406949999999995
20
-46.3371779999999944
11
89.5130520000000018
21
-46.3327999999999989
0
LINE
8
BLACK
6
CONTINUOUS
10
89.5130520000000018
20
-46.3327999999999989
11
73.8443479999999965
21
-46.3327999999999989
0
LINE
8
BLACK
6
CONTINUOUS
10
73.8443479999999965
20
-46.3327999999999989
11
73.7769540000000035
21
-46.3434740000000005
0
LINE
8
BLACK
6
CONTINUOUS
10
73.7769540000000035
20
-46.3434740000000005
11
73.642163999999994
21
-46.3648230000000012
0
LINE
8
BLACK
6
CONTINUOUS
10
73.642163999999994
20
-46.3648230000000012
11
73.4474840000000029
21
-46.4280769999999947
0
LINE
8
BLACK
6
CONTINUOUS
10
73.4474840000000029
20
-46.4280769999999947
11
73.4474809999999962
21
-46.4280779999999993
0
LINE
8
BLACK
6
CONTINUOUS
10
73.4474809999999962
20
-46.4280779999999993
11
73.3298559999999924
21
-46.4880129999999951
0
LINE
8
BLACK
6
CONTINUOUS
10
73.3298559999999924
20
-46.4880129999999951
11
73.2650859999999966
21
-46.5210149999999985
0
LINE
8
BLACK
6
CONTINUOUS
10
73.2650859999999966
20
-46.5210149999999985
11
73.0994859999999989
21
-46.6413279999999943
0
LINE
8
BLACK
6
CONTINUOUS
10
73.0994859999999989
20
-46.6413279999999943
11
73.0994819999999947
21
-46.6413319999999985
0
LINE
8
BLACK
6
CONTINUOUS
10
73.0994819999999947
20
-46.6413319999999985
11
72.9547309999999953
21
-46.7860839999999953
0
LINE
8
BLACK
6
CONTINUOUS
10
72.9547309999999953
20
-46.7860839999999953
11
71.6135900000000021
21
-48.1272230000000008
0
LINE
8
BLACK
6
CONTINUOUS
10
71.6135900000000021
20
-48.1272230000000008
11
71.5522670000000005
21
-48.1607079999999996
0
LINE
8
BLACK
6
CONTINUOUS
10
71.5522670000000005
20
-48.1607079999999996
11
71.5453090000000032
21
-48.1620149999999967
0
LINE
8
BLACK
6
CONTINUOUS
10
71.5453090000000032
20
-48.1620149999999967
11
71.470216999999991
21
-48.1739089999999948
0
LINE
8
BLACK
6
CONTINUOUS
10
71.470216999999991
20
-48.1739089999999948
11
71.2306179999999927
21
-48.2517599999999973
0
LINE
8
BLACK
6
CONTINUOUS
10
71.2306179999999927
20
-48.2517599999999973
11
71.0061510000000027
21
-48.3661320000000003
0
LINE
8
BLACK
6
CONTINUOUS
10
71.0061510000000027
20
-48.3661320000000003
11
70.8023499999999899
21
-48.5142009999999999
0
LINE
8
BLACK
6
CONTINUOUS
10
70.8023499999999899
20
-48.5142009999999999
11
70.8023450000000025
21
-48.5142049999999969
0
LINE
8
BLACK
6
CONTINUOUS
10
70.8023450000000025
20
-48.5142049999999969
11
70.6242050000000035
21
-48.692344999999996
0
LINE
8
BLACK
6
CONTINUOUS
10
70.6242050000000035
20
-48.692344999999996
11
70.6242009999999993
21
-48.6923499999999976
0
LINE
8
BLACK
6
CONTINUOUS
10
70.6242009999999993
20
-48.6923499999999976
11
70.4761319999999927
21
-48.8961509999999961
0
LINE
8
BLACK
6
CONTINUOUS
10
70.4761319999999927
20
-48.8961509999999961
11
70.3617579999999947
21
-49.1206199999999953
0
LINE
8
BLACK
6
CONTINUOUS
10
70.3617579999999947
20
-49.1206199999999953
11
70.340328999999997
21
-49.1865719999999982
0
LINE
8
BLACK
6
CONTINUOUS
10
70.340328999999997
20
-49.1865719999999982
11
70.3008909999999929
21
-49.2442469999999943
0
LINE
8
BLACK
6
CONTINUOUS
10
70.3008909999999929
20
-49.2442469999999943
11
70.2365319999999969
21
-49.2714439999999954
0
LINE
8
BLACK
6
CONTINUOUS
10
70.2365319999999969
20
-49.2714439999999954
11
70.1676860000000033
21
-49.2595290000000006
0
LINE
8
BLACK
6
CONTINUOUS
10
70.1676860000000033
20
-49.2595290000000006
11
70.1347179999999923
21
-49.2359329999999957
0
LINE
8
BLACK
6
CONTINUOUS
10
70.1347179999999923
20
-49.2359329999999957
11
65.933519000000004
21
-45.0347340000000003
0
LINE
8
BLACK
6
CONTINUOUS
10
65.933519000000004
20
-45.0347340000000003
11
65.9000339999999909
21
-44.9734109999999987
0
LINE
8
BLACK
6
CONTINUOUS
10
65.9000339999999909
20
-44.9734109999999987
11
65.897199999999998
21
-44.9470529999999968
0
LINE
8
BLACK
6
CONTINUOUS
10
65.897199999999998
20
-44.9470529999999968
11
65.897199999999998
21
-41.5626479999999958
0
LINE
8
BLACK
6
CONTINUOUS
10
65.897199999999998
20
-41.5626479999999958
11
65.8651770000000027
21
-41.3604649999999978
0
LINE
8
BLACK
6
CONTINUOUS
10
65.8651770000000027
20
-41.3604649999999978
11
65.8019180000000006
21
-41.165776000000001
0
LINE
8
BLACK
6
CONTINUOUS
10
65.8019180000000006
20
-41.165776000000001
11
65.7682029999999997
21
-41.0996069999999989
0
LINE
8
BLACK
6
CONTINUOUS
10
65.7682029999999997
20
-41.0996069999999989
11
65.7089869999999934
21
-40.98339
0
LINE
8
BLACK
6
CONTINUOUS
10
65.7089869999999934
20
-40.98339
11
65.7012560000000008
21
-40.9727490000000003
0
LINE
8
BLACK
6
CONTINUOUS
10
65.7012560000000008
20
-40.9727490000000003
11
65.5886709999999908
21
-40.8177859999999981
0
LINE
8
BLACK
6
CONTINUOUS
10
65.5886709999999908
20
-40.8177859999999981
11
65.4439129999999949
21
-40.6730279999999951
0
LINE
8
BLACK
6
CONTINUOUS
10
65.4439129999999949
20
-40.6730279999999951
11
65.2783129999999971
21
-40.5527149999999992
0
LINE
8
BLACK
6
CONTINUOUS
10
65.2783129999999971
20
-40.5527149999999992
11
65.2783119999999997
21
-40.5527140000000017
0
LINE
8
BLACK
6
CONTINUOUS
10
65.2783119999999997
20
-40.5527140000000017
11
65.2783099999999905
21
-40.5527129999999971
0
LINE
8
BLACK
6
CONTINUOUS
10
65.2783099999999905
20
-40.5527129999999971
11
65.2213529999999935
21
-40.5236909999999995
0
LINE
8
BLACK
6
CONTINUOUS
10
65.2213529999999935
20
-40.5236909999999995
11
65.0959229999999991
21
-40.4597809999999996
0
LINE
8
BLACK
6
CONTINUOUS
10
65.0959229999999991
20
-40.4597809999999996
11
64.9012340000000023
21
-40.3965219999999974
0
LINE
8
BLACK
6
CONTINUOUS
10
64.9012340000000023
20
-40.3965219999999974
11
64.7266949999999923
21
-40.3688779999999952
0
LINE
8
BLACK
6
CONTINUOUS
10
64.7266949999999923
20
-40.3688779999999952
11
64.6990519999999947
21
-40.3644999999999996
0
LINE
8
BLACK
6
CONTINUOUS
10
64.6990519999999947
20
-40.3644999999999996
11
64.6990509999999972
21
-40.3644999999999996
0
LINE
8
BLACK
6
CONTINUOUS
10
64.6990509999999972
20
-40.3644999999999996
11
63.8161419999999993
21
-40.3644999999999996
0
LINE
8
BLACK
6
CONTINUOUS
10
63.8161419999999993
20
-40.3644999999999996
11
63.7491029999999981
21
-40.344814999999997
0
LINE
8
BLACK
6
CONTINUOUS
10
63.7491029999999981
20
-40.344814999999997
11
63.7033479999999983
21
-40.2920109999999951
0
LINE
8
BLACK
6
CONTINUOUS
10
63.7033479999999983
20
-40.2920109999999951
11
63.6934039999999939
21
-40.2228530000000006
0
LINE
8
BLACK
6
CONTINUOUS
10
63.6934039999999939
20
-40.2228530000000006
11
63.7158239999999978
21
-40.1676149999999978
0
LINE
8
BLACK
6
CONTINUOUS
10
63.7158239999999978
20
-40.1676149999999978
11
63.8041029999999978
21
-40.0461059999999947
0
LINE
8
BLACK
6
CONTINUOUS
10
63.8041029999999978
20
-40.0461059999999947
11
63.8638699999999986
21
-39.9638449999999992
0
LINE
8
BLACK
6
CONTINUOUS
10
63.8638699999999986
20
-39.9638449999999992
11
63.978240999999997
21
-39.7393789999999996
0
LINE
8
BLACK
6
CONTINUOUS
10
63.978240999999997
20
-39.7393789999999996
11
64.0560899999999975
21
-39.4997849999999957
0
LINE
8
BLACK
6
CONTINUOUS
10
64.0560899999999975
20
-39.4997849999999957
11
64.0955000000000013
21
-39.2509620000000012
0
LINE
8
BLACK
6
CONTINUOUS
10
64.0955000000000013
20
-39.2509620000000012
11
64.0955000000000013
21
-38.9990379999999988
0
LINE
8
BLACK
6
CONTINUOUS
10
64.0955000000000013
20
-38.9990379999999988
11
64.0560899999999975
21
-38.7502149999999972
0
LINE
8
BLACK
6
CONTINUOUS
10
64.0560899999999975
20
-38.7502149999999972
11
63.978240999999997
21
-38.5106210000000004
0
LINE
8
BLACK
6
CONTINUOUS
10
63.978240999999997
20
-38.5106210000000004
11
63.978238999999995
21
-38.5106180000000009
0
LINE
8
BLACK
6
CONTINUOUS
10
63.978238999999995
20
-38.5106180000000009
11
63.978238999999995
21
-38.5106159999999988
0
LINE
8
BLACK
6
CONTINUOUS
10
63.978238999999995
20
-38.5106159999999988
11
63.9075239999999951
21
-38.3718310000000002
0
LINE
8
BLACK
6
CONTINUOUS
10
63.9075239999999951
20
-38.3718310000000002
11
63.8638699999999986
21
-38.2861550000000008
0
LINE
8
BLACK
6
CONTINUOUS
10
63.8638699999999986
20
-38.2861550000000008
11
63.7632989999999964
21
-38.1477299999999957
0
LINE
8
BLACK
6
CONTINUOUS
10
63.7632989999999964
20
-38.1477299999999957
11
63.7157979999999995
21
-38.0823499999999981
0
LINE
8
BLACK
6
CONTINUOUS
10
63.7157979999999995
20
-38.0823499999999981
11
63.7157939999999954
21
-38.0823449999999966
0
LINE
8
BLACK
6
CONTINUOUS
10
63.7157939999999954
20
-38.0823449999999966
11
63.5761299999999991
21
-37.9426810000000003
0
LINE
8
BLACK
6
CONTINUOUS
10
63.5761299999999991
20
-37.9426810000000003
11
63.5426450000000003
21
-37.8813579999999988
0
LINE
8
BLACK
6
CONTINUOUS
10
63.5426450000000003
20
-37.8813579999999988
11
63.5476290000000006
21
-37.8116659999999953
0
LINE
8
BLACK
6
CONTINUOUS
10
63.5476290000000006
20
-37.8116659999999953
11
63.5761299999999991
21
-37.7673190000000005
0
LINE
8
BLACK
6
CONTINUOUS
10
63.5761299999999991
20
-37.7673190000000005
11
63.6144109999999969
21
-37.7290379999999956
0
LINE
8
BLACK
6
CONTINUOUS
10
63.6144109999999969
20
-37.7290379999999956
11
63.7157929999999979
21
-37.6276560000000018
0
LINE
8
BLACK
6
CONTINUOUS
10
63.7157929999999979
20
-37.6276560000000018
11
63.8638699999999986
21
-37.423845
0
LINE
8
BLACK
6
CONTINUOUS
10
63.8638699999999986
20
-37.423845
11
63.978240999999997
21
-37.1993790000000004
0
LINE
8
BLACK
6
CONTINUOUS
10
63.978240999999997
20
-37.1993790000000004
11
64.0560899999999975
21
-36.9597849999999966
0
LINE
8
BLACK
6
CONTINUOUS
10
64.0560899999999975
20
-36.9597849999999966
11
64.0955000000000013
21
-36.710961999999995
0
LINE
8
BLACK
6
CONTINUOUS
10
64.0955000000000013
20
-36.710961999999995
11
64.0955000000000013
21
-36.4590379999999996
0
LINE
8
BLACK
6
CONTINUOUS
10
64.0955000000000013
20
-36.4590379999999996
11
64.0560899999999975
21
-36.210214999999998
0
LINE
8
BLACK
6
CONTINUOUS
10
64.0560899999999975
20
-36.210214999999998
11
63.978240999999997
21
-35.9706210000000013
0
LINE
8
BLACK
6
CONTINUOUS
10
63.978240999999997
20
-35.9706210000000013
11
63.978238999999995
21
-35.9706180000000018
0
LINE
8
BLACK
6
CONTINUOUS
10
63.978238999999995
20
-35.9706180000000018
11
63.978238999999995
21
-35.9706159999999997
0
LINE
8
BLACK
6
CONTINUOUS
10
63.978238999999995
20
-35.9706159999999997
11
63.9367469999999969
21
-35.8891840000000002
0
LINE
8
BLACK
6
CONTINUOUS
10
63.9367469999999969
20
-35.8891840000000002
11
63.8638699999999986
21
-35.7461550000000017
0
LINE
8
BLACK
6
CONTINUOUS
10
63.8638699999999986
20
-35.7461550000000017
11
63.8532269999999968
21
-35.731505999999996
0
LINE
8
BLACK
6
CONTINUOUS
10
63.8532269999999968
20
-35.731505999999996
11
63.7158239999999978
21
-35.5423849999999959
0
LINE
8
BLACK
6
CONTINUOUS
10
63.7158239999999978
20
-35.5423849999999959
11
63.6923439999999985
21
-35.476579000000001
0
LINE
8
BLACK
6
CONTINUOUS
10
63.6923439999999985
20
-35.476579000000001
11
63.7081699999999955
21
-35.4085249999999974
0
LINE
8
BLACK
6
CONTINUOUS
10
63.7081699999999955
20
-35.4085249999999974
11
63.7582759999999951
21
-35.3598299999999952
0
LINE
8
BLACK
6
CONTINUOUS
10
63.7582759999999951
20
-35.3598299999999952
11
63.8161419999999993
21
-35.3455000000000013
0
LINE
8
BLACK
6
CONTINUOUS
10
63.8161419999999993
20
-35.3455000000000013
11
64.6990509999999972
21
-35.3455000000000013
0
LINE
8
BLACK
6
CONTINUOUS
10
64.6990509999999972
20
-35.3455000000000013
11
64.6990519999999947
21
-35.3455000000000013
0
LINE
8
BLACK
6
CONTINUOUS
10
64.6990519999999947
20
-35.3455000000000013
11
64.9012349999999998
21
-35.3134769999999989
0
LINE
8
BLACK
6
CONTINUOUS
10
64.9012349999999998
20
-35.3134769999999989
11
65.0479899999999986
21
-35.2657929999999951
0
LINE
8
BLACK
6
CONTINUOUS
10
65.0479899999999986
20
-35.2657929999999951
11
65.095918999999995
21
-35.2502199999999988
0
LINE
8
BLACK
6
CONTINUOUS
10
65.095918999999995
20
-35.2502199999999988
11
65.2308879999999931
21
-35.1814499999999981
0
LINE
8
BLACK
6
CONTINUOUS
10
65.2308879999999931
20
-35.1814499999999981
11
65.2783110000000022
21
-35.1572869999999966
0
LINE
8
BLACK
6
CONTINUOUS
10
65.2783110000000022
20
-35.1572869999999966
11
65.443918999999994
21
-35.0369659999999996
0
LINE
8
BLACK
6
CONTINUOUS
10
65.443918999999994
20
-35.0369659999999996
11
67.2034659999999917
21
-33.2774190000000019
0
LINE
8
BLACK
6
CONTINUOUS
10
67.2034659999999917
20
-33.2774190000000019
11
67.2647889999999933
21
-33.2439339999999959
0
LINE
8
BLACK
6
CONTINUOUS
10
67.2647889999999933
20
-33.2439339999999959
11
67.2911469999999952
21
-33.2410999999999959
0
LINE
8
BLACK
6
CONTINUOUS
10
67.2911469999999952
20
-33.2410999999999959
11
70.9276109999999989
21
-33.2410999999999959
0
LINE
8
BLACK
6
CONTINUOUS
10
70.9276109999999989
20
-33.2410999999999959
11
70.9946499999999929
21
-33.2607849999999985
0
LINE
8
BLACK
6
CONTINUOUS
10
70.9946499999999929
20
-33.2607849999999985
11
71.0404049999999927
21
-33.3135890000000003
0
LINE
8
BLACK
6
CONTINUOUS
10
71.0404049999999927
20
-33.3135890000000003
11
71.051013999999995
21
-33.3772529999999961
0
LINE
8
BLACK
6
CONTINUOUS
10
71.051013999999995
20
-33.3772529999999961
11
71.0476110000000034
21
-33.411797
0
LINE
8
BLACK
6
CONTINUOUS
10
71.0476110000000034
20
-33.411797
11
71.0444999999999993
21
-33.4433919999999958
0
LINE
8
BLACK
6
CONTINUOUS
10
71.0444999999999993
20
-33.4433919999999958
11
71.0444999999999993
21
-34.6466080000000005
0
LINE
8
BLACK
6
CONTINUOUS
10
71.0444999999999993
20
-34.6466080000000005
11
71.0495019999999897
21
-34.6973979999999997
0
LINE
8
BLACK
6
CONTINUOUS
10
71.0495019999999897
20
-34.6973979999999997
11
71.0596989999999948
21
-34.800931999999996
0
LINE
8
BLACK
6
CONTINUOUS
10
71.0596989999999948
20
-34.800931999999996
11
71.1197689999999909
21
-34.9989580000000018
0
LINE
8
BLACK
6
CONTINUOUS
10
71.1197689999999909
20
-34.9989580000000018
11
71.1748719999999935
21
-35.1020469999999989
0
LINE
8
BLACK
6
CONTINUOUS
10
71.1748719999999935
20
-35.1020469999999989
11
71.1891140000000036
21
-35.1704489999999979
0
LINE
8
BLACK
6
CONTINUOUS
10
71.1891140000000036
20
-35.1704489999999979
11
71.1641139999999979
21
-35.2356929999999977
0
LINE
8
BLACK
6
CONTINUOUS
10
71.1641139999999979
20
-35.2356929999999977
11
71.1078090000000032
21
-35.2770639999999958
0
LINE
8
BLACK
6
CONTINUOUS
10
71.1078090000000032
20
-35.2770639999999958
11
71.0655139999999932
21
-35.2845000000000013
0
LINE
8
BLACK
6
CONTINUOUS
10
71.0655139999999932
20
-35.2845000000000013
11
70.6456519999999983
21
-35.2845000000000013
0
LINE
8
BLACK
6
CONTINUOUS
10
70.6456519999999983
20
-35.2845000000000013
11
70.4409479999999917
21
-35.2845000000000013
0
LINE
8
BLACK
6
CONTINUOUS
10
70.4409479999999917
20
-35.2845000000000013
11
70.4166290000000004
21
-35.2883509999999987
0
LINE
8
BLACK
6
CONTINUOUS
10
70.4166290000000004
20
-35.2883509999999987
11
70.2387650000000008
21
-35.3165219999999991
0
LINE
8
BLACK
6
CONTINUOUS
10
70.2387650000000008
20
-35.3165219999999991
11
70.0440759999999898
21
-35.3797810000000013
0
LINE
8
BLACK
6
CONTINUOUS
10
70.0440759999999898
20
-35.3797810000000013
11
69.8616859999999917
21
-35.4727150000000009
0
LINE
8
BLACK
6
CONTINUOUS
10
69.8616859999999917
20
-35.4727150000000009
11
69.696085999999994
21
-35.5930279999999968
0
LINE
8
BLACK
6
CONTINUOUS
10
69.696085999999994
20
-35.5930279999999968
11
69.551327999999998
21
-35.7377859999999998
0
LINE
8
BLACK
6
CONTINUOUS
10
69.551327999999998
20
-35.7377859999999998
11
69.4310150000000021
21
-35.9033859999999976
0
LINE
8
BLACK
6
CONTINUOUS
10
69.4310150000000021
20
-35.9033859999999976
11
69.3380810000000025
21
-36.0857759999999956
0
LINE
8
BLACK
6
CONTINUOUS
10
69.3380810000000025
20
-36.0857759999999956
11
69.2748220000000003
21
-36.2804649999999995
0
LINE
8
BLACK
6
CONTINUOUS
10
69.2748220000000003
20
-36.2804649999999995
11
69.2428000000000026
21
-36.4826479999999975
0
LINE
8
BLACK
6
CONTINUOUS
10
69.2428000000000026
20
-36.4826479999999975
11
69.2428000000000026
21
-42.6532509999999974
0
LINE
8
BLACK
6
CONTINUOUS
10
69.2428000000000026
20
-42.6532509999999974
11
69.2748220000000003
21
-42.8554309999999958
0
LINE
8
BLACK
6
CONTINUOUS
10
69.2748220000000003
20
-42.8554309999999958
11
69.2748220000000003
21
-42.8554329999999979
0
LINE
8
BLACK
6
CONTINUOUS
10
69.2748220000000003
20
-42.8554329999999979
11
69.2748229999999978
21
-42.8554349999999999
0
LINE
8
BLACK
6
CONTINUOUS
10
69.2748229999999978
20
-42.8554349999999999
11
69.2796269999999907
21
-42.8702199999999962
0
LINE
8
BLACK
6
CONTINUOUS
10
69.2796269999999907
20
-42.8702199999999962
11
69.3380799999999908
21
-43.0501189999999951
0
LINE
8
BLACK
6
CONTINUOUS
10
69.3380799999999908
20
-43.0501189999999951
11
69.3380810000000025
21
-43.0501199999999997
0
LINE
8
BLACK
6
CONTINUOUS
10
69.3380810000000025
20
-43.0501199999999997
11
69.374646999999996
21
-43.121887000000001
0
LINE
8
BLACK
6
CONTINUOUS
10
69.374646999999996
20
-43.121887000000001
11
69.3746489999999909
21
-43.1218889999999959
0
LINE
8
BLACK
6
CONTINUOUS
10
69.3746489999999909
20
-43.1218889999999959
11
69.431012999999993
21
-43.2325109999999952
0
LINE
8
BLACK
6
CONTINUOUS
10
69.431012999999993
20
-43.2325109999999952
11
69.5513339999999971
21
-43.3981190000000012
0
LINE
8
BLACK
6
CONTINUOUS
10
69.5513339999999971
20
-43.3981190000000012
11
70.9486809999999934
21
-44.7954659999999976
0
LINE
8
BLACK
6
CONTINUOUS
10
70.9486809999999934
20
-44.7954659999999976
11
71.1142889999999994
21
-44.9157869999999946
0
LINE
8
BLACK
6
CONTINUOUS
10
71.1142889999999994
20
-44.9157869999999946
11
71.2054849999999959
21
-44.9622529999999969
0
LINE
8
BLACK
6
CONTINUOUS
10
71.2054849999999959
20
-44.9622529999999969
11
71.2966809999999924
21
-45.0087199999999967
0
LINE
8
BLACK
6
CONTINUOUS
10
71.2966809999999924
20
-45.0087199999999967
11
71.3764299999999992
21
-45.0346319999999949
0
LINE
8
BLACK
6
CONTINUOUS
10
71.3764299999999992
20
-45.0346319999999949
11
71.4913650000000018
21
-45.0719769999999968
0
LINE
8
BLACK
6
CONTINUOUS
10
71.4913650000000018
20
-45.0719769999999968
11
71.6935479999999927
21
-45.1039999999999992
0
LINE
8
BLACK
6
CONTINUOUS
10
71.6935479999999927
20
-45.1039999999999992
11
71.6935489999999902
21
-45.1039999999999992
0
LINE
8
BLACK
6
CONTINUOUS
10
71.6935489999999902
20
-45.1039999999999992
11
93.362450999999993
21
-45.1039999999999992
0
LINE
8
BLACK
6
CONTINUOUS
10
93.362450999999993
20
-45.1039999999999992
11
93.3624519999999904
21
-45.1039999999999992
0
LINE
8
BLACK
6
CONTINUOUS
10
93.3624519999999904
20
-45.1039999999999992
11
93.5646349999999956
21
-45.0719769999999968
0
LINE
8
BLACK
6
CONTINUOUS
10
93.5646349999999956
20
-45.0719769999999968
11
93.6795699999999982
21
-45.0346319999999949
0
LINE
8
BLACK
6
CONTINUOUS
10
93.6795699999999982
20
-45.0346319999999949
11
93.7593189999999908
21
-45.0087199999999967
0
LINE
8
BLACK
6
CONTINUOUS
10
93.7593189999999908
20
-45.0087199999999967
11
93.8505139999999898
21
-44.9622529999999969
0
LINE
8
BLACK
6
CONTINUOUS
10
93.8505139999999898
20
-44.9622529999999969
11
93.941710999999998
21
-44.9157869999999946
0
LINE
8
BLACK
6
CONTINUOUS
10
93.941710999999998
20
-44.9157869999999946
11
94.1073189999999897
21
-44.7954659999999976
0
LINE
8
BLACK
6
CONTINUOUS
10
94.1073189999999897
20
-44.7954659999999976
11
108.4091650000000016
21
-30.4936179999999979
0
LINE
8
BLACK
6
CONTINUOUS
10
108.4091650000000016
20
-30.4936179999999979
11
108.4704879999999889
21
-30.460134
0
LINE
8
BLACK
6
CONTINUOUS
10
108.4704879999999889
20
-30.460134
11
108.4968459999999908
21
-30.4573
0
LINE
8
BLACK
6
CONTINUOUS
10
108.4968459999999908
20
-30.4573
11
109.0821719999999999
21
-30.4573
0
LINE
8
BLACK
6
CONTINUOUS
10
109.0821719999999999
20
-30.4573
11
109.149210999999994
21
-30.4769849999999991
0
LINE
8
BLACK
6
CONTINUOUS
10
113.4340529999999916
20
-48.9015750000000011
11
113.4367230000000006
21
-48.9009140000000002
0
LINE
8
BLACK
6
CONTINUOUS
10
113.4367230000000006
20
-48.9009140000000002
11
113.4673820000000006
21
-48.9113609999999994
0
LINE
8
BLACK
6
CONTINUOUS
10
113.4673820000000006
20
-48.9113609999999994
11
113.4984520000000003
21
-48.9204849999999993
0
LINE
8
BLACK
6
CONTINUOUS
10
113.4984520000000003
20
-48.9204849999999993
11
113.500251999999989
21
-48.9225629999999967
0
LINE
8
BLACK
6
CONTINUOUS
10
113.500251999999989
20
-48.9225629999999967
11
113.5028579999999891
21
-48.923451
0
LINE
8
BLACK
6
CONTINUOUS
10
113.5028579999999891
20
-48.923451
11
113.5230079999999901
21
-48.9488249999999994
0
LINE
8
BLACK
6
CONTINUOUS
10
113.5230079999999901
20
-48.9488249999999994
11
113.5442070000000001
21
-48.9732890000000012
0
LINE
8
BLACK
6
CONTINUOUS
10
113.5442070000000001
20
-48.9732890000000012
11
113.5445979999999935
21
-48.9760099999999952
0
LINE
8
BLACK
6
CONTINUOUS
10
113.5445979999999935
20
-48.9760099999999952
11
113.5463099999999912
21
-48.9781659999999945
0
LINE
8
BLACK
6
CONTINUOUS
10
113.5463099999999912
20
-48.9781659999999945
11
113.5495429999999999
21
-49.0103999999999971
0
LINE
8
BLACK
6
CONTINUOUS
10
113.5495429999999999
20
-49.0103999999999971
11
113.5541509999999903
21
-49.0424469999999957
0
LINE
8
BLACK
6
CONTINUOUS
10
113.5541509999999903
20
-49.0424469999999957
11
113.5530919999999924
21
-49.0457859999999997
0
LINE
8
BLACK
6
CONTINUOUS
10
113.5530919999999924
20
-49.0457859999999997
11
113.5532829999999933
21
-49.0476869999999963
0
LINE
8
BLACK
6
CONTINUOUS
10
113.5532829999999933
20
-49.0476869999999963
11
113.5418979999999891
21
-49.0810940000000002
0
LINE
8
BLACK
6
CONTINUOUS
10
113.5418979999999891
20
-49.0810940000000002
11
113.5217609999999979
21
-49.1206129999999987
0
LINE
8
BLACK
6
CONTINUOUS
10
113.5217609999999979
20
-49.1206129999999987
11
113.4439099999999883
21
-49.3602139999999991
0
LINE
8
BLACK
6
CONTINUOUS
10
113.4439099999999883
20
-49.3602139999999991
11
113.4297679999999957
21
-49.4495009999999979
0
LINE
8
BLACK
6
CONTINUOUS
10
113.4297679999999957
20
-49.4495009999999979
11
113.4044999999999987
21
-49.6090379999999982
0
LINE
8
BLACK
6
CONTINUOUS
10
113.4044999999999987
20
-49.6090379999999982
11
113.4044999999999987
21
-49.8609620000000007
0
LINE
8
BLACK
6
CONTINUOUS
10
113.4044999999999987
20
-49.8609620000000007
11
113.4107589999999988
21
-49.9004779999999997
0
LINE
8
BLACK
6
CONTINUOUS
10
113.4107589999999988
20
-49.9004779999999997
11
113.4439099999999883
21
-50.1097849999999951
0
LINE
8
BLACK
6
CONTINUOUS
10
113.4439099999999883
20
-50.1097849999999951
11
113.5217600000000004
21
-50.349382999999996
0
LINE
8
BLACK
6
CONTINUOUS
10
113.5217600000000004
20
-50.349382999999996
11
113.5250839999999926
21
-50.3559049999999999
0
LINE
8
BLACK
6
CONTINUOUS
10
113.5250839999999926
20
-50.3559049999999999
11
113.5379799999999904
21
-50.4245739999999998
0
LINE
8
BLACK
6
CONTINUOUS
10
113.5379799999999904
20
-50.4245739999999998
11
113.5117039999999946
21
-50.4893149999999977
0
LINE
8
BLACK
6
CONTINUOUS
10
113.5117039999999946
20
-50.4893149999999977
11
113.4545969999999926
21
-50.5295719999999946
0
LINE
8
BLACK
6
CONTINUOUS
10
113.4545969999999926
20
-50.5295719999999946
11
113.4145989999999955
21
-50.5362000000000009
0
LINE
8
BLACK
6
CONTINUOUS
10
113.4145989999999955
20
-50.5362000000000009
11
108.9754009999999909
21
-50.5362000000000009
0
LINE
8
BLACK
6
CONTINUOUS
10
108.9754009999999909
20
-50.5362000000000009
11
108.9083619999999968
21
-50.5165149999999983
0
LINE
8
BLACK
6
CONTINUOUS
10
108.9083619999999968
20
-50.5165149999999983
11
108.862606999999997
21
-50.4637109999999964
0
LINE
8
BLACK
6
CONTINUOUS
10
108.862606999999997
20
-50.4637109999999964
11
108.8526629999999926
21
-50.3945529999999948
0
LINE
8
BLACK
6
CONTINUOUS
10
108.8526629999999926
20
-50.3945529999999948
11
108.8649159999999938
21
-50.3559049999999999
0
LINE
8
BLACK
6
CONTINUOUS
10
108.8649159999999938
20
-50.3559049999999999
11
108.8682389999999884
21
-50.349382999999996
0
LINE
8
BLACK
6
CONTINUOUS
10
108.8682389999999884
20
-50.349382999999996
11
108.8682389999999884
21
-50.3493819999999985
0
LINE
8
BLACK
6
CONTINUOUS
10
108.8682389999999884
20
-50.3493819999999985
11
108.8682409999999976
21
-50.349378999999999
0
LINE
8
BLACK
6
CONTINUOUS
10
108.8682409999999976
20
-50.349378999999999
11
108.9460899999999981
21
-50.1097849999999951
0
LINE
8
BLACK
6
CONTINUOUS
10
108.9460899999999981
20
-50.1097849999999951
11
108.9855000000000018
21
-49.8609620000000007
0
LINE
8
BLACK
6
CONTINUOUS
10
108.9855000000000018
20
-49.8609620000000007
11
108.9855000000000018
21
-49.6090379999999982
0
LINE
8
BLACK
6
CONTINUOUS
10
108.9855000000000018
20
-49.6090379999999982
11
108.9460899999999981
21
-49.3602149999999966
0
LINE
8
BLACK
6
CONTINUOUS
10
108.9460899999999981
20
-49.3602149999999966
11
108.8682409999999976
21
-49.1206209999999999
0
LINE
8
BLACK
6
CONTINUOUS
10
108.8682409999999976
20
-49.1206209999999999
11
108.8682389999999884
21
-49.1206180000000003
0
LINE
8
BLACK
6
CONTINUOUS
10
108.8682389999999884
20
-49.1206180000000003
11
108.868237999999991
21
-49.1206129999999987
0
LINE
8
BLACK
6
CONTINUOUS
10
108.868237999999991
20
-49.1206129999999987
11
108.8481019999999972
21
-49.0810940000000002
0
LINE
8
BLACK
6
CONTINUOUS
10
108.8481019999999972
20
-49.0810940000000002
11
108.8352059999999994
21
-49.0124250000000004
0
LINE
8
BLACK
6
CONTINUOUS
10
108.8352059999999994
20
-49.0124250000000004
11
108.8614829999999927
21
-48.9476849999999999
0
LINE
8
BLACK
6
CONTINUOUS
10
108.8614829999999927
20
-48.9476849999999999
11
108.9185899999999947
21
-48.9074279999999959
0
LINE
8
BLACK
6
CONTINUOUS
10
108.9185899999999947
20
-48.9074279999999959
11
108.9585869999999943
21
-48.9007999999999967
0
LINE
8
BLACK
6
CONTINUOUS
10
108.9585869999999943
20
-48.9007999999999967
11
113.4314129999999921
21
-48.9007999999999967
0
LINE
8
BLACK
6
CONTINUOUS
10
113.4314129999999921
20
-48.9007999999999967
11
113.4340529999999916
21
-48.9015750000000011
0
LINE
8
BLACK
6
CONTINUOUS
10
116.6950469999999882
20
-50.0615249999999961
11
116.7288089999999983
21
-50.0673679999999948
0
LINE
8
BLACK
6
CONTINUOUS
10
116.7288089999999983
20
-50.0673679999999948
11
116.7295189999999963
21
-50.0678759999999983
0
LINE
8
BLACK
6
CONTINUOUS
10
116.7295189999999963
20
-50.0678759999999983
11
116.7300119999999879
21
-50.0679669999999959
0
LINE
8
BLACK
6
CONTINUOUS
10
116.7300119999999879
20
-50.0679669999999959
11
116.731189999999998
21
-50.0690719999999985
0
LINE
8
BLACK
6
CONTINUOUS
10
116.731189999999998
20
-50.0690719999999985
11
116.7617779999999925
21
-50.090962999999995
0
LINE
8
BLACK
6
CONTINUOUS
10
116.7617779999999925
20
-50.090962999999995
11
116.8727809999999891
21
-50.2019659999999988
0
LINE
8
BLACK
6
CONTINUOUS
10
116.8727809999999891
20
-50.2019659999999988
11
116.8727839999999958
21
-50.2019680000000008
0
LINE
8
BLACK
6
CONTINUOUS
10
116.8727839999999958
20
-50.2019680000000008
11
116.8727849999999933
21
-50.2019689999999983
0
LINE
8
BLACK
6
CONTINUOUS
10
116.8727849999999933
20
-50.2019689999999983
11
116.9873819999999967
21
-50.2852290000000011
0
LINE
8
BLACK
6
CONTINUOUS
10
116.9873819999999967
20
-50.2852290000000011
11
116.9873849999999891
21
-50.2852299999999985
0
LINE
8
BLACK
6
CONTINUOUS
10
116.9873849999999891
20
-50.2852299999999985
11
117.0240689999999972
21
-50.3118829999999946
0
LINE
8
BLACK
6
CONTINUOUS
10
117.0240689999999972
20
-50.3118829999999946
11
117.0667349999999942
21
-50.3672129999999996
0
LINE
8
BLACK
6
CONTINUOUS
10
117.0667349999999942
20
-50.3672129999999996
11
117.0727129999999931
21
-50.4368259999999964
0
LINE
8
BLACK
6
CONTINUOUS
10
117.0727129999999931
20
-50.4368259999999964
11
117.0401069999999919
21
-50.498621
0
LINE
8
BLACK
6
CONTINUOUS
10
117.0401069999999919
20
-50.498621
11
116.979266999999993
21
-50.532978
0
LINE
8
BLACK
6
CONTINUOUS
10
116.979266999999993
20
-50.532978
11
116.9511830000000003
21
-50.5362000000000009
0
LINE
8
BLACK
6
CONTINUOUS
10
116.9511830000000003
20
-50.5362000000000009
11
116.5954009999999954
21
-50.5362000000000009
0
LINE
8
BLACK
6
CONTINUOUS
10
116.5954009999999954
20
-50.5362000000000009
11
116.5283620000000013
21
-50.5165149999999983
0
LINE
8
BLACK
6
CONTINUOUS
10
116.5283620000000013
20
-50.5165149999999983
11
116.4826070000000016
21
-50.4637109999999964
0
LINE
8
BLACK
6
CONTINUOUS
10
116.4826070000000016
20
-50.4637109999999964
11
116.4726629999999972
21
-50.3945529999999948
0
LINE
8
BLACK
6
CONTINUOUS
10
116.4726629999999972
20
-50.3945529999999948
11
116.4778919999999971
21
-50.3726059999999976
0
LINE
8
BLACK
6
CONTINUOUS
10
116.4778919999999971
20
-50.3726059999999976
11
116.4807919999999939
21
-50.3639960000000002
0
LINE
8
BLACK
6
CONTINUOUS
10
116.4807919999999939
20
-50.3639960000000002
11
116.4882409999999879
21
-50.349378999999999
0
LINE
8
BLACK
6
CONTINUOUS
10
116.4882409999999879
20
-50.349378999999999
11
116.5563879999999983
21
-50.1396429999999995
0
LINE
8
BLACK
6
CONTINUOUS
10
116.5563879999999983
20
-50.1396429999999995
11
116.5565879999999908
21
-50.1390509999999949
0
LINE
8
BLACK
6
CONTINUOUS
10
116.5565879999999908
20
-50.1390509999999949
11
116.5762539999999916
21
-50.110948999999998
0
LINE
8
BLACK
6
CONTINUOUS
10
116.5762539999999916
20
-50.110948999999998
11
116.5956039999999945
21
-50.0826509999999985
0
LINE
8
BLACK
6
CONTINUOUS
10
116.5956039999999945
20
-50.0826509999999985
11
116.5962479999999886
21
-50.0823779999999985
0
LINE
8
BLACK
6
CONTINUOUS
10
116.5962479999999886
20
-50.0823779999999985
11
116.5966489999999993
21
-50.0818060000000003
0
LINE
8
BLACK
6
CONTINUOUS
10
116.5966489999999993
20
-50.0818060000000003
11
116.6283739999999938
21
-50.0688010000000006
0
LINE
8
BLACK
6
CONTINUOUS
10
116.6283739999999938
20
-50.0688010000000006
11
116.6599619999999931
21
-50.055453
0
LINE
8
BLACK
6
CONTINUOUS
10
116.6599619999999931
20
-50.055453
11
116.6606499999999897
21
-50.055571999999998
0
LINE
8
BLACK
6
CONTINUOUS
10
116.6606499999999897
20
-50.055571999999998
11
116.661297999999988
21
-50.0553069999999991
0
LINE
8
BLACK
6
CONTINUOUS
10
116.661297999999988
20
-50.0553069999999991
11
116.6950469999999882
21
-50.0615249999999961
0
LINE
8
BLACK
6
CONTINUOUS
10
39.0399999999999991
20
-31.5
11
40.3416999999999959
21
-31.5
0
LINE
8
BLACK
6
CONTINUOUS
10
40.3416999999999959
20
-31.5
11
40.4069479999999999
21
-31.5042769999999983
0
LINE
8
BLACK
6
CONTINUOUS
10
40.4069479999999999
20
-31.5042769999999983
11
40.4069629999999975
21
-31.5042769999999983
0
LINE
8
BLACK
6
CONTINUOUS
10
40.4069629999999975
20
-31.5042769999999983
11
40.5330419999999947
21
-31.538059999999998
0
LINE
8
BLACK
6
CONTINUOUS
10
40.5330419999999947
20
-31.538059999999998
11
40.6460809999999952
21
-31.6033229999999996
0
LINE
8
BLACK
6
CONTINUOUS
10
40.6460809999999952
20
-31.6033229999999996
11
40.646096
21
-31.6033379999999973
0
LINE
8
BLACK
6
CONTINUOUS
10
40.646096
20
-31.6033379999999973
11
40.695253000000001
21
-31.6464469999999984
0
LINE
8
BLACK
6
CONTINUOUS
10
40.695253000000001
20
-31.6464469999999984
11
47.6738069999999965
21
-38.625
0
LINE
8
BLACK
6
CONTINUOUS
10
47.6738069999999965
20
-38.625
11
53.4515709999999942
21
-38.625
0
LINE
8
BLACK
6
CONTINUOUS
10
53.4515709999999942
20
-38.625
11
53.4565920000000006
21
-38.617484999999995
0
LINE
8
BLACK
6
CONTINUOUS
10
53.4565920000000006
20
-38.617484999999995
11
53.5674849999999978
21
-38.5065919999999977
0
LINE
8
BLACK
6
CONTINUOUS
10
53.5674849999999978
20
-38.5065919999999977
11
53.6978829999999974
21
-38.4194630000000004
0
LINE
8
BLACK
6
CONTINUOUS
10
53.6978829999999974
20
-38.4194630000000004
11
53.8427719999999965
21
-38.3594480000000004
0
LINE
8
BLACK
6
CONTINUOUS
10
53.8427719999999965
20
-38.3594480000000004
11
53.9965860000000006
21
-38.3288519999999977
0
LINE
8
BLACK
6
CONTINUOUS
10
53.9965860000000006
20
-38.3288519999999977
11
54.0749999999999957
21
-38.3249999999999957
0
LINE
8
BLACK
6
CONTINUOUS
10
54.0749999999999957
20
-38.3249999999999957
11
54.875
21
-38.3249999999999957
0
LINE
8
BLACK
6
CONTINUOUS
10
54.875
20
-38.3249999999999957
11
54.9534139999999951
21
-38.3288519999999977
0
LINE
8
BLACK
6
CONTINUOUS
10
54.9534139999999951
20
-38.3288519999999977
11
55.1072279999999992
21
-38.3594480000000004
0
LINE
8
BLACK
6
CONTINUOUS
10
55.1072279999999992
20
-38.3594480000000004
11
55.2521169999999984
21
-38.4194630000000004
0
LINE
8
BLACK
6
CONTINUOUS
10
55.2521169999999984
20
-38.4194630000000004
11
55.3825149999999979
21
-38.5065919999999977
0
LINE
8
BLACK
6
CONTINUOUS
10
55.3825149999999979
20
-38.5065919999999977
11
55.4934079999999952
21
-38.617484999999995
0
LINE
8
BLACK
6
CONTINUOUS
10
55.4934079999999952
20
-38.617484999999995
11
55.4984289999999945
21
-38.625
0
LINE
8
BLACK
6
CONTINUOUS
10
55.4984289999999945
20
-38.625
11
56.9766999999999939
21
-38.625
0
LINE
8
BLACK
6
CONTINUOUS
10
56.9766999999999939
20
-38.625
11
57.0419629999999955
21
-38.6292779999999993
0
LINE
8
BLACK
6
CONTINUOUS
10
57.0419629999999955
20
-38.6292779999999993
11
57.1680419999999998
21
-38.6630600000000015
0
LINE
8
BLACK
6
CONTINUOUS
10
57.1680419999999998
20
-38.6630600000000015
11
57.2810810000000004
21
-38.7283229999999961
0
LINE
8
BLACK
6
CONTINUOUS
10
57.2810810000000004
20
-38.7283229999999961
11
57.3733769999999978
21
-38.8206190000000007
0
LINE
8
BLACK
6
CONTINUOUS
10
57.3733769999999978
20
-38.8206190000000007
11
57.4386399999999995
21
-38.9336580000000012
0
LINE
8
BLACK
6
CONTINUOUS
10
57.4386399999999995
20
-38.9336580000000012
11
57.4724219999999946
21
-39.0597369999999984
0
LINE
8
BLACK
6
CONTINUOUS
10
57.4724219999999946
20
-39.0597369999999984
11
57.4766999999999939
21
-39.125
0
LINE
8
BLACK
6
CONTINUOUS
10
57.4766999999999939
20
-39.125
11
57.4766999999999939
21
-46.8333000000000013
0
LINE
8
BLACK
6
CONTINUOUS
10
57.4766999999999939
20
-46.8333000000000013
11
57.4724229999999991
21
-46.8985470000000007
0
LINE
8
BLACK
6
CONTINUOUS
10
57.4724229999999991
20
-46.8985470000000007
11
57.4724229999999991
21
-46.8985629999999958
0
LINE
8
BLACK
6
CONTINUOUS
10
57.4724229999999991
20
-46.8985629999999958
11
57.452106999999998
21
-46.9743810000000011
0
LINE
8
BLACK
6
CONTINUOUS
10
57.452106999999998
20
-46.9743810000000011
11
57.4386399999999995
21
-47.0246420000000001
0
LINE
8
BLACK
6
CONTINUOUS
10
57.4386399999999995
20
-47.0246420000000001
11
57.3733769999999978
21
-47.1376810000000006
0
LINE
8
BLACK
6
CONTINUOUS
10
57.3733769999999978
20
-47.1376810000000006
11
57.3733679999999993
21
-47.1376889999999946
0
LINE
8
BLACK
6
CONTINUOUS
10
57.3733679999999993
20
-47.1376889999999946
11
57.330252999999999
21
-47.1868539999999967
0
LINE
8
BLACK
6
CONTINUOUS
10
57.330252999999999
20
-47.1868539999999967
11
54.8693839999999966
21
-49.6477209999999971
0
LINE
8
BLACK
6
CONTINUOUS
10
54.8693839999999966
20
-49.6477209999999971
11
54.871147999999998
21
-49.6565859999999972
0
LINE
8
BLACK
6
CONTINUOUS
10
54.871147999999998
20
-49.6565859999999972
11
54.871147999999998
21
-49.8134139999999945
0
LINE
8
BLACK
6
CONTINUOUS
10
54.871147999999998
20
-49.8134139999999945
11
54.8405519999999953
21
-49.9672279999999986
0
LINE
8
BLACK
6
CONTINUOUS
10
54.8405519999999953
20
-49.9672279999999986
11
54.7805369999999954
21
-50.1121169999999978
0
LINE
8
BLACK
6
CONTINUOUS
10
54.7805369999999954
20
-50.1121169999999978
11
54.693407999999998
21
-50.2425149999999974
0
LINE
8
BLACK
6
CONTINUOUS
10
54.693407999999998
20
-50.2425149999999974
11
54.5825150000000008
21
-50.3534079999999946
0
LINE
8
BLACK
6
CONTINUOUS
10
54.5825150000000008
20
-50.3534079999999946
11
54.4521169999999941
21
-50.4405369999999991
0
LINE
8
BLACK
6
CONTINUOUS
10
54.4521169999999941
20
-50.4405369999999991
11
54.3072279999999949
21
-50.500551999999999
0
LINE
8
BLACK
6
CONTINUOUS
10
54.3072279999999949
20
-50.500551999999999
11
54.1534139999999979
21
-50.5311479999999946
0
LINE
8
BLACK
6
CONTINUOUS
10
54.1534139999999979
20
-50.5311479999999946
11
53.9965860000000006
21
-50.5311479999999946
0
LINE
8
BLACK
6
CONTINUOUS
10
53.9965860000000006
20
-50.5311479999999946
11
53.8427719999999965
21
-50.500551999999999
0
LINE
8
BLACK
6
CONTINUOUS
10
53.8427719999999965
20
-50.500551999999999
11
53.6978829999999974
21
-50.4405369999999991
0
LINE
8
BLACK
6
CONTINUOUS
10
53.6978829999999974
20
-50.4405369999999991
11
53.5674849999999978
21
-50.3534079999999946
0
LINE
8
BLACK
6
CONTINUOUS
10
53.5674849999999978
20
-50.3534079999999946
11
53.4565920000000006
21
-50.2425149999999974
0
LINE
8
BLACK
6
CONTINUOUS
10
53.4565920000000006
20
-50.2425149999999974
11
53.3694629999999961
21
-50.1121169999999978
0
LINE
8
BLACK
6
CONTINUOUS
10
53.3694629999999961
20
-50.1121169999999978
11
53.3094479999999962
21
-49.9672279999999986
0
LINE
8
BLACK
6
CONTINUOUS
10
53.3094479999999962
20
-49.9672279999999986
11
53.2788520000000005
21
-49.8134139999999945
0
LINE
8
BLACK
6
CONTINUOUS
10
53.2788520000000005
20
-49.8134139999999945
11
53.2788520000000005
21
-49.6565859999999972
0
LINE
8
BLACK
6
CONTINUOUS
10
53.2788520000000005
20
-49.6565859999999972
11
53.3094479999999962
21
-49.5027720000000002
0
LINE
8
BLACK
6
CONTINUOUS
10
53.3094479999999962
20
-49.5027720000000002
11
53.3694629999999961
21
-49.3578830000000011
0
LINE
8
BLACK
6
CONTINUOUS
10
53.3694629999999961
20
-49.3578830000000011
11
53.4565920000000006
21
-49.2274849999999944
0
LINE
8
BLACK
6
CONTINUOUS
10
53.4565920000000006
20
-49.2274849999999944
11
53.5674849999999978
21
-49.1165919999999971
0
LINE
8
BLACK
6
CONTINUOUS
10
53.5674849999999978
20
-49.1165919999999971
11
53.6978829999999974
21
-49.0294629999999998
0
LINE
8
BLACK
6
CONTINUOUS
10
53.6978829999999974
20
-49.0294629999999998
11
53.8427719999999965
21
-48.9694479999999999
0
LINE
8
BLACK
6
CONTINUOUS
10
53.8427719999999965
20
-48.9694479999999999
11
53.9965860000000006
21
-48.9388519999999971
0
LINE
8
BLACK
6
CONTINUOUS
10
53.9965860000000006
20
-48.9388519999999971
11
54.1534139999999979
21
-48.9388519999999971
0
LINE
8
BLACK
6
CONTINUOUS
10
54.1534139999999979
20
-48.9388519999999971
11
54.1622780000000006
21
-48.9406150000000011
0
LINE
8
BLACK
6
CONTINUOUS
10
54.1622780000000006
20
-48.9406150000000011
11
56.4766999999999939
21
-46.6261930000000007
0
LINE
8
BLACK
6
CONTINUOUS
10
56.4766999999999939
20
-46.6261930000000007
11
56.4766999999999939
21
-39.625
0
LINE
8
BLACK
6
CONTINUOUS
10
56.4766999999999939
20
-39.625
11
55.4984289999999945
21
-39.625
0
LINE
8
BLACK
6
CONTINUOUS
10
55.4984289999999945
20
-39.625
11
55.4934079999999952
21
-39.6325149999999979
0
LINE
8
BLACK
6
CONTINUOUS
10
55.4934079999999952
20
-39.6325149999999979
11
55.3825149999999979
21
-39.7434079999999952
0
LINE
8
BLACK
6
CONTINUOUS
10
55.3825149999999979
20
-39.7434079999999952
11
55.2521169999999984
21
-39.8305369999999996
0
LINE
8
BLACK
6
CONTINUOUS
10
55.2521169999999984
20
-39.8305369999999996
11
55.1072279999999992
21
-39.8905519999999996
0
LINE
8
BLACK
6
CONTINUOUS
10
55.1072279999999992
20
-39.8905519999999996
11
54.9534139999999951
21
-39.9211479999999952
0
LINE
8
BLACK
6
CONTINUOUS
10
54.9534139999999951
20
-39.9211479999999952
11
54.875
21
-39.9249999999999972
0
LINE
8
BLACK
6
CONTINUOUS
10
54.875
20
-39.9249999999999972
11
54.0749999999999957
21
-39.9249999999999972
0
LINE
8
BLACK
6
CONTINUOUS
10
54.0749999999999957
20
-39.9249999999999972
11
53.9965860000000006
21
-39.9211479999999952
0
LINE
8
BLACK
6
CONTINUOUS
10
53.9965860000000006
20
-39.9211479999999952
11
53.8427719999999965
21
-39.8905519999999996
0
LINE
8
BLACK
6
CONTINUOUS
10
53.8427719999999965
20
-39.8905519999999996
11
53.6978829999999974
21
-39.8305369999999996
0
LINE
8
BLACK
6
CONTINUOUS
10
53.6978829999999974
20
-39.8305369999999996
11
53.5674849999999978
21
-39.7434079999999952
0
LINE
8
BLACK
6
CONTINUOUS
10
53.5674849999999978
20
-39.7434079999999952
11
53.4565920000000006
21
-39.6325149999999979
0
LINE
8
BLACK
6
CONTINUOUS
10
53.4565920000000006
20
-39.6325149999999979
11
53.4515709999999942
21
-39.625
0
LINE
8
BLACK
6
CONTINUOUS
10
53.4515709999999942
20
-39.625
11
47.4666999999999959
21
-39.625
0
LINE
8
BLACK
6
CONTINUOUS
10
47.4666999999999959
20
-39.625
11
47.401451999999999
21
-39.6207229999999981
0
LINE
8
BLACK
6
CONTINUOUS
10
47.401451999999999
20
-39.6207229999999981
11
47.4014370000000014
21
-39.6207229999999981
0
LINE
8
BLACK
6
CONTINUOUS
10
47.4014370000000014
20
-39.6207229999999981
11
47.3020009999999971
21
-39.5940790000000007
0
LINE
8
BLACK
6
CONTINUOUS
10
47.3020009999999971
20
-39.5940790000000007
11
47.2753579999999971
21
-39.5869399999999985
0
LINE
8
BLACK
6
CONTINUOUS
10
47.2753579999999971
20
-39.5869399999999985
11
47.1623189999999965
21
-39.5216769999999968
0
LINE
8
BLACK
6
CONTINUOUS
10
47.1623189999999965
20
-39.5216769999999968
11
47.1623109999999954
21
-39.5216689999999957
0
LINE
8
BLACK
6
CONTINUOUS
10
47.1623109999999954
20
-39.5216689999999957
11
47.1131469999999979
21
-39.4785539999999955
0
LINE
8
BLACK
6
CONTINUOUS
10
47.1131469999999979
20
-39.4785539999999955
11
40.1345939999999999
21
-32.5
0
LINE
8
BLACK
6
CONTINUOUS
10
40.1345939999999999
20
-32.5
11
39.0399999999999991
21
-32.5
0
LINE
8
BLACK
6
CONTINUOUS
10
39.0399999999999991
20
-32.5
11
39.0399999999999991
21
-33.5
0
LINE
8
BLACK
6
CONTINUOUS
10
39.0399999999999991
20
-33.5
11
36.0399999999999991
21
-33.5
0
LINE
8
BLACK
6
CONTINUOUS
10
36.0399999999999991
20
-33.5
11
36.0399999999999991
21
-30.5
0
LINE
8
BLACK
6
CONTINUOUS
10
36.0399999999999991
20
-30.5
11
39.0399999999999991
21
-30.5
0
LINE
8
BLACK
6
CONTINUOUS
10
39.0399999999999991
20
-30.5
11
39.0399999999999991
21
-31.5
0
LINE
8
BLACK
6
CONTINUOUS
10
61.9272279999999995
20
-48.9694479999999999
11
62.0721169999999987
21
-49.0294629999999998
0
LINE
8
BLACK
6
CONTINUOUS
10
62.0721169999999987
20
-49.0294629999999998
11
62.2025149999999982
21
-49.1165919999999971
0
LINE
8
BLACK
6
CONTINUOUS
10
62.2025149999999982
20
-49.1165919999999971
11
62.3134079999999955
21
-49.2274849999999944
0
LINE
8
BLACK
6
CONTINUOUS
10
62.3134079999999955
20
-49.2274849999999944
11
62.4005369999999999
21
-49.3578830000000011
0
LINE
8
BLACK
6
CONTINUOUS
10
62.4005369999999999
20
-49.3578830000000011
11
62.4605519999999999
21
-49.5027720000000002
0
LINE
8
BLACK
6
CONTINUOUS
10
62.4605519999999999
20
-49.5027720000000002
11
62.4911479999999955
21
-49.6565859999999972
0
LINE
8
BLACK
6
CONTINUOUS
10
62.4911479999999955
20
-49.6565859999999972
11
62.4911479999999955
21
-49.8134139999999945
0
LINE
8
BLACK
6
CONTINUOUS
10
62.4911479999999955
20
-49.8134139999999945
11
62.4605519999999999
21
-49.9672279999999986
0
LINE
8
BLACK
6
CONTINUOUS
10
62.4605519999999999
20
-49.9672279999999986
11
62.4005369999999999
21
-50.1121169999999978
0
LINE
8
BLACK
6
CONTINUOUS
10
62.4005369999999999
20
-50.1121169999999978
11
62.3134079999999955
21
-50.2425149999999974
0
LINE
8
BLACK
6
CONTINUOUS
10
62.3134079999999955
20
-50.2425149999999974
11
62.2025149999999982
21
-50.3534079999999946
0
LINE
8
BLACK
6
CONTINUOUS
10
62.2025149999999982
20
-50.3534079999999946
11
62.0721169999999987
21
-50.4405369999999991
0
LINE
8
BLACK
6
CONTINUOUS
10
62.0721169999999987
20
-50.4405369999999991
11
61.9272279999999995
21
-50.500551999999999
0
LINE
8
BLACK
6
CONTINUOUS
10
61.9272279999999995
20
-50.500551999999999
11
61.7734139999999954
21
-50.5311479999999946
0
LINE
8
BLACK
6
CONTINUOUS
10
61.7734139999999954
20
-50.5311479999999946
11
61.6165859999999981
21
-50.5311479999999946
0
LINE
8
BLACK
6
CONTINUOUS
10
61.6165859999999981
20
-50.5311479999999946
11
61.462771999999994
21
-50.500551999999999
0
LINE
8
BLACK
6
CONTINUOUS
10
61.462771999999994
20
-50.500551999999999
11
61.3178829999999948
21
-50.4405369999999991
0
LINE
8
BLACK
6
CONTINUOUS
10
61.3178829999999948
20
-50.4405369999999991
11
61.1874849999999952
21
-50.3534079999999946
0
LINE
8
BLACK
6
CONTINUOUS
10
61.1874849999999952
20
-50.3534079999999946
11
61.076591999999998
21
-50.2425149999999974
0
LINE
8
BLACK
6
CONTINUOUS
10
61.076591999999998
20
-50.2425149999999974
11
60.9894630000000006
21
-50.1121169999999978
0
LINE
8
BLACK
6
CONTINUOUS
10
60.9894630000000006
20
-50.1121169999999978
11
60.9294480000000007
21
-49.9672279999999986
0
LINE
8
BLACK
6
CONTINUOUS
10
60.9294480000000007
20
-49.9672279999999986
11
60.898851999999998
21
-49.8134139999999945
0
LINE
8
BLACK
6
CONTINUOUS
10
60.898851999999998
20
-49.8134139999999945
11
60.898851999999998
21
-49.6565859999999972
0
LINE
8
BLACK
6
CONTINUOUS
10
60.898851999999998
20
-49.6565859999999972
11
60.9294480000000007
21
-49.5027720000000002
0
LINE
8
BLACK
6
CONTINUOUS
10
60.9294480000000007
20
-49.5027720000000002
11
60.9894630000000006
21
-49.3578830000000011
0
LINE
8
BLACK
6
CONTINUOUS
10
60.9894630000000006
20
-49.3578830000000011
11
61.076591999999998
21
-49.2274849999999944
0
LINE
8
BLACK
6
CONTINUOUS
10
61.076591999999998
20
-49.2274849999999944
11
61.1874849999999952
21
-49.1165919999999971
0
LINE
8
BLACK
6
CONTINUOUS
10
61.1874849999999952
20
-49.1165919999999971
11
61.3178829999999948
21
-49.0294629999999998
0
LINE
8
BLACK
6
CONTINUOUS
10
61.3178829999999948
20
-49.0294629999999998
11
61.462771999999994
21
-48.9694479999999999
0
LINE
8
BLACK
6
CONTINUOUS
10
61.462771999999994
20
-48.9694479999999999
11
61.6165859999999981
21
-48.9388519999999971
0
LINE
8
BLACK
6
CONTINUOUS
10
61.6165859999999981
20
-48.9388519999999971
11
61.7734139999999954
21
-48.9388519999999971
0
LINE
8
BLACK
6
CONTINUOUS
10
61.7734139999999954
20
-48.9388519999999971
11
61.9272279999999995
21
-48.9694479999999999
0
LINE
8
BLACK
6
CONTINUOUS
10
89.475962999999993
20
-47.1375779999999978
11
89.6020419999999973
21
-47.17136
0
LINE
8
BLACK
6
CONTINUOUS
10
89.6020419999999973
20
-47.17136
11
89.7150809999999979
21
-47.2366229999999945
0
LINE
8
BLACK
6
CONTINUOUS
10
89.7150809999999979
20
-47.2366229999999945
11
89.8073770000000025
21
-47.3289189999999991
0
LINE
8
BLACK
6
CONTINUOUS
10
89.8073770000000025
20
-47.3289189999999991
11
89.8726399999999899
21
-47.4419579999999996
0
LINE
8
BLACK
6
CONTINUOUS
10
89.8726399999999899
20
-47.4419579999999996
11
89.9064219999999921
21
-47.5680369999999968
0
LINE
8
BLACK
6
CONTINUOUS
10
89.9064219999999921
20
-47.5680369999999968
11
89.9106999999999914
21
-47.6332999999999984
0
LINE
8
BLACK
6
CONTINUOUS
10
89.9106999999999914
20
-47.6332999999999984
11
89.9106999999999914
21
-48.9957379999999958
0
LINE
8
BLACK
6
CONTINUOUS
10
89.9106999999999914
20
-48.9957379999999958
11
89.9921169999999933
21
-49.0294629999999998
0
LINE
8
BLACK
6
CONTINUOUS
10
89.9921169999999933
20
-49.0294629999999998
11
90.1225149999999928
21
-49.1165919999999971
0
LINE
8
BLACK
6
CONTINUOUS
10
90.1225149999999928
20
-49.1165919999999971
11
90.2334079999999972
21
-49.2274849999999944
0
LINE
8
BLACK
6
CONTINUOUS
10
90.2334079999999972
20
-49.2274849999999944
11
90.3205370000000016
21
-49.3578830000000011
0
LINE
8
BLACK
6
CONTINUOUS
10
90.3205370000000016
20
-49.3578830000000011
11
90.3805519999999945
21
-49.5027720000000002
0
LINE
8
BLACK
6
CONTINUOUS
10
90.3805519999999945
20
-49.5027720000000002
11
90.4111479999999972
21
-49.6565859999999972
0
LINE
8
BLACK
6
CONTINUOUS
10
90.4111479999999972
20
-49.6565859999999972
11
90.4111479999999972
21
-49.8134139999999945
0
LINE
8
BLACK
6
CONTINUOUS
10
90.4111479999999972
20
-49.8134139999999945
11
90.3805519999999945
21
-49.9672279999999986
0
LINE
8
BLACK
6
CONTINUOUS
10
90.3805519999999945
20
-49.9672279999999986
11
90.3205370000000016
21
-50.1121169999999978
0
LINE
8
BLACK
6
CONTINUOUS
10
90.3205370000000016
20
-50.1121169999999978
11
90.2334079999999972
21
-50.2425149999999974
0
LINE
8
BLACK
6
CONTINUOUS
10
90.2334079999999972
20
-50.2425149999999974
11
90.1225149999999928
21
-50.3534079999999946
0
LINE
8
BLACK
6
CONTINUOUS
10
90.1225149999999928
20
-50.3534079999999946
11
89.9921169999999933
21
-50.4405369999999991
0
LINE
8
BLACK
6
CONTINUOUS
10
89.9921169999999933
20
-50.4405369999999991
11
89.8472280000000012
21
-50.500551999999999
0
LINE
8
BLACK
6
CONTINUOUS
10
89.8472280000000012
20
-50.500551999999999
11
89.69341399999999
21
-50.5311479999999946
0
LINE
8
BLACK
6
CONTINUOUS
10
89.69341399999999
20
-50.5311479999999946
11
89.5365859999999998
21
-50.5311479999999946
0
LINE
8
BLACK
6
CONTINUOUS
10
89.5365859999999998
20
-50.5311479999999946
11
89.3827720000000028
21
-50.500551999999999
0
LINE
8
BLACK
6
CONTINUOUS
10
89.3827720000000028
20
-50.500551999999999
11
89.2378829999999965
21
-50.4405369999999991
0
LINE
8
BLACK
6
CONTINUOUS
10
89.2378829999999965
20
-50.4405369999999991
11
89.1074849999999969
21
-50.3534079999999946
0
LINE
8
BLACK
6
CONTINUOUS
10
89.1074849999999969
20
-50.3534079999999946
11
88.9965919999999926
21
-50.2425149999999974
0
LINE
8
BLACK
6
CONTINUOUS
10
88.9965919999999926
20
-50.2425149999999974
11
88.9094630000000024
21
-50.1121169999999978
0
LINE
8
BLACK
6
CONTINUOUS
10
88.9094630000000024
20
-50.1121169999999978
11
88.8494479999999953
21
-49.9672279999999986
0
LINE
8
BLACK
6
CONTINUOUS
10
88.8494479999999953
20
-49.9672279999999986
11
88.8188519999999926
21
-49.8134139999999945
0
LINE
8
BLACK
6
CONTINUOUS
10
88.8188519999999926
20
-49.8134139999999945
11
88.8188519999999926
21
-49.6565859999999972
0
LINE
8
BLACK
6
CONTINUOUS
10
88.8188519999999926
20
-49.6565859999999972
11
88.8494479999999953
21
-49.5027720000000002
0
LINE
8
BLACK
6
CONTINUOUS
10
88.8494479999999953
20
-49.5027720000000002
11
88.9094630000000024
21
-49.3578830000000011
0
LINE
8
BLACK
6
CONTINUOUS
10
88.9094630000000024
20
-49.3578830000000011
11
88.9106999999999914
21
-49.3560309999999944
0
LINE
8
BLACK
6
CONTINUOUS
10
88.9106999999999914
20
-49.3560309999999944
11
88.9106999999999914
21
-48.1332999999999984
0
LINE
8
BLACK
6
CONTINUOUS
10
88.9106999999999914
20
-48.1332999999999984
11
74.1538070000000005
21
-48.1332999999999984
0
LINE
8
BLACK
6
CONTINUOUS
10
74.1538070000000005
20
-48.1332999999999984
11
72.6393839999999926
21
-49.6477209999999971
0
LINE
8
BLACK
6
CONTINUOUS
10
72.6393839999999926
20
-49.6477209999999971
11
72.6411480000000012
21
-49.6565859999999972
0
LINE
8
BLACK
6
CONTINUOUS
10
72.6411480000000012
20
-49.6565859999999972
11
72.6411480000000012
21
-49.8134139999999945
0
LINE
8
BLACK
6
CONTINUOUS
10
72.6411480000000012
20
-49.8134139999999945
11
72.6105519999999984
21
-49.9672279999999986
0
LINE
8
BLACK
6
CONTINUOUS
10
72.6105519999999984
20
-49.9672279999999986
11
72.5505369999999914
21
-50.1121169999999978
0
LINE
8
BLACK
6
CONTINUOUS
10
72.5505369999999914
20
-50.1121169999999978
11
72.4634080000000012
21
-50.2425149999999974
0
LINE
8
BLACK
6
CONTINUOUS
10
72.4634080000000012
20
-50.2425149999999974
11
72.3525149999999968
21
-50.3534079999999946
0
LINE
8
BLACK
6
CONTINUOUS
10
72.3525149999999968
20
-50.3534079999999946
11
72.2221169999999972
21
-50.4405369999999991
0
LINE
8
BLACK
6
CONTINUOUS
10
72.2221169999999972
20
-50.4405369999999991
11
72.077227999999991
21
-50.500551999999999
0
LINE
8
BLACK
6
CONTINUOUS
10
72.077227999999991
20
-50.500551999999999
11
71.923413999999994
21
-50.5311479999999946
0
LINE
8
BLACK
6
CONTINUOUS
10
71.923413999999994
20
-50.5311479999999946
11
71.7665860000000038
21
-50.5311479999999946
0
LINE
8
BLACK
6
CONTINUOUS
10
71.7665860000000038
20
-50.5311479999999946
11
71.6127719999999925
21
-50.500551999999999
0
LINE
8
BLACK
6
CONTINUOUS
10
71.6127719999999925
20
-50.500551999999999
11
71.4678830000000005
21
-50.4405369999999991
0
LINE
8
BLACK
6
CONTINUOUS
10
71.4678830000000005
20
-50.4405369999999991
11
71.3374850000000009
21
-50.3534079999999946
0
LINE
8
BLACK
6
CONTINUOUS
10
71.3374850000000009
20
-50.3534079999999946
11
71.2265919999999966
21
-50.2425149999999974
0
LINE
8
BLACK
6
CONTINUOUS
10
71.2265919999999966
20
-50.2425149999999974
11
71.1394629999999921
21
-50.1121169999999978
0
LINE
8
BLACK
6
CONTINUOUS
10
71.1394629999999921
20
-50.1121169999999978
11
71.0794479999999993
21
-49.9672279999999986
0
LINE
8
BLACK
6
CONTINUOUS
10
71.0794479999999993
20
-49.9672279999999986
11
71.0488519999999966
21
-49.8134139999999945
0
LINE
8
BLACK
6
CONTINUOUS
10
71.0488519999999966
20
-49.8134139999999945
11
71.0488519999999966
21
-49.6565859999999972
0
LINE
8
BLACK
6
CONTINUOUS
10
71.0488519999999966
20
-49.6565859999999972
11
71.0794479999999993
21
-49.5027720000000002
0
LINE
8
BLACK
6
CONTINUOUS
10
71.0794479999999993
20
-49.5027720000000002
11
71.1394629999999921
21
-49.3578830000000011
0
LINE
8
BLACK
6
CONTINUOUS
10
71.1394629999999921
20
-49.3578830000000011
11
71.2265919999999966
21
-49.2274849999999944
0
LINE
8
BLACK
6
CONTINUOUS
10
71.2265919999999966
20
-49.2274849999999944
11
71.3374850000000009
21
-49.1165919999999971
0
LINE
8
BLACK
6
CONTINUOUS
10
71.3374850000000009
20
-49.1165919999999971
11
71.4678830000000005
21
-49.0294629999999998
0
LINE
8
BLACK
6
CONTINUOUS
10
71.4678830000000005
20
-49.0294629999999998
11
71.6127719999999925
21
-48.9694479999999999
0
LINE
8
BLACK
6
CONTINUOUS
10
71.6127719999999925
20
-48.9694479999999999
11
71.7665860000000038
21
-48.9388519999999971
0
LINE
8
BLACK
6
CONTINUOUS
10
71.7665860000000038
20
-48.9388519999999971
11
71.923413999999994
21
-48.9388519999999971
0
LINE
8
BLACK
6
CONTINUOUS
10
71.923413999999994
20
-48.9388519999999971
11
71.9322779999999966
21
-48.9406150000000011
0
LINE
8
BLACK
6
CONTINUOUS
10
71.9322779999999966
20
-48.9406150000000011
11
73.5931470000000019
21
-47.2797459999999958
0
LINE
8
BLACK
6
CONTINUOUS
10
73.5931470000000019
20
-47.2797459999999958
11
73.6423109999999923
21
-47.2366299999999981
0
LINE
8
BLACK
6
CONTINUOUS
10
73.6423109999999923
20
-47.2366299999999981
11
73.6423190000000005
21
-47.2366229999999945
0
LINE
8
BLACK
6
CONTINUOUS
10
73.6423190000000005
20
-47.2366229999999945
11
73.7553580000000011
21
-47.17136
0
LINE
8
BLACK
6
CONTINUOUS
10
73.7553580000000011
20
-47.17136
11
73.782000999999994
21
-47.1642200000000003
0
LINE
8
BLACK
6
CONTINUOUS
10
73.782000999999994
20
-47.1642200000000003
11
73.8814369999999911
21
-47.1375770000000003
0
LINE
8
BLACK
6
CONTINUOUS
10
73.8814369999999911
20
-47.1375770000000003
11
73.8814519999999959
21
-47.1375770000000003
0
LINE
8
BLACK
6
CONTINUOUS
10
73.8814519999999959
20
-47.1375770000000003
11
73.9466999999999928
21
-47.1332999999999984
0
LINE
8
BLACK
6
CONTINUOUS
10
73.9466999999999928
20
-47.1332999999999984
11
89.4106999999999914
21
-47.1332999999999984
0
LINE
8
BLACK
6
CONTINUOUS
10
89.4106999999999914
20
-47.1332999999999984
11
89.475962999999993
21
-47.1375779999999978
0
LINE
8
BLACK
6
CONTINUOUS
10
79.6972279999999955
20
-48.9694479999999999
11
79.8421170000000018
21
-49.0294629999999998
0
LINE
8
BLACK
6
CONTINUOUS
10
79.8421170000000018
20
-49.0294629999999998
11
79.9725150000000014
21
-49.1165919999999971
0
LINE
8
BLACK
6
CONTINUOUS
10
79.9725150000000014
20
-49.1165919999999971
11
80.0834079999999915
21
-49.2274849999999944
0
LINE
8
BLACK
6
CONTINUOUS
10
80.0834079999999915
20
-49.2274849999999944
11
80.1705369999999959
21
-49.3578830000000011
0
LINE
8
BLACK
6
CONTINUOUS
10
80.1705369999999959
20
-49.3578830000000011
11
80.230552000000003
21
-49.5027720000000002
0
LINE
8
BLACK
6
CONTINUOUS
10
80.230552000000003
20
-49.5027720000000002
11
80.2611479999999915
21
-49.6565859999999972
0
LINE
8
BLACK
6
CONTINUOUS
10
80.2611479999999915
20
-49.6565859999999972
11
80.2611479999999915
21
-49.8134139999999945
0
LINE
8
BLACK
6
CONTINUOUS
10
80.2611479999999915
20
-49.8134139999999945
11
80.230552000000003
21
-49.9672279999999986
0
LINE
8
BLACK
6
CONTINUOUS
10
80.230552000000003
20
-49.9672279999999986
11
80.1705369999999959
21
-50.1121169999999978
0
LINE
8
BLACK
6
CONTINUOUS
10
80.1705369999999959
20
-50.1121169999999978
11
80.0834079999999915
21
-50.2425149999999974
0
LINE
8
BLACK
6
CONTINUOUS
10
80.0834079999999915
20
-50.2425149999999974
11
79.9725150000000014
21
-50.3534079999999946
0
LINE
8
BLACK
6
CONTINUOUS
10
79.9725150000000014
20
-50.3534079999999946
11
79.8421170000000018
21
-50.4405369999999991
0
LINE
8
BLACK
6
CONTINUOUS
10
79.8421170000000018
20
-50.4405369999999991
11
79.6972279999999955
21
-50.500551999999999
0
LINE
8
BLACK
6
CONTINUOUS
10
79.6972279999999955
20
-50.500551999999999
11
79.5434139999999985
21
-50.5311479999999946
0
LINE
8
BLACK
6
CONTINUOUS
10
79.5434139999999985
20
-50.5311479999999946
11
79.3865859999999941
21
-50.5311479999999946
0
LINE
8
BLACK
6
CONTINUOUS
10
79.3865859999999941
20
-50.5311479999999946
11
79.2327719999999971
21
-50.500551999999999
0
LINE
8
BLACK
6
CONTINUOUS
10
79.2327719999999971
20
-50.500551999999999
11
79.0878829999999908
21
-50.4405369999999991
0
LINE
8
BLACK
6
CONTINUOUS
10
79.0878829999999908
20
-50.4405369999999991
11
78.9574849999999913
21
-50.3534079999999946
0
LINE
8
BLACK
6
CONTINUOUS
10
78.9574849999999913
20
-50.3534079999999946
11
78.8465920000000011
21
-50.2425149999999974
0
LINE
8
BLACK
6
CONTINUOUS
10
78.8465920000000011
20
-50.2425149999999974
11
78.7594629999999967
21
-50.1121169999999978
0
LINE
8
BLACK
6
CONTINUOUS
10
78.7594629999999967
20
-50.1121169999999978
11
78.6994479999999896
21
-49.9672279999999986
0
LINE
8
BLACK
6
CONTINUOUS
10
78.6994479999999896
20
-49.9672279999999986
11
78.6688520000000011
21
-49.8134139999999945
0
LINE
8
BLACK
6
CONTINUOUS
10
78.6688520000000011
20
-49.8134139999999945
11
78.6688520000000011
21
-49.6565859999999972
0
LINE
8
BLACK
6
CONTINUOUS
10
78.6688520000000011
20
-49.6565859999999972
11
78.6994479999999896
21
-49.5027720000000002
0
LINE
8
BLACK
6
CONTINUOUS
10
78.6994479999999896
20
-49.5027720000000002
11
78.7594629999999967
21
-49.3578830000000011
0
LINE
8
BLACK
6
CONTINUOUS
10
78.7594629999999967
20
-49.3578830000000011
11
78.8465920000000011
21
-49.2274849999999944
0
LINE
8
BLACK
6
CONTINUOUS
10
78.8465920000000011
20
-49.2274849999999944
11
78.9574849999999913
21
-49.1165919999999971
0
LINE
8
BLACK
6
CONTINUOUS
10
78.9574849999999913
20
-49.1165919999999971
11
79.0878829999999908
21
-49.0294629999999998
0
LINE
8
BLACK
6
CONTINUOUS
10
79.0878829999999908
20
-49.0294629999999998
11
79.2327719999999971
21
-48.9694479999999999
0
LINE
8
BLACK
6
CONTINUOUS
10
79.2327719999999971
20
-48.9694479999999999
11
79.3865859999999941
21
-48.9388519999999971
0
LINE
8
BLACK
6
CONTINUOUS
10
79.3865859999999941
20
-48.9388519999999971
11
79.5434139999999985
21
-48.9388519999999971
0
LINE
8
BLACK
6
CONTINUOUS
10
79.5434139999999985
20
-48.9388519999999971
11
79.6972279999999955
21
-48.9694479999999999
0
LINE
8
BLACK
6
CONTINUOUS
10
116.175547999999992
20
-47.104576999999999
11
116.1755629999999968
21
-47.104576999999999
0
LINE
8
BLACK
6
CONTINUOUS
10
116.1755629999999968
20
-47.104576999999999
11
116.2991079999999897
21
-47.1376810000000006
0
LINE
8
BLACK
6
CONTINUOUS
10
116.2991079999999897
20
-47.1376810000000006
11
116.3016420000000011
21
-47.1383599999999987
0
LINE
8
BLACK
6
CONTINUOUS
10
116.3016420000000011
20
-47.1383599999999987
11
116.4146810000000016
21
-47.2036230000000003
0
LINE
8
BLACK
6
CONTINUOUS
10
116.4146810000000016
20
-47.2036230000000003
11
116.4146959999999922
21
-47.203637999999998
0
LINE
8
BLACK
6
CONTINUOUS
10
116.4146959999999922
20
-47.203637999999998
11
116.4638530000000003
21
-47.2467469999999992
0
LINE
8
BLACK
6
CONTINUOUS
10
116.4638530000000003
20
-47.2467469999999992
11
117.9271069999999924
21
-48.7100000000000009
0
LINE
8
BLACK
6
CONTINUOUS
10
117.9271069999999924
20
-48.7100000000000009
11
137.396726000000001
21
-48.7100000000000009
0
LINE
8
BLACK
6
CONTINUOUS
10
137.396726000000001
20
-48.7100000000000009
11
137.4229409999999802
21
-48.6707660000000004
0
LINE
8
BLACK
6
CONTINUOUS
10
137.4229409999999802
20
-48.6707660000000004
11
137.5407659999999908
21
-48.552940999999997
0
LINE
8
BLACK
6
CONTINUOUS
10
137.5407659999999908
20
-48.552940999999997
11
137.6793130000000076
21
-48.460366999999998
0
LINE
8
BLACK
6
CONTINUOUS
10
137.6793130000000076
20
-48.460366999999998
11
137.8332580000000007
21
-48.3966009999999969
0
LINE
8
BLACK
6
CONTINUOUS
10
137.8332580000000007
20
-48.3966009999999969
11
137.9966849999999852
21
-48.3640929999999969
0
LINE
8
BLACK
6
CONTINUOUS
10
137.9966849999999852
20
-48.3640929999999969
11
138.163314999999983
21
-48.3640929999999969
0
LINE
8
BLACK
6
CONTINUOUS
10
138.163314999999983
20
-48.3640929999999969
11
138.3267419999999959
21
-48.3966009999999969
0
LINE
8
BLACK
6
CONTINUOUS
10
138.3267419999999959
20
-48.3966009999999969
11
138.480686999999989
21
-48.460366999999998
0
LINE
8
BLACK
6
CONTINUOUS
10
138.480686999999989
20
-48.460366999999998
11
138.6192340000000058
21
-48.552940999999997
0
LINE
8
BLACK
6
CONTINUOUS
10
138.6192340000000058
20
-48.552940999999997
11
138.7370589999999879
21
-48.6707660000000004
0
LINE
8
BLACK
6
CONTINUOUS
10
138.7370589999999879
20
-48.6707660000000004
11
138.8296330000000012
21
-48.809312999999996
0
LINE
8
BLACK
6
CONTINUOUS
10
138.8296330000000012
20
-48.809312999999996
11
138.8933989999999881
21
-48.9632579999999962
0
LINE
8
BLACK
6
CONTINUOUS
10
138.8933989999999881
20
-48.9632579999999962
11
138.9259069999999952
21
-49.1266849999999948
0
LINE
8
BLACK
6
CONTINUOUS
10
138.9259069999999952
20
-49.1266849999999948
11
138.9259069999999952
21
-49.2933149999999998
0
LINE
8
BLACK
6
CONTINUOUS
10
138.9259069999999952
20
-49.2933149999999998
11
138.8933989999999881
21
-49.4567419999999984
0
LINE
8
BLACK
6
CONTINUOUS
10
138.8933989999999881
20
-49.4567419999999984
11
138.8296330000000012
21
-49.6106869999999986
0
LINE
8
BLACK
6
CONTINUOUS
10
138.8296330000000012
20
-49.6106869999999986
11
138.7370589999999879
21
-49.7492340000000013
0
LINE
8
BLACK
6
CONTINUOUS
10
138.7370589999999879
20
-49.7492340000000013
11
138.6192340000000058
21
-49.8670589999999976
0
LINE
8
BLACK
6
CONTINUOUS
10
138.6192340000000058
20
-49.8670589999999976
11
138.480686999999989
21
-49.9596329999999966
0
LINE
8
BLACK
6
CONTINUOUS
10
138.480686999999989
20
-49.9596329999999966
11
138.3267419999999959
21
-50.0233989999999977
0
LINE
8
BLACK
6
CONTINUOUS
10
138.3267419999999959
20
-50.0233989999999977
11
138.163314999999983
21
-50.0559069999999977
0
LINE
8
BLACK
6
CONTINUOUS
10
138.163314999999983
20
-50.0559069999999977
11
137.9966849999999852
21
-50.0559069999999977
0
LINE
8
BLACK
6
CONTINUOUS
10
137.9966849999999852
20
-50.0559069999999977
11
137.8332580000000007
21
-50.0233989999999977
0
LINE
8
BLACK
6
CONTINUOUS
10
137.8332580000000007
20
-50.0233989999999977
11
137.6793130000000076
21
-49.9596329999999966
0
LINE
8
BLACK
6
CONTINUOUS
10
137.6793130000000076
20
-49.9596329999999966
11
137.5407659999999908
21
-49.8670589999999976
0
LINE
8
BLACK
6
CONTINUOUS
10
137.5407659999999908
20
-49.8670589999999976
11
137.4229409999999802
21
-49.7492340000000013
0
LINE
8
BLACK
6
CONTINUOUS
10
137.4229409999999802
20
-49.7492340000000013
11
137.396726000000001
21
-49.7100000000000009
0
LINE
8
BLACK
6
CONTINUOUS
10
137.396726000000001
20
-49.7100000000000009
11
117.7199999999999989
21
-49.7100000000000009
0
LINE
8
BLACK
6
CONTINUOUS
10
117.7199999999999989
20
-49.7100000000000009
11
117.6547519999999878
21
-49.705722999999999
0
LINE
8
BLACK
6
CONTINUOUS
10
117.6547519999999878
20
-49.705722999999999
11
117.6547369999999972
21
-49.705722999999999
0
LINE
8
BLACK
6
CONTINUOUS
10
117.6547369999999972
20
-49.705722999999999
11
117.555301
21
-49.6790789999999944
0
LINE
8
BLACK
6
CONTINUOUS
10
117.555301
20
-49.6790789999999944
11
117.528657999999993
21
-49.6719399999999993
0
LINE
8
BLACK
6
CONTINUOUS
10
117.528657999999993
20
-49.6719399999999993
11
117.4156189999999924
21
-49.6066769999999977
0
LINE
8
BLACK
6
CONTINUOUS
10
117.4156189999999924
20
-49.6066769999999977
11
117.4156109999999984
21
-49.6066689999999966
0
LINE
8
BLACK
6
CONTINUOUS
10
117.4156109999999984
20
-49.6066689999999966
11
117.3664469999999937
21
-49.5635539999999963
0
LINE
8
BLACK
6
CONTINUOUS
10
117.3664469999999937
20
-49.5635539999999963
11
115.9031939999999992
21
-48.1002999999999972
0
LINE
8
BLACK
6
CONTINUOUS
10
115.9031939999999992
20
-48.1002999999999972
11
99.5768070000000023
21
-48.1002999999999972
0
LINE
8
BLACK
6
CONTINUOUS
10
99.5768070000000023
20
-48.1002999999999972
11
98.0293839999999932
21
-49.6477209999999971
0
LINE
8
BLACK
6
CONTINUOUS
10
98.0293839999999932
20
-49.6477209999999971
11
98.0311480000000017
21
-49.6565859999999972
0
LINE
8
BLACK
6
CONTINUOUS
10
98.0311480000000017
20
-49.6565859999999972
11
98.0311480000000017
21
-49.8134139999999945
0
LINE
8
BLACK
6
CONTINUOUS
10
98.0311480000000017
20
-49.8134139999999945
11
98.000551999999999
21
-49.9672279999999986
0
LINE
8
BLACK
6
CONTINUOUS
10
98.000551999999999
20
-49.9672279999999986
11
97.940536999999992
21
-50.1121169999999978
0
LINE
8
BLACK
6
CONTINUOUS
10
97.940536999999992
20
-50.1121169999999978
11
97.8534080000000017
21
-50.2425149999999974
0
LINE
8
BLACK
6
CONTINUOUS
10
97.8534080000000017
20
-50.2425149999999974
11
97.7425149999999974
21
-50.3534079999999946
0
LINE
8
BLACK
6
CONTINUOUS
10
97.7425149999999974
20
-50.3534079999999946
11
97.6121169999999978
21
-50.4405369999999991
0
LINE
8
BLACK
6
CONTINUOUS
10
97.6121169999999978
20
-50.4405369999999991
11
97.4672279999999915
21
-50.500551999999999
0
LINE
8
BLACK
6
CONTINUOUS
10
97.4672279999999915
20
-50.500551999999999
11
97.3134139999999945
21
-50.5311479999999946
0
LINE
8
BLACK
6
CONTINUOUS
10
97.3134139999999945
20
-50.5311479999999946
11
97.1565859999999901
21
-50.5311479999999946
0
LINE
8
BLACK
6
CONTINUOUS
10
97.1565859999999901
20
-50.5311479999999946
11
97.0027719999999931
21
-50.500551999999999
0
LINE
8
BLACK
6
CONTINUOUS
10
97.0027719999999931
20
-50.500551999999999
11
96.8578830000000011
21
-50.4405369999999991
0
LINE
8
BLACK
6
CONTINUOUS
10
96.8578830000000011
20
-50.4405369999999991
11
96.7274850000000015
21
-50.3534079999999946
0
LINE
8
BLACK
6
CONTINUOUS
10
96.7274850000000015
20
-50.3534079999999946
11
96.6165919999999971
21
-50.2425149999999974
0
LINE
8
BLACK
6
CONTINUOUS
10
96.6165919999999971
20
-50.2425149999999974
11
96.5294629999999927
21
-50.1121169999999978
0
LINE
8
BLACK
6
CONTINUOUS
10
96.5294629999999927
20
-50.1121169999999978
11
96.4694479999999999
21
-49.9672279999999986
0
LINE
8
BLACK
6
CONTINUOUS
10
96.4694479999999999
20
-49.9672279999999986
11
96.4388519999999971
21
-49.8134139999999945
0
LINE
8
BLACK
6
CONTINUOUS
10
96.4388519999999971
20
-49.8134139999999945
11
96.4388519999999971
21
-49.6565859999999972
0
LINE
8
BLACK
6
CONTINUOUS
10
96.4388519999999971
20
-49.6565859999999972
11
96.4694479999999999
21
-49.5027720000000002
0
LINE
8
BLACK
6
CONTINUOUS
10
96.4694479999999999
20
-49.5027720000000002
11
96.5294629999999927
21
-49.3578830000000011
0
LINE
8
BLACK
6
CONTINUOUS
10
96.5294629999999927
20
-49.3578830000000011
11
96.6165919999999971
21
-49.2274849999999944
0
LINE
8
BLACK
6
CONTINUOUS
10
96.6165919999999971
20
-49.2274849999999944
11
96.7274850000000015
21
-49.1165919999999971
0
LINE
8
BLACK
6
CONTINUOUS
10
96.7274850000000015
20
-49.1165919999999971
11
96.8578830000000011
21
-49.0294629999999998
0
LINE
8
BLACK
6
CONTINUOUS
10
96.8578830000000011
20
-49.0294629999999998
11
97.0027719999999931
21
-48.9694479999999999
0
LINE
8
BLACK
6
CONTINUOUS
10
97.0027719999999931
20
-48.9694479999999999
11
97.1565859999999901
21
-48.9388519999999971
0
LINE
8
BLACK
6
CONTINUOUS
10
97.1565859999999901
20
-48.9388519999999971
11
97.3134139999999945
21
-48.9388519999999971
0
LINE
8
BLACK
6
CONTINUOUS
10
97.3134139999999945
20
-48.9388519999999971
11
97.3222779999999972
21
-48.9406150000000011
0
LINE
8
BLACK
6
CONTINUOUS
10
97.3222779999999972
20
-48.9406150000000011
11
99.0161469999999895
21
-47.2467459999999946
0
LINE
8
BLACK
6
CONTINUOUS
10
99.0161469999999895
20
-47.2467459999999946
11
99.0653109999999941
21
-47.2036299999999969
0
LINE
8
BLACK
6
CONTINUOUS
10
99.0653109999999941
20
-47.2036299999999969
11
99.0653190000000023
21
-47.2036230000000003
0
LINE
8
BLACK
6
CONTINUOUS
10
99.0653190000000023
20
-47.2036230000000003
11
99.1783579999999887
21
-47.1383599999999987
0
LINE
8
BLACK
6
CONTINUOUS
10
99.1783579999999887
20
-47.1383599999999987
11
99.2050009999999958
21
-47.131219999999999
0
LINE
8
BLACK
6
CONTINUOUS
10
99.2050009999999958
20
-47.131219999999999
11
99.304436999999993
21
-47.104576999999999
0
LINE
8
BLACK
6
CONTINUOUS
10
99.304436999999993
20
-47.104576999999999
11
99.3044519999999977
21
-47.104576999999999
0
LINE
8
BLACK
6
CONTINUOUS
10
99.3044519999999977
20
-47.104576999999999
11
99.3696999999999946
21
-47.1002999999999972
0
LINE
8
BLACK
6
CONTINUOUS
10
99.3696999999999946
20
-47.1002999999999972
11
116.1102999999999952
21
-47.1002999999999972
0
LINE
8
BLACK
6
CONTINUOUS
10
116.1102999999999952
20
-47.1002999999999972
11
116.175547999999992
21
-47.104576999999999
0
LINE
8
BLACK
6
CONTINUOUS
10
115.2372280000000018
20
-48.9694479999999999
11
115.3821169999999938
21
-49.0294629999999998
0
LINE
8
BLACK
6
CONTINUOUS
10
115.3821169999999938
20
-49.0294629999999998
11
115.5125149999999934
21
-49.1165919999999971
0
LINE
8
BLACK
6
CONTINUOUS
10
115.5125149999999934
20
-49.1165919999999971
11
115.6234079999999977
21
-49.2274849999999944
0
LINE
8
BLACK
6
CONTINUOUS
10
115.6234079999999977
20
-49.2274849999999944
11
115.710536999999988
21
-49.3578830000000011
0
LINE
8
BLACK
6
CONTINUOUS
10
115.710536999999988
20
-49.3578830000000011
11
115.770551999999995
21
-49.5027720000000002
0
LINE
8
BLACK
6
CONTINUOUS
10
115.770551999999995
20
-49.5027720000000002
11
115.8011479999999978
21
-49.6565859999999972
0
LINE
8
BLACK
6
CONTINUOUS
10
115.8011479999999978
20
-49.6565859999999972
11
115.8011479999999978
21
-49.8134139999999945
0
LINE
8
BLACK
6
CONTINUOUS
10
115.8011479999999978
20
-49.8134139999999945
11
115.770551999999995
21
-49.9672279999999986
0
LINE
8
BLACK
6
CONTINUOUS
10
115.770551999999995
20
-49.9672279999999986
11
115.710536999999988
21
-50.1121169999999978
0
LINE
8
BLACK
6
CONTINUOUS
10
115.710536999999988
20
-50.1121169999999978
11
115.6234079999999977
21
-50.2425149999999974
0
LINE
8
BLACK
6
CONTINUOUS
10
115.6234079999999977
20
-50.2425149999999974
11
115.5125149999999934
21
-50.3534079999999946
0
LINE
8
BLACK
6
CONTINUOUS
10
115.5125149999999934
20
-50.3534079999999946
11
115.3821169999999938
21
-50.4405369999999991
0
LINE
8
BLACK
6
CONTINUOUS
10
115.3821169999999938
20
-50.4405369999999991
11
115.2372280000000018
21
-50.500551999999999
0
LINE
8
BLACK
6
CONTINUOUS
10
115.2372280000000018
20
-50.500551999999999
11
115.0834139999999906
21
-50.5311479999999946
0
LINE
8
BLACK
6
CONTINUOUS
10
115.0834139999999906
20
-50.5311479999999946
11
114.9265860000000004
21
-50.5311479999999946
0
LINE
8
BLACK
6
CONTINUOUS
10
114.9265860000000004
20
-50.5311479999999946
11
114.7727719999999891
21
-50.500551999999999
0
LINE
8
BLACK
6
CONTINUOUS
10
114.7727719999999891
20
-50.500551999999999
11
114.6278829999999971
21
-50.4405369999999991
0
LINE
8
BLACK
6
CONTINUOUS
10
114.6278829999999971
20
-50.4405369999999991
11
114.4974849999999975
21
-50.3534079999999946
0
LINE
8
BLACK
6
CONTINUOUS
10
114.4974849999999975
20
-50.3534079999999946
11
114.3865919999999932
21
-50.2425149999999974
0
LINE
8
BLACK
6
CONTINUOUS
10
114.3865919999999932
20
-50.2425149999999974
11
114.2994629999999887
21
-50.1121169999999978
0
LINE
8
BLACK
6
CONTINUOUS
10
114.2994629999999887
20
-50.1121169999999978
11
114.2394479999999959
21
-49.9672279999999986
0
LINE
8
BLACK
6
CONTINUOUS
10
114.2394479999999959
20
-49.9672279999999986
11
114.2088519999999932
21
-49.8134139999999945
0
LINE
8
BLACK
6
CONTINUOUS
10
114.2088519999999932
20
-49.8134139999999945
11
114.2088519999999932
21
-49.6565859999999972
0
LINE
8
BLACK
6
CONTINUOUS
10
114.2088519999999932
20
-49.6565859999999972
11
114.2394479999999959
21
-49.5027720000000002
0
LINE
8
BLACK
6
CONTINUOUS
10
114.2394479999999959
20
-49.5027720000000002
11
114.2994629999999887
21
-49.3578830000000011
0
LINE
8
BLACK
6
CONTINUOUS
10
114.2994629999999887
20
-49.3578830000000011
11
114.3865919999999932
21
-49.2274849999999944
0
LINE
8
BLACK
6
CONTINUOUS
10
114.3865919999999932
20
-49.2274849999999944
11
114.4974849999999975
21
-49.1165919999999971
0
LINE
8
BLACK
6
CONTINUOUS
10
114.4974849999999975
20
-49.1165919999999971
11
114.6278829999999971
21
-49.0294629999999998
0
LINE
8
BLACK
6
CONTINUOUS
10
114.6278829999999971
20
-49.0294629999999998
11
114.7727719999999891
21
-48.9694479999999999
0
LINE
8
BLACK
6
CONTINUOUS
10
114.7727719999999891
20
-48.9694479999999999
11
114.9265860000000004
21
-48.9388519999999971
0
LINE
8
BLACK
6
CONTINUOUS
10
114.9265860000000004
20
-48.9388519999999971
11
115.0834139999999906
21
-48.9388519999999971
0
LINE
8
BLACK
6
CONTINUOUS
10
115.0834139999999906
20
-48.9388519999999971
11
115.2372280000000018
21
-48.9694479999999999
0
LINE
8
BLACK
6
CONTINUOUS
10
100.0946929999999924
20
-48.9204849999999993
11
100.1404479999999921
21
-48.9732890000000012
0
LINE
8
BLACK
6
CONTINUOUS
10
100.1404479999999921
20
-48.9732890000000012
11
100.1503919999999965
21
-49.0424469999999957
0
LINE
8
BLACK
6
CONTINUOUS
10
100.1503919999999965
20
-49.0424469999999957
11
100.1213669999999922
21
-49.1060030000000012
0
LINE
8
BLACK
6
CONTINUOUS
10
100.1213669999999922
20
-49.1060030000000012
11
100.1153350000000017
21
-49.1124809999999954
0
LINE
8
BLACK
6
CONTINUOUS
10
100.1153350000000017
20
-49.1124809999999954
11
99.005274
21
-50.2225399999999951
0
LINE
8
BLACK
6
CONTINUOUS
10
99.005274
20
-50.2225399999999951
11
98.9439509999999984
21
-50.2560250000000011
0
LINE
8
BLACK
6
CONTINUOUS
10
98.9439509999999984
20
-50.2560250000000011
11
98.874258999999995
21
-50.2510410000000007
0
LINE
8
BLACK
6
CONTINUOUS
10
98.874258999999995
20
-50.2510410000000007
11
98.818325999999999
21
-50.2091689999999957
0
LINE
8
BLACK
6
CONTINUOUS
10
98.818325999999999
20
-50.2091689999999957
11
98.7939089999999993
21
-50.1437049999999971
0
LINE
8
BLACK
6
CONTINUOUS
10
98.7939089999999993
20
-50.1437049999999971
11
98.7963000000000022
21
-50.1147519999999957
0
LINE
8
BLACK
6
CONTINUOUS
10
98.7963000000000022
20
-50.1147519999999957
11
98.7953270000000003
21
-50.1145980000000009
0
LINE
8
BLACK
6
CONTINUOUS
10
98.7953270000000003
20
-50.1145980000000009
11
98.7960879999999975
21
-50.1097889999999992
0
LINE
8
BLACK
6
CONTINUOUS
10
98.7960879999999975
20
-50.1097889999999992
11
98.7960899999999924
21
-50.1097849999999951
0
LINE
8
BLACK
6
CONTINUOUS
10
98.7960899999999924
20
-50.1097849999999951
11
98.8079839999999905
21
-50.0346869999999981
0
LINE
8
BLACK
6
CONTINUOUS
10
98.8079839999999905
20
-50.0346869999999981
11
98.8379109999999912
21
-49.9715569999999971
0
LINE
8
BLACK
6
CONTINUOUS
10
98.8379109999999912
20
-49.9715569999999971
11
98.8427569999999918
21
-49.9664259999999985
0
LINE
8
BLACK
6
CONTINUOUS
10
98.8427569999999918
20
-49.9664259999999985
11
99.8720649999999921
21
-48.9371189999999956
0
LINE
8
BLACK
6
CONTINUOUS
10
99.8720649999999921
20
-48.9371189999999956
11
99.8989919999999927
21
-48.9224150000000009
0
LINE
8
BLACK
6
CONTINUOUS
10
99.8989919999999927
20
-48.9224150000000009
11
99.9248109999999912
21
-48.905822999999998
0
LINE
8
BLACK
6
CONTINUOUS
10
99.9248109999999912
20
-48.905822999999998
11
99.931010999999998
21
-48.9049309999999977
0
LINE
8
BLACK
6
CONTINUOUS
10
99.931010999999998
20
-48.9049309999999977
11
99.9333879999999937
21
-48.9036339999999967
0
LINE
8
BLACK
6
CONTINUOUS
10
99.9333879999999937
20
-48.9036339999999967
11
99.9597459999999955
21
-48.9007999999999967
0
LINE
8
BLACK
6
CONTINUOUS
10
99.9597459999999955
20
-48.9007999999999967
11
100.0276539999999983
21
-48.9007999999999967
0
LINE
8
BLACK
6
CONTINUOUS
10
100.0276539999999983
20
-48.9007999999999967
11
100.0946929999999924
21
-48.9204849999999993
0
LINE
8
BLACK
6
CONTINUOUS
10
104.8007659999999959
20
-38.3718310000000002
11
104.8566989999999919
21
-38.4137029999999982
0
LINE
8
BLACK
6
CONTINUOUS
10
104.8566989999999919
20
-38.4137029999999982
11
104.8753619999999955
21
-38.4496919999999989
0
LINE
8
BLACK
6
CONTINUOUS
10
104.8753619999999955
20
-38.4496919999999989
11
104.8817589999999882
21
-38.469380000000001
0
LINE
8
BLACK
6
CONTINUOUS
10
104.8817589999999882
20
-38.469380000000001
11
104.9961319999999887
21
-38.6938479999999956
0
LINE
8
BLACK
6
CONTINUOUS
10
104.9961319999999887
20
-38.6938479999999956
11
105.1442009999999954
21
-38.8976490000000013
0
LINE
8
BLACK
6
CONTINUOUS
10
105.1442009999999954
20
-38.8976490000000013
11
105.1442049999999995
21
-38.8976539999999957
0
LINE
8
BLACK
6
CONTINUOUS
10
105.1442049999999995
20
-38.8976539999999957
11
105.3223440000000011
21
-39.0757929999999973
0
LINE
8
BLACK
6
CONTINUOUS
10
105.3223440000000011
20
-39.0757929999999973
11
105.3223500000000001
21
-39.0757979999999989
0
LINE
8
BLACK
6
CONTINUOUS
10
105.3223500000000001
20
-39.0757979999999989
11
105.4646469999999994
21
-39.1791819999999973
0
LINE
8
BLACK
6
CONTINUOUS
10
105.4646469999999994
20
-39.1791819999999973
11
105.5261549999999886
21
-39.223869999999998
0
LINE
8
BLACK
6
CONTINUOUS
10
105.5261549999999886
20
-39.223869999999998
11
105.6691840000000013
21
-39.2967469999999963
0
LINE
8
BLACK
6
CONTINUOUS
10
105.6691840000000013
20
-39.2967469999999963
11
105.7506159999999937
21
-39.3382390000000015
0
LINE
8
BLACK
6
CONTINUOUS
10
105.7506159999999937
20
-39.3382390000000015
11
105.7506179999999887
21
-39.3382390000000015
0
LINE
8
BLACK
6
CONTINUOUS
10
105.7506179999999887
20
-39.3382390000000015
11
105.7506209999999953
21
-39.3382409999999965
0
LINE
8
BLACK
6
CONTINUOUS
10
105.7506209999999953
20
-39.3382409999999965
11
105.8790489999999949
21
-39.3799700000000001
0
LINE
8
BLACK
6
CONTINUOUS
10
105.8790489999999949
20
-39.3799700000000001
11
105.9902139999999946
21
-39.416089999999997
0
LINE
8
BLACK
6
CONTINUOUS
10
105.9902139999999946
20
-39.416089999999997
11
106.0294389999999964
21
-39.4223019999999948
0
LINE
8
BLACK
6
CONTINUOUS
10
106.0294389999999964
20
-39.4223019999999948
11
106.0653059999999925
21
-39.4279829999999976
0
LINE
8
BLACK
6
CONTINUOUS
10
106.0653059999999925
20
-39.4279829999999976
11
106.1284409999999951
21
-39.4579120000000003
0
LINE
8
BLACK
6
CONTINUOUS
10
106.1284409999999951
20
-39.4579120000000003
11
106.1335899999999981
21
-39.4627750000000006
0
LINE
8
BLACK
6
CONTINUOUS
10
106.1335899999999981
20
-39.4627750000000006
11
112.1810809999999918
21
-45.5102660000000014
0
LINE
8
BLACK
6
CONTINUOUS
10
112.1810809999999918
20
-45.5102660000000014
11
112.3466889999999978
21
-45.6305869999999985
0
LINE
8
BLACK
6
CONTINUOUS
10
112.3466889999999978
20
-45.6305869999999985
11
112.4378849999999943
21
-45.6770530000000008
0
LINE
8
BLACK
6
CONTINUOUS
10
112.4378849999999943
20
-45.6770530000000008
11
112.5290809999999908
21
-45.7235200000000006
0
LINE
8
BLACK
6
CONTINUOUS
10
112.5290809999999908
20
-45.7235200000000006
11
112.6264229999999884
21
-45.7551479999999984
0
LINE
8
BLACK
6
CONTINUOUS
10
112.6264229999999884
20
-45.7551479999999984
11
112.7237650000000002
21
-45.7867770000000007
0
LINE
8
BLACK
6
CONTINUOUS
10
112.7237650000000002
20
-45.7867770000000007
11
112.9259479999999911
21
-45.818799999999996
0
LINE
8
BLACK
6
CONTINUOUS
10
112.9259479999999911
20
-45.818799999999996
11
133.1865530000000035
21
-45.818799999999996
0
LINE
8
BLACK
6
CONTINUOUS
10
133.1865530000000035
20
-45.818799999999996
11
133.2535919999999976
21
-45.8384849999999986
0
LINE
8
BLACK
6
CONTINUOUS
10
133.2535919999999976
20
-45.8384849999999986
11
133.274234000000007
21
-45.8551189999999949
0
LINE
8
BLACK
6
CONTINUOUS
10
133.274234000000007
20
-45.8551189999999949
11
135.0810809999999833
21
-47.6619659999999996
0
LINE
8
BLACK
6
CONTINUOUS
10
135.0810809999999833
20
-47.6619659999999996
11
135.0810840000000042
21
-47.6619679999999946
0
LINE
8
BLACK
6
CONTINUOUS
10
135.0810840000000042
20
-47.6619679999999946
11
135.1130349999999964
21
-47.6851819999999975
0
LINE
8
BLACK
6
CONTINUOUS
10
135.1130349999999964
20
-47.6851819999999975
11
135.1557009999999934
21
-47.7405119999999954
0
LINE
8
BLACK
6
CONTINUOUS
10
135.1557009999999934
20
-47.7405119999999954
11
135.1616799999999898
21
-47.8101249999999993
0
LINE
8
BLACK
6
CONTINUOUS
10
135.1616799999999898
20
-47.8101249999999993
11
135.1290740000000028
21
-47.8719199999999958
0
LINE
8
BLACK
6
CONTINUOUS
10
135.1290740000000028
20
-47.8719199999999958
11
135.0682359999999846
21
-47.9062769999999958
0
LINE
8
BLACK
6
CONTINUOUS
10
135.0682359999999846
20
-47.9062769999999958
11
135.0401499999999828
21
-47.9095000000000013
0
LINE
8
BLACK
6
CONTINUOUS
10
135.0401499999999828
20
-47.9095000000000013
11
118.3100459999999998
21
-47.9095000000000013
0
LINE
8
BLACK
6
CONTINUOUS
10
118.3100459999999998
20
-47.9095000000000013
11
118.2430069999999915
21
-47.8898149999999987
0
LINE
8
BLACK
6
CONTINUOUS
10
118.2430069999999915
20
-47.8898149999999987
11
118.2223649999999964
21
-47.8731809999999953
0
LINE
8
BLACK
6
CONTINUOUS
10
118.2223649999999964
20
-47.8731809999999953
11
116.9575209999999998
21
-46.6083360000000013
0
LINE
8
BLACK
6
CONTINUOUS
10
116.9575209999999998
20
-46.6083360000000013
11
116.9575199999999882
21
-46.6083349999999967
0
LINE
8
BLACK
6
CONTINUOUS
10
116.9575199999999882
20
-46.6083349999999967
11
116.9575189999999907
21
-46.6083339999999993
0
LINE
8
BLACK
6
CONTINUOUS
10
116.9575189999999907
20
-46.6083339999999993
11
116.8747149999999948
21
-46.5481729999999985
0
LINE
8
BLACK
6
CONTINUOUS
10
116.8747149999999948
20
-46.5481729999999985
11
116.7919089999999898
21
-46.4880110000000002
0
LINE
8
BLACK
6
CONTINUOUS
10
116.7919089999999898
20
-46.4880110000000002
11
116.6742829999999884
21
-46.4280789999999968
0
LINE
8
BLACK
6
CONTINUOUS
10
116.6742829999999884
20
-46.4280789999999968
11
116.6095229999999958
21
-46.3950809999999976
0
LINE
8
BLACK
6
CONTINUOUS
10
116.6095229999999958
20
-46.3950809999999976
11
116.5628150000000005
21
-46.3799039999999962
0
LINE
8
BLACK
6
CONTINUOUS
10
116.5628150000000005
20
-46.3799039999999962
11
116.5121759999999966
21
-46.3634509999999977
0
LINE
8
BLACK
6
CONTINUOUS
10
116.5121759999999966
20
-46.3634509999999977
11
116.4883029999999877
21
-46.3556939999999997
0
LINE
8
BLACK
6
CONTINUOUS
10
116.4883029999999877
20
-46.3556939999999997
11
116.4148349999999965
21
-46.3318219999999954
0
LINE
8
BLACK
6
CONTINUOUS
10
116.4148349999999965
20
-46.3318219999999954
11
116.240294999999989
21
-46.3041780000000003
0
LINE
8
BLACK
6
CONTINUOUS
10
116.240294999999989
20
-46.3041780000000003
11
116.2126519999999914
21
-46.2997999999999976
0
LINE
8
BLACK
6
CONTINUOUS
10
116.2126519999999914
20
-46.2997999999999976
11
99.2673479999999984
21
-46.2997999999999976
0
LINE
8
BLACK
6
CONTINUOUS
10
99.2673479999999984
20
-46.2997999999999976
11
99.2011119999999949
21
-46.3102909999999994
0
LINE
8
BLACK
6
CONTINUOUS
10
99.2011119999999949
20
-46.3102909999999994
11
99.0651639999999958
21
-46.331823
0
LINE
8
BLACK
6
CONTINUOUS
10
99.0651639999999958
20
-46.331823
11
98.8704839999999905
21
-46.3950770000000006
0
LINE
8
BLACK
6
CONTINUOUS
10
98.8704839999999905
20
-46.3950770000000006
11
98.8704809999999981
21
-46.395077999999998
0
LINE
8
BLACK
6
CONTINUOUS
10
98.8704809999999981
20
-46.395077999999998
11
98.7885319999999894
21
-46.436834999999995
0
LINE
8
BLACK
6
CONTINUOUS
10
98.7885319999999894
20
-46.436834999999995
11
98.6880859999999984
21
-46.4880149999999972
0
LINE
8
BLACK
6
CONTINUOUS
10
98.6880859999999984
20
-46.4880149999999972
11
98.5224860000000007
21
-46.6083280000000002
0
LINE
8
BLACK
6
CONTINUOUS
10
98.5224860000000007
20
-46.6083280000000002
11
98.5224819999999966
21
-46.6083319999999972
0
LINE
8
BLACK
6
CONTINUOUS
10
98.5224819999999966
20
-46.6083319999999972
11
98.3777309999999972
21
-46.7530840000000012
0
LINE
8
BLACK
6
CONTINUOUS
10
98.3777309999999972
20
-46.7530840000000012
11
97.0035900000000026
21
-48.1272230000000008
0
LINE
8
BLACK
6
CONTINUOUS
10
97.0035900000000026
20
-48.1272230000000008
11
96.9422670000000011
21
-48.1607079999999996
0
LINE
8
BLACK
6
CONTINUOUS
10
96.9422670000000011
20
-48.1607079999999996
11
96.9353089999999895
21
-48.1620149999999967
0
LINE
8
BLACK
6
CONTINUOUS
10
96.9353089999999895
20
-48.1620149999999967
11
96.8602169999999916
21
-48.1739089999999948
0
LINE
8
BLACK
6
CONTINUOUS
10
96.8602169999999916
20
-48.1739089999999948
11
96.6206150000000008
21
-48.2517609999999948
0
LINE
8
BLACK
6
CONTINUOUS
10
96.6206150000000008
20
-48.2517609999999948
11
96.5793939999999935
21
-48.2727639999999951
0
LINE
8
BLACK
6
CONTINUOUS
10
96.5793939999999935
20
-48.2727639999999951
11
96.5107239999999962
21
-48.28566
0
LINE
8
BLACK
6
CONTINUOUS
10
96.5107239999999962
20
-48.28566
11
96.4459839999999957
21
-48.2593829999999997
0
LINE
8
BLACK
6
CONTINUOUS
10
96.4459839999999957
20
-48.2593829999999997
11
96.4057279999999963
21
-48.2022759999999977
0
LINE
8
BLACK
6
CONTINUOUS
10
96.4057279999999963
20
-48.2022759999999977
11
96.39909999999999
21
-48.1622789999999981
0
LINE
8
BLACK
6
CONTINUOUS
10
96.39909999999999
20
-48.1622789999999981
11
96.39909999999999
21
-46.7223459999999946
0
LINE
8
BLACK
6
CONTINUOUS
10
96.39909999999999
20
-46.7223459999999946
11
96.4187849999999997
21
-46.6553070000000005
0
LINE
8
BLACK
6
CONTINUOUS
10
96.4187849999999997
20
-46.6553070000000005
11
96.4354139999999944
21
-46.6346699999999998
0
LINE
8
BLACK
6
CONTINUOUS
10
96.4354139999999944
20
-46.6346699999999998
11
104.669753
21
-38.4003299999999967
0
LINE
8
BLACK
6
CONTINUOUS
10
104.669753
20
-38.4003299999999967
11
104.7310739999999925
21
-38.3668469999999999
0
LINE
8
BLACK
6
CONTINUOUS
10
104.7310739999999925
20
-38.3668469999999999
11
104.8007659999999959
21
-38.3718310000000002
0
LINE
8
BLACK
6
CONTINUOUS
10
106.5972280000000012
20
-37.0894479999999973
11
106.7421169999999933
21
-37.1494629999999972
0
LINE
8
BLACK
6
CONTINUOUS
10
106.7421169999999933
20
-37.1494629999999972
11
106.8725149999999928
21
-37.2365920000000017
0
LINE
8
BLACK
6
CONTINUOUS
10
106.8725149999999928
20
-37.2365920000000017
11
106.9834079999999972
21
-37.3474849999999989
0
LINE
8
BLACK
6
CONTINUOUS
10
106.9834079999999972
20
-37.3474849999999989
11
107.0705370000000016
21
-37.4778829999999985
0
LINE
8
BLACK
6
CONTINUOUS
10
107.0705370000000016
20
-37.4778829999999985
11
107.1305519999999945
21
-37.6227719999999977
0
LINE
8
BLACK
6
CONTINUOUS
10
107.1305519999999945
20
-37.6227719999999977
11
107.1611479999999972
21
-37.7765860000000018
0
LINE
8
BLACK
6
CONTINUOUS
10
107.1611479999999972
20
-37.7765860000000018
11
107.1611479999999972
21
-37.9334139999999991
0
LINE
8
BLACK
6
CONTINUOUS
10
107.1611479999999972
20
-37.9334139999999991
11
107.1593839999999886
21
-37.9422780000000017
0
LINE
8
BLACK
6
CONTINUOUS
10
107.1593839999999886
20
-37.9422780000000017
11
113.235406999999995
21
-44.0182999999999964
0
LINE
8
BLACK
6
CONTINUOUS
10
113.235406999999995
20
-44.0182999999999964
11
133.776600000000002
21
-44.0182999999999964
0
LINE
8
BLACK
6
CONTINUOUS
10
133.776600000000002
20
-44.0182999999999964
11
133.8418479999999988
21
-44.0225769999999983
0
LINE
8
BLACK
6
CONTINUOUS
10
133.8418479999999988
20
-44.0225769999999983
11
133.8418629999999894
21
-44.0225769999999983
0
LINE
8
BLACK
6
CONTINUOUS
10
133.8418629999999894
20
-44.0225769999999983
11
133.9430339999999831
21
-44.0496860000000012
0
LINE
8
BLACK
6
CONTINUOUS
10
133.9430339999999831
20
-44.0496860000000012
11
133.9679419999999936
21
-44.056359999999998
0
LINE
8
BLACK
6
CONTINUOUS
10
133.9679419999999936
20
-44.056359999999998
11
134.08098099999998
21
-44.1216229999999996
0
LINE
8
BLACK
6
CONTINUOUS
10
134.08098099999998
20
-44.1216229999999996
11
134.080995999999999
21
-44.1216379999999972
0
LINE
8
BLACK
6
CONTINUOUS
10
134.080995999999999
20
-44.1216379999999972
11
134.1301530000000071
21
-44.1647469999999984
0
LINE
8
BLACK
6
CONTINUOUS
10
134.1301530000000071
20
-44.1647469999999984
11
136.1354069999999865
21
-46.1699999999999946
0
LINE
8
BLACK
6
CONTINUOUS
10
136.1354069999999865
20
-46.1699999999999946
11
137.2299999999999898
21
-46.1699999999999946
0
LINE
8
BLACK
6
CONTINUOUS
10
137.2299999999999898
20
-46.1699999999999946
11
137.2299999999999898
21
-45.8200000000000003
0
LINE
8
BLACK
6
CONTINUOUS
10
137.2299999999999898
20
-45.8200000000000003
11
138.9300000000000068
21
-45.8200000000000003
0
LINE
8
BLACK
6
CONTINUOUS
10
138.9300000000000068
20
-45.8200000000000003
11
138.9300000000000068
21
-47.519999999999996
0
LINE
8
BLACK
6
CONTINUOUS
10
138.9300000000000068
20
-47.519999999999996
11
137.2299999999999898
21
-47.519999999999996
0
LINE
8
BLACK
6
CONTINUOUS
10
137.2299999999999898
20
-47.519999999999996
11
137.2299999999999898
21
-47.1699999999999946
0
LINE
8
BLACK
6
CONTINUOUS
10
137.2299999999999898
20
-47.1699999999999946
11
135.9283000000000072
21
-47.1699999999999946
0
LINE
8
BLACK
6
CONTINUOUS
10
135.9283000000000072
20
-47.1699999999999946
11
135.8630519999999819
21
-47.1657229999999998
0
LINE
8
BLACK
6
CONTINUOUS
10
135.8630519999999819
20
-47.1657229999999998
11
135.8630369999999914
21
-47.1657229999999998
0
LINE
8
BLACK
6
CONTINUOUS
10
135.8630369999999914
20
-47.1657229999999998
11
135.7369579999999871
21
-47.1319400000000002
0
LINE
8
BLACK
6
CONTINUOUS
10
135.7369579999999871
20
-47.1319400000000002
11
135.689565999999985
21
-47.1045779999999965
0
LINE
8
BLACK
6
CONTINUOUS
10
135.689565999999985
20
-47.1045779999999965
11
135.6239190000000008
21
-47.0666769999999985
0
LINE
8
BLACK
6
CONTINUOUS
10
135.6239190000000008
20
-47.0666769999999985
11
135.6239099999999951
21
-47.0666679999999999
0
LINE
8
BLACK
6
CONTINUOUS
10
135.6239099999999951
20
-47.0666679999999999
11
135.5747460000000046
21
-47.0235529999999997
0
LINE
8
BLACK
6
CONTINUOUS
10
135.5747460000000046
20
-47.0235529999999997
11
133.5694939999999917
21
-45.0182999999999964
0
LINE
8
BLACK
6
CONTINUOUS
10
133.5694939999999917
20
-45.0182999999999964
11
113.0283000000000015
21
-45.0182999999999964
0
LINE
8
BLACK
6
CONTINUOUS
10
113.0283000000000015
20
-45.0182999999999964
11
112.9630519999999905
21
-45.0140229999999946
0
LINE
8
BLACK
6
CONTINUOUS
10
112.9630519999999905
20
-45.0140229999999946
11
112.9630369999999999
21
-45.0140229999999946
0
LINE
8
BLACK
6
CONTINUOUS
10
112.9630369999999999
20
-45.0140229999999946
11
112.8369579999999956
21
-44.9802399999999949
0
LINE
8
BLACK
6
CONTINUOUS
10
112.8369579999999956
20
-44.9802399999999949
11
112.8058039999999949
21
-44.9622529999999969
0
LINE
8
BLACK
6
CONTINUOUS
10
112.8058039999999949
20
-44.9622529999999969
11
112.7239189999999951
21
-44.9149770000000004
0
LINE
8
BLACK
6
CONTINUOUS
10
112.7239189999999951
20
-44.9149770000000004
11
112.7239099999999894
21
-44.9149679999999947
0
LINE
8
BLACK
6
CONTINUOUS
10
112.7239099999999894
20
-44.9149679999999947
11
112.674745999999999
21
-44.8718529999999944
0
LINE
8
BLACK
6
CONTINUOUS
10
112.674745999999999
20
-44.8718529999999944
11
106.4522779999999926
21
-38.6493839999999977
0
LINE
8
BLACK
6
CONTINUOUS
10
106.4522779999999926
20
-38.6493839999999977
11
106.44341399999999
21
-38.6511479999999992
0
LINE
8
BLACK
6
CONTINUOUS
10
106.44341399999999
20
-38.6511479999999992
11
106.2865859999999998
21
-38.6511479999999992
0
LINE
8
BLACK
6
CONTINUOUS
10
106.2865859999999998
20
-38.6511479999999992
11
106.1327719999999886
21
-38.6205519999999964
0
LINE
8
BLACK
6
CONTINUOUS
10
106.1327719999999886
20
-38.6205519999999964
11
105.9878829999999965
21
-38.5605369999999965
0
LINE
8
BLACK
6
CONTINUOUS
10
105.9878829999999965
20
-38.5605369999999965
11
105.8574849999999969
21
-38.4734079999999992
0
LINE
8
BLACK
6
CONTINUOUS
10
105.8574849999999969
20
-38.4734079999999992
11
105.7465919999999926
21
-38.3625149999999948
0
LINE
8
BLACK
6
CONTINUOUS
10
105.7465919999999926
20
-38.3625149999999948
11
105.6594629999999881
21
-38.2321169999999952
0
LINE
8
BLACK
6
CONTINUOUS
10
105.6594629999999881
20
-38.2321169999999952
11
105.5994479999999953
21
-38.0872279999999961
0
LINE
8
BLACK
6
CONTINUOUS
10
105.5994479999999953
20
-38.0872279999999961
11
105.5688519999999926
21
-37.9334139999999991
0
LINE
8
BLACK
6
CONTINUOUS
10
105.5688519999999926
20
-37.9334139999999991
11
105.5688519999999926
21
-37.7765860000000018
0
LINE
8
BLACK
6
CONTINUOUS
10
105.5688519999999926
20
-37.7765860000000018
11
105.5994479999999953
21
-37.6227719999999977
0
LINE
8
BLACK
6
CONTINUOUS
10
105.5994479999999953
20
-37.6227719999999977
11
105.6594629999999881
21
-37.4778829999999985
0
LINE
8
BLACK
6
CONTINUOUS
10
105.6594629999999881
20
-37.4778829999999985
11
105.7465919999999926
21
-37.3474849999999989
0
LINE
8
BLACK
6
CONTINUOUS
10
105.7465919999999926
20
-37.3474849999999989
11
105.8574849999999969
21
-37.2365920000000017
0
LINE
8
BLACK
6
CONTINUOUS
10
105.8574849999999969
20
-37.2365920000000017
11
105.9878829999999965
21
-37.1494629999999972
0
LINE
8
BLACK
6
CONTINUOUS
10
105.9878829999999965
20
-37.1494629999999972
11
106.1327719999999886
21
-37.0894479999999973
0
LINE
8
BLACK
6
CONTINUOUS
10
106.1327719999999886
20
-37.0894479999999973
11
106.2865859999999998
21
-37.0588520000000017
0
LINE
8
BLACK
6
CONTINUOUS
10
106.2865859999999998
20
-37.0588520000000017
11
106.44341399999999
21
-37.0588520000000017
0
LINE
8
BLACK
6
CONTINUOUS
10
106.44341399999999
20
-37.0588520000000017
11
106.5972280000000012
21
-37.0894479999999973
0
LINE
8
BLACK
6
CONTINUOUS
10
136.975436000000002
20
-44.8146999999999949
11
136.9901370000000043
21
-44.8139499999999984
0
LINE
8
BLACK
6
CONTINUOUS
10
136.9901370000000043
20
-44.8139499999999984
11
137.0082850000000008
21
-44.824345000000001
0
LINE
8
BLACK
6
CONTINUOUS
10
137.0082850000000008
20
-44.824345000000001
11
137.0283519999999839
21
-44.8302380000000014
0
LINE
8
BLACK
6
CONTINUOUS
10
137.0283519999999839
20
-44.8302380000000014
11
137.0379900000000077
21
-44.8413609999999991
0
LINE
8
BLACK
6
CONTINUOUS
10
137.0379900000000077
20
-44.8413609999999991
11
137.0507649999999842
21
-44.8486789999999971
0
LINE
8
BLACK
6
CONTINUOUS
10
137.0507649999999842
20
-44.8486789999999971
11
137.0604129999999827
21
-44.8672380000000004
0
LINE
8
BLACK
6
CONTINUOUS
10
137.0604129999999827
20
-44.8672380000000004
11
137.0741069999999979
21
-44.8830419999999961
0
LINE
8
BLACK
6
CONTINUOUS
10
137.0741069999999979
20
-44.8830419999999961
11
137.0762009999999975
21
-44.8976089999999957
0
LINE
8
BLACK
6
CONTINUOUS
10
137.0762009999999975
20
-44.8976089999999957
11
137.0829919999999902
21
-44.9106719999999981
0
LINE
8
BLACK
6
CONTINUOUS
10
137.0829919999999902
20
-44.9106719999999981
11
137.081074000000001
21
-44.9314999999999998
0
LINE
8
BLACK
6
CONTINUOUS
10
137.081074000000001
20
-44.9314999999999998
11
137.0840509999999881
21
-44.9521999999999977
0
LINE
8
BLACK
6
CONTINUOUS
10
137.0840509999999881
20
-44.9521999999999977
11
137.077935999999994
21
-44.9655879999999968
0
LINE
8
BLACK
6
CONTINUOUS
10
137.077935999999994
20
-44.9655879999999968
11
137.0765869999999893
21
-44.980247999999996
0
LINE
8
BLACK
6
CONTINUOUS
10
137.0765869999999893
20
-44.980247999999996
11
137.063713000000007
21
-44.9967320000000015
0
LINE
8
BLACK
6
CONTINUOUS
10
137.063713000000007
20
-44.9967320000000015
11
137.055025999999998
21
-45.0157559999999961
0
LINE
8
BLACK
6
CONTINUOUS
10
137.055025999999998
20
-45.0157559999999961
11
137.0418870000000027
21
-45.0246799999999965
0
LINE
8
BLACK
6
CONTINUOUS
10
137.0418870000000027
20
-45.0246799999999965
11
137.033582999999993
21
-45.0353149999999971
0
LINE
8
BLACK
6
CONTINUOUS
10
137.033582999999993
20
-45.0353149999999971
11
137.0022669999999891
21
-45.0515949999999989
0
LINE
8
BLACK
6
CONTINUOUS
10
137.0022669999999891
20
-45.0515949999999989
11
136.8804779999999823
21
-45.0942099999999968
0
LINE
8
BLACK
6
CONTINUOUS
10
136.8804779999999823
20
-45.0942099999999968
11
136.7277389999999855
21
-45.1901829999999975
0
LINE
8
BLACK
6
CONTINUOUS
10
136.7277389999999855
20
-45.1901829999999975
11
136.5953839999999957
21
-45.3225379999999944
0
LINE
8
BLACK
6
CONTINUOUS
10
136.5953839999999957
20
-45.3225379999999944
11
136.5340609999999799
21
-45.3560219999999958
0
LINE
8
BLACK
6
CONTINUOUS
10
136.5340609999999799
20
-45.3560219999999958
11
136.4643690000000049
21
-45.3510379999999955
0
LINE
8
BLACK
6
CONTINUOUS
10
136.4643690000000049
20
-45.3510379999999955
11
136.4200219999999888
21
-45.322536999999997
0
LINE
8
BLACK
6
CONTINUOUS
10
136.4200219999999888
20
-45.322536999999997
11
136.1197190000000035
21
-45.0222339999999974
0
LINE
8
BLACK
6
CONTINUOUS
10
136.1197190000000035
20
-45.0222339999999974
11
136.0862339999999904
21
-44.9609109999999959
0
LINE
8
BLACK
6
CONTINUOUS
10
136.0862339999999904
20
-44.9609109999999959
11
136.0912179999999978
21
-44.8912189999999995
0
LINE
8
BLACK
6
CONTINUOUS
10
136.0912179999999978
20
-44.8912189999999995
11
136.1330899999999815
21
-44.8352859999999964
0
LINE
8
BLACK
6
CONTINUOUS
10
136.1330899999999815
20
-44.8352859999999964
11
136.1985540000000015
21
-44.8108689999999967
0
LINE
8
BLACK
6
CONTINUOUS
10
136.1985540000000015
20
-44.8108689999999967
11
136.2074000000000069
21
-44.8105529999999987
0
LINE
8
BLACK
6
CONTINUOUS
10
136.2074000000000069
20
-44.8105529999999987
11
136.9613129999999899
21
-44.8105529999999987
0
LINE
8
BLACK
6
CONTINUOUS
10
136.9613129999999899
20
-44.8105529999999987
11
136.975436000000002
21
-44.8146999999999949
0
LINE
8
BLACK
6
CONTINUOUS
10
138.6633349999999893
20
-42.2286080000000013
11
138.704718999999983
21
-42.2699919999999949
0
LINE
8
BLACK
6
CONTINUOUS
10
138.704718999999983
20
-42.2699919999999949
11
138.7271169999999927
21
-42.3240639999999999
0
LINE
8
BLACK
6
CONTINUOUS
10
138.7271169999999927
20
-42.3240639999999999
11
138.7299989999999923
21
-42.3533279999999976
0
LINE
8
BLACK
6
CONTINUOUS
10
138.7299989999999923
20
-42.3533279999999976
11
138.7299989999999923
21
-43.4004149999999953
0
LINE
8
BLACK
6
CONTINUOUS
10
138.7299989999999923
20
-43.4004149999999953
11
138.7825320000000033
21
-43.558014
0
LINE
8
BLACK
6
CONTINUOUS
10
138.7825320000000033
20
-43.558014
11
138.8753109999999822
21
-43.6507939999999977
0
LINE
8
BLACK
6
CONTINUOUS
10
138.8753109999999822
20
-43.6507939999999977
11
139.0329140000000052
21
-43.7033279999999991
0
LINE
8
BLACK
6
CONTINUOUS
10
139.0329140000000052
20
-43.7033279999999991
11
139.1514279999999815
21
-43.7033279999999991
0
LINE
8
BLACK
6
CONTINUOUS
10
139.1514279999999815
20
-43.7033279999999991
11
139.1806919999999934
21
-43.7062099999999987
0
LINE
8
BLACK
6
CONTINUOUS
10
139.1806919999999934
20
-43.7062099999999987
11
139.2347639999999842
21
-43.7286080000000013
0
LINE
8
BLACK
6
CONTINUOUS
10
139.2347639999999842
20
-43.7286080000000013
11
139.2761480000000063
21
-43.7699919999999949
0
LINE
8
BLACK
6
CONTINUOUS
10
139.2761480000000063
20
-43.7699919999999949
11
139.2985459999999875
21
-43.8240639999999999
0
LINE
8
BLACK
6
CONTINUOUS
10
139.2985459999999875
20
-43.8240639999999999
11
139.2985459999999875
21
-43.8825919999999954
0
LINE
8
BLACK
6
CONTINUOUS
10
139.2985459999999875
20
-43.8825919999999954
11
139.2761480000000063
21
-43.9366640000000004
0
LINE
8
BLACK
6
CONTINUOUS
10
139.2761480000000063
20
-43.9366640000000004
11
139.2347639999999842
21
-43.9780480000000011
0
LINE
8
BLACK
6
CONTINUOUS
10
139.2347639999999842
20
-43.9780480000000011
11
139.1806919999999934
21
-44.0004459999999966
0
LINE
8
BLACK
6
CONTINUOUS
10
139.1806919999999934
20
-44.0004459999999966
11
139.1514279999999815
21
-44.0033279999999962
0
LINE
8
BLACK
6
CONTINUOUS
10
139.1514279999999815
20
-44.0033279999999962
11
139.0085709999999892
21
-44.0033279999999962
0
LINE
8
BLACK
6
CONTINUOUS
10
139.0085709999999892
20
-44.0033279999999962
11
138.9937649999999962
21
-44.0018689999999992
0
LINE
8
BLACK
6
CONTINUOUS
10
138.9937649999999962
20
-44.0018689999999992
11
138.9898110000000031
21
-44.0021509999999978
0
LINE
8
BLACK
6
CONTINUOUS
10
138.9898110000000031
20
-44.0021509999999978
11
138.9846090000000061
21
-44.0009680000000003
0
LINE
8
BLACK
6
CONTINUOUS
10
138.9846090000000061
20
-44.0009680000000003
11
138.9793070000000057
21
-44.0004459999999966
0
LINE
8
BLACK
6
CONTINUOUS
10
138.9793070000000057
20
-44.0004459999999966
11
138.9756490000000042
21
-43.9989300000000014
0
LINE
8
BLACK
6
CONTINUOUS
10
138.9756490000000042
20
-43.9989300000000014
11
138.9611370000000079
21
-43.9956309999999959
0
LINE
8
BLACK
6
CONTINUOUS
10
138.9611370000000079
20
-43.9956309999999959
11
138.7468509999999924
21
-43.9242029999999986
0
LINE
8
BLACK
6
CONTINUOUS
10
138.7468509999999924
20
-43.9242029999999986
11
138.7199999999999989
21
-43.9122149999999962
0
LINE
8
BLACK
6
CONTINUOUS
10
138.7199999999999989
20
-43.9122149999999962
11
138.715927999999991
21
-43.9086829999999964
0
LINE
8
BLACK
6
CONTINUOUS
10
138.715927999999991
20
-43.9086829999999964
11
138.7109489999999994
21
-43.9066210000000012
0
LINE
8
BLACK
6
CONTINUOUS
10
138.7109489999999994
20
-43.9066210000000012
11
138.6882190000000037
21
-43.8879659999999987
0
LINE
8
BLACK
6
CONTINUOUS
10
138.6882190000000037
20
-43.8879659999999987
11
138.545361999999983
21
-43.7451079999999948
0
LINE
8
BLACK
6
CONTINUOUS
10
138.545361999999983
20
-43.7451079999999948
11
138.5267069999999876
21
-43.7223769999999945
0
LINE
8
BLACK
6
CONTINUOUS
10
138.5267069999999876
20
-43.7223769999999945
11
138.524643999999995
21
-43.7173969999999983
0
LINE
8
BLACK
6
CONTINUOUS
10
138.524643999999995
20
-43.7173969999999983
11
138.521113999999983
21
-43.7133269999999996
0
LINE
8
BLACK
6
CONTINUOUS
10
138.521113999999983
20
-43.7133269999999996
11
138.5091259999999806
21
-43.686475999999999
0
LINE
8
BLACK
6
CONTINUOUS
10
138.5091259999999806
20
-43.686475999999999
11
138.4376969999999858
21
-43.4721919999999997
0
LINE
8
BLACK
6
CONTINUOUS
10
138.4376969999999858
20
-43.4721919999999997
11
138.4343969999999899
21
-43.4576819999999984
0
LINE
8
BLACK
6
CONTINUOUS
10
138.4343969999999899
20
-43.4576819999999984
11
138.4328809999999805
21
-43.4540209999999973
0
LINE
8
BLACK
6
CONTINUOUS
10
138.4328809999999805
20
-43.4540209999999973
11
138.4323579999999936
21
-43.4487120000000004
0
LINE
8
BLACK
6
CONTINUOUS
10
138.4323579999999936
20
-43.4487120000000004
11
138.431176999999991
21
-43.4435179999999974
0
LINE
8
BLACK
6
CONTINUOUS
10
138.431176999999991
20
-43.4435179999999974
11
138.4314569999999947
21
-43.4395680000000013
0
LINE
8
BLACK
6
CONTINUOUS
10
138.4314569999999947
20
-43.4395680000000013
11
138.4299989999999809
21
-43.4247569999999996
0
LINE
8
BLACK
6
CONTINUOUS
10
138.4299989999999809
20
-43.4247569999999996
11
138.4299989999999809
21
-42.3533279999999976
0
LINE
8
BLACK
6
CONTINUOUS
10
138.4299989999999809
20
-42.3533279999999976
11
138.4328809999999805
21
-42.3240639999999999
0
LINE
8
BLACK
6
CONTINUOUS
10
138.4328809999999805
20
-42.3240639999999999
11
138.4552789999999902
21
-42.2699919999999949
0
LINE
8
BLACK
6
CONTINUOUS
10
138.4552789999999902
20
-42.2699919999999949
11
138.4966629999999839
21
-42.2286080000000013
0
LINE
8
BLACK
6
CONTINUOUS
10
138.4966629999999839
20
-42.2286080000000013
11
138.5507350000000031
21
-42.2062099999999987
0
LINE
8
BLACK
6
CONTINUOUS
10
138.5507350000000031
20
-42.2062099999999987
11
138.6092629999999986
21
-42.2062099999999987
0
LINE
8
BLACK
6
CONTINUOUS
10
138.6092629999999986
20
-42.2062099999999987
11
138.6633349999999893
21
-42.2286080000000013
0
LINE
8
BLACK
6
CONTINUOUS
10
137.6196190000000001
20
-42.1372269999999958
11
137.6719659999999976
21
-42.1634010000000004
0
LINE
8
BLACK
6
CONTINUOUS
10
137.6719659999999976
20
-42.1634010000000004
11
137.7103129999999851
21
-42.207614999999997
0
LINE
8
BLACK
6
CONTINUOUS
10
137.7103129999999851
20
-42.207614999999997
11
137.7223009999999874
21
-42.2344659999999976
0
LINE
8
BLACK
6
CONTINUOUS
10
137.7223009999999874
20
-42.2344659999999976
11
138.0794439999999952
21
-43.3058929999999975
0
LINE
8
BLACK
6
CONTINUOUS
10
138.0794439999999952
20
-43.3058929999999975
11
138.0827429999999936
21
-43.3204020000000014
0
LINE
8
BLACK
6
CONTINUOUS
10
138.0827429999999936
20
-43.3204020000000014
11
138.0842600000000004
21
-43.3240639999999999
0
LINE
8
BLACK
6
CONTINUOUS
10
138.0842600000000004
20
-43.3240639999999999
11
138.0842600000000004
21
-43.3270729999999986
0
LINE
8
BLACK
6
CONTINUOUS
10
138.0842600000000004
20
-43.3270729999999986
11
138.0859639999999899
21
-43.3345669999999998
0
LINE
8
BLACK
6
CONTINUOUS
10
138.0859639999999899
20
-43.3345669999999998
11
138.0842600000000004
21
-43.3585429999999974
0
LINE
8
BLACK
6
CONTINUOUS
10
138.0842600000000004
20
-43.3585429999999974
11
138.0842600000000004
21
-43.3825919999999954
0
LINE
8
BLACK
6
CONTINUOUS
10
138.0842600000000004
20
-43.3825919999999954
11
138.082195999999982
21
-43.3875719999999987
0
LINE
8
BLACK
6
CONTINUOUS
10
138.082195999999982
20
-43.3875719999999987
11
138.081815000000006
21
-43.3929469999999995
0
LINE
8
BLACK
6
CONTINUOUS
10
138.081815000000006
20
-43.3929469999999995
11
138.0710650000000044
21
-43.4144459999999981
0
LINE
8
BLACK
6
CONTINUOUS
10
138.0710650000000044
20
-43.4144459999999981
11
138.0618619999999908
21
-43.4366640000000004
0
LINE
8
BLACK
6
CONTINUOUS
10
138.0618619999999908
20
-43.4366640000000004
11
138.0580499999999802
21
-43.4404749999999993
0
LINE
8
BLACK
6
CONTINUOUS
10
138.0580499999999802
20
-43.4404749999999993
11
138.0556409999999801
21
-43.445293999999997
0
LINE
8
BLACK
6
CONTINUOUS
10
138.0556409999999801
20
-43.445293999999997
11
138.0374829999999804
21
-43.4610419999999991
0
LINE
8
BLACK
6
CONTINUOUS
10
138.0374829999999804
20
-43.4610419999999991
11
138.0204779999999971
21
-43.4780480000000011
0
LINE
8
BLACK
6
CONTINUOUS
10
138.0204779999999971
20
-43.4780480000000011
11
138.0154979999999796
21
-43.4801099999999963
0
LINE
8
BLACK
6
CONTINUOUS
10
138.0154979999999796
20
-43.4801099999999963
11
138.0114269999999976
21
-43.4836419999999961
0
LINE
8
BLACK
6
CONTINUOUS
10
138.0114269999999976
20
-43.4836419999999961
11
137.9886219999999923
21
-43.4912429999999972
0
LINE
8
BLACK
6
CONTINUOUS
10
137.9886219999999923
20
-43.4912429999999972
11
137.9664060000000063
21
-43.5004459999999966
0
LINE
8
BLACK
6
CONTINUOUS
10
137.9664060000000063
20
-43.5004459999999966
11
137.958752000000004
21
-43.5011989999999997
0
LINE
8
BLACK
6
CONTINUOUS
10
137.958752000000004
20
-43.5011989999999997
11
137.9559019999999805
21
-43.5021500000000003
0
LINE
8
BLACK
6
CONTINUOUS
10
137.9559019999999805
20
-43.5021500000000003
11
137.9519530000000032
21
-43.5018689999999992
0
LINE
8
BLACK
6
CONTINUOUS
10
137.9519530000000032
20
-43.5018689999999992
11
137.9371419999999944
21
-43.5033279999999962
0
LINE
8
BLACK
6
CONTINUOUS
10
137.9371419999999944
20
-43.5033279999999962
11
137.372856999999982
21
-43.5033279999999962
0
LINE
8
BLACK
6
CONTINUOUS
10
137.372856999999982
20
-43.5033279999999962
11
137.372856999999982
21
-43.8533279999999976
0
LINE
8
BLACK
6
CONTINUOUS
10
137.372856999999982
20
-43.8533279999999976
11
137.3699749999999824
21
-43.8825919999999954
0
LINE
8
BLACK
6
CONTINUOUS
10
137.3699749999999824
20
-43.8825919999999954
11
137.3475770000000011
21
-43.9366640000000004
0
LINE
8
BLACK
6
CONTINUOUS
10
137.3475770000000011
20
-43.9366640000000004
11
137.3061930000000075
21
-43.9780480000000011
0
LINE
8
BLACK
6
CONTINUOUS
10
137.3061930000000075
20
-43.9780480000000011
11
137.2521209999999883
21
-44.0004459999999966
0
LINE
8
BLACK
6
CONTINUOUS
10
137.2521209999999883
20
-44.0004459999999966
11
137.1935929999999928
21
-44.0004459999999966
0
LINE
8
BLACK
6
CONTINUOUS
10
137.1935929999999928
20
-44.0004459999999966
11
137.139521000000002
21
-43.9780480000000011
0
LINE
8
BLACK
6
CONTINUOUS
10
137.139521000000002
20
-43.9780480000000011
11
137.0981369999999799
21
-43.9366640000000004
0
LINE
8
BLACK
6
CONTINUOUS
10
137.0981369999999799
20
-43.9366640000000004
11
137.0757389999999987
21
-43.8825919999999954
0
LINE
8
BLACK
6
CONTINUOUS
10
137.0757389999999987
20
-43.8825919999999954
11
137.0728569999999991
21
-43.8533279999999976
0
LINE
8
BLACK
6
CONTINUOUS
10
137.0728569999999991
20
-43.8533279999999976
11
137.0728569999999991
21
-43.5033279999999962
0
LINE
8
BLACK
6
CONTINUOUS
10
137.0728569999999991
20
-43.5033279999999962
11
137.0085709999999892
21
-43.5033279999999962
0
LINE
8
BLACK
6
CONTINUOUS
10
137.0085709999999892
20
-43.5033279999999962
11
136.9793070000000057
21
-43.5004459999999966
0
LINE
8
BLACK
6
CONTINUOUS
10
136.9793070000000057
20
-43.5004459999999966
11
136.9252349999999865
21
-43.4780480000000011
0
LINE
8
BLACK
6
CONTINUOUS
10
136.9252349999999865
20
-43.4780480000000011
11
136.8838509999999928
21
-43.4366640000000004
0
LINE
8
BLACK
6
CONTINUOUS
10
136.8838509999999928
20
-43.4366640000000004
11
136.8614529999999831
21
-43.3825919999999954
0
LINE
8
BLACK
6
CONTINUOUS
10
136.8614529999999831
20
-43.3825919999999954
11
136.8614529999999831
21
-43.3240639999999999
0
LINE
8
BLACK
6
CONTINUOUS
10
136.8614529999999831
20
-43.3240639999999999
11
136.8838509999999928
21
-43.2699919999999949
0
LINE
8
BLACK
6
CONTINUOUS
10
136.8838509999999928
20
-43.2699919999999949
11
136.9252349999999865
21
-43.2286080000000013
0
LINE
8
BLACK
6
CONTINUOUS
10
136.9252349999999865
20
-43.2286080000000013
11
136.9793070000000057
21
-43.2062099999999987
0
LINE
8
BLACK
6
CONTINUOUS
10
136.9793070000000057
20
-43.2062099999999987
11
137.0085709999999892
21
-43.2033279999999991
0
LINE
8
BLACK
6
CONTINUOUS
10
137.0085709999999892
20
-43.2033279999999991
11
137.0728569999999991
21
-43.2033279999999991
0
LINE
8
BLACK
6
CONTINUOUS
10
137.0728569999999991
20
-43.2033279999999991
11
137.0728569999999991
21
-42.8533279999999976
0
LINE
8
BLACK
6
CONTINUOUS
10
137.0728569999999991
20
-42.8533279999999976
11
137.0757389999999987
21
-42.8240639999999999
0
LINE
8
BLACK
6
CONTINUOUS
10
137.0757389999999987
20
-42.8240639999999999
11
137.0981369999999799
21
-42.7699919999999949
0
LINE
8
BLACK
6
CONTINUOUS
10
137.0981369999999799
20
-42.7699919999999949
11
137.139521000000002
21
-42.7286080000000013
0
LINE
8
BLACK
6
CONTINUOUS
10
137.139521000000002
20
-42.7286080000000013
11
137.1935929999999928
21
-42.7062099999999987
0
LINE
8
BLACK
6
CONTINUOUS
10
137.1935929999999928
20
-42.7062099999999987
11
137.2521209999999883
21
-42.7062099999999987
0
LINE
8
BLACK
6
CONTINUOUS
10
137.2521209999999883
20
-42.7062099999999987
11
137.3061930000000075
21
-42.7286080000000013
0
LINE
8
BLACK
6
CONTINUOUS
10
137.3061930000000075
20
-42.7286080000000013
11
137.3475770000000011
21
-42.7699919999999949
0
LINE
8
BLACK
6
CONTINUOUS
10
137.3475770000000011
20
-42.7699919999999949
11
137.3699749999999824
21
-42.8240639999999999
0
LINE
8
BLACK
6
CONTINUOUS
10
137.3699749999999824
20
-42.8240639999999999
11
137.372856999999982
21
-42.8533279999999976
0
LINE
8
BLACK
6
CONTINUOUS
10
137.372856999999982
20
-42.8533279999999976
11
137.372856999999982
21
-43.2033279999999991
0
LINE
8
BLACK
6
CONTINUOUS
10
137.372856999999982
20
-43.2033279999999991
11
137.7290279999999996
21
-43.2033279999999991
0
LINE
8
BLACK
6
CONTINUOUS
10
137.7290279999999996
20
-43.2033279999999991
11
137.4376969999999858
21
-42.3293339999999958
0
LINE
8
BLACK
6
CONTINUOUS
10
137.4376969999999858
20
-42.3293339999999958
11
137.431176999999991
21
-42.3006609999999981
0
LINE
8
BLACK
6
CONTINUOUS
10
137.431176999999991
20
-42.3006609999999981
11
137.4353260000000034
21
-42.2422800000000009
0
LINE
8
BLACK
6
CONTINUOUS
10
137.4353260000000034
20
-42.2422800000000009
11
137.4615000000000009
21
-42.1899329999999964
0
LINE
8
BLACK
6
CONTINUOUS
10
137.4615000000000009
20
-42.1899329999999964
11
137.5057139999999833
21
-42.1515859999999947
0
LINE
8
BLACK
6
CONTINUOUS
10
137.5057139999999833
20
-42.1515859999999947
11
137.561238000000003
21
-42.1330779999999976
0
LINE
8
BLACK
6
CONTINUOUS
10
137.561238000000003
20
-42.1330779999999976
11
137.6196190000000001
21
-42.1372269999999958
0
LINE
8
BLACK
6
CONTINUOUS
10
32.8101679999999973
20
-30.5414449999999995
11
33.0340249999999997
21
-30.6141809999999985
0
LINE
8
BLACK
6
CONTINUOUS
10
33.0340249999999997
20
-30.6141809999999985
11
33.2437479999999965
21
-30.7210399999999986
0
LINE
8
BLACK
6
CONTINUOUS
10
33.2437479999999965
20
-30.7210399999999986
11
33.4341719999999967
21
-30.8593909999999987
0
LINE
8
BLACK
6
CONTINUOUS
10
33.4341719999999967
20
-30.8593909999999987
11
33.6006089999999986
21
-31.0258279999999971
0
LINE
8
BLACK
6
CONTINUOUS
10
33.6006089999999986
20
-31.0258279999999971
11
33.7389599999999987
21
-31.2162519999999972
0
LINE
8
BLACK
6
CONTINUOUS
10
33.7389599999999987
20
-31.2162519999999972
11
33.8458189999999988
21
-31.4259749999999976
0
LINE
8
BLACK
6
CONTINUOUS
10
33.8458189999999988
20
-31.4259749999999976
11
33.9185549999999978
21
-31.649832
0
LINE
8
BLACK
6
CONTINUOUS
10
33.9185549999999978
20
-31.649832
11
33.9553760000000011
21
-31.8823109999999978
0
LINE
8
BLACK
6
CONTINUOUS
10
33.9553760000000011
20
-31.8823109999999978
11
33.9553760000000011
21
-32.1176889999999986
0
LINE
8
BLACK
6
CONTINUOUS
10
33.9553760000000011
20
-32.1176889999999986
11
33.9185549999999978
21
-32.3501679999999965
0
LINE
8
BLACK
6
CONTINUOUS
10
33.9185549999999978
20
-32.3501679999999965
11
33.8458189999999988
21
-32.5740249999999989
0
LINE
8
BLACK
6
CONTINUOUS
10
33.8458189999999988
20
-32.5740249999999989
11
33.8104820000000004
21
-32.6433759999999964
0
LINE
8
BLACK
6
CONTINUOUS
10
33.8104820000000004
20
-32.6433759999999964
11
42.332105999999996
21
-41.1649999999999991
0
LINE
8
BLACK
6
CONTINUOUS
10
42.332105999999996
20
-41.1649999999999991
11
53.4515709999999942
21
-41.1649999999999991
0
LINE
8
BLACK
6
CONTINUOUS
10
53.4515709999999942
20
-41.1649999999999991
11
53.4565920000000006
21
-41.1574850000000012
0
LINE
8
BLACK
6
CONTINUOUS
10
53.4565920000000006
20
-41.1574850000000012
11
53.5674849999999978
21
-41.0465919999999969
0
LINE
8
BLACK
6
CONTINUOUS
10
53.5674849999999978
20
-41.0465919999999969
11
53.6978829999999974
21
-40.9594629999999995
0
LINE
8
BLACK
6
CONTINUOUS
10
53.6978829999999974
20
-40.9594629999999995
11
53.8427719999999965
21
-40.8994479999999996
0
LINE
8
BLACK
6
CONTINUOUS
10
53.8427719999999965
20
-40.8994479999999996
11
53.9965860000000006
21
-40.8688519999999968
0
LINE
8
BLACK
6
CONTINUOUS
10
53.9965860000000006
20
-40.8688519999999968
11
54.0749999999999957
21
-40.8649999999999949
0
LINE
8
BLACK
6
CONTINUOUS
10
54.0749999999999957
20
-40.8649999999999949
11
54.875
21
-40.8649999999999949
0
LINE
8
BLACK
6
CONTINUOUS
10
54.875
20
-40.8649999999999949
11
54.9534139999999951
21
-40.8688519999999968
0
LINE
8
BLACK
6
CONTINUOUS
10
54.9534139999999951
20
-40.8688519999999968
11
55.1072279999999992
21
-40.8994479999999996
0
LINE
8
BLACK
6
CONTINUOUS
10
55.1072279999999992
20
-40.8994479999999996
11
55.2521169999999984
21
-40.9594629999999995
0
LINE
8
BLACK
6
CONTINUOUS
10
55.2521169999999984
20
-40.9594629999999995
11
55.3825149999999979
21
-41.0465919999999969
0
LINE
8
BLACK
6
CONTINUOUS
10
55.3825149999999979
20
-41.0465919999999969
11
55.4934079999999952
21
-41.1574850000000012
0
LINE
8
BLACK
6
CONTINUOUS
10
55.4934079999999952
20
-41.1574850000000012
11
55.5805369999999996
21
-41.2878830000000008
0
LINE
8
BLACK
6
CONTINUOUS
10
55.5805369999999996
20
-41.2878830000000008
11
55.6405519999999996
21
-41.4327719999999999
0
LINE
8
BLACK
6
CONTINUOUS
10
55.6405519999999996
20
-41.4327719999999999
11
55.6711479999999952
21
-41.5865859999999969
0
LINE
8
BLACK
6
CONTINUOUS
10
55.6711479999999952
20
-41.5865859999999969
11
55.6711479999999952
21
-41.7434140000000014
0
LINE
8
BLACK
6
CONTINUOUS
10
55.6711479999999952
20
-41.7434140000000014
11
55.6405519999999996
21
-41.8972279999999984
0
LINE
8
BLACK
6
CONTINUOUS
10
55.6405519999999996
20
-41.8972279999999984
11
55.5805369999999996
21
-42.0421169999999975
0
LINE
8
BLACK
6
CONTINUOUS
10
55.5805369999999996
20
-42.0421169999999975
11
55.4934079999999952
21
-42.1725149999999971
0
LINE
8
BLACK
6
CONTINUOUS
10
55.4934079999999952
20
-42.1725149999999971
11
55.3825149999999979
21
-42.2834080000000014
0
LINE
8
BLACK
6
CONTINUOUS
10
55.3825149999999979
20
-42.2834080000000014
11
55.2521169999999984
21
-42.3705369999999988
0
LINE
8
BLACK
6
CONTINUOUS
10
55.2521169999999984
20
-42.3705369999999988
11
55.1072279999999992
21
-42.4305519999999987
0
LINE
8
BLACK
6
CONTINUOUS
10
55.1072279999999992
20
-42.4305519999999987
11
54.9534139999999951
21
-42.4611480000000014
0
LINE
8
BLACK
6
CONTINUOUS
10
54.9534139999999951
20
-42.4611480000000014
11
54.875
21
-42.4649999999999963
0
LINE
8
BLACK
6
CONTINUOUS
10
54.875
20
-42.4649999999999963
11
54.0749999999999957
21
-42.4649999999999963
0
LINE
8
BLACK
6
CONTINUOUS
10
54.0749999999999957
20
-42.4649999999999963
11
53.9965860000000006
21
-42.4611480000000014
0
LINE
8
BLACK
6
CONTINUOUS
10
53.9965860000000006
20
-42.4611480000000014
11
53.8427719999999965
21
-42.4305519999999987
0
LINE
8
BLACK
6
CONTINUOUS
10
53.8427719999999965
20
-42.4305519999999987
11
53.6978829999999974
21
-42.3705369999999988
0
LINE
8
BLACK
6
CONTINUOUS
10
53.6978829999999974
20
-42.3705369999999988
11
53.5674849999999978
21
-42.2834080000000014
0
LINE
8
BLACK
6
CONTINUOUS
10
53.5674849999999978
20
-42.2834080000000014
11
53.4565920000000006
21
-42.1725149999999971
0
LINE
8
BLACK
6
CONTINUOUS
10
53.4565920000000006
20
-42.1725149999999971
11
53.4515709999999942
21
-42.1649999999999991
0
LINE
8
BLACK
6
CONTINUOUS
10
53.4515709999999942
20
-42.1649999999999991
11
42.125
21
-42.1649999999999991
0
LINE
8
BLACK
6
CONTINUOUS
10
42.125
20
-42.1649999999999991
11
42.059751999999996
21
-42.1607229999999973
0
LINE
8
BLACK
6
CONTINUOUS
10
42.059751999999996
20
-42.1607229999999973
11
42.0597369999999984
21
-42.1607229999999973
0
LINE
8
BLACK
6
CONTINUOUS
10
42.0597369999999984
20
-42.1607229999999973
11
41.9336580000000012
21
-42.1269399999999976
0
LINE
8
BLACK
6
CONTINUOUS
10
41.9336580000000012
20
-42.1269399999999976
11
41.8206190000000007
21
-42.061676999999996
0
LINE
8
BLACK
6
CONTINUOUS
10
41.8206190000000007
20
-42.061676999999996
11
41.820609999999995
21
-42.0616679999999974
0
LINE
8
BLACK
6
CONTINUOUS
10
41.820609999999995
20
-42.0616679999999974
11
41.7714469999999949
21
-42.0185529999999972
0
LINE
8
BLACK
6
CONTINUOUS
10
41.7714469999999949
20
-42.0185529999999972
11
33.1033759999999972
21
-33.3504819999999995
0
LINE
8
BLACK
6
CONTINUOUS
10
33.1033759999999972
20
-33.3504819999999995
11
33.0340249999999997
21
-33.3858189999999979
0
LINE
8
BLACK
6
CONTINUOUS
10
33.0340249999999997
20
-33.3858189999999979
11
32.8101679999999973
21
-33.4585549999999969
0
LINE
8
BLACK
6
CONTINUOUS
10
32.8101679999999973
20
-33.4585549999999969
11
32.5776889999999995
21
-33.4953760000000003
0
LINE
8
BLACK
6
CONTINUOUS
10
32.5776889999999995
20
-33.4953760000000003
11
32.3423109999999951
21
-33.4953760000000003
0
LINE
8
BLACK
6
CONTINUOUS
10
32.3423109999999951
20
-33.4953760000000003
11
32.1098319999999973
21
-33.4585549999999969
0
LINE
8
BLACK
6
CONTINUOUS
10
32.1098319999999973
20
-33.4585549999999969
11
31.8859749999999984
21
-33.3858189999999979
0
LINE
8
BLACK
6
CONTINUOUS
10
31.8859749999999984
20
-33.3858189999999979
11
31.6762519999999981
21
-33.2789599999999979
0
LINE
8
BLACK
6
CONTINUOUS
10
31.6762519999999981
20
-33.2789599999999979
11
31.4858279999999979
21
-33.1406089999999978
0
LINE
8
BLACK
6
CONTINUOUS
10
31.4858279999999979
20
-33.1406089999999978
11
31.3193909999999995
21
-32.9741719999999958
0
LINE
8
BLACK
6
CONTINUOUS
10
31.3193909999999995
20
-32.9741719999999958
11
31.1810399999999994
21
-32.7837479999999957
0
LINE
8
BLACK
6
CONTINUOUS
10
31.1810399999999994
20
-32.7837479999999957
11
31.0741809999999994
21
-32.5740249999999989
0
LINE
8
BLACK
6
CONTINUOUS
10
31.0741809999999994
20
-32.5740249999999989
11
31.0014450000000004
21
-32.3501679999999965
0
LINE
8
BLACK
6
CONTINUOUS
10
31.0014450000000004
20
-32.3501679999999965
11
30.964623999999997
21
-32.1176889999999986
0
LINE
8
BLACK
6
CONTINUOUS
10
30.964623999999997
20
-32.1176889999999986
11
30.964623999999997
21
-31.8823109999999978
0
LINE
8
BLACK
6
CONTINUOUS
10
30.964623999999997
20
-31.8823109999999978
11
31.0014450000000004
21
-31.649832
0
LINE
8
BLACK
6
CONTINUOUS
10
31.0014450000000004
20
-31.649832
11
31.0741809999999994
21
-31.4259749999999976
0
LINE
8
BLACK
6
CONTINUOUS
10
31.0741809999999994
20
-31.4259749999999976
11
31.1810399999999994
21
-31.2162519999999972
0
LINE
8
BLACK
6
CONTINUOUS
10
31.1810399999999994
20
-31.2162519999999972
11
31.3193909999999995
21
-31.0258279999999971
0
LINE
8
BLACK
6
CONTINUOUS
10
31.3193909999999995
20
-31.0258279999999971
11
31.4858279999999979
21
-30.8593909999999987
0
LINE
8
BLACK
6
CONTINUOUS
10
31.4858279999999979
20
-30.8593909999999987
11
31.6762519999999981
21
-30.7210399999999986
0
LINE
8
BLACK
6
CONTINUOUS
10
31.6762519999999981
20
-30.7210399999999986
11
31.8859749999999984
21
-30.6141809999999985
0
LINE
8
BLACK
6
CONTINUOUS
10
31.8859749999999984
20
-30.6141809999999985
11
32.1098319999999973
21
-30.5414449999999995
0
LINE
8
BLACK
6
CONTINUOUS
10
32.1098319999999973
20
-30.5414449999999995
11
32.3423109999999951
21
-30.5046239999999997
0
LINE
8
BLACK
6
CONTINUOUS
10
32.3423109999999951
20
-30.5046239999999997
11
32.5776889999999995
21
-30.5046239999999997
0
LINE
8
BLACK
6
CONTINUOUS
10
32.5776889999999995
20
-30.5046239999999997
11
32.8101679999999973
21
-30.5414449999999995
0
LINE
8
BLACK
6
CONTINUOUS
10
96.4472279999999955
20
-37.0894479999999973
11
96.5921170000000018
21
-37.1494629999999972
0
LINE
8
BLACK
6
CONTINUOUS
10
96.5921170000000018
20
-37.1494629999999972
11
96.7225150000000014
21
-37.2365920000000017
0
LINE
8
BLACK
6
CONTINUOUS
10
96.7225150000000014
20
-37.2365920000000017
11
96.8334079999999915
21
-37.3474849999999989
0
LINE
8
BLACK
6
CONTINUOUS
10
96.8334079999999915
20
-37.3474849999999989
11
96.9205369999999959
21
-37.4778829999999985
0
LINE
8
BLACK
6
CONTINUOUS
10
96.9205369999999959
20
-37.4778829999999985
11
96.9805519999999888
21
-37.6227719999999977
0
LINE
8
BLACK
6
CONTINUOUS
10
96.9805519999999888
20
-37.6227719999999977
11
97.0111479999999915
21
-37.7765860000000018
0
LINE
8
BLACK
6
CONTINUOUS
10
97.0111479999999915
20
-37.7765860000000018
11
97.0111479999999915
21
-37.9334139999999991
0
LINE
8
BLACK
6
CONTINUOUS
10
97.0111479999999915
20
-37.9334139999999991
11
96.9805519999999888
21
-38.0872279999999961
0
LINE
8
BLACK
6
CONTINUOUS
10
96.9805519999999888
20
-38.0872279999999961
11
96.9205369999999959
21
-38.2321169999999952
0
LINE
8
BLACK
6
CONTINUOUS
10
96.9205369999999959
20
-38.2321169999999952
11
96.8334079999999915
21
-38.3625149999999948
0
LINE
8
BLACK
6
CONTINUOUS
10
96.8334079999999915
20
-38.3625149999999948
11
96.7225150000000014
21
-38.4734079999999992
0
LINE
8
BLACK
6
CONTINUOUS
10
96.7225150000000014
20
-38.4734079999999992
11
96.5921170000000018
21
-38.5605369999999965
0
LINE
8
BLACK
6
CONTINUOUS
10
96.5921170000000018
20
-38.5605369999999965
11
96.4472279999999955
21
-38.6205519999999964
0
LINE
8
BLACK
6
CONTINUOUS
10
96.4472279999999955
20
-38.6205519999999964
11
96.2934139999999985
21
-38.6511479999999992
0
LINE
8
BLACK
6
CONTINUOUS
10
96.2934139999999985
20
-38.6511479999999992
11
96.1365859999999941
21
-38.6511479999999992
0
LINE
8
BLACK
6
CONTINUOUS
10
96.1365859999999941
20
-38.6511479999999992
11
96.1277219999999915
21
-38.6493839999999977
0
LINE
8
BLACK
6
CONTINUOUS
10
96.1277219999999915
20
-38.6493839999999977
11
92.758552999999992
21
-42.0185529999999972
0
LINE
8
BLACK
6
CONTINUOUS
10
92.758552999999992
20
-42.0185529999999972
11
92.7093959999999981
21
-42.0616610000000009
0
LINE
8
BLACK
6
CONTINUOUS
10
92.7093959999999981
20
-42.0616610000000009
11
92.7093809999999934
21
-42.061676999999996
0
LINE
8
BLACK
6
CONTINUOUS
10
92.7093809999999934
20
-42.061676999999996
11
92.5963419999999928
21
-42.1269399999999976
0
LINE
8
BLACK
6
CONTINUOUS
10
92.5963419999999928
20
-42.1269399999999976
11
92.4702630000000028
21
-42.1607229999999973
0
LINE
8
BLACK
6
CONTINUOUS
10
92.4702630000000028
20
-42.1607229999999973
11
92.470247999999998
21
-42.1607229999999973
0
LINE
8
BLACK
6
CONTINUOUS
10
92.470247999999998
20
-42.1607229999999973
11
92.4050000000000011
21
-42.1649999999999991
0
LINE
8
BLACK
6
CONTINUOUS
10
92.4050000000000011
20
-42.1649999999999991
11
83.1666999999999916
21
-42.1649999999999991
0
LINE
8
BLACK
6
CONTINUOUS
10
83.1666999999999916
20
-42.1649999999999991
11
81.9158999999999935
21
-42.1649999999999991
0
LINE
8
BLACK
6
CONTINUOUS
10
81.9158999999999935
20
-42.1649999999999991
11
81.6884289999999993
21
-42.1649999999999991
0
LINE
8
BLACK
6
CONTINUOUS
10
81.6884289999999993
20
-42.1649999999999991
11
81.683408
21
-42.1725149999999971
0
LINE
8
BLACK
6
CONTINUOUS
10
81.683408
20
-42.1725149999999971
11
81.5725149999999957
21
-42.2834080000000014
0
LINE
8
BLACK
6
CONTINUOUS
10
81.5725149999999957
20
-42.2834080000000014
11
81.4421169999999961
21
-42.3705369999999988
0
LINE
8
BLACK
6
CONTINUOUS
10
81.4421169999999961
20
-42.3705369999999988
11
81.2972279999999898
21
-42.4305519999999987
0
LINE
8
BLACK
6
CONTINUOUS
10
81.2972279999999898
20
-42.4305519999999987
11
81.1434139999999928
21
-42.4611480000000014
0
LINE
8
BLACK
6
CONTINUOUS
10
81.1434139999999928
20
-42.4611480000000014
11
81.0649999999999977
21
-42.4649999999999963
0
LINE
8
BLACK
6
CONTINUOUS
10
81.0649999999999977
20
-42.4649999999999963
11
80.2650000000000006
21
-42.4649999999999963
0
LINE
8
BLACK
6
CONTINUOUS
10
80.2650000000000006
20
-42.4649999999999963
11
80.1865859999999913
21
-42.4611480000000014
0
LINE
8
BLACK
6
CONTINUOUS
10
80.1865859999999913
20
-42.4611480000000014
11
80.0327719999999943
21
-42.4305519999999987
0
LINE
8
BLACK
6
CONTINUOUS
10
80.0327719999999943
20
-42.4305519999999987
11
79.8878830000000022
21
-42.3705369999999988
0
LINE
8
BLACK
6
CONTINUOUS
10
79.8878830000000022
20
-42.3705369999999988
11
79.7574850000000026
21
-42.2834080000000014
0
LINE
8
BLACK
6
CONTINUOUS
10
79.7574850000000026
20
-42.2834080000000014
11
79.6465919999999983
21
-42.1725149999999971
0
LINE
8
BLACK
6
CONTINUOUS
10
79.6465919999999983
20
-42.1725149999999971
11
79.641570999999999
21
-42.1649999999999991
0
LINE
8
BLACK
6
CONTINUOUS
10
79.641570999999999
20
-42.1649999999999991
11
74.0684289999999947
21
-42.1649999999999991
0
LINE
8
BLACK
6
CONTINUOUS
10
74.0684289999999947
20
-42.1649999999999991
11
74.0634079999999955
21
-42.1725149999999971
0
LINE
8
BLACK
6
CONTINUOUS
10
74.0634079999999955
20
-42.1725149999999971
11
73.9525149999999911
21
-42.2834080000000014
0
LINE
8
BLACK
6
CONTINUOUS
10
73.9525149999999911
20
-42.2834080000000014
11
73.8221169999999915
21
-42.3705369999999988
0
LINE
8
BLACK
6
CONTINUOUS
10
73.8221169999999915
20
-42.3705369999999988
11
73.6772279999999995
21
-42.4305519999999987
0
LINE
8
BLACK
6
CONTINUOUS
10
73.6772279999999995
20
-42.4305519999999987
11
73.5234140000000025
21
-42.4611480000000014
0
LINE
8
BLACK
6
CONTINUOUS
10
73.5234140000000025
20
-42.4611480000000014
11
73.4449999999999932
21
-42.4649999999999963
0
LINE
8
BLACK
6
CONTINUOUS
10
73.4449999999999932
20
-42.4649999999999963
11
72.644999999999996
21
-42.4649999999999963
0
LINE
8
BLACK
6
CONTINUOUS
10
72.644999999999996
20
-42.4649999999999963
11
72.5665860000000009
21
-42.4611480000000014
0
LINE
8
BLACK
6
CONTINUOUS
10
72.5665860000000009
20
-42.4611480000000014
11
72.4127719999999897
21
-42.4305519999999987
0
LINE
8
BLACK
6
CONTINUOUS
10
72.4127719999999897
20
-42.4305519999999987
11
72.2678829999999977
21
-42.3705369999999988
0
LINE
8
BLACK
6
CONTINUOUS
10
72.2678829999999977
20
-42.3705369999999988
11
72.1374849999999981
21
-42.2834080000000014
0
LINE
8
BLACK
6
CONTINUOUS
10
72.1374849999999981
20
-42.2834080000000014
11
72.0265919999999937
21
-42.1725149999999971
0
LINE
8
BLACK
6
CONTINUOUS
10
72.0265919999999937
20
-42.1725149999999971
11
71.9394630000000035
21
-42.0421169999999975
0
LINE
8
BLACK
6
CONTINUOUS
10
71.9394630000000035
20
-42.0421169999999975
11
71.8794479999999965
21
-41.8972279999999984
0
LINE
8
BLACK
6
CONTINUOUS
10
71.8794479999999965
20
-41.8972279999999984
11
71.8488519999999937
21
-41.7434140000000014
0
LINE
8
BLACK
6
CONTINUOUS
10
71.8488519999999937
20
-41.7434140000000014
11
71.8488519999999937
21
-41.5865859999999969
0
LINE
8
BLACK
6
CONTINUOUS
10
71.8488519999999937
20
-41.5865859999999969
11
71.8794479999999965
21
-41.4327719999999999
0
LINE
8
BLACK
6
CONTINUOUS
10
71.8794479999999965
20
-41.4327719999999999
11
71.9394630000000035
21
-41.2878830000000008
0
LINE
8
BLACK
6
CONTINUOUS
10
71.9394630000000035
20
-41.2878830000000008
11
72.0265919999999937
21
-41.1574850000000012
0
LINE
8
BLACK
6
CONTINUOUS
10
72.0265919999999937
20
-41.1574850000000012
11
72.1374849999999981
21
-41.0465919999999969
0
LINE
8
BLACK
6
CONTINUOUS
10
72.1374849999999981
20
-41.0465919999999969
11
72.2678829999999977
21
-40.9594629999999995
0
LINE
8
BLACK
6
CONTINUOUS
10
72.2678829999999977
20
-40.9594629999999995
11
72.4127719999999897
21
-40.8994479999999996
0
LINE
8
BLACK
6
CONTINUOUS
10
72.4127719999999897
20
-40.8994479999999996
11
72.5665860000000009
21
-40.8688519999999968
0
LINE
8
BLACK
6
CONTINUOUS
10
72.5665860000000009
20
-40.8688519999999968
11
72.644999999999996
21
-40.8649999999999949
0
LINE
8
BLACK
6
CONTINUOUS
10
72.644999999999996
20
-40.8649999999999949
11
73.4449999999999932
21
-40.8649999999999949
0
LINE
8
BLACK
6
CONTINUOUS
10
73.4449999999999932
20
-40.8649999999999949
11
73.5234140000000025
21
-40.8688519999999968
0
LINE
8
BLACK
6
CONTINUOUS
10
73.5234140000000025
20
-40.8688519999999968
11
73.6772279999999995
21
-40.8994479999999996
0
LINE
8
BLACK
6
CONTINUOUS
10
73.6772279999999995
20
-40.8994479999999996
11
73.8221169999999915
21
-40.9594629999999995
0
LINE
8
BLACK
6
CONTINUOUS
10
73.8221169999999915
20
-40.9594629999999995
11
73.9525149999999911
21
-41.0465919999999969
0
LINE
8
BLACK
6
CONTINUOUS
10
73.9525149999999911
20
-41.0465919999999969
11
74.0634079999999955
21
-41.1574850000000012
0
LINE
8
BLACK
6
CONTINUOUS
10
74.0634079999999955
20
-41.1574850000000012
11
74.0684289999999947
21
-41.1649999999999991
0
LINE
8
BLACK
6
CONTINUOUS
10
74.0684289999999947
20
-41.1649999999999991
11
79.641570999999999
21
-41.1649999999999991
0
LINE
8
BLACK
6
CONTINUOUS
10
79.641570999999999
20
-41.1649999999999991
11
79.6465919999999983
21
-41.1574850000000012
0
LINE
8
BLACK
6
CONTINUOUS
10
79.6465919999999983
20
-41.1574850000000012
11
79.7574850000000026
21
-41.0465919999999969
0
LINE
8
BLACK
6
CONTINUOUS
10
79.7574850000000026
20
-41.0465919999999969
11
79.8878830000000022
21
-40.9594629999999995
0
LINE
8
BLACK
6
CONTINUOUS
10
79.8878830000000022
20
-40.9594629999999995
11
80.0327719999999943
21
-40.8994479999999996
0
LINE
8
BLACK
6
CONTINUOUS
10
80.0327719999999943
20
-40.8994479999999996
11
80.1865859999999913
21
-40.8688519999999968
0
LINE
8
BLACK
6
CONTINUOUS
10
80.1865859999999913
20
-40.8688519999999968
11
80.2650000000000006
21
-40.8649999999999949
0
LINE
8
BLACK
6
CONTINUOUS
10
80.2650000000000006
20
-40.8649999999999949
11
81.0649999999999977
21
-40.8649999999999949
0
LINE
8
BLACK
6
CONTINUOUS
10
81.0649999999999977
20
-40.8649999999999949
11
81.1434139999999928
21
-40.8688519999999968
0
LINE
8
BLACK
6
CONTINUOUS
10
81.1434139999999928
20
-40.8688519999999968
11
81.2972279999999898
21
-40.8994479999999996
0
LINE
8
BLACK
6
CONTINUOUS
10
81.2972279999999898
20
-40.8994479999999996
11
81.4421169999999961
21
-40.9594629999999995
0
LINE
8
BLACK
6
CONTINUOUS
10
81.4421169999999961
20
-40.9594629999999995
11
81.5725149999999957
21
-41.0465919999999969
0
LINE
8
BLACK
6
CONTINUOUS
10
81.5725149999999957
20
-41.0465919999999969
11
81.683408
21
-41.1574850000000012
0
LINE
8
BLACK
6
CONTINUOUS
10
81.683408
20
-41.1574850000000012
11
81.6884289999999993
21
-41.1649999999999991
0
LINE
8
BLACK
6
CONTINUOUS
10
81.6884289999999993
20
-41.1649999999999991
11
81.9158999999999935
21
-41.1649999999999991
0
LINE
8
BLACK
6
CONTINUOUS
10
81.9158999999999935
20
-41.1649999999999991
11
83.1666999999999916
21
-41.1649999999999991
0
LINE
8
BLACK
6
CONTINUOUS
10
83.1666999999999916
20
-41.1649999999999991
11
92.1978939999999909
21
-41.1649999999999991
0
LINE
8
BLACK
6
CONTINUOUS
10
92.1978939999999909
20
-41.1649999999999991
11
95.420614999999998
21
-37.9422769999999971
0
LINE
8
BLACK
6
CONTINUOUS
10
95.420614999999998
20
-37.9422769999999971
11
95.4188520000000011
21
-37.9334139999999991
0
LINE
8
BLACK
6
CONTINUOUS
10
95.4188520000000011
20
-37.9334139999999991
11
95.4188520000000011
21
-37.7765860000000018
0
LINE
8
BLACK
6
CONTINUOUS
10
95.4188520000000011
20
-37.7765860000000018
11
95.4494479999999896
21
-37.6227719999999977
0
LINE
8
BLACK
6
CONTINUOUS
10
95.4494479999999896
20
-37.6227719999999977
11
95.5094629999999967
21
-37.4778829999999985
0
LINE
8
BLACK
6
CONTINUOUS
10
95.5094629999999967
20
-37.4778829999999985
11
95.5965920000000011
21
-37.3474849999999989
0
LINE
8
BLACK
6
CONTINUOUS
10
95.5965920000000011
20
-37.3474849999999989
11
95.7074849999999913
21
-37.2365920000000017
0
LINE
8
BLACK
6
CONTINUOUS
10
95.7074849999999913
20
-37.2365920000000017
11
95.8378829999999908
21
-37.1494629999999972
0
LINE
8
BLACK
6
CONTINUOUS
10
95.8378829999999908
20
-37.1494629999999972
11
95.9827719999999971
21
-37.0894479999999973
0
LINE
8
BLACK
6
CONTINUOUS
10
95.9827719999999971
20
-37.0894479999999973
11
96.1365859999999941
21
-37.0588520000000017
0
LINE
8
BLACK
6
CONTINUOUS
10
96.1365859999999941
20
-37.0588520000000017
11
96.2934139999999985
21
-37.0588520000000017
0
LINE
8
BLACK
6
CONTINUOUS
10
96.2934139999999985
20
-37.0588520000000017
11
96.4472279999999955
21
-37.0894479999999973
0
LINE
8
BLACK
6
CONTINUOUS
10
40.043529999999997
20
-33.541013999999997
11
46.4716079999999963
21
-39.9690919999999963
0
LINE
8
BLACK
6
CONTINUOUS
10
46.4716079999999963
20
-39.9690919999999963
11
46.4716219999999964
21
-39.9691070000000011
0
LINE
8
BLACK
6
CONTINUOUS
10
46.4716219999999964
20
-39.9691070000000011
11
46.4747330000000005
21
-39.972217999999998
0
LINE
8
BLACK
6
CONTINUOUS
10
46.4747330000000005
20
-39.972217999999998
11
46.474733999999998
21
-39.9722189999999955
0
LINE
8
BLACK
6
CONTINUOUS
10
46.474733999999998
20
-39.9722189999999955
11
46.6194810000000004
21
-40.1169659999999979
0
LINE
8
BLACK
6
CONTINUOUS
10
46.6194810000000004
20
-40.1169659999999979
11
46.6194839999999999
21
-40.116968
0
LINE
8
BLACK
6
CONTINUOUS
10
46.6194839999999999
20
-40.116968
11
46.6194849999999974
21
-40.1169689999999974
0
LINE
8
BLACK
6
CONTINUOUS
10
46.6194849999999974
20
-40.1169689999999974
11
46.6514349999999993
21
-40.1401819999999958
0
LINE
8
BLACK
6
CONTINUOUS
10
46.6514349999999993
20
-40.1401819999999958
11
46.6941009999999963
21
-40.1955109999999962
0
LINE
8
BLACK
6
CONTINUOUS
10
46.6941009999999963
20
-40.1955109999999962
11
46.7000799999999998
21
-40.2651249999999976
0
LINE
8
BLACK
6
CONTINUOUS
10
46.7000799999999998
20
-40.2651249999999976
11
46.667474999999996
21
-40.3269200000000012
0
LINE
8
BLACK
6
CONTINUOUS
10
46.667474999999996
20
-40.3269200000000012
11
46.6066359999999946
21
-40.3612770000000012
0
LINE
8
BLACK
6
CONTINUOUS
10
46.6066359999999946
20
-40.3612770000000012
11
46.5785499999999999
21
-40.3644999999999996
0
LINE
8
BLACK
6
CONTINUOUS
10
46.5785499999999999
20
-40.3644999999999996
11
42.7150469999999984
21
-40.3644999999999996
0
LINE
8
BLACK
6
CONTINUOUS
10
42.7150469999999984
20
-40.3644999999999996
11
42.6480079999999973
21
-40.344814999999997
0
LINE
8
BLACK
6
CONTINUOUS
10
42.6480079999999973
20
-40.344814999999997
11
42.627365999999995
21
-40.3281810000000007
0
LINE
8
BLACK
6
CONTINUOUS
10
42.627365999999995
20
-40.3281810000000007
11
36.8113659999999996
21
-34.5121809999999982
0
LINE
8
BLACK
6
CONTINUOUS
10
36.8113659999999996
20
-34.5121809999999982
11
36.7778810000000007
21
-34.4508579999999967
0
LINE
8
BLACK
6
CONTINUOUS
10
36.7778810000000007
20
-34.4508579999999967
11
36.782865000000001
21
-34.3811660000000003
0
LINE
8
BLACK
6
CONTINUOUS
10
36.782865000000001
20
-34.3811660000000003
11
36.8247369999999989
21
-34.3252329999999972
0
LINE
8
BLACK
6
CONTINUOUS
10
36.8247369999999989
20
-34.3252329999999972
11
36.8902009999999976
21
-34.3008159999999975
0
LINE
8
BLACK
6
CONTINUOUS
10
36.8902009999999976
20
-34.3008159999999975
11
36.8990469999999959
21
-34.3004999999999995
0
LINE
8
BLACK
6
CONTINUOUS
10
36.8990469999999959
20
-34.3004999999999995
11
39.0849569999999957
21
-34.3004999999999995
0
LINE
8
BLACK
6
CONTINUOUS
10
39.0849569999999957
20
-34.3004999999999995
11
39.0849580000000003
21
-34.300498999999995
0
LINE
8
BLACK
6
CONTINUOUS
10
39.0849580000000003
20
-34.300498999999995
11
39.1521040000000013
21
-34.2929339999999954
0
LINE
8
BLACK
6
CONTINUOUS
10
39.1521040000000013
20
-34.2929339999999954
11
39.2192489999999978
21
-34.2853689999999958
0
LINE
8
BLACK
6
CONTINUOUS
10
39.2192489999999978
20
-34.2853689999999958
11
39.2192519999999973
21
-34.2853679999999983
0
LINE
8
BLACK
6
CONTINUOUS
10
39.2192519999999973
20
-34.2853679999999983
11
39.2192549999999969
21
-34.2853679999999983
0
LINE
8
BLACK
6
CONTINUOUS
10
39.2192549999999969
20
-34.2853679999999983
11
39.3895219999999995
21
-34.2257889999999989
0
LINE
8
BLACK
6
CONTINUOUS
10
39.3895219999999995
20
-34.2257889999999989
11
39.5422620000000009
21
-34.1298159999999982
0
LINE
8
BLACK
6
CONTINUOUS
10
39.5422620000000009
20
-34.1298159999999982
11
39.6698159999999973
21
-34.0022620000000018
0
LINE
8
BLACK
6
CONTINUOUS
10
39.6698159999999973
20
-34.0022620000000018
11
39.7657889999999981
21
-33.8495220000000003
0
LINE
8
BLACK
6
CONTINUOUS
10
39.7657889999999981
20
-33.8495220000000003
11
39.8253679999999974
21
-33.6792549999999977
0
LINE
8
BLACK
6
CONTINUOUS
10
39.8253679999999974
20
-33.6792549999999977
11
39.8326289999999972
21
-33.6148129999999981
0
LINE
8
BLACK
6
CONTINUOUS
10
39.8326289999999972
20
-33.6148129999999981
11
39.859694999999995
21
-33.5503980000000013
0
LINE
8
BLACK
6
CONTINUOUS
10
39.859694999999995
20
-33.5503980000000013
11
39.9172889999999967
21
-33.5108430000000013
0
LINE
8
BLACK
6
CONTINUOUS
10
39.9172889999999967
20
-33.5108430000000013
11
39.9871259999999964
21
-33.5087040000000016
0
LINE
8
BLACK
6
CONTINUOUS
10
39.9871259999999964
20
-33.5087040000000016
11
40.043529999999997
21
-33.541013999999997
0
LINE
8
BLACK
6
CONTINUOUS
10
75.5358919999999898
20
-33.2607849999999985
11
75.5565339999999992
21
-33.2774190000000019
0
LINE
8
BLACK
6
CONTINUOUS
10
75.5565339999999992
20
-33.2774190000000019
11
77.3160809999999969
21
-35.0369659999999996
0
LINE
8
BLACK
6
CONTINUOUS
10
77.3160809999999969
20
-35.0369659999999996
11
77.4816890000000029
21
-35.1572869999999966
0
LINE
8
BLACK
6
CONTINUOUS
10
77.4816890000000029
20
-35.1572869999999966
11
77.5291119999999978
21
-35.1814499999999981
0
LINE
8
BLACK
6
CONTINUOUS
10
77.5291119999999978
20
-35.1814499999999981
11
77.6640809999999959
21
-35.2502199999999988
0
LINE
8
BLACK
6
CONTINUOUS
10
77.6640809999999959
20
-35.2502199999999988
11
77.7120099999999923
21
-35.2657929999999951
0
LINE
8
BLACK
6
CONTINUOUS
10
77.7120099999999923
20
-35.2657929999999951
11
77.7187629999999956
21
-35.267986999999998
0
LINE
8
BLACK
6
CONTINUOUS
10
77.7187629999999956
20
-35.267986999999998
11
77.7187649999999906
21
-35.2679879999999955
0
LINE
8
BLACK
6
CONTINUOUS
10
77.7187649999999906
20
-35.2679879999999955
11
77.7372819999999933
21
-35.2740039999999979
0
LINE
8
BLACK
6
CONTINUOUS
10
77.7372819999999933
20
-35.2740039999999979
11
77.8587649999999911
21
-35.3134769999999989
0
LINE
8
BLACK
6
CONTINUOUS
10
77.8587649999999911
20
-35.3134769999999989
11
78.0609479999999962
21
-35.3455000000000013
0
LINE
8
BLACK
6
CONTINUOUS
10
78.0609479999999962
20
-35.3455000000000013
11
78.2656520000000029
21
-35.3455000000000013
0
LINE
8
BLACK
6
CONTINUOUS
10
78.2656520000000029
20
-35.3455000000000013
11
78.9438579999999916
21
-35.3455000000000013
0
LINE
8
BLACK
6
CONTINUOUS
10
78.9438579999999916
20
-35.3455000000000013
11
79.0108969999999999
21
-35.3651849999999968
0
LINE
8
BLACK
6
CONTINUOUS
10
79.0108969999999999
20
-35.3651849999999968
11
79.0566519999999997
21
-35.4179889999999986
0
LINE
8
BLACK
6
CONTINUOUS
10
79.0566519999999997
20
-35.4179889999999986
11
79.0665959999999899
21
-35.4871470000000002
0
LINE
8
BLACK
6
CONTINUOUS
10
79.0665959999999899
20
-35.4871470000000002
11
79.0441759999999931
21
-35.5423849999999959
0
LINE
8
BLACK
6
CONTINUOUS
10
79.0441759999999931
20
-35.5423849999999959
11
78.8961319999999944
21
-35.7461509999999976
0
LINE
8
BLACK
6
CONTINUOUS
10
78.8961319999999944
20
-35.7461509999999976
11
78.7817599999999914
21
-35.9706159999999997
0
LINE
8
BLACK
6
CONTINUOUS
10
78.7817599999999914
20
-35.9706159999999997
11
78.7039099999999934
21
-36.2102140000000006
0
LINE
8
BLACK
6
CONTINUOUS
10
78.7039099999999934
20
-36.2102140000000006
11
78.6793369999999896
21
-36.3653619999999975
0
LINE
8
BLACK
6
CONTINUOUS
10
78.6793369999999896
20
-36.3653619999999975
11
78.6644999999999897
21
-36.4590379999999996
0
LINE
8
BLACK
6
CONTINUOUS
10
78.6644999999999897
20
-36.4590379999999996
11
78.6644999999999897
21
-36.710961999999995
0
LINE
8
BLACK
6
CONTINUOUS
10
78.6644999999999897
20
-36.710961999999995
11
78.7039099999999934
21
-36.9597849999999966
0
LINE
8
BLACK
6
CONTINUOUS
10
78.7039099999999934
20
-36.9597849999999966
11
78.7817599999999914
21
-37.1993829999999974
0
LINE
8
BLACK
6
CONTINUOUS
10
78.7817599999999914
20
-37.1993829999999974
11
78.8961319999999944
21
-37.4238479999999996
0
LINE
8
BLACK
6
CONTINUOUS
10
78.8961319999999944
20
-37.4238479999999996
11
79.044201000000001
21
-37.6276489999999981
0
LINE
8
BLACK
6
CONTINUOUS
10
79.044201000000001
20
-37.6276489999999981
11
79.0442049999999909
21
-37.6276539999999997
0
LINE
8
BLACK
6
CONTINUOUS
10
79.0442049999999909
20
-37.6276539999999997
11
79.1838699999999989
21
-37.7673190000000005
0
LINE
8
BLACK
6
CONTINUOUS
10
79.1838699999999989
20
-37.7673190000000005
11
79.2173549999999977
21
-37.828641999999995
0
LINE
8
BLACK
6
CONTINUOUS
10
79.2173549999999977
20
-37.828641999999995
11
79.2123709999999903
21
-37.8983339999999984
0
LINE
8
BLACK
6
CONTINUOUS
10
79.2123709999999903
20
-37.8983339999999984
11
79.1838699999999989
21
-37.9426810000000003
0
LINE
8
BLACK
6
CONTINUOUS
10
79.1838699999999989
20
-37.9426810000000003
11
79.0442049999999909
21
-38.0823449999999966
0
LINE
8
BLACK
6
CONTINUOUS
10
79.0442049999999909
20
-38.0823449999999966
11
79.044201000000001
21
-38.0823499999999981
0
LINE
8
BLACK
6
CONTINUOUS
10
79.044201000000001
20
-38.0823499999999981
11
78.8961319999999944
21
-38.2861509999999967
0
LINE
8
BLACK
6
CONTINUOUS
10
78.8961319999999944
20
-38.2861509999999967
11
78.7817599999999914
21
-38.5106159999999988
0
LINE
8
BLACK
6
CONTINUOUS
10
78.7817599999999914
20
-38.5106159999999988
11
78.7039099999999934
21
-38.7502139999999997
0
LINE
8
BLACK
6
CONTINUOUS
10
78.7039099999999934
20
-38.7502139999999997
11
78.6885860000000008
21
-38.8469659999999948
0
LINE
8
BLACK
6
CONTINUOUS
10
78.6885860000000008
20
-38.8469659999999948
11
78.6644999999999897
21
-38.9990379999999988
0
LINE
8
BLACK
6
CONTINUOUS
10
78.6644999999999897
20
-38.9990379999999988
11
78.6644999999999897
21
-39.2509620000000012
0
LINE
8
BLACK
6
CONTINUOUS
10
78.6644999999999897
20
-39.2509620000000012
11
78.6783240000000035
21
-39.3382409999999965
0
LINE
8
BLACK
6
CONTINUOUS
10
78.6783240000000035
20
-39.3382409999999965
11
78.7039099999999934
21
-39.4997849999999957
0
LINE
8
BLACK
6
CONTINUOUS
10
78.7039099999999934
20
-39.4997849999999957
11
78.7817599999999914
21
-39.7393829999999966
0
LINE
8
BLACK
6
CONTINUOUS
10
78.7817599999999914
20
-39.7393829999999966
11
78.8961319999999944
21
-39.9638479999999987
0
LINE
8
BLACK
6
CONTINUOUS
10
78.8961319999999944
20
-39.9638479999999987
11
79.0441759999999931
21
-40.1676149999999978
0
LINE
8
BLACK
6
CONTINUOUS
10
79.0441759999999931
20
-40.1676149999999978
11
79.0676559999999995
21
-40.2334209999999999
0
LINE
8
BLACK
6
CONTINUOUS
10
79.0676559999999995
20
-40.2334209999999999
11
79.0518299999999954
21
-40.3014749999999964
0
LINE
8
BLACK
6
CONTINUOUS
10
79.0518299999999954
20
-40.3014749999999964
11
79.0017239999999958
21
-40.3501699999999985
0
LINE
8
BLACK
6
CONTINUOUS
10
79.0017239999999958
20
-40.3501699999999985
11
78.9438579999999916
21
-40.3644999999999996
0
LINE
8
BLACK
6
CONTINUOUS
10
78.9438579999999916
20
-40.3644999999999996
11
74.7661420000000021
21
-40.3644999999999996
0
LINE
8
BLACK
6
CONTINUOUS
10
74.7661420000000021
20
-40.3644999999999996
11
74.6991029999999938
21
-40.344814999999997
0
LINE
8
BLACK
6
CONTINUOUS
10
74.6991029999999938
20
-40.344814999999997
11
74.653347999999994
21
-40.2920109999999951
0
LINE
8
BLACK
6
CONTINUOUS
10
74.653347999999994
20
-40.2920109999999951
11
74.6434039999999897
21
-40.2228530000000006
0
LINE
8
BLACK
6
CONTINUOUS
10
74.6434039999999897
20
-40.2228530000000006
11
74.6658240000000006
21
-40.1676149999999978
0
LINE
8
BLACK
6
CONTINUOUS
10
74.6658240000000006
20
-40.1676149999999978
11
74.7541030000000006
21
-40.0461059999999947
0
LINE
8
BLACK
6
CONTINUOUS
10
74.7541030000000006
20
-40.0461059999999947
11
74.8138699999999943
21
-39.9638449999999992
0
LINE
8
BLACK
6
CONTINUOUS
10
74.8138699999999943
20
-39.9638449999999992
11
74.9282409999999999
21
-39.7393789999999996
0
LINE
8
BLACK
6
CONTINUOUS
10
74.9282409999999999
20
-39.7393789999999996
11
75.0060900000000004
21
-39.4997849999999957
0
LINE
8
BLACK
6
CONTINUOUS
10
75.0060900000000004
20
-39.4997849999999957
11
75.0454999999999899
21
-39.2509620000000012
0
LINE
8
BLACK
6
CONTINUOUS
10
75.0454999999999899
20
-39.2509620000000012
11
75.0454999999999899
21
-38.9990379999999988
0
LINE
8
BLACK
6
CONTINUOUS
10
75.0454999999999899
20
-38.9990379999999988
11
75.0060900000000004
21
-38.7502149999999972
0
LINE
8
BLACK
6
CONTINUOUS
10
75.0060900000000004
20
-38.7502149999999972
11
74.9282409999999999
21
-38.5106210000000004
0
LINE
8
BLACK
6
CONTINUOUS
10
74.9282409999999999
20
-38.5106210000000004
11
74.9282389999999907
21
-38.5106180000000009
0
LINE
8
BLACK
6
CONTINUOUS
10
74.9282389999999907
20
-38.5106180000000009
11
74.9282389999999907
21
-38.5106159999999988
0
LINE
8
BLACK
6
CONTINUOUS
10
74.9282389999999907
20
-38.5106159999999988
11
74.857523999999998
21
-38.3718310000000002
0
LINE
8
BLACK
6
CONTINUOUS
10
74.857523999999998
20
-38.3718310000000002
11
74.8138699999999943
21
-38.2861550000000008
0
LINE
8
BLACK
6
CONTINUOUS
10
74.8138699999999943
20
-38.2861550000000008
11
74.7132989999999921
21
-38.1477299999999957
0
LINE
8
BLACK
6
CONTINUOUS
10
74.7132989999999921
20
-38.1477299999999957
11
74.6657979999999952
21
-38.0823499999999981
0
LINE
8
BLACK
6
CONTINUOUS
10
74.6657979999999952
20
-38.0823499999999981
11
74.6657939999999911
21
-38.0823449999999966
0
LINE
8
BLACK
6
CONTINUOUS
10
74.6657939999999911
20
-38.0823449999999966
11
74.5261299999999949
21
-37.9426810000000003
0
LINE
8
BLACK
6
CONTINUOUS
10
74.5261299999999949
20
-37.9426810000000003
11
74.492644999999996
21
-37.8813579999999988
0
LINE
8
BLACK
6
CONTINUOUS
10
74.492644999999996
20
-37.8813579999999988
11
74.4976290000000034
21
-37.8116659999999953
0
LINE
8
BLACK
6
CONTINUOUS
10
74.4976290000000034
20
-37.8116659999999953
11
74.5261299999999949
21
-37.7673190000000005
0
LINE
8
BLACK
6
CONTINUOUS
10
74.5261299999999949
20
-37.7673190000000005
11
74.5644109999999927
21
-37.7290379999999956
0
LINE
8
BLACK
6
CONTINUOUS
10
74.5644109999999927
20
-37.7290379999999956
11
74.6657929999999936
21
-37.6276560000000018
0
LINE
8
BLACK
6
CONTINUOUS
10
74.6657929999999936
20
-37.6276560000000018
11
74.8138699999999943
21
-37.423845
0
LINE
8
BLACK
6
CONTINUOUS
10
74.8138699999999943
20
-37.423845
11
74.9282409999999999
21
-37.1993790000000004
0
LINE
8
BLACK
6
CONTINUOUS
10
74.9282409999999999
20
-37.1993790000000004
11
75.0060900000000004
21
-36.9597849999999966
0
LINE
8
BLACK
6
CONTINUOUS
10
75.0060900000000004
20
-36.9597849999999966
11
75.0454999999999899
21
-36.710961999999995
0
LINE
8
BLACK
6
CONTINUOUS
10
75.0454999999999899
20
-36.710961999999995
11
75.0454999999999899
21
-36.4590379999999996
0
LINE
8
BLACK
6
CONTINUOUS
10
75.0454999999999899
20
-36.4590379999999996
11
75.0060900000000004
21
-36.210214999999998
0
LINE
8
BLACK
6
CONTINUOUS
10
75.0060900000000004
20
-36.210214999999998
11
74.9282409999999999
21
-35.9706210000000013
0
LINE
8
BLACK
6
CONTINUOUS
10
74.9282409999999999
20
-35.9706210000000013
11
74.9282389999999907
21
-35.9706180000000018
0
LINE
8
BLACK
6
CONTINUOUS
10
74.9282389999999907
20
-35.9706180000000018
11
74.9282389999999907
21
-35.9706159999999997
0
LINE
8
BLACK
6
CONTINUOUS
10
74.9282389999999907
20
-35.9706159999999997
11
74.8867469999999997
21
-35.8891840000000002
0
LINE
8
BLACK
6
CONTINUOUS
10
74.8867469999999997
20
-35.8891840000000002
11
74.8138699999999943
21
-35.7461550000000017
0
LINE
8
BLACK
6
CONTINUOUS
10
74.8138699999999943
20
-35.7461550000000017
11
74.6712959999999981
21
-35.5499179999999981
0
LINE
8
BLACK
6
CONTINUOUS
10
74.6712959999999981
20
-35.5499179999999981
11
74.6478159999999917
21
-35.4841119999999961
0
LINE
8
BLACK
6
CONTINUOUS
10
74.6478159999999917
20
-35.4841119999999961
11
74.6636409999999984
21
-35.4160579999999996
0
LINE
8
BLACK
6
CONTINUOUS
10
74.6636409999999984
20
-35.4160579999999996
11
74.6929480000000012
21
-35.381180999999998
0
LINE
8
BLACK
6
CONTINUOUS
10
74.6929480000000012
20
-35.381180999999998
11
74.7414100000000019
21
-35.3414099999999962
0
LINE
8
BLACK
6
CONTINUOUS
10
74.7414100000000019
20
-35.3414099999999962
11
74.8726849999999899
21
-35.1814499999999981
0
LINE
8
BLACK
6
CONTINUOUS
10
74.8726849999999899
20
-35.1814499999999981
11
74.9702319999999958
21
-34.9989539999999977
0
LINE
8
BLACK
6
CONTINUOUS
10
74.9702319999999958
20
-34.9989539999999977
11
75.0302999999999969
21
-34.800933999999998
0
LINE
8
BLACK
6
CONTINUOUS
10
75.0302999999999969
20
-34.800933999999998
11
75.0454999999999899
21
-34.6466080000000005
0
LINE
8
BLACK
6
CONTINUOUS
10
75.0454999999999899
20
-34.6466080000000005
11
75.0454999999999899
21
-33.4433919999999958
0
LINE
8
BLACK
6
CONTINUOUS
10
75.0454999999999899
20
-33.4433919999999958
11
75.0423880000000025
21
-33.411797
0
LINE
8
BLACK
6
CONTINUOUS
10
75.0423880000000025
20
-33.411797
11
75.0389859999999942
21
-33.3772529999999961
0
LINE
8
BLACK
6
CONTINUOUS
10
75.0389859999999942
20
-33.3772529999999961
11
75.0520049999999941
21
-33.308606999999995
0
LINE
8
BLACK
6
CONTINUOUS
10
75.0520049999999941
20
-33.308606999999995
11
75.1000700000000023
21
-33.2578969999999998
0
LINE
8
BLACK
6
CONTINUOUS
10
75.1000700000000023
20
-33.2578969999999998
11
75.1623889999999903
21
-33.2410999999999959
0
LINE
8
BLACK
6
CONTINUOUS
10
75.1623889999999903
20
-33.2410999999999959
11
75.4688529999999957
21
-33.2410999999999959
0
LINE
8
BLACK
6
CONTINUOUS
10
75.4688529999999957
20
-33.2410999999999959
11
75.5358919999999898
21
-33.2607849999999985
0
LINE
8
BLACK
6
CONTINUOUS
10
73.5234140000000025
20
-38.3288519999999977
11
73.6772279999999995
21
-38.3594480000000004
0
LINE
8
BLACK
6
CONTINUOUS
10
73.6772279999999995
20
-38.3594480000000004
11
73.8221169999999915
21
-38.4194630000000004
0
LINE
8
BLACK
6
CONTINUOUS
10
73.8221169999999915
20
-38.4194630000000004
11
73.9525149999999911
21
-38.5065919999999977
0
LINE
8
BLACK
6
CONTINUOUS
10
73.9525149999999911
20
-38.5065919999999977
11
74.0634079999999955
21
-38.617484999999995
0
LINE
8
BLACK
6
CONTINUOUS
10
74.0634079999999955
20
-38.617484999999995
11
74.1505369999999999
21
-38.7478830000000016
0
LINE
8
BLACK
6
CONTINUOUS
10
74.1505369999999999
20
-38.7478830000000016
11
74.2105519999999927
21
-38.8927720000000008
0
LINE
8
BLACK
6
CONTINUOUS
10
74.2105519999999927
20
-38.8927720000000008
11
74.2411479999999955
21
-39.0465859999999978
0
LINE
8
BLACK
6
CONTINUOUS
10
74.2411479999999955
20
-39.0465859999999978
11
74.2411479999999955
21
-39.2034139999999951
0
LINE
8
BLACK
6
CONTINUOUS
10
74.2411479999999955
20
-39.2034139999999951
11
74.2105519999999927
21
-39.3572279999999992
0
LINE
8
BLACK
6
CONTINUOUS
10
74.2105519999999927
20
-39.3572279999999992
11
74.1505369999999999
21
-39.5021169999999984
0
LINE
8
BLACK
6
CONTINUOUS
10
74.1505369999999999
20
-39.5021169999999984
11
74.0634079999999955
21
-39.6325149999999979
0
LINE
8
BLACK
6
CONTINUOUS
10
74.0634079999999955
20
-39.6325149999999979
11
73.9525149999999911
21
-39.7434079999999952
0
LINE
8
BLACK
6
CONTINUOUS
10
73.9525149999999911
20
-39.7434079999999952
11
73.8221169999999915
21
-39.8305369999999996
0
LINE
8
BLACK
6
CONTINUOUS
10
73.8221169999999915
20
-39.8305369999999996
11
73.6772279999999995
21
-39.8905519999999996
0
LINE
8
BLACK
6
CONTINUOUS
10
73.6772279999999995
20
-39.8905519999999996
11
73.5234140000000025
21
-39.9211479999999952
0
LINE
8
BLACK
6
CONTINUOUS
10
73.5234140000000025
20
-39.9211479999999952
11
73.4449999999999932
21
-39.9249999999999972
0
LINE
8
BLACK
6
CONTINUOUS
10
73.4449999999999932
20
-39.9249999999999972
11
72.644999999999996
21
-39.9249999999999972
0
LINE
8
BLACK
6
CONTINUOUS
10
72.644999999999996
20
-39.9249999999999972
11
72.5665860000000009
21
-39.9211479999999952
0
LINE
8
BLACK
6
CONTINUOUS
10
72.5665860000000009
20
-39.9211479999999952
11
72.4127719999999897
21
-39.8905519999999996
0
LINE
8
BLACK
6
CONTINUOUS
10
72.4127719999999897
20
-39.8905519999999996
11
72.2678829999999977
21
-39.8305369999999996
0
LINE
8
BLACK
6
CONTINUOUS
10
72.2678829999999977
20
-39.8305369999999996
11
72.1374849999999981
21
-39.7434079999999952
0
LINE
8
BLACK
6
CONTINUOUS
10
72.1374849999999981
20
-39.7434079999999952
11
72.0265919999999937
21
-39.6325149999999979
0
LINE
8
BLACK
6
CONTINUOUS
10
72.0265919999999937
20
-39.6325149999999979
11
71.9394630000000035
21
-39.5021169999999984
0
LINE
8
BLACK
6
CONTINUOUS
10
71.9394630000000035
20
-39.5021169999999984
11
71.8794479999999965
21
-39.3572279999999992
0
LINE
8
BLACK
6
CONTINUOUS
10
71.8794479999999965
20
-39.3572279999999992
11
71.8488519999999937
21
-39.2034139999999951
0
LINE
8
BLACK
6
CONTINUOUS
10
71.8488519999999937
20
-39.2034139999999951
11
71.8488519999999937
21
-39.0465859999999978
0
LINE
8
BLACK
6
CONTINUOUS
10
71.8488519999999937
20
-39.0465859999999978
11
71.8794479999999965
21
-38.8927720000000008
0
LINE
8
BLACK
6
CONTINUOUS
10
71.8794479999999965
20
-38.8927720000000008
11
71.9394630000000035
21
-38.7478830000000016
0
LINE
8
BLACK
6
CONTINUOUS
10
71.9394630000000035
20
-38.7478830000000016
11
72.0265919999999937
21
-38.617484999999995
0
LINE
8
BLACK
6
CONTINUOUS
10
72.0265919999999937
20
-38.617484999999995
11
72.1374849999999981
21
-38.5065919999999977
0
LINE
8
BLACK
6
CONTINUOUS
10
72.1374849999999981
20
-38.5065919999999977
11
72.2678829999999977
21
-38.4194630000000004
0
LINE
8
BLACK
6
CONTINUOUS
10
72.2678829999999977
20
-38.4194630000000004
11
72.4127719999999897
21
-38.3594480000000004
0
LINE
8
BLACK
6
CONTINUOUS
10
72.4127719999999897
20
-38.3594480000000004
11
72.5665860000000009
21
-38.3288519999999977
0
LINE
8
BLACK
6
CONTINUOUS
10
72.5665860000000009
20
-38.3288519999999977
11
72.644999999999996
21
-38.3249999999999957
0
LINE
8
BLACK
6
CONTINUOUS
10
72.644999999999996
20
-38.3249999999999957
11
73.4449999999999932
21
-38.3249999999999957
0
LINE
8
BLACK
6
CONTINUOUS
10
73.4449999999999932
20
-38.3249999999999957
11
73.5234140000000025
21
-38.3288519999999977
0
LINE
8
BLACK
6
CONTINUOUS
10
81.1434139999999928
20
-38.3288519999999977
11
81.2972279999999898
21
-38.3594480000000004
0
LINE
8
BLACK
6
CONTINUOUS
10
81.2972279999999898
20
-38.3594480000000004
11
81.4421169999999961
21
-38.4194630000000004
0
LINE
8
BLACK
6
CONTINUOUS
10
81.4421169999999961
20
-38.4194630000000004
11
81.5725149999999957
21
-38.5065919999999977
0
LINE
8
BLACK
6
CONTINUOUS
10
81.5725149999999957
20
-38.5065919999999977
11
81.683408
21
-38.617484999999995
0
LINE
8
BLACK
6
CONTINUOUS
10
81.683408
20
-38.617484999999995
11
81.7705369999999903
21
-38.7478830000000016
0
LINE
8
BLACK
6
CONTINUOUS
10
81.7705369999999903
20
-38.7478830000000016
11
81.8305519999999973
21
-38.8927720000000008
0
LINE
8
BLACK
6
CONTINUOUS
10
81.8305519999999973
20
-38.8927720000000008
11
81.861148
21
-39.0465859999999978
0
LINE
8
BLACK
6
CONTINUOUS
10
81.861148
20
-39.0465859999999978
11
81.861148
21
-39.2034139999999951
0
LINE
8
BLACK
6
CONTINUOUS
10
81.861148
20
-39.2034139999999951
11
81.8305519999999973
21
-39.3572279999999992
0
LINE
8
BLACK
6
CONTINUOUS
10
81.8305519999999973
20
-39.3572279999999992
11
81.7705369999999903
21
-39.5021169999999984
0
LINE
8
BLACK
6
CONTINUOUS
10
81.7705369999999903
20
-39.5021169999999984
11
81.683408
21
-39.6325149999999979
0
LINE
8
BLACK
6
CONTINUOUS
10
81.683408
20
-39.6325149999999979
11
81.5725149999999957
21
-39.7434079999999952
0
LINE
8
BLACK
6
CONTINUOUS
10
81.5725149999999957
20
-39.7434079999999952
11
81.4421169999999961
21
-39.8305369999999996
0
LINE
8
BLACK
6
CONTINUOUS
10
81.4421169999999961
20
-39.8305369999999996
11
81.2972279999999898
21
-39.8905519999999996
0
LINE
8
BLACK
6
CONTINUOUS
10
81.2972279999999898
20
-39.8905519999999996
11
81.1434139999999928
21
-39.9211479999999952
0
LINE
8
BLACK
6
CONTINUOUS
10
81.1434139999999928
20
-39.9211479999999952
11
81.0649999999999977
21
-39.9249999999999972
0
LINE
8
BLACK
6
CONTINUOUS
10
81.0649999999999977
20
-39.9249999999999972
11
80.2650000000000006
21
-39.9249999999999972
0
LINE
8
BLACK
6
CONTINUOUS
10
80.2650000000000006
20
-39.9249999999999972
11
80.1865859999999913
21
-39.9211479999999952
0
LINE
8
BLACK
6
CONTINUOUS
10
80.1865859999999913
20
-39.9211479999999952
11
80.0327719999999943
21
-39.8905519999999996
0
LINE
8
BLACK
6
CONTINUOUS
10
80.0327719999999943
20
-39.8905519999999996
11
79.8878830000000022
21
-39.8305369999999996
0
LINE
8
BLACK
6
CONTINUOUS
10
79.8878830000000022
20
-39.8305369999999996
11
79.7574850000000026
21
-39.7434079999999952
0
LINE
8
BLACK
6
CONTINUOUS
10
79.7574850000000026
20
-39.7434079999999952
11
79.6465919999999983
21
-39.6325149999999979
0
LINE
8
BLACK
6
CONTINUOUS
10
79.6465919999999983
20
-39.6325149999999979
11
79.5594629999999938
21
-39.5021169999999984
0
LINE
8
BLACK
6
CONTINUOUS
10
79.5594629999999938
20
-39.5021169999999984
11
79.499448000000001
21
-39.3572279999999992
0
LINE
8
BLACK
6
CONTINUOUS
10
79.499448000000001
20
-39.3572279999999992
11
79.4688519999999983
21
-39.2034139999999951
0
LINE
8
BLACK
6
CONTINUOUS
10
79.4688519999999983
20
-39.2034139999999951
11
79.4688519999999983
21
-39.0465859999999978
0
LINE
8
BLACK
6
CONTINUOUS
10
79.4688519999999983
20
-39.0465859999999978
11
79.499448000000001
21
-38.8927720000000008
0
LINE
8
BLACK
6
CONTINUOUS
10
79.499448000000001
20
-38.8927720000000008
11
79.5594629999999938
21
-38.7478830000000016
0
LINE
8
BLACK
6
CONTINUOUS
10
79.5594629999999938
20
-38.7478830000000016
11
79.6465919999999983
21
-38.617484999999995
0
LINE
8
BLACK
6
CONTINUOUS
10
79.6465919999999983
20
-38.617484999999995
11
79.7574850000000026
21
-38.5065919999999977
0
LINE
8
BLACK
6
CONTINUOUS
10
79.7574850000000026
20
-38.5065919999999977
11
79.8878830000000022
21
-38.4194630000000004
0
LINE
8
BLACK
6
CONTINUOUS
10
79.8878830000000022
20
-38.4194630000000004
11
80.0327719999999943
21
-38.3594480000000004
0
LINE
8
BLACK
6
CONTINUOUS
10
80.0327719999999943
20
-38.3594480000000004
11
80.1865859999999913
21
-38.3288519999999977
0
LINE
8
BLACK
6
CONTINUOUS
10
80.1865859999999913
20
-38.3288519999999977
11
80.2650000000000006
21
-38.3249999999999957
0
LINE
8
BLACK
6
CONTINUOUS
10
80.2650000000000006
20
-38.3249999999999957
11
81.0649999999999977
21
-38.3249999999999957
0
LINE
8
BLACK
6
CONTINUOUS
10
81.0649999999999977
20
-38.3249999999999957
11
81.1434139999999928
21
-38.3288519999999977
0
LINE
8
BLACK
6
CONTINUOUS
10
76.124147999999991
20
-31.4448769999999982
11
76.1241629999999958
21
-31.4448769999999982
0
LINE
8
BLACK
6
CONTINUOUS
10
76.1241629999999958
20
-31.4448769999999982
11
76.2502420000000001
21
-31.4786599999999979
0
LINE
8
BLACK
6
CONTINUOUS
10
76.2502420000000001
20
-31.4786599999999979
11
76.3632810000000006
21
-31.5439229999999995
0
LINE
8
BLACK
6
CONTINUOUS
10
76.3632810000000006
20
-31.5439229999999995
11
76.3632959999999912
21
-31.5439379999999971
0
LINE
8
BLACK
6
CONTINUOUS
10
76.3632959999999912
20
-31.5439379999999971
11
76.4124529999999993
21
-31.5870469999999983
0
LINE
8
BLACK
6
CONTINUOUS
10
76.4124529999999993
20
-31.5870469999999983
11
78.3704060000000027
21
-33.5450000000000017
0
LINE
8
BLACK
6
CONTINUOUS
10
78.3704060000000027
20
-33.5450000000000017
11
79.641570999999999
21
-33.5450000000000017
0
LINE
8
BLACK
6
CONTINUOUS
10
79.641570999999999
20
-33.5450000000000017
11
79.6465919999999983
21
-33.5374849999999967
0
LINE
8
BLACK
6
CONTINUOUS
10
79.6465919999999983
20
-33.5374849999999967
11
79.7574850000000026
21
-33.4265919999999994
0
LINE
8
BLACK
6
CONTINUOUS
10
79.7574850000000026
20
-33.4265919999999994
11
79.8878830000000022
21
-33.339462999999995
0
LINE
8
BLACK
6
CONTINUOUS
10
79.8878830000000022
20
-33.339462999999995
11
80.0327719999999943
21
-33.279447999999995
0
LINE
8
BLACK
6
CONTINUOUS
10
80.0327719999999943
20
-33.279447999999995
11
80.1865859999999913
21
-33.2488519999999994
0
LINE
8
BLACK
6
CONTINUOUS
10
80.1865859999999913
20
-33.2488519999999994
11
80.2650000000000006
21
-33.2449999999999974
0
LINE
8
BLACK
6
CONTINUOUS
10
80.2650000000000006
20
-33.2449999999999974
11
81.0649999999999977
21
-33.2449999999999974
0
LINE
8
BLACK
6
CONTINUOUS
10
81.0649999999999977
20
-33.2449999999999974
11
81.1434139999999928
21
-33.2488519999999994
0
LINE
8
BLACK
6
CONTINUOUS
10
81.1434139999999928
20
-33.2488519999999994
11
81.2972279999999898
21
-33.279447999999995
0
LINE
8
BLACK
6
CONTINUOUS
10
81.2972279999999898
20
-33.279447999999995
11
81.4421169999999961
21
-33.339462999999995
0
LINE
8
BLACK
6
CONTINUOUS
10
81.4421169999999961
20
-33.339462999999995
11
81.5725149999999957
21
-33.4265919999999994
0
LINE
8
BLACK
6
CONTINUOUS
10
81.5725149999999957
20
-33.4265919999999994
11
81.683408
21
-33.5374849999999967
0
LINE
8
BLACK
6
CONTINUOUS
10
81.683408
20
-33.5374849999999967
11
81.6884289999999993
21
-33.5450000000000017
0
LINE
8
BLACK
6
CONTINUOUS
10
81.6884289999999993
20
-33.5450000000000017
11
87.4050000000000011
21
-33.5450000000000017
0
LINE
8
BLACK
6
CONTINUOUS
10
87.4050000000000011
20
-33.5450000000000017
11
87.470247999999998
21
-33.5492769999999965
0
LINE
8
BLACK
6
CONTINUOUS
10
87.470247999999998
20
-33.5492769999999965
11
87.4702630000000028
21
-33.5492769999999965
0
LINE
8
BLACK
6
CONTINUOUS
10
87.4702630000000028
20
-33.5492769999999965
11
87.592889999999997
21
-33.582135000000001
0
LINE
8
BLACK
6
CONTINUOUS
10
87.592889999999997
20
-33.582135000000001
11
87.5963419999999928
21
-33.5830599999999961
0
LINE
8
BLACK
6
CONTINUOUS
10
87.5963419999999928
20
-33.5830599999999961
11
87.7093809999999934
21
-33.6483229999999978
0
LINE
8
BLACK
6
CONTINUOUS
10
87.7093809999999934
20
-33.6483229999999978
11
87.7093959999999981
21
-33.6483379999999954
0
LINE
8
BLACK
6
CONTINUOUS
10
87.7093959999999981
20
-33.6483379999999954
11
87.758552999999992
21
-33.6914469999999966
0
LINE
8
BLACK
6
CONTINUOUS
10
87.758552999999992
20
-33.6914469999999966
11
91.1277219999999915
21
-37.0606149999999985
0
LINE
8
BLACK
6
CONTINUOUS
10
91.1277219999999915
20
-37.0606149999999985
11
91.1365859999999941
21
-37.0588520000000017
0
LINE
8
BLACK
6
CONTINUOUS
10
91.1365859999999941
20
-37.0588520000000017
11
91.2934139999999985
21
-37.0588520000000017
0
LINE
8
BLACK
6
CONTINUOUS
10
91.2934139999999985
20
-37.0588520000000017
11
91.4472279999999955
21
-37.0894479999999973
0
LINE
8
BLACK
6
CONTINUOUS
10
91.4472279999999955
20
-37.0894479999999973
11
91.5921170000000018
21
-37.1494629999999972
0
LINE
8
BLACK
6
CONTINUOUS
10
91.5921170000000018
20
-37.1494629999999972
11
91.7225150000000014
21
-37.2365920000000017
0
LINE
8
BLACK
6
CONTINUOUS
10
91.7225150000000014
20
-37.2365920000000017
11
91.8334079999999915
21
-37.3474849999999989
0
LINE
8
BLACK
6
CONTINUOUS
10
91.8334079999999915
20
-37.3474849999999989
11
91.9205369999999959
21
-37.4778829999999985
0
LINE
8
BLACK
6
CONTINUOUS
10
91.9205369999999959
20
-37.4778829999999985
11
91.9805519999999888
21
-37.6227719999999977
0
LINE
8
BLACK
6
CONTINUOUS
10
91.9805519999999888
20
-37.6227719999999977
11
92.0111479999999915
21
-37.7765860000000018
0
LINE
8
BLACK
6
CONTINUOUS
10
92.0111479999999915
20
-37.7765860000000018
11
92.0111479999999915
21
-37.9334139999999991
0
LINE
8
BLACK
6
CONTINUOUS
10
92.0111479999999915
20
-37.9334139999999991
11
91.9805519999999888
21
-38.0872279999999961
0
LINE
8
BLACK
6
CONTINUOUS
10
91.9805519999999888
20
-38.0872279999999961
11
91.9205369999999959
21
-38.2321169999999952
0
LINE
8
BLACK
6
CONTINUOUS
10
91.9205369999999959
20
-38.2321169999999952
11
91.8334079999999915
21
-38.3625149999999948
0
LINE
8
BLACK
6
CONTINUOUS
10
91.8334079999999915
20
-38.3625149999999948
11
91.7225150000000014
21
-38.4734079999999992
0
LINE
8
BLACK
6
CONTINUOUS
10
91.7225150000000014
20
-38.4734079999999992
11
91.5921170000000018
21
-38.5605369999999965
0
LINE
8
BLACK
6
CONTINUOUS
10
91.5921170000000018
20
-38.5605369999999965
11
91.4472279999999955
21
-38.6205519999999964
0
LINE
8
BLACK
6
CONTINUOUS
10
91.4472279999999955
20
-38.6205519999999964
11
91.2934139999999985
21
-38.6511479999999992
0
LINE
8
BLACK
6
CONTINUOUS
10
91.2934139999999985
20
-38.6511479999999992
11
91.1365859999999941
21
-38.6511479999999992
0
LINE
8
BLACK
6
CONTINUOUS
10
91.1365859999999941
20
-38.6511479999999992
11
90.9827719999999971
21
-38.6205519999999964
0
LINE
8
BLACK
6
CONTINUOUS
10
90.9827719999999971
20
-38.6205519999999964
11
90.8378829999999908
21
-38.5605369999999965
0
LINE
8
BLACK
6
CONTINUOUS
10
90.8378829999999908
20
-38.5605369999999965
11
90.7074849999999913
21
-38.4734079999999992
0
LINE
8
BLACK
6
CONTINUOUS
10
90.7074849999999913
20
-38.4734079999999992
11
90.5965920000000011
21
-38.3625149999999948
0
LINE
8
BLACK
6
CONTINUOUS
10
90.5965920000000011
20
-38.3625149999999948
11
90.5094629999999967
21
-38.2321169999999952
0
LINE
8
BLACK
6
CONTINUOUS
10
90.5094629999999967
20
-38.2321169999999952
11
90.4494479999999896
21
-38.0872279999999961
0
LINE
8
BLACK
6
CONTINUOUS
10
90.4494479999999896
20
-38.0872279999999961
11
90.4188520000000011
21
-37.9334139999999991
0
LINE
8
BLACK
6
CONTINUOUS
10
90.4188520000000011
20
-37.9334139999999991
11
90.4188520000000011
21
-37.7765860000000018
0
LINE
8
BLACK
6
CONTINUOUS
10
90.4188520000000011
20
-37.7765860000000018
11
90.420614999999998
21
-37.7677219999999991
0
LINE
8
BLACK
6
CONTINUOUS
10
90.420614999999998
20
-37.7677219999999991
11
87.1978939999999909
21
-34.5450000000000017
0
LINE
8
BLACK
6
CONTINUOUS
10
87.1978939999999909
20
-34.5450000000000017
11
81.6884289999999993
21
-34.5450000000000017
0
LINE
8
BLACK
6
CONTINUOUS
10
81.6884289999999993
20
-34.5450000000000017
11
81.683408
21
-34.5525149999999996
0
LINE
8
BLACK
6
CONTINUOUS
10
81.683408
20
-34.5525149999999996
11
81.5725149999999957
21
-34.6634079999999969
0
LINE
8
BLACK
6
CONTINUOUS
10
81.5725149999999957
20
-34.6634079999999969
11
81.4421169999999961
21
-34.7505370000000013
0
LINE
8
BLACK
6
CONTINUOUS
10
81.4421169999999961
20
-34.7505370000000013
11
81.2972279999999898
21
-34.8105520000000013
0
LINE
8
BLACK
6
CONTINUOUS
10
81.2972279999999898
20
-34.8105520000000013
11
81.1434139999999928
21
-34.8411479999999969
0
LINE
8
BLACK
6
CONTINUOUS
10
81.1434139999999928
20
-34.8411479999999969
11
81.0649999999999977
21
-34.8449999999999989
0
LINE
8
BLACK
6
CONTINUOUS
10
81.0649999999999977
20
-34.8449999999999989
11
80.2650000000000006
21
-34.8449999999999989
0
LINE
8
BLACK
6
CONTINUOUS
10
80.2650000000000006
20
-34.8449999999999989
11
80.1865859999999913
21
-34.8411479999999969
0
LINE
8
BLACK
6
CONTINUOUS
10
80.1865859999999913
20
-34.8411479999999969
11
80.0327719999999943
21
-34.8105520000000013
0
LINE
8
BLACK
6
CONTINUOUS
10
80.0327719999999943
20
-34.8105520000000013
11
79.8878830000000022
21
-34.7505370000000013
0
LINE
8
BLACK
6
CONTINUOUS
10
79.8878830000000022
20
-34.7505370000000013
11
79.7574850000000026
21
-34.6634079999999969
0
LINE
8
BLACK
6
CONTINUOUS
10
79.7574850000000026
20
-34.6634079999999969
11
79.6465919999999983
21
-34.5525149999999996
0
LINE
8
BLACK
6
CONTINUOUS
10
79.6465919999999983
20
-34.5525149999999996
11
79.641570999999999
21
-34.5450000000000017
0
LINE
8
BLACK
6
CONTINUOUS
10
79.641570999999999
20
-34.5450000000000017
11
78.1632999999999925
21
-34.5450000000000017
0
LINE
8
BLACK
6
CONTINUOUS
10
78.1632999999999925
20
-34.5450000000000017
11
78.0980519999999956
21
-34.5407229999999998
0
LINE
8
BLACK
6
CONTINUOUS
10
78.0980519999999956
20
-34.5407229999999998
11
78.0980369999999908
21
-34.5407229999999998
0
LINE
8
BLACK
6
CONTINUOUS
10
78.0980369999999908
20
-34.5407229999999998
11
77.9719580000000008
21
-34.5069400000000002
0
LINE
8
BLACK
6
CONTINUOUS
10
77.9719580000000008
20
-34.5069400000000002
11
77.8589190000000002
21
-34.4416769999999985
0
LINE
8
BLACK
6
CONTINUOUS
10
77.8589190000000002
20
-34.4416769999999985
11
77.858902999999998
21
-34.4416609999999963
0
LINE
8
BLACK
6
CONTINUOUS
10
77.858902999999998
20
-34.4416609999999963
11
77.8097470000000015
21
-34.3985529999999997
0
LINE
8
BLACK
6
CONTINUOUS
10
77.8097470000000015
20
-34.3985529999999997
11
75.8517939999999982
21
-32.4405999999999963
0
LINE
8
BLACK
6
CONTINUOUS
10
75.8517939999999982
20
-32.4405999999999963
11
66.9082059999999927
21
-32.4405999999999963
0
LINE
8
BLACK
6
CONTINUOUS
10
66.9082059999999927
20
-32.4405999999999963
11
64.9502530000000036
21
-34.3985529999999997
0
LINE
8
BLACK
6
CONTINUOUS
10
64.9502530000000036
20
-34.3985529999999997
11
64.9010959999999955
21
-34.4416609999999963
0
LINE
8
BLACK
6
CONTINUOUS
10
64.9010959999999955
20
-34.4416609999999963
11
64.9010809999999907
21
-34.4416769999999985
0
LINE
8
BLACK
6
CONTINUOUS
10
64.9010809999999907
20
-34.4416769999999985
11
64.7880419999999901
21
-34.5069400000000002
0
LINE
8
BLACK
6
CONTINUOUS
10
64.7880419999999901
20
-34.5069400000000002
11
64.6619630000000001
21
-34.5407229999999998
0
LINE
8
BLACK
6
CONTINUOUS
10
64.6619630000000001
20
-34.5407229999999998
11
64.6619479999999953
21
-34.5407229999999998
0
LINE
8
BLACK
6
CONTINUOUS
10
64.6619479999999953
20
-34.5407229999999998
11
64.5966999999999985
21
-34.5450000000000017
0
LINE
8
BLACK
6
CONTINUOUS
10
64.5966999999999985
20
-34.5450000000000017
11
63.118428999999999
21
-34.5450000000000017
0
LINE
8
BLACK
6
CONTINUOUS
10
63.118428999999999
20
-34.5450000000000017
11
63.1134079999999997
21
-34.5525149999999996
0
LINE
8
BLACK
6
CONTINUOUS
10
63.1134079999999997
20
-34.5525149999999996
11
63.0025149999999954
21
-34.6634079999999969
0
LINE
8
BLACK
6
CONTINUOUS
10
63.0025149999999954
20
-34.6634079999999969
11
62.8721169999999958
21
-34.7505370000000013
0
LINE
8
BLACK
6
CONTINUOUS
10
62.8721169999999958
20
-34.7505370000000013
11
62.7272279999999967
21
-34.8105520000000013
0
LINE
8
BLACK
6
CONTINUOUS
10
62.7272279999999967
20
-34.8105520000000013
11
62.5734139999999996
21
-34.8411479999999969
0
LINE
8
BLACK
6
CONTINUOUS
10
62.5734139999999996
20
-34.8411479999999969
11
62.4949999999999974
21
-34.8449999999999989
0
LINE
8
BLACK
6
CONTINUOUS
10
62.4949999999999974
20
-34.8449999999999989
11
61.6950000000000003
21
-34.8449999999999989
0
LINE
8
BLACK
6
CONTINUOUS
10
61.6950000000000003
20
-34.8449999999999989
11
61.6165859999999981
21
-34.8411479999999969
0
LINE
8
BLACK
6
CONTINUOUS
10
61.6165859999999981
20
-34.8411479999999969
11
61.462771999999994
21
-34.8105520000000013
0
LINE
8
BLACK
6
CONTINUOUS
10
61.462771999999994
20
-34.8105520000000013
11
61.3178829999999948
21
-34.7505370000000013
0
LINE
8
BLACK
6
CONTINUOUS
10
61.3178829999999948
20
-34.7505370000000013
11
61.1874849999999952
21
-34.6634079999999969
0
LINE
8
BLACK
6
CONTINUOUS
10
61.1874849999999952
20
-34.6634079999999969
11
61.076591999999998
21
-34.5525149999999996
0
LINE
8
BLACK
6
CONTINUOUS
10
61.076591999999998
20
-34.5525149999999996
11
60.9894630000000006
21
-34.4221170000000001
0
LINE
8
BLACK
6
CONTINUOUS
10
60.9894630000000006
20
-34.4221170000000001
11
60.9294480000000007
21
-34.2772280000000009
0
LINE
8
BLACK
6
CONTINUOUS
10
60.9294480000000007
20
-34.2772280000000009
11
60.898851999999998
21
-34.1234139999999968
0
LINE
8
BLACK
6
CONTINUOUS
10
60.898851999999998
20
-34.1234139999999968
11
60.898851999999998
21
-33.9665859999999995
0
LINE
8
BLACK
6
CONTINUOUS
10
60.898851999999998
20
-33.9665859999999995
11
60.9294480000000007
21
-33.8127719999999954
0
LINE
8
BLACK
6
CONTINUOUS
10
60.9294480000000007
20
-33.8127719999999954
11
60.9894630000000006
21
-33.6678829999999962
0
LINE
8
BLACK
6
CONTINUOUS
10
60.9894630000000006
20
-33.6678829999999962
11
61.076591999999998
21
-33.5374849999999967
0
LINE
8
BLACK
6
CONTINUOUS
10
61.076591999999998
20
-33.5374849999999967
11
61.1874849999999952
21
-33.4265919999999994
0
LINE
8
BLACK
6
CONTINUOUS
10
61.1874849999999952
20
-33.4265919999999994
11
61.3178829999999948
21
-33.339462999999995
0
LINE
8
BLACK
6
CONTINUOUS
10
61.3178829999999948
20
-33.339462999999995
11
61.462771999999994
21
-33.279447999999995
0
LINE
8
BLACK
6
CONTINUOUS
10
61.462771999999994
20
-33.279447999999995
11
61.6165859999999981
21
-33.2488519999999994
0
LINE
8
BLACK
6
CONTINUOUS
10
61.6165859999999981
20
-33.2488519999999994
11
61.6950000000000003
21
-33.2449999999999974
0
LINE
8
BLACK
6
CONTINUOUS
10
61.6950000000000003
20
-33.2449999999999974
11
62.4949999999999974
21
-33.2449999999999974
0
LINE
8
BLACK
6
CONTINUOUS
10
62.4949999999999974
20
-33.2449999999999974
11
62.5734139999999996
21
-33.2488519999999994
0
LINE
8
BLACK
6
CONTINUOUS
10
62.5734139999999996
20
-33.2488519999999994
11
62.7272279999999967
21
-33.279447999999995
0
LINE
8
BLACK
6
CONTINUOUS
10
62.7272279999999967
20
-33.279447999999995
11
62.8721169999999958
21
-33.339462999999995
0
LINE
8
BLACK
6
CONTINUOUS
10
62.8721169999999958
20
-33.339462999999995
11
63.0025149999999954
21
-33.4265919999999994
0
LINE
8
BLACK
6
CONTINUOUS
10
63.0025149999999954
20
-33.4265919999999994
11
63.1134079999999997
21
-33.5374849999999967
0
LINE
8
BLACK
6
CONTINUOUS
10
63.1134079999999997
20
-33.5374849999999967
11
63.118428999999999
21
-33.5450000000000017
0
LINE
8
BLACK
6
CONTINUOUS
10
63.118428999999999
20
-33.5450000000000017
11
64.3895940000000024
21
-33.5450000000000017
0
LINE
8
BLACK
6
CONTINUOUS
10
64.3895940000000024
20
-33.5450000000000017
11
66.3475469999999916
21
-31.5870469999999983
0
LINE
8
BLACK
6
CONTINUOUS
10
66.3475469999999916
20
-31.5870469999999983
11
66.3967030000000022
21
-31.5439379999999971
0
LINE
8
BLACK
6
CONTINUOUS
10
66.3967030000000022
20
-31.5439379999999971
11
66.3967189999999903
21
-31.5439229999999995
0
LINE
8
BLACK
6
CONTINUOUS
10
66.3967189999999903
20
-31.5439229999999995
11
66.5097579999999908
21
-31.4786599999999979
0
LINE
8
BLACK
6
CONTINUOUS
10
66.5097579999999908
20
-31.4786599999999979
11
66.6358369999999951
21
-31.4448769999999982
0
LINE
8
BLACK
6
CONTINUOUS
10
66.6358369999999951
20
-31.4448769999999982
11
66.6358519999999999
21
-31.4448769999999982
0
LINE
8
BLACK
6
CONTINUOUS
10
66.6358519999999999
20
-31.4448769999999982
11
66.7010999999999967
21
-31.4405999999999999
0
LINE
8
BLACK
6
CONTINUOUS
10
66.7010999999999967
20
-31.4405999999999999
11
76.0588999999999942
21
-31.4405999999999999
0
LINE
8
BLACK
6
CONTINUOUS
10
76.0588999999999942
20
-31.4405999999999999
11
76.124147999999991
21
-31.4448769999999982
0
LINE
8
BLACK
6
CONTINUOUS
10
140.970168000000001
20
-30.5414449999999995
11
141.1940249999999821
21
-30.6141809999999985
0
LINE
8
BLACK
6
CONTINUOUS
10
141.1940249999999821
20
-30.6141809999999985
11
141.4037480000000073
21
-30.7210399999999986
0
LINE
8
BLACK
6
CONTINUOUS
10
141.4037480000000073
20
-30.7210399999999986
11
141.5941719999999862
21
-30.8593909999999987
0
LINE
8
BLACK
6
CONTINUOUS
10
141.5941719999999862
20
-30.8593909999999987
11
141.7606089999999881
21
-31.0258279999999971
0
LINE
8
BLACK
6
CONTINUOUS
10
141.7606089999999881
20
-31.0258279999999971
11
141.8989599999999882
21
-31.2162519999999972
0
LINE
8
BLACK
6
CONTINUOUS
10
141.8989599999999882
20
-31.2162519999999972
11
142.0058190000000025
21
-31.4259749999999976
0
LINE
8
BLACK
6
CONTINUOUS
10
142.0058190000000025
20
-31.4259749999999976
11
142.0785549999999944
21
-31.649832
0
LINE
8
BLACK
6
CONTINUOUS
10
142.0785549999999944
20
-31.649832
11
142.1153759999999977
21
-31.8823109999999978
0
LINE
8
BLACK
6
CONTINUOUS
10
142.1153759999999977
20
-31.8823109999999978
11
142.1153759999999977
21
-32.1176889999999986
0
LINE
8
BLACK
6
CONTINUOUS
10
142.1153759999999977
20
-32.1176889999999986
11
142.0785549999999944
21
-32.3501679999999965
0
LINE
8
BLACK
6
CONTINUOUS
10
142.0785549999999944
20
-32.3501679999999965
11
142.0058190000000025
21
-32.5740249999999989
0
LINE
8
BLACK
6
CONTINUOUS
10
142.0058190000000025
20
-32.5740249999999989
11
141.8989599999999882
21
-32.7837479999999957
0
LINE
8
BLACK
6
CONTINUOUS
10
141.8989599999999882
20
-32.7837479999999957
11
141.7606089999999881
21
-32.9741719999999958
0
LINE
8
BLACK
6
CONTINUOUS
10
141.7606089999999881
20
-32.9741719999999958
11
141.5941719999999862
21
-33.1406089999999978
0
LINE
8
BLACK
6
CONTINUOUS
10
141.5941719999999862
20
-33.1406089999999978
11
141.4037480000000073
21
-33.2789599999999979
0
LINE
8
BLACK
6
CONTINUOUS
10
141.4037480000000073
20
-33.2789599999999979
11
141.1940249999999821
21
-33.3858189999999979
0
LINE
8
BLACK
6
CONTINUOUS
10
141.1940249999999821
20
-33.3858189999999979
11
140.970168000000001
21
-33.4585549999999969
0
LINE
8
BLACK
6
CONTINUOUS
10
140.970168000000001
20
-33.4585549999999969
11
140.7376889999999889
21
-33.4953760000000003
0
LINE
8
BLACK
6
CONTINUOUS
10
140.7376889999999889
20
-33.4953760000000003
11
140.5023109999999917
21
-33.4953760000000003
0
LINE
8
BLACK
6
CONTINUOUS
10
140.5023109999999917
20
-33.4953760000000003
11
140.2698319999999796
21
-33.4585549999999969
0
LINE
8
BLACK
6
CONTINUOUS
10
140.2698319999999796
20
-33.4585549999999969
11
140.0459749999999985
21
-33.3858189999999979
0
LINE
8
BLACK
6
CONTINUOUS
10
140.0459749999999985
20
-33.3858189999999979
11
139.9766229999999894
21
-33.3504819999999995
0
LINE
8
BLACK
6
CONTINUOUS
10
139.9766229999999894
20
-33.3504819999999995
11
135.1185529999999915
21
-38.2085529999999949
0
LINE
8
BLACK
6
CONTINUOUS
10
135.1185529999999915
20
-38.2085529999999949
11
135.0693959999999834
21
-38.2516609999999986
0
LINE
8
BLACK
6
CONTINUOUS
10
135.0693959999999834
20
-38.2516609999999986
11
135.0693809999999928
21
-38.2516770000000008
0
LINE
8
BLACK
6
CONTINUOUS
10
135.0693809999999928
20
-38.2516770000000008
11
134.9563420000000065
21
-38.3169399999999953
0
LINE
8
BLACK
6
CONTINUOUS
10
134.9563420000000065
20
-38.3169399999999953
11
134.8302630000000022
21
-38.350722999999995
0
LINE
8
BLACK
6
CONTINUOUS
10
134.8302630000000022
20
-38.350722999999995
11
134.8302479999999832
21
-38.350722999999995
0
LINE
8
BLACK
6
CONTINUOUS
10
134.8302479999999832
20
-38.350722999999995
11
134.7649999999999864
21
-38.3549999999999969
0
LINE
8
BLACK
6
CONTINUOUS
10
134.7649999999999864
20
-38.3549999999999969
11
111.9884289999999964
21
-38.3549999999999969
0
LINE
8
BLACK
6
CONTINUOUS
10
111.9884289999999964
20
-38.3549999999999969
11
111.9834079999999972
21
-38.3625149999999948
0
LINE
8
BLACK
6
CONTINUOUS
10
111.9834079999999972
20
-38.3625149999999948
11
111.8725149999999928
21
-38.4734079999999992
0
LINE
8
BLACK
6
CONTINUOUS
10
111.8725149999999928
20
-38.4734079999999992
11
111.7421169999999933
21
-38.5605369999999965
0
LINE
8
BLACK
6
CONTINUOUS
10
111.7421169999999933
20
-38.5605369999999965
11
111.5972280000000012
21
-38.6205519999999964
0
LINE
8
BLACK
6
CONTINUOUS
10
111.5972280000000012
20
-38.6205519999999964
11
111.44341399999999
21
-38.6511479999999992
0
LINE
8
BLACK
6
CONTINUOUS
10
111.44341399999999
20
-38.6511479999999992
11
111.2865859999999998
21
-38.6511479999999992
0
LINE
8
BLACK
6
CONTINUOUS
10
111.2865859999999998
20
-38.6511479999999992
11
111.1327719999999886
21
-38.6205519999999964
0
LINE
8
BLACK
6
CONTINUOUS
10
111.1327719999999886
20
-38.6205519999999964
11
110.9878829999999965
21
-38.5605369999999965
0
LINE
8
BLACK
6
CONTINUOUS
10
110.9878829999999965
20
-38.5605369999999965
11
110.8574849999999969
21
-38.4734079999999992
0
LINE
8
BLACK
6
CONTINUOUS
10
110.8574849999999969
20
-38.4734079999999992
11
110.7465919999999926
21
-38.3625149999999948
0
LINE
8
BLACK
6
CONTINUOUS
10
110.7465919999999926
20
-38.3625149999999948
11
110.6594629999999881
21
-38.2321169999999952
0
LINE
8
BLACK
6
CONTINUOUS
10
110.6594629999999881
20
-38.2321169999999952
11
110.5994479999999953
21
-38.0872279999999961
0
LINE
8
BLACK
6
CONTINUOUS
10
110.5994479999999953
20
-38.0872279999999961
11
110.5688519999999926
21
-37.9334139999999991
0
LINE
8
BLACK
6
CONTINUOUS
10
110.5688519999999926
20
-37.9334139999999991
11
110.5688519999999926
21
-37.7765860000000018
0
LINE
8
BLACK
6
CONTINUOUS
10
110.5688519999999926
20
-37.7765860000000018
11
110.5994479999999953
21
-37.6227719999999977
0
LINE
8
BLACK
6
CONTINUOUS
10
110.5994479999999953
20
-37.6227719999999977
11
110.6594629999999881
21
-37.4778829999999985
0
LINE
8
BLACK
6
CONTINUOUS
10
110.6594629999999881
20
-37.4778829999999985
11
110.7465919999999926
21
-37.3474849999999989
0
LINE
8
BLACK
6
CONTINUOUS
10
110.7465919999999926
20
-37.3474849999999989
11
110.8574849999999969
21
-37.2365920000000017
0
LINE
8
BLACK
6
CONTINUOUS
10
110.8574849999999969
20
-37.2365920000000017
11
110.9878829999999965
21
-37.1494629999999972
0
LINE
8
BLACK
6
CONTINUOUS
10
110.9878829999999965
20
-37.1494629999999972
11
111.1327719999999886
21
-37.0894479999999973
0
LINE
8
BLACK
6
CONTINUOUS
10
111.1327719999999886
20
-37.0894479999999973
11
111.2865859999999998
21
-37.0588520000000017
0
LINE
8
BLACK
6
CONTINUOUS
10
111.2865859999999998
20
-37.0588520000000017
11
111.44341399999999
21
-37.0588520000000017
0
LINE
8
BLACK
6
CONTINUOUS
10
111.44341399999999
20
-37.0588520000000017
11
111.5972280000000012
21
-37.0894479999999973
0
LINE
8
BLACK
6
CONTINUOUS
10
111.5972280000000012
20
-37.0894479999999973
11
111.7421169999999933
21
-37.1494629999999972
0
LINE
8
BLACK
6
CONTINUOUS
10
111.7421169999999933
20
-37.1494629999999972
11
111.8725149999999928
21
-37.2365920000000017
0
LINE
8
BLACK
6
CONTINUOUS
10
111.8725149999999928
20
-37.2365920000000017
11
111.9834079999999972
21
-37.3474849999999989
0
LINE
8
BLACK
6
CONTINUOUS
10
111.9834079999999972
20
-37.3474849999999989
11
111.9884289999999964
21
-37.3549999999999969
0
LINE
8
BLACK
6
CONTINUOUS
10
111.9884289999999964
20
-37.3549999999999969
11
134.5578940000000046
21
-37.3549999999999969
0
LINE
8
BLACK
6
CONTINUOUS
10
134.5578940000000046
20
-37.3549999999999969
11
139.2695170000000076
21
-32.6433759999999964
0
LINE
8
BLACK
6
CONTINUOUS
10
139.2695170000000076
20
-32.6433759999999964
11
139.2341810000000066
21
-32.5740249999999989
0
LINE
8
BLACK
6
CONTINUOUS
10
139.2341810000000066
20
-32.5740249999999989
11
139.1614449999999863
21
-32.3501679999999965
0
LINE
8
BLACK
6
CONTINUOUS
10
139.1614449999999863
20
-32.3501679999999965
11
139.124623999999983
21
-32.1176889999999986
0
LINE
8
BLACK
6
CONTINUOUS
10
139.124623999999983
20
-32.1176889999999986
11
139.124623999999983
21
-31.8823109999999978
0
LINE
8
BLACK
6
CONTINUOUS
10
139.124623999999983
20
-31.8823109999999978
11
139.1614449999999863
21
-31.649832
0
LINE
8
BLACK
6
CONTINUOUS
10
139.1614449999999863
20
-31.649832
11
139.2341810000000066
21
-31.4259749999999976
0
LINE
8
BLACK
6
CONTINUOUS
10
139.2341810000000066
20
-31.4259749999999976
11
139.3410399999999925
21
-31.2162519999999972
0
LINE
8
BLACK
6
CONTINUOUS
10
139.3410399999999925
20
-31.2162519999999972
11
139.4793909999999926
21
-31.0258279999999971
0
LINE
8
BLACK
6
CONTINUOUS
10
139.4793909999999926
20
-31.0258279999999971
11
139.6458279999999945
21
-30.8593909999999987
0
LINE
8
BLACK
6
CONTINUOUS
10
139.6458279999999945
20
-30.8593909999999987
11
139.8362520000000018
21
-30.7210399999999986
0
LINE
8
BLACK
6
CONTINUOUS
10
139.8362520000000018
20
-30.7210399999999986
11
140.0459749999999985
21
-30.6141809999999985
0
LINE
8
BLACK
6
CONTINUOUS
10
140.0459749999999985
20
-30.6141809999999985
11
140.2698319999999796
21
-30.5414449999999995
0
LINE
8
BLACK
6
CONTINUOUS
10
140.2698319999999796
20
-30.5414449999999995
11
140.5023109999999917
21
-30.5046239999999997
0
LINE
8
BLACK
6
CONTINUOUS
10
140.5023109999999917
20
-30.5046239999999997
11
140.7376889999999889
21
-30.5046239999999997
0
LINE
8
BLACK
6
CONTINUOUS
10
140.7376889999999889
20
-30.5046239999999997
11
140.970168000000001
21
-30.5414449999999995
0
LINE
8
BLACK
6
CONTINUOUS
10
54.9534139999999951
20
-35.7888519999999986
11
55.1072279999999992
21
-35.8194480000000013
0
LINE
8
BLACK
6
CONTINUOUS
10
55.1072279999999992
20
-35.8194480000000013
11
55.2521169999999984
21
-35.8794630000000012
0
LINE
8
BLACK
6
CONTINUOUS
10
55.2521169999999984
20
-35.8794630000000012
11
55.3825149999999979
21
-35.9665919999999986
0
LINE
8
BLACK
6
CONTINUOUS
10
55.3825149999999979
20
-35.9665919999999986
11
55.4934079999999952
21
-36.0774849999999958
0
LINE
8
BLACK
6
CONTINUOUS
10
55.4934079999999952
20
-36.0774849999999958
11
55.5805369999999996
21
-36.2078829999999954
0
LINE
8
BLACK
6
CONTINUOUS
10
55.5805369999999996
20
-36.2078829999999954
11
55.6405519999999996
21
-36.3527720000000016
0
LINE
8
BLACK
6
CONTINUOUS
10
55.6405519999999996
20
-36.3527720000000016
11
55.6711479999999952
21
-36.5065859999999986
0
LINE
8
BLACK
6
CONTINUOUS
10
55.6711479999999952
20
-36.5065859999999986
11
55.6711479999999952
21
-36.663413999999996
0
LINE
8
BLACK
6
CONTINUOUS
10
55.6711479999999952
20
-36.663413999999996
11
55.6405519999999996
21
-36.8172280000000001
0
LINE
8
BLACK
6
CONTINUOUS
10
55.6405519999999996
20
-36.8172280000000001
11
55.5805369999999996
21
-36.9621169999999992
0
LINE
8
BLACK
6
CONTINUOUS
10
55.5805369999999996
20
-36.9621169999999992
11
55.4934079999999952
21
-37.0925149999999988
0
LINE
8
BLACK
6
CONTINUOUS
10
55.4934079999999952
20
-37.0925149999999988
11
55.3825149999999979
21
-37.203407999999996
0
LINE
8
BLACK
6
CONTINUOUS
10
55.3825149999999979
20
-37.203407999999996
11
55.2521169999999984
21
-37.2905370000000005
0
LINE
8
BLACK
6
CONTINUOUS
10
55.2521169999999984
20
-37.2905370000000005
11
55.1072279999999992
21
-37.3505520000000004
0
LINE
8
BLACK
6
CONTINUOUS
10
55.1072279999999992
20
-37.3505520000000004
11
54.9534139999999951
21
-37.381147999999996
0
LINE
8
BLACK
6
CONTINUOUS
10
54.9534139999999951
20
-37.381147999999996
11
54.875
21
-37.384999999999998
0
LINE
8
BLACK
6
CONTINUOUS
10
54.875
20
-37.384999999999998
11
54.0749999999999957
21
-37.384999999999998
0
LINE
8
BLACK
6
CONTINUOUS
10
54.0749999999999957
20
-37.384999999999998
11
53.9965860000000006
21
-37.381147999999996
0
LINE
8
BLACK
6
CONTINUOUS
10
53.9965860000000006
20
-37.381147999999996
11
53.8427719999999965
21
-37.3505520000000004
0
LINE
8
BLACK
6
CONTINUOUS
10
53.8427719999999965
20
-37.3505520000000004
11
53.6978829999999974
21
-37.2905370000000005
0
LINE
8
BLACK
6
CONTINUOUS
10
53.6978829999999974
20
-37.2905370000000005
11
53.5674849999999978
21
-37.203407999999996
0
LINE
8
BLACK
6
CONTINUOUS
10
53.5674849999999978
20
-37.203407999999996
11
53.4565920000000006
21
-37.0925149999999988
0
LINE
8
BLACK
6
CONTINUOUS
10
53.4565920000000006
20
-37.0925149999999988
11
53.3694629999999961
21
-36.9621169999999992
0
LINE
8
BLACK
6
CONTINUOUS
10
53.3694629999999961
20
-36.9621169999999992
11
53.3094479999999962
21
-36.8172280000000001
0
LINE
8
BLACK
6
CONTINUOUS
10
53.3094479999999962
20
-36.8172280000000001
11
53.2788520000000005
21
-36.663413999999996
0
LINE
8
BLACK
6
CONTINUOUS
10
53.2788520000000005
20
-36.663413999999996
11
53.2788520000000005
21
-36.5065859999999986
0
LINE
8
BLACK
6
CONTINUOUS
10
53.2788520000000005
20
-36.5065859999999986
11
53.3094479999999962
21
-36.3527720000000016
0
LINE
8
BLACK
6
CONTINUOUS
10
53.3094479999999962
20
-36.3527720000000016
11
53.3694629999999961
21
-36.2078829999999954
0
LINE
8
BLACK
6
CONTINUOUS
10
53.3694629999999961
20
-36.2078829999999954
11
53.4565920000000006
21
-36.0774849999999958
0
LINE
8
BLACK
6
CONTINUOUS
10
53.4565920000000006
20
-36.0774849999999958
11
53.5674849999999978
21
-35.9665919999999986
0
LINE
8
BLACK
6
CONTINUOUS
10
53.5674849999999978
20
-35.9665919999999986
11
53.6978829999999974
21
-35.8794630000000012
0
LINE
8
BLACK
6
CONTINUOUS
10
53.6978829999999974
20
-35.8794630000000012
11
53.8427719999999965
21
-35.8194480000000013
0
LINE
8
BLACK
6
CONTINUOUS
10
53.8427719999999965
20
-35.8194480000000013
11
53.9965860000000006
21
-35.7888519999999986
0
LINE
8
BLACK
6
CONTINUOUS
10
53.9965860000000006
20
-35.7888519999999986
11
54.0749999999999957
21
-35.7849999999999966
0
LINE
8
BLACK
6
CONTINUOUS
10
54.0749999999999957
20
-35.7849999999999966
11
54.875
21
-35.7849999999999966
0
LINE
8
BLACK
6
CONTINUOUS
10
54.875
20
-35.7849999999999966
11
54.9534139999999951
21
-35.7888519999999986
0
LINE
8
BLACK
6
CONTINUOUS
10
62.5734139999999996
20
-35.7888519999999986
11
62.7272279999999967
21
-35.8194480000000013
0
LINE
8
BLACK
6
CONTINUOUS
10
62.7272279999999967
20
-35.8194480000000013
11
62.8721169999999958
21
-35.8794630000000012
0
LINE
8
BLACK
6
CONTINUOUS
10
62.8721169999999958
20
-35.8794630000000012
11
63.0025149999999954
21
-35.9665919999999986
0
LINE
8
BLACK
6
CONTINUOUS
10
63.0025149999999954
20
-35.9665919999999986
11
63.1134079999999997
21
-36.0774849999999958
0
LINE
8
BLACK
6
CONTINUOUS
10
63.1134079999999997
20
-36.0774849999999958
11
63.2005369999999971
21
-36.2078829999999954
0
LINE
8
BLACK
6
CONTINUOUS
10
63.2005369999999971
20
-36.2078829999999954
11
63.260551999999997
21
-36.3527720000000016
0
LINE
8
BLACK
6
CONTINUOUS
10
63.260551999999997
20
-36.3527720000000016
11
63.2911479999999997
21
-36.5065859999999986
0
LINE
8
BLACK
6
CONTINUOUS
10
63.2911479999999997
20
-36.5065859999999986
11
63.2911479999999997
21
-36.663413999999996
0
LINE
8
BLACK
6
CONTINUOUS
10
63.2911479999999997
20
-36.663413999999996
11
63.260551999999997
21
-36.8172280000000001
0
LINE
8
BLACK
6
CONTINUOUS
10
63.260551999999997
20
-36.8172280000000001
11
63.2005369999999971
21
-36.9621169999999992
0
LINE
8
BLACK
6
CONTINUOUS
10
63.2005369999999971
20
-36.9621169999999992
11
63.1134079999999997
21
-37.0925149999999988
0
LINE
8
BLACK
6
CONTINUOUS
10
63.1134079999999997
20
-37.0925149999999988
11
63.0025149999999954
21
-37.203407999999996
0
LINE
8
BLACK
6
CONTINUOUS
10
63.0025149999999954
20
-37.203407999999996
11
62.8721169999999958
21
-37.2905370000000005
0
LINE
8
BLACK
6
CONTINUOUS
10
62.8721169999999958
20
-37.2905370000000005
11
62.7272279999999967
21
-37.3505520000000004
0
LINE
8
BLACK
6
CONTINUOUS
10
62.7272279999999967
20
-37.3505520000000004
11
62.5734139999999996
21
-37.381147999999996
0
LINE
8
BLACK
6
CONTINUOUS
10
62.5734139999999996
20
-37.381147999999996
11
62.4949999999999974
21
-37.384999999999998
0
LINE
8
BLACK
6
CONTINUOUS
10
62.4949999999999974
20
-37.384999999999998
11
61.6950000000000003
21
-37.384999999999998
0
LINE
8
BLACK
6
CONTINUOUS
10
61.6950000000000003
20
-37.384999999999998
11
61.6165859999999981
21
-37.381147999999996
0
LINE
8
BLACK
6
CONTINUOUS
10
61.6165859999999981
20
-37.381147999999996
11
61.462771999999994
21
-37.3505520000000004
0
LINE
8
BLACK
6
CONTINUOUS
10
61.462771999999994
20
-37.3505520000000004
11
61.3178829999999948
21
-37.2905370000000005
0
LINE
8
BLACK
6
CONTINUOUS
10
61.3178829999999948
20
-37.2905370000000005
11
61.1874849999999952
21
-37.203407999999996
0
LINE
8
BLACK
6
CONTINUOUS
10
61.1874849999999952
20
-37.203407999999996
11
61.076591999999998
21
-37.0925149999999988
0
LINE
8
BLACK
6
CONTINUOUS
10
61.076591999999998
20
-37.0925149999999988
11
60.9894630000000006
21
-36.9621169999999992
0
LINE
8
BLACK
6
CONTINUOUS
10
60.9894630000000006
20
-36.9621169999999992
11
60.9294480000000007
21
-36.8172280000000001
0
LINE
8
BLACK
6
CONTINUOUS
10
60.9294480000000007
20
-36.8172280000000001
11
60.898851999999998
21
-36.663413999999996
0
LINE
8
BLACK
6
CONTINUOUS
10
60.898851999999998
20
-36.663413999999996
11
60.898851999999998
21
-36.5065859999999986
0
LINE
8
BLACK
6
CONTINUOUS
10
60.898851999999998
20
-36.5065859999999986
11
60.9294480000000007
21
-36.3527720000000016
0
LINE
8
BLACK
6
CONTINUOUS
10
60.9294480000000007
20
-36.3527720000000016
11
60.9894630000000006
21
-36.2078829999999954
0
LINE
8
BLACK
6
CONTINUOUS
10
60.9894630000000006
20
-36.2078829999999954
11
61.076591999999998
21
-36.0774849999999958
0
LINE
8
BLACK
6
CONTINUOUS
10
61.076591999999998
20
-36.0774849999999958
11
61.1874849999999952
21
-35.9665919999999986
0
LINE
8
BLACK
6
CONTINUOUS
10
61.1874849999999952
20
-35.9665919999999986
11
61.3178829999999948
21
-35.8794630000000012
0
LINE
8
BLACK
6
CONTINUOUS
10
61.3178829999999948
20
-35.8794630000000012
11
61.462771999999994
21
-35.8194480000000013
0
LINE
8
BLACK
6
CONTINUOUS
10
61.462771999999994
20
-35.8194480000000013
11
61.6165859999999981
21
-35.7888519999999986
0
LINE
8
BLACK
6
CONTINUOUS
10
61.6165859999999981
20
-35.7888519999999986
11
61.6950000000000003
21
-35.7849999999999966
0
LINE
8
BLACK
6
CONTINUOUS
10
61.6950000000000003
20
-35.7849999999999966
11
62.4949999999999974
21
-35.7849999999999966
0
LINE
8
BLACK
6
CONTINUOUS
10
62.4949999999999974
20
-35.7849999999999966
11
62.5734139999999996
21
-35.7888519999999986
0
LINE
8
BLACK
6
CONTINUOUS
10
81.1434139999999928
20
-35.7888519999999986
11
81.2972279999999898
21
-35.8194480000000013
0
LINE
8
BLACK
6
CONTINUOUS
10
81.2972279999999898
20
-35.8194480000000013
11
81.4421169999999961
21
-35.8794630000000012
0
LINE
8
BLACK
6
CONTINUOUS
10
81.4421169999999961
20
-35.8794630000000012
11
81.5725149999999957
21
-35.9665919999999986
0
LINE
8
BLACK
6
CONTINUOUS
10
81.5725149999999957
20
-35.9665919999999986
11
81.683408
21
-36.0774849999999958
0
LINE
8
BLACK
6
CONTINUOUS
10
81.683408
20
-36.0774849999999958
11
81.7705369999999903
21
-36.2078829999999954
0
LINE
8
BLACK
6
CONTINUOUS
10
81.7705369999999903
20
-36.2078829999999954
11
81.8305519999999973
21
-36.3527720000000016
0
LINE
8
BLACK
6
CONTINUOUS
10
81.8305519999999973
20
-36.3527720000000016
11
81.861148
21
-36.5065859999999986
0
LINE
8
BLACK
6
CONTINUOUS
10
81.861148
20
-36.5065859999999986
11
81.861148
21
-36.663413999999996
0
LINE
8
BLACK
6
CONTINUOUS
10
81.861148
20
-36.663413999999996
11
81.8305519999999973
21
-36.8172280000000001
0
LINE
8
BLACK
6
CONTINUOUS
10
81.8305519999999973
20
-36.8172280000000001
11
81.7705369999999903
21
-36.9621169999999992
0
LINE
8
BLACK
6
CONTINUOUS
10
81.7705369999999903
20
-36.9621169999999992
11
81.683408
21
-37.0925149999999988
0
LINE
8
BLACK
6
CONTINUOUS
10
81.683408
20
-37.0925149999999988
11
81.5725149999999957
21
-37.203407999999996
0
LINE
8
BLACK
6
CONTINUOUS
10
81.5725149999999957
20
-37.203407999999996
11
81.4421169999999961
21
-37.2905370000000005
0
LINE
8
BLACK
6
CONTINUOUS
10
81.4421169999999961
20
-37.2905370000000005
11
81.2972279999999898
21
-37.3505520000000004
0
LINE
8
BLACK
6
CONTINUOUS
10
81.2972279999999898
20
-37.3505520000000004
11
81.1434139999999928
21
-37.381147999999996
0
LINE
8
BLACK
6
CONTINUOUS
10
81.1434139999999928
20
-37.381147999999996
11
81.0649999999999977
21
-37.384999999999998
0
LINE
8
BLACK
6
CONTINUOUS
10
81.0649999999999977
20
-37.384999999999998
11
80.2650000000000006
21
-37.384999999999998
0
LINE
8
BLACK
6
CONTINUOUS
10
80.2650000000000006
20
-37.384999999999998
11
80.1865859999999913
21
-37.381147999999996
0
LINE
8
BLACK
6
CONTINUOUS
10
80.1865859999999913
20
-37.381147999999996
11
80.0327719999999943
21
-37.3505520000000004
0
LINE
8
BLACK
6
CONTINUOUS
10
80.0327719999999943
20
-37.3505520000000004
11
79.8878830000000022
21
-37.2905370000000005
0
LINE
8
BLACK
6
CONTINUOUS
10
79.8878830000000022
20
-37.2905370000000005
11
79.7574850000000026
21
-37.203407999999996
0
LINE
8
BLACK
6
CONTINUOUS
10
79.7574850000000026
20
-37.203407999999996
11
79.6465919999999983
21
-37.0925149999999988
0
LINE
8
BLACK
6
CONTINUOUS
10
79.6465919999999983
20
-37.0925149999999988
11
79.5594629999999938
21
-36.9621169999999992
0
LINE
8
BLACK
6
CONTINUOUS
10
79.5594629999999938
20
-36.9621169999999992
11
79.499448000000001
21
-36.8172280000000001
0
LINE
8
BLACK
6
CONTINUOUS
10
79.499448000000001
20
-36.8172280000000001
11
79.4688519999999983
21
-36.663413999999996
0
LINE
8
BLACK
6
CONTINUOUS
10
79.4688519999999983
20
-36.663413999999996
11
79.4688519999999983
21
-36.5065859999999986
0
LINE
8
BLACK
6
CONTINUOUS
10
79.4688519999999983
20
-36.5065859999999986
11
79.499448000000001
21
-36.3527720000000016
0
LINE
8
BLACK
6
CONTINUOUS
10
79.499448000000001
20
-36.3527720000000016
11
79.5594629999999938
21
-36.2078829999999954
0
LINE
8
BLACK
6
CONTINUOUS
10
79.5594629999999938
20
-36.2078829999999954
11
79.6465919999999983
21
-36.0774849999999958
0
LINE
8
BLACK
6
CONTINUOUS
10
79.6465919999999983
20
-36.0774849999999958
11
79.7574850000000026
21
-35.9665919999999986
0
LINE
8
BLACK
6
CONTINUOUS
10
79.7574850000000026
20
-35.9665919999999986
11
79.8878830000000022
21
-35.8794630000000012
0
LINE
8
BLACK
6
CONTINUOUS
10
79.8878830000000022
20
-35.8794630000000012
11
80.0327719999999943
21
-35.8194480000000013
0
LINE
8
BLACK
6
CONTINUOUS
10
80.0327719999999943
20
-35.8194480000000013
11
80.1865859999999913
21
-35.7888519999999986
0
LINE
8
BLACK
6
CONTINUOUS
10
80.1865859999999913
20
-35.7888519999999986
11
80.2650000000000006
21
-35.7849999999999966
0
LINE
8
BLACK
6
CONTINUOUS
10
80.2650000000000006
20
-35.7849999999999966
11
81.0649999999999977
21
-35.7849999999999966
0
LINE
8
BLACK
6
CONTINUOUS
10
81.0649999999999977
20
-35.7849999999999966
11
81.1434139999999928
21
-35.7888519999999986
0
LINE
8
BLACK
6
CONTINUOUS
10
55.5206710000000001
20
-33.2640299999999982
11
55.6017769999999985
21
-33.3182229999999961
0
LINE
8
BLACK
6
CONTINUOUS
10
55.6017769999999985
20
-33.3182229999999961
11
55.6559699999999964
21
-33.3993290000000016
0
LINE
8
BLACK
6
CONTINUOUS
10
55.6559699999999964
20
-33.3993290000000016
11
55.6749999999999972
21
-33.4949999999999974
0
LINE
8
BLACK
6
CONTINUOUS
10
55.6749999999999972
20
-33.4949999999999974
11
55.6749999999999972
21
-34.5949999999999989
0
LINE
8
BLACK
6
CONTINUOUS
10
55.6749999999999972
20
-34.5949999999999989
11
55.6559699999999964
21
-34.6906710000000018
0
LINE
8
BLACK
6
CONTINUOUS
10
55.6559699999999964
20
-34.6906710000000018
11
55.6017769999999985
21
-34.7717770000000002
0
LINE
8
BLACK
6
CONTINUOUS
10
55.6017769999999985
20
-34.7717770000000002
11
55.5206710000000001
21
-34.8259699999999981
0
LINE
8
BLACK
6
CONTINUOUS
10
55.5206710000000001
20
-34.8259699999999981
11
55.4249999999999972
21
-34.8449999999999989
0
LINE
8
BLACK
6
CONTINUOUS
10
55.4249999999999972
20
-34.8449999999999989
11
53.5249999999999986
21
-34.8449999999999989
0
LINE
8
BLACK
6
CONTINUOUS
10
53.5249999999999986
20
-34.8449999999999989
11
53.4293289999999956
21
-34.8259699999999981
0
LINE
8
BLACK
6
CONTINUOUS
10
53.4293289999999956
20
-34.8259699999999981
11
53.3482229999999973
21
-34.7717770000000002
0
LINE
8
BLACK
6
CONTINUOUS
10
53.3482229999999973
20
-34.7717770000000002
11
53.2940299999999993
21
-34.6906710000000018
0
LINE
8
BLACK
6
CONTINUOUS
10
53.2940299999999993
20
-34.6906710000000018
11
53.2749999999999986
21
-34.5949999999999989
0
LINE
8
BLACK
6
CONTINUOUS
10
53.2749999999999986
20
-34.5949999999999989
11
53.2749999999999986
21
-33.4949999999999974
0
LINE
8
BLACK
6
CONTINUOUS
10
53.2749999999999986
20
-33.4949999999999974
11
53.2940299999999993
21
-33.3993290000000016
0
LINE
8
BLACK
6
CONTINUOUS
10
53.2940299999999993
20
-33.3993290000000016
11
53.3482229999999973
21
-33.3182229999999961
0
LINE
8
BLACK
6
CONTINUOUS
10
53.3482229999999973
20
-33.3182229999999961
11
53.4293289999999956
21
-33.2640299999999982
0
LINE
8
BLACK
6
CONTINUOUS
10
53.4293289999999956
20
-33.2640299999999982
11
53.5249999999999986
21
-33.2449999999999974
0
LINE
8
BLACK
6
CONTINUOUS
10
53.5249999999999986
20
-33.2449999999999974
11
55.4249999999999972
21
-33.2449999999999974
0
LINE
8
BLACK
6
CONTINUOUS
10
55.4249999999999972
20
-33.2449999999999974
11
55.5206710000000001
21
-33.2640299999999982
0
LINE
8
BLACK
6
CONTINUOUS
10
74.0906710000000004
20
-33.2640299999999982
11
74.1717769999999916
21
-33.3182229999999961
0
LINE
8
BLACK
6
CONTINUOUS
10
74.1717769999999916
20
-33.3182229999999961
11
74.2259699999999896
21
-33.3993290000000016
0
LINE
8
BLACK
6
CONTINUOUS
10
74.2259699999999896
20
-33.3993290000000016
11
74.2449999999999903
21
-33.4949999999999974
0
LINE
8
BLACK
6
CONTINUOUS
10
74.2449999999999903
20
-33.4949999999999974
11
74.2449999999999903
21
-34.5949999999999989
0
LINE
8
BLACK
6
CONTINUOUS
10
74.2449999999999903
20
-34.5949999999999989
11
74.2259699999999896
21
-34.6906710000000018
0
LINE
8
BLACK
6
CONTINUOUS
10
74.2259699999999896
20
-34.6906710000000018
11
74.1717769999999916
21
-34.7717770000000002
0
LINE
8
BLACK
6
CONTINUOUS
10
74.1717769999999916
20
-34.7717770000000002
11
74.0906710000000004
21
-34.8259699999999981
0
LINE
8
BLACK
6
CONTINUOUS
10
74.0906710000000004
20
-34.8259699999999981
11
73.9949999999999903
21
-34.8449999999999989
0
LINE
8
BLACK
6
CONTINUOUS
10
73.9949999999999903
20
-34.8449999999999989
11
72.0949999999999989
21
-34.8449999999999989
0
LINE
8
BLACK
6
CONTINUOUS
10
72.0949999999999989
20
-34.8449999999999989
11
71.999329000000003
21
-34.8259699999999981
0
LINE
8
BLACK
6
CONTINUOUS
10
71.999329000000003
20
-34.8259699999999981
11
71.9182229999999976
21
-34.7717770000000002
0
LINE
8
BLACK
6
CONTINUOUS
10
71.9182229999999976
20
-34.7717770000000002
11
71.8640299999999996
21
-34.6906710000000018
0
LINE
8
BLACK
6
CONTINUOUS
10
71.8640299999999996
20
-34.6906710000000018
11
71.8449999999999989
21
-34.5949999999999989
0
LINE
8
BLACK
6
CONTINUOUS
10
71.8449999999999989
20
-34.5949999999999989
11
71.8449999999999989
21
-33.4949999999999974
0
LINE
8
BLACK
6
CONTINUOUS
10
71.8449999999999989
20
-33.4949999999999974
11
71.8640299999999996
21
-33.3993290000000016
0
LINE
8
BLACK
6
CONTINUOUS
10
71.8640299999999996
20
-33.3993290000000016
11
71.9182229999999976
21
-33.3182229999999961
0
LINE
8
BLACK
6
CONTINUOUS
10
71.9182229999999976
20
-33.3182229999999961
11
71.999329000000003
21
-33.2640299999999982
0
LINE
8
BLACK
6
CONTINUOUS
10
71.999329000000003
20
-33.2640299999999982
11
72.0949999999999989
21
-33.2449999999999974
0
LINE
8
BLACK
6
CONTINUOUS
10
72.0949999999999989
20
-33.2449999999999974
11
73.9949999999999903
21
-33.2449999999999974
0
LINE
8
BLACK
6
CONTINUOUS
10
73.9949999999999903
20
-33.2449999999999974
11
74.0906710000000004
21
-33.2640299999999982
0
LINE
8
BLACK
6
CONTINUOUS
10
138.6662139999999965
20
-30.4612999999999978
11
138.680388999999991
21
-30.4604559999999971
0
LINE
8
BLACK
6
CONTINUOUS
10
138.680388999999991
20
-30.4604559999999971
11
138.6990729999999985
21
-30.4709479999999999
0
LINE
8
BLACK
6
CONTINUOUS
10
138.6990729999999985
20
-30.4709479999999999
11
138.7196299999999951
21
-30.4769849999999991
0
LINE
8
BLACK
6
CONTINUOUS
10
138.7196299999999951
20
-30.4769849999999991
11
138.7289269999999988
21
-30.4877139999999969
0
LINE
8
BLACK
6
CONTINUOUS
10
138.7289269999999988
20
-30.4877139999999969
11
138.7413090000000011
21
-30.4946679999999972
0
LINE
8
BLACK
6
CONTINUOUS
10
138.7413090000000011
20
-30.4946679999999972
11
138.7513539999999921
21
-30.5135969999999972
0
LINE
8
BLACK
6
CONTINUOUS
10
138.7513539999999921
20
-30.5135969999999972
11
138.7653849999999807
21
-30.5297889999999974
0
LINE
8
BLACK
6
CONTINUOUS
10
138.7653849999999807
20
-30.5297889999999974
11
138.7674049999999966
21
-30.5438419999999979
0
LINE
8
BLACK
6
CONTINUOUS
10
138.7674049999999966
20
-30.5438419999999979
11
138.7740619999999865
21
-30.5563849999999988
0
LINE
8
BLACK
6
CONTINUOUS
10
138.7740619999999865
20
-30.5563849999999988
11
138.7722789999999975
21
-30.5777369999999991
0
LINE
8
BLACK
6
CONTINUOUS
10
138.7722789999999975
20
-30.5777369999999991
11
138.7753289999999993
21
-30.598946999999999
0
LINE
8
BLACK
6
CONTINUOUS
10
138.7753289999999993
20
-30.598946999999999
11
138.7693170000000009
21
-30.6132199999999983
0
LINE
8
BLACK
6
CONTINUOUS
10
138.7693170000000009
20
-30.6132199999999983
11
138.7682489999999973
21
-30.6260130000000004
0
LINE
8
BLACK
6
CONTINUOUS
10
138.7682489999999973
20
-30.6260130000000004
11
138.7509670000000028
21
-30.6567860000000003
0
LINE
8
BLACK
6
CONTINUOUS
10
138.7509670000000028
20
-30.6567860000000003
11
138.7030989999999804
21
-30.7191679999999998
0
LINE
8
BLACK
6
CONTINUOUS
10
138.7030989999999804
20
-30.7191679999999998
11
138.5523179999999854
21
-30.9803280000000001
0
LINE
8
BLACK
6
CONTINUOUS
10
138.5523179999999854
20
-30.9803280000000001
11
138.5523139999999955
21
-30.9803379999999997
0
LINE
8
BLACK
6
CONTINUOUS
10
138.5523139999999955
20
-30.9803379999999997
11
138.4369130000000041
21
-31.258938999999998
0
LINE
8
BLACK
6
CONTINUOUS
10
138.4369130000000041
20
-31.258938999999998
11
138.3588609999999903
21
-31.5502329999999986
0
LINE
8
BLACK
6
CONTINUOUS
10
138.3588609999999903
20
-31.5502329999999986
11
138.3195010000000025
21
-31.8492059999999988
0
LINE
8
BLACK
6
CONTINUOUS
10
138.3195010000000025
20
-31.8492059999999988
11
138.319500000000005
21
-31.8492229999999985
0
LINE
8
BLACK
6
CONTINUOUS
10
138.319500000000005
20
-31.8492229999999985
11
138.319500000000005
21
-32.1507760000000005
0
LINE
8
BLACK
6
CONTINUOUS
10
138.319500000000005
20
-32.1507760000000005
11
138.3195010000000025
21
-32.1507930000000002
0
LINE
8
BLACK
6
CONTINUOUS
10
138.3195010000000025
20
-32.1507930000000002
11
138.3476440000000025
21
-32.3645610000000019
0
LINE
8
BLACK
6
CONTINUOUS
10
138.3476440000000025
20
-32.3645610000000019
11
138.3368779999999845
21
-32.4335960000000014
0
LINE
8
BLACK
6
CONTINUOUS
10
138.3368779999999845
20
-32.4335960000000014
11
138.3123860000000036
21
-32.4684269999999984
0
LINE
8
BLACK
6
CONTINUOUS
10
138.3123860000000036
20
-32.4684269999999984
11
138.0521809999999903
21
-32.728632999999995
0
LINE
8
BLACK
6
CONTINUOUS
10
138.0521809999999903
20
-32.728632999999995
11
137.9908580000000029
21
-32.762118000000001
0
LINE
8
BLACK
6
CONTINUOUS
10
137.9908580000000029
20
-32.762118000000001
11
137.921166999999997
21
-32.7571340000000006
0
LINE
8
BLACK
6
CONTINUOUS
10
137.921166999999997
20
-32.7571340000000006
11
137.8652329999999893
21
-32.7152630000000002
0
LINE
8
BLACK
6
CONTINUOUS
10
137.8652329999999893
20
-32.7152630000000002
11
137.8408159999999896
21
-32.649797999999997
0
LINE
8
BLACK
6
CONTINUOUS
10
137.8408159999999896
20
-32.649797999999997
11
137.8404999999999916
21
-32.6409519999999986
0
LINE
8
BLACK
6
CONTINUOUS
10
137.8404999999999916
20
-32.6409519999999986
11
137.8404999999999916
21
-30.5812999999999988
0
LINE
8
BLACK
6
CONTINUOUS
10
137.8404999999999916
20
-30.5812999999999988
11
137.8601850000000013
21
-30.5142609999999976
0
LINE
8
BLACK
6
CONTINUOUS
10
137.8601850000000013
20
-30.5142609999999976
11
137.9129889999999818
21
-30.4685059999999979
0
LINE
8
BLACK
6
CONTINUOUS
10
137.9129889999999818
20
-30.4685059999999979
11
137.9644999999999868
21
-30.4573
0
LINE
8
BLACK
6
CONTINUOUS
10
137.9644999999999868
20
-30.4573
11
138.652591000000001
21
-30.4573
0
LINE
8
BLACK
6
CONTINUOUS
10
138.652591000000001
20
-30.4573
11
138.6662139999999965
21
-30.4612999999999978
0
LINE
8
BLACK
6
CONTINUOUS
10
109.9742639999999909
20
-63.0412099999999995
11
109.9792439999999942
21
-63.0432729999999992
0
LINE
8
BLACK
6
CONTINUOUS
10
109.9792439999999942
20
-63.0432729999999992
11
109.984618999999995
21
-63.043654999999994
0
LINE
8
BLACK
6
CONTINUOUS
10
109.984618999999995
20
-63.043654999999994
11
110.0120819999999924
21
-63.0541640000000001
0
LINE
8
BLACK
6
CONTINUOUS
10
110.0120819999999924
20
-63.0541640000000001
11
110.1549389999999988
21
-63.125592999999995
0
LINE
8
BLACK
6
CONTINUOUS
10
110.1549389999999988
20
-63.125592999999995
11
110.1675319999999942
21
-63.1335199999999972
0
LINE
8
BLACK
6
CONTINUOUS
10
110.1675319999999942
20
-63.1335199999999972
11
110.1711919999999907
21
-63.1350359999999995
0
LINE
8
BLACK
6
CONTINUOUS
10
110.1711919999999907
20
-63.1350359999999995
11
110.1753109999999936
21
-63.1384169999999969
0
LINE
8
BLACK
6
CONTINUOUS
10
110.1753109999999936
20
-63.1384169999999969
11
110.1798249999999939
21
-63.1412580000000005
0
LINE
8
BLACK
6
CONTINUOUS
10
110.1798249999999939
20
-63.1412580000000005
11
110.1824209999999908
21
-63.144250999999997
0
LINE
8
BLACK
6
CONTINUOUS
10
110.1824209999999908
20
-63.144250999999997
11
110.1939229999999981
21
-63.1536909999999949
0
LINE
8
BLACK
6
CONTINUOUS
10
110.1939229999999981
20
-63.1536909999999949
11
110.2653509999999955
21
-63.2251189999999994
0
LINE
8
BLACK
6
CONTINUOUS
10
110.2653509999999955
20
-63.2251189999999994
11
110.2840059999999909
21
-63.2478489999999951
0
LINE
8
BLACK
6
CONTINUOUS
10
110.2840059999999909
20
-63.2478489999999951
11
110.3064019999999914
21
-63.3019219999999976
0
LINE
8
BLACK
6
CONTINUOUS
10
110.3064019999999914
20
-63.3019219999999976
11
110.3064019999999914
21
-63.3604479999999981
0
LINE
8
BLACK
6
CONTINUOUS
10
110.3064019999999914
20
-63.3604479999999981
11
110.2840059999999909
21
-63.414519999999996
0
LINE
8
BLACK
6
CONTINUOUS
10
110.2840059999999909
20
-63.414519999999996
11
110.2426199999999881
21
-63.4559059999999988
0
LINE
8
BLACK
6
CONTINUOUS
10
110.2426199999999881
20
-63.4559059999999988
11
110.1885479999999973
21
-63.4783019999999993
0
LINE
8
BLACK
6
CONTINUOUS
10
110.1885479999999973
20
-63.4783019999999993
11
110.1300219999999968
21
-63.4783019999999993
0
LINE
8
BLACK
6
CONTINUOUS
10
110.1300219999999968
20
-63.4783019999999993
11
110.0759489999999943
21
-63.4559059999999988
0
LINE
8
BLACK
6
CONTINUOUS
10
110.0759489999999943
20
-63.4559059999999988
11
110.0532189999999986
21
-63.4372509999999963
0
LINE
8
BLACK
6
CONTINUOUS
10
110.0532189999999986
20
-63.4372509999999963
11
109.9990030000000019
21
-63.3830349999999996
0
LINE
8
BLACK
6
CONTINUOUS
10
109.9990030000000019
20
-63.3830349999999996
11
109.9095899999999943
21
-63.3383279999999971
0
LINE
8
BLACK
6
CONTINUOUS
10
109.9095899999999943
20
-63.3383279999999971
11
109.6232669999999985
21
-63.3383279999999971
0
LINE
8
BLACK
6
CONTINUOUS
10
109.6232669999999985
20
-63.3383279999999971
11
109.5338529999999935
21
-63.3830349999999996
0
LINE
8
BLACK
6
CONTINUOUS
10
109.5338529999999935
20
-63.3830349999999996
11
109.4968489999999974
21
-63.4200379999999981
0
LINE
8
BLACK
6
CONTINUOUS
10
109.4968489999999974
20
-63.4200379999999981
11
109.4521419999999949
21
-63.509451999999996
0
LINE
8
BLACK
6
CONTINUOUS
10
109.4521419999999949
20
-63.509451999999996
11
109.4521419999999949
21
-63.5925579999999968
0
LINE
8
BLACK
6
CONTINUOUS
10
109.4521419999999949
20
-63.5925579999999968
11
109.5046749999999918
21
-63.7501569999999944
0
LINE
8
BLACK
6
CONTINUOUS
10
109.5046749999999918
20
-63.7501569999999944
11
110.3367799999999903
21
-64.5822620000000001
0
LINE
8
BLACK
6
CONTINUOUS
10
110.3367799999999903
20
-64.5822620000000001
11
110.3554349999999999
21
-64.6049919999999958
0
LINE
8
BLACK
6
CONTINUOUS
10
110.3554349999999999
20
-64.6049919999999958
11
110.3778319999999979
21
-64.6590649999999982
0
LINE
8
BLACK
6
CONTINUOUS
10
110.3778319999999979
20
-64.6590649999999982
11
110.3778319999999979
21
-64.7175909999999988
0
LINE
8
BLACK
6
CONTINUOUS
10
110.3778319999999979
20
-64.7175909999999988
11
110.3554349999999999
21
-64.7716630000000038
0
LINE
8
BLACK
6
CONTINUOUS
10
110.3554349999999999
20
-64.7716630000000038
11
110.3140489999999971
21
-64.8130489999999924
0
LINE
8
BLACK
6
CONTINUOUS
10
110.3140489999999971
20
-64.8130489999999924
11
110.2912509999999884
21
-64.8224919999999969
0
LINE
8
BLACK
6
CONTINUOUS
10
110.2912509999999884
20
-64.8224919999999969
11
110.2599779999999896
21
-64.8354459999999904
0
LINE
8
BLACK
6
CONTINUOUS
10
110.2599779999999896
20
-64.8354459999999904
11
110.2307139999999919
21
-64.83832799999999
0
LINE
8
BLACK
6
CONTINUOUS
10
110.2307139999999919
20
-64.83832799999999
11
109.3021419999999893
21
-64.83832799999999
0
LINE
8
BLACK
6
CONTINUOUS
10
109.3021419999999893
20
-64.83832799999999
11
109.2728779999999915
21
-64.8354459999999904
0
LINE
8
BLACK
6
CONTINUOUS
10
109.2728779999999915
20
-64.8354459999999904
11
109.2188060000000007
21
-64.8130479999999949
0
LINE
8
BLACK
6
CONTINUOUS
10
109.2188060000000007
20
-64.8130479999999949
11
109.1774219999999929
21
-64.7716640000000012
0
LINE
8
BLACK
6
CONTINUOUS
10
109.1774219999999929
20
-64.7716640000000012
11
109.1550239999999974
21
-64.7175919999999962
0
LINE
8
BLACK
6
CONTINUOUS
10
109.1550239999999974
20
-64.7175919999999962
11
109.1550239999999974
21
-64.6590640000000008
0
LINE
8
BLACK
6
CONTINUOUS
10
109.1550239999999974
20
-64.6590640000000008
11
109.1774219999999929
21
-64.6049919999999958
0
LINE
8
BLACK
6
CONTINUOUS
10
109.1774219999999929
20
-64.6049919999999958
11
109.2188060000000007
21
-64.5636080000000021
0
LINE
8
BLACK
6
CONTINUOUS
10
109.2188060000000007
20
-64.5636080000000021
11
109.2728779999999915
21
-64.5412099999999924
0
LINE
8
BLACK
6
CONTINUOUS
10
109.2728779999999915
20
-64.5412099999999924
11
109.3021419999999893
21
-64.5383279999999928
0
LINE
8
BLACK
6
CONTINUOUS
10
109.3021419999999893
20
-64.5383279999999928
11
109.8685819999999893
21
-64.5383279999999928
0
LINE
8
BLACK
6
CONTINUOUS
10
109.8685819999999893
20
-64.5383279999999928
11
109.2675049999999999
21
-63.9372509999999963
0
LINE
8
BLACK
6
CONTINUOUS
10
109.2675049999999999
20
-63.9372509999999963
11
109.2488499999999902
21
-63.914519999999996
0
LINE
8
BLACK
6
CONTINUOUS
10
109.2488499999999902
20
-63.914519999999996
11
109.2467869999999976
21
-63.9095399999999998
0
LINE
8
BLACK
6
CONTINUOUS
10
109.2467869999999976
20
-63.9095399999999998
11
109.2432569999999998
21
-63.905469999999994
0
LINE
8
BLACK
6
CONTINUOUS
10
109.2432569999999998
20
-63.905469999999994
11
109.2312689999999975
21
-63.8786190000000005
0
LINE
8
BLACK
6
CONTINUOUS
10
109.2312689999999975
20
-63.8786190000000005
11
109.1598399999999884
21
-63.6643349999999941
0
LINE
8
BLACK
6
CONTINUOUS
10
109.1598399999999884
20
-63.6643349999999941
11
109.1565399999999926
21
-63.6498249999999999
0
LINE
8
BLACK
6
CONTINUOUS
10
109.1565399999999926
20
-63.6498249999999999
11
109.1550239999999974
21
-63.6461639999999989
0
LINE
8
BLACK
6
CONTINUOUS
10
109.1550239999999974
20
-63.6461639999999989
11
109.1545009999999962
21
-63.6408549999999948
0
LINE
8
BLACK
6
CONTINUOUS
10
109.1545009999999962
20
-63.6408549999999948
11
109.1533199999999937
21
-63.6356609999999989
0
LINE
8
BLACK
6
CONTINUOUS
10
109.1533199999999937
20
-63.6356609999999989
11
109.1535999999999973
21
-63.6317109999999957
0
LINE
8
BLACK
6
CONTINUOUS
10
109.1535999999999973
20
-63.6317109999999957
11
109.1521419999999978
21
-63.616899999999994
0
LINE
8
BLACK
6
CONTINUOUS
10
109.1521419999999978
20
-63.616899999999994
11
109.1521419999999978
21
-63.4740419999999972
0
LINE
8
BLACK
6
CONTINUOUS
10
109.1521419999999978
20
-63.4740419999999972
11
109.1550239999999974
21
-63.4447779999999995
0
LINE
8
BLACK
6
CONTINUOUS
10
109.1550239999999974
20
-63.4447779999999995
11
109.15708699999999
21
-63.4397969999999987
0
LINE
8
BLACK
6
CONTINUOUS
10
109.15708699999999
20
-63.4397969999999987
11
109.1574689999999919
21
-63.4344229999999953
0
LINE
8
BLACK
6
CONTINUOUS
10
109.1574689999999919
20
-63.4344229999999953
11
109.1679779999999909
21
-63.406959999999998
0
LINE
8
BLACK
6
CONTINUOUS
10
109.1679779999999909
20
-63.406959999999998
11
109.2394069999999999
21
-63.2641029999999986
0
LINE
8
BLACK
6
CONTINUOUS
10
109.2394069999999999
20
-63.2641029999999986
11
109.2473349999999925
21
-63.2515069999999966
0
LINE
8
BLACK
6
CONTINUOUS
10
109.2473349999999925
20
-63.2515069999999966
11
109.2488510000000019
21
-63.2478489999999951
0
LINE
8
BLACK
6
CONTINUOUS
10
109.2488510000000019
20
-63.2478489999999951
11
109.2522299999999973
21
-63.2437309999999968
0
LINE
8
BLACK
6
CONTINUOUS
10
109.2522299999999973
20
-63.2437309999999968
11
109.2550719999999984
21
-63.2392169999999965
0
LINE
8
BLACK
6
CONTINUOUS
10
109.2550719999999984
20
-63.2392169999999965
11
109.2580659999999995
21
-63.2366199999999949
0
LINE
8
BLACK
6
CONTINUOUS
10
109.2580659999999995
20
-63.2366199999999949
11
109.2675059999999974
21
-63.2251179999999948
0
LINE
8
BLACK
6
CONTINUOUS
10
109.2675059999999974
20
-63.2251179999999948
11
109.3389349999999922
21
-63.1536899999999974
0
LINE
8
BLACK
6
CONTINUOUS
10
109.3389349999999922
20
-63.1536899999999974
11
109.3504349999999903
21
-63.144250999999997
0
LINE
8
BLACK
6
CONTINUOUS
10
109.3504349999999903
20
-63.144250999999997
11
109.3530319999999989
21
-63.1412580000000005
0
LINE
8
BLACK
6
CONTINUOUS
10
109.3530319999999989
20
-63.1412580000000005
11
109.3575439999999901
21
-63.1384169999999969
0
LINE
8
BLACK
6
CONTINUOUS
10
109.3575439999999901
20
-63.1384169999999969
11
109.3616650000000021
21
-63.1350359999999995
0
LINE
8
BLACK
6
CONTINUOUS
10
109.3616650000000021
20
-63.1350359999999995
11
109.3653240000000011
21
-63.1335199999999972
0
LINE
8
BLACK
6
CONTINUOUS
10
109.3653240000000011
20
-63.1335199999999972
11
109.377917999999994
21
-63.125592999999995
0
LINE
8
BLACK
6
CONTINUOUS
10
109.377917999999994
20
-63.125592999999995
11
109.5207739999999887
21
-63.0541640000000001
0
LINE
8
BLACK
6
CONTINUOUS
10
109.5207739999999887
20
-63.0541640000000001
11
109.5482379999999978
21
-63.043654999999994
0
LINE
8
BLACK
6
CONTINUOUS
10
109.5482379999999978
20
-63.043654999999994
11
109.5536120000000011
21
-63.0432729999999992
0
LINE
8
BLACK
6
CONTINUOUS
10
109.5536120000000011
20
-63.0432729999999992
11
109.5585930000000019
21
-63.0412099999999995
0
LINE
8
BLACK
6
CONTINUOUS
10
109.5585930000000019
20
-63.0412099999999995
11
109.5878569999999996
21
-63.0383279999999999
0
LINE
8
BLACK
6
CONTINUOUS
10
109.5878569999999996
20
-63.0383279999999999
11
109.9449999999999932
21
-63.0383279999999999
0
LINE
8
BLACK
6
CONTINUOUS
10
109.9449999999999932
20
-63.0383279999999999
11
109.9742639999999909
21
-63.0412099999999995
0
LINE
8
BLACK
6
CONTINUOUS
10
111.6885489999999947
20
-63.0412099999999995
11
111.7426209999999998
21
-63.063607999999995
0
LINE
8
BLACK
6
CONTINUOUS
10
111.7426209999999998
20
-63.063607999999995
11
111.7840049999999934
21
-63.1049919999999958
0
LINE
8
BLACK
6
CONTINUOUS
10
111.7840049999999934
20
-63.1049919999999958
11
111.8064029999999889
21
-63.1590639999999937
0
LINE
8
BLACK
6
CONTINUOUS
10
111.8064029999999889
20
-63.1590639999999937
11
111.8064029999999889
21
-63.2175919999999962
0
LINE
8
BLACK
6
CONTINUOUS
10
111.8064029999999889
20
-63.2175919999999962
11
111.7840049999999934
21
-63.2716639999999941
0
LINE
8
BLACK
6
CONTINUOUS
10
111.7840049999999934
20
-63.2716639999999941
11
111.7426209999999998
21
-63.3130479999999949
0
LINE
8
BLACK
6
CONTINUOUS
10
111.7426209999999998
20
-63.3130479999999949
11
111.6885489999999947
21
-63.3354459999999975
0
LINE
8
BLACK
6
CONTINUOUS
10
111.6885489999999947
20
-63.3354459999999975
11
111.659284999999997
21
-63.3383279999999971
0
LINE
8
BLACK
6
CONTINUOUS
10
111.659284999999997
20
-63.3383279999999971
11
111.0612780000000015
21
-63.3383279999999971
0
LINE
8
BLACK
6
CONTINUOUS
10
111.0612780000000015
20
-63.3383279999999971
11
111.3435989999999975
21
-63.6609809999999996
0
LINE
8
BLACK
6
CONTINUOUS
10
111.3435989999999975
20
-63.6609809999999996
11
111.3526419999999888
21
-63.6736299999999957
0
LINE
8
BLACK
6
CONTINUOUS
10
111.3526419999999888
20
-63.6736299999999957
11
111.3554329999999908
21
-63.6764209999999977
0
LINE
8
BLACK
6
CONTINUOUS
10
111.3554329999999908
20
-63.6764209999999977
11
111.3565279999999973
21
-63.6790649999999943
0
LINE
8
BLACK
6
CONTINUOUS
10
111.3565279999999973
20
-63.6790649999999943
11
111.3607009999999917
21
-63.6849019999999939
0
LINE
8
BLACK
6
CONTINUOUS
10
111.3607009999999917
20
-63.6849019999999939
11
111.3685059999999964
21
-63.7079809999999966
0
LINE
8
BLACK
6
CONTINUOUS
10
111.3685059999999964
20
-63.7079809999999966
11
111.3778310000000005
21
-63.7304929999999956
0
LINE
8
BLACK
6
CONTINUOUS
10
111.3778310000000005
20
-63.7304929999999956
11
111.3778310000000005
21
-63.7355540000000005
0
LINE
8
BLACK
6
CONTINUOUS
10
111.3778310000000005
20
-63.7355540000000005
11
111.3794509999999889
21
-63.7403449999999978
0
LINE
8
BLACK
6
CONTINUOUS
10
111.3794509999999889
20
-63.7403449999999978
11
111.3778310000000005
21
-63.7646449999999945
0
LINE
8
BLACK
6
CONTINUOUS
10
111.3778310000000005
20
-63.7646449999999945
11
111.3778310000000005
21
-63.7890209999999982
0
LINE
8
BLACK
6
CONTINUOUS
10
111.3778310000000005
20
-63.7890209999999982
11
111.3758939999999882
21
-63.7936959999999971
0
LINE
8
BLACK
6
CONTINUOUS
10
111.3758939999999882
20
-63.7936959999999971
11
111.3755579999999981
21
-63.7987409999999997
0
LINE
8
BLACK
6
CONTINUOUS
10
111.3755579999999981
20
-63.7987409999999997
11
111.3647589999999923
21
-63.8205759999999955
0
LINE
8
BLACK
6
CONTINUOUS
10
111.3647589999999923
20
-63.8205759999999955
11
111.3554329999999908
21
-63.8430929999999961
0
LINE
8
BLACK
6
CONTINUOUS
10
111.3554329999999908
20
-63.8430929999999961
11
111.3518559999999979
21
-63.8466689999999986
0
LINE
8
BLACK
6
CONTINUOUS
10
111.3518559999999979
20
-63.8466689999999986
11
111.3496139999999883
21
-63.8512039999999956
0
LINE
8
BLACK
6
CONTINUOUS
10
111.3496139999999883
20
-63.8512039999999956
11
111.3312779999999975
21
-63.867246999999999
0
LINE
8
BLACK
6
CONTINUOUS
10
111.3312779999999975
20
-63.867246999999999
11
111.3140489999999971
21
-63.8844769999999968
0
LINE
8
BLACK
6
CONTINUOUS
10
111.3140489999999971
20
-63.8844769999999968
11
111.3093739999999912
21
-63.8864129999999975
0
LINE
8
BLACK
6
CONTINUOUS
10
111.3093739999999912
20
-63.8864129999999975
11
111.3055669999999964
21
-63.8897449999999978
0
LINE
8
BLACK
6
CONTINUOUS
10
111.3055669999999964
20
-63.8897449999999978
11
111.2824909999999932
21
-63.8975480000000005
0
LINE
8
BLACK
6
CONTINUOUS
10
111.2824909999999932
20
-63.8975480000000005
11
111.2599769999999921
21
-63.9068749999999994
0
LINE
8
BLACK
6
CONTINUOUS
10
111.2599769999999921
20
-63.9068749999999994
11
111.2528349999999904
21
-63.9075779999999938
0
LINE
8
BLACK
6
CONTINUOUS
10
111.2528349999999904
20
-63.9075779999999938
11
111.250124999999997
21
-63.9084949999999949
0
LINE
8
BLACK
6
CONTINUOUS
10
111.250124999999997
20
-63.9084949999999949
11
111.2461899999999986
21
-63.9082319999999982
0
LINE
8
BLACK
6
CONTINUOUS
10
111.2461899999999986
20
-63.9082319999999982
11
111.2307129999999944
21
-63.909756999999999
0
LINE
8
BLACK
6
CONTINUOUS
10
111.2307129999999944
20
-63.909756999999999
11
111.0518379999999894
21
-63.909756999999999
0
LINE
8
BLACK
6
CONTINUOUS
10
111.0518379999999894
20
-63.909756999999999
11
110.9624239999999986
21
-63.954462999999997
0
LINE
8
BLACK
6
CONTINUOUS
10
110.9624239999999986
20
-63.954462999999997
11
110.9254199999999884
21
-63.9914670000000001
0
LINE
8
BLACK
6
CONTINUOUS
10
110.9254199999999884
20
-63.9914670000000001
11
110.8807130000000001
21
-64.0808809999999909
0
LINE
8
BLACK
6
CONTINUOUS
10
110.8807130000000001
20
-64.0808809999999909
11
110.8807130000000001
21
-64.3672030000000035
0
LINE
8
BLACK
6
CONTINUOUS
10
110.8807130000000001
20
-64.3672030000000035
11
110.9254199999999884
21
-64.4566169999999943
0
LINE
8
BLACK
6
CONTINUOUS
10
110.9254199999999884
20
-64.4566169999999943
11
110.9624239999999986
21
-64.4936209999999903
0
LINE
8
BLACK
6
CONTINUOUS
10
110.9624239999999986
20
-64.4936209999999903
11
111.0518379999999894
21
-64.5383279999999928
0
LINE
8
BLACK
6
CONTINUOUS
10
111.0518379999999894
20
-64.5383279999999928
11
111.4095889999999969
21
-64.5383279999999928
0
LINE
8
BLACK
6
CONTINUOUS
10
111.4095889999999969
20
-64.5383279999999928
11
111.4990009999999927
21
-64.493622000000002
0
LINE
8
BLACK
6
CONTINUOUS
10
111.4990009999999927
20
-64.493622000000002
11
111.5532189999999986
21
-64.4394049999999936
0
LINE
8
BLACK
6
CONTINUOUS
10
111.5532189999999986
20
-64.4394049999999936
11
111.5759499999999917
21
-64.4207499999999982
0
LINE
8
BLACK
6
CONTINUOUS
10
111.5759499999999917
20
-64.4207499999999982
11
111.6300219999999968
21
-64.3983530000000002
0
LINE
8
BLACK
6
CONTINUOUS
10
111.6300219999999968
20
-64.3983530000000002
11
111.6885479999999973
21
-64.3983530000000002
0
LINE
8
BLACK
6
CONTINUOUS
10
111.6885479999999973
20
-64.3983530000000002
11
111.7426199999999881
21
-64.4207499999999982
0
LINE
8
BLACK
6
CONTINUOUS
10
111.7426199999999881
20
-64.4207499999999982
11
111.7840059999999909
21
-64.462136000000001
0
LINE
8
BLACK
6
CONTINUOUS
10
111.7840059999999909
20
-64.462136000000001
11
111.8064029999999889
21
-64.5162079999999918
0
LINE
8
BLACK
6
CONTINUOUS
10
111.8064029999999889
20
-64.5162079999999918
11
111.8064029999999889
21
-64.5747339999999923
0
LINE
8
BLACK
6
CONTINUOUS
10
111.8064029999999889
20
-64.5747339999999923
11
111.7840059999999909
21
-64.6288059999999973
0
LINE
8
BLACK
6
CONTINUOUS
10
111.7840059999999909
20
-64.6288059999999973
11
111.7653509999999955
21
-64.6515369999999905
0
LINE
8
BLACK
6
CONTINUOUS
10
111.7653509999999955
20
-64.6515369999999905
11
111.6939220000000006
21
-64.7229659999999996
0
LINE
8
BLACK
6
CONTINUOUS
10
111.6939220000000006
20
-64.7229659999999996
11
111.6824199999999934
21
-64.732405
0
LINE
8
BLACK
6
CONTINUOUS
10
111.6824199999999934
20
-64.732405
11
111.6798239999999964
21
-64.735399000000001
0
LINE
8
BLACK
6
CONTINUOUS
10
111.6798239999999964
20
-64.735399000000001
11
111.6753099999999961
21
-64.738238999999993
0
LINE
8
BLACK
6
CONTINUOUS
10
111.6753099999999961
20
-64.738238999999993
11
111.6711909999999932
21
-64.741620999999995
0
LINE
8
BLACK
6
CONTINUOUS
10
111.6711909999999932
20
-64.741620999999995
11
111.6675309999999968
21
-64.7431359999999927
0
LINE
8
BLACK
6
CONTINUOUS
10
111.6675309999999968
20
-64.7431359999999927
11
111.6549380000000014
21
-64.7510639999999995
0
LINE
8
BLACK
6
CONTINUOUS
10
111.6549380000000014
20
-64.7510639999999995
11
111.5120809999999949
21
-64.8224919999999969
0
LINE
8
BLACK
6
CONTINUOUS
10
111.5120809999999949
20
-64.8224919999999969
11
111.4846170000000001
21
-64.8330019999999934
0
LINE
8
BLACK
6
CONTINUOUS
10
111.4846170000000001
20
-64.8330019999999934
11
111.4792410000000018
21
-64.8333829999999978
0
LINE
8
BLACK
6
CONTINUOUS
10
111.4792410000000018
20
-64.8333829999999978
11
111.4742629999999934
21
-64.8354459999999904
0
LINE
8
BLACK
6
CONTINUOUS
10
111.4742629999999934
20
-64.8354459999999904
11
111.4449989999999957
21
-64.83832799999999
0
LINE
8
BLACK
6
CONTINUOUS
10
111.4449989999999957
20
-64.83832799999999
11
111.0164279999999906
21
-64.83832799999999
0
LINE
8
BLACK
6
CONTINUOUS
10
111.0164279999999906
20
-64.83832799999999
11
110.9871639999999928
21
-64.8354459999999904
0
LINE
8
BLACK
6
CONTINUOUS
10
110.9871639999999928
20
-64.8354459999999904
11
110.9821850000000012
21
-64.8333829999999978
0
LINE
8
BLACK
6
CONTINUOUS
10
110.9821850000000012
20
-64.8333829999999978
11
110.9768100000000004
21
-64.8330019999999934
0
LINE
8
BLACK
6
CONTINUOUS
10
110.9768100000000004
20
-64.8330019999999934
11
110.9493469999999888
21
-64.8224919999999969
0
LINE
8
BLACK
6
CONTINUOUS
10
110.9493469999999888
20
-64.8224919999999969
11
110.8064889999999991
21
-64.7510639999999995
0
LINE
8
BLACK
6
CONTINUOUS
10
110.8064889999999991
20
-64.7510639999999995
11
110.7938970000000012
21
-64.7431369999999902
0
LINE
8
BLACK
6
CONTINUOUS
10
110.7938970000000012
20
-64.7431369999999902
11
110.7902359999999931
21
-64.741620999999995
0
LINE
8
BLACK
6
CONTINUOUS
10
110.7902359999999931
20
-64.741620999999995
11
110.7861130000000003
21
-64.738236999999998
0
LINE
8
BLACK
6
CONTINUOUS
10
110.7861130000000003
20
-64.738236999999998
11
110.7816040000000015
21
-64.735399000000001
0
LINE
8
BLACK
6
CONTINUOUS
10
110.7816040000000015
20
-64.735399000000001
11
110.7790090000000021
21
-64.7324069999999949
0
LINE
8
BLACK
6
CONTINUOUS
10
110.7790090000000021
20
-64.7324069999999949
11
110.7675049999999999
21
-64.7229659999999996
0
LINE
8
BLACK
6
CONTINUOUS
10
110.7675049999999999
20
-64.7229659999999996
11
110.6960759999999908
21
-64.6515369999999905
0
LINE
8
BLACK
6
CONTINUOUS
10
110.6960759999999908
20
-64.6515369999999905
11
110.6866359999999929
21
-64.6400349999999975
0
LINE
8
BLACK
6
CONTINUOUS
10
110.6866359999999929
20
-64.6400349999999975
11
110.6836429999999893
21
-64.6374390000000005
0
LINE
8
BLACK
6
CONTINUOUS
10
110.6836429999999893
20
-64.6374390000000005
11
110.6808019999999999
21
-64.6329250000000002
0
LINE
8
BLACK
6
CONTINUOUS
10
110.6808019999999999
20
-64.6329250000000002
11
110.6774209999999954
21
-64.6288059999999973
0
LINE
8
BLACK
6
CONTINUOUS
10
110.6774209999999954
20
-64.6288059999999973
11
110.6759050000000002
21
-64.6251460000000009
0
LINE
8
BLACK
6
CONTINUOUS
10
110.6759050000000002
20
-64.6251460000000009
11
110.6679779999999909
21
-64.6125529999999912
0
LINE
8
BLACK
6
CONTINUOUS
10
110.6679779999999909
20
-64.6125529999999912
11
110.596548999999996
21
-64.469695999999999
0
LINE
8
BLACK
6
CONTINUOUS
10
110.596548999999996
20
-64.469695999999999
11
110.586039999999997
21
-64.4422330000000017
0
LINE
8
BLACK
6
CONTINUOUS
10
110.586039999999997
20
-64.4422330000000017
11
110.5856579999999951
21
-64.4368580000000009
0
LINE
8
BLACK
6
CONTINUOUS
10
110.5856579999999951
20
-64.4368580000000009
11
110.5835949999999883
21
-64.4318779999999975
0
LINE
8
BLACK
6
CONTINUOUS
10
110.5835949999999883
20
-64.4318779999999975
11
110.5807129999999887
21
-64.4026139999999998
0
LINE
8
BLACK
6
CONTINUOUS
10
110.5807129999999887
20
-64.4026139999999998
11
110.5807129999999887
21
-64.045470999999992
0
LINE
8
BLACK
6
CONTINUOUS
10
110.5807129999999887
20
-64.045470999999992
11
110.5835949999999883
21
-64.0162069999999943
0
LINE
8
BLACK
6
CONTINUOUS
10
110.5835949999999883
20
-64.0162069999999943
11
110.5856579999999951
21
-64.0112259999999935
0
LINE
8
BLACK
6
CONTINUOUS
10
110.5856579999999951
20
-64.0112259999999935
11
110.586039999999997
21
-64.0058519999999902
0
LINE
8
BLACK
6
CONTINUOUS
10
110.586039999999997
20
-64.0058519999999902
11
110.596548999999996
21
-63.978389
0
LINE
8
BLACK
6
CONTINUOUS
10
110.596548999999996
20
-63.978389
11
110.6679779999999909
21
-63.8355320000000006
0
LINE
8
BLACK
6
CONTINUOUS
10
110.6679779999999909
20
-63.8355320000000006
11
110.6759050000000002
21
-63.8229380000000006
0
LINE
8
BLACK
6
CONTINUOUS
10
110.6759050000000002
20
-63.8229380000000006
11
110.6774209999999954
21
-63.8192789999999945
0
LINE
8
BLACK
6
CONTINUOUS
10
110.6774209999999954
20
-63.8192789999999945
11
110.6808019999999999
21
-63.8151589999999942
0
LINE
8
BLACK
6
CONTINUOUS
10
110.6808019999999999
20
-63.8151589999999942
11
110.6836429999999893
21
-63.8106459999999984
0
LINE
8
BLACK
6
CONTINUOUS
10
110.6836429999999893
20
-63.8106459999999984
11
110.6866359999999929
21
-63.8080489999999969
0
LINE
8
BLACK
6
CONTINUOUS
10
110.6866359999999929
20
-63.8080489999999969
11
110.6960759999999908
21
-63.7965479999999943
0
LINE
8
BLACK
6
CONTINUOUS
10
110.6960759999999908
20
-63.7965479999999943
11
110.7675049999999999
21
-63.7251189999999994
0
LINE
8
BLACK
6
CONTINUOUS
10
110.7675049999999999
20
-63.7251189999999994
11
110.7790090000000021
21
-63.7156769999999995
0
LINE
8
BLACK
6
CONTINUOUS
10
110.7790090000000021
20
-63.7156769999999995
11
110.7816040000000015
21
-63.7126859999999979
0
LINE
8
BLACK
6
CONTINUOUS
10
110.7816040000000015
20
-63.7126859999999979
11
110.7861130000000003
21
-63.7098469999999963
0
LINE
8
BLACK
6
CONTINUOUS
10
110.7861130000000003
20
-63.7098469999999963
11
110.7902359999999931
21
-63.7064639999999969
0
LINE
8
BLACK
6
CONTINUOUS
10
110.7902359999999931
20
-63.7064639999999969
11
110.7938970000000012
21
-63.7049469999999971
0
LINE
8
BLACK
6
CONTINUOUS
10
110.7938970000000012
20
-63.7049469999999971
11
110.8064889999999991
21
-63.6970209999999994
0
LINE
8
BLACK
6
CONTINUOUS
10
110.8064889999999991
20
-63.6970209999999994
11
110.924759999999992
21
-63.6378859999999946
0
LINE
8
BLACK
6
CONTINUOUS
10
110.924759999999992
20
-63.6378859999999946
11
110.6178259999999938
21
-63.2871039999999994
0
LINE
8
BLACK
6
CONTINUOUS
10
110.6178259999999938
20
-63.2871039999999994
11
110.6087819999999908
21
-63.2744529999999941
0
LINE
8
BLACK
6
CONTINUOUS
10
110.6087819999999908
20
-63.2744529999999941
11
110.605992999999998
21
-63.2716639999999941
0
LINE
8
BLACK
6
CONTINUOUS
10
110.605992999999998
20
-63.2716639999999941
11
110.6048959999999965
21
-63.2690179999999955
0
LINE
8
BLACK
6
CONTINUOUS
10
110.6048959999999965
20
-63.2690179999999955
11
110.6007249999999971
21
-63.2631820000000005
0
LINE
8
BLACK
6
CONTINUOUS
10
110.6007249999999971
20
-63.2631820000000005
11
110.5929179999999974
21
-63.2400999999999982
0
LINE
8
BLACK
6
CONTINUOUS
10
110.5929179999999974
20
-63.2400999999999982
11
110.5835949999999883
21
-63.2175919999999962
0
LINE
8
BLACK
6
CONTINUOUS
10
110.5835949999999883
20
-63.2175919999999962
11
110.5835949999999883
21
-63.2125319999999959
0
LINE
8
BLACK
6
CONTINUOUS
10
110.5835949999999883
20
-63.2125319999999959
11
110.5819739999999882
21
-63.207739999999994
0
LINE
8
BLACK
6
CONTINUOUS
10
110.5819739999999882
20
-63.207739999999994
11
110.5835949999999883
21
-63.1834299999999942
0
LINE
8
BLACK
6
CONTINUOUS
10
110.5835949999999883
20
-63.1834299999999942
11
110.5835949999999883
21
-63.1590639999999937
0
LINE
8
BLACK
6
CONTINUOUS
10
110.5835949999999883
20
-63.1590639999999937
11
110.5855309999999889
21
-63.1543879999999973
0
LINE
8
BLACK
6
CONTINUOUS
10
110.5855309999999889
20
-63.1543879999999973
11
110.5858679999999907
21
-63.1493439999999993
0
LINE
8
BLACK
6
CONTINUOUS
10
110.5858679999999907
20
-63.1493439999999993
11
110.596665999999999
21
-63.1275079999999988
0
LINE
8
BLACK
6
CONTINUOUS
10
110.596665999999999
20
-63.1275079999999988
11
110.605992999999998
21
-63.1049919999999958
0
LINE
8
BLACK
6
CONTINUOUS
10
110.605992999999998
20
-63.1049919999999958
11
110.6095689999999934
21
-63.1014149999999958
0
LINE
8
BLACK
6
CONTINUOUS
10
110.6095689999999934
20
-63.1014149999999958
11
110.6118120000000005
21
-63.0968809999999962
0
LINE
8
BLACK
6
CONTINUOUS
10
110.6118120000000005
20
-63.0968809999999962
11
110.6301469999999938
21
-63.0808369999999954
0
LINE
8
BLACK
6
CONTINUOUS
10
110.6301469999999938
20
-63.0808369999999954
11
110.6473769999999917
21
-63.063607999999995
0
LINE
8
BLACK
6
CONTINUOUS
10
110.6473769999999917
20
-63.063607999999995
11
110.6520510000000002
21
-63.0616709999999969
0
LINE
8
BLACK
6
CONTINUOUS
10
110.6520510000000002
20
-63.0616709999999969
11
110.6558589999999924
21
-63.0583399999999941
0
LINE
8
BLACK
6
CONTINUOUS
10
110.6558589999999924
20
-63.0583399999999941
11
110.6789399999999972
21
-63.0505329999999944
0
LINE
8
BLACK
6
CONTINUOUS
10
110.6789399999999972
20
-63.0505329999999944
11
110.7014489999999967
21
-63.0412099999999995
0
LINE
8
BLACK
6
CONTINUOUS
10
110.7014489999999967
20
-63.0412099999999995
11
110.7085859999999968
21
-63.0405069999999981
0
LINE
8
BLACK
6
CONTINUOUS
10
110.7085859999999968
20
-63.0405069999999981
11
110.7113009999999917
21
-63.0395889999999994
0
LINE
8
BLACK
6
CONTINUOUS
10
110.7113009999999917
20
-63.0395889999999994
11
110.7152399999999943
21
-63.0398509999999987
0
LINE
8
BLACK
6
CONTINUOUS
10
110.7152399999999943
20
-63.0398509999999987
11
110.7307129999999944
21
-63.0383279999999999
0
LINE
8
BLACK
6
CONTINUOUS
10
110.7307129999999944
20
-63.0383279999999999
11
111.659284999999997
21
-63.0383279999999999
0
LINE
8
BLACK
6
CONTINUOUS
10
111.659284999999997
20
-63.0383279999999999
11
111.6885489999999947
21
-63.0412099999999995
0
LINE
8
BLACK
6
CONTINUOUS
10
113.0456919999999883
20
-63.0412099999999995
11
113.0997639999999933
21
-63.063607999999995
0
LINE
8
BLACK
6
CONTINUOUS
10
113.0997639999999933
20
-63.063607999999995
11
113.1411480000000012
21
-63.1049919999999958
0
LINE
8
BLACK
6
CONTINUOUS
10
113.1411480000000012
20
-63.1049919999999958
11
113.1635459999999966
21
-63.1590639999999937
0
LINE
8
BLACK
6
CONTINUOUS
10
113.1635459999999966
20
-63.1590639999999937
11
113.1664279999999962
21
-63.1883279999999985
0
LINE
8
BLACK
6
CONTINUOUS
10
113.1664279999999962
20
-63.1883279999999985
11
113.1664279999999962
21
-64.6883279999999985
0
LINE
8
BLACK
6
CONTINUOUS
10
113.1664279999999962
20
-64.6883279999999985
11
113.1635459999999966
21
-64.7175919999999962
0
LINE
8
BLACK
6
CONTINUOUS
10
113.1635459999999966
20
-64.7175919999999962
11
113.1411480000000012
21
-64.7716640000000012
0
LINE
8
BLACK
6
CONTINUOUS
10
113.1411480000000012
20
-64.7716640000000012
11
113.0997639999999933
21
-64.8130479999999949
0
LINE
8
BLACK
6
CONTINUOUS
10
113.0997639999999933
20
-64.8130479999999949
11
113.0456919999999883
21
-64.8354459999999904
0
LINE
8
BLACK
6
CONTINUOUS
10
113.0456919999999883
20
-64.8354459999999904
11
112.9871639999999928
21
-64.8354459999999904
0
LINE
8
BLACK
6
CONTINUOUS
10
112.9871639999999928
20
-64.8354459999999904
11
112.9330919999999878
21
-64.8130479999999949
0
LINE
8
BLACK
6
CONTINUOUS
10
112.9330919999999878
20
-64.8130479999999949
11
112.8917079999999942
21
-64.7716640000000012
0
LINE
8
BLACK
6
CONTINUOUS
10
112.8917079999999942
20
-64.7716640000000012
11
112.8693099999999987
21
-64.7175919999999962
0
LINE
8
BLACK
6
CONTINUOUS
10
112.8693099999999987
20
-64.7175919999999962
11
112.8664279999999991
21
-64.6883279999999985
0
LINE
8
BLACK
6
CONTINUOUS
10
112.8664279999999991
20
-64.6883279999999985
11
112.8664279999999991
21
-64.1240420000000029
0
LINE
8
BLACK
6
CONTINUOUS
10
112.8664279999999991
20
-64.1240420000000029
11
112.7373829999999941
21
-64.1240420000000029
0
LINE
8
BLACK
6
CONTINUOUS
10
112.7373829999999941
20
-64.1240420000000029
11
112.2821699999999936
21
-64.7743469999999917
0
LINE
8
BLACK
6
CONTINUOUS
10
112.2821699999999936
20
-64.7743469999999917
11
112.2630269999999939
21
-64.7966689999999943
0
LINE
8
BLACK
6
CONTINUOUS
10
112.2630269999999939
20
-64.7966689999999943
11
112.2136699999999934
21
-64.8281219999999934
0
LINE
8
BLACK
6
CONTINUOUS
10
112.2136699999999934
20
-64.8281219999999934
11
112.1560339999999911
21
-64.8382929999999931
0
LINE
8
BLACK
6
CONTINUOUS
10
112.1560339999999911
20
-64.8382929999999931
11
112.0988919999999922
21
-64.8256339999999938
0
LINE
8
BLACK
6
CONTINUOUS
10
112.0988919999999922
20
-64.8256339999999938
11
112.0509440000000012
21
-64.7920699999999954
0
LINE
8
BLACK
6
CONTINUOUS
10
112.0509440000000012
20
-64.7920699999999954
11
112.0194909999999879
21
-64.7427129999999948
0
LINE
8
BLACK
6
CONTINUOUS
10
112.0194909999999879
20
-64.7427129999999948
11
112.0093199999999882
21
-64.6850769999999926
0
LINE
8
BLACK
6
CONTINUOUS
10
112.0093199999999882
20
-64.6850769999999926
11
112.0219790000000017
21
-64.6279349999999937
0
LINE
8
BLACK
6
CONTINUOUS
10
112.0219790000000017
20
-64.6279349999999937
11
112.0364000000000004
21
-64.6023089999999911
0
LINE
8
BLACK
6
CONTINUOUS
10
112.0364000000000004
20
-64.6023089999999911
11
112.3813519999999926
21
-64.1095200000000034
0
LINE
8
BLACK
6
CONTINUOUS
10
112.3813519999999926
20
-64.1095200000000034
11
112.377917999999994
21
-64.1082059999999956
0
LINE
8
BLACK
6
CONTINUOUS
10
112.377917999999994
20
-64.1082059999999956
11
112.2350599999999901
21
-64.0367779999999982
0
LINE
8
BLACK
6
CONTINUOUS
10
112.2350599999999901
20
-64.0367779999999982
11
112.2224679999999921
21
-64.0288510000000031
0
LINE
8
BLACK
6
CONTINUOUS
10
112.2224679999999921
20
-64.0288510000000031
11
112.2188069999999982
21
-64.0273349999999937
0
LINE
8
BLACK
6
CONTINUOUS
10
112.2188069999999982
20
-64.0273349999999937
11
112.2146839999999912
21
-64.0239509999999967
0
LINE
8
BLACK
6
CONTINUOUS
10
112.2146839999999912
20
-64.0239509999999967
11
112.2101749999999925
21
-64.0211129999999997
0
LINE
8
BLACK
6
CONTINUOUS
10
112.2101749999999925
20
-64.0211129999999997
11
112.207579999999993
21
-64.0181209999999936
0
LINE
8
BLACK
6
CONTINUOUS
10
112.207579999999993
20
-64.0181209999999936
11
112.1960759999999908
21
-64.0086799999999982
0
LINE
8
BLACK
6
CONTINUOUS
10
112.1960759999999908
20
-64.0086799999999982
11
112.124646999999996
21
-63.9372509999999963
0
LINE
8
BLACK
6
CONTINUOUS
10
112.124646999999996
20
-63.9372509999999963
11
112.1152069999999981
21
-63.9257489999999962
0
LINE
8
BLACK
6
CONTINUOUS
10
112.1152069999999981
20
-63.9257489999999962
11
112.1122139999999945
21
-63.9231529999999992
0
LINE
8
BLACK
6
CONTINUOUS
10
112.1122139999999945
20
-63.9231529999999992
11
112.1093729999999908
21
-63.9186389999999989
0
LINE
8
BLACK
6
CONTINUOUS
10
112.1093729999999908
20
-63.9186389999999989
11
112.1059920000000005
21
-63.914519999999996
0
LINE
8
BLACK
6
CONTINUOUS
10
112.1059920000000005
20
-63.914519999999996
11
112.1044759999999911
21
-63.9108599999999996
0
LINE
8
BLACK
6
CONTINUOUS
10
112.1044759999999911
20
-63.9108599999999996
11
112.096548999999996
21
-63.898266999999997
0
LINE
8
BLACK
6
CONTINUOUS
10
112.096548999999996
20
-63.898266999999997
11
112.0251209999999986
21
-63.7554099999999977
0
LINE
8
BLACK
6
CONTINUOUS
10
112.0251209999999986
20
-63.7554099999999977
11
112.0146109999999879
21
-63.7279459999999958
0
LINE
8
BLACK
6
CONTINUOUS
10
112.0146109999999879
20
-63.7279459999999958
11
112.0142290000000003
21
-63.7225699999999975
0
LINE
8
BLACK
6
CONTINUOUS
10
112.0142290000000003
20
-63.7225699999999975
11
112.0121669999999909
21
-63.7175919999999962
0
LINE
8
BLACK
6
CONTINUOUS
10
112.0121669999999909
20
-63.7175919999999962
11
112.0092849999999913
21
-63.6883279999999985
0
LINE
8
BLACK
6
CONTINUOUS
10
112.0092849999999913
20
-63.6883279999999985
11
112.0092849999999913
21
-63.4740419999999972
0
LINE
8
BLACK
6
CONTINUOUS
10
112.0092849999999913
20
-63.4740419999999972
11
112.0121669999999909
21
-63.4447779999999995
0
LINE
8
BLACK
6
CONTINUOUS
10
112.0121669999999909
20
-63.4447779999999995
11
112.0142290000000003
21
-63.4397989999999936
0
LINE
8
BLACK
6
CONTINUOUS
10
112.0142290000000003
20
-63.4397989999999936
11
112.0146109999999879
21
-63.4344239999999999
0
LINE
8
BLACK
6
CONTINUOUS
10
112.0146109999999879
20
-63.4344239999999999
11
112.0251209999999986
21
-63.406959999999998
0
LINE
8
BLACK
6
CONTINUOUS
10
112.0251209999999986
20
-63.406959999999998
11
112.096548999999996
21
-63.2641029999999986
0
LINE
8
BLACK
6
CONTINUOUS
10
112.096548999999996
20
-63.2641029999999986
11
112.1044769999999886
21
-63.2515069999999966
0
LINE
8
BLACK
6
CONTINUOUS
10
112.1044769999999886
20
-63.2515069999999966
11
112.105992999999998
21
-63.2478489999999951
0
LINE
8
BLACK
6
CONTINUOUS
10
112.105992999999998
20
-63.2478489999999951
11
112.1093719999999934
21
-63.2437309999999968
0
LINE
8
BLACK
6
CONTINUOUS
10
112.1093719999999934
20
-63.2437309999999968
11
112.1122139999999945
21
-63.2392169999999965
0
LINE
8
BLACK
6
CONTINUOUS
10
112.1122139999999945
20
-63.2392169999999965
11
112.1152079999999955
21
-63.2366199999999949
0
LINE
8
BLACK
6
CONTINUOUS
10
112.1152079999999955
20
-63.2366199999999949
11
112.1246479999999934
21
-63.2251179999999948
0
LINE
8
BLACK
6
CONTINUOUS
10
112.1246479999999934
20
-63.2251179999999948
11
112.1960769999999883
21
-63.1536899999999974
0
LINE
8
BLACK
6
CONTINUOUS
10
112.1960769999999883
20
-63.1536899999999974
11
112.2075770000000006
21
-63.144250999999997
0
LINE
8
BLACK
6
CONTINUOUS
10
112.2075770000000006
20
-63.144250999999997
11
112.210173999999995
21
-63.1412580000000005
0
LINE
8
BLACK
6
CONTINUOUS
10
112.210173999999995
20
-63.1412580000000005
11
112.2146860000000004
21
-63.1384169999999969
0
LINE
8
BLACK
6
CONTINUOUS
10
112.2146860000000004
20
-63.1384169999999969
11
112.2188069999999982
21
-63.1350359999999995
0
LINE
8
BLACK
6
CONTINUOUS
10
112.2188069999999982
20
-63.1350359999999995
11
112.2224659999999972
21
-63.1335199999999972
0
LINE
8
BLACK
6
CONTINUOUS
10
112.2224659999999972
20
-63.1335199999999972
11
112.2350599999999901
21
-63.125592999999995
0
LINE
8
BLACK
6
CONTINUOUS
10
112.2350599999999901
20
-63.125592999999995
11
112.377915999999999
21
-63.0541640000000001
0
LINE
8
BLACK
6
CONTINUOUS
10
112.377915999999999
20
-63.0541640000000001
11
112.4053799999999939
21
-63.043654999999994
0
LINE
8
BLACK
6
CONTINUOUS
10
112.4053799999999939
20
-63.043654999999994
11
112.4107539999999972
21
-63.0432729999999992
0
LINE
8
BLACK
6
CONTINUOUS
10
112.4107539999999972
20
-63.0432729999999992
11
112.415734999999998
21
-63.0412099999999995
0
LINE
8
BLACK
6
CONTINUOUS
10
112.415734999999998
20
-63.0412099999999995
11
112.4449989999999957
21
-63.0383279999999999
0
LINE
8
BLACK
6
CONTINUOUS
10
112.4449989999999957
20
-63.0383279999999999
11
113.0164279999999906
21
-63.0383279999999999
0
LINE
8
BLACK
6
CONTINUOUS
10
113.0164279999999906
20
-63.0383279999999999
11
113.0456919999999883
21
-63.0412099999999995
0
LINE
8
BLACK
6
CONTINUOUS
10
112.3909949999999895
20
-63.3830349999999996
11
112.353989999999996
21
-63.4200400000000002
0
LINE
8
BLACK
6
CONTINUOUS
10
112.353989999999996
20
-63.4200400000000002
11
112.3092849999999885
21
-63.5094509999999985
0
LINE
8
BLACK
6
CONTINUOUS
10
112.3092849999999885
20
-63.5094509999999985
11
112.3092849999999885
21
-63.6529179999999997
0
LINE
8
BLACK
6
CONTINUOUS
10
112.3092849999999885
20
-63.6529179999999997
11
112.353989999999996
21
-63.7423299999999955
0
LINE
8
BLACK
6
CONTINUOUS
10
112.353989999999996
20
-63.7423299999999955
11
112.3909949999999895
21
-63.7793349999999961
0
LINE
8
BLACK
6
CONTINUOUS
10
112.3909949999999895
20
-63.7793349999999961
11
112.4804089999999945
21
-63.8240419999999986
0
LINE
8
BLACK
6
CONTINUOUS
10
112.4804089999999945
20
-63.8240419999999986
11
112.8664279999999991
21
-63.8240419999999986
0
LINE
8
BLACK
6
CONTINUOUS
10
112.8664279999999991
20
-63.8240419999999986
11
112.8664279999999991
21
-63.3383279999999971
0
LINE
8
BLACK
6
CONTINUOUS
10
112.8664279999999991
20
-63.3383279999999971
11
112.4804089999999945
21
-63.3383279999999971
0
LINE
8
BLACK
6
CONTINUOUS
10
112.4804089999999945
20
-63.3383279999999971
11
112.3909949999999895
21
-63.3830349999999996
0
LINE
8
BLACK
6
CONTINUOUS
10
48.5792639999999949
20
-52.0912099999999967
11
48.5842439999999982
21
-52.0932729999999964
0
LINE
8
BLACK
6
CONTINUOUS
10
48.5842439999999982
20
-52.0932729999999964
11
48.589618999999999
21
-52.0936549999999983
0
LINE
8
BLACK
6
CONTINUOUS
10
48.589618999999999
20
-52.0936549999999983
11
48.6170819999999964
21
-52.1041639999999973
0
LINE
8
BLACK
6
CONTINUOUS
10
48.6170819999999964
20
-52.1041639999999973
11
48.7599389999999957
21
-52.1755929999999992
0
LINE
8
BLACK
6
CONTINUOUS
10
48.7599389999999957
20
-52.1755929999999992
11
48.7725319999999982
21
-52.1835199999999944
0
LINE
8
BLACK
6
CONTINUOUS
10
48.7725319999999982
20
-52.1835199999999944
11
48.7761919999999947
21
-52.1850359999999966
0
LINE
8
BLACK
6
CONTINUOUS
10
48.7761919999999947
20
-52.1850359999999966
11
48.7803109999999975
21
-52.1884170000000012
0
LINE
8
BLACK
6
CONTINUOUS
10
48.7803109999999975
20
-52.1884170000000012
11
48.7848249999999979
21
-52.1912579999999977
0
LINE
8
BLACK
6
CONTINUOUS
10
48.7848249999999979
20
-52.1912579999999977
11
48.7874209999999948
21
-52.1942509999999942
0
LINE
8
BLACK
6
CONTINUOUS
10
48.7874209999999948
20
-52.1942509999999942
11
48.7989229999999949
21
-52.2036909999999992
0
LINE
8
BLACK
6
CONTINUOUS
10
48.7989229999999949
20
-52.2036909999999992
11
48.8703509999999994
21
-52.2751189999999966
0
LINE
8
BLACK
6
CONTINUOUS
10
48.8703509999999994
20
-52.2751189999999966
11
48.8890059999999949
21
-52.2978489999999994
0
LINE
8
BLACK
6
CONTINUOUS
10
48.8890059999999949
20
-52.2978489999999994
11
48.9114019999999954
21
-52.3519219999999947
0
LINE
8
BLACK
6
CONTINUOUS
10
48.9114019999999954
20
-52.3519219999999947
11
48.9114019999999954
21
-52.4104479999999953
0
LINE
8
BLACK
6
CONTINUOUS
10
48.9114019999999954
20
-52.4104479999999953
11
48.8890059999999949
21
-52.4645200000000003
0
LINE
8
BLACK
6
CONTINUOUS
10
48.8890059999999949
20
-52.4645200000000003
11
48.8476199999999992
21
-52.505905999999996
0
LINE
8
BLACK
6
CONTINUOUS
10
48.8476199999999992
20
-52.505905999999996
11
48.7935480000000013
21
-52.5283019999999965
0
LINE
8
BLACK
6
CONTINUOUS
10
48.7935480000000013
20
-52.5283019999999965
11
48.7350220000000007
21
-52.5283019999999965
0
LINE
8
BLACK
6
CONTINUOUS
10
48.7350220000000007
20
-52.5283019999999965
11
48.6809489999999983
21
-52.505905999999996
0
LINE
8
BLACK
6
CONTINUOUS
10
48.6809489999999983
20
-52.505905999999996
11
48.6582189999999954
21
-52.4872510000000005
0
LINE
8
BLACK
6
CONTINUOUS
10
48.6582189999999954
20
-52.4872510000000005
11
48.6040029999999987
21
-52.4330349999999967
0
LINE
8
BLACK
6
CONTINUOUS
10
48.6040029999999987
20
-52.4330349999999967
11
48.5145899999999983
21
-52.3883279999999942
0
LINE
8
BLACK
6
CONTINUOUS
10
48.5145899999999983
20
-52.3883279999999942
11
48.2282669999999953
21
-52.3883279999999942
0
LINE
8
BLACK
6
CONTINUOUS
10
48.2282669999999953
20
-52.3883279999999942
11
48.1388529999999975
21
-52.4330349999999967
0
LINE
8
BLACK
6
CONTINUOUS
10
48.1388529999999975
20
-52.4330349999999967
11
48.1018489999999943
21
-52.4700379999999953
0
LINE
8
BLACK
6
CONTINUOUS
10
48.1018489999999943
20
-52.4700379999999953
11
48.0571419999999989
21
-52.5594520000000003
0
LINE
8
BLACK
6
CONTINUOUS
10
48.0571419999999989
20
-52.5594520000000003
11
48.0571419999999989
21
-52.6425580000000011
0
LINE
8
BLACK
6
CONTINUOUS
10
48.0571419999999989
20
-52.6425580000000011
11
48.1096749999999957
21
-52.8001569999999987
0
LINE
8
BLACK
6
CONTINUOUS
10
48.1096749999999957
20
-52.8001569999999987
11
48.9417799999999943
21
-53.6322619999999972
0
LINE
8
BLACK
6
CONTINUOUS
10
48.9417799999999943
20
-53.6322619999999972
11
48.9604349999999968
21
-53.654992
0
LINE
8
BLACK
6
CONTINUOUS
10
48.9604349999999968
20
-53.654992
11
48.9828319999999948
21
-53.7090649999999954
0
LINE
8
BLACK
6
CONTINUOUS
10
48.9828319999999948
20
-53.7090649999999954
11
48.9828319999999948
21
-53.7675909999999959
0
LINE
8
BLACK
6
CONTINUOUS
10
48.9828319999999948
20
-53.7675909999999959
11
48.9604349999999968
21
-53.8216630000000009
0
LINE
8
BLACK
6
CONTINUOUS
10
48.9604349999999968
20
-53.8216630000000009
11
48.9190490000000011
21
-53.8630489999999966
0
LINE
8
BLACK
6
CONTINUOUS
10
48.9190490000000011
20
-53.8630489999999966
11
48.8886660000000006
21
-53.875633999999998
0
LINE
8
BLACK
6
CONTINUOUS
10
48.8886660000000006
20
-53.875633999999998
11
48.8649780000000007
21
-53.8854459999999946
0
LINE
8
BLACK
6
CONTINUOUS
10
48.8649780000000007
20
-53.8854459999999946
11
48.8357139999999958
21
-53.8883279999999942
0
LINE
8
BLACK
6
CONTINUOUS
10
48.8357139999999958
20
-53.8883279999999942
11
47.9071420000000003
21
-53.8883279999999942
0
LINE
8
BLACK
6
CONTINUOUS
10
47.9071420000000003
20
-53.8883279999999942
11
47.8778779999999955
21
-53.8854459999999946
0
LINE
8
BLACK
6
CONTINUOUS
10
47.8778779999999955
20
-53.8854459999999946
11
47.8238059999999976
21
-53.8630479999999991
0
LINE
8
BLACK
6
CONTINUOUS
10
47.8238059999999976
20
-53.8630479999999991
11
47.7824219999999968
21
-53.8216639999999984
0
LINE
8
BLACK
6
CONTINUOUS
10
47.7824219999999968
20
-53.8216639999999984
11
47.7600240000000014
21
-53.7675920000000005
0
LINE
8
BLACK
6
CONTINUOUS
10
47.7600240000000014
20
-53.7675920000000005
11
47.7600240000000014
21
-53.7090639999999979
0
LINE
8
BLACK
6
CONTINUOUS
10
47.7600240000000014
20
-53.7090639999999979
11
47.7824219999999968
21
-53.654992
0
LINE
8
BLACK
6
CONTINUOUS
10
47.7824219999999968
20
-53.654992
11
47.8238059999999976
21
-53.6136079999999993
0
LINE
8
BLACK
6
CONTINUOUS
10
47.8238059999999976
20
-53.6136079999999993
11
47.8778779999999955
21
-53.5912099999999967
0
LINE
8
BLACK
6
CONTINUOUS
10
47.8778779999999955
20
-53.5912099999999967
11
47.9071420000000003
21
-53.5883279999999971
0
LINE
8
BLACK
6
CONTINUOUS
10
47.9071420000000003
20
-53.5883279999999971
11
48.4735820000000004
21
-53.5883279999999971
0
LINE
8
BLACK
6
CONTINUOUS
10
48.4735820000000004
20
-53.5883279999999971
11
47.8725049999999968
21
-52.9872510000000005
0
LINE
8
BLACK
6
CONTINUOUS
10
47.8725049999999968
20
-52.9872510000000005
11
47.8538500000000013
21
-52.9645200000000003
0
LINE
8
BLACK
6
CONTINUOUS
10
47.8538500000000013
20
-52.9645200000000003
11
47.8517869999999945
21
-52.959539999999997
0
LINE
8
BLACK
6
CONTINUOUS
10
47.8517869999999945
20
-52.959539999999997
11
47.8482569999999967
21
-52.9554699999999983
0
LINE
8
BLACK
6
CONTINUOUS
10
47.8482569999999967
20
-52.9554699999999983
11
47.8362689999999944
21
-52.9286189999999976
0
LINE
8
BLACK
6
CONTINUOUS
10
47.8362689999999944
20
-52.9286189999999976
11
47.7648399999999995
21
-52.7143349999999984
0
LINE
8
BLACK
6
CONTINUOUS
10
47.7648399999999995
20
-52.7143349999999984
11
47.7615399999999966
21
-52.699824999999997
0
LINE
8
BLACK
6
CONTINUOUS
10
47.7615399999999966
20
-52.699824999999997
11
47.7600240000000014
21
-52.696163999999996
0
LINE
8
BLACK
6
CONTINUOUS
10
47.7600240000000014
20
-52.696163999999996
11
47.7595010000000002
21
-52.6908549999999991
0
LINE
8
BLACK
6
CONTINUOUS
10
47.7595010000000002
20
-52.6908549999999991
11
47.7583199999999977
21
-52.6856609999999961
0
LINE
8
BLACK
6
CONTINUOUS
10
47.7583199999999977
20
-52.6856609999999961
11
47.7586000000000013
21
-52.681711
0
LINE
8
BLACK
6
CONTINUOUS
10
47.7586000000000013
20
-52.681711
11
47.7571419999999947
21
-52.6668999999999983
0
LINE
8
BLACK
6
CONTINUOUS
10
47.7571419999999947
20
-52.6668999999999983
11
47.7571419999999947
21
-52.5240419999999943
0
LINE
8
BLACK
6
CONTINUOUS
10
47.7571419999999947
20
-52.5240419999999943
11
47.7600240000000014
21
-52.4947779999999966
0
LINE
8
BLACK
6
CONTINUOUS
10
47.7600240000000014
20
-52.4947779999999966
11
47.7620870000000011
21
-52.4897969999999958
0
LINE
8
BLACK
6
CONTINUOUS
10
47.7620870000000011
20
-52.4897969999999958
11
47.7624689999999958
21
-52.4844229999999996
0
LINE
8
BLACK
6
CONTINUOUS
10
47.7624689999999958
20
-52.4844229999999996
11
47.7729779999999948
21
-52.4569599999999951
0
LINE
8
BLACK
6
CONTINUOUS
10
47.7729779999999948
20
-52.4569599999999951
11
47.8444069999999968
21
-52.3141029999999958
0
LINE
8
BLACK
6
CONTINUOUS
10
47.8444069999999968
20
-52.3141029999999958
11
47.8523349999999965
21
-52.3015070000000009
0
LINE
8
BLACK
6
CONTINUOUS
10
47.8523349999999965
20
-52.3015070000000009
11
47.8538509999999988
21
-52.2978489999999994
0
LINE
8
BLACK
6
CONTINUOUS
10
47.8538509999999988
20
-52.2978489999999994
11
47.8572300000000013
21
-52.2937310000000011
0
LINE
8
BLACK
6
CONTINUOUS
10
47.8572300000000013
20
-52.2937310000000011
11
47.8600719999999953
21
-52.2892170000000007
0
LINE
8
BLACK
6
CONTINUOUS
10
47.8600719999999953
20
-52.2892170000000007
11
47.8630659999999963
21
-52.2866199999999992
0
LINE
8
BLACK
6
CONTINUOUS
10
47.8630659999999963
20
-52.2866199999999992
11
47.8725060000000013
21
-52.2751179999999991
0
LINE
8
BLACK
6
CONTINUOUS
10
47.8725060000000013
20
-52.2751179999999991
11
47.9439349999999962
21
-52.2036899999999946
0
LINE
8
BLACK
6
CONTINUOUS
10
47.9439349999999962
20
-52.2036899999999946
11
47.9554350000000014
21
-52.1942509999999942
0
LINE
8
BLACK
6
CONTINUOUS
10
47.9554350000000014
20
-52.1942509999999942
11
47.9580319999999958
21
-52.1912579999999977
0
LINE
8
BLACK
6
CONTINUOUS
10
47.9580319999999958
20
-52.1912579999999977
11
47.9625440000000012
21
-52.1884170000000012
0
LINE
8
BLACK
6
CONTINUOUS
10
47.9625440000000012
20
-52.1884170000000012
11
47.966664999999999
21
-52.1850359999999966
0
LINE
8
BLACK
6
CONTINUOUS
10
47.966664999999999
20
-52.1850359999999966
11
47.970323999999998
21
-52.1835199999999944
0
LINE
8
BLACK
6
CONTINUOUS
10
47.970323999999998
20
-52.1835199999999944
11
47.982917999999998
21
-52.1755929999999992
0
LINE
8
BLACK
6
CONTINUOUS
10
47.982917999999998
20
-52.1755929999999992
11
48.1257739999999998
21
-52.1041639999999973
0
LINE
8
BLACK
6
CONTINUOUS
10
48.1257739999999998
20
-52.1041639999999973
11
48.1532379999999947
21
-52.0936549999999983
0
LINE
8
BLACK
6
CONTINUOUS
10
48.1532379999999947
20
-52.0936549999999983
11
48.158611999999998
21
-52.0932729999999964
0
LINE
8
BLACK
6
CONTINUOUS
10
48.158611999999998
20
-52.0932729999999964
11
48.1635929999999988
21
-52.0912099999999967
0
LINE
8
BLACK
6
CONTINUOUS
10
48.1635929999999988
20
-52.0912099999999967
11
48.1928569999999965
21
-52.0883279999999971
0
LINE
8
BLACK
6
CONTINUOUS
10
48.1928569999999965
20
-52.0883279999999971
11
48.5499999999999972
21
-52.0883279999999971
0
LINE
8
BLACK
6
CONTINUOUS
10
48.5499999999999972
20
-52.0883279999999971
11
48.5792639999999949
21
-52.0912099999999967
0
LINE
8
BLACK
6
CONTINUOUS
10
50.007835
20
-52.0912099999999967
11
50.0128149999999962
21
-52.0932729999999964
0
LINE
8
BLACK
6
CONTINUOUS
10
50.0128149999999962
20
-52.0932729999999964
11
50.018189999999997
21
-52.0936549999999983
0
LINE
8
BLACK
6
CONTINUOUS
10
50.018189999999997
20
-52.0936549999999983
11
50.0456529999999944
21
-52.1041639999999973
0
LINE
8
BLACK
6
CONTINUOUS
10
50.0456529999999944
20
-52.1041639999999973
11
50.1885100000000008
21
-52.1755929999999992
0
LINE
8
BLACK
6
CONTINUOUS
10
50.1885100000000008
20
-52.1755929999999992
11
50.2011029999999963
21
-52.1835199999999944
0
LINE
8
BLACK
6
CONTINUOUS
10
50.2011029999999963
20
-52.1835199999999944
11
50.2047629999999998
21
-52.1850359999999966
0
LINE
8
BLACK
6
CONTINUOUS
10
50.2047629999999998
20
-52.1850359999999966
11
50.2088819999999956
21
-52.1884170000000012
0
LINE
8
BLACK
6
CONTINUOUS
10
50.2088819999999956
20
-52.1884170000000012
11
50.2133959999999959
21
-52.1912579999999977
0
LINE
8
BLACK
6
CONTINUOUS
10
50.2133959999999959
20
-52.1912579999999977
11
50.215992
21
-52.1942509999999942
0
LINE
8
BLACK
6
CONTINUOUS
10
50.215992
20
-52.1942509999999942
11
50.2274940000000001
21
-52.2036909999999992
0
LINE
8
BLACK
6
CONTINUOUS
10
50.2274940000000001
20
-52.2036909999999992
11
50.2989219999999975
21
-52.2751189999999966
0
LINE
8
BLACK
6
CONTINUOUS
10
50.2989219999999975
20
-52.2751189999999966
11
50.317577
21
-52.2978489999999994
0
LINE
8
BLACK
6
CONTINUOUS
10
50.317577
20
-52.2978489999999994
11
50.3399730000000005
21
-52.3519219999999947
0
LINE
8
BLACK
6
CONTINUOUS
10
50.3399730000000005
20
-52.3519219999999947
11
50.3399730000000005
21
-52.4104479999999953
0
LINE
8
BLACK
6
CONTINUOUS
10
50.3399730000000005
20
-52.4104479999999953
11
50.317577
21
-52.4645200000000003
0
LINE
8
BLACK
6
CONTINUOUS
10
50.317577
20
-52.4645200000000003
11
50.2761909999999972
21
-52.505905999999996
0
LINE
8
BLACK
6
CONTINUOUS
10
50.2761909999999972
20
-52.505905999999996
11
50.2221189999999993
21
-52.5283019999999965
0
LINE
8
BLACK
6
CONTINUOUS
10
50.2221189999999993
20
-52.5283019999999965
11
50.1635929999999988
21
-52.5283019999999965
0
LINE
8
BLACK
6
CONTINUOUS
10
50.1635929999999988
20
-52.5283019999999965
11
50.1095199999999963
21
-52.505905999999996
0
LINE
8
BLACK
6
CONTINUOUS
10
50.1095199999999963
20
-52.505905999999996
11
50.0867900000000006
21
-52.4872510000000005
0
LINE
8
BLACK
6
CONTINUOUS
10
50.0867900000000006
20
-52.4872510000000005
11
50.0325739999999968
21
-52.4330349999999967
0
LINE
8
BLACK
6
CONTINUOUS
10
50.0325739999999968
20
-52.4330349999999967
11
49.9431609999999964
21
-52.3883279999999942
0
LINE
8
BLACK
6
CONTINUOUS
10
49.9431609999999964
20
-52.3883279999999942
11
49.6568380000000005
21
-52.3883279999999942
0
LINE
8
BLACK
6
CONTINUOUS
10
49.6568380000000005
20
-52.3883279999999942
11
49.5674239999999955
21
-52.4330349999999967
0
LINE
8
BLACK
6
CONTINUOUS
10
49.5674239999999955
20
-52.4330349999999967
11
49.5304199999999994
21
-52.4700379999999953
0
LINE
8
BLACK
6
CONTINUOUS
10
49.5304199999999994
20
-52.4700379999999953
11
49.485712999999997
21
-52.5594520000000003
0
LINE
8
BLACK
6
CONTINUOUS
10
49.485712999999997
20
-52.5594520000000003
11
49.485712999999997
21
-52.6425580000000011
0
LINE
8
BLACK
6
CONTINUOUS
10
49.485712999999997
20
-52.6425580000000011
11
49.5382460000000009
21
-52.8001569999999987
0
LINE
8
BLACK
6
CONTINUOUS
10
49.5382460000000009
20
-52.8001569999999987
11
50.3703509999999994
21
-53.6322619999999972
0
LINE
8
BLACK
6
CONTINUOUS
10
50.3703509999999994
20
-53.6322619999999972
11
50.3890059999999949
21
-53.654992
0
LINE
8
BLACK
6
CONTINUOUS
10
50.3890059999999949
20
-53.654992
11
50.411403
21
-53.7090649999999954
0
LINE
8
BLACK
6
CONTINUOUS
10
50.411403
20
-53.7090649999999954
11
50.411403
21
-53.7675909999999959
0
LINE
8
BLACK
6
CONTINUOUS
10
50.411403
20
-53.7675909999999959
11
50.3890059999999949
21
-53.8216630000000009
0
LINE
8
BLACK
6
CONTINUOUS
10
50.3890059999999949
20
-53.8216630000000009
11
50.3476199999999992
21
-53.8630489999999966
0
LINE
8
BLACK
6
CONTINUOUS
10
50.3476199999999992
20
-53.8630489999999966
11
50.3172369999999987
21
-53.875633999999998
0
LINE
8
BLACK
6
CONTINUOUS
10
50.3172369999999987
20
-53.875633999999998
11
50.2935489999999987
21
-53.8854459999999946
0
LINE
8
BLACK
6
CONTINUOUS
10
50.2935489999999987
20
-53.8854459999999946
11
50.264285000000001
21
-53.8883279999999942
0
LINE
8
BLACK
6
CONTINUOUS
10
50.264285000000001
20
-53.8883279999999942
11
49.3357129999999984
21
-53.8883279999999942
0
LINE
8
BLACK
6
CONTINUOUS
10
49.3357129999999984
20
-53.8883279999999942
11
49.3064490000000006
21
-53.8854459999999946
0
LINE
8
BLACK
6
CONTINUOUS
10
49.3064490000000006
20
-53.8854459999999946
11
49.2523769999999956
21
-53.8630479999999991
0
LINE
8
BLACK
6
CONTINUOUS
10
49.2523769999999956
20
-53.8630479999999991
11
49.2109929999999949
21
-53.8216639999999984
0
LINE
8
BLACK
6
CONTINUOUS
10
49.2109929999999949
20
-53.8216639999999984
11
49.1885949999999994
21
-53.7675920000000005
0
LINE
8
BLACK
6
CONTINUOUS
10
49.1885949999999994
20
-53.7675920000000005
11
49.1885949999999994
21
-53.7090639999999979
0
LINE
8
BLACK
6
CONTINUOUS
10
49.1885949999999994
20
-53.7090639999999979
11
49.2109929999999949
21
-53.654992
0
LINE
8
BLACK
6
CONTINUOUS
10
49.2109929999999949
20
-53.654992
11
49.2523769999999956
21
-53.6136079999999993
0
LINE
8
BLACK
6
CONTINUOUS
10
49.2523769999999956
20
-53.6136079999999993
11
49.3064490000000006
21
-53.5912099999999967
0
LINE
8
BLACK
6
CONTINUOUS
10
49.3064490000000006
20
-53.5912099999999967
11
49.3357129999999984
21
-53.5883279999999971
0
LINE
8
BLACK
6
CONTINUOUS
10
49.3357129999999984
20
-53.5883279999999971
11
49.9021529999999984
21
-53.5883279999999971
0
LINE
8
BLACK
6
CONTINUOUS
10
49.9021529999999984
20
-53.5883279999999971
11
49.3010759999999948
21
-52.9872510000000005
0
LINE
8
BLACK
6
CONTINUOUS
10
49.3010759999999948
20
-52.9872510000000005
11
49.2824209999999994
21
-52.9645200000000003
0
LINE
8
BLACK
6
CONTINUOUS
10
49.2824209999999994
20
-52.9645200000000003
11
49.2803579999999997
21
-52.959539999999997
0
LINE
8
BLACK
6
CONTINUOUS
10
49.2803579999999997
20
-52.959539999999997
11
49.2768279999999947
21
-52.9554699999999983
0
LINE
8
BLACK
6
CONTINUOUS
10
49.2768279999999947
20
-52.9554699999999983
11
49.2648399999999995
21
-52.9286189999999976
0
LINE
8
BLACK
6
CONTINUOUS
10
49.2648399999999995
20
-52.9286189999999976
11
49.1934109999999976
21
-52.7143349999999984
0
LINE
8
BLACK
6
CONTINUOUS
10
49.1934109999999976
20
-52.7143349999999984
11
49.1901109999999946
21
-52.699824999999997
0
LINE
8
BLACK
6
CONTINUOUS
10
49.1901109999999946
20
-52.699824999999997
11
49.1885949999999994
21
-52.696163999999996
0
LINE
8
BLACK
6
CONTINUOUS
10
49.1885949999999994
20
-52.696163999999996
11
49.1880719999999982
21
-52.6908549999999991
0
LINE
8
BLACK
6
CONTINUOUS
10
49.1880719999999982
20
-52.6908549999999991
11
49.1868909999999957
21
-52.6856609999999961
0
LINE
8
BLACK
6
CONTINUOUS
10
49.1868909999999957
20
-52.6856609999999961
11
49.1871709999999993
21
-52.681711
0
LINE
8
BLACK
6
CONTINUOUS
10
49.1871709999999993
20
-52.681711
11
49.1857129999999998
21
-52.6668999999999983
0
LINE
8
BLACK
6
CONTINUOUS
10
49.1857129999999998
20
-52.6668999999999983
11
49.1857129999999998
21
-52.5240419999999943
0
LINE
8
BLACK
6
CONTINUOUS
10
49.1857129999999998
20
-52.5240419999999943
11
49.1885949999999994
21
-52.4947779999999966
0
LINE
8
BLACK
6
CONTINUOUS
10
49.1885949999999994
20
-52.4947779999999966
11
49.1906579999999991
21
-52.4897969999999958
0
LINE
8
BLACK
6
CONTINUOUS
10
49.1906579999999991
20
-52.4897969999999958
11
49.191040000000001
21
-52.4844229999999996
0
LINE
8
BLACK
6
CONTINUOUS
10
49.191040000000001
20
-52.4844229999999996
11
49.201549
21
-52.4569599999999951
0
LINE
8
BLACK
6
CONTINUOUS
10
49.201549
20
-52.4569599999999951
11
49.2729779999999948
21
-52.3141029999999958
0
LINE
8
BLACK
6
CONTINUOUS
10
49.2729779999999948
20
-52.3141029999999958
11
49.2809059999999945
21
-52.3015070000000009
0
LINE
8
BLACK
6
CONTINUOUS
10
49.2809059999999945
20
-52.3015070000000009
11
49.2824219999999968
21
-52.2978489999999994
0
LINE
8
BLACK
6
CONTINUOUS
10
49.2824219999999968
20
-52.2978489999999994
11
49.2858009999999993
21
-52.2937310000000011
0
LINE
8
BLACK
6
CONTINUOUS
10
49.2858009999999993
20
-52.2937310000000011
11
49.2886430000000004
21
-52.2892170000000007
0
LINE
8
BLACK
6
CONTINUOUS
10
49.2886430000000004
20
-52.2892170000000007
11
49.2916369999999944
21
-52.2866199999999992
0
LINE
8
BLACK
6
CONTINUOUS
10
49.2916369999999944
20
-52.2866199999999992
11
49.3010769999999994
21
-52.2751179999999991
0
LINE
8
BLACK
6
CONTINUOUS
10
49.3010769999999994
20
-52.2751179999999991
11
49.3725059999999942
21
-52.2036899999999946
0
LINE
8
BLACK
6
CONTINUOUS
10
49.3725059999999942
20
-52.2036899999999946
11
49.3840059999999994
21
-52.1942509999999942
0
LINE
8
BLACK
6
CONTINUOUS
10
49.3840059999999994
20
-52.1942509999999942
11
49.3866030000000009
21
-52.1912579999999977
0
LINE
8
BLACK
6
CONTINUOUS
10
49.3866030000000009
20
-52.1912579999999977
11
49.3911149999999992
21
-52.1884170000000012
0
LINE
8
BLACK
6
CONTINUOUS
10
49.3911149999999992
20
-52.1884170000000012
11
49.395235999999997
21
-52.1850359999999966
0
LINE
8
BLACK
6
CONTINUOUS
10
49.395235999999997
20
-52.1850359999999966
11
49.398894999999996
21
-52.1835199999999944
0
LINE
8
BLACK
6
CONTINUOUS
10
49.398894999999996
20
-52.1835199999999944
11
49.411488999999996
21
-52.1755929999999992
0
LINE
8
BLACK
6
CONTINUOUS
10
49.411488999999996
20
-52.1755929999999992
11
49.5543449999999979
21
-52.1041639999999973
0
LINE
8
BLACK
6
CONTINUOUS
10
49.5543449999999979
20
-52.1041639999999973
11
49.5818089999999998
21
-52.0936549999999983
0
LINE
8
BLACK
6
CONTINUOUS
10
49.5818089999999998
20
-52.0936549999999983
11
49.587182999999996
21
-52.0932729999999964
0
LINE
8
BLACK
6
CONTINUOUS
10
49.587182999999996
20
-52.0932729999999964
11
49.5921639999999968
21
-52.0912099999999967
0
LINE
8
BLACK
6
CONTINUOUS
10
49.5921639999999968
20
-52.0912099999999967
11
49.6214279999999945
21
-52.0883279999999971
0
LINE
8
BLACK
6
CONTINUOUS
10
49.6214279999999945
20
-52.0883279999999971
11
49.9785709999999952
21
-52.0883279999999971
0
LINE
8
BLACK
6
CONTINUOUS
10
49.9785709999999952
20
-52.0883279999999971
11
50.007835
21
-52.0912099999999967
0
LINE
8
BLACK
6
CONTINUOUS
10
51.6506919999999994
20
-52.0912099999999967
11
51.7047639999999973
21
-52.1136079999999993
0
LINE
8
BLACK
6
CONTINUOUS
10
51.7047639999999973
20
-52.1136079999999993
11
51.746147999999998
21
-52.154992
0
LINE
8
BLACK
6
CONTINUOUS
10
51.746147999999998
20
-52.154992
11
51.7685460000000006
21
-52.2090639999999979
0
LINE
8
BLACK
6
CONTINUOUS
10
51.7685460000000006
20
-52.2090639999999979
11
51.7714280000000002
21
-52.2383279999999957
0
LINE
8
BLACK
6
CONTINUOUS
10
51.7714280000000002
20
-52.2383279999999957
11
51.7714280000000002
21
-53.7383279999999957
0
LINE
8
BLACK
6
CONTINUOUS
10
51.7714280000000002
20
-53.7383279999999957
11
51.7685460000000006
21
-53.7675920000000005
0
LINE
8
BLACK
6
CONTINUOUS
10
51.7685460000000006
20
-53.7675920000000005
11
51.746147999999998
21
-53.8216639999999984
0
LINE
8
BLACK
6
CONTINUOUS
10
51.746147999999998
20
-53.8216639999999984
11
51.7047639999999973
21
-53.8630479999999991
0
LINE
8
BLACK
6
CONTINUOUS
10
51.7047639999999973
20
-53.8630479999999991
11
51.6506919999999994
21
-53.8854459999999946
0
LINE
8
BLACK
6
CONTINUOUS
10
51.6506919999999994
20
-53.8854459999999946
11
51.5921639999999968
21
-53.8854459999999946
0
LINE
8
BLACK
6
CONTINUOUS
10
51.5921639999999968
20
-53.8854459999999946
11
51.5380919999999989
21
-53.8630479999999991
0
LINE
8
BLACK
6
CONTINUOUS
10
51.5380919999999989
20
-53.8630479999999991
11
51.4967079999999982
21
-53.8216639999999984
0
LINE
8
BLACK
6
CONTINUOUS
10
51.4967079999999982
20
-53.8216639999999984
11
51.4743099999999956
21
-53.7675920000000005
0
LINE
8
BLACK
6
CONTINUOUS
10
51.4743099999999956
20
-53.7675920000000005
11
51.471427999999996
21
-53.7383279999999957
0
LINE
8
BLACK
6
CONTINUOUS
10
51.471427999999996
20
-53.7383279999999957
11
51.471427999999996
21
-53.174042
0
LINE
8
BLACK
6
CONTINUOUS
10
51.471427999999996
20
-53.174042
11
51.3423829999999981
21
-53.174042
0
LINE
8
BLACK
6
CONTINUOUS
10
51.3423829999999981
20
-53.174042
11
50.8871699999999976
21
-53.8243469999999959
0
LINE
8
BLACK
6
CONTINUOUS
10
50.8871699999999976
20
-53.8243469999999959
11
50.8680269999999979
21
-53.8466689999999986
0
LINE
8
BLACK
6
CONTINUOUS
10
50.8680269999999979
20
-53.8466689999999986
11
50.8186699999999973
21
-53.8781219999999976
0
LINE
8
BLACK
6
CONTINUOUS
10
50.8186699999999973
20
-53.8781219999999976
11
50.7610339999999951
21
-53.8882929999999973
0
LINE
8
BLACK
6
CONTINUOUS
10
50.7610339999999951
20
-53.8882929999999973
11
50.7038919999999962
21
-53.875633999999998
0
LINE
8
BLACK
6
CONTINUOUS
10
50.7038919999999962
20
-53.875633999999998
11
50.6559439999999981
21
-53.8420699999999997
0
LINE
8
BLACK
6
CONTINUOUS
10
50.6559439999999981
20
-53.8420699999999997
11
50.624490999999999
21
-53.7927129999999991
0
LINE
8
BLACK
6
CONTINUOUS
10
50.624490999999999
20
-53.7927129999999991
11
50.6143199999999993
21
-53.7350769999999969
0
LINE
8
BLACK
6
CONTINUOUS
10
50.6143199999999993
20
-53.7350769999999969
11
50.6269789999999986
21
-53.677934999999998
0
LINE
8
BLACK
6
CONTINUOUS
10
50.6269789999999986
20
-53.677934999999998
11
50.6413999999999973
21
-53.6523089999999954
0
LINE
8
BLACK
6
CONTINUOUS
10
50.6413999999999973
20
-53.6523089999999954
11
50.9863519999999966
21
-53.1595200000000006
0
LINE
8
BLACK
6
CONTINUOUS
10
50.9863519999999966
20
-53.1595200000000006
11
50.982917999999998
21
-53.1582059999999998
0
LINE
8
BLACK
6
CONTINUOUS
10
50.982917999999998
20
-53.1582059999999998
11
50.8400600000000011
21
-53.0867779999999954
0
LINE
8
BLACK
6
CONTINUOUS
10
50.8400600000000011
20
-53.0867779999999954
11
50.8274679999999961
21
-53.0788510000000002
0
LINE
8
BLACK
6
CONTINUOUS
10
50.8274679999999961
20
-53.0788510000000002
11
50.8238069999999951
21
-53.0773349999999979
0
LINE
8
BLACK
6
CONTINUOUS
10
50.8238069999999951
20
-53.0773349999999979
11
50.8196839999999952
21
-53.073951000000001
0
LINE
8
BLACK
6
CONTINUOUS
10
50.8196839999999952
20
-53.073951000000001
11
50.8151749999999964
21
-53.0711129999999969
0
LINE
8
BLACK
6
CONTINUOUS
10
50.8151749999999964
20
-53.0711129999999969
11
50.812579999999997
21
-53.0681209999999979
0
LINE
8
BLACK
6
CONTINUOUS
10
50.812579999999997
20
-53.0681209999999979
11
50.8010759999999948
21
-53.0586799999999954
0
LINE
8
BLACK
6
CONTINUOUS
10
50.8010759999999948
20
-53.0586799999999954
11
50.7296469999999999
21
-52.9872510000000005
0
LINE
8
BLACK
6
CONTINUOUS
10
50.7296469999999999
20
-52.9872510000000005
11
50.7202069999999949
21
-52.9757490000000004
0
LINE
8
BLACK
6
CONTINUOUS
10
50.7202069999999949
20
-52.9757490000000004
11
50.7172139999999985
21
-52.9731529999999964
0
LINE
8
BLACK
6
CONTINUOUS
10
50.7172139999999985
20
-52.9731529999999964
11
50.7143729999999948
21
-52.968638999999996
0
LINE
8
BLACK
6
CONTINUOUS
10
50.7143729999999948
20
-52.968638999999996
11
50.7109919999999974
21
-52.9645200000000003
0
LINE
8
BLACK
6
CONTINUOUS
10
50.7109919999999974
20
-52.9645200000000003
11
50.7094759999999951
21
-52.9608599999999967
0
LINE
8
BLACK
6
CONTINUOUS
10
50.7094759999999951
20
-52.9608599999999967
11
50.701549
21
-52.9482669999999942
0
LINE
8
BLACK
6
CONTINUOUS
10
50.701549
20
-52.9482669999999942
11
50.6301209999999955
21
-52.8054099999999949
0
LINE
8
BLACK
6
CONTINUOUS
10
50.6301209999999955
20
-52.8054099999999949
11
50.619610999999999
21
-52.777946
0
LINE
8
BLACK
6
CONTINUOUS
10
50.619610999999999
20
-52.777946
11
50.6192289999999971
21
-52.7725699999999946
0
LINE
8
BLACK
6
CONTINUOUS
10
50.6192289999999971
20
-52.7725699999999946
11
50.6171669999999949
21
-52.7675920000000005
0
LINE
8
BLACK
6
CONTINUOUS
10
50.6171669999999949
20
-52.7675920000000005
11
50.6142849999999953
21
-52.7383279999999957
0
LINE
8
BLACK
6
CONTINUOUS
10
50.6142849999999953
20
-52.7383279999999957
11
50.6142849999999953
21
-52.5240419999999943
0
LINE
8
BLACK
6
CONTINUOUS
10
50.6142849999999953
20
-52.5240419999999943
11
50.6171669999999949
21
-52.4947779999999966
0
LINE
8
BLACK
6
CONTINUOUS
10
50.6171669999999949
20
-52.4947779999999966
11
50.6192289999999971
21
-52.4897989999999979
0
LINE
8
BLACK
6
CONTINUOUS
10
50.6192289999999971
20
-52.4897989999999979
11
50.619610999999999
21
-52.4844239999999971
0
LINE
8
BLACK
6
CONTINUOUS
10
50.619610999999999
20
-52.4844239999999971
11
50.6301209999999955
21
-52.4569599999999951
0
LINE
8
BLACK
6
CONTINUOUS
10
50.6301209999999955
20
-52.4569599999999951
11
50.701549
21
-52.3141029999999958
0
LINE
8
BLACK
6
CONTINUOUS
10
50.701549
20
-52.3141029999999958
11
50.7094769999999997
21
-52.3015070000000009
0
LINE
8
BLACK
6
CONTINUOUS
10
50.7094769999999997
20
-52.3015070000000009
11
50.7109929999999949
21
-52.2978489999999994
0
LINE
8
BLACK
6
CONTINUOUS
10
50.7109929999999949
20
-52.2978489999999994
11
50.7143719999999973
21
-52.2937310000000011
0
LINE
8
BLACK
6
CONTINUOUS
10
50.7143719999999973
20
-52.2937310000000011
11
50.7172139999999985
21
-52.2892170000000007
0
LINE
8
BLACK
6
CONTINUOUS
10
50.7172139999999985
20
-52.2892170000000007
11
50.7202079999999995
21
-52.2866199999999992
0
LINE
8
BLACK
6
CONTINUOUS
10
50.7202079999999995
20
-52.2866199999999992
11
50.7296479999999974
21
-52.2751179999999991
0
LINE
8
BLACK
6
CONTINUOUS
10
50.7296479999999974
20
-52.2751179999999991
11
50.8010769999999994
21
-52.2036899999999946
0
LINE
8
BLACK
6
CONTINUOUS
10
50.8010769999999994
20
-52.2036899999999946
11
50.8125769999999974
21
-52.1942509999999942
0
LINE
8
BLACK
6
CONTINUOUS
10
50.8125769999999974
20
-52.1942509999999942
11
50.815173999999999
21
-52.1912579999999977
0
LINE
8
BLACK
6
CONTINUOUS
10
50.815173999999999
20
-52.1912579999999977
11
50.8196859999999973
21
-52.1884170000000012
0
LINE
8
BLACK
6
CONTINUOUS
10
50.8196859999999973
20
-52.1884170000000012
11
50.8238069999999951
21
-52.1850359999999966
0
LINE
8
BLACK
6
CONTINUOUS
10
50.8238069999999951
20
-52.1850359999999966
11
50.8274660000000011
21
-52.1835199999999944
0
LINE
8
BLACK
6
CONTINUOUS
10
50.8274660000000011
20
-52.1835199999999944
11
50.8400600000000011
21
-52.1755929999999992
0
LINE
8
BLACK
6
CONTINUOUS
10
50.8400600000000011
20
-52.1755929999999992
11
50.9829159999999959
21
-52.1041639999999973
0
LINE
8
BLACK
6
CONTINUOUS
10
50.9829159999999959
20
-52.1041639999999973
11
51.0103799999999978
21
-52.0936549999999983
0
LINE
8
BLACK
6
CONTINUOUS
10
51.0103799999999978
20
-52.0936549999999983
11
51.0157540000000012
21
-52.0932729999999964
0
LINE
8
BLACK
6
CONTINUOUS
10
51.0157540000000012
20
-52.0932729999999964
11
51.0207349999999948
21
-52.0912099999999967
0
LINE
8
BLACK
6
CONTINUOUS
10
51.0207349999999948
20
-52.0912099999999967
11
51.0499989999999997
21
-52.0883279999999971
0
LINE
8
BLACK
6
CONTINUOUS
10
51.0499989999999997
20
-52.0883279999999971
11
51.6214279999999945
21
-52.0883279999999971
0
LINE
8
BLACK
6
CONTINUOUS
10
51.6214279999999945
20
-52.0883279999999971
11
51.6506919999999994
21
-52.0912099999999967
0
LINE
8
BLACK
6
CONTINUOUS
10
50.9959950000000006
20
-52.4330349999999967
11
50.95899
21
-52.4700399999999973
0
LINE
8
BLACK
6
CONTINUOUS
10
50.95899
20
-52.4700399999999973
11
50.9142849999999996
21
-52.5594509999999957
0
LINE
8
BLACK
6
CONTINUOUS
10
50.9142849999999996
20
-52.5594509999999957
11
50.9142849999999996
21
-52.7029179999999968
0
LINE
8
BLACK
6
CONTINUOUS
10
50.9142849999999996
20
-52.7029179999999968
11
50.95899
21
-52.7923299999999998
0
LINE
8
BLACK
6
CONTINUOUS
10
50.95899
20
-52.7923299999999998
11
50.9959950000000006
21
-52.8293350000000004
0
LINE
8
BLACK
6
CONTINUOUS
10
50.9959950000000006
20
-52.8293350000000004
11
51.0854089999999985
21
-52.8740419999999958
0
LINE
8
BLACK
6
CONTINUOUS
10
51.0854089999999985
20
-52.8740419999999958
11
51.471427999999996
21
-52.8740419999999958
0
LINE
8
BLACK
6
CONTINUOUS
10
51.471427999999996
20
-52.8740419999999958
11
51.471427999999996
21
-52.3883279999999942
0
LINE
8
BLACK
6
CONTINUOUS
10
51.471427999999996
20
-52.3883279999999942
11
51.0854089999999985
21
-52.3883279999999942
0
LINE
8
BLACK
6
CONTINUOUS
10
51.0854089999999985
20
-52.3883279999999942
11
50.9959950000000006
21
-52.4330349999999967
0
LINE
8
BLACK
6
CONTINUOUS
10
32.8101679999999973
20
-50.291444999999996
11
33.0340249999999997
21
-50.364180999999995
0
LINE
8
BLACK
6
CONTINUOUS
10
33.0340249999999997
20
-50.364180999999995
11
33.2437479999999965
21
-50.471039999999995
0
LINE
8
BLACK
6
CONTINUOUS
10
33.2437479999999965
20
-50.471039999999995
11
33.4341719999999967
21
-50.6093909999999951
0
LINE
8
BLACK
6
CONTINUOUS
10
33.4341719999999967
20
-50.6093909999999951
11
33.6006089999999986
21
-50.7758279999999971
0
LINE
8
BLACK
6
CONTINUOUS
10
33.6006089999999986
20
-50.7758279999999971
11
33.7389599999999987
21
-50.9662519999999972
0
LINE
8
BLACK
6
CONTINUOUS
10
33.7389599999999987
20
-50.9662519999999972
11
33.8458189999999988
21
-51.1759750000000011
0
LINE
8
BLACK
6
CONTINUOUS
10
33.8458189999999988
20
-51.1759750000000011
11
33.9185549999999978
21
-51.3998319999999964
0
LINE
8
BLACK
6
CONTINUOUS
10
33.9185549999999978
20
-51.3998319999999964
11
33.9553760000000011
21
-51.6323109999999943
0
LINE
8
BLACK
6
CONTINUOUS
10
33.9553760000000011
20
-51.6323109999999943
11
33.9553760000000011
21
-51.8676889999999986
0
LINE
8
BLACK
6
CONTINUOUS
10
33.9553760000000011
20
-51.8676889999999986
11
33.9185549999999978
21
-52.1001679999999965
0
LINE
8
BLACK
6
CONTINUOUS
10
33.9185549999999978
20
-52.1001679999999965
11
33.8458189999999988
21
-52.3240249999999989
0
LINE
8
BLACK
6
CONTINUOUS
10
33.8458189999999988
20
-52.3240249999999989
11
33.7389599999999987
21
-52.5337479999999957
0
LINE
8
BLACK
6
CONTINUOUS
10
33.7389599999999987
20
-52.5337479999999957
11
33.6006089999999986
21
-52.7241719999999958
0
LINE
8
BLACK
6
CONTINUOUS
10
33.6006089999999986
20
-52.7241719999999958
11
33.4341719999999967
21
-52.8906089999999978
0
LINE
8
BLACK
6
CONTINUOUS
10
33.4341719999999967
20
-52.8906089999999978
11
33.2437479999999965
21
-53.0289599999999979
0
LINE
8
BLACK
6
CONTINUOUS
10
33.2437479999999965
20
-53.0289599999999979
11
33.0340249999999997
21
-53.1358189999999979
0
LINE
8
BLACK
6
CONTINUOUS
10
33.0340249999999997
20
-53.1358189999999979
11
32.8101679999999973
21
-53.2085549999999969
0
LINE
8
BLACK
6
CONTINUOUS
10
32.8101679999999973
20
-53.2085549999999969
11
32.5776889999999995
21
-53.2453760000000003
0
LINE
8
BLACK
6
CONTINUOUS
10
32.5776889999999995
20
-53.2453760000000003
11
32.3423109999999951
21
-53.2453760000000003
0
LINE
8
BLACK
6
CONTINUOUS
10
32.3423109999999951
20
-53.2453760000000003
11
32.1098319999999973
21
-53.2085549999999969
0
LINE
8
BLACK
6
CONTINUOUS
10
32.1098319999999973
20
-53.2085549999999969
11
31.8859749999999984
21
-53.1358189999999979
0
LINE
8
BLACK
6
CONTINUOUS
10
31.8859749999999984
20
-53.1358189999999979
11
31.6762519999999981
21
-53.0289599999999979
0
LINE
8
BLACK
6
CONTINUOUS
10
31.6762519999999981
20
-53.0289599999999979
11
31.4858279999999979
21
-52.8906089999999978
0
LINE
8
BLACK
6
CONTINUOUS
10
31.4858279999999979
20
-52.8906089999999978
11
31.3193909999999995
21
-52.7241719999999958
0
LINE
8
BLACK
6
CONTINUOUS
10
31.3193909999999995
20
-52.7241719999999958
11
31.1810399999999994
21
-52.5337479999999957
0
LINE
8
BLACK
6
CONTINUOUS
10
31.1810399999999994
20
-52.5337479999999957
11
31.0741809999999994
21
-52.3240249999999989
0
LINE
8
BLACK
6
CONTINUOUS
10
31.0741809999999994
20
-52.3240249999999989
11
31.0014450000000004
21
-52.1001679999999965
0
LINE
8
BLACK
6
CONTINUOUS
10
31.0014450000000004
20
-52.1001679999999965
11
30.964623999999997
21
-51.8676889999999986
0
LINE
8
BLACK
6
CONTINUOUS
10
30.964623999999997
20
-51.8676889999999986
11
30.964623999999997
21
-51.6323109999999943
0
LINE
8
BLACK
6
CONTINUOUS
10
30.964623999999997
20
-51.6323109999999943
11
31.0014450000000004
21
-51.3998319999999964
0
LINE
8
BLACK
6
CONTINUOUS
10
31.0014450000000004
20
-51.3998319999999964
11
31.0741809999999994
21
-51.1759750000000011
0
LINE
8
BLACK
6
CONTINUOUS
10
31.0741809999999994
20
-51.1759750000000011
11
31.1810399999999994
21
-50.9662519999999972
0
LINE
8
BLACK
6
CONTINUOUS
10
31.1810399999999994
20
-50.9662519999999972
11
31.3193909999999995
21
-50.7758279999999971
0
LINE
8
BLACK
6
CONTINUOUS
10
31.3193909999999995
20
-50.7758279999999971
11
31.4858279999999979
21
-50.6093909999999951
0
LINE
8
BLACK
6
CONTINUOUS
10
31.4858279999999979
20
-50.6093909999999951
11
31.6762519999999981
21
-50.471039999999995
0
LINE
8
BLACK
6
CONTINUOUS
10
31.6762519999999981
20
-50.471039999999995
11
31.8859749999999984
21
-50.364180999999995
0
LINE
8
BLACK
6
CONTINUOUS
10
31.8859749999999984
20
-50.364180999999995
11
32.1098319999999973
21
-50.291444999999996
0
LINE
8
BLACK
6
CONTINUOUS
10
32.1098319999999973
20
-50.291444999999996
11
32.3423109999999951
21
-50.2546239999999997
0
LINE
8
BLACK
6
CONTINUOUS
10
32.3423109999999951
20
-50.2546239999999997
11
32.5776889999999995
21
-50.2546239999999997
0
LINE
8
BLACK
6
CONTINUOUS
10
32.5776889999999995
20
-50.2546239999999997
11
32.8101679999999973
21
-50.291444999999996
0
LINE
8
BLACK
6
CONTINUOUS
10
34.9578349999999958
20
-45.0562100000000001
11
35.0119070000000008
21
-45.0786079999999956
0
LINE
8
BLACK
6
CONTINUOUS
10
35.0119070000000008
20
-45.0786079999999956
11
35.0532910000000015
21
-45.1199919999999963
0
LINE
8
BLACK
6
CONTINUOUS
10
35.0532910000000015
20
-45.1199919999999963
11
35.075688999999997
21
-45.1740640000000013
0
LINE
8
BLACK
6
CONTINUOUS
10
35.075688999999997
20
-45.1740640000000013
11
35.075688999999997
21
-45.2325919999999968
0
LINE
8
BLACK
6
CONTINUOUS
10
35.075688999999997
20
-45.2325919999999968
11
35.0532910000000015
21
-45.2866639999999947
0
LINE
8
BLACK
6
CONTINUOUS
10
35.0532910000000015
20
-45.2866639999999947
11
35.0119070000000008
21
-45.3280479999999955
0
LINE
8
BLACK
6
CONTINUOUS
10
35.0119070000000008
20
-45.3280479999999955
11
34.9578349999999958
21
-45.350445999999998
0
LINE
8
BLACK
6
CONTINUOUS
10
34.9578349999999958
20
-45.350445999999998
11
34.928570999999998
21
-45.3533279999999976
0
LINE
8
BLACK
6
CONTINUOUS
10
34.928570999999998
20
-45.3533279999999976
11
34.3305639999999954
21
-45.3533279999999976
0
LINE
8
BLACK
6
CONTINUOUS
10
34.3305639999999954
20
-45.3533279999999976
11
34.6128849999999986
21
-45.6759810000000002
0
LINE
8
BLACK
6
CONTINUOUS
10
34.6128849999999986
20
-45.6759810000000002
11
34.6219279999999969
21
-45.6886299999999963
0
LINE
8
BLACK
6
CONTINUOUS
10
34.6219279999999969
20
-45.6886299999999963
11
34.6247189999999989
21
-45.6914209999999983
0
LINE
8
BLACK
6
CONTINUOUS
10
34.6247189999999989
20
-45.6914209999999983
11
34.6258139999999983
21
-45.6940649999999948
0
LINE
8
BLACK
6
CONTINUOUS
10
34.6258139999999983
20
-45.6940649999999948
11
34.6299869999999999
21
-45.6999019999999945
0
LINE
8
BLACK
6
CONTINUOUS
10
34.6299869999999999
20
-45.6999019999999945
11
34.6377919999999975
21
-45.7229809999999972
0
LINE
8
BLACK
6
CONTINUOUS
10
34.6377919999999975
20
-45.7229809999999972
11
34.6471170000000015
21
-45.7454929999999962
0
LINE
8
BLACK
6
CONTINUOUS
10
34.6471170000000015
20
-45.7454929999999962
11
34.6471170000000015
21
-45.7505540000000011
0
LINE
8
BLACK
6
CONTINUOUS
10
34.6471170000000015
20
-45.7505540000000011
11
34.648736999999997
21
-45.7553449999999984
0
LINE
8
BLACK
6
CONTINUOUS
10
34.648736999999997
20
-45.7553449999999984
11
34.6471170000000015
21
-45.779644999999995
0
LINE
8
BLACK
6
CONTINUOUS
10
34.6471170000000015
20
-45.779644999999995
11
34.6471170000000015
21
-45.8040209999999988
0
LINE
8
BLACK
6
CONTINUOUS
10
34.6471170000000015
20
-45.8040209999999988
11
34.6451799999999963
21
-45.8086959999999976
0
LINE
8
BLACK
6
CONTINUOUS
10
34.6451799999999963
20
-45.8086959999999976
11
34.6448439999999991
21
-45.8137410000000003
0
LINE
8
BLACK
6
CONTINUOUS
10
34.6448439999999991
20
-45.8137410000000003
11
34.6340450000000004
21
-45.8355759999999961
0
LINE
8
BLACK
6
CONTINUOUS
10
34.6340450000000004
20
-45.8355759999999961
11
34.6247189999999989
21
-45.8580929999999967
0
LINE
8
BLACK
6
CONTINUOUS
10
34.6247189999999989
20
-45.8580929999999967
11
34.621141999999999
21
-45.8616689999999991
0
LINE
8
BLACK
6
CONTINUOUS
10
34.621141999999999
20
-45.8616689999999991
11
34.6188999999999965
21
-45.8662039999999962
0
LINE
8
BLACK
6
CONTINUOUS
10
34.6188999999999965
20
-45.8662039999999962
11
34.6005639999999985
21
-45.8822469999999996
0
LINE
8
BLACK
6
CONTINUOUS
10
34.6005639999999985
20
-45.8822469999999996
11
34.5833349999999982
21
-45.8994769999999974
0
LINE
8
BLACK
6
CONTINUOUS
10
34.5833349999999982
20
-45.8994769999999974
11
34.5786599999999993
21
-45.901412999999998
0
LINE
8
BLACK
6
CONTINUOUS
10
34.5786599999999993
20
-45.901412999999998
11
34.5748529999999974
21
-45.9047449999999984
0
LINE
8
BLACK
6
CONTINUOUS
10
34.5748529999999974
20
-45.9047449999999984
11
34.5517770000000013
21
-45.912548000000001
0
LINE
8
BLACK
6
CONTINUOUS
10
34.5517770000000013
20
-45.912548000000001
11
34.5292630000000003
21
-45.921875
0
LINE
8
BLACK
6
CONTINUOUS
10
34.5292630000000003
20
-45.921875
11
34.5221209999999985
21
-45.9225780000000015
0
LINE
8
BLACK
6
CONTINUOUS
10
34.5221209999999985
20
-45.9225780000000015
11
34.5194109999999981
21
-45.9234949999999955
0
LINE
8
BLACK
6
CONTINUOUS
10
34.5194109999999981
20
-45.9234949999999955
11
34.5154759999999996
21
-45.9232319999999987
0
LINE
8
BLACK
6
CONTINUOUS
10
34.5154759999999996
20
-45.9232319999999987
11
34.4999989999999954
21
-45.9247569999999996
0
LINE
8
BLACK
6
CONTINUOUS
10
34.4999989999999954
20
-45.9247569999999996
11
34.3211239999999975
21
-45.9247569999999996
0
LINE
8
BLACK
6
CONTINUOUS
10
34.3211239999999975
20
-45.9247569999999996
11
34.2317099999999996
21
-45.9694629999999975
0
LINE
8
BLACK
6
CONTINUOUS
10
34.2317099999999996
20
-45.9694629999999975
11
34.1947059999999965
21
-46.0064670000000007
0
LINE
8
BLACK
6
CONTINUOUS
10
34.1947059999999965
20
-46.0064670000000007
11
34.1499990000000011
21
-46.0958809999999986
0
LINE
8
BLACK
6
CONTINUOUS
10
34.1499990000000011
20
-46.0958809999999986
11
34.1499990000000011
21
-46.382202999999997
0
LINE
8
BLACK
6
CONTINUOUS
10
34.1499990000000011
20
-46.382202999999997
11
34.1947059999999965
21
-46.4716169999999948
0
LINE
8
BLACK
6
CONTINUOUS
10
34.1947059999999965
20
-46.4716169999999948
11
34.2317099999999996
21
-46.508620999999998
0
LINE
8
BLACK
6
CONTINUOUS
10
34.2317099999999996
20
-46.508620999999998
11
34.3211239999999975
21
-46.5533280000000005
0
LINE
8
BLACK
6
CONTINUOUS
10
34.3211239999999975
20
-46.5533280000000005
11
34.6788749999999979
21
-46.5533280000000005
0
LINE
8
BLACK
6
CONTINUOUS
10
34.6788749999999979
20
-46.5533280000000005
11
34.7682870000000008
21
-46.5086219999999955
0
LINE
8
BLACK
6
CONTINUOUS
10
34.7682870000000008
20
-46.5086219999999955
11
34.8225049999999996
21
-46.4544050000000013
0
LINE
8
BLACK
6
CONTINUOUS
10
34.8225049999999996
20
-46.4544050000000013
11
34.8452359999999999
21
-46.4357499999999987
0
LINE
8
BLACK
6
CONTINUOUS
10
34.8452359999999999
20
-46.4357499999999987
11
34.8993079999999978
21
-46.4133530000000007
0
LINE
8
BLACK
6
CONTINUOUS
10
34.8993079999999978
20
-46.4133530000000007
11
34.9578339999999983
21
-46.4133530000000007
0
LINE
8
BLACK
6
CONTINUOUS
10
34.9578339999999983
20
-46.4133530000000007
11
35.0119059999999962
21
-46.4357499999999987
0
LINE
8
BLACK
6
CONTINUOUS
10
35.0119059999999962
20
-46.4357499999999987
11
35.053291999999999
21
-46.4771359999999945
0
LINE
8
BLACK
6
CONTINUOUS
10
35.053291999999999
20
-46.4771359999999945
11
35.075688999999997
21
-46.5312079999999995
0
LINE
8
BLACK
6
CONTINUOUS
10
35.075688999999997
20
-46.5312079999999995
11
35.075688999999997
21
-46.589734
0
LINE
8
BLACK
6
CONTINUOUS
10
35.075688999999997
20
-46.589734
11
35.053291999999999
21
-46.6438059999999979
0
LINE
8
BLACK
6
CONTINUOUS
10
35.053291999999999
20
-46.6438059999999979
11
35.0346369999999965
21
-46.6665369999999982
0
LINE
8
BLACK
6
CONTINUOUS
10
35.0346369999999965
20
-46.6665369999999982
11
34.9632080000000016
21
-46.7379660000000001
0
LINE
8
BLACK
6
CONTINUOUS
10
34.9632080000000016
20
-46.7379660000000001
11
34.9517060000000015
21
-46.7474050000000005
0
LINE
8
BLACK
6
CONTINUOUS
10
34.9517060000000015
20
-46.7474050000000005
11
34.9491099999999975
21
-46.7503989999999945
0
LINE
8
BLACK
6
CONTINUOUS
10
34.9491099999999975
20
-46.7503989999999945
11
34.9445959999999971
21
-46.7532390000000007
0
LINE
8
BLACK
6
CONTINUOUS
10
34.9445959999999971
20
-46.7532390000000007
11
34.9404770000000013
21
-46.7566209999999955
0
LINE
8
BLACK
6
CONTINUOUS
10
34.9404770000000013
20
-46.7566209999999955
11
34.9368169999999978
21
-46.7581360000000004
0
LINE
8
BLACK
6
CONTINUOUS
10
34.9368169999999978
20
-46.7581360000000004
11
34.9242239999999953
21
-46.7660640000000001
0
LINE
8
BLACK
6
CONTINUOUS
10
34.9242239999999953
20
-46.7660640000000001
11
34.7813669999999959
21
-46.8374919999999975
0
LINE
8
BLACK
6
CONTINUOUS
10
34.7813669999999959
20
-46.8374919999999975
11
34.7539030000000011
21
-46.848002000000001
0
LINE
8
BLACK
6
CONTINUOUS
10
34.7539030000000011
20
-46.848002000000001
11
34.7485269999999957
21
-46.8483829999999983
0
LINE
8
BLACK
6
CONTINUOUS
10
34.7485269999999957
20
-46.8483829999999983
11
34.7435490000000016
21
-46.850445999999998
0
LINE
8
BLACK
6
CONTINUOUS
10
34.7435490000000016
20
-46.850445999999998
11
34.7142849999999967
21
-46.8533279999999976
0
LINE
8
BLACK
6
CONTINUOUS
10
34.7142849999999967
20
-46.8533279999999976
11
34.2857139999999987
21
-46.8533279999999976
0
LINE
8
BLACK
6
CONTINUOUS
10
34.2857139999999987
20
-46.8533279999999976
11
34.256450000000001
21
-46.850445999999998
0
LINE
8
BLACK
6
CONTINUOUS
10
34.256450000000001
20
-46.850445999999998
11
34.2514709999999951
21
-46.8483829999999983
0
LINE
8
BLACK
6
CONTINUOUS
10
34.2514709999999951
20
-46.8483829999999983
11
34.2460960000000014
21
-46.848002000000001
0
LINE
8
BLACK
6
CONTINUOUS
10
34.2460960000000014
20
-46.848002000000001
11
34.218632999999997
21
-46.8374919999999975
0
LINE
8
BLACK
6
CONTINUOUS
10
34.218632999999997
20
-46.8374919999999975
11
34.0757750000000001
21
-46.7660640000000001
0
LINE
8
BLACK
6
CONTINUOUS
10
34.0757750000000001
20
-46.7660640000000001
11
34.0631829999999951
21
-46.7581369999999978
0
LINE
8
BLACK
6
CONTINUOUS
10
34.0631829999999951
20
-46.7581369999999978
11
34.0595220000000012
21
-46.7566209999999955
0
LINE
8
BLACK
6
CONTINUOUS
10
34.0595220000000012
20
-46.7566209999999955
11
34.0553990000000013
21
-46.7532369999999986
0
LINE
8
BLACK
6
CONTINUOUS
10
34.0553990000000013
20
-46.7532369999999986
11
34.0508899999999954
21
-46.7503989999999945
0
LINE
8
BLACK
6
CONTINUOUS
10
34.0508899999999954
20
-46.7503989999999945
11
34.048294999999996
21
-46.7474069999999955
0
LINE
8
BLACK
6
CONTINUOUS
10
34.048294999999996
20
-46.7474069999999955
11
34.0367910000000009
21
-46.7379660000000001
0
LINE
8
BLACK
6
CONTINUOUS
10
34.0367910000000009
20
-46.7379660000000001
11
33.9653619999999989
21
-46.6665369999999982
0
LINE
8
BLACK
6
CONTINUOUS
10
33.9653619999999989
20
-46.6665369999999982
11
33.955922000000001
21
-46.655034999999998
0
LINE
8
BLACK
6
CONTINUOUS
10
33.955922000000001
20
-46.655034999999998
11
33.9529289999999975
21
-46.6524390000000011
0
LINE
8
BLACK
6
CONTINUOUS
10
33.9529289999999975
20
-46.6524390000000011
11
33.9500880000000009
21
-46.6479250000000008
0
LINE
8
BLACK
6
CONTINUOUS
10
33.9500880000000009
20
-46.6479250000000008
11
33.9467069999999964
21
-46.6438059999999979
0
LINE
8
BLACK
6
CONTINUOUS
10
33.9467069999999964
20
-46.6438059999999979
11
33.9451910000000012
21
-46.6401460000000014
0
LINE
8
BLACK
6
CONTINUOUS
10
33.9451910000000012
20
-46.6401460000000014
11
33.937263999999999
21
-46.6275529999999989
0
LINE
8
BLACK
6
CONTINUOUS
10
33.937263999999999
20
-46.6275529999999989
11
33.865834999999997
21
-46.4846959999999996
0
LINE
8
BLACK
6
CONTINUOUS
10
33.865834999999997
20
-46.4846959999999996
11
33.855325999999998
21
-46.4572329999999951
0
LINE
8
BLACK
6
CONTINUOUS
10
33.855325999999998
20
-46.4572329999999951
11
33.8549439999999962
21
-46.4518580000000014
0
LINE
8
BLACK
6
CONTINUOUS
10
33.8549439999999962
20
-46.4518580000000014
11
33.8528809999999964
21
-46.4468779999999981
0
LINE
8
BLACK
6
CONTINUOUS
10
33.8528809999999964
20
-46.4468779999999981
11
33.8499989999999968
21
-46.4176140000000004
0
LINE
8
BLACK
6
CONTINUOUS
10
33.8499989999999968
20
-46.4176140000000004
11
33.8499989999999968
21
-46.0604709999999997
0
LINE
8
BLACK
6
CONTINUOUS
10
33.8499989999999968
20
-46.0604709999999997
11
33.8528809999999964
21
-46.0312069999999949
0
LINE
8
BLACK
6
CONTINUOUS
10
33.8528809999999964
20
-46.0312069999999949
11
33.8549439999999962
21
-46.0262260000000012
0
LINE
8
BLACK
6
CONTINUOUS
10
33.8549439999999962
20
-46.0262260000000012
11
33.855325999999998
21
-46.0208519999999979
0
LINE
8
BLACK
6
CONTINUOUS
10
33.855325999999998
20
-46.0208519999999979
11
33.865834999999997
21
-45.9933890000000005
0
LINE
8
BLACK
6
CONTINUOUS
10
33.865834999999997
20
-45.9933890000000005
11
33.937263999999999
21
-45.8505320000000012
0
LINE
8
BLACK
6
CONTINUOUS
10
33.937263999999999
20
-45.8505320000000012
11
33.9451910000000012
21
-45.8379380000000012
0
LINE
8
BLACK
6
CONTINUOUS
10
33.9451910000000012
20
-45.8379380000000012
11
33.9467069999999964
21
-45.8342789999999951
0
LINE
8
BLACK
6
CONTINUOUS
10
33.9467069999999964
20
-45.8342789999999951
11
33.9500880000000009
21
-45.8301589999999948
0
LINE
8
BLACK
6
CONTINUOUS
10
33.9500880000000009
20
-45.8301589999999948
11
33.9529289999999975
21
-45.825645999999999
0
LINE
8
BLACK
6
CONTINUOUS
10
33.9529289999999975
20
-45.825645999999999
11
33.955922000000001
21
-45.8230489999999975
0
LINE
8
BLACK
6
CONTINUOUS
10
33.955922000000001
20
-45.8230489999999975
11
33.9653619999999989
21
-45.8115479999999948
0
LINE
8
BLACK
6
CONTINUOUS
10
33.9653619999999989
20
-45.8115479999999948
11
34.0367910000000009
21
-45.740119
0
LINE
8
BLACK
6
CONTINUOUS
10
34.0367910000000009
20
-45.740119
11
34.048294999999996
21
-45.730677
0
LINE
8
BLACK
6
CONTINUOUS
10
34.048294999999996
20
-45.730677
11
34.0508899999999954
21
-45.7276859999999985
0
LINE
8
BLACK
6
CONTINUOUS
10
34.0508899999999954
20
-45.7276859999999985
11
34.0553990000000013
21
-45.7248469999999969
0
LINE
8
BLACK
6
CONTINUOUS
10
34.0553990000000013
20
-45.7248469999999969
11
34.0595220000000012
21
-45.7214639999999974
0
LINE
8
BLACK
6
CONTINUOUS
10
34.0595220000000012
20
-45.7214639999999974
11
34.0631829999999951
21
-45.7199469999999977
0
LINE
8
BLACK
6
CONTINUOUS
10
34.0631829999999951
20
-45.7199469999999977
11
34.0757750000000001
21
-45.712021
0
LINE
8
BLACK
6
CONTINUOUS
10
34.0757750000000001
20
-45.712021
11
34.1940460000000002
21
-45.6528859999999952
0
LINE
8
BLACK
6
CONTINUOUS
10
34.1940460000000002
20
-45.6528859999999952
11
33.8871120000000019
21
-45.3021039999999999
0
LINE
8
BLACK
6
CONTINUOUS
10
33.8871120000000019
20
-45.3021039999999999
11
33.878067999999999
21
-45.2894529999999946
0
LINE
8
BLACK
6
CONTINUOUS
10
33.878067999999999
20
-45.2894529999999946
11
33.875278999999999
21
-45.2866639999999947
0
LINE
8
BLACK
6
CONTINUOUS
10
33.875278999999999
20
-45.2866639999999947
11
33.8741819999999976
21
-45.2840179999999961
0
LINE
8
BLACK
6
CONTINUOUS
10
33.8741819999999976
20
-45.2840179999999961
11
33.8700109999999981
21
-45.278182000000001
0
LINE
8
BLACK
6
CONTINUOUS
10
33.8700109999999981
20
-45.278182000000001
11
33.8622039999999984
21
-45.2550999999999988
0
LINE
8
BLACK
6
CONTINUOUS
10
33.8622039999999984
20
-45.2550999999999988
11
33.8528809999999964
21
-45.2325919999999968
0
LINE
8
BLACK
6
CONTINUOUS
10
33.8528809999999964
20
-45.2325919999999968
11
33.8528809999999964
21
-45.2275319999999965
0
LINE
8
BLACK
6
CONTINUOUS
10
33.8528809999999964
20
-45.2275319999999965
11
33.8512599999999964
21
-45.2227399999999946
0
LINE
8
BLACK
6
CONTINUOUS
10
33.8512599999999964
20
-45.2227399999999946
11
33.8528809999999964
21
-45.1984299999999948
0
LINE
8
BLACK
6
CONTINUOUS
10
33.8528809999999964
20
-45.1984299999999948
11
33.8528809999999964
21
-45.1740640000000013
0
LINE
8
BLACK
6
CONTINUOUS
10
33.8528809999999964
20
-45.1740640000000013
11
33.8548169999999971
21
-45.1693879999999979
0
LINE
8
BLACK
6
CONTINUOUS
10
33.8548169999999971
20
-45.1693879999999979
11
33.8551539999999989
21
-45.1643439999999998
0
LINE
8
BLACK
6
CONTINUOUS
10
33.8551539999999989
20
-45.1643439999999998
11
33.8659520000000001
21
-45.1425079999999994
0
LINE
8
BLACK
6
CONTINUOUS
10
33.8659520000000001
20
-45.1425079999999994
11
33.875278999999999
21
-45.1199919999999963
0
LINE
8
BLACK
6
CONTINUOUS
10
33.875278999999999
20
-45.1199919999999963
11
33.8788550000000015
21
-45.1164149999999964
0
LINE
8
BLACK
6
CONTINUOUS
10
33.8788550000000015
20
-45.1164149999999964
11
33.8810980000000015
21
-45.1118809999999968
0
LINE
8
BLACK
6
CONTINUOUS
10
33.8810980000000015
20
-45.1118809999999968
11
33.8994330000000019
21
-45.095836999999996
0
LINE
8
BLACK
6
CONTINUOUS
10
33.8994330000000019
20
-45.095836999999996
11
33.9166629999999998
21
-45.0786079999999956
0
LINE
8
BLACK
6
CONTINUOUS
10
33.9166629999999998
20
-45.0786079999999956
11
33.9213370000000012
21
-45.0766709999999975
0
LINE
8
BLACK
6
CONTINUOUS
10
33.9213370000000012
20
-45.0766709999999975
11
33.9251450000000006
21
-45.0733399999999946
0
LINE
8
BLACK
6
CONTINUOUS
10
33.9251450000000006
20
-45.0733399999999946
11
33.9482259999999982
21
-45.065532999999995
0
LINE
8
BLACK
6
CONTINUOUS
10
33.9482259999999982
20
-45.065532999999995
11
33.9707349999999977
21
-45.0562100000000001
0
LINE
8
BLACK
6
CONTINUOUS
10
33.9707349999999977
20
-45.0562100000000001
11
33.9778719999999979
21
-45.0555069999999986
0
LINE
8
BLACK
6
CONTINUOUS
10
33.9778719999999979
20
-45.0555069999999986
11
33.9805869999999999
21
-45.054589
0
LINE
8
BLACK
6
CONTINUOUS
10
33.9805869999999999
20
-45.054589
11
33.9845259999999953
21
-45.0548509999999993
0
LINE
8
BLACK
6
CONTINUOUS
10
33.9845259999999953
20
-45.0548509999999993
11
33.9999989999999954
21
-45.0533280000000005
0
LINE
8
BLACK
6
CONTINUOUS
10
33.9999989999999954
20
-45.0533280000000005
11
34.928570999999998
21
-45.0533280000000005
0
LINE
8
BLACK
6
CONTINUOUS
10
34.928570999999998
20
-45.0533280000000005
11
34.9578349999999958
21
-45.0562100000000001
0
LINE
8
BLACK
6
CONTINUOUS
10
35.5833349999999982
20
-45.0786079999999956
11
35.6247189999999989
21
-45.1199919999999963
0
LINE
8
BLACK
6
CONTINUOUS
10
35.6247189999999989
20
-45.1199919999999963
11
35.6471170000000015
21
-45.1740640000000013
0
LINE
8
BLACK
6
CONTINUOUS
10
35.6471170000000015
20
-45.1740640000000013
11
35.6499990000000011
21
-45.2033279999999991
0
LINE
8
BLACK
6
CONTINUOUS
10
35.6499990000000011
20
-45.2033279999999991
11
35.6499990000000011
21
-46.2504149999999967
0
LINE
8
BLACK
6
CONTINUOUS
10
35.6499990000000011
20
-46.2504149999999967
11
35.7025319999999979
21
-46.4080140000000014
0
LINE
8
BLACK
6
CONTINUOUS
10
35.7025319999999979
20
-46.4080140000000014
11
35.7953109999999981
21
-46.5007939999999991
0
LINE
8
BLACK
6
CONTINUOUS
10
35.7953109999999981
20
-46.5007939999999991
11
35.9529139999999998
21
-46.5533280000000005
0
LINE
8
BLACK
6
CONTINUOUS
10
35.9529139999999998
20
-46.5533280000000005
11
36.0714279999999974
21
-46.5533280000000005
0
LINE
8
BLACK
6
CONTINUOUS
10
36.0714279999999974
20
-46.5533280000000005
11
36.1006919999999951
21
-46.5562100000000001
0
LINE
8
BLACK
6
CONTINUOUS
10
36.1006919999999951
20
-46.5562100000000001
11
36.1547640000000001
21
-46.5786079999999956
0
LINE
8
BLACK
6
CONTINUOUS
10
36.1547640000000001
20
-46.5786079999999956
11
36.1961480000000009
21
-46.6199919999999963
0
LINE
8
BLACK
6
CONTINUOUS
10
36.1961480000000009
20
-46.6199919999999963
11
36.2185459999999964
21
-46.6740640000000013
0
LINE
8
BLACK
6
CONTINUOUS
10
36.2185459999999964
20
-46.6740640000000013
11
36.2185459999999964
21
-46.7325919999999968
0
LINE
8
BLACK
6
CONTINUOUS
10
36.2185459999999964
20
-46.7325919999999968
11
36.1961480000000009
21
-46.7866639999999947
0
LINE
8
BLACK
6
CONTINUOUS
10
36.1961480000000009
20
-46.7866639999999947
11
36.1547640000000001
21
-46.8280479999999955
0
LINE
8
BLACK
6
CONTINUOUS
10
36.1547640000000001
20
-46.8280479999999955
11
36.1006919999999951
21
-46.850445999999998
0
LINE
8
BLACK
6
CONTINUOUS
10
36.1006919999999951
20
-46.850445999999998
11
36.0714279999999974
21
-46.8533279999999976
0
LINE
8
BLACK
6
CONTINUOUS
10
36.0714279999999974
20
-46.8533279999999976
11
35.928570999999998
21
-46.8533279999999976
0
LINE
8
BLACK
6
CONTINUOUS
10
35.928570999999998
20
-46.8533279999999976
11
35.9137649999999979
21
-46.8518690000000007
0
LINE
8
BLACK
6
CONTINUOUS
10
35.9137649999999979
20
-46.8518690000000007
11
35.9098109999999977
21
-46.8521509999999992
0
LINE
8
BLACK
6
CONTINUOUS
10
35.9098109999999977
20
-46.8521509999999992
11
35.9046090000000007
21
-46.8509679999999946
0
LINE
8
BLACK
6
CONTINUOUS
10
35.9046090000000007
20
-46.8509679999999946
11
35.8993070000000003
21
-46.850445999999998
0
LINE
8
BLACK
6
CONTINUOUS
10
35.8993070000000003
20
-46.850445999999998
11
35.8956489999999988
21
-46.8489299999999957
0
LINE
8
BLACK
6
CONTINUOUS
10
35.8956489999999988
20
-46.8489299999999957
11
35.8811369999999954
21
-46.8456309999999974
0
LINE
8
BLACK
6
CONTINUOUS
10
35.8811369999999954
20
-46.8456309999999974
11
35.6668510000000012
21
-46.774203
0
LINE
8
BLACK
6
CONTINUOUS
10
35.6668510000000012
20
-46.774203
11
35.6400000000000006
21
-46.7622149999999976
0
LINE
8
BLACK
6
CONTINUOUS
10
35.6400000000000006
20
-46.7622149999999976
11
35.6359279999999998
21
-46.7586829999999978
0
LINE
8
BLACK
6
CONTINUOUS
10
35.6359279999999998
20
-46.7586829999999978
11
35.6309490000000011
21
-46.7566209999999955
0
LINE
8
BLACK
6
CONTINUOUS
10
35.6309490000000011
20
-46.7566209999999955
11
35.6082189999999983
21
-46.7379660000000001
0
LINE
8
BLACK
6
CONTINUOUS
10
35.6082189999999983
20
-46.7379660000000001
11
35.4653619999999989
21
-46.5951079999999962
0
LINE
8
BLACK
6
CONTINUOUS
10
35.4653619999999989
20
-46.5951079999999962
11
35.4467069999999964
21
-46.5723769999999959
0
LINE
8
BLACK
6
CONTINUOUS
10
35.4467069999999964
20
-46.5723769999999959
11
35.4446439999999967
21
-46.5673969999999997
0
LINE
8
BLACK
6
CONTINUOUS
10
35.4446439999999967
20
-46.5673969999999997
11
35.4411139999999989
21
-46.563327000000001
0
LINE
8
BLACK
6
CONTINUOUS
10
35.4411139999999989
20
-46.563327000000001
11
35.4291259999999966
21
-46.5364760000000004
0
LINE
8
BLACK
6
CONTINUOUS
10
35.4291259999999966
20
-46.5364760000000004
11
35.3576970000000017
21
-46.3221920000000011
0
LINE
8
BLACK
6
CONTINUOUS
10
35.3576970000000017
20
-46.3221920000000011
11
35.3543969999999987
21
-46.3076819999999998
0
LINE
8
BLACK
6
CONTINUOUS
10
35.3543969999999987
20
-46.3076819999999998
11
35.3528809999999964
21
-46.3040209999999988
0
LINE
8
BLACK
6
CONTINUOUS
10
35.3528809999999964
20
-46.3040209999999988
11
35.3523579999999953
21
-46.2987119999999948
0
LINE
8
BLACK
6
CONTINUOUS
10
35.3523579999999953
20
-46.2987119999999948
11
35.3511769999999999
21
-46.2935179999999988
0
LINE
8
BLACK
6
CONTINUOUS
10
35.3511769999999999
20
-46.2935179999999988
11
35.3514569999999964
21
-46.2895679999999956
0
LINE
8
BLACK
6
CONTINUOUS
10
35.3514569999999964
20
-46.2895679999999956
11
35.3499989999999968
21
-46.274757000000001
0
LINE
8
BLACK
6
CONTINUOUS
10
35.3499989999999968
20
-46.274757000000001
11
35.3499989999999968
21
-45.2033279999999991
0
LINE
8
BLACK
6
CONTINUOUS
10
35.3499989999999968
20
-45.2033279999999991
11
35.3528809999999964
21
-45.1740640000000013
0
LINE
8
BLACK
6
CONTINUOUS
10
35.3528809999999964
20
-45.1740640000000013
11
35.375278999999999
21
-45.1199919999999963
0
LINE
8
BLACK
6
CONTINUOUS
10
35.375278999999999
20
-45.1199919999999963
11
35.4166629999999998
21
-45.0786079999999956
0
LINE
8
BLACK
6
CONTINUOUS
10
35.4166629999999998
20
-45.0786079999999956
11
35.4707349999999977
21
-45.0562100000000001
0
LINE
8
BLACK
6
CONTINUOUS
10
35.4707349999999977
20
-45.0562100000000001
11
35.5292630000000003
21
-45.0562100000000001
0
LINE
8
BLACK
6
CONTINUOUS
10
35.5292630000000003
20
-45.0562100000000001
11
35.5833349999999982
21
-45.0786079999999956
0
LINE
8
BLACK
6
CONTINUOUS
10
48.350282
20
-44.0412099999999995
11
48.3649780000000007
21
-44.0412099999999995
0
LINE
8
BLACK
6
CONTINUOUS
10
48.3649780000000007
20
-44.0412099999999995
11
48.378698
21
-44.0468929999999972
0
LINE
8
BLACK
6
CONTINUOUS
10
48.378698
20
-44.0468929999999972
11
48.3932609999999954
21
-44.0498059999999967
0
LINE
8
BLACK
6
CONTINUOUS
10
48.3932609999999954
20
-44.0498059999999967
11
48.4054719999999961
21
-44.0579830000000001
0
LINE
8
BLACK
6
CONTINUOUS
10
48.4054719999999961
20
-44.0579830000000001
11
48.4190499999999986
21
-44.063607999999995
0
LINE
8
BLACK
6
CONTINUOUS
10
48.4190499999999986
20
-44.063607999999995
11
48.4295509999999965
21
-44.074109
0
LINE
8
BLACK
6
CONTINUOUS
10
48.4295509999999965
20
-44.074109
11
48.4418909999999983
21
-44.0823729999999969
0
LINE
8
BLACK
6
CONTINUOUS
10
48.4418909999999983
20
-44.0823729999999969
11
48.4603269999999995
21
-44.1048849999999959
0
LINE
8
BLACK
6
CONTINUOUS
10
48.4603269999999995
20
-44.1048849999999959
11
48.4604339999999993
21
-44.1049919999999958
0
LINE
8
BLACK
6
CONTINUOUS
10
48.4604339999999993
20
-44.1049919999999958
11
48.4604530000000011
21
-44.1050389999999979
0
LINE
8
BLACK
6
CONTINUOUS
10
48.4604530000000011
20
-44.1050389999999979
11
48.4605219999999974
21
-44.105122999999999
0
LINE
8
BLACK
6
CONTINUOUS
10
48.4605219999999974
20
-44.105122999999999
11
48.5951409999999981
21
-44.3070519999999988
0
LINE
8
BLACK
6
CONTINUOUS
10
48.5951409999999981
20
-44.3070519999999988
11
48.7102819999999994
21
-44.422193
0
LINE
8
BLACK
6
CONTINUOUS
10
48.7102819999999994
20
-44.422193
11
48.8313670000000002
21
-44.4827359999999956
0
LINE
8
BLACK
6
CONTINUOUS
10
48.8313670000000002
20
-44.4827359999999956
11
48.8562529999999953
21
-44.4984010000000012
0
LINE
8
BLACK
6
CONTINUOUS
10
48.8562529999999953
20
-44.4984010000000012
11
48.8945989999999995
21
-44.5426159999999953
0
LINE
8
BLACK
6
CONTINUOUS
10
48.8945989999999995
20
-44.5426159999999953
11
48.9131069999999966
21
-44.5981389999999962
0
LINE
8
BLACK
6
CONTINUOUS
10
48.9131069999999966
20
-44.5981389999999962
11
48.9089579999999984
21
-44.6565189999999959
0
LINE
8
BLACK
6
CONTINUOUS
10
48.9089579999999984
20
-44.6565189999999959
11
48.8827840000000009
21
-44.7088679999999954
0
LINE
8
BLACK
6
CONTINUOUS
10
48.8827840000000009
20
-44.7088679999999954
11
48.8385679999999951
21
-44.7472149999999971
0
LINE
8
BLACK
6
CONTINUOUS
10
48.8385679999999951
20
-44.7472149999999971
11
48.7830459999999988
21
-44.7657219999999967
0
LINE
8
BLACK
6
CONTINUOUS
10
48.7830459999999988
20
-44.7657219999999967
11
48.7246659999999991
21
-44.7615729999999985
0
LINE
8
BLACK
6
CONTINUOUS
10
48.7246659999999991
20
-44.7615729999999985
11
48.6972019999999972
21
-44.7510639999999995
0
LINE
8
BLACK
6
CONTINUOUS
10
48.6972019999999972
20
-44.7510639999999995
11
48.5543459999999953
21
-44.6796349999999975
0
LINE
8
BLACK
6
CONTINUOUS
10
48.5543459999999953
20
-44.6796349999999975
11
48.5417539999999974
21
-44.6717079999999953
0
LINE
8
BLACK
6
CONTINUOUS
10
48.5417539999999974
20
-44.6717079999999953
11
48.5380919999999989
21
-44.6701920000000001
0
LINE
8
BLACK
6
CONTINUOUS
10
48.5380919999999989
20
-44.6701920000000001
11
48.533968999999999
21
-44.6668079999999961
0
LINE
8
BLACK
6
CONTINUOUS
10
48.533968999999999
20
-44.6668079999999961
11
48.5294600000000003
21
-44.6639699999999991
0
LINE
8
BLACK
6
CONTINUOUS
10
48.5294600000000003
20
-44.6639699999999991
11
48.5268639999999962
21
-44.6609769999999955
0
LINE
8
BLACK
6
CONTINUOUS
10
48.5268639999999962
20
-44.6609769999999955
11
48.5153619999999961
21
-44.6515369999999976
0
LINE
8
BLACK
6
CONTINUOUS
10
48.5153619999999961
20
-44.6515369999999976
11
48.4857139999999944
21
-44.6218889999999959
0
LINE
8
BLACK
6
CONTINUOUS
10
48.4857139999999944
20
-44.6218889999999959
11
48.4857139999999944
21
-45.5383279999999999
0
LINE
8
BLACK
6
CONTINUOUS
10
48.4857139999999944
20
-45.5383279999999999
11
48.764285000000001
21
-45.5383279999999999
0
LINE
8
BLACK
6
CONTINUOUS
10
48.764285000000001
20
-45.5383279999999999
11
48.7935489999999987
21
-45.5412099999999995
0
LINE
8
BLACK
6
CONTINUOUS
10
48.7935489999999987
20
-45.5412099999999995
11
48.8476209999999966
21
-45.563607999999995
0
LINE
8
BLACK
6
CONTINUOUS
10
48.8476209999999966
20
-45.563607999999995
11
48.8890049999999974
21
-45.6049919999999958
0
LINE
8
BLACK
6
CONTINUOUS
10
48.8890049999999974
20
-45.6049919999999958
11
48.911403
21
-45.6590640000000008
0
LINE
8
BLACK
6
CONTINUOUS
10
48.911403
20
-45.6590640000000008
11
48.911403
21
-45.7175919999999962
0
LINE
8
BLACK
6
CONTINUOUS
10
48.911403
20
-45.7175919999999962
11
48.8890049999999974
21
-45.7716640000000012
0
LINE
8
BLACK
6
CONTINUOUS
10
48.8890049999999974
20
-45.7716640000000012
11
48.8476209999999966
21
-45.8130479999999949
0
LINE
8
BLACK
6
CONTINUOUS
10
48.8476209999999966
20
-45.8130479999999949
11
48.7935489999999987
21
-45.8354459999999975
0
LINE
8
BLACK
6
CONTINUOUS
10
48.7935489999999987
20
-45.8354459999999975
11
48.764285000000001
21
-45.8383279999999971
0
LINE
8
BLACK
6
CONTINUOUS
10
48.764285000000001
20
-45.8383279999999971
11
47.9071420000000003
21
-45.8383279999999971
0
LINE
8
BLACK
6
CONTINUOUS
10
47.9071420000000003
20
-45.8383279999999971
11
47.8778779999999955
21
-45.8354459999999975
0
LINE
8
BLACK
6
CONTINUOUS
10
47.8778779999999955
20
-45.8354459999999975
11
47.8238059999999976
21
-45.8130479999999949
0
LINE
8
BLACK
6
CONTINUOUS
10
47.8238059999999976
20
-45.8130479999999949
11
47.7824219999999968
21
-45.7716640000000012
0
LINE
8
BLACK
6
CONTINUOUS
10
47.7824219999999968
20
-45.7716640000000012
11
47.7600240000000014
21
-45.7175919999999962
0
LINE
8
BLACK
6
CONTINUOUS
10
47.7600240000000014
20
-45.7175919999999962
11
47.7600240000000014
21
-45.6590640000000008
0
LINE
8
BLACK
6
CONTINUOUS
10
47.7600240000000014
20
-45.6590640000000008
11
47.7824219999999968
21
-45.6049919999999958
0
LINE
8
BLACK
6
CONTINUOUS
10
47.7824219999999968
20
-45.6049919999999958
11
47.8238059999999976
21
-45.563607999999995
0
LINE
8
BLACK
6
CONTINUOUS
10
47.8238059999999976
20
-45.563607999999995
11
47.8778779999999955
21
-45.5412099999999995
0
LINE
8
BLACK
6
CONTINUOUS
10
47.8778779999999955
20
-45.5412099999999995
11
47.9071420000000003
21
-45.5383279999999999
0
LINE
8
BLACK
6
CONTINUOUS
10
47.9071420000000003
20
-45.5383279999999999
11
48.1857139999999973
21
-45.5383279999999999
0
LINE
8
BLACK
6
CONTINUOUS
10
48.1857139999999973
20
-45.5383279999999999
11
48.1857139999999973
21
-44.1883279999999985
0
LINE
8
BLACK
6
CONTINUOUS
10
48.1857139999999973
20
-44.1883279999999985
11
48.1857240000000004
21
-44.1882219999999961
0
LINE
8
BLACK
6
CONTINUOUS
10
48.1857240000000004
20
-44.1882219999999961
11
48.1857139999999973
21
-44.1881699999999995
0
LINE
8
BLACK
6
CONTINUOUS
10
48.1857139999999973
20
-44.1881699999999995
11
48.1857439999999997
21
-44.1880159999999975
0
LINE
8
BLACK
6
CONTINUOUS
10
48.1857439999999997
20
-44.1880159999999975
11
48.1885959999999969
21
-44.1590640000000008
0
LINE
8
BLACK
6
CONTINUOUS
10
48.1885959999999969
20
-44.1590640000000008
11
48.1942789999999945
21
-44.1453429999999969
0
LINE
8
BLACK
6
CONTINUOUS
10
48.1942789999999945
20
-44.1453429999999969
11
48.1971920000000011
21
-44.1307809999999989
0
LINE
8
BLACK
6
CONTINUOUS
10
48.1971920000000011
20
-44.1307809999999989
11
48.2053689999999975
21
-44.1185690000000008
0
LINE
8
BLACK
6
CONTINUOUS
10
48.2053689999999975
20
-44.1185690000000008
11
48.2109939999999995
21
-44.1049919999999958
0
LINE
8
BLACK
6
CONTINUOUS
10
48.2109939999999995
20
-44.1049919999999958
11
48.2214949999999973
21
-44.0944900000000004
0
LINE
8
BLACK
6
CONTINUOUS
10
48.2214949999999973
20
-44.0944900000000004
11
48.2297589999999943
21
-44.0821509999999961
0
LINE
8
BLACK
6
CONTINUOUS
10
48.2297589999999943
20
-44.0821509999999961
11
48.2419859999999971
21
-44.0739990000000006
0
LINE
8
BLACK
6
CONTINUOUS
10
48.2419859999999971
20
-44.0739990000000006
11
48.2523780000000002
21
-44.063607999999995
0
LINE
8
BLACK
6
CONTINUOUS
10
48.2523780000000002
20
-44.063607999999995
11
48.266098999999997
21
-44.0579239999999999
0
LINE
8
BLACK
6
CONTINUOUS
10
48.266098999999997
20
-44.0579239999999999
11
48.278456999999996
21
-44.0496860000000012
0
LINE
8
BLACK
6
CONTINUOUS
10
48.278456999999996
20
-44.0496860000000012
11
48.2928709999999981
21
-44.0468339999999969
0
LINE
8
BLACK
6
CONTINUOUS
10
48.2928709999999981
20
-44.0468339999999969
11
48.3064499999999981
21
-44.0412099999999995
0
LINE
8
BLACK
6
CONTINUOUS
10
48.3064499999999981
20
-44.0412099999999995
11
48.3213030000000003
21
-44.0412099999999995
0
LINE
8
BLACK
6
CONTINUOUS
10
48.3213030000000003
20
-44.0412099999999995
11
48.3358719999999948
21
-44.0383279999999999
0
LINE
8
BLACK
6
CONTINUOUS
10
48.3358719999999948
20
-44.0383279999999999
11
48.350282
21
-44.0412099999999995
0
LINE
8
BLACK
6
CONTINUOUS
10
49.778852999999998
20
-44.0412099999999995
11
49.7935489999999987
21
-44.0412099999999995
0
LINE
8
BLACK
6
CONTINUOUS
10
49.7935489999999987
20
-44.0412099999999995
11
49.807268999999998
21
-44.0468929999999972
0
LINE
8
BLACK
6
CONTINUOUS
10
49.807268999999998
20
-44.0468929999999972
11
49.8218320000000006
21
-44.0498059999999967
0
LINE
8
BLACK
6
CONTINUOUS
10
49.8218320000000006
20
-44.0498059999999967
11
49.8340430000000012
21
-44.0579830000000001
0
LINE
8
BLACK
6
CONTINUOUS
10
49.8340430000000012
20
-44.0579830000000001
11
49.8476209999999966
21
-44.063607999999995
0
LINE
8
BLACK
6
CONTINUOUS
10
49.8476209999999966
20
-44.063607999999995
11
49.8581219999999945
21
-44.074109
0
LINE
8
BLACK
6
CONTINUOUS
10
49.8581219999999945
20
-44.074109
11
49.8704619999999963
21
-44.0823729999999969
0
LINE
8
BLACK
6
CONTINUOUS
10
49.8704619999999963
20
-44.0823729999999969
11
49.8888979999999975
21
-44.1048849999999959
0
LINE
8
BLACK
6
CONTINUOUS
10
49.8888979999999975
20
-44.1048849999999959
11
49.8890049999999974
21
-44.1049919999999958
0
LINE
8
BLACK
6
CONTINUOUS
10
49.8890049999999974
20
-44.1049919999999958
11
49.8890239999999991
21
-44.1050389999999979
0
LINE
8
BLACK
6
CONTINUOUS
10
49.8890239999999991
20
-44.1050389999999979
11
49.8890929999999955
21
-44.105122999999999
0
LINE
8
BLACK
6
CONTINUOUS
10
49.8890929999999955
20
-44.105122999999999
11
50.0237119999999962
21
-44.3070519999999988
0
LINE
8
BLACK
6
CONTINUOUS
10
50.0237119999999962
20
-44.3070519999999988
11
50.1388529999999975
21
-44.422193
0
LINE
8
BLACK
6
CONTINUOUS
10
50.1388529999999975
20
-44.422193
11
50.2599379999999982
21
-44.4827359999999956
0
LINE
8
BLACK
6
CONTINUOUS
10
50.2599379999999982
20
-44.4827359999999956
11
50.2848240000000004
21
-44.4984010000000012
0
LINE
8
BLACK
6
CONTINUOUS
10
50.2848240000000004
20
-44.4984010000000012
11
50.3231699999999975
21
-44.5426159999999953
0
LINE
8
BLACK
6
CONTINUOUS
10
50.3231699999999975
20
-44.5426159999999953
11
50.3416779999999946
21
-44.5981389999999962
0
LINE
8
BLACK
6
CONTINUOUS
10
50.3416779999999946
20
-44.5981389999999962
11
50.3375289999999964
21
-44.6565189999999959
0
LINE
8
BLACK
6
CONTINUOUS
10
50.3375289999999964
20
-44.6565189999999959
11
50.3113549999999989
21
-44.7088679999999954
0
LINE
8
BLACK
6
CONTINUOUS
10
50.3113549999999989
20
-44.7088679999999954
11
50.2671390000000002
21
-44.7472149999999971
0
LINE
8
BLACK
6
CONTINUOUS
10
50.2671390000000002
20
-44.7472149999999971
11
50.2116169999999968
21
-44.7657219999999967
0
LINE
8
BLACK
6
CONTINUOUS
10
50.2116169999999968
20
-44.7657219999999967
11
50.1532369999999972
21
-44.7615729999999985
0
LINE
8
BLACK
6
CONTINUOUS
10
50.1532369999999972
20
-44.7615729999999985
11
50.1257729999999952
21
-44.7510639999999995
0
LINE
8
BLACK
6
CONTINUOUS
10
50.1257729999999952
20
-44.7510639999999995
11
49.9829170000000005
21
-44.6796349999999975
0
LINE
8
BLACK
6
CONTINUOUS
10
49.9829170000000005
20
-44.6796349999999975
11
49.9703249999999954
21
-44.6717079999999953
0
LINE
8
BLACK
6
CONTINUOUS
10
49.9703249999999954
20
-44.6717079999999953
11
49.9666629999999969
21
-44.6701920000000001
0
LINE
8
BLACK
6
CONTINUOUS
10
49.9666629999999969
20
-44.6701920000000001
11
49.9625399999999971
21
-44.6668079999999961
0
LINE
8
BLACK
6
CONTINUOUS
10
49.9625399999999971
20
-44.6668079999999961
11
49.9580309999999983
21
-44.6639699999999991
0
LINE
8
BLACK
6
CONTINUOUS
10
49.9580309999999983
20
-44.6639699999999991
11
49.9554349999999943
21
-44.6609769999999955
0
LINE
8
BLACK
6
CONTINUOUS
10
49.9554349999999943
20
-44.6609769999999955
11
49.9439330000000012
21
-44.6515369999999976
0
LINE
8
BLACK
6
CONTINUOUS
10
49.9439330000000012
20
-44.6515369999999976
11
49.9142849999999996
21
-44.6218889999999959
0
LINE
8
BLACK
6
CONTINUOUS
10
49.9142849999999996
20
-44.6218889999999959
11
49.9142849999999996
21
-45.5383279999999999
0
LINE
8
BLACK
6
CONTINUOUS
10
49.9142849999999996
20
-45.5383279999999999
11
50.192855999999999
21
-45.5383279999999999
0
LINE
8
BLACK
6
CONTINUOUS
10
50.192855999999999
20
-45.5383279999999999
11
50.2221199999999968
21
-45.5412099999999995
0
LINE
8
BLACK
6
CONTINUOUS
10
50.2221199999999968
20
-45.5412099999999995
11
50.2761919999999947
21
-45.563607999999995
0
LINE
8
BLACK
6
CONTINUOUS
10
50.2761919999999947
20
-45.563607999999995
11
50.3175759999999954
21
-45.6049919999999958
0
LINE
8
BLACK
6
CONTINUOUS
10
50.3175759999999954
20
-45.6049919999999958
11
50.339973999999998
21
-45.6590640000000008
0
LINE
8
BLACK
6
CONTINUOUS
10
50.339973999999998
20
-45.6590640000000008
11
50.339973999999998
21
-45.7175919999999962
0
LINE
8
BLACK
6
CONTINUOUS
10
50.339973999999998
20
-45.7175919999999962
11
50.3175759999999954
21
-45.7716640000000012
0
LINE
8
BLACK
6
CONTINUOUS
10
50.3175759999999954
20
-45.7716640000000012
11
50.2761919999999947
21
-45.8130479999999949
0
LINE
8
BLACK
6
CONTINUOUS
10
50.2761919999999947
20
-45.8130479999999949
11
50.2221199999999968
21
-45.8354459999999975
0
LINE
8
BLACK
6
CONTINUOUS
10
50.2221199999999968
20
-45.8354459999999975
11
50.192855999999999
21
-45.8383279999999971
0
LINE
8
BLACK
6
CONTINUOUS
10
50.192855999999999
20
-45.8383279999999971
11
49.3357129999999984
21
-45.8383279999999971
0
LINE
8
BLACK
6
CONTINUOUS
10
49.3357129999999984
20
-45.8383279999999971
11
49.3064490000000006
21
-45.8354459999999975
0
LINE
8
BLACK
6
CONTINUOUS
10
49.3064490000000006
20
-45.8354459999999975
11
49.2523769999999956
21
-45.8130479999999949
0
LINE
8
BLACK
6
CONTINUOUS
10
49.2523769999999956
20
-45.8130479999999949
11
49.2109929999999949
21
-45.7716640000000012
0
LINE
8
BLACK
6
CONTINUOUS
10
49.2109929999999949
20
-45.7716640000000012
11
49.1885949999999994
21
-45.7175919999999962
0
LINE
8
BLACK
6
CONTINUOUS
10
49.1885949999999994
20
-45.7175919999999962
11
49.1885949999999994
21
-45.6590640000000008
0
LINE
8
BLACK
6
CONTINUOUS
10
49.1885949999999994
20
-45.6590640000000008
11
49.2109929999999949
21
-45.6049919999999958
0
LINE
8
BLACK
6
CONTINUOUS
10
49.2109929999999949
20
-45.6049919999999958
11
49.2523769999999956
21
-45.563607999999995
0
LINE
8
BLACK
6
CONTINUOUS
10
49.2523769999999956
20
-45.563607999999995
11
49.3064490000000006
21
-45.5412099999999995
0
LINE
8
BLACK
6
CONTINUOUS
10
49.3064490000000006
20
-45.5412099999999995
11
49.3357129999999984
21
-45.5383279999999999
0
LINE
8
BLACK
6
CONTINUOUS
10
49.3357129999999984
20
-45.5383279999999999
11
49.6142849999999953
21
-45.5383279999999999
0
LINE
8
BLACK
6
CONTINUOUS
10
49.6142849999999953
20
-45.5383279999999999
11
49.6142849999999953
21
-44.1883279999999985
0
LINE
8
BLACK
6
CONTINUOUS
10
49.6142849999999953
20
-44.1883279999999985
11
49.6142949999999985
21
-44.1882219999999961
0
LINE
8
BLACK
6
CONTINUOUS
10
49.6142949999999985
20
-44.1882219999999961
11
49.6142849999999953
21
-44.1881699999999995
0
LINE
8
BLACK
6
CONTINUOUS
10
49.6142849999999953
20
-44.1881699999999995
11
49.6143149999999977
21
-44.1880159999999975
0
LINE
8
BLACK
6
CONTINUOUS
10
49.6143149999999977
20
-44.1880159999999975
11
49.6171669999999949
21
-44.1590640000000008
0
LINE
8
BLACK
6
CONTINUOUS
10
49.6171669999999949
20
-44.1590640000000008
11
49.6228499999999997
21
-44.1453429999999969
0
LINE
8
BLACK
6
CONTINUOUS
10
49.6228499999999997
20
-44.1453429999999969
11
49.6257629999999992
21
-44.1307809999999989
0
LINE
8
BLACK
6
CONTINUOUS
10
49.6257629999999992
20
-44.1307809999999989
11
49.6339399999999955
21
-44.1185690000000008
0
LINE
8
BLACK
6
CONTINUOUS
10
49.6339399999999955
20
-44.1185690000000008
11
49.6395649999999975
21
-44.1049919999999958
0
LINE
8
BLACK
6
CONTINUOUS
10
49.6395649999999975
20
-44.1049919999999958
11
49.6500659999999954
21
-44.0944900000000004
0
LINE
8
BLACK
6
CONTINUOUS
10
49.6500659999999954
20
-44.0944900000000004
11
49.6583299999999994
21
-44.0821509999999961
0
LINE
8
BLACK
6
CONTINUOUS
10
49.6583299999999994
20
-44.0821509999999961
11
49.6705569999999952
21
-44.0739990000000006
0
LINE
8
BLACK
6
CONTINUOUS
10
49.6705569999999952
20
-44.0739990000000006
11
49.6809489999999983
21
-44.063607999999995
0
LINE
8
BLACK
6
CONTINUOUS
10
49.6809489999999983
20
-44.063607999999995
11
49.694669999999995
21
-44.0579239999999999
0
LINE
8
BLACK
6
CONTINUOUS
10
49.694669999999995
20
-44.0579239999999999
11
49.7070280000000011
21
-44.0496860000000012
0
LINE
8
BLACK
6
CONTINUOUS
10
49.7070280000000011
20
-44.0496860000000012
11
49.7214419999999961
21
-44.0468339999999969
0
LINE
8
BLACK
6
CONTINUOUS
10
49.7214419999999961
20
-44.0468339999999969
11
49.7350209999999961
21
-44.0412099999999995
0
LINE
8
BLACK
6
CONTINUOUS
10
49.7350209999999961
20
-44.0412099999999995
11
49.7498739999999984
21
-44.0412099999999995
0
LINE
8
BLACK
6
CONTINUOUS
10
49.7498739999999984
20
-44.0412099999999995
11
49.764443
21
-44.0383279999999999
0
LINE
8
BLACK
6
CONTINUOUS
10
49.764443
20
-44.0383279999999999
11
49.778852999999998
21
-44.0412099999999995
0
LINE
8
BLACK
6
CONTINUOUS
10
51.6506919999999994
20
-44.0412099999999995
11
51.7047639999999973
21
-44.063607999999995
0
LINE
8
BLACK
6
CONTINUOUS
10
51.7047639999999973
20
-44.063607999999995
11
51.746147999999998
21
-44.1049919999999958
0
LINE
8
BLACK
6
CONTINUOUS
10
51.746147999999998
20
-44.1049919999999958
11
51.7685460000000006
21
-44.1590640000000008
0
LINE
8
BLACK
6
CONTINUOUS
10
51.7685460000000006
20
-44.1590640000000008
11
51.7714280000000002
21
-44.1883279999999985
0
LINE
8
BLACK
6
CONTINUOUS
10
51.7714280000000002
20
-44.1883279999999985
11
51.7714280000000002
21
-45.6883279999999985
0
LINE
8
BLACK
6
CONTINUOUS
10
51.7714280000000002
20
-45.6883279999999985
11
51.7685460000000006
21
-45.7175919999999962
0
LINE
8
BLACK
6
CONTINUOUS
10
51.7685460000000006
20
-45.7175919999999962
11
51.746147999999998
21
-45.7716640000000012
0
LINE
8
BLACK
6
CONTINUOUS
10
51.746147999999998
20
-45.7716640000000012
11
51.7047639999999973
21
-45.8130479999999949
0
LINE
8
BLACK
6
CONTINUOUS
10
51.7047639999999973
20
-45.8130479999999949
11
51.6506919999999994
21
-45.8354459999999975
0
LINE
8
BLACK
6
CONTINUOUS
10
51.6506919999999994
20
-45.8354459999999975
11
51.5921639999999968
21
-45.8354459999999975
0
LINE
8
BLACK
6
CONTINUOUS
10
51.5921639999999968
20
-45.8354459999999975
11
51.5380919999999989
21
-45.8130479999999949
0
LINE
8
BLACK
6
CONTINUOUS
10
51.5380919999999989
20
-45.8130479999999949
11
51.4967079999999982
21
-45.7716640000000012
0
LINE
8
BLACK
6
CONTINUOUS
10
51.4967079999999982
20
-45.7716640000000012
11
51.4743099999999956
21
-45.7175919999999962
0
LINE
8
BLACK
6
CONTINUOUS
10
51.4743099999999956
20
-45.7175919999999962
11
51.471427999999996
21
-45.6883279999999985
0
LINE
8
BLACK
6
CONTINUOUS
10
51.471427999999996
20
-45.6883279999999985
11
51.471427999999996
21
-45.1240419999999958
0
LINE
8
BLACK
6
CONTINUOUS
10
51.471427999999996
20
-45.1240419999999958
11
51.3423829999999981
21
-45.1240419999999958
0
LINE
8
BLACK
6
CONTINUOUS
10
51.3423829999999981
20
-45.1240419999999958
11
50.8871699999999976
21
-45.7743469999999988
0
LINE
8
BLACK
6
CONTINUOUS
10
50.8871699999999976
20
-45.7743469999999988
11
50.8680269999999979
21
-45.7966690000000014
0
LINE
8
BLACK
6
CONTINUOUS
10
50.8680269999999979
20
-45.7966690000000014
11
50.8186699999999973
21
-45.8281220000000005
0
LINE
8
BLACK
6
CONTINUOUS
10
50.8186699999999973
20
-45.8281220000000005
11
50.7610339999999951
21
-45.8382930000000002
0
LINE
8
BLACK
6
CONTINUOUS
10
50.7610339999999951
20
-45.8382930000000002
11
50.7038919999999962
21
-45.8256340000000009
0
LINE
8
BLACK
6
CONTINUOUS
10
50.7038919999999962
20
-45.8256340000000009
11
50.6559439999999981
21
-45.7920699999999954
0
LINE
8
BLACK
6
CONTINUOUS
10
50.6559439999999981
20
-45.7920699999999954
11
50.624490999999999
21
-45.7427129999999948
0
LINE
8
BLACK
6
CONTINUOUS
10
50.624490999999999
20
-45.7427129999999948
11
50.6143199999999993
21
-45.6850769999999997
0
LINE
8
BLACK
6
CONTINUOUS
10
50.6143199999999993
20
-45.6850769999999997
11
50.6269789999999986
21
-45.6279350000000008
0
LINE
8
BLACK
6
CONTINUOUS
10
50.6269789999999986
20
-45.6279350000000008
11
50.6413999999999973
21
-45.6023089999999982
0
LINE
8
BLACK
6
CONTINUOUS
10
50.6413999999999973
20
-45.6023089999999982
11
50.9863519999999966
21
-45.1095199999999963
0
LINE
8
BLACK
6
CONTINUOUS
10
50.9863519999999966
20
-45.1095199999999963
11
50.982917999999998
21
-45.1082059999999956
0
LINE
8
BLACK
6
CONTINUOUS
10
50.982917999999998
20
-45.1082059999999956
11
50.8400600000000011
21
-45.0367779999999982
0
LINE
8
BLACK
6
CONTINUOUS
10
50.8400600000000011
20
-45.0367779999999982
11
50.8274679999999961
21
-45.028850999999996
0
LINE
8
BLACK
6
CONTINUOUS
10
50.8274679999999961
20
-45.028850999999996
11
50.8238069999999951
21
-45.0273350000000008
0
LINE
8
BLACK
6
CONTINUOUS
10
50.8238069999999951
20
-45.0273350000000008
11
50.8196839999999952
21
-45.0239509999999967
0
LINE
8
BLACK
6
CONTINUOUS
10
50.8196839999999952
20
-45.0239509999999967
11
50.8151749999999964
21
-45.0211129999999997
0
LINE
8
BLACK
6
CONTINUOUS
10
50.8151749999999964
20
-45.0211129999999997
11
50.812579999999997
21
-45.0181210000000007
0
LINE
8
BLACK
6
CONTINUOUS
10
50.812579999999997
20
-45.0181210000000007
11
50.8010759999999948
21
-45.0086799999999982
0
LINE
8
BLACK
6
CONTINUOUS
10
50.8010759999999948
20
-45.0086799999999982
11
50.7296469999999999
21
-44.9372509999999963
0
LINE
8
BLACK
6
CONTINUOUS
10
50.7296469999999999
20
-44.9372509999999963
11
50.7202069999999949
21
-44.9257489999999962
0
LINE
8
BLACK
6
CONTINUOUS
10
50.7202069999999949
20
-44.9257489999999962
11
50.7172139999999985
21
-44.9231529999999992
0
LINE
8
BLACK
6
CONTINUOUS
10
50.7172139999999985
20
-44.9231529999999992
11
50.7143729999999948
21
-44.9186389999999989
0
LINE
8
BLACK
6
CONTINUOUS
10
50.7143729999999948
20
-44.9186389999999989
11
50.7109919999999974
21
-44.914519999999996
0
LINE
8
BLACK
6
CONTINUOUS
10
50.7109919999999974
20
-44.914519999999996
11
50.7094759999999951
21
-44.9108599999999996
0
LINE
8
BLACK
6
CONTINUOUS
10
50.7094759999999951
20
-44.9108599999999996
11
50.701549
21
-44.898266999999997
0
LINE
8
BLACK
6
CONTINUOUS
10
50.701549
20
-44.898266999999997
11
50.6301209999999955
21
-44.7554099999999977
0
LINE
8
BLACK
6
CONTINUOUS
10
50.6301209999999955
20
-44.7554099999999977
11
50.619610999999999
21
-44.7279459999999958
0
LINE
8
BLACK
6
CONTINUOUS
10
50.619610999999999
20
-44.7279459999999958
11
50.6192289999999971
21
-44.7225699999999975
0
LINE
8
BLACK
6
CONTINUOUS
10
50.6192289999999971
20
-44.7225699999999975
11
50.6171669999999949
21
-44.7175919999999962
0
LINE
8
BLACK
6
CONTINUOUS
10
50.6171669999999949
20
-44.7175919999999962
11
50.6142849999999953
21
-44.6883279999999985
0
LINE
8
BLACK
6
CONTINUOUS
10
50.6142849999999953
20
-44.6883279999999985
11
50.6142849999999953
21
-44.4740419999999972
0
LINE
8
BLACK
6
CONTINUOUS
10
50.6142849999999953
20
-44.4740419999999972
11
50.6171669999999949
21
-44.4447779999999995
0
LINE
8
BLACK
6
CONTINUOUS
10
50.6171669999999949
20
-44.4447779999999995
11
50.6192289999999971
21
-44.4397990000000007
0
LINE
8
BLACK
6
CONTINUOUS
10
50.6192289999999971
20
-44.4397990000000007
11
50.619610999999999
21
-44.4344239999999999
0
LINE
8
BLACK
6
CONTINUOUS
10
50.619610999999999
20
-44.4344239999999999
11
50.6301209999999955
21
-44.406959999999998
0
LINE
8
BLACK
6
CONTINUOUS
10
50.6301209999999955
20
-44.406959999999998
11
50.701549
21
-44.2641029999999986
0
LINE
8
BLACK
6
CONTINUOUS
10
50.701549
20
-44.2641029999999986
11
50.7094769999999997
21
-44.2515069999999966
0
LINE
8
BLACK
6
CONTINUOUS
10
50.7094769999999997
20
-44.2515069999999966
11
50.7109929999999949
21
-44.2478489999999951
0
LINE
8
BLACK
6
CONTINUOUS
10
50.7109929999999949
20
-44.2478489999999951
11
50.7143719999999973
21
-44.2437309999999968
0
LINE
8
BLACK
6
CONTINUOUS
10
50.7143719999999973
20
-44.2437309999999968
11
50.7172139999999985
21
-44.2392169999999965
0
LINE
8
BLACK
6
CONTINUOUS
10
50.7172139999999985
20
-44.2392169999999965
11
50.7202079999999995
21
-44.2366199999999949
0
LINE
8
BLACK
6
CONTINUOUS
10
50.7202079999999995
20
-44.2366199999999949
11
50.7296479999999974
21
-44.2251179999999948
0
LINE
8
BLACK
6
CONTINUOUS
10
50.7296479999999974
20
-44.2251179999999948
11
50.8010769999999994
21
-44.1536899999999974
0
LINE
8
BLACK
6
CONTINUOUS
10
50.8010769999999994
20
-44.1536899999999974
11
50.8125769999999974
21
-44.144250999999997
0
LINE
8
BLACK
6
CONTINUOUS
10
50.8125769999999974
20
-44.144250999999997
11
50.815173999999999
21
-44.1412580000000005
0
LINE
8
BLACK
6
CONTINUOUS
10
50.815173999999999
20
-44.1412580000000005
11
50.8196859999999973
21
-44.1384169999999969
0
LINE
8
BLACK
6
CONTINUOUS
10
50.8196859999999973
20
-44.1384169999999969
11
50.8238069999999951
21
-44.1350359999999995
0
LINE
8
BLACK
6
CONTINUOUS
10
50.8238069999999951
20
-44.1350359999999995
11
50.8274660000000011
21
-44.1335199999999972
0
LINE
8
BLACK
6
CONTINUOUS
10
50.8274660000000011
20
-44.1335199999999972
11
50.8400600000000011
21
-44.125592999999995
0
LINE
8
BLACK
6
CONTINUOUS
10
50.8400600000000011
20
-44.125592999999995
11
50.9829159999999959
21
-44.0541640000000001
0
LINE
8
BLACK
6
CONTINUOUS
10
50.9829159999999959
20
-44.0541640000000001
11
51.0103799999999978
21
-44.0436550000000011
0
LINE
8
BLACK
6
CONTINUOUS
10
51.0103799999999978
20
-44.0436550000000011
11
51.0157540000000012
21
-44.0432729999999992
0
LINE
8
BLACK
6
CONTINUOUS
10
51.0157540000000012
20
-44.0432729999999992
11
51.0207349999999948
21
-44.0412099999999995
0
LINE
8
BLACK
6
CONTINUOUS
10
51.0207349999999948
20
-44.0412099999999995
11
51.0499989999999997
21
-44.0383279999999999
0
LINE
8
BLACK
6
CONTINUOUS
10
51.0499989999999997
20
-44.0383279999999999
11
51.6214279999999945
21
-44.0383279999999999
0
LINE
8
BLACK
6
CONTINUOUS
10
51.6214279999999945
20
-44.0383279999999999
11
51.6506919999999994
21
-44.0412099999999995
0
LINE
8
BLACK
6
CONTINUOUS
10
50.9959950000000006
20
-44.3830349999999996
11
50.95899
21
-44.4200400000000002
0
LINE
8
BLACK
6
CONTINUOUS
10
50.95899
20
-44.4200400000000002
11
50.9142849999999996
21
-44.5094509999999985
0
LINE
8
BLACK
6
CONTINUOUS
10
50.9142849999999996
20
-44.5094509999999985
11
50.9142849999999996
21
-44.6529179999999997
0
LINE
8
BLACK
6
CONTINUOUS
10
50.9142849999999996
20
-44.6529179999999997
11
50.95899
21
-44.7423299999999955
0
LINE
8
BLACK
6
CONTINUOUS
10
50.95899
20
-44.7423299999999955
11
50.9959950000000006
21
-44.7793349999999961
0
LINE
8
BLACK
6
CONTINUOUS
10
50.9959950000000006
20
-44.7793349999999961
11
51.0854089999999985
21
-44.8240419999999986
0
LINE
8
BLACK
6
CONTINUOUS
10
51.0854089999999985
20
-44.8240419999999986
11
51.471427999999996
21
-44.8240419999999986
0
LINE
8
BLACK
6
CONTINUOUS
10
51.471427999999996
20
-44.8240419999999986
11
51.471427999999996
21
-44.3383279999999971
0
LINE
8
BLACK
6
CONTINUOUS
10
51.471427999999996
20
-44.3383279999999971
11
51.0854089999999985
21
-44.3383279999999971
0
LINE
8
BLACK
6
CONTINUOUS
10
51.0854089999999985
20
-44.3383279999999971
11
50.9959950000000006
21
-44.3830349999999996
0
LINE
8
BLACK
6
CONTINUOUS
10
92.9795669999999888
20
-32.161209999999997
11
92.9942629999999895
21
-32.161209999999997
0
LINE
8
BLACK
6
CONTINUOUS
10
92.9942629999999895
20
-32.161209999999997
11
93.0079829999999959
21
-32.1668930000000017
0
LINE
8
BLACK
6
CONTINUOUS
10
93.0079829999999959
20
-32.1668930000000017
11
93.0225459999999913
21
-32.1698060000000012
0
LINE
8
BLACK
6
CONTINUOUS
10
93.0225459999999913
20
-32.1698060000000012
11
93.034756999999999
21
-32.1779829999999976
0
LINE
8
BLACK
6
CONTINUOUS
10
93.034756999999999
20
-32.1779829999999976
11
93.0483349999999945
21
-32.1836079999999995
0
LINE
8
BLACK
6
CONTINUOUS
10
93.0483349999999945
20
-32.1836079999999995
11
93.0588359999999994
21
-32.1941089999999974
0
LINE
8
BLACK
6
CONTINUOUS
10
93.0588359999999994
20
-32.1941089999999974
11
93.0711759999999941
21
-32.2023730000000015
0
LINE
8
BLACK
6
CONTINUOUS
10
93.0711759999999941
20
-32.2023730000000015
11
93.0896120000000025
21
-32.2248850000000004
0
LINE
8
BLACK
6
CONTINUOUS
10
93.0896120000000025
20
-32.2248850000000004
11
93.0897190000000023
21
-32.2249920000000003
0
LINE
8
BLACK
6
CONTINUOUS
10
93.0897190000000023
20
-32.2249920000000003
11
93.089737999999997
21
-32.2250389999999953
0
LINE
8
BLACK
6
CONTINUOUS
10
93.089737999999997
20
-32.2250389999999953
11
93.0898069999999933
21
-32.2251229999999964
0
LINE
8
BLACK
6
CONTINUOUS
10
93.0898069999999933
20
-32.2251229999999964
11
93.224425999999994
21
-32.4270519999999962
0
LINE
8
BLACK
6
CONTINUOUS
10
93.224425999999994
20
-32.4270519999999962
11
93.3395670000000024
21
-32.5421929999999975
0
LINE
8
BLACK
6
CONTINUOUS
10
93.3395670000000024
20
-32.5421929999999975
11
93.4606519999999961
21
-32.6027360000000002
0
LINE
8
BLACK
6
CONTINUOUS
10
93.4606519999999961
20
-32.6027360000000002
11
93.4855379999999911
21
-32.6184009999999986
0
LINE
8
BLACK
6
CONTINUOUS
10
93.4855379999999911
20
-32.6184009999999986
11
93.5238839999999954
21
-32.6626159999999999
0
LINE
8
BLACK
6
CONTINUOUS
10
93.5238839999999954
20
-32.6626159999999999
11
93.5423919999999924
21
-32.7181390000000007
0
LINE
8
BLACK
6
CONTINUOUS
10
93.5423919999999924
20
-32.7181390000000007
11
93.5382429999999943
21
-32.7765190000000004
0
LINE
8
BLACK
6
CONTINUOUS
10
93.5382429999999943
20
-32.7765190000000004
11
93.5120689999999968
21
-32.8288679999999999
0
LINE
8
BLACK
6
CONTINUOUS
10
93.5120689999999968
20
-32.8288679999999999
11
93.467852999999991
21
-32.8672150000000016
0
LINE
8
BLACK
6
CONTINUOUS
10
93.467852999999991
20
-32.8672150000000016
11
93.4123309999999947
21
-32.8857220000000012
0
LINE
8
BLACK
6
CONTINUOUS
10
93.4123309999999947
20
-32.8857220000000012
11
93.353950999999995
21
-32.8815729999999959
0
LINE
8
BLACK
6
CONTINUOUS
10
93.353950999999995
20
-32.8815729999999959
11
93.3264870000000002
21
-32.871063999999997
0
LINE
8
BLACK
6
CONTINUOUS
10
93.3264870000000002
20
-32.871063999999997
11
93.1836309999999912
21
-32.799634999999995
0
LINE
8
BLACK
6
CONTINUOUS
10
93.1836309999999912
20
-32.799634999999995
11
93.1710389999999933
21
-32.7917079999999999
0
LINE
8
BLACK
6
CONTINUOUS
10
93.1710389999999933
20
-32.7917079999999999
11
93.1673770000000019
21
-32.7901919999999976
0
LINE
8
BLACK
6
CONTINUOUS
10
93.1673770000000019
20
-32.7901919999999976
11
93.1632539999999949
21
-32.7868080000000006
0
LINE
8
BLACK
6
CONTINUOUS
10
93.1632539999999949
20
-32.7868080000000006
11
93.1587449999999961
21
-32.7839699999999965
0
LINE
8
BLACK
6
CONTINUOUS
10
93.1587449999999961
20
-32.7839699999999965
11
93.1561489999999992
21
-32.780977
0
LINE
8
BLACK
6
CONTINUOUS
10
93.1561489999999992
20
-32.780977
11
93.144646999999992
21
-32.771536999999995
0
LINE
8
BLACK
6
CONTINUOUS
10
93.144646999999992
20
-32.771536999999995
11
93.1149989999999974
21
-32.7418890000000005
0
LINE
8
BLACK
6
CONTINUOUS
10
93.1149989999999974
20
-32.7418890000000005
11
93.1149989999999974
21
-33.6583279999999974
0
LINE
8
BLACK
6
CONTINUOUS
10
93.1149989999999974
20
-33.6583279999999974
11
93.3935699999999969
21
-33.6583279999999974
0
LINE
8
BLACK
6
CONTINUOUS
10
93.3935699999999969
20
-33.6583279999999974
11
93.4228339999999946
21
-33.661209999999997
0
LINE
8
BLACK
6
CONTINUOUS
10
93.4228339999999946
20
-33.661209999999997
11
93.4769059999999996
21
-33.6836079999999995
0
LINE
8
BLACK
6
CONTINUOUS
10
93.4769059999999996
20
-33.6836079999999995
11
93.5182899999999933
21
-33.7249920000000003
0
LINE
8
BLACK
6
CONTINUOUS
10
93.5182899999999933
20
-33.7249920000000003
11
93.5406879999999887
21
-33.7790639999999982
0
LINE
8
BLACK
6
CONTINUOUS
10
93.5406879999999887
20
-33.7790639999999982
11
93.5406879999999887
21
-33.8375920000000008
0
LINE
8
BLACK
6
CONTINUOUS
10
93.5406879999999887
20
-33.8375920000000008
11
93.5182899999999933
21
-33.8916639999999987
0
LINE
8
BLACK
6
CONTINUOUS
10
93.5182899999999933
20
-33.8916639999999987
11
93.4769059999999996
21
-33.9330479999999994
0
LINE
8
BLACK
6
CONTINUOUS
10
93.4769059999999996
20
-33.9330479999999994
11
93.4228339999999946
21
-33.955446000000002
0
LINE
8
BLACK
6
CONTINUOUS
10
93.4228339999999946
20
-33.955446000000002
11
93.3935699999999969
21
-33.9583280000000016
0
LINE
8
BLACK
6
CONTINUOUS
10
93.3935699999999969
20
-33.9583280000000016
11
92.5364269999999891
21
-33.9583280000000016
0
LINE
8
BLACK
6
CONTINUOUS
10
92.5364269999999891
20
-33.9583280000000016
11
92.5071629999999914
21
-33.955446000000002
0
LINE
8
BLACK
6
CONTINUOUS
10
92.5071629999999914
20
-33.955446000000002
11
92.4530910000000006
21
-33.9330479999999994
0
LINE
8
BLACK
6
CONTINUOUS
10
92.4530910000000006
20
-33.9330479999999994
11
92.4117069999999927
21
-33.8916639999999987
0
LINE
8
BLACK
6
CONTINUOUS
10
92.4117069999999927
20
-33.8916639999999987
11
92.3893089999999972
21
-33.8375920000000008
0
LINE
8
BLACK
6
CONTINUOUS
10
92.3893089999999972
20
-33.8375920000000008
11
92.3893089999999972
21
-33.7790639999999982
0
LINE
8
BLACK
6
CONTINUOUS
10
92.3893089999999972
20
-33.7790639999999982
11
92.4117069999999927
21
-33.7249920000000003
0
LINE
8
BLACK
6
CONTINUOUS
10
92.4117069999999927
20
-33.7249920000000003
11
92.4530910000000006
21
-33.6836079999999995
0
LINE
8
BLACK
6
CONTINUOUS
10
92.4530910000000006
20
-33.6836079999999995
11
92.5071629999999914
21
-33.661209999999997
0
LINE
8
BLACK
6
CONTINUOUS
10
92.5071629999999914
20
-33.661209999999997
11
92.5364269999999891
21
-33.6583279999999974
0
LINE
8
BLACK
6
CONTINUOUS
10
92.5364269999999891
20
-33.6583279999999974
11
92.8149990000000003
21
-33.6583279999999974
0
LINE
8
BLACK
6
CONTINUOUS
10
92.8149990000000003
20
-33.6583279999999974
11
92.8149990000000003
21
-32.3083279999999959
0
LINE
8
BLACK
6
CONTINUOUS
10
92.8149990000000003
20
-32.3083279999999959
11
92.8150089999999892
21
-32.3082220000000007
0
LINE
8
BLACK
6
CONTINUOUS
10
92.8150089999999892
20
-32.3082220000000007
11
92.8149990000000003
21
-32.3081699999999969
0
LINE
8
BLACK
6
CONTINUOUS
10
92.8149990000000003
20
-32.3081699999999969
11
92.8150289999999956
21
-32.3080160000000021
0
LINE
8
BLACK
6
CONTINUOUS
10
92.8150289999999956
20
-32.3080160000000021
11
92.8178809999999999
21
-32.2790639999999982
0
LINE
8
BLACK
6
CONTINUOUS
10
92.8178809999999999
20
-32.2790639999999982
11
92.8235639999999904
21
-32.2653430000000014
0
LINE
8
BLACK
6
CONTINUOUS
10
92.8235639999999904
20
-32.2653430000000014
11
92.826476999999997
21
-32.2507809999999964
0
LINE
8
BLACK
6
CONTINUOUS
10
92.826476999999997
20
-32.2507809999999964
11
92.8346540000000005
21
-32.2385689999999983
0
LINE
8
BLACK
6
CONTINUOUS
10
92.8346540000000005
20
-32.2385689999999983
11
92.8402789999999953
21
-32.2249920000000003
0
LINE
8
BLACK
6
CONTINUOUS
10
92.8402789999999953
20
-32.2249920000000003
11
92.8507800000000003
21
-32.2144899999999978
0
LINE
8
BLACK
6
CONTINUOUS
10
92.8507800000000003
20
-32.2144899999999978
11
92.8590439999999973
21
-32.2021510000000006
0
LINE
8
BLACK
6
CONTINUOUS
10
92.8590439999999973
20
-32.2021510000000006
11
92.871270999999993
21
-32.193998999999998
0
LINE
8
BLACK
6
CONTINUOUS
10
92.871270999999993
20
-32.193998999999998
11
92.881662999999989
21
-32.1836079999999995
0
LINE
8
BLACK
6
CONTINUOUS
10
92.881662999999989
20
-32.1836079999999995
11
92.8953839999999929
21
-32.1779239999999973
0
LINE
8
BLACK
6
CONTINUOUS
10
92.8953839999999929
20
-32.1779239999999973
11
92.9077419999999989
21
-32.1696859999999987
0
LINE
8
BLACK
6
CONTINUOUS
10
92.9077419999999989
20
-32.1696859999999987
11
92.9221560000000011
21
-32.1668340000000015
0
LINE
8
BLACK
6
CONTINUOUS
10
92.9221560000000011
20
-32.1668340000000015
11
92.935734999999994
21
-32.161209999999997
0
LINE
8
BLACK
6
CONTINUOUS
10
92.935734999999994
20
-32.161209999999997
11
92.9505879999999962
21
-32.161209999999997
0
LINE
8
BLACK
6
CONTINUOUS
10
92.9505879999999962
20
-32.161209999999997
11
92.9651569999999907
21
-32.1583279999999974
0
LINE
8
BLACK
6
CONTINUOUS
10
92.9651569999999907
20
-32.1583279999999974
11
92.9795669999999888
21
-32.161209999999997
0
LINE
8
BLACK
6
CONTINUOUS
10
94.4083809999999914
20
-32.1597859999999969
11
94.4123309999999947
21
-32.1595060000000004
0
LINE
8
BLACK
6
CONTINUOUS
10
94.4123309999999947
20
-32.1595060000000004
11
94.4175249999999977
21
-32.1606869999999958
0
LINE
8
BLACK
6
CONTINUOUS
10
94.4175249999999977
20
-32.1606869999999958
11
94.4228339999999946
21
-32.161209999999997
0
LINE
8
BLACK
6
CONTINUOUS
10
94.4228339999999946
20
-32.161209999999997
11
94.4264960000000002
21
-32.1627269999999967
0
LINE
8
BLACK
6
CONTINUOUS
10
94.4264960000000002
20
-32.1627269999999967
11
94.4410039999999924
21
-32.1660259999999951
0
LINE
8
BLACK
6
CONTINUOUS
10
94.4410039999999924
20
-32.1660259999999951
11
94.6552899999999937
21
-32.2374539999999996
0
LINE
8
BLACK
6
CONTINUOUS
10
94.6552899999999937
20
-32.2374539999999996
11
94.6821410000000014
21
-32.2494429999999994
0
LINE
8
BLACK
6
CONTINUOUS
10
94.6821410000000014
20
-32.2494429999999994
11
94.6862110000000001
21
-32.2529729999999972
0
LINE
8
BLACK
6
CONTINUOUS
10
94.6862110000000001
20
-32.2529729999999972
11
94.6911909999999892
21
-32.2550359999999969
0
LINE
8
BLACK
6
CONTINUOUS
10
94.6911909999999892
20
-32.2550359999999969
11
94.7139219999999966
21
-32.2736909999999995
0
LINE
8
BLACK
6
CONTINUOUS
10
94.7139219999999966
20
-32.2736909999999995
11
94.8567789999999889
21
-32.4165479999999988
0
LINE
8
BLACK
6
CONTINUOUS
10
94.8567789999999889
20
-32.4165479999999988
11
94.866219000000001
21
-32.4280499999999989
0
LINE
8
BLACK
6
CONTINUOUS
10
94.866219000000001
20
-32.4280499999999989
11
94.8692119999999903
21
-32.4306459999999959
0
LINE
8
BLACK
6
CONTINUOUS
10
94.8692119999999903
20
-32.4306459999999959
11
94.8720500000000015
21
-32.4351550000000017
0
LINE
8
BLACK
6
CONTINUOUS
10
94.8720500000000015
20
-32.4351550000000017
11
94.8754339999999985
21
-32.4392780000000016
0
LINE
8
BLACK
6
CONTINUOUS
10
94.8754339999999985
20
-32.4392780000000016
11
94.8769499999999937
21
-32.4429400000000001
0
LINE
8
BLACK
6
CONTINUOUS
10
94.8769499999999937
20
-32.4429400000000001
11
94.8848769999999888
21
-32.455531999999998
0
LINE
8
BLACK
6
CONTINUOUS
10
94.8848769999999888
20
-32.455531999999998
11
94.9563059999999979
21
-32.5983879999999999
0
LINE
8
BLACK
6
CONTINUOUS
10
94.9563059999999979
20
-32.5983879999999999
11
94.9571249999999907
21
-32.6005299999999991
0
LINE
8
BLACK
6
CONTINUOUS
10
94.9571249999999907
20
-32.6005299999999991
11
94.9577699999999965
21
-32.6013999999999982
0
LINE
8
BLACK
6
CONTINUOUS
10
94.9577699999999965
20
-32.6013999999999982
11
94.9621539999999982
21
-32.6136709999999965
0
LINE
8
BLACK
6
CONTINUOUS
10
94.9621539999999982
20
-32.6136709999999965
11
94.9668149999999969
21
-32.6258520000000019
0
LINE
8
BLACK
6
CONTINUOUS
10
94.9668149999999969
20
-32.6258520000000019
11
94.9668909999999897
21
-32.6269319999999965
0
LINE
8
BLACK
6
CONTINUOUS
10
94.9668909999999897
20
-32.6269319999999965
11
94.9676630000000017
21
-32.6290909999999954
0
LINE
8
BLACK
6
CONTINUOUS
10
94.9676630000000017
20
-32.6290909999999954
11
95.0390909999999991
21
-32.9148050000000012
0
LINE
8
BLACK
6
CONTINUOUS
10
95.0390909999999991
20
-32.9148050000000012
11
95.0398399999999981
21
-32.919875999999995
0
LINE
8
BLACK
6
CONTINUOUS
10
95.0398399999999981
20
-32.919875999999995
11
95.0406879999999887
21
-32.9219209999999975
0
LINE
8
BLACK
6
CONTINUOUS
10
95.0406879999999887
20
-32.9219209999999975
11
95.0417729999999921
21
-32.9329430000000016
0
LINE
8
BLACK
6
CONTINUOUS
10
95.0417729999999921
20
-32.9329430000000016
11
95.0433929999999947
21
-32.9438940000000002
0
LINE
8
BLACK
6
CONTINUOUS
10
95.0433929999999947
20
-32.9438940000000002
11
95.0430669999999935
21
-32.9460809999999995
0
LINE
8
BLACK
6
CONTINUOUS
10
95.0430669999999935
20
-32.9460809999999995
11
95.0435700000000026
21
-32.9511849999999953
0
LINE
8
BLACK
6
CONTINUOUS
10
95.0435700000000026
20
-32.9511849999999953
11
95.0435700000000026
21
-33.1654709999999966
0
LINE
8
BLACK
6
CONTINUOUS
10
95.0435700000000026
20
-33.1654709999999966
11
95.0430669999999935
21
-33.170574000000002
0
LINE
8
BLACK
6
CONTINUOUS
10
95.0430669999999935
20
-33.170574000000002
11
95.0433929999999947
21
-33.1727619999999987
0
LINE
8
BLACK
6
CONTINUOUS
10
95.0433929999999947
20
-33.1727619999999987
11
95.0417729999999921
21
-33.1837119999999999
0
LINE
8
BLACK
6
CONTINUOUS
10
95.0417729999999921
20
-33.1837119999999999
11
95.0406879999999887
21
-33.1947350000000014
0
LINE
8
BLACK
6
CONTINUOUS
10
95.0406879999999887
20
-33.1947350000000014
11
95.0398399999999981
21
-33.1967789999999994
0
LINE
8
BLACK
6
CONTINUOUS
10
95.0398399999999981
20
-33.1967789999999994
11
95.0390909999999991
21
-33.2018509999999978
0
LINE
8
BLACK
6
CONTINUOUS
10
95.0390909999999991
20
-33.2018509999999978
11
94.9676630000000017
21
-33.4875649999999965
0
LINE
8
BLACK
6
CONTINUOUS
10
94.9676630000000017
20
-33.4875649999999965
11
94.9668909999999897
21
-33.4897229999999979
0
LINE
8
BLACK
6
CONTINUOUS
10
94.9668909999999897
20
-33.4897229999999979
11
94.9668149999999969
21
-33.4908039999999971
0
LINE
8
BLACK
6
CONTINUOUS
10
94.9668149999999969
20
-33.4908039999999971
11
94.9621539999999982
21
-33.5029839999999979
0
LINE
8
BLACK
6
CONTINUOUS
10
94.9621539999999982
20
-33.5029839999999979
11
94.9577699999999965
21
-33.5152560000000008
0
LINE
8
BLACK
6
CONTINUOUS
10
94.9577699999999965
20
-33.5152560000000008
11
94.9571249999999907
21
-33.5161249999999953
0
LINE
8
BLACK
6
CONTINUOUS
10
94.9571249999999907
20
-33.5161249999999953
11
94.9563059999999979
21
-33.5182679999999991
0
LINE
8
BLACK
6
CONTINUOUS
10
94.9563059999999979
20
-33.5182679999999991
11
94.8848769999999888
21
-33.6611240000000009
0
LINE
8
BLACK
6
CONTINUOUS
10
94.8848769999999888
20
-33.6611240000000009
11
94.8769489999999962
21
-33.6737169999999963
0
LINE
8
BLACK
6
CONTINUOUS
10
94.8769489999999962
20
-33.6737169999999963
11
94.8754339999999985
21
-33.6773769999999999
0
LINE
8
BLACK
6
CONTINUOUS
10
94.8754339999999985
20
-33.6773769999999999
11
94.8720519999999965
21
-33.6814959999999957
0
LINE
8
BLACK
6
CONTINUOUS
10
94.8720519999999965
20
-33.6814959999999957
11
94.8692119999999903
21
-33.686009999999996
0
LINE
8
BLACK
6
CONTINUOUS
10
94.8692119999999903
20
-33.686009999999996
11
94.8662169999999918
21
-33.6886060000000001
0
LINE
8
BLACK
6
CONTINUOUS
10
94.8662169999999918
20
-33.6886060000000001
11
94.8567789999999889
21
-33.7001080000000002
0
LINE
8
BLACK
6
CONTINUOUS
10
94.8567789999999889
20
-33.7001080000000002
11
94.7139219999999966
21
-33.842965999999997
0
LINE
8
BLACK
6
CONTINUOUS
10
94.7139219999999966
20
-33.842965999999997
11
94.6911920000000009
21
-33.8616209999999995
0
LINE
8
BLACK
6
CONTINUOUS
10
94.6911920000000009
20
-33.8616209999999995
11
94.6862119999999976
21
-33.8636830000000018
0
LINE
8
BLACK
6
CONTINUOUS
10
94.6862119999999976
20
-33.8636830000000018
11
94.6821410000000014
21
-33.8672150000000016
0
LINE
8
BLACK
6
CONTINUOUS
10
94.6821410000000014
20
-33.8672150000000016
11
94.6552899999999937
21
-33.8792029999999968
0
LINE
8
BLACK
6
CONTINUOUS
10
94.6552899999999937
20
-33.8792029999999968
11
94.4410039999999924
21
-33.9506310000000013
0
LINE
8
BLACK
6
CONTINUOUS
10
94.4410039999999924
20
-33.9506310000000013
11
94.4264909999999986
21
-33.9539299999999997
0
LINE
8
BLACK
6
CONTINUOUS
10
94.4264909999999986
20
-33.9539299999999997
11
94.4228339999999946
21
-33.955446000000002
0
LINE
8
BLACK
6
CONTINUOUS
10
94.4228339999999946
20
-33.955446000000002
11
94.4175309999999968
21
-33.9559679999999986
0
LINE
8
BLACK
6
CONTINUOUS
10
94.4175309999999968
20
-33.9559679999999986
11
94.4123299999999972
21
-33.9571509999999961
0
LINE
8
BLACK
6
CONTINUOUS
10
94.4123299999999972
20
-33.9571509999999961
11
94.4083749999999924
21
-33.9568689999999975
0
LINE
8
BLACK
6
CONTINUOUS
10
94.4083749999999924
20
-33.9568689999999975
11
94.3935699999999969
21
-33.9583280000000016
0
LINE
8
BLACK
6
CONTINUOUS
10
94.3935699999999969
20
-33.9583280000000016
11
94.2507129999999904
21
-33.9583280000000016
0
LINE
8
BLACK
6
CONTINUOUS
10
94.2507129999999904
20
-33.9583280000000016
11
94.2359069999999974
21
-33.9568689999999975
0
LINE
8
BLACK
6
CONTINUOUS
10
94.2359069999999974
20
-33.9568689999999975
11
94.2319529999999901
21
-33.9571509999999961
0
LINE
8
BLACK
6
CONTINUOUS
10
94.2319529999999901
20
-33.9571509999999961
11
94.226750999999993
21
-33.9559679999999986
0
LINE
8
BLACK
6
CONTINUOUS
10
94.226750999999993
20
-33.9559679999999986
11
94.2214489999999927
21
-33.955446000000002
0
LINE
8
BLACK
6
CONTINUOUS
10
94.2214489999999927
20
-33.955446000000002
11
94.2177909999999912
21
-33.9539299999999997
0
LINE
8
BLACK
6
CONTINUOUS
10
94.2177909999999912
20
-33.9539299999999997
11
94.2032789999999949
21
-33.9506310000000013
0
LINE
8
BLACK
6
CONTINUOUS
10
94.2032789999999949
20
-33.9506310000000013
11
93.9889929999999936
21
-33.8792029999999968
0
LINE
8
BLACK
6
CONTINUOUS
10
93.9889929999999936
20
-33.8792029999999968
11
93.9621420000000001
21
-33.8672150000000016
0
LINE
8
BLACK
6
CONTINUOUS
10
93.9621420000000001
20
-33.8672150000000016
11
93.9580669999999998
21
-33.8636809999999997
0
LINE
8
BLACK
6
CONTINUOUS
10
93.9580669999999998
20
-33.8636809999999997
11
93.9530910000000006
21
-33.8616199999999949
0
LINE
8
BLACK
6
CONTINUOUS
10
93.9530910000000006
20
-33.8616199999999949
11
93.9303599999999932
21
-33.8429649999999995
0
LINE
8
BLACK
6
CONTINUOUS
10
93.9303599999999932
20
-33.8429649999999995
11
93.8589319999999958
21
-33.7715359999999976
0
LINE
8
BLACK
6
CONTINUOUS
10
93.8589319999999958
20
-33.7715359999999976
11
93.8402779999999979
21
-33.7488049999999973
0
LINE
8
BLACK
6
CONTINUOUS
10
93.8402779999999979
20
-33.7488049999999973
11
93.8178809999999999
21
-33.6947329999999994
0
LINE
8
BLACK
6
CONTINUOUS
10
93.8178809999999999
20
-33.6947329999999994
11
93.8178809999999999
21
-33.6362069999999989
0
LINE
8
BLACK
6
CONTINUOUS
10
93.8178809999999999
20
-33.6362069999999989
11
93.8402789999999953
21
-33.582135000000001
0
LINE
8
BLACK
6
CONTINUOUS
10
93.8402789999999953
20
-33.582135000000001
11
93.8816649999999981
21
-33.5407499999999956
0
LINE
8
BLACK
6
CONTINUOUS
10
93.8816649999999981
20
-33.5407499999999956
11
93.9357369999999889
21
-33.5183529999999976
0
LINE
8
BLACK
6
CONTINUOUS
10
93.9357369999999889
20
-33.5183529999999976
11
93.9942629999999895
21
-33.5183529999999976
0
LINE
8
BLACK
6
CONTINUOUS
10
93.9942629999999895
20
-33.5183529999999976
11
94.0483349999999945
21
-33.5407510000000002
0
LINE
8
BLACK
6
CONTINUOUS
10
94.0483349999999945
20
-33.5407510000000002
11
94.0710660000000018
21
-33.5594059999999956
0
LINE
8
BLACK
6
CONTINUOUS
10
94.0710660000000018
20
-33.5594059999999956
11
94.1174529999999976
21
-33.6057939999999959
0
LINE
8
BLACK
6
CONTINUOUS
10
94.1174529999999976
20
-33.6057939999999959
11
94.2750559999999922
21
-33.6583279999999974
0
LINE
8
BLACK
6
CONTINUOUS
10
94.2750559999999922
20
-33.6583279999999974
11
94.3692269999999951
21
-33.6583279999999974
0
LINE
8
BLACK
6
CONTINUOUS
10
94.3692269999999951
20
-33.6583279999999974
11
94.5268289999999922
21
-33.6057939999999959
0
LINE
8
BLACK
6
CONTINUOUS
10
94.5268289999999922
20
-33.6057939999999959
11
94.6274349999999913
21
-33.5051879999999969
0
LINE
8
BLACK
6
CONTINUOUS
10
94.6274349999999913
20
-33.5051879999999969
11
94.6806139999999914
21
-33.3988280000000017
0
LINE
8
BLACK
6
CONTINUOUS
10
94.6806139999999914
20
-33.3988280000000017
11
94.7435699999999912
21
-33.147006999999995
0
LINE
8
BLACK
6
CONTINUOUS
10
94.7435699999999912
20
-33.147006999999995
11
94.7435699999999912
21
-32.9696479999999994
0
LINE
8
BLACK
6
CONTINUOUS
10
94.7435699999999912
20
-32.9696479999999994
11
94.6806139999999914
21
-32.7178269999999998
0
LINE
8
BLACK
6
CONTINUOUS
10
94.6806139999999914
20
-32.7178269999999998
11
94.6274349999999913
21
-32.611467999999995
0
LINE
8
BLACK
6
CONTINUOUS
10
94.6274349999999913
20
-32.611467999999995
11
94.5268279999999947
21
-32.5108609999999985
0
LINE
8
BLACK
6
CONTINUOUS
10
94.5268279999999947
20
-32.5108609999999985
11
94.3692300000000017
21
-32.4583280000000016
0
LINE
8
BLACK
6
CONTINUOUS
10
94.3692300000000017
20
-32.4583280000000016
11
94.2750559999999922
21
-32.4583280000000016
0
LINE
8
BLACK
6
CONTINUOUS
10
94.2750559999999922
20
-32.4583280000000016
11
94.1174539999999951
21
-32.5108609999999985
0
LINE
8
BLACK
6
CONTINUOUS
10
94.1174539999999951
20
-32.5108609999999985
11
94.0710649999999902
21
-32.5572510000000008
0
LINE
8
BLACK
6
CONTINUOUS
10
94.0710649999999902
20
-32.5572510000000008
11
94.048333999999997
21
-32.5759059999999963
0
LINE
8
BLACK
6
CONTINUOUS
10
94.048333999999997
20
-32.5759059999999963
11
93.994261999999992
21
-32.5983030000000014
0
LINE
8
BLACK
6
CONTINUOUS
10
93.994261999999992
20
-32.5983030000000014
11
93.9357359999999915
21
-32.5983030000000014
0
LINE
8
BLACK
6
CONTINUOUS
10
93.9357359999999915
20
-32.5983030000000014
11
93.8816640000000007
21
-32.5759059999999963
0
LINE
8
BLACK
6
CONTINUOUS
10
93.8816640000000007
20
-32.5759059999999963
11
93.8402779999999979
21
-32.5345200000000006
0
LINE
8
BLACK
6
CONTINUOUS
10
93.8402779999999979
20
-32.5345200000000006
11
93.8178809999999999
21
-32.4804479999999955
0
LINE
8
BLACK
6
CONTINUOUS
10
93.8178809999999999
20
-32.4804479999999955
11
93.8178809999999999
21
-32.421921999999995
0
LINE
8
BLACK
6
CONTINUOUS
10
93.8178809999999999
20
-32.421921999999995
11
93.8402779999999979
21
-32.3678499999999971
0
LINE
8
BLACK
6
CONTINUOUS
10
93.8402779999999979
20
-32.3678499999999971
11
93.8589329999999933
21
-32.3451189999999968
0
LINE
8
BLACK
6
CONTINUOUS
10
93.8589329999999933
20
-32.3451189999999968
11
93.9303609999999907
21
-32.2736909999999995
0
LINE
8
BLACK
6
CONTINUOUS
10
93.9303609999999907
20
-32.2736909999999995
11
93.9530910000000006
21
-32.2550359999999969
0
LINE
8
BLACK
6
CONTINUOUS
10
93.9530910000000006
20
-32.2550359999999969
11
93.9580709999999897
21
-32.2529719999999998
0
LINE
8
BLACK
6
CONTINUOUS
10
93.9580709999999897
20
-32.2529719999999998
11
93.9621420000000001
21
-32.2494429999999994
0
LINE
8
BLACK
6
CONTINUOUS
10
93.9621420000000001
20
-32.2494429999999994
11
93.9889929999999936
21
-32.2374549999999971
0
LINE
8
BLACK
6
CONTINUOUS
10
93.9889929999999936
20
-32.2374549999999971
11
94.2032779999999974
21
-32.1660259999999951
0
LINE
8
BLACK
6
CONTINUOUS
10
94.2032779999999974
20
-32.1660259999999951
11
94.2177870000000013
21
-32.1627259999999993
0
LINE
8
BLACK
6
CONTINUOUS
10
94.2177870000000013
20
-32.1627259999999993
11
94.2214489999999927
21
-32.161209999999997
0
LINE
8
BLACK
6
CONTINUOUS
10
94.2214489999999927
20
-32.161209999999997
11
94.2267569999999921
21
-32.1606869999999958
0
LINE
8
BLACK
6
CONTINUOUS
10
94.2267569999999921
20
-32.1606869999999958
11
94.2319519999999926
21
-32.1595060000000004
0
LINE
8
BLACK
6
CONTINUOUS
10
94.2319519999999926
20
-32.1595060000000004
11
94.2359009999999984
21
-32.1597859999999969
0
LINE
8
BLACK
6
CONTINUOUS
10
94.2359009999999984
20
-32.1597859999999969
11
94.2507129999999904
21
-32.1583279999999974
0
LINE
8
BLACK
6
CONTINUOUS
10
94.2507129999999904
20
-32.1583279999999974
11
94.3935699999999969
21
-32.1583279999999974
0
LINE
8
BLACK
6
CONTINUOUS
10
94.3935699999999969
20
-32.1583279999999974
11
94.4083809999999914
21
-32.1597859999999969
0
LINE
8
BLACK
6
CONTINUOUS
10
98.5835489999999908
20
-29.161209999999997
11
98.5885289999999941
21
-29.1632730000000002
0
LINE
8
BLACK
6
CONTINUOUS
10
98.5885289999999941
20
-29.1632730000000002
11
98.5939039999999949
21
-29.1636549999999986
0
LINE
8
BLACK
6
CONTINUOUS
10
98.5939039999999949
20
-29.1636549999999986
11
98.6213669999999922
21
-29.1741639999999975
0
LINE
8
BLACK
6
CONTINUOUS
10
98.6213669999999922
20
-29.1741639999999975
11
98.7642239999999987
21
-29.2455929999999995
0
LINE
8
BLACK
6
CONTINUOUS
10
98.7642239999999987
20
-29.2455929999999995
11
98.7768169999999941
21
-29.2535199999999982
0
LINE
8
BLACK
6
CONTINUOUS
10
98.7768169999999941
20
-29.2535199999999982
11
98.7804769999999905
21
-29.2550359999999969
0
LINE
8
BLACK
6
CONTINUOUS
10
98.7804769999999905
20
-29.2550359999999969
11
98.7845959999999934
21
-29.2584169999999979
0
LINE
8
BLACK
6
CONTINUOUS
10
98.7845959999999934
20
-29.2584169999999979
11
98.7891099999999938
21
-29.261257999999998
0
LINE
8
BLACK
6
CONTINUOUS
10
98.7891099999999938
20
-29.261257999999998
11
98.7917059999999907
21
-29.264250999999998
0
LINE
8
BLACK
6
CONTINUOUS
10
98.7917059999999907
20
-29.264250999999998
11
98.8032079999999979
21
-29.2736909999999995
0
LINE
8
BLACK
6
CONTINUOUS
10
98.8032079999999979
20
-29.2736909999999995
11
98.8746359999999953
21
-29.3451190000000004
0
LINE
8
BLACK
6
CONTINUOUS
10
98.8746359999999953
20
-29.3451190000000004
11
98.8932909999999907
21
-29.3678489999999996
0
LINE
8
BLACK
6
CONTINUOUS
10
98.8932909999999907
20
-29.3678489999999996
11
98.9156869999999913
21
-29.4219219999999986
0
LINE
8
BLACK
6
CONTINUOUS
10
98.9156869999999913
20
-29.4219219999999986
11
98.9156869999999913
21
-29.4804479999999991
0
LINE
8
BLACK
6
CONTINUOUS
10
98.9156869999999913
20
-29.4804479999999991
11
98.8932909999999907
21
-29.534519999999997
0
LINE
8
BLACK
6
CONTINUOUS
10
98.8932909999999907
20
-29.534519999999997
11
98.8519050000000021
21
-29.5759059999999998
0
LINE
8
BLACK
6
CONTINUOUS
10
98.8519050000000021
20
-29.5759059999999998
11
98.7978329999999971
21
-29.5983020000000003
0
LINE
8
BLACK
6
CONTINUOUS
10
98.7978329999999971
20
-29.5983020000000003
11
98.7393069999999966
21
-29.5983020000000003
0
LINE
8
BLACK
6
CONTINUOUS
10
98.7393069999999966
20
-29.5983020000000003
11
98.6852339999999941
21
-29.5759059999999998
0
LINE
8
BLACK
6
CONTINUOUS
10
98.6852339999999941
20
-29.5759059999999998
11
98.6625039999999984
21
-29.5572509999999973
0
LINE
8
BLACK
6
CONTINUOUS
10
98.6625039999999984
20
-29.5572509999999973
11
98.6082880000000017
21
-29.503034999999997
0
LINE
8
BLACK
6
CONTINUOUS
10
98.6082880000000017
20
-29.503034999999997
11
98.5188749999999942
21
-29.4583279999999981
0
LINE
8
BLACK
6
CONTINUOUS
10
98.5188749999999942
20
-29.4583279999999981
11
98.2325519999999983
21
-29.4583279999999981
0
LINE
8
BLACK
6
CONTINUOUS
10
98.2325519999999983
20
-29.4583279999999981
11
98.1431379999999933
21
-29.503034999999997
0
LINE
8
BLACK
6
CONTINUOUS
10
98.1431379999999933
20
-29.503034999999997
11
98.1061339999999973
21
-29.5400379999999991
0
LINE
8
BLACK
6
CONTINUOUS
10
98.1061339999999973
20
-29.5400379999999991
11
98.0614269999999948
21
-29.629451999999997
0
LINE
8
BLACK
6
CONTINUOUS
10
98.0614269999999948
20
-29.629451999999997
11
98.0614269999999948
21
-29.7125579999999978
0
LINE
8
BLACK
6
CONTINUOUS
10
98.0614269999999948
20
-29.7125579999999978
11
98.1139599999999916
21
-29.870156999999999
0
LINE
8
BLACK
6
CONTINUOUS
10
98.1139599999999916
20
-29.870156999999999
11
98.9460649999999902
21
-30.7022619999999975
0
LINE
8
BLACK
6
CONTINUOUS
10
98.9460649999999902
20
-30.7022619999999975
11
98.9647199999999998
21
-30.7249920000000003
0
LINE
8
BLACK
6
CONTINUOUS
10
98.9647199999999998
20
-30.7249920000000003
11
98.9745829999999955
21
-30.7488049999999973
0
LINE
8
BLACK
6
CONTINUOUS
10
98.9745829999999955
20
-30.7488049999999973
11
98.9839979999999997
21
-30.7715359999999976
0
LINE
8
BLACK
6
CONTINUOUS
10
98.9839979999999997
20
-30.7715359999999976
11
98.9871169999999978
21
-30.7790649999999992
0
LINE
8
BLACK
6
CONTINUOUS
10
98.9871169999999978
20
-30.7790649999999992
11
98.9871169999999978
21
-30.8375909999999998
0
LINE
8
BLACK
6
CONTINUOUS
10
98.9871169999999978
20
-30.8375909999999998
11
98.9647199999999998
21
-30.8916629999999977
0
LINE
8
BLACK
6
CONTINUOUS
10
98.9647199999999998
20
-30.8916629999999977
11
98.923333999999997
21
-30.9330489999999969
0
LINE
8
BLACK
6
CONTINUOUS
10
98.923333999999997
20
-30.9330489999999969
11
98.8916600000000017
21
-30.9461680000000001
0
LINE
8
BLACK
6
CONTINUOUS
10
98.8916600000000017
20
-30.9461680000000001
11
98.8692629999999895
21
-30.9554459999999985
0
LINE
8
BLACK
6
CONTINUOUS
10
98.8692629999999895
20
-30.9554459999999985
11
98.8399989999999917
21
-30.9583279999999981
0
LINE
8
BLACK
6
CONTINUOUS
10
98.8399989999999917
20
-30.9583279999999981
11
97.9114269999999891
21
-30.9583279999999981
0
LINE
8
BLACK
6
CONTINUOUS
10
97.9114269999999891
20
-30.9583279999999981
11
97.8821629999999914
21
-30.9554459999999985
0
LINE
8
BLACK
6
CONTINUOUS
10
97.8821629999999914
20
-30.9554459999999985
11
97.8280910000000006
21
-30.9330479999999994
0
LINE
8
BLACK
6
CONTINUOUS
10
97.8280910000000006
20
-30.9330479999999994
11
97.7867069999999927
21
-30.8916639999999987
0
LINE
8
BLACK
6
CONTINUOUS
10
97.7867069999999927
20
-30.8916639999999987
11
97.7643089999999972
21
-30.8375919999999972
0
LINE
8
BLACK
6
CONTINUOUS
10
97.7643089999999972
20
-30.8375919999999972
11
97.7643089999999972
21
-30.7790639999999982
0
LINE
8
BLACK
6
CONTINUOUS
10
97.7643089999999972
20
-30.7790639999999982
11
97.7867069999999927
21
-30.7249920000000003
0
LINE
8
BLACK
6
CONTINUOUS
10
97.7867069999999927
20
-30.7249920000000003
11
97.8280910000000006
21
-30.6836079999999995
0
LINE
8
BLACK
6
CONTINUOUS
10
97.8280910000000006
20
-30.6836079999999995
11
97.8821629999999914
21
-30.661209999999997
0
LINE
8
BLACK
6
CONTINUOUS
10
97.8821629999999914
20
-30.661209999999997
11
97.9114269999999891
21
-30.6583279999999974
0
LINE
8
BLACK
6
CONTINUOUS
10
97.9114269999999891
20
-30.6583279999999974
11
98.4778669999999892
21
-30.6583279999999974
0
LINE
8
BLACK
6
CONTINUOUS
10
98.4778669999999892
20
-30.6583279999999974
11
97.8767899999999997
21
-30.0572509999999973
0
LINE
8
BLACK
6
CONTINUOUS
10
97.8767899999999997
20
-30.0572509999999973
11
97.8581349999999901
21
-30.034519999999997
0
LINE
8
BLACK
6
CONTINUOUS
10
97.8581349999999901
20
-30.034519999999997
11
97.8560719999999975
21
-30.0295399999999972
0
LINE
8
BLACK
6
CONTINUOUS
10
97.8560719999999975
20
-30.0295399999999972
11
97.8525419999999997
21
-30.0254699999999985
0
LINE
8
BLACK
6
CONTINUOUS
10
97.8525419999999997
20
-30.0254699999999985
11
97.8405539999999974
21
-29.9986189999999979
0
LINE
8
BLACK
6
CONTINUOUS
10
97.8405539999999974
20
-29.9986189999999979
11
97.7691250000000025
21
-29.7843349999999987
0
LINE
8
BLACK
6
CONTINUOUS
10
97.7691250000000025
20
-29.7843349999999987
11
97.7658249999999924
21
-29.7698249999999973
0
LINE
8
BLACK
6
CONTINUOUS
10
97.7658249999999924
20
-29.7698249999999973
11
97.7643089999999972
21
-29.7661639999999998
0
LINE
8
BLACK
6
CONTINUOUS
10
97.7643089999999972
20
-29.7661639999999998
11
97.7637859999999961
21
-29.7608549999999994
0
LINE
8
BLACK
6
CONTINUOUS
10
97.7637859999999961
20
-29.7608549999999994
11
97.7626049999999935
21
-29.7556609999999999
0
LINE
8
BLACK
6
CONTINUOUS
10
97.7626049999999935
20
-29.7556609999999999
11
97.7628849999999971
21
-29.7517110000000002
0
LINE
8
BLACK
6
CONTINUOUS
10
97.7628849999999971
20
-29.7517110000000002
11
97.7614269999999976
21
-29.7368999999999986
0
LINE
8
BLACK
6
CONTINUOUS
10
97.7614269999999976
20
-29.7368999999999986
11
97.7614269999999976
21
-29.5940419999999982
0
LINE
8
BLACK
6
CONTINUOUS
10
97.7614269999999976
20
-29.5940419999999982
11
97.7643089999999972
21
-29.5647779999999969
0
LINE
8
BLACK
6
CONTINUOUS
10
97.7643089999999972
20
-29.5647779999999969
11
97.7663719999999898
21
-29.5597969999999997
0
LINE
8
BLACK
6
CONTINUOUS
10
97.7663719999999898
20
-29.5597969999999997
11
97.7667539999999917
21
-29.5544229999999999
0
LINE
8
BLACK
6
CONTINUOUS
10
97.7667539999999917
20
-29.5544229999999999
11
97.7772629999999907
21
-29.526959999999999
0
LINE
8
BLACK
6
CONTINUOUS
10
97.7772629999999907
20
-29.526959999999999
11
97.8486919999999998
21
-29.3841029999999996
0
LINE
8
BLACK
6
CONTINUOUS
10
97.8486919999999998
20
-29.3841029999999996
11
97.8566199999999924
21
-29.3715069999999976
0
LINE
8
BLACK
6
CONTINUOUS
10
97.8566199999999924
20
-29.3715069999999976
11
97.8581360000000018
21
-29.3678489999999996
0
LINE
8
BLACK
6
CONTINUOUS
10
97.8581360000000018
20
-29.3678489999999996
11
97.8615149999999971
21
-29.3637309999999978
0
LINE
8
BLACK
6
CONTINUOUS
10
97.8615149999999971
20
-29.3637309999999978
11
97.8643569999999983
21
-29.3592169999999975
0
LINE
8
BLACK
6
CONTINUOUS
10
97.8643569999999983
20
-29.3592169999999975
11
97.8673509999999993
21
-29.3566199999999995
0
LINE
8
BLACK
6
CONTINUOUS
10
97.8673509999999993
20
-29.3566199999999995
11
97.8767909999999972
21
-29.3451179999999994
0
LINE
8
BLACK
6
CONTINUOUS
10
97.8767909999999972
20
-29.3451179999999994
11
97.9482199999999921
21
-29.2736899999999984
0
LINE
8
BLACK
6
CONTINUOUS
10
97.9482199999999921
20
-29.2736899999999984
11
97.9597199999999901
21
-29.264250999999998
0
LINE
8
BLACK
6
CONTINUOUS
10
97.9597199999999901
20
-29.264250999999998
11
97.9623169999999988
21
-29.261257999999998
0
LINE
8
BLACK
6
CONTINUOUS
10
97.9623169999999988
20
-29.261257999999998
11
97.9668289999999899
21
-29.2584169999999979
0
LINE
8
BLACK
6
CONTINUOUS
10
97.9668289999999899
20
-29.2584169999999979
11
97.970950000000002
21
-29.2550359999999969
0
LINE
8
BLACK
6
CONTINUOUS
10
97.970950000000002
20
-29.2550359999999969
11
97.9746090000000009
21
-29.2535199999999982
0
LINE
8
BLACK
6
CONTINUOUS
10
97.9746090000000009
20
-29.2535199999999982
11
97.9872029999999938
21
-29.2455929999999995
0
LINE
8
BLACK
6
CONTINUOUS
10
97.9872029999999938
20
-29.2455929999999995
11
98.1300589999999886
21
-29.1741639999999975
0
LINE
8
BLACK
6
CONTINUOUS
10
98.1300589999999886
20
-29.1741639999999975
11
98.1575229999999976
21
-29.1636549999999986
0
LINE
8
BLACK
6
CONTINUOUS
10
98.1575229999999976
20
-29.1636549999999986
11
98.162897000000001
21
-29.1632730000000002
0
LINE
8
BLACK
6
CONTINUOUS
10
98.162897000000001
20
-29.1632730000000002
11
98.1678780000000017
21
-29.161209999999997
0
LINE
8
BLACK
6
CONTINUOUS
10
98.1678780000000017
20
-29.161209999999997
11
98.1971419999999995
21
-29.1583279999999974
0
LINE
8
BLACK
6
CONTINUOUS
10
98.1971419999999995
20
-29.1583279999999974
11
98.554284999999993
21
-29.1583279999999974
0
LINE
8
BLACK
6
CONTINUOUS
10
98.554284999999993
20
-29.1583279999999974
11
98.5835489999999908
21
-29.161209999999997
0
LINE
8
BLACK
6
CONTINUOUS
10
99.7833809999999914
20
-29.1597860000000004
11
99.7873309999999947
21
-29.1595060000000004
0
LINE
8
BLACK
6
CONTINUOUS
10
99.7873309999999947
20
-29.1595060000000004
11
99.7925249999999977
21
-29.1606869999999994
0
LINE
8
BLACK
6
CONTINUOUS
10
99.7925249999999977
20
-29.1606869999999994
11
99.7978339999999946
21
-29.161209999999997
0
LINE
8
BLACK
6
CONTINUOUS
10
99.7978339999999946
20
-29.161209999999997
11
99.8014960000000002
21
-29.1627270000000003
0
LINE
8
BLACK
6
CONTINUOUS
10
99.8014960000000002
20
-29.1627270000000003
11
99.8160039999999924
21
-29.1660259999999987
0
LINE
8
BLACK
6
CONTINUOUS
10
99.8160039999999924
20
-29.1660259999999987
11
100.0302899999999937
21
-29.2374539999999996
0
LINE
8
BLACK
6
CONTINUOUS
10
100.0302899999999937
20
-29.2374539999999996
11
100.0571410000000014
21
-29.2494429999999994
0
LINE
8
BLACK
6
CONTINUOUS
10
100.0571410000000014
20
-29.2494429999999994
11
100.0612110000000001
21
-29.2529729999999972
0
LINE
8
BLACK
6
CONTINUOUS
10
100.0612110000000001
20
-29.2529729999999972
11
100.0661909999999892
21
-29.2550359999999969
0
LINE
8
BLACK
6
CONTINUOUS
10
100.0661909999999892
20
-29.2550359999999969
11
100.0889219999999966
21
-29.2736909999999995
0
LINE
8
BLACK
6
CONTINUOUS
10
100.0889219999999966
20
-29.2736909999999995
11
100.2317789999999889
21
-29.4165479999999988
0
LINE
8
BLACK
6
CONTINUOUS
10
100.2317789999999889
20
-29.4165479999999988
11
100.241219000000001
21
-29.4280499999999989
0
LINE
8
BLACK
6
CONTINUOUS
10
100.241219000000001
20
-29.4280499999999989
11
100.2442119999999903
21
-29.4306459999999994
0
LINE
8
BLACK
6
CONTINUOUS
10
100.2442119999999903
20
-29.4306459999999994
11
100.2470500000000015
21
-29.4351549999999982
0
LINE
8
BLACK
6
CONTINUOUS
10
100.2470500000000015
20
-29.4351549999999982
11
100.2504339999999985
21
-29.4392779999999981
0
LINE
8
BLACK
6
CONTINUOUS
10
100.2504339999999985
20
-29.4392779999999981
11
100.2519499999999937
21
-29.4429400000000001
0
LINE
8
BLACK
6
CONTINUOUS
10
100.2519499999999937
20
-29.4429400000000001
11
100.2598769999999888
21
-29.455531999999998
0
LINE
8
BLACK
6
CONTINUOUS
10
100.2598769999999888
20
-29.455531999999998
11
100.3313059999999979
21
-29.5983879999999999
0
LINE
8
BLACK
6
CONTINUOUS
10
100.3313059999999979
20
-29.5983879999999999
11
100.3321249999999907
21
-29.6005299999999991
0
LINE
8
BLACK
6
CONTINUOUS
10
100.3321249999999907
20
-29.6005299999999991
11
100.3327699999999965
21
-29.6013999999999982
0
LINE
8
BLACK
6
CONTINUOUS
10
100.3327699999999965
20
-29.6013999999999982
11
100.3371539999999982
21
-29.6136710000000001
0
LINE
8
BLACK
6
CONTINUOUS
10
100.3371539999999982
20
-29.6136710000000001
11
100.3418149999999969
21
-29.6258519999999983
0
LINE
8
BLACK
6
CONTINUOUS
10
100.3418149999999969
20
-29.6258519999999983
11
100.3418909999999897
21
-29.626932
0
LINE
8
BLACK
6
CONTINUOUS
10
100.3418909999999897
20
-29.626932
11
100.3426630000000017
21
-29.629090999999999
0
LINE
8
BLACK
6
CONTINUOUS
10
100.3426630000000017
20
-29.629090999999999
11
100.4140909999999991
21
-29.9148049999999976
0
LINE
8
BLACK
6
CONTINUOUS
10
100.4140909999999991
20
-29.9148049999999976
11
100.4148399999999981
21
-29.9198759999999986
0
LINE
8
BLACK
6
CONTINUOUS
10
100.4148399999999981
20
-29.9198759999999986
11
100.4156879999999887
21
-29.9219209999999975
0
LINE
8
BLACK
6
CONTINUOUS
10
100.4156879999999887
20
-29.9219209999999975
11
100.4167729999999921
21
-29.9329429999999981
0
LINE
8
BLACK
6
CONTINUOUS
10
100.4167729999999921
20
-29.9329429999999981
11
100.4183929999999947
21
-29.9438940000000002
0
LINE
8
BLACK
6
CONTINUOUS
10
100.4183929999999947
20
-29.9438940000000002
11
100.4180669999999935
21
-29.9460809999999995
0
LINE
8
BLACK
6
CONTINUOUS
10
100.4180669999999935
20
-29.9460809999999995
11
100.4185700000000026
21
-29.9511849999999988
0
LINE
8
BLACK
6
CONTINUOUS
10
100.4185700000000026
20
-29.9511849999999988
11
100.4185700000000026
21
-30.1654710000000001
0
LINE
8
BLACK
6
CONTINUOUS
10
100.4185700000000026
20
-30.1654710000000001
11
100.4180669999999935
21
-30.1705739999999984
0
LINE
8
BLACK
6
CONTINUOUS
10
100.4180669999999935
20
-30.1705739999999984
11
100.4183929999999947
21
-30.1727619999999987
0
LINE
8
BLACK
6
CONTINUOUS
10
100.4183929999999947
20
-30.1727619999999987
11
100.4167729999999921
21
-30.1837119999999999
0
LINE
8
BLACK
6
CONTINUOUS
10
100.4167729999999921
20
-30.1837119999999999
11
100.4156879999999887
21
-30.1947349999999979
0
LINE
8
BLACK
6
CONTINUOUS
10
100.4156879999999887
20
-30.1947349999999979
11
100.4148399999999981
21
-30.1967789999999994
0
LINE
8
BLACK
6
CONTINUOUS
10
100.4148399999999981
20
-30.1967789999999994
11
100.4140909999999991
21
-30.2018509999999978
0
LINE
8
BLACK
6
CONTINUOUS
10
100.4140909999999991
20
-30.2018509999999978
11
100.3426630000000017
21
-30.487565
0
LINE
8
BLACK
6
CONTINUOUS
10
100.3426630000000017
20
-30.487565
11
100.3418909999999897
21
-30.4897229999999979
0
LINE
8
BLACK
6
CONTINUOUS
10
100.3418909999999897
20
-30.4897229999999979
11
100.3418149999999969
21
-30.4908039999999971
0
LINE
8
BLACK
6
CONTINUOUS
10
100.3418149999999969
20
-30.4908039999999971
11
100.3371539999999982
21
-30.5029839999999979
0
LINE
8
BLACK
6
CONTINUOUS
10
100.3371539999999982
20
-30.5029839999999979
11
100.3327699999999965
21
-30.5152559999999973
0
LINE
8
BLACK
6
CONTINUOUS
10
100.3327699999999965
20
-30.5152559999999973
11
100.3321249999999907
21
-30.5161249999999988
0
LINE
8
BLACK
6
CONTINUOUS
10
100.3321249999999907
20
-30.5161249999999988
11
100.3313059999999979
21
-30.5182679999999991
0
LINE
8
BLACK
6
CONTINUOUS
10
100.3313059999999979
20
-30.5182679999999991
11
100.2598769999999888
21
-30.6611239999999974
0
LINE
8
BLACK
6
CONTINUOUS
10
100.2598769999999888
20
-30.6611239999999974
11
100.2519489999999962
21
-30.6737169999999999
0
LINE
8
BLACK
6
CONTINUOUS
10
100.2519489999999962
20
-30.6737169999999999
11
100.2504339999999985
21
-30.6773769999999999
0
LINE
8
BLACK
6
CONTINUOUS
10
100.2504339999999985
20
-30.6773769999999999
11
100.2470519999999965
21
-30.6814959999999992
0
LINE
8
BLACK
6
CONTINUOUS
10
100.2470519999999965
20
-30.6814959999999992
11
100.2442119999999903
21
-30.6860099999999996
0
LINE
8
BLACK
6
CONTINUOUS
10
100.2442119999999903
20
-30.6860099999999996
11
100.2412169999999918
21
-30.6886060000000001
0
LINE
8
BLACK
6
CONTINUOUS
10
100.2412169999999918
20
-30.6886060000000001
11
100.2317789999999889
21
-30.7001080000000002
0
LINE
8
BLACK
6
CONTINUOUS
10
100.2317789999999889
20
-30.7001080000000002
11
100.0889219999999966
21
-30.842965999999997
0
LINE
8
BLACK
6
CONTINUOUS
10
100.0889219999999966
20
-30.842965999999997
11
100.0661920000000009
21
-30.8616209999999995
0
LINE
8
BLACK
6
CONTINUOUS
10
100.0661920000000009
20
-30.8616209999999995
11
100.0612119999999976
21
-30.8636829999999982
0
LINE
8
BLACK
6
CONTINUOUS
10
100.0612119999999976
20
-30.8636829999999982
11
100.0571410000000014
21
-30.8672149999999981
0
LINE
8
BLACK
6
CONTINUOUS
10
100.0571410000000014
20
-30.8672149999999981
11
100.0302899999999937
21
-30.8792029999999968
0
LINE
8
BLACK
6
CONTINUOUS
10
100.0302899999999937
20
-30.8792029999999968
11
99.8160039999999924
21
-30.9506309999999978
0
LINE
8
BLACK
6
CONTINUOUS
10
99.8160039999999924
20
-30.9506309999999978
11
99.8014909999999986
21
-30.9539299999999997
0
LINE
8
BLACK
6
CONTINUOUS
10
99.8014909999999986
20
-30.9539299999999997
11
99.7978339999999946
21
-30.9554459999999985
0
LINE
8
BLACK
6
CONTINUOUS
10
99.7978339999999946
20
-30.9554459999999985
11
99.7925309999999968
21
-30.9559679999999986
0
LINE
8
BLACK
6
CONTINUOUS
10
99.7925309999999968
20
-30.9559679999999986
11
99.7873299999999972
21
-30.9571509999999996
0
LINE
8
BLACK
6
CONTINUOUS
10
99.7873299999999972
20
-30.9571509999999996
11
99.7833749999999924
21
-30.9568689999999975
0
LINE
8
BLACK
6
CONTINUOUS
10
99.7833749999999924
20
-30.9568689999999975
11
99.7685699999999969
21
-30.9583279999999981
0
LINE
8
BLACK
6
CONTINUOUS
10
99.7685699999999969
20
-30.9583279999999981
11
99.6257129999999904
21
-30.9583279999999981
0
LINE
8
BLACK
6
CONTINUOUS
10
99.6257129999999904
20
-30.9583279999999981
11
99.6109069999999974
21
-30.9568689999999975
0
LINE
8
BLACK
6
CONTINUOUS
10
99.6109069999999974
20
-30.9568689999999975
11
99.6069529999999901
21
-30.9571509999999996
0
LINE
8
BLACK
6
CONTINUOUS
10
99.6069529999999901
20
-30.9571509999999996
11
99.601750999999993
21
-30.9559679999999986
0
LINE
8
BLACK
6
CONTINUOUS
10
99.601750999999993
20
-30.9559679999999986
11
99.5964489999999927
21
-30.9554459999999985
0
LINE
8
BLACK
6
CONTINUOUS
10
99.5964489999999927
20
-30.9554459999999985
11
99.5927909999999912
21
-30.9539299999999997
0
LINE
8
BLACK
6
CONTINUOUS
10
99.5927909999999912
20
-30.9539299999999997
11
99.5782789999999949
21
-30.9506309999999978
0
LINE
8
BLACK
6
CONTINUOUS
10
99.5782789999999949
20
-30.9506309999999978
11
99.3639929999999936
21
-30.8792029999999968
0
LINE
8
BLACK
6
CONTINUOUS
10
99.3639929999999936
20
-30.8792029999999968
11
99.3371420000000001
21
-30.8672149999999981
0
LINE
8
BLACK
6
CONTINUOUS
10
99.3371420000000001
20
-30.8672149999999981
11
99.3330669999999998
21
-30.8636809999999997
0
LINE
8
BLACK
6
CONTINUOUS
10
99.3330669999999998
20
-30.8636809999999997
11
99.3280910000000006
21
-30.8616199999999985
0
LINE
8
BLACK
6
CONTINUOUS
10
99.3280910000000006
20
-30.8616199999999985
11
99.3053599999999932
21
-30.8429649999999995
0
LINE
8
BLACK
6
CONTINUOUS
10
99.3053599999999932
20
-30.8429649999999995
11
99.2339319999999958
21
-30.7715359999999976
0
LINE
8
BLACK
6
CONTINUOUS
10
99.2339319999999958
20
-30.7715359999999976
11
99.2152779999999979
21
-30.7488049999999973
0
LINE
8
BLACK
6
CONTINUOUS
10
99.2152779999999979
20
-30.7488049999999973
11
99.1928809999999999
21
-30.6947329999999994
0
LINE
8
BLACK
6
CONTINUOUS
10
99.1928809999999999
20
-30.6947329999999994
11
99.1928809999999999
21
-30.6362069999999989
0
LINE
8
BLACK
6
CONTINUOUS
10
99.1928809999999999
20
-30.6362069999999989
11
99.2152789999999953
21
-30.5821349999999974
0
LINE
8
BLACK
6
CONTINUOUS
10
99.2152789999999953
20
-30.5821349999999974
11
99.2566649999999981
21
-30.5407499999999992
0
LINE
8
BLACK
6
CONTINUOUS
10
99.2566649999999981
20
-30.5407499999999992
11
99.3107369999999889
21
-30.5183529999999976
0
LINE
8
BLACK
6
CONTINUOUS
10
99.3107369999999889
20
-30.5183529999999976
11
99.3692629999999895
21
-30.5183529999999976
0
LINE
8
BLACK
6
CONTINUOUS
10
99.3692629999999895
20
-30.5183529999999976
11
99.4233349999999945
21
-30.5407510000000002
0
LINE
8
BLACK
6
CONTINUOUS
10
99.4233349999999945
20
-30.5407510000000002
11
99.4460660000000018
21
-30.5594059999999992
0
LINE
8
BLACK
6
CONTINUOUS
10
99.4460660000000018
20
-30.5594059999999992
11
99.4924529999999976
21
-30.6057939999999995
0
LINE
8
BLACK
6
CONTINUOUS
10
99.4924529999999976
20
-30.6057939999999995
11
99.6500559999999922
21
-30.6583279999999974
0
LINE
8
BLACK
6
CONTINUOUS
10
99.6500559999999922
20
-30.6583279999999974
11
99.7442269999999951
21
-30.6583279999999974
0
LINE
8
BLACK
6
CONTINUOUS
10
99.7442269999999951
20
-30.6583279999999974
11
99.9018289999999922
21
-30.6057939999999995
0
LINE
8
BLACK
6
CONTINUOUS
10
99.9018289999999922
20
-30.6057939999999995
11
100.0024349999999913
21
-30.5051879999999969
0
LINE
8
BLACK
6
CONTINUOUS
10
100.0024349999999913
20
-30.5051879999999969
11
100.0556139999999914
21
-30.3988279999999982
0
LINE
8
BLACK
6
CONTINUOUS
10
100.0556139999999914
20
-30.3988279999999982
11
100.1185699999999912
21
-30.1470069999999986
0
LINE
8
BLACK
6
CONTINUOUS
10
100.1185699999999912
20
-30.1470069999999986
11
100.1185699999999912
21
-29.9696479999999994
0
LINE
8
BLACK
6
CONTINUOUS
10
100.1185699999999912
20
-29.9696479999999994
11
100.0556139999999914
21
-29.7178269999999998
0
LINE
8
BLACK
6
CONTINUOUS
10
100.0556139999999914
20
-29.7178269999999998
11
100.0024349999999913
21
-29.6114679999999986
0
LINE
8
BLACK
6
CONTINUOUS
10
100.0024349999999913
20
-29.6114679999999986
11
99.9018279999999947
21
-29.5108609999999985
0
LINE
8
BLACK
6
CONTINUOUS
10
99.9018279999999947
20
-29.5108609999999985
11
99.7442300000000017
21
-29.4583279999999981
0
LINE
8
BLACK
6
CONTINUOUS
10
99.7442300000000017
20
-29.4583279999999981
11
99.6500559999999922
21
-29.4583279999999981
0
LINE
8
BLACK
6
CONTINUOUS
10
99.6500559999999922
20
-29.4583279999999981
11
99.4924539999999951
21
-29.5108609999999985
0
LINE
8
BLACK
6
CONTINUOUS
10
99.4924539999999951
20
-29.5108609999999985
11
99.4460649999999902
21
-29.5572509999999973
0
LINE
8
BLACK
6
CONTINUOUS
10
99.4460649999999902
20
-29.5572509999999973
11
99.423333999999997
21
-29.5759059999999998
0
LINE
8
BLACK
6
CONTINUOUS
10
99.423333999999997
20
-29.5759059999999998
11
99.369261999999992
21
-29.5983029999999978
0
LINE
8
BLACK
6
CONTINUOUS
10
99.369261999999992
20
-29.5983029999999978
11
99.3107359999999915
21
-29.5983029999999978
0
LINE
8
BLACK
6
CONTINUOUS
10
99.3107359999999915
20
-29.5983029999999978
11
99.2566640000000007
21
-29.5759059999999998
0
LINE
8
BLACK
6
CONTINUOUS
10
99.2566640000000007
20
-29.5759059999999998
11
99.2152779999999979
21
-29.534519999999997
0
LINE
8
BLACK
6
CONTINUOUS
10
99.2152779999999979
20
-29.534519999999997
11
99.1928809999999999
21
-29.4804479999999991
0
LINE
8
BLACK
6
CONTINUOUS
10
99.1928809999999999
20
-29.4804479999999991
11
99.1928809999999999
21
-29.4219219999999986
0
LINE
8
BLACK
6
CONTINUOUS
10
99.1928809999999999
20
-29.4219219999999986
11
99.2152779999999979
21
-29.3678499999999971
0
LINE
8
BLACK
6
CONTINUOUS
10
99.2152779999999979
20
-29.3678499999999971
11
99.2339329999999933
21
-29.3451190000000004
0
LINE
8
BLACK
6
CONTINUOUS
10
99.2339329999999933
20
-29.3451190000000004
11
99.3053609999999907
21
-29.2736909999999995
0
LINE
8
BLACK
6
CONTINUOUS
10
99.3053609999999907
20
-29.2736909999999995
11
99.3280910000000006
21
-29.2550359999999969
0
LINE
8
BLACK
6
CONTINUOUS
10
99.3280910000000006
20
-29.2550359999999969
11
99.3330709999999897
21
-29.2529719999999998
0
LINE
8
BLACK
6
CONTINUOUS
10
99.3330709999999897
20
-29.2529719999999998
11
99.3371420000000001
21
-29.2494429999999994
0
LINE
8
BLACK
6
CONTINUOUS
10
99.3371420000000001
20
-29.2494429999999994
11
99.3639929999999936
21
-29.2374549999999971
0
LINE
8
BLACK
6
CONTINUOUS
10
99.3639929999999936
20
-29.2374549999999971
11
99.5782779999999974
21
-29.1660259999999987
0
LINE
8
BLACK
6
CONTINUOUS
10
99.5782779999999974
20
-29.1660259999999987
11
99.5927870000000013
21
-29.1627259999999993
0
LINE
8
BLACK
6
CONTINUOUS
10
99.5927870000000013
20
-29.1627259999999993
11
99.5964489999999927
21
-29.161209999999997
0
LINE
8
BLACK
6
CONTINUOUS
10
99.5964489999999927
20
-29.161209999999997
11
99.6017569999999921
21
-29.1606869999999994
0
LINE
8
BLACK
6
CONTINUOUS
10
99.6017569999999921
20
-29.1606869999999994
11
99.6069519999999926
21
-29.1595060000000004
0
LINE
8
BLACK
6
CONTINUOUS
10
99.6069519999999926
20
-29.1595060000000004
11
99.6109009999999984
21
-29.1597860000000004
0
LINE
8
BLACK
6
CONTINUOUS
10
99.6109009999999984
20
-29.1597860000000004
11
99.6257129999999904
21
-29.1583279999999974
0
LINE
8
BLACK
6
CONTINUOUS
10
99.6257129999999904
20
-29.1583279999999974
11
99.7685699999999969
21
-29.1583279999999974
0
LINE
8
BLACK
6
CONTINUOUS
10
99.7685699999999969
20
-29.1583279999999974
11
99.7833809999999914
21
-29.1597860000000004
0
LINE
8
BLACK
6
CONTINUOUS
10
57.5138529999999975
20
-28.3312099999999987
11
57.5285489999999982
21
-28.3312099999999987
0
LINE
8
BLACK
6
CONTINUOUS
10
57.5285489999999982
20
-28.3312099999999987
11
57.5422689999999974
21
-28.3368929999999999
0
LINE
8
BLACK
6
CONTINUOUS
10
57.5422689999999974
20
-28.3368929999999999
11
57.556832
21
-28.3398059999999994
0
LINE
8
BLACK
6
CONTINUOUS
10
57.556832
20
-28.3398059999999994
11
57.5690430000000006
21
-28.3479829999999993
0
LINE
8
BLACK
6
CONTINUOUS
10
57.5690430000000006
20
-28.3479829999999993
11
57.5826209999999961
21
-28.3536079999999977
0
LINE
8
BLACK
6
CONTINUOUS
10
57.5826209999999961
20
-28.3536079999999977
11
57.5931219999999939
21
-28.3641089999999991
0
LINE
8
BLACK
6
CONTINUOUS
10
57.5931219999999939
20
-28.3641089999999991
11
57.6054619999999957
21
-28.3723729999999996
0
LINE
8
BLACK
6
CONTINUOUS
10
57.6054619999999957
20
-28.3723729999999996
11
57.623897999999997
21
-28.3948849999999986
0
LINE
8
BLACK
6
CONTINUOUS
10
57.623897999999997
20
-28.3948849999999986
11
57.6240049999999968
21
-28.3949919999999985
0
LINE
8
BLACK
6
CONTINUOUS
10
57.6240049999999968
20
-28.3949919999999985
11
57.6240239999999986
21
-28.395038999999997
0
LINE
8
BLACK
6
CONTINUOUS
10
57.6240239999999986
20
-28.395038999999997
11
57.6240929999999949
21
-28.3951229999999981
0
LINE
8
BLACK
6
CONTINUOUS
10
57.6240929999999949
20
-28.3951229999999981
11
57.7587119999999956
21
-28.5970519999999979
0
LINE
8
BLACK
6
CONTINUOUS
10
57.7587119999999956
20
-28.5970519999999979
11
57.8738529999999969
21
-28.7121929999999992
0
LINE
8
BLACK
6
CONTINUOUS
10
57.8738529999999969
20
-28.7121929999999992
11
57.9949379999999977
21
-28.7727359999999983
0
LINE
8
BLACK
6
CONTINUOUS
10
57.9949379999999977
20
-28.7727359999999983
11
58.0198239999999998
21
-28.7884010000000004
0
LINE
8
BLACK
6
CONTINUOUS
10
58.0198239999999998
20
-28.7884010000000004
11
58.0581699999999969
21
-28.832615999999998
0
LINE
8
BLACK
6
CONTINUOUS
10
58.0581699999999969
20
-28.832615999999998
11
58.076677999999994
21
-28.8881389999999989
0
LINE
8
BLACK
6
CONTINUOUS
10
58.076677999999994
20
-28.8881389999999989
11
58.0725289999999958
21
-28.9465189999999986
0
LINE
8
BLACK
6
CONTINUOUS
10
58.0725289999999958
20
-28.9465189999999986
11
58.0463549999999984
21
-28.9988679999999981
0
LINE
8
BLACK
6
CONTINUOUS
10
58.0463549999999984
20
-28.9988679999999981
11
58.0021389999999997
21
-29.0372149999999998
0
LINE
8
BLACK
6
CONTINUOUS
10
58.0021389999999997
20
-29.0372149999999998
11
57.9466169999999963
21
-29.0557219999999994
0
LINE
8
BLACK
6
CONTINUOUS
10
57.9466169999999963
20
-29.0557219999999994
11
57.8882369999999966
21
-29.0515729999999976
0
LINE
8
BLACK
6
CONTINUOUS
10
57.8882369999999966
20
-29.0515729999999976
11
57.8607729999999947
21
-29.0410639999999987
0
LINE
8
BLACK
6
CONTINUOUS
10
57.8607729999999947
20
-29.0410639999999987
11
57.7179169999999999
21
-28.9696350000000002
0
LINE
8
BLACK
6
CONTINUOUS
10
57.7179169999999999
20
-28.9696350000000002
11
57.7053249999999949
21
-28.961707999999998
0
LINE
8
BLACK
6
CONTINUOUS
10
57.7053249999999949
20
-28.961707999999998
11
57.7016629999999964
21
-28.9601919999999993
0
LINE
8
BLACK
6
CONTINUOUS
10
57.7016629999999964
20
-28.9601919999999993
11
57.6975399999999965
21
-28.9568079999999988
0
LINE
8
BLACK
6
CONTINUOUS
10
57.6975399999999965
20
-28.9568079999999988
11
57.6930309999999977
21
-28.9539699999999982
0
LINE
8
BLACK
6
CONTINUOUS
10
57.6930309999999977
20
-28.9539699999999982
11
57.6904350000000008
21
-28.9509769999999982
0
LINE
8
BLACK
6
CONTINUOUS
10
57.6904350000000008
20
-28.9509769999999982
11
57.6789330000000007
21
-28.9415370000000003
0
LINE
8
BLACK
6
CONTINUOUS
10
57.6789330000000007
20
-28.9415370000000003
11
57.649284999999999
21
-28.9118889999999986
0
LINE
8
BLACK
6
CONTINUOUS
10
57.649284999999999
20
-28.9118889999999986
11
57.649284999999999
21
-29.8283279999999991
0
LINE
8
BLACK
6
CONTINUOUS
10
57.649284999999999
20
-29.8283279999999991
11
57.9278559999999985
21
-29.8283279999999991
0
LINE
8
BLACK
6
CONTINUOUS
10
57.9278559999999985
20
-29.8283279999999991
11
57.9571199999999962
21
-29.8312099999999987
0
LINE
8
BLACK
6
CONTINUOUS
10
57.9571199999999962
20
-29.8312099999999987
11
58.0111919999999941
21
-29.8536079999999977
0
LINE
8
BLACK
6
CONTINUOUS
10
58.0111919999999941
20
-29.8536079999999977
11
58.0525759999999948
21
-29.8949919999999985
0
LINE
8
BLACK
6
CONTINUOUS
10
58.0525759999999948
20
-29.8949919999999985
11
58.0749739999999974
21
-29.9490639999999999
0
LINE
8
BLACK
6
CONTINUOUS
10
58.0749739999999974
20
-29.9490639999999999
11
58.0749739999999974
21
-30.0075919999999989
0
LINE
8
BLACK
6
CONTINUOUS
10
58.0749739999999974
20
-30.0075919999999989
11
58.0525759999999948
21
-30.0616640000000004
0
LINE
8
BLACK
6
CONTINUOUS
10
58.0525759999999948
20
-30.0616640000000004
11
58.0111919999999941
21
-30.1030479999999976
0
LINE
8
BLACK
6
CONTINUOUS
10
58.0111919999999941
20
-30.1030479999999976
11
57.9571199999999962
21
-30.1254460000000002
0
LINE
8
BLACK
6
CONTINUOUS
10
57.9571199999999962
20
-30.1254460000000002
11
57.9278559999999985
21
-30.1283279999999998
0
LINE
8
BLACK
6
CONTINUOUS
10
57.9278559999999985
20
-30.1283279999999998
11
57.0707129999999978
21
-30.1283279999999998
0
LINE
8
BLACK
6
CONTINUOUS
10
57.0707129999999978
20
-30.1283279999999998
11
57.0414490000000001
21
-30.1254460000000002
0
LINE
8
BLACK
6
CONTINUOUS
10
57.0414490000000001
20
-30.1254460000000002
11
56.9873769999999951
21
-30.1030479999999976
0
LINE
8
BLACK
6
CONTINUOUS
10
56.9873769999999951
20
-30.1030479999999976
11
56.9459929999999943
21
-30.0616640000000004
0
LINE
8
BLACK
6
CONTINUOUS
10
56.9459929999999943
20
-30.0616640000000004
11
56.9235949999999988
21
-30.0075919999999989
0
LINE
8
BLACK
6
CONTINUOUS
10
56.9235949999999988
20
-30.0075919999999989
11
56.9235949999999988
21
-29.9490639999999999
0
LINE
8
BLACK
6
CONTINUOUS
10
56.9235949999999988
20
-29.9490639999999999
11
56.9459929999999943
21
-29.8949919999999985
0
LINE
8
BLACK
6
CONTINUOUS
10
56.9459929999999943
20
-29.8949919999999985
11
56.9873769999999951
21
-29.8536079999999977
0
LINE
8
BLACK
6
CONTINUOUS
10
56.9873769999999951
20
-29.8536079999999977
11
57.0414490000000001
21
-29.8312099999999987
0
LINE
8
BLACK
6
CONTINUOUS
10
57.0414490000000001
20
-29.8312099999999987
11
57.0707129999999978
21
-29.8283279999999991
0
LINE
8
BLACK
6
CONTINUOUS
10
57.0707129999999978
20
-29.8283279999999991
11
57.3492849999999947
21
-29.8283279999999991
0
LINE
8
BLACK
6
CONTINUOUS
10
57.3492849999999947
20
-29.8283279999999991
11
57.3492849999999947
21
-28.4783279999999976
0
LINE
8
BLACK
6
CONTINUOUS
10
57.3492849999999947
20
-28.4783279999999976
11
57.3492949999999979
21
-28.4782219999999988
0
LINE
8
BLACK
6
CONTINUOUS
10
57.3492949999999979
20
-28.4782219999999988
11
57.3492849999999947
21
-28.4781699999999987
0
LINE
8
BLACK
6
CONTINUOUS
10
57.3492849999999947
20
-28.4781699999999987
11
57.3493149999999972
21
-28.4780160000000002
0
LINE
8
BLACK
6
CONTINUOUS
10
57.3493149999999972
20
-28.4780160000000002
11
57.3521669999999943
21
-28.4490639999999999
0
LINE
8
BLACK
6
CONTINUOUS
10
57.3521669999999943
20
-28.4490639999999999
11
57.3578499999999991
21
-28.4353429999999996
0
LINE
8
BLACK
6
CONTINUOUS
10
57.3578499999999991
20
-28.4353429999999996
11
57.3607629999999986
21
-28.4207809999999981
0
LINE
8
BLACK
6
CONTINUOUS
10
57.3607629999999986
20
-28.4207809999999981
11
57.3689399999999949
21
-28.408569
0
LINE
8
BLACK
6
CONTINUOUS
10
57.3689399999999949
20
-28.408569
11
57.3745649999999969
21
-28.3949919999999985
0
LINE
8
BLACK
6
CONTINUOUS
10
57.3745649999999969
20
-28.3949919999999985
11
57.3850659999999948
21
-28.3844899999999996
0
LINE
8
BLACK
6
CONTINUOUS
10
57.3850659999999948
20
-28.3844899999999996
11
57.3933299999999988
21
-28.3721509999999988
0
LINE
8
BLACK
6
CONTINUOUS
10
57.3933299999999988
20
-28.3721509999999988
11
57.4055569999999946
21
-28.3639989999999997
0
LINE
8
BLACK
6
CONTINUOUS
10
57.4055569999999946
20
-28.3639989999999997
11
57.4159489999999977
21
-28.3536079999999977
0
LINE
8
BLACK
6
CONTINUOUS
10
57.4159489999999977
20
-28.3536079999999977
11
57.4296699999999944
21
-28.347923999999999
0
LINE
8
BLACK
6
CONTINUOUS
10
57.4296699999999944
20
-28.347923999999999
11
57.4420280000000005
21
-28.3396860000000004
0
LINE
8
BLACK
6
CONTINUOUS
10
57.4420280000000005
20
-28.3396860000000004
11
57.4564419999999956
21
-28.3368339999999996
0
LINE
8
BLACK
6
CONTINUOUS
10
57.4564419999999956
20
-28.3368339999999996
11
57.4700209999999956
21
-28.3312099999999987
0
LINE
8
BLACK
6
CONTINUOUS
10
57.4700209999999956
20
-28.3312099999999987
11
57.4848739999999978
21
-28.3312099999999987
0
LINE
8
BLACK
6
CONTINUOUS
10
57.4848739999999978
20
-28.3312099999999987
11
57.4994429999999994
21
-28.3283279999999991
0
LINE
8
BLACK
6
CONTINUOUS
10
57.4994429999999994
20
-28.3283279999999991
11
57.5138529999999975
21
-28.3312099999999987
0
LINE
8
BLACK
6
CONTINUOUS
10
58.654049999999998
20
-28.3536079999999977
11
58.6954339999999988
21
-28.3949919999999985
0
LINE
8
BLACK
6
CONTINUOUS
10
58.6954339999999988
20
-28.3949919999999985
11
58.7178319999999943
21
-28.4490639999999999
0
LINE
8
BLACK
6
CONTINUOUS
10
58.7178319999999943
20
-28.4490639999999999
11
58.7207139999999939
21
-28.4783279999999976
0
LINE
8
BLACK
6
CONTINUOUS
10
58.7207139999999939
20
-28.4783279999999976
11
58.7207139999999939
21
-29.6572040000000001
0
LINE
8
BLACK
6
CONTINUOUS
10
58.7207139999999939
20
-29.6572040000000001
11
58.7654189999999943
21
-29.7466159999999995
0
LINE
8
BLACK
6
CONTINUOUS
10
58.7654189999999943
20
-29.7466159999999995
11
58.8024239999999949
21
-29.7836210000000001
0
LINE
8
BLACK
6
CONTINUOUS
10
58.8024239999999949
20
-29.7836210000000001
11
58.8918379999999999
21
-29.8283279999999991
0
LINE
8
BLACK
6
CONTINUOUS
10
58.8918379999999999
20
-29.8283279999999991
11
59.1067329999999984
21
-29.8283279999999991
0
LINE
8
BLACK
6
CONTINUOUS
10
59.1067329999999984
20
-29.8283279999999991
11
59.1961459999999988
21
-29.7836210000000001
0
LINE
8
BLACK
6
CONTINUOUS
10
59.1961459999999988
20
-29.7836210000000001
11
59.2331489999999974
21
-29.746616999999997
0
LINE
8
BLACK
6
CONTINUOUS
10
59.2331489999999974
20
-29.746616999999997
11
59.2778569999999974
21
-29.6572029999999991
0
LINE
8
BLACK
6
CONTINUOUS
10
59.2778569999999974
20
-29.6572029999999991
11
59.2778569999999974
21
-28.4783279999999976
0
LINE
8
BLACK
6
CONTINUOUS
10
59.2778569999999974
20
-28.4783279999999976
11
59.280738999999997
21
-28.4490639999999999
0
LINE
8
BLACK
6
CONTINUOUS
10
59.280738999999997
20
-28.4490639999999999
11
59.3031369999999995
21
-28.3949919999999985
0
LINE
8
BLACK
6
CONTINUOUS
10
59.3031369999999995
20
-28.3949919999999985
11
59.3445210000000003
21
-28.3536079999999977
0
LINE
8
BLACK
6
CONTINUOUS
10
59.3445210000000003
20
-28.3536079999999977
11
59.3985929999999982
21
-28.3312099999999987
0
LINE
8
BLACK
6
CONTINUOUS
10
59.3985929999999982
20
-28.3312099999999987
11
59.4571210000000008
21
-28.3312099999999987
0
LINE
8
BLACK
6
CONTINUOUS
10
59.4571210000000008
20
-28.3312099999999987
11
59.5111929999999987
21
-28.3536079999999977
0
LINE
8
BLACK
6
CONTINUOUS
10
59.5111929999999987
20
-28.3536079999999977
11
59.5525769999999994
21
-28.3949919999999985
0
LINE
8
BLACK
6
CONTINUOUS
10
59.5525769999999994
20
-28.3949919999999985
11
59.5749749999999949
21
-28.4490639999999999
0
LINE
8
BLACK
6
CONTINUOUS
10
59.5749749999999949
20
-28.4490639999999999
11
59.5778569999999945
21
-28.4783279999999976
0
LINE
8
BLACK
6
CONTINUOUS
10
59.5778569999999945
20
-28.4783279999999976
11
59.5778569999999945
21
-29.692613999999999
0
LINE
8
BLACK
6
CONTINUOUS
10
59.5778569999999945
20
-29.692613999999999
11
59.5749749999999949
21
-29.7218780000000002
0
LINE
8
BLACK
6
CONTINUOUS
10
59.5749749999999949
20
-29.7218780000000002
11
59.5729109999999977
21
-29.726858
0
LINE
8
BLACK
6
CONTINUOUS
10
59.5729109999999977
20
-29.726858
11
59.5725300000000004
21
-29.7322329999999972
0
LINE
8
BLACK
6
CONTINUOUS
10
59.5725300000000004
20
-29.7322329999999972
11
59.5620209999999943
21
-29.7596969999999992
0
LINE
8
BLACK
6
CONTINUOUS
10
59.5620209999999943
20
-29.7596969999999992
11
59.4905919999999995
21
-29.9025529999999975
0
LINE
8
BLACK
6
CONTINUOUS
10
59.4905919999999995
20
-29.9025529999999975
11
59.4826639999999998
21
-29.915146
0
LINE
8
BLACK
6
CONTINUOUS
10
59.4826639999999998
20
-29.915146
11
59.4811489999999949
21
-29.918806
0
LINE
8
BLACK
6
CONTINUOUS
10
59.4811489999999949
20
-29.918806
11
59.4777670000000001
21
-29.9229260000000004
0
LINE
8
BLACK
6
CONTINUOUS
10
59.4777670000000001
20
-29.9229260000000004
11
59.4749269999999939
21
-29.9274389999999997
0
LINE
8
BLACK
6
CONTINUOUS
10
59.4749269999999939
20
-29.9274389999999997
11
59.4719329999999999
21
-29.9300350000000002
0
LINE
8
BLACK
6
CONTINUOUS
10
59.4719329999999999
20
-29.9300350000000002
11
59.462494999999997
21
-29.9415359999999993
0
LINE
8
BLACK
6
CONTINUOUS
10
59.462494999999997
20
-29.9415359999999993
11
59.3910669999999996
21
-30.0129649999999977
0
LINE
8
BLACK
6
CONTINUOUS
10
59.3910669999999996
20
-30.0129649999999977
11
59.3795609999999954
21
-30.0224069999999976
0
LINE
8
BLACK
6
CONTINUOUS
10
59.3795609999999954
20
-30.0224069999999976
11
59.3769670000000005
21
-30.0253990000000002
0
LINE
8
BLACK
6
CONTINUOUS
10
59.3769670000000005
20
-30.0253990000000002
11
59.3724559999999997
21
-30.0282379999999982
0
LINE
8
BLACK
6
CONTINUOUS
10
59.3724559999999997
20
-30.0282379999999982
11
59.3683359999999993
21
-30.0316200000000002
0
LINE
8
BLACK
6
CONTINUOUS
10
59.3683359999999993
20
-30.0316200000000002
11
59.3646759999999958
21
-30.0331349999999979
0
LINE
8
BLACK
6
CONTINUOUS
10
59.3646759999999958
20
-30.0331349999999979
11
59.3520819999999958
21
-30.0410639999999987
0
LINE
8
BLACK
6
CONTINUOUS
10
59.3520819999999958
20
-30.0410639999999987
11
59.2092229999999944
21
-30.1124919999999996
0
LINE
8
BLACK
6
CONTINUOUS
10
59.2092229999999944
20
-30.1124919999999996
11
59.181759999999997
21
-30.1230019999999996
0
LINE
8
BLACK
6
CONTINUOUS
10
59.181759999999997
20
-30.1230019999999996
11
59.1763839999999988
21
-30.1233829999999969
0
LINE
8
BLACK
6
CONTINUOUS
10
59.1763839999999988
20
-30.1233829999999969
11
59.1714059999999975
21
-30.1254460000000002
0
LINE
8
BLACK
6
CONTINUOUS
10
59.1714059999999975
20
-30.1254460000000002
11
59.1421419999999998
21
-30.1283279999999998
0
LINE
8
BLACK
6
CONTINUOUS
10
59.1421419999999998
20
-30.1283279999999998
11
58.856427999999994
21
-30.1283279999999998
0
LINE
8
BLACK
6
CONTINUOUS
10
58.856427999999994
20
-30.1283279999999998
11
58.8271639999999962
21
-30.1254460000000002
0
LINE
8
BLACK
6
CONTINUOUS
10
58.8271639999999962
20
-30.1254460000000002
11
58.8221849999999975
21
-30.1233829999999969
0
LINE
8
BLACK
6
CONTINUOUS
10
58.8221849999999975
20
-30.1233829999999969
11
58.8168099999999967
21
-30.1230019999999996
0
LINE
8
BLACK
6
CONTINUOUS
10
58.8168099999999967
20
-30.1230019999999996
11
58.7893469999999994
21
-30.1124919999999996
0
LINE
8
BLACK
6
CONTINUOUS
10
58.7893469999999994
20
-30.1124919999999996
11
58.6464889999999954
21
-30.0410639999999987
0
LINE
8
BLACK
6
CONTINUOUS
10
58.6464889999999954
20
-30.0410639999999987
11
58.6338969999999975
21
-30.033137
0
LINE
8
BLACK
6
CONTINUOUS
10
58.6338969999999975
20
-30.033137
11
58.6302359999999965
21
-30.0316209999999977
0
LINE
8
BLACK
6
CONTINUOUS
10
58.6302359999999965
20
-30.0316209999999977
11
58.6261129999999966
21
-30.0282369999999972
0
LINE
8
BLACK
6
CONTINUOUS
10
58.6261129999999966
20
-30.0282369999999972
11
58.6216039999999978
21
-30.0253990000000002
0
LINE
8
BLACK
6
CONTINUOUS
10
58.6216039999999978
20
-30.0253990000000002
11
58.6190089999999984
21
-30.0224069999999976
0
LINE
8
BLACK
6
CONTINUOUS
10
58.6190089999999984
20
-30.0224069999999976
11
58.6075049999999962
21
-30.0129659999999987
0
LINE
8
BLACK
6
CONTINUOUS
10
58.6075049999999962
20
-30.0129659999999987
11
58.5360759999999942
21
-29.9415370000000003
0
LINE
8
BLACK
6
CONTINUOUS
10
58.5360759999999942
20
-29.9415370000000003
11
58.5266359999999963
21
-29.9300350000000002
0
LINE
8
BLACK
6
CONTINUOUS
10
58.5266359999999963
20
-29.9300350000000002
11
58.5236429999999999
21
-29.9274389999999997
0
LINE
8
BLACK
6
CONTINUOUS
10
58.5236429999999999
20
-29.9274389999999997
11
58.5208019999999962
21
-29.9229249999999993
0
LINE
8
BLACK
6
CONTINUOUS
10
58.5208019999999962
20
-29.9229249999999993
11
58.5174209999999988
21
-29.918806
0
LINE
8
BLACK
6
CONTINUOUS
10
58.5174209999999988
20
-29.918806
11
58.5159049999999965
21
-29.915146
0
LINE
8
BLACK
6
CONTINUOUS
10
58.5159049999999965
20
-29.915146
11
58.5079779999999943
21
-29.9025529999999975
0
LINE
8
BLACK
6
CONTINUOUS
10
58.5079779999999943
20
-29.9025529999999975
11
58.4365499999999969
21
-29.7596959999999982
0
LINE
8
BLACK
6
CONTINUOUS
10
58.4365499999999969
20
-29.7596959999999982
11
58.4260400000000004
21
-29.7322319999999998
0
LINE
8
BLACK
6
CONTINUOUS
10
58.4260400000000004
20
-29.7322319999999998
11
58.4256579999999985
21
-29.7268559999999979
0
LINE
8
BLACK
6
CONTINUOUS
10
58.4256579999999985
20
-29.7268559999999979
11
58.4235959999999963
21
-29.7218780000000002
0
LINE
8
BLACK
6
CONTINUOUS
10
58.4235959999999963
20
-29.7218780000000002
11
58.4207139999999967
21
-29.692613999999999
0
LINE
8
BLACK
6
CONTINUOUS
10
58.4207139999999967
20
-29.692613999999999
11
58.4207139999999967
21
-28.4783279999999976
0
LINE
8
BLACK
6
CONTINUOUS
10
58.4207139999999967
20
-28.4783279999999976
11
58.4235959999999963
21
-28.4490639999999999
0
LINE
8
BLACK
6
CONTINUOUS
10
58.4235959999999963
20
-28.4490639999999999
11
58.4459939999999989
21
-28.3949919999999985
0
LINE
8
BLACK
6
CONTINUOUS
10
58.4459939999999989
20
-28.3949919999999985
11
58.4873779999999996
21
-28.3536079999999977
0
LINE
8
BLACK
6
CONTINUOUS
10
58.4873779999999996
20
-28.3536079999999977
11
58.5414499999999975
21
-28.3312099999999987
0
LINE
8
BLACK
6
CONTINUOUS
10
58.5414499999999975
20
-28.3312099999999987
11
58.5999780000000001
21
-28.3312099999999987
0
LINE
8
BLACK
6
CONTINUOUS
10
58.5999780000000001
20
-28.3312099999999987
11
58.654049999999998
21
-28.3536079999999977
0
LINE
8
BLACK
6
CONTINUOUS
10
84.7978349999999921
20
-28.3312099999999987
11
84.8028149999999954
21
-28.3332729999999984
0
LINE
8
BLACK
6
CONTINUOUS
10
84.8028149999999954
20
-28.3332729999999984
11
84.8081899999999962
21
-28.3336550000000003
0
LINE
8
BLACK
6
CONTINUOUS
10
84.8081899999999962
20
-28.3336550000000003
11
84.8356529999999935
21
-28.3441639999999992
0
LINE
8
BLACK
6
CONTINUOUS
10
84.8356529999999935
20
-28.3441639999999992
11
84.97851
21
-28.4155929999999977
0
LINE
8
BLACK
6
CONTINUOUS
10
84.97851
20
-28.4155929999999977
11
84.9911029999999954
21
-28.4235199999999999
0
LINE
8
BLACK
6
CONTINUOUS
10
84.9911029999999954
20
-28.4235199999999999
11
84.9947629999999918
21
-28.4250359999999986
0
LINE
8
BLACK
6
CONTINUOUS
10
84.9947629999999918
20
-28.4250359999999986
11
84.9988819999999947
21
-28.4284169999999996
0
LINE
8
BLACK
6
CONTINUOUS
10
84.9988819999999947
20
-28.4284169999999996
11
85.0033959999999951
21
-28.4312579999999997
0
LINE
8
BLACK
6
CONTINUOUS
10
85.0033959999999951
20
-28.4312579999999997
11
85.005991999999992
21
-28.4342509999999997
0
LINE
8
BLACK
6
CONTINUOUS
10
85.005991999999992
20
-28.4342509999999997
11
85.0174939999999992
21
-28.4436909999999976
0
LINE
8
BLACK
6
CONTINUOUS
10
85.0174939999999992
20
-28.4436909999999976
11
85.0889219999999966
21
-28.5151189999999986
0
LINE
8
BLACK
6
CONTINUOUS
10
85.0889219999999966
20
-28.5151189999999986
11
85.107576999999992
21
-28.5378489999999978
0
LINE
8
BLACK
6
CONTINUOUS
10
85.107576999999992
20
-28.5378489999999978
11
85.1299729999999926
21
-28.5919220000000003
0
LINE
8
BLACK
6
CONTINUOUS
10
85.1299729999999926
20
-28.5919220000000003
11
85.1299729999999926
21
-28.6504479999999973
0
LINE
8
BLACK
6
CONTINUOUS
10
85.1299729999999926
20
-28.6504479999999973
11
85.107576999999992
21
-28.7045199999999987
0
LINE
8
BLACK
6
CONTINUOUS
10
85.107576999999992
20
-28.7045199999999987
11
85.0661909999999892
21
-28.745905999999998
0
LINE
8
BLACK
6
CONTINUOUS
10
85.0661909999999892
20
-28.745905999999998
11
85.0121189999999984
21
-28.7683019999999985
0
LINE
8
BLACK
6
CONTINUOUS
10
85.0121189999999984
20
-28.7683019999999985
11
84.9535929999999979
21
-28.7683019999999985
0
LINE
8
BLACK
6
CONTINUOUS
10
84.9535929999999979
20
-28.7683019999999985
11
84.8995199999999954
21
-28.745905999999998
0
LINE
8
BLACK
6
CONTINUOUS
10
84.8995199999999954
20
-28.745905999999998
11
84.8767899999999997
21
-28.727250999999999
0
LINE
8
BLACK
6
CONTINUOUS
10
84.8767899999999997
20
-28.727250999999999
11
84.822574000000003
21
-28.6730349999999987
0
LINE
8
BLACK
6
CONTINUOUS
10
84.822574000000003
20
-28.6730349999999987
11
84.7331609999999955
21
-28.6283279999999998
0
LINE
8
BLACK
6
CONTINUOUS
10
84.7331609999999955
20
-28.6283279999999998
11
84.4468379999999996
21
-28.6283279999999998
0
LINE
8
BLACK
6
CONTINUOUS
10
84.4468379999999996
20
-28.6283279999999998
11
84.3574239999999946
21
-28.6730349999999987
0
LINE
8
BLACK
6
CONTINUOUS
10
84.3574239999999946
20
-28.6730349999999987
11
84.3204199999999986
21
-28.7100379999999973
0
LINE
8
BLACK
6
CONTINUOUS
10
84.3204199999999986
20
-28.7100379999999973
11
84.2757129999999961
21
-28.7994519999999987
0
LINE
8
BLACK
6
CONTINUOUS
10
84.2757129999999961
20
-28.7994519999999987
11
84.2757129999999961
21
-28.8825579999999995
0
LINE
8
BLACK
6
CONTINUOUS
10
84.2757129999999961
20
-28.8825579999999995
11
84.3282459999999929
21
-29.0401569999999971
0
LINE
8
BLACK
6
CONTINUOUS
10
84.3282459999999929
20
-29.0401569999999971
11
85.1603509999999915
21
-29.8722619999999992
0
LINE
8
BLACK
6
CONTINUOUS
10
85.1603509999999915
20
-29.8722619999999992
11
85.1790060000000011
21
-29.8949919999999985
0
LINE
8
BLACK
6
CONTINUOUS
10
85.1790060000000011
20
-29.8949919999999985
11
85.1948419999999942
21
-29.9332269999999987
0
LINE
8
BLACK
6
CONTINUOUS
10
85.1948419999999942
20
-29.9332269999999987
11
85.198284000000001
21
-29.9415359999999993
0
LINE
8
BLACK
6
CONTINUOUS
10
85.198284000000001
20
-29.9415359999999993
11
85.2014029999999991
21
-29.9490649999999974
0
LINE
8
BLACK
6
CONTINUOUS
10
85.2014029999999991
20
-29.9490649999999974
11
85.2014029999999991
21
-30.0075909999999979
0
LINE
8
BLACK
6
CONTINUOUS
10
85.2014029999999991
20
-30.0075909999999979
11
85.1790060000000011
21
-30.0616629999999994
0
LINE
8
BLACK
6
CONTINUOUS
10
85.1790060000000011
20
-30.0616629999999994
11
85.1376199999999983
21
-30.1030489999999986
0
LINE
8
BLACK
6
CONTINUOUS
10
85.1376199999999983
20
-30.1030489999999986
11
85.1148219999999895
21
-30.1124919999999996
0
LINE
8
BLACK
6
CONTINUOUS
10
85.1148219999999895
20
-30.1124919999999996
11
85.0835489999999908
21
-30.1254460000000002
0
LINE
8
BLACK
6
CONTINUOUS
10
85.0835489999999908
20
-30.1254460000000002
11
85.054284999999993
21
-30.1283279999999998
0
LINE
8
BLACK
6
CONTINUOUS
10
85.054284999999993
20
-30.1283279999999998
11
84.1257129999999904
21
-30.1283279999999998
0
LINE
8
BLACK
6
CONTINUOUS
10
84.1257129999999904
20
-30.1283279999999998
11
84.0964489999999927
21
-30.1254460000000002
0
LINE
8
BLACK
6
CONTINUOUS
10
84.0964489999999927
20
-30.1254460000000002
11
84.0423770000000019
21
-30.1030479999999976
0
LINE
8
BLACK
6
CONTINUOUS
10
84.0423770000000019
20
-30.1030479999999976
11
84.000992999999994
21
-30.0616640000000004
0
LINE
8
BLACK
6
CONTINUOUS
10
84.000992999999994
20
-30.0616640000000004
11
83.9785949999999985
21
-30.0075919999999989
0
LINE
8
BLACK
6
CONTINUOUS
10
83.9785949999999985
20
-30.0075919999999989
11
83.9785949999999985
21
-29.9490639999999999
0
LINE
8
BLACK
6
CONTINUOUS
10
83.9785949999999985
20
-29.9490639999999999
11
84.000992999999994
21
-29.8949919999999985
0
LINE
8
BLACK
6
CONTINUOUS
10
84.000992999999994
20
-29.8949919999999985
11
84.0423770000000019
21
-29.8536079999999977
0
LINE
8
BLACK
6
CONTINUOUS
10
84.0423770000000019
20
-29.8536079999999977
11
84.0964489999999927
21
-29.8312099999999987
0
LINE
8
BLACK
6
CONTINUOUS
10
84.0964489999999927
20
-29.8312099999999987
11
84.1257129999999904
21
-29.8283279999999991
0
LINE
8
BLACK
6
CONTINUOUS
10
84.1257129999999904
20
-29.8283279999999991
11
84.6921529999999905
21
-29.8283279999999991
0
LINE
8
BLACK
6
CONTINUOUS
10
84.6921529999999905
20
-29.8283279999999991
11
84.091076000000001
21
-29.227250999999999
0
LINE
8
BLACK
6
CONTINUOUS
10
84.091076000000001
20
-29.227250999999999
11
84.0724209999999914
21
-29.2045199999999987
0
LINE
8
BLACK
6
CONTINUOUS
10
84.0724209999999914
20
-29.2045199999999987
11
84.0703579999999988
21
-29.1995399999999989
0
LINE
8
BLACK
6
CONTINUOUS
10
84.0703579999999988
20
-29.1995399999999989
11
84.066828000000001
21
-29.1954700000000003
0
LINE
8
BLACK
6
CONTINUOUS
10
84.066828000000001
20
-29.1954700000000003
11
84.0548399999999987
21
-29.1686189999999996
0
LINE
8
BLACK
6
CONTINUOUS
10
84.0548399999999987
20
-29.1686189999999996
11
83.9834109999999896
21
-28.9543350000000004
0
LINE
8
BLACK
6
CONTINUOUS
10
83.9834109999999896
20
-28.9543350000000004
11
83.9801109999999937
21
-28.939824999999999
0
LINE
8
BLACK
6
CONTINUOUS
10
83.9801109999999937
20
-28.939824999999999
11
83.9785949999999985
21
-28.936163999999998
0
LINE
8
BLACK
6
CONTINUOUS
10
83.9785949999999985
20
-28.936163999999998
11
83.9780719999999974
21
-28.9308549999999975
0
LINE
8
BLACK
6
CONTINUOUS
10
83.9780719999999974
20
-28.9308549999999975
11
83.9768909999999948
21
-28.9256609999999981
0
LINE
8
BLACK
6
CONTINUOUS
10
83.9768909999999948
20
-28.9256609999999981
11
83.9771709999999985
21
-28.9217109999999984
0
LINE
8
BLACK
6
CONTINUOUS
10
83.9771709999999985
20
-28.9217109999999984
11
83.9757129999999989
21
-28.9069000000000003
0
LINE
8
BLACK
6
CONTINUOUS
10
83.9757129999999989
20
-28.9069000000000003
11
83.9757129999999989
21
-28.7640419999999999
0
LINE
8
BLACK
6
CONTINUOUS
10
83.9757129999999989
20
-28.7640419999999999
11
83.9785949999999985
21
-28.7347779999999986
0
LINE
8
BLACK
6
CONTINUOUS
10
83.9785949999999985
20
-28.7347779999999986
11
83.9806579999999911
21
-28.7297969999999978
0
LINE
8
BLACK
6
CONTINUOUS
10
83.9806579999999911
20
-28.7297969999999978
11
83.981039999999993
21
-28.724422999999998
0
LINE
8
BLACK
6
CONTINUOUS
10
83.981039999999993
20
-28.724422999999998
11
83.991548999999992
21
-28.6969599999999971
0
LINE
8
BLACK
6
CONTINUOUS
10
83.991548999999992
20
-28.6969599999999971
11
84.0629780000000011
21
-28.5541029999999978
0
LINE
8
BLACK
6
CONTINUOUS
10
84.0629780000000011
20
-28.5541029999999978
11
84.0709059999999937
21
-28.5415069999999993
0
LINE
8
BLACK
6
CONTINUOUS
10
84.0709059999999937
20
-28.5415069999999993
11
84.0724220000000031
21
-28.5378489999999978
0
LINE
8
BLACK
6
CONTINUOUS
10
84.0724220000000031
20
-28.5378489999999978
11
84.0758009999999985
21
-28.5337309999999995
0
LINE
8
BLACK
6
CONTINUOUS
10
84.0758009999999985
20
-28.5337309999999995
11
84.0786429999999996
21
-28.5292169999999992
0
LINE
8
BLACK
6
CONTINUOUS
10
84.0786429999999996
20
-28.5292169999999992
11
84.0816370000000006
21
-28.5266199999999976
0
LINE
8
BLACK
6
CONTINUOUS
10
84.0816370000000006
20
-28.5266199999999976
11
84.0910769999999985
21
-28.5151179999999975
0
LINE
8
BLACK
6
CONTINUOUS
10
84.0910769999999985
20
-28.5151179999999975
11
84.1625059999999934
21
-28.4436900000000001
0
LINE
8
BLACK
6
CONTINUOUS
10
84.1625059999999934
20
-28.4436900000000001
11
84.1740059999999914
21
-28.4342509999999997
0
LINE
8
BLACK
6
CONTINUOUS
10
84.1740059999999914
20
-28.4342509999999997
11
84.1766030000000001
21
-28.4312579999999997
0
LINE
8
BLACK
6
CONTINUOUS
10
84.1766030000000001
20
-28.4312579999999997
11
84.1811149999999913
21
-28.4284169999999996
0
LINE
8
BLACK
6
CONTINUOUS
10
84.1811149999999913
20
-28.4284169999999996
11
84.1852360000000033
21
-28.4250359999999986
0
LINE
8
BLACK
6
CONTINUOUS
10
84.1852360000000033
20
-28.4250359999999986
11
84.1888950000000023
21
-28.4235199999999999
0
LINE
8
BLACK
6
CONTINUOUS
10
84.1888950000000023
20
-28.4235199999999999
11
84.2014889999999951
21
-28.4155929999999977
0
LINE
8
BLACK
6
CONTINUOUS
10
84.2014889999999951
20
-28.4155929999999977
11
84.3443449999999899
21
-28.3441639999999992
0
LINE
8
BLACK
6
CONTINUOUS
10
84.3443449999999899
20
-28.3441639999999992
11
84.3718089999999989
21
-28.3336550000000003
0
LINE
8
BLACK
6
CONTINUOUS
10
84.3718089999999989
20
-28.3336550000000003
11
84.3771830000000023
21
-28.3332729999999984
0
LINE
8
BLACK
6
CONTINUOUS
10
84.3771830000000023
20
-28.3332729999999984
11
84.3821640000000031
21
-28.3312099999999987
0
LINE
8
BLACK
6
CONTINUOUS
10
84.3821640000000031
20
-28.3312099999999987
11
84.4114280000000008
21
-28.3283279999999991
0
LINE
8
BLACK
6
CONTINUOUS
10
84.4114280000000008
20
-28.3283279999999991
11
84.7685709999999943
21
-28.3283279999999991
0
LINE
8
BLACK
6
CONTINUOUS
10
84.7685709999999943
20
-28.3283279999999991
11
84.7978349999999921
21
-28.3312099999999987
0
LINE
8
BLACK
6
CONTINUOUS
10
85.7090499999999906
20
-28.3536079999999977
11
85.7504339999999985
21
-28.3949919999999985
0
LINE
8
BLACK
6
CONTINUOUS
10
85.7504339999999985
20
-28.3949919999999985
11
85.772831999999994
21
-28.4490639999999999
0
LINE
8
BLACK
6
CONTINUOUS
10
85.772831999999994
20
-28.4490639999999999
11
85.7757139999999936
21
-28.4783279999999976
0
LINE
8
BLACK
6
CONTINUOUS
10
85.7757139999999936
20
-28.4783279999999976
11
85.7757139999999936
21
-29.6572040000000001
0
LINE
8
BLACK
6
CONTINUOUS
10
85.7757139999999936
20
-29.6572040000000001
11
85.8204190000000011
21
-29.7466159999999995
0
LINE
8
BLACK
6
CONTINUOUS
10
85.8204190000000011
20
-29.7466159999999995
11
85.8574239999999946
21
-29.7836210000000001
0
LINE
8
BLACK
6
CONTINUOUS
10
85.8574239999999946
20
-29.7836210000000001
11
85.9468379999999996
21
-29.8283279999999991
0
LINE
8
BLACK
6
CONTINUOUS
10
85.9468379999999996
20
-29.8283279999999991
11
86.1617329999999981
21
-29.8283279999999991
0
LINE
8
BLACK
6
CONTINUOUS
10
86.1617329999999981
20
-29.8283279999999991
11
86.2511459999999914
21
-29.7836210000000001
0
LINE
8
BLACK
6
CONTINUOUS
10
86.2511459999999914
20
-29.7836210000000001
11
86.28814899999999
21
-29.746616999999997
0
LINE
8
BLACK
6
CONTINUOUS
10
86.28814899999999
20
-29.746616999999997
11
86.33285699999999
21
-29.6572029999999991
0
LINE
8
BLACK
6
CONTINUOUS
10
86.33285699999999
20
-29.6572029999999991
11
86.33285699999999
21
-28.4783279999999976
0
LINE
8
BLACK
6
CONTINUOUS
10
86.33285699999999
20
-28.4783279999999976
11
86.3357389999999896
21
-28.4490639999999999
0
LINE
8
BLACK
6
CONTINUOUS
10
86.3357389999999896
20
-28.4490639999999999
11
86.3581369999999993
21
-28.3949919999999985
0
LINE
8
BLACK
6
CONTINUOUS
10
86.3581369999999993
20
-28.3949919999999985
11
86.3995209999999929
21
-28.3536079999999977
0
LINE
8
BLACK
6
CONTINUOUS
10
86.3995209999999929
20
-28.3536079999999977
11
86.4535929999999979
21
-28.3312099999999987
0
LINE
8
BLACK
6
CONTINUOUS
10
86.4535929999999979
20
-28.3312099999999987
11
86.5121209999999934
21
-28.3312099999999987
0
LINE
8
BLACK
6
CONTINUOUS
10
86.5121209999999934
20
-28.3312099999999987
11
86.5661929999999984
21
-28.3536079999999977
0
LINE
8
BLACK
6
CONTINUOUS
10
86.5661929999999984
20
-28.3536079999999977
11
86.607576999999992
21
-28.3949919999999985
0
LINE
8
BLACK
6
CONTINUOUS
10
86.607576999999992
20
-28.3949919999999985
11
86.6299750000000017
21
-28.4490639999999999
0
LINE
8
BLACK
6
CONTINUOUS
10
86.6299750000000017
20
-28.4490639999999999
11
86.6328570000000013
21
-28.4783279999999976
0
LINE
8
BLACK
6
CONTINUOUS
10
86.6328570000000013
20
-28.4783279999999976
11
86.6328570000000013
21
-29.692613999999999
0
LINE
8
BLACK
6
CONTINUOUS
10
86.6328570000000013
20
-29.692613999999999
11
86.6299750000000017
21
-29.7218780000000002
0
LINE
8
BLACK
6
CONTINUOUS
10
86.6299750000000017
20
-29.7218780000000002
11
86.6279109999999974
21
-29.726858
0
LINE
8
BLACK
6
CONTINUOUS
10
86.6279109999999974
20
-29.726858
11
86.627529999999993
21
-29.7322329999999972
0
LINE
8
BLACK
6
CONTINUOUS
10
86.627529999999993
20
-29.7322329999999972
11
86.617020999999994
21
-29.7596969999999992
0
LINE
8
BLACK
6
CONTINUOUS
10
86.617020999999994
20
-29.7596969999999992
11
86.5455919999999992
21
-29.9025529999999975
0
LINE
8
BLACK
6
CONTINUOUS
10
86.5455919999999992
20
-29.9025529999999975
11
86.5376639999999924
21
-29.915146
0
LINE
8
BLACK
6
CONTINUOUS
10
86.5376639999999924
20
-29.915146
11
86.5361489999999947
21
-29.918806
0
LINE
8
BLACK
6
CONTINUOUS
10
86.5361489999999947
20
-29.918806
11
86.5327669999999927
21
-29.9229260000000004
0
LINE
8
BLACK
6
CONTINUOUS
10
86.5327669999999927
20
-29.9229260000000004
11
86.5299270000000007
21
-29.9274389999999997
0
LINE
8
BLACK
6
CONTINUOUS
10
86.5299270000000007
20
-29.9274389999999997
11
86.5269329999999997
21
-29.9300350000000002
0
LINE
8
BLACK
6
CONTINUOUS
10
86.5269329999999997
20
-29.9300350000000002
11
86.5174949999999967
21
-29.9415359999999993
0
LINE
8
BLACK
6
CONTINUOUS
10
86.5174949999999967
20
-29.9415359999999993
11
86.4460669999999993
21
-30.0129649999999977
0
LINE
8
BLACK
6
CONTINUOUS
10
86.4460669999999993
20
-30.0129649999999977
11
86.4345610000000022
21
-30.0224069999999976
0
LINE
8
BLACK
6
CONTINUOUS
10
86.4345610000000022
20
-30.0224069999999976
11
86.4319670000000002
21
-30.0253990000000002
0
LINE
8
BLACK
6
CONTINUOUS
10
86.4319670000000002
20
-30.0253990000000002
11
86.4274559999999923
21
-30.0282379999999982
0
LINE
8
BLACK
6
CONTINUOUS
10
86.4274559999999923
20
-30.0282379999999982
11
86.4233359999999919
21
-30.0316200000000002
0
LINE
8
BLACK
6
CONTINUOUS
10
86.4233359999999919
20
-30.0316200000000002
11
86.4196759999999955
21
-30.0331349999999979
0
LINE
8
BLACK
6
CONTINUOUS
10
86.4196759999999955
20
-30.0331349999999979
11
86.4070820000000026
21
-30.0410639999999987
0
LINE
8
BLACK
6
CONTINUOUS
10
86.4070820000000026
20
-30.0410639999999987
11
86.2642230000000012
21
-30.1124919999999996
0
LINE
8
BLACK
6
CONTINUOUS
10
86.2642230000000012
20
-30.1124919999999996
11
86.2367599999999896
21
-30.1230019999999996
0
LINE
8
BLACK
6
CONTINUOUS
10
86.2367599999999896
20
-30.1230019999999996
11
86.2313839999999914
21
-30.1233829999999969
0
LINE
8
BLACK
6
CONTINUOUS
10
86.2313839999999914
20
-30.1233829999999969
11
86.2264059999999972
21
-30.1254460000000002
0
LINE
8
BLACK
6
CONTINUOUS
10
86.2264059999999972
20
-30.1254460000000002
11
86.1971419999999995
21
-30.1283279999999998
0
LINE
8
BLACK
6
CONTINUOUS
10
86.1971419999999995
20
-30.1283279999999998
11
85.9114280000000008
21
-30.1283279999999998
0
LINE
8
BLACK
6
CONTINUOUS
10
85.9114280000000008
20
-30.1283279999999998
11
85.8821640000000031
21
-30.1254460000000002
0
LINE
8
BLACK
6
CONTINUOUS
10
85.8821640000000031
20
-30.1254460000000002
11
85.8771849999999972
21
-30.1233829999999969
0
LINE
8
BLACK
6
CONTINUOUS
10
85.8771849999999972
20
-30.1233829999999969
11
85.8718099999999964
21
-30.1230019999999996
0
LINE
8
BLACK
6
CONTINUOUS
10
85.8718099999999964
20
-30.1230019999999996
11
85.8443469999999991
21
-30.1124919999999996
0
LINE
8
BLACK
6
CONTINUOUS
10
85.8443469999999991
20
-30.1124919999999996
11
85.7014889999999951
21
-30.0410639999999987
0
LINE
8
BLACK
6
CONTINUOUS
10
85.7014889999999951
20
-30.0410639999999987
11
85.6888969999999972
21
-30.033137
0
LINE
8
BLACK
6
CONTINUOUS
10
85.6888969999999972
20
-30.033137
11
85.6852359999999891
21
-30.0316209999999977
0
LINE
8
BLACK
6
CONTINUOUS
10
85.6852359999999891
20
-30.0316209999999977
11
85.6811129999999963
21
-30.0282369999999972
0
LINE
8
BLACK
6
CONTINUOUS
10
85.6811129999999963
20
-30.0282369999999972
11
85.6766039999999975
21
-30.0253990000000002
0
LINE
8
BLACK
6
CONTINUOUS
10
85.6766039999999975
20
-30.0253990000000002
11
85.6740089999999981
21
-30.0224069999999976
0
LINE
8
BLACK
6
CONTINUOUS
10
85.6740089999999981
20
-30.0224069999999976
11
85.6625049999999959
21
-30.0129659999999987
0
LINE
8
BLACK
6
CONTINUOUS
10
85.6625049999999959
20
-30.0129659999999987
11
85.591076000000001
21
-29.9415370000000003
0
LINE
8
BLACK
6
CONTINUOUS
10
85.591076000000001
20
-29.9415370000000003
11
85.5816360000000032
21
-29.9300350000000002
0
LINE
8
BLACK
6
CONTINUOUS
10
85.5816360000000032
20
-29.9300350000000002
11
85.5786429999999996
21
-29.9274389999999997
0
LINE
8
BLACK
6
CONTINUOUS
10
85.5786429999999996
20
-29.9274389999999997
11
85.5758019999999959
21
-29.9229249999999993
0
LINE
8
BLACK
6
CONTINUOUS
10
85.5758019999999959
20
-29.9229249999999993
11
85.5724209999999914
21
-29.918806
0
LINE
8
BLACK
6
CONTINUOUS
10
85.5724209999999914
20
-29.918806
11
85.5709049999999962
21
-29.915146
0
LINE
8
BLACK
6
CONTINUOUS
10
85.5709049999999962
20
-29.915146
11
85.5629780000000011
21
-29.9025529999999975
0
LINE
8
BLACK
6
CONTINUOUS
10
85.5629780000000011
20
-29.9025529999999975
11
85.4915499999999895
21
-29.7596959999999982
0
LINE
8
BLACK
6
CONTINUOUS
10
85.4915499999999895
20
-29.7596959999999982
11
85.481039999999993
21
-29.7322319999999998
0
LINE
8
BLACK
6
CONTINUOUS
10
85.481039999999993
20
-29.7322319999999998
11
85.4806579999999911
21
-29.7268559999999979
0
LINE
8
BLACK
6
CONTINUOUS
10
85.4806579999999911
20
-29.7268559999999979
11
85.478595999999996
21
-29.7218780000000002
0
LINE
8
BLACK
6
CONTINUOUS
10
85.478595999999996
20
-29.7218780000000002
11
85.4757139999999964
21
-29.692613999999999
0
LINE
8
BLACK
6
CONTINUOUS
10
85.4757139999999964
20
-29.692613999999999
11
85.4757139999999964
21
-28.4783279999999976
0
LINE
8
BLACK
6
CONTINUOUS
10
85.4757139999999964
20
-28.4783279999999976
11
85.478595999999996
21
-28.4490639999999999
0
LINE
8
BLACK
6
CONTINUOUS
10
85.478595999999996
20
-28.4490639999999999
11
85.5009939999999915
21
-28.3949919999999985
0
LINE
8
BLACK
6
CONTINUOUS
10
85.5009939999999915
20
-28.3949919999999985
11
85.5423779999999994
21
-28.3536079999999977
0
LINE
8
BLACK
6
CONTINUOUS
10
85.5423779999999994
20
-28.3536079999999977
11
85.5964499999999902
21
-28.3312099999999987
0
LINE
8
BLACK
6
CONTINUOUS
10
85.5964499999999902
20
-28.3312099999999987
11
85.6549779999999998
21
-28.3312099999999987
0
LINE
8
BLACK
6
CONTINUOUS
10
85.6549779999999998
20
-28.3312099999999987
11
85.7090499999999906
21
-28.3536079999999977
0
LINE
8
BLACK
6
CONTINUOUS
10
34.4431389999999951
20
-25.3062100000000001
11
34.4578349999999958
21
-25.3062100000000001
0
LINE
8
BLACK
6
CONTINUOUS
10
34.4578349999999958
20
-25.3062100000000001
11
34.4715549999999951
21
-25.3118929999999978
0
LINE
8
BLACK
6
CONTINUOUS
10
34.4715549999999951
20
-25.3118929999999978
11
34.4861179999999976
21
-25.3148059999999973
0
LINE
8
BLACK
6
CONTINUOUS
10
34.4861179999999976
20
-25.3148059999999973
11
34.4983289999999982
21
-25.3229829999999971
0
LINE
8
BLACK
6
CONTINUOUS
10
34.4983289999999982
20
-25.3229829999999971
11
34.5119070000000008
21
-25.3286079999999991
0
LINE
8
BLACK
6
CONTINUOUS
10
34.5119070000000008
20
-25.3286079999999991
11
34.5224079999999987
21
-25.3391090000000005
0
LINE
8
BLACK
6
CONTINUOUS
10
34.5224079999999987
20
-25.3391090000000005
11
34.5347480000000004
21
-25.3473729999999975
0
LINE
8
BLACK
6
CONTINUOUS
10
34.5347480000000004
20
-25.3473729999999975
11
34.5531840000000017
21
-25.369885
0
LINE
8
BLACK
6
CONTINUOUS
10
34.5531840000000017
20
-25.369885
11
34.5532910000000015
21
-25.3699919999999999
0
LINE
8
BLACK
6
CONTINUOUS
10
34.5532910000000015
20
-25.3699919999999999
11
34.5533099999999962
21
-25.3700389999999985
0
LINE
8
BLACK
6
CONTINUOUS
10
34.5533099999999962
20
-25.3700389999999985
11
34.5533789999999996
21
-25.3701229999999995
0
LINE
8
BLACK
6
CONTINUOUS
10
34.5533789999999996
20
-25.3701229999999995
11
34.6879980000000003
21
-25.5720519999999993
0
LINE
8
BLACK
6
CONTINUOUS
10
34.6879980000000003
20
-25.5720519999999993
11
34.8031390000000016
21
-25.6871930000000006
0
LINE
8
BLACK
6
CONTINUOUS
10
34.8031390000000016
20
-25.6871930000000006
11
34.9242239999999953
21
-25.7477359999999997
0
LINE
8
BLACK
6
CONTINUOUS
10
34.9242239999999953
20
-25.7477359999999997
11
34.9491099999999975
21
-25.7634009999999982
0
LINE
8
BLACK
6
CONTINUOUS
10
34.9491099999999975
20
-25.7634009999999982
11
34.9874560000000017
21
-25.8076159999999994
0
LINE
8
BLACK
6
CONTINUOUS
10
34.9874560000000017
20
-25.8076159999999994
11
35.0059639999999987
21
-25.8631390000000003
0
LINE
8
BLACK
6
CONTINUOUS
10
35.0059639999999987
20
-25.8631390000000003
11
35.0018150000000006
21
-25.921519
0
LINE
8
BLACK
6
CONTINUOUS
10
35.0018150000000006
20
-25.921519
11
34.975640999999996
21
-25.9738679999999995
0
LINE
8
BLACK
6
CONTINUOUS
10
34.975640999999996
20
-25.9738679999999995
11
34.9314249999999973
21
-26.0122149999999976
0
LINE
8
BLACK
6
CONTINUOUS
10
34.9314249999999973
20
-26.0122149999999976
11
34.875903000000001
21
-26.0307219999999973
0
LINE
8
BLACK
6
CONTINUOUS
10
34.875903000000001
20
-26.0307219999999973
11
34.8175230000000013
21
-26.0265729999999991
0
LINE
8
BLACK
6
CONTINUOUS
10
34.8175230000000013
20
-26.0265729999999991
11
34.7900589999999994
21
-26.0160640000000001
0
LINE
8
BLACK
6
CONTINUOUS
10
34.7900589999999994
20
-26.0160640000000001
11
34.6472029999999975
21
-25.9446349999999981
0
LINE
8
BLACK
6
CONTINUOUS
10
34.6472029999999975
20
-25.9446349999999981
11
34.6346109999999996
21
-25.9367079999999994
0
LINE
8
BLACK
6
CONTINUOUS
10
34.6346109999999996
20
-25.9367079999999994
11
34.6309490000000011
21
-25.9351919999999971
0
LINE
8
BLACK
6
CONTINUOUS
10
34.6309490000000011
20
-25.9351919999999971
11
34.6268260000000012
21
-25.9318080000000002
0
LINE
8
BLACK
6
CONTINUOUS
10
34.6268260000000012
20
-25.9318080000000002
11
34.6223169999999953
21
-25.9289699999999996
0
LINE
8
BLACK
6
CONTINUOUS
10
34.6223169999999953
20
-25.9289699999999996
11
34.6197209999999984
21
-25.9259769999999996
0
LINE
8
BLACK
6
CONTINUOUS
10
34.6197209999999984
20
-25.9259769999999996
11
34.6082189999999983
21
-25.9165369999999982
0
LINE
8
BLACK
6
CONTINUOUS
10
34.6082189999999983
20
-25.9165369999999982
11
34.5785709999999966
21
-25.886889
0
LINE
8
BLACK
6
CONTINUOUS
10
34.5785709999999966
20
-25.886889
11
34.5785709999999966
21
-26.8033280000000005
0
LINE
8
BLACK
6
CONTINUOUS
10
34.5785709999999966
20
-26.8033280000000005
11
34.8571419999999961
21
-26.8033280000000005
0
LINE
8
BLACK
6
CONTINUOUS
10
34.8571419999999961
20
-26.8033280000000005
11
34.8864060000000009
21
-26.8062100000000001
0
LINE
8
BLACK
6
CONTINUOUS
10
34.8864060000000009
20
-26.8062100000000001
11
34.9404779999999988
21
-26.8286079999999991
0
LINE
8
BLACK
6
CONTINUOUS
10
34.9404779999999988
20
-26.8286079999999991
11
34.9818619999999996
21
-26.8699919999999999
0
LINE
8
BLACK
6
CONTINUOUS
10
34.9818619999999996
20
-26.8699919999999999
11
35.004259999999995
21
-26.9240639999999978
0
LINE
8
BLACK
6
CONTINUOUS
10
35.004259999999995
20
-26.9240639999999978
11
35.004259999999995
21
-26.9825920000000004
0
LINE
8
BLACK
6
CONTINUOUS
10
35.004259999999995
20
-26.9825920000000004
11
34.9818619999999996
21
-27.0366639999999983
0
LINE
8
BLACK
6
CONTINUOUS
10
34.9818619999999996
20
-27.0366639999999983
11
34.9404779999999988
21
-27.078047999999999
0
LINE
8
BLACK
6
CONTINUOUS
10
34.9404779999999988
20
-27.078047999999999
11
34.8864060000000009
21
-27.100445999999998
0
LINE
8
BLACK
6
CONTINUOUS
10
34.8864060000000009
20
-27.100445999999998
11
34.8571419999999961
21
-27.1033279999999976
0
LINE
8
BLACK
6
CONTINUOUS
10
34.8571419999999961
20
-27.1033279999999976
11
33.9999989999999954
21
-27.1033279999999976
0
LINE
8
BLACK
6
CONTINUOUS
10
33.9999989999999954
20
-27.1033279999999976
11
33.9707349999999977
21
-27.100445999999998
0
LINE
8
BLACK
6
CONTINUOUS
10
33.9707349999999977
20
-27.100445999999998
11
33.9166629999999998
21
-27.078047999999999
0
LINE
8
BLACK
6
CONTINUOUS
10
33.9166629999999998
20
-27.078047999999999
11
33.875278999999999
21
-27.0366639999999983
0
LINE
8
BLACK
6
CONTINUOUS
10
33.875278999999999
20
-27.0366639999999983
11
33.8528809999999964
21
-26.9825920000000004
0
LINE
8
BLACK
6
CONTINUOUS
10
33.8528809999999964
20
-26.9825920000000004
11
33.8528809999999964
21
-26.9240639999999978
0
LINE
8
BLACK
6
CONTINUOUS
10
33.8528809999999964
20
-26.9240639999999978
11
33.875278999999999
21
-26.8699919999999999
0
LINE
8
BLACK
6
CONTINUOUS
10
33.875278999999999
20
-26.8699919999999999
11
33.9166629999999998
21
-26.8286079999999991
0
LINE
8
BLACK
6
CONTINUOUS
10
33.9166629999999998
20
-26.8286079999999991
11
33.9707349999999977
21
-26.8062100000000001
0
LINE
8
BLACK
6
CONTINUOUS
10
33.9707349999999977
20
-26.8062100000000001
11
33.9999989999999954
21
-26.8033280000000005
0
LINE
8
BLACK
6
CONTINUOUS
10
33.9999989999999954
20
-26.8033280000000005
11
34.2785709999999995
21
-26.8033280000000005
0
LINE
8
BLACK
6
CONTINUOUS
10
34.2785709999999995
20
-26.8033280000000005
11
34.2785709999999995
21
-25.4533279999999991
0
LINE
8
BLACK
6
CONTINUOUS
10
34.2785709999999995
20
-25.4533279999999991
11
34.2785809999999955
21
-25.4532220000000002
0
LINE
8
BLACK
6
CONTINUOUS
10
34.2785809999999955
20
-25.4532220000000002
11
34.2785709999999995
21
-25.4531700000000001
0
LINE
8
BLACK
6
CONTINUOUS
10
34.2785709999999995
20
-25.4531700000000001
11
34.2786010000000019
21
-25.4530159999999981
0
LINE
8
BLACK
6
CONTINUOUS
10
34.2786010000000019
20
-25.4530159999999981
11
34.2814529999999991
21
-25.4240639999999978
0
LINE
8
BLACK
6
CONTINUOUS
10
34.2814529999999991
20
-25.4240639999999978
11
34.2871359999999967
21
-25.4103429999999975
0
LINE
8
BLACK
6
CONTINUOUS
10
34.2871359999999967
20
-25.4103429999999975
11
34.2900489999999962
21
-25.3957809999999995
0
LINE
8
BLACK
6
CONTINUOUS
10
34.2900489999999962
20
-25.3957809999999995
11
34.2982259999999997
21
-25.3835689999999978
0
LINE
8
BLACK
6
CONTINUOUS
10
34.2982259999999997
20
-25.3835689999999978
11
34.3038510000000016
21
-25.3699919999999999
0
LINE
8
BLACK
6
CONTINUOUS
10
34.3038510000000016
20
-25.3699919999999999
11
34.3143519999999995
21
-25.3594899999999974
0
LINE
8
BLACK
6
CONTINUOUS
10
34.3143519999999995
20
-25.3594899999999974
11
34.3226159999999965
21
-25.3471510000000002
0
LINE
8
BLACK
6
CONTINUOUS
10
34.3226159999999965
20
-25.3471510000000002
11
34.3348429999999993
21
-25.3389989999999976
0
LINE
8
BLACK
6
CONTINUOUS
10
34.3348429999999993
20
-25.3389989999999976
11
34.3452349999999953
21
-25.3286079999999991
0
LINE
8
BLACK
6
CONTINUOUS
10
34.3452349999999953
20
-25.3286079999999991
11
34.3589559999999992
21
-25.3229240000000004
0
LINE
8
BLACK
6
CONTINUOUS
10
34.3589559999999992
20
-25.3229240000000004
11
34.3713139999999981
21
-25.3146859999999982
0
LINE
8
BLACK
6
CONTINUOUS
10
34.3713139999999981
20
-25.3146859999999982
11
34.3857280000000003
21
-25.3118339999999975
0
LINE
8
BLACK
6
CONTINUOUS
10
34.3857280000000003
20
-25.3118339999999975
11
34.3993070000000003
21
-25.3062100000000001
0
LINE
8
BLACK
6
CONTINUOUS
10
34.3993070000000003
20
-25.3062100000000001
11
34.4141599999999954
21
-25.3062100000000001
0
LINE
8
BLACK
6
CONTINUOUS
10
34.4141599999999954
20
-25.3062100000000001
11
34.428728999999997
21
-25.3033280000000005
0
LINE
8
BLACK
6
CONTINUOUS
10
34.428728999999997
20
-25.3033280000000005
11
34.4431389999999951
21
-25.3062100000000001
0
LINE
8
BLACK
6
CONTINUOUS
10
35.5833349999999982
20
-25.3286079999999991
11
35.6247189999999989
21
-25.3699919999999999
0
LINE
8
BLACK
6
CONTINUOUS
10
35.6247189999999989
20
-25.3699919999999999
11
35.6471170000000015
21
-25.4240639999999978
0
LINE
8
BLACK
6
CONTINUOUS
10
35.6471170000000015
20
-25.4240639999999978
11
35.6499990000000011
21
-25.4533279999999991
0
LINE
8
BLACK
6
CONTINUOUS
10
35.6499990000000011
20
-25.4533279999999991
11
35.6499990000000011
21
-26.5004150000000003
0
LINE
8
BLACK
6
CONTINUOUS
10
35.6499990000000011
20
-26.5004150000000003
11
35.7025319999999979
21
-26.6580139999999979
0
LINE
8
BLACK
6
CONTINUOUS
10
35.7025319999999979
20
-26.6580139999999979
11
35.7953109999999981
21
-26.7507939999999991
0
LINE
8
BLACK
6
CONTINUOUS
10
35.7953109999999981
20
-26.7507939999999991
11
35.9529139999999998
21
-26.8033280000000005
0
LINE
8
BLACK
6
CONTINUOUS
10
35.9529139999999998
20
-26.8033280000000005
11
36.0714279999999974
21
-26.8033280000000005
0
LINE
8
BLACK
6
CONTINUOUS
10
36.0714279999999974
20
-26.8033280000000005
11
36.1006919999999951
21
-26.8062100000000001
0
LINE
8
BLACK
6
CONTINUOUS
10
36.1006919999999951
20
-26.8062100000000001
11
36.1547640000000001
21
-26.8286079999999991
0
LINE
8
BLACK
6
CONTINUOUS
10
36.1547640000000001
20
-26.8286079999999991
11
36.1961480000000009
21
-26.8699919999999999
0
LINE
8
BLACK
6
CONTINUOUS
10
36.1961480000000009
20
-26.8699919999999999
11
36.2185459999999964
21
-26.9240639999999978
0
LINE
8
BLACK
6
CONTINUOUS
10
36.2185459999999964
20
-26.9240639999999978
11
36.2185459999999964
21
-26.9825920000000004
0
LINE
8
BLACK
6
CONTINUOUS
10
36.2185459999999964
20
-26.9825920000000004
11
36.1961480000000009
21
-27.0366639999999983
0
LINE
8
BLACK
6
CONTINUOUS
10
36.1961480000000009
20
-27.0366639999999983
11
36.1547640000000001
21
-27.078047999999999
0
LINE
8
BLACK
6
CONTINUOUS
10
36.1547640000000001
20
-27.078047999999999
11
36.1006919999999951
21
-27.100445999999998
0
LINE
8
BLACK
6
CONTINUOUS
10
36.1006919999999951
20
-27.100445999999998
11
36.0714279999999974
21
-27.1033279999999976
0
LINE
8
BLACK
6
CONTINUOUS
10
36.0714279999999974
20
-27.1033279999999976
11
35.928570999999998
21
-27.1033279999999976
0
LINE
8
BLACK
6
CONTINUOUS
10
35.928570999999998
20
-27.1033279999999976
11
35.9137649999999979
21
-27.1018689999999971
0
LINE
8
BLACK
6
CONTINUOUS
10
35.9137649999999979
20
-27.1018689999999971
11
35.9098109999999977
21
-27.1021509999999992
0
LINE
8
BLACK
6
CONTINUOUS
10
35.9098109999999977
20
-27.1021509999999992
11
35.9046090000000007
21
-27.1009679999999982
0
LINE
8
BLACK
6
CONTINUOUS
10
35.9046090000000007
20
-27.1009679999999982
11
35.8993070000000003
21
-27.100445999999998
0
LINE
8
BLACK
6
CONTINUOUS
10
35.8993070000000003
20
-27.100445999999998
11
35.8956489999999988
21
-27.0989299999999993
0
LINE
8
BLACK
6
CONTINUOUS
10
35.8956489999999988
20
-27.0989299999999993
11
35.8811369999999954
21
-27.0956309999999974
0
LINE
8
BLACK
6
CONTINUOUS
10
35.8811369999999954
20
-27.0956309999999974
11
35.6668510000000012
21
-27.024203
0
LINE
8
BLACK
6
CONTINUOUS
10
35.6668510000000012
20
-27.024203
11
35.6400000000000006
21
-27.0122149999999976
0
LINE
8
BLACK
6
CONTINUOUS
10
35.6400000000000006
20
-27.0122149999999976
11
35.6359279999999998
21
-27.0086829999999978
0
LINE
8
BLACK
6
CONTINUOUS
10
35.6359279999999998
20
-27.0086829999999978
11
35.6309490000000011
21
-27.0066209999999991
0
LINE
8
BLACK
6
CONTINUOUS
10
35.6309490000000011
20
-27.0066209999999991
11
35.6082189999999983
21
-26.9879660000000001
0
LINE
8
BLACK
6
CONTINUOUS
10
35.6082189999999983
20
-26.9879660000000001
11
35.4653619999999989
21
-26.8451079999999997
0
LINE
8
BLACK
6
CONTINUOUS
10
35.4653619999999989
20
-26.8451079999999997
11
35.4467069999999964
21
-26.8223769999999995
0
LINE
8
BLACK
6
CONTINUOUS
10
35.4467069999999964
20
-26.8223769999999995
11
35.4446439999999967
21
-26.8173969999999997
0
LINE
8
BLACK
6
CONTINUOUS
10
35.4446439999999967
20
-26.8173969999999997
11
35.4411139999999989
21
-26.8133269999999975
0
LINE
8
BLACK
6
CONTINUOUS
10
35.4411139999999989
20
-26.8133269999999975
11
35.4291259999999966
21
-26.7864760000000004
0
LINE
8
BLACK
6
CONTINUOUS
10
35.4291259999999966
20
-26.7864760000000004
11
35.3576970000000017
21
-26.5721919999999976
0
LINE
8
BLACK
6
CONTINUOUS
10
35.3576970000000017
20
-26.5721919999999976
11
35.3543969999999987
21
-26.5576819999999998
0
LINE
8
BLACK
6
CONTINUOUS
10
35.3543969999999987
20
-26.5576819999999998
11
35.3528809999999964
21
-26.5540209999999988
0
LINE
8
BLACK
6
CONTINUOUS
10
35.3528809999999964
20
-26.5540209999999988
11
35.3523579999999953
21
-26.5487119999999983
0
LINE
8
BLACK
6
CONTINUOUS
10
35.3523579999999953
20
-26.5487119999999983
11
35.3511769999999999
21
-26.5435179999999988
0
LINE
8
BLACK
6
CONTINUOUS
10
35.3511769999999999
20
-26.5435179999999988
11
35.3514569999999964
21
-26.5395679999999992
0
LINE
8
BLACK
6
CONTINUOUS
10
35.3514569999999964
20
-26.5395679999999992
11
35.3499989999999968
21
-26.5247569999999975
0
LINE
8
BLACK
6
CONTINUOUS
10
35.3499989999999968
20
-26.5247569999999975
11
35.3499989999999968
21
-25.4533279999999991
0
LINE
8
BLACK
6
CONTINUOUS
10
35.3499989999999968
20
-25.4533279999999991
11
35.3528809999999964
21
-25.4240639999999978
0
LINE
8
BLACK
6
CONTINUOUS
10
35.3528809999999964
20
-25.4240639999999978
11
35.375278999999999
21
-25.3699919999999999
0
LINE
8
BLACK
6
CONTINUOUS
10
35.375278999999999
20
-25.3699919999999999
11
35.4166629999999998
21
-25.3286079999999991
0
LINE
8
BLACK
6
CONTINUOUS
10
35.4166629999999998
20
-25.3286079999999991
11
35.4707349999999977
21
-25.3062100000000001
0
LINE
8
BLACK
6
CONTINUOUS
10
35.4707349999999977
20
-25.3062100000000001
11
35.5292630000000003
21
-25.3062100000000001
0
LINE
8
BLACK
6
CONTINUOUS
10
35.5292630000000003
20
-25.3062100000000001
11
35.5833349999999982
21
-25.3286079999999991
0
LINE
8
BLACK
6
CONTINUOUS
10
144.7271209999999826
20
-25.3062100000000001
11
144.7321010000000001
21
-25.3082729999999998
0
LINE
8
BLACK
6
CONTINUOUS
10
144.7321010000000001
20
-25.3082729999999998
11
144.7374759999999867
21
-25.3086549999999981
0
LINE
8
BLACK
6
CONTINUOUS
10
144.7374759999999867
20
-25.3086549999999981
11
144.7649389999999983
21
-25.3191639999999971
0
LINE
8
BLACK
6
CONTINUOUS
10
144.7649389999999983
20
-25.3191639999999971
11
144.9077959999999905
21
-25.3905929999999991
0
LINE
8
BLACK
6
CONTINUOUS
10
144.9077959999999905
20
-25.3905929999999991
11
144.9203890000000001
21
-25.3985199999999978
0
LINE
8
BLACK
6
CONTINUOUS
10
144.9203890000000001
20
-25.3985199999999978
11
144.9240489999999966
21
-25.4000360000000001
0
LINE
8
BLACK
6
CONTINUOUS
10
144.9240489999999966
20
-25.4000360000000001
11
144.9281679999999994
21
-25.4034169999999975
0
LINE
8
BLACK
6
CONTINUOUS
10
144.9281679999999994
20
-25.4034169999999975
11
144.9326819999999998
21
-25.4062579999999976
0
LINE
8
BLACK
6
CONTINUOUS
10
144.9326819999999998
20
-25.4062579999999976
11
144.9352779999999825
21
-25.4092509999999976
0
LINE
8
BLACK
6
CONTINUOUS
10
144.9352779999999825
20
-25.4092509999999976
11
144.9467799999999897
21
-25.418690999999999
0
LINE
8
BLACK
6
CONTINUOUS
10
144.9467799999999897
20
-25.418690999999999
11
145.0182079999999871
21
-25.490119
0
LINE
8
BLACK
6
CONTINUOUS
10
145.0182079999999871
20
-25.490119
11
145.0368629999999825
21
-25.5128489999999992
0
LINE
8
BLACK
6
CONTINUOUS
10
145.0368629999999825
20
-25.5128489999999992
11
145.0592589999999973
21
-25.5669219999999981
0
LINE
8
BLACK
6
CONTINUOUS
10
145.0592589999999973
20
-25.5669219999999981
11
145.0592589999999973
21
-25.6254479999999987
0
LINE
8
BLACK
6
CONTINUOUS
10
145.0592589999999973
20
-25.6254479999999987
11
145.0368629999999825
21
-25.6795200000000001
0
LINE
8
BLACK
6
CONTINUOUS
10
145.0368629999999825
20
-25.6795200000000001
11
144.995476999999994
21
-25.7209059999999994
0
LINE
8
BLACK
6
CONTINUOUS
10
144.995476999999994
20
-25.7209059999999994
11
144.9414050000000032
21
-25.7433019999999999
0
LINE
8
BLACK
6
CONTINUOUS
10
144.9414050000000032
20
-25.7433019999999999
11
144.8828790000000026
21
-25.7433019999999999
0
LINE
8
BLACK
6
CONTINUOUS
10
144.8828790000000026
20
-25.7433019999999999
11
144.8288059999999859
21
-25.7209059999999994
0
LINE
8
BLACK
6
CONTINUOUS
10
144.8288059999999859
20
-25.7209059999999994
11
144.8060759999999902
21
-25.7022510000000004
0
LINE
8
BLACK
6
CONTINUOUS
10
144.8060759999999902
20
-25.7022510000000004
11
144.7518599999999935
21
-25.6480350000000001
0
LINE
8
BLACK
6
CONTINUOUS
10
144.7518599999999935
20
-25.6480350000000001
11
144.662446999999986
21
-25.6033279999999976
0
LINE
8
BLACK
6
CONTINUOUS
10
144.662446999999986
20
-25.6033279999999976
11
144.3761240000000043
21
-25.6033279999999976
0
LINE
8
BLACK
6
CONTINUOUS
10
144.3761240000000043
20
-25.6033279999999976
11
144.2867099999999994
21
-25.6480350000000001
0
LINE
8
BLACK
6
CONTINUOUS
10
144.2867099999999994
20
-25.6480350000000001
11
144.2497060000000033
21
-25.6850379999999987
0
LINE
8
BLACK
6
CONTINUOUS
10
144.2497060000000033
20
-25.6850379999999987
11
144.2049989999999866
21
-25.7744520000000001
0
LINE
8
BLACK
6
CONTINUOUS
10
144.2049989999999866
20
-25.7744520000000001
11
144.2049989999999866
21
-25.8575579999999974
0
LINE
8
BLACK
6
CONTINUOUS
10
144.2049989999999866
20
-25.8575579999999974
11
144.2575319999999977
21
-26.0151569999999985
0
LINE
8
BLACK
6
CONTINUOUS
10
144.2575319999999977
20
-26.0151569999999985
11
145.089636999999982
21
-26.8472619999999971
0
LINE
8
BLACK
6
CONTINUOUS
10
145.089636999999982
20
-26.8472619999999971
11
145.1082920000000058
21
-26.8699919999999999
0
LINE
8
BLACK
6
CONTINUOUS
10
145.1082920000000058
20
-26.8699919999999999
11
145.1306889999999896
21
-26.9240649999999988
0
LINE
8
BLACK
6
CONTINUOUS
10
145.1306889999999896
20
-26.9240649999999988
11
145.1306889999999896
21
-26.9825909999999993
0
LINE
8
BLACK
6
CONTINUOUS
10
145.1306889999999896
20
-26.9825909999999993
11
145.1082920000000058
21
-27.0366629999999972
0
LINE
8
BLACK
6
CONTINUOUS
10
145.1082920000000058
20
-27.0366629999999972
11
145.0669059999999888
21
-27.078049
0
LINE
8
BLACK
6
CONTINUOUS
10
145.0669059999999888
20
-27.078049
11
145.0352319999999793
21
-27.0911679999999997
0
LINE
8
BLACK
6
CONTINUOUS
10
145.0352319999999793
20
-27.0911679999999997
11
145.0128349999999955
21
-27.100445999999998
0
LINE
8
BLACK
6
CONTINUOUS
10
145.0128349999999955
20
-27.100445999999998
11
144.9835709999999835
21
-27.1033279999999976
0
LINE
8
BLACK
6
CONTINUOUS
10
144.9835709999999835
20
-27.1033279999999976
11
144.0549989999999809
21
-27.1033279999999976
0
LINE
8
BLACK
6
CONTINUOUS
10
144.0549989999999809
20
-27.1033279999999976
11
144.0257349999999974
21
-27.100445999999998
0
LINE
8
BLACK
6
CONTINUOUS
10
144.0257349999999974
20
-27.100445999999998
11
143.9716630000000066
21
-27.078047999999999
0
LINE
8
BLACK
6
CONTINUOUS
10
143.9716630000000066
20
-27.078047999999999
11
143.9302789999999845
21
-27.0366639999999983
0
LINE
8
BLACK
6
CONTINUOUS
10
143.9302789999999845
20
-27.0366639999999983
11
143.9078810000000033
21
-26.9825920000000004
0
LINE
8
BLACK
6
CONTINUOUS
10
143.9078810000000033
20
-26.9825920000000004
11
143.9078810000000033
21
-26.9240639999999978
0
LINE
8
BLACK
6
CONTINUOUS
10
143.9078810000000033
20
-26.9240639999999978
11
143.9302789999999845
21
-26.8699919999999999
0
LINE
8
BLACK
6
CONTINUOUS
10
143.9302789999999845
20
-26.8699919999999999
11
143.9716630000000066
21
-26.8286079999999991
0
LINE
8
BLACK
6
CONTINUOUS
10
143.9716630000000066
20
-26.8286079999999991
11
144.0257349999999974
21
-26.8062100000000001
0
LINE
8
BLACK
6
CONTINUOUS
10
144.0257349999999974
20
-26.8062100000000001
11
144.0549989999999809
21
-26.8033280000000005
0
LINE
8
BLACK
6
CONTINUOUS
10
144.0549989999999809
20
-26.8033280000000005
11
144.621438999999981
21
-26.8033280000000005
0
LINE
8
BLACK
6
CONTINUOUS
10
144.621438999999981
20
-26.8033280000000005
11
144.0203620000000058
21
-26.2022510000000004
0
LINE
8
BLACK
6
CONTINUOUS
10
144.0203620000000058
20
-26.2022510000000004
11
144.0017069999999819
21
-26.1795200000000001
0
LINE
8
BLACK
6
CONTINUOUS
10
144.0017069999999819
20
-26.1795200000000001
11
143.9996439999999893
21
-26.1745400000000004
0
LINE
8
BLACK
6
CONTINUOUS
10
143.9996439999999893
20
-26.1745400000000004
11
143.9961140000000057
21
-26.1704699999999981
0
LINE
8
BLACK
6
CONTINUOUS
10
143.9961140000000057
20
-26.1704699999999981
11
143.9841260000000034
21
-26.1436189999999975
0
LINE
8
BLACK
6
CONTINUOUS
10
143.9841260000000034
20
-26.1436189999999975
11
143.9126969999999801
21
-25.9293349999999982
0
LINE
8
BLACK
6
CONTINUOUS
10
143.9126969999999801
20
-25.9293349999999982
11
143.9093969999999842
21
-25.9148250000000004
0
LINE
8
BLACK
6
CONTINUOUS
10
143.9093969999999842
20
-25.9148250000000004
11
143.9078810000000033
21
-25.9111639999999994
0
LINE
8
BLACK
6
CONTINUOUS
10
143.9078810000000033
20
-25.9111639999999994
11
143.9073579999999879
21
-25.905854999999999
0
LINE
8
BLACK
6
CONTINUOUS
10
143.9073579999999879
20
-25.905854999999999
11
143.9061769999999854
21
-25.9006609999999995
0
LINE
8
BLACK
6
CONTINUOUS
10
143.9061769999999854
20
-25.9006609999999995
11
143.906456999999989
21
-25.8967109999999998
0
LINE
8
BLACK
6
CONTINUOUS
10
143.906456999999989
20
-25.8967109999999998
11
143.9049990000000037
21
-25.8818999999999981
0
LINE
8
BLACK
6
CONTINUOUS
10
143.9049990000000037
20
-25.8818999999999981
11
143.9049990000000037
21
-25.7390419999999978
0
LINE
8
BLACK
6
CONTINUOUS
10
143.9049990000000037
20
-25.7390419999999978
11
143.9078810000000033
21
-25.709778
0
LINE
8
BLACK
6
CONTINUOUS
10
143.9078810000000033
20
-25.709778
11
143.9099439999999959
21
-25.7047969999999992
0
LINE
8
BLACK
6
CONTINUOUS
10
143.9099439999999959
20
-25.7047969999999992
11
143.9103259999999977
21
-25.6994229999999995
0
LINE
8
BLACK
6
CONTINUOUS
10
143.9103259999999977
20
-25.6994229999999995
11
143.9208349999999825
21
-25.6719599999999986
0
LINE
8
BLACK
6
CONTINUOUS
10
143.9208349999999825
20
-25.6719599999999986
11
143.9922640000000058
21
-25.5291029999999992
0
LINE
8
BLACK
6
CONTINUOUS
10
143.9922640000000058
20
-25.5291029999999992
11
144.0001919999999984
21
-25.5165069999999972
0
LINE
8
BLACK
6
CONTINUOUS
10
144.0001919999999984
20
-25.5165069999999972
11
144.0017079999999794
21
-25.5128489999999992
0
LINE
8
BLACK
6
CONTINUOUS
10
144.0017079999999794
20
-25.5128489999999992
11
144.0050870000000032
21
-25.5087309999999974
0
LINE
8
BLACK
6
CONTINUOUS
10
144.0050870000000032
20
-25.5087309999999974
11
144.0079289999999901
21
-25.5042170000000006
0
LINE
8
BLACK
6
CONTINUOUS
10
144.0079289999999901
20
-25.5042170000000006
11
144.0109229999999911
21
-25.5016199999999991
0
LINE
8
BLACK
6
CONTINUOUS
10
144.0109229999999911
20
-25.5016199999999991
11
144.0203630000000032
21
-25.4901179999999989
0
LINE
8
BLACK
6
CONTINUOUS
10
144.0203630000000032
20
-25.4901179999999989
11
144.0917919999999981
21
-25.418689999999998
0
LINE
8
BLACK
6
CONTINUOUS
10
144.0917919999999981
20
-25.418689999999998
11
144.103291999999982
21
-25.4092509999999976
0
LINE
8
BLACK
6
CONTINUOUS
10
144.103291999999982
20
-25.4092509999999976
11
144.1058889999999906
21
-25.4062579999999976
0
LINE
8
BLACK
6
CONTINUOUS
10
144.1058889999999906
20
-25.4062579999999976
11
144.110400999999996
21
-25.4034169999999975
0
LINE
8
BLACK
6
CONTINUOUS
10
144.110400999999996
20
-25.4034169999999975
11
144.1145219999999938
21
-25.4000360000000001
0
LINE
8
BLACK
6
CONTINUOUS
10
144.1145219999999938
20
-25.4000360000000001
11
144.1181809999999928
21
-25.3985199999999978
0
LINE
8
BLACK
6
CONTINUOUS
10
144.1181809999999928
20
-25.3985199999999978
11
144.1307749999999999
21
-25.3905929999999991
0
LINE
8
BLACK
6
CONTINUOUS
10
144.1307749999999999
20
-25.3905929999999991
11
144.2736309999999946
21
-25.3191639999999971
0
LINE
8
BLACK
6
CONTINUOUS
10
144.2736309999999946
20
-25.3191639999999971
11
144.3010950000000037
21
-25.3086549999999981
0
LINE
8
BLACK
6
CONTINUOUS
10
144.3010950000000037
20
-25.3086549999999981
11
144.3064689999999928
21
-25.3082729999999998
0
LINE
8
BLACK
6
CONTINUOUS
10
144.3064689999999928
20
-25.3082729999999998
11
144.3114499999999794
21
-25.3062100000000001
0
LINE
8
BLACK
6
CONTINUOUS
10
144.3114499999999794
20
-25.3062100000000001
11
144.3407139999999913
21
-25.3033280000000005
0
LINE
8
BLACK
6
CONTINUOUS
10
144.3407139999999913
20
-25.3033280000000005
11
144.6978569999999991
21
-25.3033280000000005
0
LINE
8
BLACK
6
CONTINUOUS
10
144.6978569999999991
20
-25.3033280000000005
11
144.7271209999999826
21
-25.3062100000000001
0
LINE
8
BLACK
6
CONTINUOUS
10
145.6383349999999837
20
-25.3286079999999991
11
145.6797190000000057
21
-25.3699919999999999
0
LINE
8
BLACK
6
CONTINUOUS
10
145.6797190000000057
20
-25.3699919999999999
11
145.702116999999987
21
-25.4240639999999978
0
LINE
8
BLACK
6
CONTINUOUS
10
145.702116999999987
20
-25.4240639999999978
11
145.7049989999999866
21
-25.4533279999999991
0
LINE
8
BLACK
6
CONTINUOUS
10
145.7049989999999866
20
-25.4533279999999991
11
145.7049989999999866
21
-26.5004150000000003
0
LINE
8
BLACK
6
CONTINUOUS
10
145.7049989999999866
20
-26.5004150000000003
11
145.7575319999999977
21
-26.6580139999999979
0
LINE
8
BLACK
6
CONTINUOUS
10
145.7575319999999977
20
-26.6580139999999979
11
145.8503110000000049
21
-26.7507939999999991
0
LINE
8
BLACK
6
CONTINUOUS
10
145.8503110000000049
20
-26.7507939999999991
11
146.0079139999999995
21
-26.8033280000000005
0
LINE
8
BLACK
6
CONTINUOUS
10
146.0079139999999995
20
-26.8033280000000005
11
146.1264280000000042
21
-26.8033280000000005
0
LINE
8
BLACK
6
CONTINUOUS
10
146.1264280000000042
20
-26.8033280000000005
11
146.1556919999999877
21
-26.8062100000000001
0
LINE
8
BLACK
6
CONTINUOUS
10
146.1556919999999877
20
-26.8062100000000001
11
146.2097640000000069
21
-26.8286079999999991
0
LINE
8
BLACK
6
CONTINUOUS
10
146.2097640000000069
20
-26.8286079999999991
11
146.2511480000000006
21
-26.8699919999999999
0
LINE
8
BLACK
6
CONTINUOUS
10
146.2511480000000006
20
-26.8699919999999999
11
146.2735459999999819
21
-26.9240639999999978
0
LINE
8
BLACK
6
CONTINUOUS
10
146.2735459999999819
20
-26.9240639999999978
11
146.2735459999999819
21
-26.9825920000000004
0
LINE
8
BLACK
6
CONTINUOUS
10
146.2735459999999819
20
-26.9825920000000004
11
146.2511480000000006
21
-27.0366639999999983
0
LINE
8
BLACK
6
CONTINUOUS
10
146.2511480000000006
20
-27.0366639999999983
11
146.2097640000000069
21
-27.078047999999999
0
LINE
8
BLACK
6
CONTINUOUS
10
146.2097640000000069
20
-27.078047999999999
11
146.1556919999999877
21
-27.100445999999998
0
LINE
8
BLACK
6
CONTINUOUS
10
146.1556919999999877
20
-27.100445999999998
11
146.1264280000000042
21
-27.1033279999999976
0
LINE
8
BLACK
6
CONTINUOUS
10
146.1264280000000042
20
-27.1033279999999976
11
145.9835709999999835
21
-27.1033279999999976
0
LINE
8
BLACK
6
CONTINUOUS
10
145.9835709999999835
20
-27.1033279999999976
11
145.9687649999999906
21
-27.1018689999999971
0
LINE
8
BLACK
6
CONTINUOUS
10
145.9687649999999906
20
-27.1018689999999971
11
145.9648109999999974
21
-27.1021509999999992
0
LINE
8
BLACK
6
CONTINUOUS
10
145.9648109999999974
20
-27.1021509999999992
11
145.9596090000000004
21
-27.1009679999999982
0
LINE
8
BLACK
6
CONTINUOUS
10
145.9596090000000004
20
-27.1009679999999982
11
145.954307
21
-27.100445999999998
0
LINE
8
BLACK
6
CONTINUOUS
10
145.954307
20
-27.100445999999998
11
145.9506489999999985
21
-27.0989299999999993
0
LINE
8
BLACK
6
CONTINUOUS
10
145.9506489999999985
20
-27.0989299999999993
11
145.9361370000000022
21
-27.0956309999999974
0
LINE
8
BLACK
6
CONTINUOUS
10
145.9361370000000022
20
-27.0956309999999974
11
145.7218509999999867
21
-27.024203
0
LINE
8
BLACK
6
CONTINUOUS
10
145.7218509999999867
20
-27.024203
11
145.6949999999999932
21
-27.0122149999999976
0
LINE
8
BLACK
6
CONTINUOUS
10
145.6949999999999932
20
-27.0122149999999976
11
145.6909279999999853
21
-27.0086829999999978
0
LINE
8
BLACK
6
CONTINUOUS
10
145.6909279999999853
20
-27.0086829999999978
11
145.6859489999999937
21
-27.0066209999999991
0
LINE
8
BLACK
6
CONTINUOUS
10
145.6859489999999937
20
-27.0066209999999991
11
145.663218999999998
21
-26.9879660000000001
0
LINE
8
BLACK
6
CONTINUOUS
10
145.663218999999998
20
-26.9879660000000001
11
145.5203620000000058
21
-26.8451079999999997
0
LINE
8
BLACK
6
CONTINUOUS
10
145.5203620000000058
20
-26.8451079999999997
11
145.5017069999999819
21
-26.8223769999999995
0
LINE
8
BLACK
6
CONTINUOUS
10
145.5017069999999819
20
-26.8223769999999995
11
145.4996439999999893
21
-26.8173969999999997
0
LINE
8
BLACK
6
CONTINUOUS
10
145.4996439999999893
20
-26.8173969999999997
11
145.4961140000000057
21
-26.8133269999999975
0
LINE
8
BLACK
6
CONTINUOUS
10
145.4961140000000057
20
-26.8133269999999975
11
145.4841260000000034
21
-26.7864760000000004
0
LINE
8
BLACK
6
CONTINUOUS
10
145.4841260000000034
20
-26.7864760000000004
11
145.4126969999999801
21
-26.5721919999999976
0
LINE
8
BLACK
6
CONTINUOUS
10
145.4126969999999801
20
-26.5721919999999976
11
145.4093969999999842
21
-26.5576819999999998
0
LINE
8
BLACK
6
CONTINUOUS
10
145.4093969999999842
20
-26.5576819999999998
11
145.4078810000000033
21
-26.5540209999999988
0
LINE
8
BLACK
6
CONTINUOUS
10
145.4078810000000033
20
-26.5540209999999988
11
145.4073579999999879
21
-26.5487119999999983
0
LINE
8
BLACK
6
CONTINUOUS
10
145.4073579999999879
20
-26.5487119999999983
11
145.4061769999999854
21
-26.5435179999999988
0
LINE
8
BLACK
6
CONTINUOUS
10
145.4061769999999854
20
-26.5435179999999988
11
145.406456999999989
21
-26.5395679999999992
0
LINE
8
BLACK
6
CONTINUOUS
10
145.406456999999989
20
-26.5395679999999992
11
145.4049990000000037
21
-26.5247569999999975
0
LINE
8
BLACK
6
CONTINUOUS
10
145.4049990000000037
20
-26.5247569999999975
11
145.4049990000000037
21
-25.4533279999999991
0
LINE
8
BLACK
6
CONTINUOUS
10
145.4049990000000037
20
-25.4533279999999991
11
145.4078810000000033
21
-25.4240639999999978
0
LINE
8
BLACK
6
CONTINUOUS
10
145.4078810000000033
20
-25.4240639999999978
11
145.4302789999999845
21
-25.3699919999999999
0
LINE
8
BLACK
6
CONTINUOUS
10
145.4302789999999845
20
-25.3699919999999999
11
145.4716630000000066
21
-25.3286079999999991
0
LINE
8
BLACK
6
CONTINUOUS
10
145.4716630000000066
20
-25.3286079999999991
11
145.5257349999999974
21
-25.3062100000000001
0
LINE
8
BLACK
6
CONTINUOUS
10
145.5257349999999974
20
-25.3062100000000001
11
145.5842629999999929
21
-25.3062100000000001
0
LINE
8
BLACK
6
CONTINUOUS
10
145.5842629999999929
20
-25.3062100000000001
11
145.6383349999999837
21
-25.3286079999999991
0
LINE
8
BLACK
6
CONTINUOUS
10
153.4425389999999823
20
-20.5201849999999979
11
153.4882939999999962
21
-20.5729889999999997
0
LINE
8
BLACK
6
CONTINUOUS
10
153.4882939999999962
20
-20.5729889999999997
11
153.4994999999999834
21
-20.6244999999999976
0
LINE
8
BLACK
6
CONTINUOUS
10
153.4994999999999834
20
-20.6244999999999976
11
153.4994999999999834
21
-77.3755000000000024
0
LINE
8
BLACK
6
CONTINUOUS
10
153.4994999999999834
20
-77.3755000000000024
11
153.4798150000000021
21
-77.4425389999999965
0
LINE
8
BLACK
6
CONTINUOUS
10
153.4798150000000021
20
-77.4425389999999965
11
153.4270109999999931
21
-77.4882939999999962
0
LINE
8
BLACK
6
CONTINUOUS
10
153.4270109999999931
20
-77.4882939999999962
11
153.3754999999999882
21
-77.4994999999999976
0
LINE
8
BLACK
6
CONTINUOUS
10
153.3754999999999882
20
-77.4994999999999976
11
20.6244999999999976
21
-77.4994999999999976
0
LINE
8
BLACK
6
CONTINUOUS
10
20.6244999999999976
20
-77.4994999999999976
11
20.557461
21
-77.4798150000000021
0
LINE
8
BLACK
6
CONTINUOUS
10
20.557461
20
-77.4798150000000021
11
20.5117060000000002
21
-77.4270109999999931
0
LINE
8
BLACK
6
CONTINUOUS
10
20.5117060000000002
20
-77.4270109999999931
11
20.5004999999999988
21
-77.3755000000000024
0
LINE
8
BLACK
6
CONTINUOUS
10
20.5004999999999988
20
-77.3755000000000024
11
20.5004999999999988
21
-72.1966549999999927
0
LINE
8
BLACK
6
CONTINUOUS
10
20.5004999999999988
20
-72.1966549999999927
11
20.5004999999999988
21
-51.599222999999995
0
LINE
8
BLACK
6
CONTINUOUS
10
20.5004999999999988
20
-51.599222999999995
11
20.5004999999999988
21
-47.6605530000000002
0
LINE
8
BLACK
6
CONTINUOUS
10
20.5004999999999988
20
-47.6605530000000002
11
20.5004999999999988
21
-31.8492229999999985
0
LINE
8
BLACK
6
CONTINUOUS
10
20.5004999999999988
20
-31.8492229999999985
11
20.5004999999999988
21
-27.9105530000000002
0
LINE
8
BLACK
6
CONTINUOUS
10
20.5004999999999988
20
-27.9105530000000002
11
20.5004999999999988
21
-20.6244999999999976
0
LINE
8
BLACK
6
CONTINUOUS
10
20.5004999999999988
20
-20.6244999999999976
11
20.5201849999999979
21
-20.557461
0
LINE
8
BLACK
6
CONTINUOUS
10
20.5201849999999979
20
-20.557461
11
20.5729889999999997
21
-20.5117060000000002
0
LINE
8
BLACK
6
CONTINUOUS
10
20.5729889999999997
20
-20.5117060000000002
11
20.6244999999999976
21
-20.5004999999999988
0
LINE
8
BLACK
6
CONTINUOUS
10
20.6244999999999976
20
-20.5004999999999988
11
153.3754999999999882
21
-20.5004999999999988
0
LINE
8
BLACK
6
CONTINUOUS
10
153.3754999999999882
20
-20.5004999999999988
11
153.4425389999999823
21
-20.5201849999999979
0
LINE
8
BLACK
6
CONTINUOUS
10
52.5769279999999952
20
-72.1966549999999927
11
52.5769279999999952
21
-68.7811030000000017
0
LINE
8
BLACK
6
CONTINUOUS
10
52.5769279999999952
20
-68.7811030000000017
11
46.9499169999999992
21
-68.7811030000000017
0
LINE
8
BLACK
6
CONTINUOUS
10
46.9499169999999992
20
-68.7811030000000017
11
46.9499169999999992
21
-72.1966549999999927
0
LINE
8
BLACK
6
CONTINUOUS
10
46.9499169999999992
20
-72.1966549999999927
11
52.5769279999999952
21
-72.1966549999999927
0
LINE
8
BLACK
6
CONTINUOUS
10
30.1594999999999978
20
-32.1507760000000005
11
30.1595009999999988
21
-32.1507930000000002
0
LINE
8
BLACK
6
CONTINUOUS
10
30.1595009999999988
20
-32.1507930000000002
11
30.1988609999999973
21
-32.4497659999999968
0
LINE
8
BLACK
6
CONTINUOUS
10
30.1988609999999973
20
-32.4497659999999968
11
30.2769129999999969
21
-32.7410599999999974
0
LINE
8
BLACK
6
CONTINUOUS
10
30.2769129999999969
20
-32.7410599999999974
11
30.3923139999999989
21
-33.0196609999999993
0
LINE
8
BLACK
6
CONTINUOUS
10
30.3923139999999989
20
-33.0196609999999993
11
30.3923179999999995
21
-33.0196709999999953
0
LINE
8
BLACK
6
CONTINUOUS
10
30.3923179999999995
20
-33.0196709999999953
11
30.543098999999998
21
-33.2808309999999992
0
LINE
8
BLACK
6
CONTINUOUS
10
30.543098999999998
20
-33.2808309999999992
11
30.7266789999999972
21
-33.520077999999998
0
LINE
8
BLACK
6
CONTINUOUS
10
30.7266789999999972
20
-33.520077999999998
11
30.7266849999999998
21
-33.5200850000000017
0
LINE
8
BLACK
6
CONTINUOUS
10
30.7266849999999998
20
-33.5200850000000017
11
30.9399139999999981
21
-33.733314
0
LINE
8
BLACK
6
CONTINUOUS
10
30.9399139999999981
20
-33.733314
11
30.9399209999999982
21
-33.7333199999999991
0
LINE
8
BLACK
6
CONTINUOUS
10
30.9399209999999982
20
-33.7333199999999991
11
31.1791679999999971
21
-33.9168999999999983
0
LINE
8
BLACK
6
CONTINUOUS
10
31.1791679999999971
20
-33.9168999999999983
11
31.4403279999999974
21
-34.0676810000000003
0
LINE
8
BLACK
6
CONTINUOUS
10
31.4403279999999974
20
-34.0676810000000003
11
31.4403289999999984
21
-34.0676810000000003
0
LINE
8
BLACK
6
CONTINUOUS
10
31.4403289999999984
20
-34.0676810000000003
11
31.4403319999999979
21
-34.0676829999999953
0
LINE
8
BLACK
6
CONTINUOUS
10
31.4403319999999979
20
-34.0676829999999953
11
31.6260719999999971
21
-34.1446189999999987
0
LINE
8
BLACK
6
CONTINUOUS
10
31.6260719999999971
20
-34.1446189999999987
11
31.7189389999999989
21
-34.1830859999999959
0
LINE
8
BLACK
6
CONTINUOUS
10
31.7189389999999989
20
-34.1830859999999959
11
31.7189399999999999
21
-34.1830859999999959
0
LINE
8
BLACK
6
CONTINUOUS
10
31.7189399999999999
20
-34.1830859999999959
11
31.7189419999999984
21
-34.1830870000000004
0
LINE
8
BLACK
6
CONTINUOUS
10
31.7189419999999984
20
-34.1830870000000004
11
32.010232000000002
21
-34.2611379999999954
0
LINE
8
BLACK
6
CONTINUOUS
10
32.010232000000002
20
-34.2611379999999954
11
32.3092169999999967
21
-34.3004999999999995
0
LINE
8
BLACK
6
CONTINUOUS
10
32.3092169999999967
20
-34.3004999999999995
11
32.3092240000000004
21
-34.3004999999999995
0
LINE
8
BLACK
6
CONTINUOUS
10
32.3092240000000004
20
-34.3004999999999995
11
32.6107760000000013
21
-34.3004999999999995
0
LINE
8
BLACK
6
CONTINUOUS
10
32.6107760000000013
20
-34.3004999999999995
11
32.6107829999999979
21
-34.3004999999999995
0
LINE
8
BLACK
6
CONTINUOUS
10
32.6107829999999979
20
-34.3004999999999995
11
32.8245629999999977
21
-34.272354
0
LINE
8
BLACK
6
CONTINUOUS
10
32.8245629999999977
20
-34.272354
11
32.8935949999999977
21
-34.2831189999999992
0
LINE
8
BLACK
6
CONTINUOUS
10
32.8935949999999977
20
-34.2831189999999992
11
32.9284269999999992
21
-34.3076119999999989
0
LINE
8
BLACK
6
CONTINUOUS
10
32.9284269999999992
20
-34.3076119999999989
11
41.2777809999999974
21
-42.6569659999999971
0
LINE
8
BLACK
6
CONTINUOUS
10
41.2777809999999974
20
-42.6569659999999971
11
41.4433889999999963
21
-42.7772870000000012
0
LINE
8
BLACK
6
CONTINUOUS
10
41.4433889999999963
20
-42.7772870000000012
11
41.4823230000000009
21
-42.7971250000000012
0
LINE
8
BLACK
6
CONTINUOUS
10
41.4823230000000009
20
-42.7971250000000012
11
41.5079959999999986
21
-42.8102060000000009
0
LINE
8
BLACK
6
CONTINUOUS
10
41.5079959999999986
20
-42.8102060000000009
11
41.5080010000000001
21
-42.8102079999999958
0
LINE
8
BLACK
6
CONTINUOUS
10
41.5080010000000001
20
-42.8102079999999958
11
41.5106029999999961
21
-42.8115339999999946
0
LINE
8
BLACK
6
CONTINUOUS
10
41.5106029999999961
20
-42.8115339999999946
11
41.6257809999999964
21
-42.8702199999999962
0
LINE
8
BLACK
6
CONTINUOUS
10
41.6257809999999964
20
-42.8702199999999962
11
41.6737099999999998
21
-42.8857929999999996
0
LINE
8
BLACK
6
CONTINUOUS
10
41.6737099999999998
20
-42.8857929999999996
11
41.8204649999999987
21
-42.9334769999999963
0
LINE
8
BLACK
6
CONTINUOUS
10
41.8204649999999987
20
-42.9334769999999963
11
42.0226479999999967
21
-42.9654999999999987
0
LINE
8
BLACK
6
CONTINUOUS
10
42.0226479999999967
20
-42.9654999999999987
11
53.1017620000000008
21
-42.9654999999999987
0
LINE
8
BLACK
6
CONTINUOUS
10
53.1017620000000008
20
-42.9654999999999987
11
53.1688009999999949
21
-42.9851850000000013
0
LINE
8
BLACK
6
CONTINUOUS
10
53.1688009999999949
20
-42.9851850000000013
11
53.174636999999997
21
-42.9891749999999959
0
LINE
8
BLACK
6
CONTINUOUS
10
53.174636999999997
20
-42.9891749999999959
11
53.2361549999999966
21
-43.0338700000000003
0
LINE
8
BLACK
6
CONTINUOUS
10
53.2361549999999966
20
-43.0338700000000003
11
53.2737999999999943
21
-43.0530509999999964
0
LINE
8
BLACK
6
CONTINUOUS
10
53.2737999999999943
20
-43.0530509999999964
11
53.4606159999999946
21
-43.1482389999999967
0
LINE
8
BLACK
6
CONTINUOUS
10
53.4606159999999946
20
-43.1482389999999967
11
53.4606179999999966
21
-43.1482389999999967
0
LINE
8
BLACK
6
CONTINUOUS
10
53.4606179999999966
20
-43.1482389999999967
11
53.4606209999999962
21
-43.1482409999999987
0
LINE
8
BLACK
6
CONTINUOUS
10
53.4606209999999962
20
-43.1482409999999987
11
53.700215
21
-43.2260899999999992
0
LINE
8
BLACK
6
CONTINUOUS
10
53.700215
20
-43.2260899999999992
11
53.9490379999999945
21
-43.2654999999999959
0
LINE
8
BLACK
6
CONTINUOUS
10
53.9490379999999945
20
-43.2654999999999959
11
53.9490389999999991
21
-43.2654999999999959
0
LINE
8
BLACK
6
CONTINUOUS
10
53.9490389999999991
20
-43.2654999999999959
11
55.0009609999999967
21
-43.2654999999999959
0
LINE
8
BLACK
6
CONTINUOUS
10
55.0009609999999967
20
-43.2654999999999959
11
55.0009619999999941
21
-43.2654999999999959
0
LINE
8
BLACK
6
CONTINUOUS
10
55.0009619999999941
20
-43.2654999999999959
11
55.2497849999999957
21
-43.2260899999999992
0
LINE
8
BLACK
6
CONTINUOUS
10
55.2497849999999957
20
-43.2260899999999992
11
55.4893789999999996
21
-43.1482409999999987
0
LINE
8
BLACK
6
CONTINUOUS
10
55.4893789999999996
20
-43.1482409999999987
11
55.4958989999999943
21
-43.144917999999997
0
LINE
8
BLACK
6
CONTINUOUS
10
55.4958989999999943
20
-43.144917999999997
11
55.5645649999999947
21
-43.1320179999999951
0
LINE
8
BLACK
6
CONTINUOUS
10
55.5645649999999947
20
-43.1320179999999951
11
55.6293079999999946
21
-43.1582900000000009
0
LINE
8
BLACK
6
CONTINUOUS
10
55.6293079999999946
20
-43.1582900000000009
11
55.6695689999999956
21
-43.2153929999999988
0
LINE
8
BLACK
6
CONTINUOUS
10
55.6695689999999956
20
-43.2153929999999988
11
55.6761999999999944
21
-43.2553999999999945
0
LINE
8
BLACK
6
CONTINUOUS
10
55.6761999999999944
20
-43.2553999999999945
11
55.6761999999999944
21
-46.2432519999999982
0
LINE
8
BLACK
6
CONTINUOUS
10
55.6761999999999944
20
-46.2432519999999982
11
55.6565149999999988
21
-46.3102909999999994
0
LINE
8
BLACK
6
CONTINUOUS
10
55.6565149999999988
20
-46.3102909999999994
11
55.6398809999999955
21
-46.3309329999999946
0
LINE
8
BLACK
6
CONTINUOUS
10
55.6398809999999955
20
-46.3309329999999946
11
53.843589999999999
21
-48.1272230000000008
0
LINE
8
BLACK
6
CONTINUOUS
10
53.843589999999999
20
-48.1272230000000008
11
53.7822669999999974
21
-48.1607079999999996
0
LINE
8
BLACK
6
CONTINUOUS
10
53.7822669999999974
20
-48.1607079999999996
11
53.775309
21
-48.1620149999999967
0
LINE
8
BLACK
6
CONTINUOUS
10
53.775309
20
-48.1620149999999967
11
53.700216999999995
21
-48.1739089999999948
0
LINE
8
BLACK
6
CONTINUOUS
10
53.700216999999995
20
-48.1739089999999948
11
53.4606179999999966
21
-48.2517599999999973
0
LINE
8
BLACK
6
CONTINUOUS
10
53.4606179999999966
20
-48.2517599999999973
11
53.2361509999999996
21
-48.3661320000000003
0
LINE
8
BLACK
6
CONTINUOUS
10
53.2361509999999996
20
-48.3661320000000003
11
53.032350000000001
21
-48.5142009999999999
0
LINE
8
BLACK
6
CONTINUOUS
10
53.032350000000001
20
-48.5142009999999999
11
53.0323449999999994
21
-48.5142049999999969
0
LINE
8
BLACK
6
CONTINUOUS
10
53.0323449999999994
20
-48.5142049999999969
11
52.8542050000000003
21
-48.692344999999996
0
LINE
8
BLACK
6
CONTINUOUS
10
52.8542050000000003
20
-48.692344999999996
11
52.8542009999999962
21
-48.6923499999999976
0
LINE
8
BLACK
6
CONTINUOUS
10
52.8542009999999962
20
-48.6923499999999976
11
52.7061319999999967
21
-48.8961509999999961
0
LINE
8
BLACK
6
CONTINUOUS
10
52.7061319999999967
20
-48.8961509999999961
11
52.5917600000000007
21
-49.1206159999999983
0
LINE
8
BLACK
6
CONTINUOUS
10
52.5917600000000007
20
-49.1206159999999983
11
52.5139099999999956
21
-49.3602139999999991
0
LINE
8
BLACK
6
CONTINUOUS
10
52.5139099999999956
20
-49.3602139999999991
11
52.499767999999996
21
-49.4495009999999979
0
LINE
8
BLACK
6
CONTINUOUS
10
52.499767999999996
20
-49.4495009999999979
11
52.474499999999999
21
-49.6090379999999982
0
LINE
8
BLACK
6
CONTINUOUS
10
52.474499999999999
20
-49.6090379999999982
11
52.474499999999999
21
-49.8609620000000007
0
LINE
8
BLACK
6
CONTINUOUS
10
52.474499999999999
20
-49.8609620000000007
11
52.480758999999999
21
-49.9004779999999997
0
LINE
8
BLACK
6
CONTINUOUS
10
52.480758999999999
20
-49.9004779999999997
11
52.5139099999999956
21
-50.1097849999999951
0
LINE
8
BLACK
6
CONTINUOUS
10
52.5139099999999956
20
-50.1097849999999951
11
52.5917600000000007
21
-50.349382999999996
0
LINE
8
BLACK
6
CONTINUOUS
10
52.5917600000000007
20
-50.349382999999996
11
52.669986999999999
21
-50.5029109999999974
0
LINE
8
BLACK
6
CONTINUOUS
10
52.669986999999999
20
-50.5029109999999974
11
52.7035449999999983
21
-50.5687719999999956
0
LINE
8
BLACK
6
CONTINUOUS
10
52.7035449999999983
20
-50.5687719999999956
11
52.7061319999999967
21
-50.5738479999999981
0
LINE
8
BLACK
6
CONTINUOUS
10
52.7061319999999967
20
-50.5738479999999981
11
52.8542009999999962
21
-50.7776489999999967
0
LINE
8
BLACK
6
CONTINUOUS
10
52.8542009999999962
20
-50.7776489999999967
11
52.8542050000000003
21
-50.7776539999999983
0
LINE
8
BLACK
6
CONTINUOUS
10
52.8542050000000003
20
-50.7776539999999983
11
53.0323449999999994
21
-50.9557939999999974
0
LINE
8
BLACK
6
CONTINUOUS
10
53.0323449999999994
20
-50.9557939999999974
11
53.032350000000001
21
-50.9557979999999944
0
LINE
8
BLACK
6
CONTINUOUS
10
53.032350000000001
20
-50.9557979999999944
11
53.2101169999999968
21
-51.0849519999999941
0
LINE
8
BLACK
6
CONTINUOUS
10
53.2101169999999968
20
-51.0849519999999941
11
53.2361549999999966
21
-51.1038700000000006
0
LINE
8
BLACK
6
CONTINUOUS
10
53.2361549999999966
20
-51.1038700000000006
11
53.3791839999999951
21
-51.1767469999999989
0
LINE
8
BLACK
6
CONTINUOUS
10
53.3791839999999951
20
-51.1767469999999989
11
53.4606159999999946
21
-51.218238999999997
0
LINE
8
BLACK
6
CONTINUOUS
10
53.4606159999999946
20
-51.218238999999997
11
53.4606179999999966
21
-51.218238999999997
0
LINE
8
BLACK
6
CONTINUOUS
10
53.4606179999999966
20
-51.218238999999997
11
53.4606209999999962
21
-51.218240999999999
0
LINE
8
BLACK
6
CONTINUOUS
10
53.4606209999999962
20
-51.218240999999999
11
53.700215
21
-51.2960899999999995
0
LINE
8
BLACK
6
CONTINUOUS
10
53.700215
20
-51.2960899999999995
11
53.9490379999999945
21
-51.3354999999999961
0
LINE
8
BLACK
6
CONTINUOUS
10
53.9490379999999945
20
-51.3354999999999961
11
53.9490389999999991
21
-51.3354999999999961
0
LINE
8
BLACK
6
CONTINUOUS
10
53.9490389999999991
20
-51.3354999999999961
11
54.2009609999999995
21
-51.3354999999999961
0
LINE
8
BLACK
6
CONTINUOUS
10
54.2009609999999995
20
-51.3354999999999961
11
54.200961999999997
21
-51.3354999999999961
0
LINE
8
BLACK
6
CONTINUOUS
10
54.200961999999997
20
-51.3354999999999961
11
54.4497849999999985
21
-51.2960899999999995
0
LINE
8
BLACK
6
CONTINUOUS
10
54.4497849999999985
20
-51.2960899999999995
11
54.6893789999999953
21
-51.218240999999999
0
LINE
8
BLACK
6
CONTINUOUS
10
54.6893789999999953
20
-51.218240999999999
11
54.9138449999999949
21
-51.1038700000000006
0
LINE
8
BLACK
6
CONTINUOUS
10
54.9138449999999949
20
-51.1038700000000006
11
55.1176559999999967
21
-50.9557929999999999
0
LINE
8
BLACK
6
CONTINUOUS
10
55.1176559999999967
20
-50.9557929999999999
11
55.2957929999999962
21
-50.7776560000000003
0
LINE
8
BLACK
6
CONTINUOUS
10
55.2957929999999962
20
-50.7776560000000003
11
55.4438699999999969
21
-50.5738449999999986
0
LINE
8
BLACK
6
CONTINUOUS
10
55.4438699999999969
20
-50.5738449999999986
11
55.5582409999999953
21
-50.349378999999999
0
LINE
8
BLACK
6
CONTINUOUS
10
55.5582409999999953
20
-50.349378999999999
11
55.6360899999999958
21
-50.1097849999999951
0
LINE
8
BLACK
6
CONTINUOUS
10
55.6360899999999958
20
-50.1097849999999951
11
55.647984000000001
21
-50.0346869999999981
0
LINE
8
BLACK
6
CONTINUOUS
10
55.647984000000001
20
-50.0346869999999981
11
55.6779109999999946
21
-49.9715569999999971
0
LINE
8
BLACK
6
CONTINUOUS
10
55.6779109999999946
20
-49.9715569999999971
11
55.6827569999999952
21
-49.9664259999999985
0
LINE
8
BLACK
6
CONTINUOUS
10
55.6827569999999952
20
-49.9664259999999985
11
57.9686659999999989
21
-47.6805189999999968
0
LINE
8
BLACK
6
CONTINUOUS
10
57.9686659999999989
20
-47.6805189999999968
11
58.0684819999999959
21
-47.5431309999999954
0
LINE
8
BLACK
6
CONTINUOUS
10
58.0684819999999959
20
-47.5431309999999954
11
58.1238099999999989
21
-47.5004659999999959
0
LINE
8
BLACK
6
CONTINUOUS
10
58.1238099999999989
20
-47.5004659999999959
11
58.1934240000000003
21
-47.4944859999999949
0
LINE
8
BLACK
6
CONTINUOUS
10
58.1934240000000003
20
-47.4944859999999949
11
58.2552189999999968
21
-47.5270919999999961
0
LINE
8
BLACK
6
CONTINUOUS
10
58.2552189999999968
20
-47.5270919999999961
11
58.2895769999999942
21
-47.5879300000000001
0
LINE
8
BLACK
6
CONTINUOUS
10
58.2895769999999942
20
-47.5879300000000001
11
58.2927999999999997
21
-47.6160169999999994
0
LINE
8
BLACK
6
CONTINUOUS
10
58.2927999999999997
20
-47.6160169999999994
11
58.2927999999999997
21
-52.4281000000000006
0
LINE
8
BLACK
6
CONTINUOUS
10
58.2927999999999997
20
-52.4281000000000006
11
58.2731149999999971
21
-52.4951389999999947
0
LINE
8
BLACK
6
CONTINUOUS
10
58.2731149999999971
20
-52.4951389999999947
11
58.2203109999999953
21
-52.5408939999999944
0
LINE
8
BLACK
6
CONTINUOUS
10
58.2203109999999953
20
-52.5408939999999944
11
58.1687999999999974
21
-52.5520999999999958
0
LINE
8
BLACK
6
CONTINUOUS
10
58.1687999999999974
20
-52.5520999999999958
11
57.9050480000000007
21
-52.5520999999999958
0
LINE
8
BLACK
6
CONTINUOUS
10
57.9050480000000007
20
-52.5520999999999958
11
57.8807289999999952
21
-52.5559510000000003
0
LINE
8
BLACK
6
CONTINUOUS
10
57.8807289999999952
20
-52.5559510000000003
11
57.7028649999999956
21
-52.5841220000000007
0
LINE
8
BLACK
6
CONTINUOUS
10
57.7028649999999956
20
-52.5841220000000007
11
57.5081759999999989
21
-52.6473809999999958
0
LINE
8
BLACK
6
CONTINUOUS
10
57.5081759999999989
20
-52.6473809999999958
11
57.3257849999999962
21
-52.7403149999999954
0
LINE
8
BLACK
6
CONTINUOUS
10
57.3257849999999962
20
-52.7403149999999954
11
57.2896140000000003
21
-52.7665959999999998
0
LINE
8
BLACK
6
CONTINUOUS
10
57.2896140000000003
20
-52.7665959999999998
11
57.2896119999999982
21
-52.7665979999999948
0
LINE
8
BLACK
6
CONTINUOUS
10
57.2896119999999982
20
-52.7665979999999948
11
57.1601839999999939
21
-52.8606300000000005
0
LINE
8
BLACK
6
CONTINUOUS
10
57.1601839999999939
20
-52.8606300000000005
11
57.1601819999999989
21
-52.8606319999999954
0
LINE
8
BLACK
6
CONTINUOUS
10
57.1601819999999989
20
-52.8606319999999954
11
53.843589999999999
21
-56.1772229999999979
0
LINE
8
BLACK
6
CONTINUOUS
10
53.843589999999999
20
-56.1772229999999979
11
53.7822669999999974
21
-56.2107079999999968
0
LINE
8
BLACK
6
CONTINUOUS
10
53.7822669999999974
20
-56.2107079999999968
11
53.775309
21
-56.212015000000001
0
LINE
8
BLACK
6
CONTINUOUS
10
53.775309
20
-56.212015000000001
11
53.700216999999995
21
-56.223908999999999
0
LINE
8
BLACK
6
CONTINUOUS
10
53.700216999999995
20
-56.223908999999999
11
53.4606179999999966
21
-56.3017599999999945
0
LINE
8
BLACK
6
CONTINUOUS
10
53.4606179999999966
20
-56.3017599999999945
11
53.2361509999999996
21
-56.4161319999999975
0
LINE
8
BLACK
6
CONTINUOUS
10
53.2361509999999996
20
-56.4161319999999975
11
53.032350000000001
21
-56.5642009999999971
0
LINE
8
BLACK
6
CONTINUOUS
10
53.032350000000001
20
-56.5642009999999971
11
53.0323449999999994
21
-56.5642049999999941
0
LINE
8
BLACK
6
CONTINUOUS
10
53.0323449999999994
20
-56.5642049999999941
11
52.8542050000000003
21
-56.7423450000000003
0
LINE
8
BLACK
6
CONTINUOUS
10
52.8542050000000003
20
-56.7423450000000003
11
52.8542009999999962
21
-56.7423499999999947
0
LINE
8
BLACK
6
CONTINUOUS
10
52.8542009999999962
20
-56.7423499999999947
11
52.7061319999999967
21
-56.9461510000000004
0
LINE
8
BLACK
6
CONTINUOUS
10
52.7061319999999967
20
-56.9461510000000004
11
52.5917600000000007
21
-57.1706159999999954
0
LINE
8
BLACK
6
CONTINUOUS
10
52.5917600000000007
20
-57.1706159999999954
11
52.5139099999999956
21
-57.4102139999999963
0
LINE
8
BLACK
6
CONTINUOUS
10
52.5139099999999956
20
-57.4102139999999963
11
52.4912009999999967
21
-57.5535899999999998
0
LINE
8
BLACK
6
CONTINUOUS
10
52.4912009999999967
20
-57.5535899999999998
11
52.474499999999999
21
-57.6590379999999953
0
LINE
8
BLACK
6
CONTINUOUS
10
52.474499999999999
20
-57.6590379999999953
11
52.474499999999999
21
-57.9109619999999978
0
LINE
8
BLACK
6
CONTINUOUS
10
52.474499999999999
20
-57.9109619999999978
11
52.5139099999999956
21
-58.1597849999999994
0
LINE
8
BLACK
6
CONTINUOUS
10
52.5139099999999956
20
-58.1597849999999994
11
52.5917589999999961
21
-58.3993789999999962
0
LINE
8
BLACK
6
CONTINUOUS
10
52.5917589999999961
20
-58.3993789999999962
11
52.5917600000000007
21
-58.3993819999999957
0
LINE
8
BLACK
6
CONTINUOUS
10
52.5917600000000007
20
-58.3993819999999957
11
52.5917609999999982
21
-58.3993830000000003
0
LINE
8
BLACK
6
CONTINUOUS
10
52.5917609999999982
20
-58.3993830000000003
11
52.5972239999999971
21
-58.4101049999999944
0
LINE
8
BLACK
6
CONTINUOUS
10
52.5972239999999971
20
-58.4101049999999944
11
52.6101199999999949
21
-58.4787749999999988
0
LINE
8
BLACK
6
CONTINUOUS
10
52.6101199999999949
20
-58.4787749999999988
11
52.5838439999999991
21
-58.5435149999999993
0
LINE
8
BLACK
6
CONTINUOUS
10
52.5838439999999991
20
-58.5435149999999993
11
52.5267369999999971
21
-58.5837719999999962
0
LINE
8
BLACK
6
CONTINUOUS
10
52.5267369999999971
20
-58.5837719999999962
11
52.486739
21
-58.5903999999999954
0
LINE
8
BLACK
6
CONTINUOUS
10
52.486739
20
-58.5903999999999954
11
49.0726469999999964
21
-58.5903999999999954
0
LINE
8
BLACK
6
CONTINUOUS
10
49.0726469999999964
20
-58.5903999999999954
11
49.0056079999999952
21
-58.5707149999999999
0
LINE
8
BLACK
6
CONTINUOUS
10
49.0056079999999952
20
-58.5707149999999999
11
48.984966
21
-58.5540809999999965
0
LINE
8
BLACK
6
CONTINUOUS
10
48.984966
20
-58.5540809999999965
11
45.1275399999999962
21
-54.6966549999999998
0
LINE
8
BLACK
6
CONTINUOUS
10
45.1275399999999962
20
-54.6966549999999998
11
41.1889210000000006
21
-50.758035999999997
0
LINE
8
BLACK
6
CONTINUOUS
10
41.1889210000000006
20
-50.758035999999997
11
41.1889189999999985
21
-50.758033999999995
0
LINE
8
BLACK
6
CONTINUOUS
10
41.1889189999999985
20
-50.758033999999995
11
41.0233109999999996
21
-50.637712999999998
0
LINE
8
BLACK
6
CONTINUOUS
10
41.0233109999999996
20
-50.637712999999998
11
40.8702359999999985
21
-50.5597179999999966
0
LINE
8
BLACK
6
CONTINUOUS
10
40.8702359999999985
20
-50.5597179999999966
11
40.8409189999999995
21
-50.5447799999999958
0
LINE
8
BLACK
6
CONTINUOUS
10
40.8409189999999995
20
-50.5447799999999958
11
40.814512999999998
21
-50.5362000000000009
0
LINE
8
BLACK
6
CONTINUOUS
10
40.814512999999998
20
-50.5362000000000009
11
40.675615999999998
21
-50.491068999999996
0
LINE
8
BLACK
6
CONTINUOUS
10
40.675615999999998
20
-50.491068999999996
11
40.6756139999999959
21
-50.491068999999996
0
LINE
8
BLACK
6
CONTINUOUS
10
40.6756139999999959
20
-50.491068999999996
11
40.6462349999999972
21
-50.4815229999999957
0
LINE
8
BLACK
6
CONTINUOUS
10
40.6462349999999972
20
-50.4815229999999957
11
40.6462329999999952
21
-50.4815219999999982
0
LINE
8
BLACK
6
CONTINUOUS
10
40.6462329999999952
20
-50.4815219999999982
11
40.6462280000000007
21
-50.4815210000000008
0
LINE
8
BLACK
6
CONTINUOUS
10
40.6462280000000007
20
-50.4815210000000008
11
40.4745569999999972
21
-50.4543309999999963
0
LINE
8
BLACK
6
CONTINUOUS
10
40.4745569999999972
20
-50.4543309999999963
11
40.4440519999999992
21
-50.4495000000000005
0
LINE
8
BLACK
6
CONTINUOUS
10
40.4440519999999992
20
-50.4495000000000005
11
40.4440509999999946
21
-50.4495000000000005
0
LINE
8
BLACK
6
CONTINUOUS
10
40.4440509999999946
20
-50.4495000000000005
11
39.964500000000001
21
-50.4495000000000005
0
LINE
8
BLACK
6
CONTINUOUS
10
39.964500000000001
20
-50.4495000000000005
11
39.8974609999999998
21
-50.4298149999999978
0
LINE
8
BLACK
6
CONTINUOUS
10
39.8974609999999998
20
-50.4298149999999978
11
39.8517060000000001
21
-50.377010999999996
0
LINE
8
BLACK
6
CONTINUOUS
10
39.8517060000000001
20
-50.377010999999996
11
39.8404999999999987
21
-50.3254999999999981
0
LINE
8
BLACK
6
CONTINUOUS
10
39.8404999999999987
20
-50.3254999999999981
11
39.8404999999999987
21
-50.2050429999999963
0
LINE
8
BLACK
6
CONTINUOUS
10
39.8404999999999987
20
-50.2050429999999963
11
39.8404990000000012
21
-50.2050389999999993
0
LINE
8
BLACK
6
CONTINUOUS
10
39.8404990000000012
20
-50.2050389999999993
11
39.8253689999999949
21
-50.0707499999999968
0
LINE
8
BLACK
6
CONTINUOUS
10
39.8253689999999949
20
-50.0707499999999968
11
39.8253679999999974
21
-50.0707449999999952
0
LINE
8
BLACK
6
CONTINUOUS
10
39.8253679999999974
20
-50.0707449999999952
11
39.8199660000000009
21
-50.0553069999999991
0
LINE
8
BLACK
6
CONTINUOUS
10
39.8199660000000009
20
-50.0553069999999991
11
39.7657889999999981
21
-49.9004779999999997
0
LINE
8
BLACK
6
CONTINUOUS
10
39.7657889999999981
20
-49.9004779999999997
11
39.7409589999999966
21
-49.8609620000000007
0
LINE
8
BLACK
6
CONTINUOUS
10
39.7409589999999966
20
-49.8609620000000007
11
39.6698149999999998
21
-49.7477370000000008
0
LINE
8
BLACK
6
CONTINUOUS
10
39.6698149999999998
20
-49.7477370000000008
11
39.5422620000000009
21
-49.6201839999999947
0
LINE
8
BLACK
6
CONTINUOUS
10
39.5422620000000009
20
-49.6201839999999947
11
39.389522999999997
21
-49.5242110000000011
0
LINE
8
BLACK
6
CONTINUOUS
10
39.389522999999997
20
-49.5242110000000011
11
39.2192539999999994
21
-49.4646309999999971
0
LINE
8
BLACK
6
CONTINUOUS
10
39.2192539999999994
20
-49.4646309999999971
11
39.2192489999999978
21
-49.4646299999999997
0
LINE
8
BLACK
6
CONTINUOUS
10
39.2192489999999978
20
-49.4646299999999997
11
39.0849599999999953
21
-49.4495000000000005
0
LINE
8
BLACK
6
CONTINUOUS
10
39.0849599999999953
20
-49.4495000000000005
11
39.0849539999999962
21
-49.4495000000000005
0
LINE
8
BLACK
6
CONTINUOUS
10
39.0849539999999962
20
-49.4495000000000005
11
35.995045999999995
21
-49.4495000000000005
0
LINE
8
BLACK
6
CONTINUOUS
10
35.995045999999995
20
-49.4495000000000005
11
35.9950389999999985
21
-49.4495000000000005
0
LINE
8
BLACK
6
CONTINUOUS
10
35.9950389999999985
20
-49.4495000000000005
11
35.8607499999999959
21
-49.4646299999999997
0
LINE
8
BLACK
6
CONTINUOUS
10
35.8607499999999959
20
-49.4646299999999997
11
35.8607450000000014
21
-49.4646309999999971
0
LINE
8
BLACK
6
CONTINUOUS
10
35.8607450000000014
20
-49.4646309999999971
11
35.6904759999999968
21
-49.5242110000000011
0
LINE
8
BLACK
6
CONTINUOUS
10
35.6904759999999968
20
-49.5242110000000011
11
35.5377369999999999
21
-49.6201839999999947
0
LINE
8
BLACK
6
CONTINUOUS
10
35.5377369999999999
20
-49.6201839999999947
11
35.410184000000001
21
-49.7477370000000008
0
LINE
8
BLACK
6
CONTINUOUS
10
35.410184000000001
20
-49.7477370000000008
11
35.3142110000000002
21
-49.9004759999999976
0
LINE
8
BLACK
6
CONTINUOUS
10
35.3142110000000002
20
-49.9004759999999976
11
35.2546309999999963
21
-50.0707449999999952
0
LINE
8
BLACK
6
CONTINUOUS
10
35.2546309999999963
20
-50.0707449999999952
11
35.2546299999999988
21
-50.0707499999999968
0
LINE
8
BLACK
6
CONTINUOUS
10
35.2546299999999988
20
-50.0707499999999968
11
35.2394999999999996
21
-50.2050389999999993
0
LINE
8
BLACK
6
CONTINUOUS
10
35.2394999999999996
20
-50.2050389999999993
11
35.2394999999999996
21
-53.2949599999999961
0
LINE
8
BLACK
6
CONTINUOUS
10
35.2394999999999996
20
-53.2949599999999961
11
35.2546299999999988
21
-53.4292489999999987
0
LINE
8
BLACK
6
CONTINUOUS
10
35.2546299999999988
20
-53.4292489999999987
11
35.2546309999999963
21
-53.4292540000000002
0
LINE
8
BLACK
6
CONTINUOUS
10
35.2546309999999963
20
-53.4292540000000002
11
35.3142110000000002
21
-53.5995229999999978
0
LINE
8
BLACK
6
CONTINUOUS
10
35.3142110000000002
20
-53.5995229999999978
11
35.3499639999999999
21
-53.6564229999999966
0
LINE
8
BLACK
6
CONTINUOUS
10
35.3499639999999999
20
-53.6564229999999966
11
35.410184000000001
21
-53.7522619999999947
0
LINE
8
BLACK
6
CONTINUOUS
10
35.410184000000001
20
-53.7522619999999947
11
35.5377379999999974
21
-53.8798159999999982
0
LINE
8
BLACK
6
CONTINUOUS
10
35.5377379999999974
20
-53.8798159999999982
11
35.6904779999999988
21
-53.9757889999999989
0
LINE
8
BLACK
6
CONTINUOUS
10
35.6904779999999988
20
-53.9757889999999989
11
35.705804999999998
21
-53.9811519999999945
0
LINE
8
BLACK
6
CONTINUOUS
10
35.705804999999998
20
-53.9811519999999945
11
35.8607450000000014
21
-54.0353679999999983
0
LINE
8
BLACK
6
CONTINUOUS
10
35.8607450000000014
20
-54.0353679999999983
11
35.8607499999999959
21
-54.0353689999999958
0
LINE
8
BLACK
6
CONTINUOUS
10
35.8607499999999959
20
-54.0353689999999958
11
35.9512459999999976
21
-54.0455649999999963
0
LINE
8
BLACK
6
CONTINUOUS
10
35.9512459999999976
20
-54.0455649999999963
11
35.9950399999999959
21
-54.050498999999995
0
LINE
8
BLACK
6
CONTINUOUS
10
35.9950399999999959
20
-54.050498999999995
11
35.9950429999999955
21
-54.0504999999999995
0
LINE
8
BLACK
6
CONTINUOUS
10
35.9950429999999955
20
-54.0504999999999995
11
35.995045999999995
21
-54.0504999999999995
0
LINE
8
BLACK
6
CONTINUOUS
10
35.995045999999995
20
-54.0504999999999995
11
39.0849569999999957
21
-54.0504999999999995
0
LINE
8
BLACK
6
CONTINUOUS
10
39.0849569999999957
20
-54.0504999999999995
11
39.0849580000000003
21
-54.050498999999995
0
LINE
8
BLACK
6
CONTINUOUS
10
39.0849580000000003
20
-54.050498999999995
11
39.1521040000000013
21
-54.0429339999999954
0
LINE
8
BLACK
6
CONTINUOUS
10
39.1521040000000013
20
-54.0429339999999954
11
39.2192489999999978
21
-54.0353689999999958
0
LINE
8
BLACK
6
CONTINUOUS
10
39.2192489999999978
20
-54.0353689999999958
11
39.2192519999999973
21
-54.0353679999999983
0
LINE
8
BLACK
6
CONTINUOUS
10
39.2192519999999973
20
-54.0353679999999983
11
39.2192549999999969
21
-54.0353679999999983
0
LINE
8
BLACK
6
CONTINUOUS
10
39.2192549999999969
20
-54.0353679999999983
11
39.3895219999999995
21
-53.9757889999999989
0
LINE
8
BLACK
6
CONTINUOUS
10
39.3895219999999995
20
-53.9757889999999989
11
39.5422620000000009
21
-53.8798159999999982
0
LINE
8
BLACK
6
CONTINUOUS
10
39.5422620000000009
20
-53.8798159999999982
11
39.6698159999999973
21
-53.7522619999999947
0
LINE
8
BLACK
6
CONTINUOUS
10
39.6698159999999973
20
-53.7522619999999947
11
39.7657889999999981
21
-53.5995220000000003
0
LINE
8
BLACK
6
CONTINUOUS
10
39.7657889999999981
20
-53.5995220000000003
11
39.8253679999999974
21
-53.4292549999999977
0
LINE
8
BLACK
6
CONTINUOUS
10
39.8253679999999974
20
-53.4292549999999977
11
39.8258539999999996
21
-53.424948999999998
0
LINE
8
BLACK
6
CONTINUOUS
10
39.8258539999999996
20
-53.424948999999998
11
39.8326289999999972
21
-53.3648129999999981
0
LINE
8
BLACK
6
CONTINUOUS
10
39.8326289999999972
20
-53.3648129999999981
11
39.859694999999995
21
-53.3003989999999988
0
LINE
8
BLACK
6
CONTINUOUS
10
39.859694999999995
20
-53.3003989999999988
11
39.9172889999999967
21
-53.2608439999999987
0
LINE
8
BLACK
6
CONTINUOUS
10
39.9172889999999967
20
-53.2608439999999987
11
39.9871259999999964
21
-53.2587049999999991
0
LINE
8
BLACK
6
CONTINUOUS
10
39.9871259999999964
20
-53.2587049999999991
11
40.043529999999997
21
-53.2910149999999945
0
LINE
8
BLACK
6
CONTINUOUS
10
40.043529999999997
20
-53.2910149999999945
11
47.6353809999999953
21
-60.8828659999999999
0
LINE
8
BLACK
6
CONTINUOUS
10
47.6353809999999953
20
-60.8828659999999999
11
47.8009890000000013
21
-61.0031869999999969
0
LINE
8
BLACK
6
CONTINUOUS
10
47.8009890000000013
20
-61.0031869999999969
11
47.8547650000000004
21
-61.030586999999997
0
LINE
8
BLACK
6
CONTINUOUS
10
47.8547650000000004
20
-61.030586999999997
11
47.9833809999999943
21
-61.0961199999999991
0
LINE
8
BLACK
6
CONTINUOUS
10
47.9833809999999943
20
-61.0961199999999991
11
47.9833829999999963
21
-61.0961199999999991
0
LINE
8
BLACK
6
CONTINUOUS
10
47.9833829999999963
20
-61.0961199999999991
11
47.9833859999999959
21
-61.096121999999994
0
LINE
8
BLACK
6
CONTINUOUS
10
47.9833859999999959
20
-61.096121999999994
11
48.0337469999999982
21
-61.1124839999999949
0
LINE
8
BLACK
6
CONTINUOUS
10
48.0337469999999982
20
-61.1124839999999949
11
48.0807209999999969
21
-61.1277469999999994
0
LINE
8
BLACK
6
CONTINUOUS
10
48.0807209999999969
20
-61.1277469999999994
11
48.0807219999999944
21
-61.1277479999999969
0
LINE
8
BLACK
6
CONTINUOUS
10
48.0807219999999944
20
-61.1277479999999969
11
48.1050579999999997
21
-61.1356549999999999
0
LINE
8
BLACK
6
CONTINUOUS
10
48.1050579999999997
20
-61.1356549999999999
11
48.1780649999999966
21
-61.1593769999999992
0
LINE
8
BLACK
6
CONTINUOUS
10
48.1780649999999966
20
-61.1593769999999992
11
48.3802479999999946
21
-61.1913999999999945
0
LINE
8
BLACK
6
CONTINUOUS
10
48.3802479999999946
20
-61.1913999999999945
11
48.3802489999999992
21
-61.1913999999999945
0
LINE
8
BLACK
6
CONTINUOUS
10
48.3802489999999992
20
-61.1913999999999945
11
56.7193509999999961
21
-61.1913999999999945
0
LINE
8
BLACK
6
CONTINUOUS
10
56.7193509999999961
20
-61.1913999999999945
11
56.7193520000000007
21
-61.1913999999999945
0
LINE
8
BLACK
6
CONTINUOUS
10
56.7193520000000007
20
-61.1913999999999945
11
56.9215349999999987
21
-61.1593769999999992
0
LINE
8
BLACK
6
CONTINUOUS
10
56.9215349999999987
20
-61.1593769999999992
11
57.0188759999999988
21
-61.1277479999999969
0
LINE
8
BLACK
6
CONTINUOUS
10
57.0188759999999988
20
-61.1277479999999969
11
57.116219000000001
21
-61.0961199999999991
0
LINE
8
BLACK
6
CONTINUOUS
10
57.116219000000001
20
-61.0961199999999991
11
57.2448349999999948
21
-61.030586999999997
0
LINE
8
BLACK
6
CONTINUOUS
10
57.2448349999999948
20
-61.030586999999997
11
57.298610999999994
21
-61.0031869999999969
0
LINE
8
BLACK
6
CONTINUOUS
10
57.298610999999994
20
-61.0031869999999969
11
57.4642189999999999
21
-60.8828659999999999
0
LINE
8
BLACK
6
CONTINUOUS
10
57.4642189999999999
20
-60.8828659999999999
11
60.0039219999999958
21
-58.3431609999999949
0
LINE
8
BLACK
6
CONTINUOUS
10
60.0039219999999958
20
-58.3431609999999949
11
60.0652429999999953
21
-58.3096779999999981
0
LINE
8
BLACK
6
CONTINUOUS
10
60.0652429999999953
20
-58.3096779999999981
11
60.1349349999999987
21
-58.3146619999999984
0
LINE
8
BLACK
6
CONTINUOUS
10
60.1349349999999987
20
-58.3146619999999984
11
60.1908679999999947
21
-58.3565339999999964
0
LINE
8
BLACK
6
CONTINUOUS
10
60.1908679999999947
20
-58.3565339999999964
11
60.2095299999999938
21
-58.3925199999999975
0
LINE
8
BLACK
6
CONTINUOUS
10
60.2095299999999938
20
-58.3925199999999975
11
60.2117590000000007
21
-58.3993789999999962
0
LINE
8
BLACK
6
CONTINUOUS
10
60.2117590000000007
20
-58.3993789999999962
11
60.3056649999999976
21
-58.5836809999999986
0
LINE
8
BLACK
6
CONTINUOUS
10
60.3056649999999976
20
-58.5836809999999986
11
60.3261319999999941
21
-58.6238479999999953
0
LINE
8
BLACK
6
CONTINUOUS
10
60.3261319999999941
20
-58.6238479999999953
11
60.4742010000000008
21
-58.8276489999999939
0
LINE
8
BLACK
6
CONTINUOUS
10
60.4742010000000008
20
-58.8276489999999939
11
60.4742049999999978
21
-58.8276539999999954
0
LINE
8
BLACK
6
CONTINUOUS
10
60.4742049999999978
20
-58.8276539999999954
11
60.6523449999999968
21
-59.0057939999999945
0
LINE
8
BLACK
6
CONTINUOUS
10
60.6523449999999968
20
-59.0057939999999945
11
60.6523499999999984
21
-59.0057979999999986
0
LINE
8
BLACK
6
CONTINUOUS
10
60.6523499999999984
20
-59.0057979999999986
11
60.8301169999999942
21
-59.1349519999999984
0
LINE
8
BLACK
6
CONTINUOUS
10
60.8301169999999942
20
-59.1349519999999984
11
60.856154999999994
21
-59.1538699999999977
0
LINE
8
BLACK
6
CONTINUOUS
10
60.856154999999994
20
-59.1538699999999977
11
60.9991839999999996
21
-59.226746999999996
0
LINE
8
BLACK
6
CONTINUOUS
10
60.9991839999999996
20
-59.226746999999996
11
61.0806159999999991
21
-59.2682389999999941
0
LINE
8
BLACK
6
CONTINUOUS
10
61.0806159999999991
20
-59.2682389999999941
11
61.0806179999999941
21
-59.2682389999999941
0
LINE
8
BLACK
6
CONTINUOUS
10
61.0806179999999941
20
-59.2682389999999941
11
61.0806210000000007
21
-59.2682409999999962
0
LINE
8
BLACK
6
CONTINUOUS
10
61.0806210000000007
20
-59.2682409999999962
11
61.2090490000000003
21
-59.3099699999999999
0
LINE
8
BLACK
6
CONTINUOUS
10
61.2090490000000003
20
-59.3099699999999999
11
61.320214
21
-59.3460899999999967
0
LINE
8
BLACK
6
CONTINUOUS
10
61.320214
20
-59.3460899999999967
11
61.3594389999999947
21
-59.3523019999999946
0
LINE
8
BLACK
6
CONTINUOUS
10
61.3594389999999947
20
-59.3523019999999946
11
61.3953059999999979
21
-59.3579829999999973
0
LINE
8
BLACK
6
CONTINUOUS
10
61.3953059999999979
20
-59.3579829999999973
11
61.4584410000000005
21
-59.387912
0
LINE
8
BLACK
6
CONTINUOUS
10
61.4584410000000005
20
-59.387912
11
61.4635899999999964
21
-59.3927750000000003
0
LINE
8
BLACK
6
CONTINUOUS
10
61.4635899999999964
20
-59.3927750000000003
11
64.6497080000000039
21
-62.5788919999999962
0
LINE
8
BLACK
6
CONTINUOUS
10
64.6497080000000039
20
-62.5788919999999962
11
64.649721999999997
21
-62.5789069999999938
0
LINE
8
BLACK
6
CONTINUOUS
10
64.649721999999997
20
-62.5789069999999938
11
64.6528330000000011
21
-62.5820179999999979
0
LINE
8
BLACK
6
CONTINUOUS
10
64.6528330000000011
20
-62.5820179999999979
11
64.6528339999999986
21
-62.5820189999999954
0
LINE
8
BLACK
6
CONTINUOUS
10
64.6528339999999986
20
-62.5820189999999954
11
64.7975809999999939
21
-62.7267659999999978
0
LINE
8
BLACK
6
CONTINUOUS
10
64.7975809999999939
20
-62.7267659999999978
11
64.7975840000000005
21
-62.7267679999999999
0
LINE
8
BLACK
6
CONTINUOUS
10
64.7975840000000005
20
-62.7267679999999999
11
64.7975879999999904
21
-62.7267719999999969
0
LINE
8
BLACK
6
CONTINUOUS
10
64.7975879999999904
20
-62.7267719999999969
11
64.9477679999999964
21
-62.835881999999998
0
LINE
8
BLACK
6
CONTINUOUS
10
64.9477679999999964
20
-62.835881999999998
11
64.9631899999999973
21
-62.8470869999999948
0
LINE
8
BLACK
6
CONTINUOUS
10
64.9631899999999973
20
-62.8470869999999948
11
65.082419999999999
21
-62.9078379999999981
0
LINE
8
BLACK
6
CONTINUOUS
10
65.082419999999999
20
-62.9078379999999981
11
65.1455809999999929
21
-62.9400209999999944
0
LINE
8
BLACK
6
CONTINUOUS
10
65.1455809999999929
20
-62.9400209999999944
11
65.1455839999999995
21
-62.940021999999999
0
LINE
8
BLACK
6
CONTINUOUS
10
65.1455839999999995
20
-62.940021999999999
11
65.2429240000000021
21
-62.9716489999999993
0
LINE
8
BLACK
6
CONTINUOUS
10
65.2429240000000021
20
-62.9716489999999993
11
65.3402659999999997
21
-63.0032769999999971
0
LINE
8
BLACK
6
CONTINUOUS
10
65.3402659999999997
20
-63.0032769999999971
11
65.5424479999999932
21
-63.0352999999999994
0
LINE
8
BLACK
6
CONTINUOUS
10
65.5424479999999932
20
-63.0352999999999994
11
65.5424489999999906
21
-63.0352999999999994
0
LINE
8
BLACK
6
CONTINUOUS
10
65.5424489999999906
20
-63.0352999999999994
11
65.7471519999999998
21
-63.0352999999999994
0
LINE
8
BLACK
6
CONTINUOUS
10
65.7471519999999998
20
-63.0352999999999994
11
92.8619529999999997
21
-63.0352999999999994
0
LINE
8
BLACK
6
CONTINUOUS
10
92.8619529999999997
20
-63.0352999999999994
11
92.9289919999999938
21
-63.054984999999995
0
LINE
8
BLACK
6
CONTINUOUS
10
92.9289919999999938
20
-63.054984999999995
11
92.9747469999999936
21
-63.1077889999999968
0
LINE
8
BLACK
6
CONTINUOUS
10
92.9747469999999936
20
-63.1077889999999968
11
92.984690999999998
21
-63.1769469999999984
0
LINE
8
BLACK
6
CONTINUOUS
10
92.984690999999998
20
-63.1769469999999984
11
92.9556659999999937
21
-63.2405029999999968
0
LINE
8
BLACK
6
CONTINUOUS
10
92.9556659999999937
20
-63.2405029999999968
11
92.949633999999989
21
-63.2469809999999981
0
LINE
8
BLACK
6
CONTINUOUS
10
92.949633999999989
20
-63.2469809999999981
11
91.6984339999999918
21
-64.4981810000000024
0
LINE
8
BLACK
6
CONTINUOUS
10
91.6984339999999918
20
-64.4981810000000024
11
91.6371109999999902
21
-64.5316660000000013
0
LINE
8
BLACK
6
CONTINUOUS
10
91.6371109999999902
20
-64.5316660000000013
11
91.6107530000000025
21
-64.5344999999999942
0
LINE
8
BLACK
6
CONTINUOUS
10
91.6107530000000025
20
-64.5344999999999942
11
62.6682379999999952
21
-64.5344999999999942
0
LINE
8
BLACK
6
CONTINUOUS
10
62.6682379999999952
20
-64.5344999999999942
11
62.601198999999994
21
-64.5148149999999987
0
LINE
8
BLACK
6
CONTINUOUS
10
62.601198999999994
20
-64.5148149999999987
11
62.5953619999999944
21
-64.5108239999999995
0
LINE
8
BLACK
6
CONTINUOUS
10
62.5953619999999944
20
-64.5108239999999995
11
62.5338449999999995
21
-64.4661299999999926
0
LINE
8
BLACK
6
CONTINUOUS
10
62.5338449999999995
20
-64.4661299999999926
11
62.3093829999999969
21
-64.3517599999999987
0
LINE
8
BLACK
6
CONTINUOUS
10
62.3093829999999969
20
-64.3517599999999987
11
62.069784999999996
21
-64.2739100000000008
0
LINE
8
BLACK
6
CONTINUOUS
10
62.069784999999996
20
-64.2739100000000008
11
61.8209619999999944
21
-64.234499999999997
0
LINE
8
BLACK
6
CONTINUOUS
10
61.8209619999999944
20
-64.234499999999997
11
61.569037999999999
21
-64.234499999999997
0
LINE
8
BLACK
6
CONTINUOUS
10
61.569037999999999
20
-64.234499999999997
11
61.4446259999999995
21
-64.2542049999999989
0
LINE
8
BLACK
6
CONTINUOUS
10
61.4446259999999995
20
-64.2542049999999989
11
61.320214
21
-64.2739100000000008
0
LINE
8
BLACK
6
CONTINUOUS
10
61.320214
20
-64.2739100000000008
11
61.0806159999999991
21
-64.3517599999999987
0
LINE
8
BLACK
6
CONTINUOUS
10
61.0806159999999991
20
-64.3517599999999987
11
60.856150999999997
21
-64.4661320000000018
0
LINE
8
BLACK
6
CONTINUOUS
10
60.856150999999997
20
-64.4661320000000018
11
60.6523499999999984
21
-64.6142009999999942
0
LINE
8
BLACK
6
CONTINUOUS
10
60.6523499999999984
20
-64.6142009999999942
11
60.6523449999999968
21
-64.6142049999999983
0
LINE
8
BLACK
6
CONTINUOUS
10
60.6523449999999968
20
-64.6142049999999983
11
60.4742049999999978
21
-64.7923449999999974
0
LINE
8
BLACK
6
CONTINUOUS
10
60.4742049999999978
20
-64.7923449999999974
11
60.4742010000000008
21
-64.792349999999999
0
LINE
8
BLACK
6
CONTINUOUS
10
60.4742010000000008
20
-64.792349999999999
11
60.3261319999999941
21
-64.9961509999999976
0
LINE
8
BLACK
6
CONTINUOUS
10
60.3261319999999941
20
-64.9961509999999976
11
60.2117599999999982
21
-65.2206159999999926
0
LINE
8
BLACK
6
CONTINUOUS
10
60.2117599999999982
20
-65.2206159999999926
11
60.1339100000000002
21
-65.4602139999999935
0
LINE
8
BLACK
6
CONTINUOUS
10
60.1339100000000002
20
-65.4602139999999935
11
60.0944999999999965
21
-65.7090379999999925
0
LINE
8
BLACK
6
CONTINUOUS
10
60.0944999999999965
20
-65.7090379999999925
11
60.0944999999999965
21
-65.9609609999999975
0
LINE
8
BLACK
6
CONTINUOUS
10
60.0944999999999965
20
-65.9609609999999975
11
60.1339100000000002
21
-66.2097849999999966
0
LINE
8
BLACK
6
CONTINUOUS
10
60.1339100000000002
20
-66.2097849999999966
11
60.2117599999999982
21
-66.4493829999999974
0
LINE
8
BLACK
6
CONTINUOUS
10
60.2117599999999982
20
-66.4493829999999974
11
60.2281789999999972
21
-66.4816050000000018
0
LINE
8
BLACK
6
CONTINUOUS
10
60.2281789999999972
20
-66.4816050000000018
11
60.241074999999995
21
-66.5502740000000017
0
LINE
8
BLACK
6
CONTINUOUS
10
60.241074999999995
20
-66.5502740000000017
11
60.2147989999999993
21
-66.6150140000000022
0
LINE
8
BLACK
6
CONTINUOUS
10
60.2147989999999993
20
-66.6150140000000022
11
60.1576929999999948
21
-66.6552719999999965
0
LINE
8
BLACK
6
CONTINUOUS
10
60.1576929999999948
20
-66.6552719999999965
11
60.1176940000000002
21
-66.6619000000000028
0
LINE
8
BLACK
6
CONTINUOUS
10
60.1176940000000002
20
-66.6619000000000028
11
56.7924469999999957
21
-66.6619000000000028
0
LINE
8
BLACK
6
CONTINUOUS
10
56.7924469999999957
20
-66.6619000000000028
11
56.7254079999999945
21
-66.6422149999999931
0
LINE
8
BLACK
6
CONTINUOUS
10
56.7254079999999945
20
-66.6422149999999931
11
56.7047659999999993
21
-66.6255809999999968
0
LINE
8
BLACK
6
CONTINUOUS
10
56.7047659999999993
20
-66.6255809999999968
11
55.6827749999999995
21
-65.603589999999997
0
LINE
8
BLACK
6
CONTINUOUS
10
55.6827749999999995
20
-65.603589999999997
11
55.6492900000000006
21
-65.5422669999999954
0
LINE
8
BLACK
6
CONTINUOUS
10
55.6492900000000006
20
-65.5422669999999954
11
55.6479829999999964
21
-65.5353059999999914
0
LINE
8
BLACK
6
CONTINUOUS
10
55.6479829999999964
20
-65.5353059999999914
11
55.6360899999999958
21
-65.4602139999999935
0
LINE
8
BLACK
6
CONTINUOUS
10
55.6360899999999958
20
-65.4602139999999935
11
55.5582390000000004
21
-65.2206159999999926
0
LINE
8
BLACK
6
CONTINUOUS
10
55.5582390000000004
20
-65.2206159999999926
11
55.5167469999999952
21
-65.1391840000000002
0
LINE
8
BLACK
6
CONTINUOUS
10
55.5167469999999952
20
-65.1391840000000002
11
55.4438699999999969
21
-64.9961550000000017
0
LINE
8
BLACK
6
CONTINUOUS
10
55.4438699999999969
20
-64.9961550000000017
11
55.4249519999999976
21
-64.9701170000000019
0
LINE
8
BLACK
6
CONTINUOUS
10
55.4249519999999976
20
-64.9701170000000019
11
55.2957979999999978
21
-64.792349999999999
0
LINE
8
BLACK
6
CONTINUOUS
10
55.2957979999999978
20
-64.792349999999999
11
55.2957940000000008
21
-64.7923449999999974
0
LINE
8
BLACK
6
CONTINUOUS
10
55.2957940000000008
20
-64.7923449999999974
11
55.1176539999999946
21
-64.6142049999999983
0
LINE
8
BLACK
6
CONTINUOUS
10
55.1176539999999946
20
-64.6142049999999983
11
55.1176490000000001
21
-64.6142009999999942
0
LINE
8
BLACK
6
CONTINUOUS
10
55.1176490000000001
20
-64.6142009999999942
11
54.9138479999999944
21
-64.4661320000000018
0
LINE
8
BLACK
6
CONTINUOUS
10
54.9138479999999944
20
-64.4661320000000018
11
54.913846999999997
21
-64.4661309999999901
0
LINE
8
BLACK
6
CONTINUOUS
10
54.913846999999997
20
-64.4661309999999901
11
54.9138449999999949
21
-64.4661299999999926
0
LINE
8
BLACK
6
CONTINUOUS
10
54.9138449999999949
20
-64.4661299999999926
11
54.8437470000000005
21
-64.4304130000000015
0
LINE
8
BLACK
6
CONTINUOUS
10
54.8437470000000005
20
-64.4304130000000015
11
54.6893829999999994
21
-64.3517599999999987
0
LINE
8
BLACK
6
CONTINUOUS
10
54.6893829999999994
20
-64.3517599999999987
11
54.4497849999999985
21
-64.2739100000000008
0
LINE
8
BLACK
6
CONTINUOUS
10
54.4497849999999985
20
-64.2739100000000008
11
54.200961999999997
21
-64.234499999999997
0
LINE
8
BLACK
6
CONTINUOUS
10
54.200961999999997
20
-64.234499999999997
11
53.9490379999999945
21
-64.234499999999997
0
LINE
8
BLACK
6
CONTINUOUS
10
53.9490379999999945
20
-64.234499999999997
11
53.824625999999995
21
-64.2542049999999989
0
LINE
8
BLACK
6
CONTINUOUS
10
53.824625999999995
20
-64.2542049999999989
11
53.7002139999999955
21
-64.2739100000000008
0
LINE
8
BLACK
6
CONTINUOUS
10
53.7002139999999955
20
-64.2739100000000008
11
53.4606159999999946
21
-64.3517599999999987
0
LINE
8
BLACK
6
CONTINUOUS
10
53.4606159999999946
20
-64.3517599999999987
11
53.2361509999999996
21
-64.4661320000000018
0
LINE
8
BLACK
6
CONTINUOUS
10
53.2361509999999996
20
-64.4661320000000018
11
53.032350000000001
21
-64.6142009999999942
0
LINE
8
BLACK
6
CONTINUOUS
10
53.032350000000001
20
-64.6142009999999942
11
53.0323449999999994
21
-64.6142049999999983
0
LINE
8
BLACK
6
CONTINUOUS
10
53.0323449999999994
20
-64.6142049999999983
11
52.8542050000000003
21
-64.7923449999999974
0
LINE
8
BLACK
6
CONTINUOUS
10
52.8542050000000003
20
-64.7923449999999974
11
52.8542009999999962
21
-64.792349999999999
0
LINE
8
BLACK
6
CONTINUOUS
10
52.8542009999999962
20
-64.792349999999999
11
52.7061319999999967
21
-64.9961509999999976
0
LINE
8
BLACK
6
CONTINUOUS
10
52.7061319999999967
20
-64.9961509999999976
11
52.5917600000000007
21
-65.2206159999999926
0
LINE
8
BLACK
6
CONTINUOUS
10
52.5917600000000007
20
-65.2206159999999926
11
52.5139099999999956
21
-65.4602139999999935
0
LINE
8
BLACK
6
CONTINUOUS
10
52.5139099999999956
20
-65.4602139999999935
11
52.474499999999999
21
-65.7090379999999925
0
LINE
8
BLACK
6
CONTINUOUS
10
52.474499999999999
20
-65.7090379999999925
11
52.474499999999999
21
-65.9609609999999975
0
LINE
8
BLACK
6
CONTINUOUS
10
52.474499999999999
20
-65.9609609999999975
11
52.5139099999999956
21
-66.2097849999999966
0
LINE
8
BLACK
6
CONTINUOUS
10
52.5139099999999956
20
-66.2097849999999966
11
52.5917600000000007
21
-66.4493829999999974
0
LINE
8
BLACK
6
CONTINUOUS
10
52.5917600000000007
20
-66.4493829999999974
11
52.7061319999999967
21
-66.6738479999999925
0
LINE
8
BLACK
6
CONTINUOUS
10
52.7061319999999967
20
-66.6738479999999925
11
52.8542009999999962
21
-66.877648999999991
0
LINE
8
BLACK
6
CONTINUOUS
10
52.8542009999999962
20
-66.877648999999991
11
52.8542050000000003
21
-66.8776539999999926
0
LINE
8
BLACK
6
CONTINUOUS
10
52.8542050000000003
20
-66.8776539999999926
11
53.0323449999999994
21
-67.0557939999999917
0
LINE
8
BLACK
6
CONTINUOUS
10
53.0323449999999994
20
-67.0557939999999917
11
53.032350000000001
21
-67.0557979999999958
0
LINE
8
BLACK
6
CONTINUOUS
10
53.032350000000001
20
-67.0557979999999958
11
53.2101169999999968
21
-67.1849519999999956
0
LINE
8
BLACK
6
CONTINUOUS
10
53.2101169999999968
20
-67.1849519999999956
11
53.2361549999999966
21
-67.2038699999999949
0
LINE
8
BLACK
6
CONTINUOUS
10
53.2361549999999966
20
-67.2038699999999949
11
53.3791839999999951
21
-67.2767470000000003
0
LINE
8
BLACK
6
CONTINUOUS
10
53.3791839999999951
20
-67.2767470000000003
11
53.4606159999999946
21
-67.3182389999999913
0
LINE
8
BLACK
6
CONTINUOUS
10
53.4606159999999946
20
-67.3182389999999913
11
53.4606179999999966
21
-67.3182389999999913
0
LINE
8
BLACK
6
CONTINUOUS
10
53.4606179999999966
20
-67.3182389999999913
11
53.4606209999999962
21
-67.3182410000000004
0
LINE
8
BLACK
6
CONTINUOUS
10
53.4606209999999962
20
-67.3182410000000004
11
53.5890489999999957
21
-67.3599699999999899
0
LINE
8
BLACK
6
CONTINUOUS
10
53.5890489999999957
20
-67.3599699999999899
11
53.7002139999999955
21
-67.3960900000000009
0
LINE
8
BLACK
6
CONTINUOUS
10
53.7002139999999955
20
-67.3960900000000009
11
53.7394389999999973
21
-67.4023019999999917
0
LINE
8
BLACK
6
CONTINUOUS
10
53.7394389999999973
20
-67.4023019999999917
11
53.7753060000000005
21
-67.4079830000000015
0
LINE
8
BLACK
6
CONTINUOUS
10
53.7753060000000005
20
-67.4079830000000015
11
53.838440999999996
21
-67.4379119999999972
0
LINE
8
BLACK
6
CONTINUOUS
10
53.838440999999996
20
-67.4379119999999972
11
53.843589999999999
21
-67.4427749999999975
0
LINE
8
BLACK
6
CONTINUOUS
10
53.843589999999999
20
-67.4427749999999975
11
55.3551809999999946
21
-68.9543659999999932
0
LINE
8
BLACK
6
CONTINUOUS
10
55.3551809999999946
20
-68.9543659999999932
11
55.5207890000000006
21
-69.0746869999999973
0
LINE
8
BLACK
6
CONTINUOUS
10
55.5207890000000006
20
-69.0746869999999973
11
55.6119849999999971
21
-69.1211529999999925
0
LINE
8
BLACK
6
CONTINUOUS
10
55.6119849999999971
20
-69.1211529999999925
11
55.7031810000000007
21
-69.1676199999999994
0
LINE
8
BLACK
6
CONTINUOUS
10
55.7031810000000007
20
-69.1676199999999994
11
55.8005229999999983
21
-69.1992479999999972
0
LINE
8
BLACK
6
CONTINUOUS
10
55.8005229999999983
20
-69.1992479999999972
11
55.8978649999999959
21
-69.2308769999999924
0
LINE
8
BLACK
6
CONTINUOUS
10
55.8978649999999959
20
-69.2308769999999924
11
56.1000479999999939
21
-69.2629000000000019
0
LINE
8
BLACK
6
CONTINUOUS
10
56.1000479999999939
20
-69.2629000000000019
11
56.1000489999999985
21
-69.2629000000000019
0
LINE
8
BLACK
6
CONTINUOUS
10
56.1000489999999985
20
-69.2629000000000019
11
99.4432509999999894
21
-69.2629000000000019
0
LINE
8
BLACK
6
CONTINUOUS
10
99.4432509999999894
20
-69.2629000000000019
11
99.4432520000000011
21
-69.2629000000000019
0
LINE
8
BLACK
6
CONTINUOUS
10
99.4432520000000011
20
-69.2629000000000019
11
99.645434999999992
21
-69.2308769999999924
0
LINE
8
BLACK
6
CONTINUOUS
10
99.645434999999992
20
-69.2308769999999924
11
99.7427759999999921
21
-69.1992479999999972
0
LINE
8
BLACK
6
CONTINUOUS
10
99.7427759999999921
20
-69.1992479999999972
11
99.8401190000000014
21
-69.1676199999999994
0
LINE
8
BLACK
6
CONTINUOUS
10
99.8401190000000014
20
-69.1676199999999994
11
99.9313140000000004
21
-69.1211529999999925
0
LINE
8
BLACK
6
CONTINUOUS
10
99.9313140000000004
20
-69.1211529999999925
11
100.0225109999999944
21
-69.0746869999999973
0
LINE
8
BLACK
6
CONTINUOUS
10
100.0225109999999944
20
-69.0746869999999973
11
100.1881190000000004
21
-68.9543659999999932
0
LINE
8
BLACK
6
CONTINUOUS
10
100.1881190000000004
20
-68.9543659999999932
11
103.495829999999998
21
-65.6466549999999955
0
LINE
8
BLACK
6
CONTINUOUS
10
103.495829999999998
20
-65.6466549999999955
11
107.8873660000000001
21
-61.2551190000000005
0
LINE
8
BLACK
6
CONTINUOUS
10
107.8873660000000001
20
-61.2551190000000005
11
107.9486890000000017
21
-61.2216339999999946
0
LINE
8
BLACK
6
CONTINUOUS
10
107.9486890000000017
20
-61.2216339999999946
11
107.9750469999999893
21
-61.2187999999999946
0
LINE
8
BLACK
6
CONTINUOUS
10
107.9750469999999893
20
-61.2187999999999946
11
138.2187509999999975
21
-61.2187999999999946
0
LINE
8
BLACK
6
CONTINUOUS
10
138.2187509999999975
20
-61.2187999999999946
11
138.218751999999995
21
-61.2187999999999946
0
LINE
8
BLACK
6
CONTINUOUS
10
138.218751999999995
20
-61.2187999999999946
11
138.4209349999999858
21
-61.1867769999999993
0
LINE
8
BLACK
6
CONTINUOUS
10
138.4209349999999858
20
-61.1867769999999993
11
138.518275999999986
21
-61.155147999999997
0
LINE
8
BLACK
6
CONTINUOUS
10
138.518275999999986
20
-61.155147999999997
11
138.615618999999981
21
-61.1235199999999992
0
LINE
8
BLACK
6
CONTINUOUS
10
138.615618999999981
20
-61.1235199999999992
11
138.7068139999999801
21
-61.0770529999999994
0
LINE
8
BLACK
6
CONTINUOUS
10
138.7068139999999801
20
-61.0770529999999994
11
138.7980110000000025
21
-61.030586999999997
0
LINE
8
BLACK
6
CONTINUOUS
10
138.7980110000000025
20
-61.030586999999997
11
138.9636189999999942
21
-60.910266
0
LINE
8
BLACK
6
CONTINUOUS
10
138.9636189999999942
20
-60.910266
11
144.4554660000000013
21
-55.4184190000000001
0
LINE
8
BLACK
6
CONTINUOUS
10
144.4554660000000013
20
-55.4184190000000001
11
144.5757869999999912
21
-55.2528109999999941
0
LINE
8
BLACK
6
CONTINUOUS
10
144.5757869999999912
20
-55.2528109999999941
11
144.6429080000000056
21
-55.1210769999999997
0
LINE
8
BLACK
6
CONTINUOUS
10
144.6429080000000056
20
-55.1210769999999997
11
144.6687200000000075
21
-55.070418999999994
0
LINE
8
BLACK
6
CONTINUOUS
10
144.6687200000000075
20
-55.070418999999994
11
144.7319770000000005
21
-54.8757339999999942
0
LINE
8
BLACK
6
CONTINUOUS
10
144.7319770000000005
20
-54.8757339999999942
11
144.7639999999999816
21
-54.6735520000000008
0
LINE
8
BLACK
6
CONTINUOUS
10
144.7639999999999816
20
-54.6735520000000008
11
144.7639999999999816
21
-30.7602479999999971
0
LINE
8
BLACK
6
CONTINUOUS
10
144.7639999999999816
20
-30.7602479999999971
11
144.7543780000000027
21
-30.6994999999999969
0
LINE
8
BLACK
6
CONTINUOUS
10
144.7543780000000027
20
-30.6994999999999969
11
144.7319770000000005
21
-30.5580649999999991
0
LINE
8
BLACK
6
CONTINUOUS
10
144.7319770000000005
20
-30.5580649999999991
11
144.6687179999999842
21
-30.3633759999999988
0
LINE
8
BLACK
6
CONTINUOUS
10
144.6687179999999842
20
-30.3633759999999988
11
144.6194480000000055
21
-30.2666789999999999
0
LINE
8
BLACK
6
CONTINUOUS
10
144.6194480000000055
20
-30.2666789999999999
11
144.5757869999999912
21
-30.1809899999999978
0
LINE
8
BLACK
6
CONTINUOUS
10
144.5757869999999912
20
-30.1809899999999978
11
144.5536189999999976
21
-30.1504779999999997
0
LINE
8
BLACK
6
CONTINUOUS
10
144.5536189999999976
20
-30.1504779999999997
11
144.4554709999999886
21
-30.0153859999999995
0
LINE
8
BLACK
6
CONTINUOUS
10
144.4554709999999886
20
-30.0153859999999995
11
142.6049209999999903
21
-28.1648359999999975
0
LINE
8
BLACK
6
CONTINUOUS
10
142.6049209999999903
20
-28.1648359999999975
11
142.6049189999999953
21
-28.164833999999999
0
LINE
8
BLACK
6
CONTINUOUS
10
142.6049189999999953
20
-28.164833999999999
11
142.4393110000000036
21
-28.0445129999999985
0
LINE
8
BLACK
6
CONTINUOUS
10
142.4393110000000036
20
-28.0445129999999985
11
142.3481139999999812
21
-27.9980459999999987
0
LINE
8
BLACK
6
CONTINUOUS
10
142.3481139999999812
20
-27.9980459999999987
11
142.2569189999999821
21
-27.9515799999999999
0
LINE
8
BLACK
6
CONTINUOUS
10
142.2569189999999821
20
-27.9515799999999999
11
142.1306510000000003
21
-27.9105530000000002
0
LINE
8
BLACK
6
CONTINUOUS
10
142.1306510000000003
20
-27.9105530000000002
11
142.1306500000000028
21
-27.9105519999999991
0
LINE
8
BLACK
6
CONTINUOUS
10
142.1306500000000028
20
-27.9105519999999991
11
142.0622319999999945
21
-27.8883219999999987
0
LINE
8
BLACK
6
CONTINUOUS
10
142.0622319999999945
20
-27.8883219999999987
11
141.9069199999999853
21
-27.8637230000000002
0
LINE
8
BLACK
6
CONTINUOUS
10
141.9069199999999853
20
-27.8637230000000002
11
141.860051999999996
21
-27.8562999999999974
0
LINE
8
BLACK
6
CONTINUOUS
10
141.860051999999996
20
-27.8562999999999974
11
107.8044479999999936
21
-27.8562999999999974
0
LINE
8
BLACK
6
CONTINUOUS
10
107.8044479999999936
20
-27.8562999999999974
11
107.7370540000000005
21
-27.866973999999999
0
LINE
8
BLACK
6
CONTINUOUS
10
107.7370540000000005
20
-27.866973999999999
11
107.602263999999991
21
-27.8883229999999998
0
LINE
8
BLACK
6
CONTINUOUS
10
107.602263999999991
20
-27.8883229999999998
11
107.4075839999999999
21
-27.9515770000000003
0
LINE
8
BLACK
6
CONTINUOUS
10
107.4075839999999999
20
-27.9515770000000003
11
107.4075809999999933
21
-27.9515779999999978
0
LINE
8
BLACK
6
CONTINUOUS
10
107.4075809999999933
20
-27.9515779999999978
11
107.2251859999999937
21
-28.044514999999997
0
LINE
8
BLACK
6
CONTINUOUS
10
107.2251859999999937
20
-28.044514999999997
11
107.0595859999999959
21
-28.164828
0
LINE
8
BLACK
6
CONTINUOUS
10
107.0595859999999959
20
-28.164828
11
107.0595819999999918
21
-28.164831999999997
0
LINE
8
BLACK
6
CONTINUOUS
10
107.0595819999999918
20
-28.164831999999997
11
106.9148309999999924
21
-28.3095839999999974
0
LINE
8
BLACK
6
CONTINUOUS
10
106.9148309999999924
20
-28.3095839999999974
11
97.9113509999999962
21
-37.3130619999999951
0
LINE
8
BLACK
6
CONTINUOUS
10
97.9113509999999962
20
-37.3130619999999951
11
97.8500279999999947
21
-37.346547000000001
0
LINE
8
BLACK
6
CONTINUOUS
10
97.8500279999999947
20
-37.346547000000001
11
97.7803359999999913
21
-37.3415630000000007
0
LINE
8
BLACK
6
CONTINUOUS
10
97.7803359999999913
20
-37.3415630000000007
11
97.7244029999999952
21
-37.2996909999999957
0
LINE
8
BLACK
6
CONTINUOUS
10
97.7244029999999952
20
-37.2996909999999957
11
97.7057389999999941
21
-37.263697999999998
0
LINE
8
BLACK
6
CONTINUOUS
10
97.7057389999999941
20
-37.263697999999998
11
97.6982409999999959
21
-37.2406209999999973
0
LINE
8
BLACK
6
CONTINUOUS
10
97.6982409999999959
20
-37.2406209999999973
11
97.5838699999999903
21
-37.0161549999999977
0
LINE
8
BLACK
6
CONTINUOUS
10
97.5838699999999903
20
-37.0161549999999977
11
97.5429149999999936
21
-36.9597849999999966
0
LINE
8
BLACK
6
CONTINUOUS
10
97.5429149999999936
20
-36.9597849999999966
11
97.4357979999999912
21
-36.812349999999995
0
LINE
8
BLACK
6
CONTINUOUS
10
97.4357979999999912
20
-36.812349999999995
11
97.4357940000000013
21
-36.8123450000000005
0
LINE
8
BLACK
6
CONTINUOUS
10
97.4357940000000013
20
-36.8123450000000005
11
97.2576540000000023
21
-36.6342050000000015
0
LINE
8
BLACK
6
CONTINUOUS
10
97.2576540000000023
20
-36.6342050000000015
11
97.2576490000000007
21
-36.6342009999999974
0
LINE
8
BLACK
6
CONTINUOUS
10
97.2576490000000007
20
-36.6342009999999974
11
97.0538480000000021
21
-36.4861319999999978
0
LINE
8
BLACK
6
CONTINUOUS
10
97.0538480000000021
20
-36.4861319999999978
11
97.0538469999999904
21
-36.4861310000000003
0
LINE
8
BLACK
6
CONTINUOUS
10
97.0538469999999904
20
-36.4861310000000003
11
97.0538449999999955
21
-36.4861299999999957
0
LINE
8
BLACK
6
CONTINUOUS
10
97.0538449999999955
20
-36.4861299999999957
11
96.9837469999999939
21
-36.4504129999999975
0
LINE
8
BLACK
6
CONTINUOUS
10
96.9837469999999939
20
-36.4504129999999975
11
96.8293829999999929
21
-36.3717600000000019
0
LINE
8
BLACK
6
CONTINUOUS
10
96.8293829999999929
20
-36.3717600000000019
11
96.589784999999992
21
-36.2939099999999968
0
LINE
8
BLACK
6
CONTINUOUS
10
96.589784999999992
20
-36.2939099999999968
11
96.5897789999999929
21
-36.2939089999999993
0
LINE
8
BLACK
6
CONTINUOUS
10
96.5897789999999929
20
-36.2939089999999993
11
96.3409619999999904
21
-36.2545000000000002
0
LINE
8
BLACK
6
CONTINUOUS
10
96.3409619999999904
20
-36.2545000000000002
11
96.0890380000000022
21
-36.2545000000000002
0
LINE
8
BLACK
6
CONTINUOUS
10
96.0890380000000022
20
-36.2545000000000002
11
95.9646259999999955
21
-36.2742049999999949
0
LINE
8
BLACK
6
CONTINUOUS
10
95.9646259999999955
20
-36.2742049999999949
11
95.8402139999999889
21
-36.2939099999999968
0
LINE
8
BLACK
6
CONTINUOUS
10
95.8402139999999889
20
-36.2939099999999968
11
95.6006160000000023
21
-36.3717600000000019
0
LINE
8
BLACK
6
CONTINUOUS
10
95.6006160000000023
20
-36.3717600000000019
11
95.376150999999993
21
-36.4861319999999978
0
LINE
8
BLACK
6
CONTINUOUS
10
95.376150999999993
20
-36.4861319999999978
11
95.1723499999999945
21
-36.6342009999999974
0
LINE
8
BLACK
6
CONTINUOUS
10
95.1723499999999945
20
-36.6342009999999974
11
95.1723449999999929
21
-36.6342050000000015
0
LINE
8
BLACK
6
CONTINUOUS
10
95.1723449999999929
20
-36.6342050000000015
11
94.9942049999999938
21
-36.8123450000000005
0
LINE
8
BLACK
6
CONTINUOUS
10
94.9942049999999938
20
-36.8123450000000005
11
94.9942009999999897
21
-36.812349999999995
0
LINE
8
BLACK
6
CONTINUOUS
10
94.9942009999999897
20
-36.812349999999995
11
94.8461319999999972
21
-37.0161510000000007
0
LINE
8
BLACK
6
CONTINUOUS
10
94.8461319999999972
20
-37.0161510000000007
11
94.7317599999999942
21
-37.2406179999999978
0
LINE
8
BLACK
6
CONTINUOUS
10
94.7317599999999942
20
-37.2406179999999978
11
94.6539089999999987
21
-37.4802159999999986
0
LINE
8
BLACK
6
CONTINUOUS
10
94.6539089999999987
20
-37.4802159999999986
11
94.6420150000000007
21
-37.5553099999999986
0
LINE
8
BLACK
6
CONTINUOUS
10
94.6420150000000007
20
-37.5553099999999986
11
94.6120849999999933
21
-37.6184439999999967
0
LINE
8
BLACK
6
CONTINUOUS
10
94.6120849999999933
20
-37.6184439999999967
11
94.6072229999999905
21
-37.6235909999999976
0
LINE
8
BLACK
6
CONTINUOUS
10
94.6072229999999905
20
-37.6235909999999976
11
91.9026339999999919
21
-40.3281810000000007
0
LINE
8
BLACK
6
CONTINUOUS
10
91.9026339999999919
20
-40.3281810000000007
11
91.8413109999999904
21
-40.3616659999999996
0
LINE
8
BLACK
6
CONTINUOUS
10
91.8413109999999904
20
-40.3616659999999996
11
91.8149530000000027
21
-40.3644999999999996
0
LINE
8
BLACK
6
CONTINUOUS
10
91.8149530000000027
20
-40.3644999999999996
11
82.3861419999999924
21
-40.3644999999999996
0
LINE
8
BLACK
6
CONTINUOUS
10
82.3861419999999924
20
-40.3644999999999996
11
82.3191029999999984
21
-40.344814999999997
0
LINE
8
BLACK
6
CONTINUOUS
10
82.3191029999999984
20
-40.344814999999997
11
82.2733479999999986
21
-40.2920109999999951
0
LINE
8
BLACK
6
CONTINUOUS
10
82.2733479999999986
20
-40.2920109999999951
11
82.2634039999999942
21
-40.2228530000000006
0
LINE
8
BLACK
6
CONTINUOUS
10
82.2634039999999942
20
-40.2228530000000006
11
82.285823999999991
21
-40.1676149999999978
0
LINE
8
BLACK
6
CONTINUOUS
10
82.285823999999991
20
-40.1676149999999978
11
82.374102999999991
21
-40.0461059999999947
0
LINE
8
BLACK
6
CONTINUOUS
10
82.374102999999991
20
-40.0461059999999947
11
82.4338699999999989
21
-39.9638449999999992
0
LINE
8
BLACK
6
CONTINUOUS
10
82.4338699999999989
20
-39.9638449999999992
11
82.5482409999999902
21
-39.7393789999999996
0
LINE
8
BLACK
6
CONTINUOUS
10
82.5482409999999902
20
-39.7393789999999996
11
82.6260899999999907
21
-39.4997849999999957
0
LINE
8
BLACK
6
CONTINUOUS
10
82.6260899999999907
20
-39.4997849999999957
11
82.6654999999999944
21
-39.2509620000000012
0
LINE
8
BLACK
6
CONTINUOUS
10
82.6654999999999944
20
-39.2509620000000012
11
82.6654999999999944
21
-38.9990379999999988
0
LINE
8
BLACK
6
CONTINUOUS
10
82.6654999999999944
20
-38.9990379999999988
11
82.6260899999999907
21
-38.7502149999999972
0
LINE
8
BLACK
6
CONTINUOUS
10
82.6260899999999907
20
-38.7502149999999972
11
82.5482409999999902
21
-38.5106210000000004
0
LINE
8
BLACK
6
CONTINUOUS
10
82.5482409999999902
20
-38.5106210000000004
11
82.5482389999999953
21
-38.5106180000000009
0
LINE
8
BLACK
6
CONTINUOUS
10
82.5482389999999953
20
-38.5106180000000009
11
82.5482389999999953
21
-38.5106159999999988
0
LINE
8
BLACK
6
CONTINUOUS
10
82.5482389999999953
20
-38.5106159999999988
11
82.4775240000000025
21
-38.3718310000000002
0
LINE
8
BLACK
6
CONTINUOUS
10
82.4775240000000025
20
-38.3718310000000002
11
82.4338699999999989
21
-38.2861550000000008
0
LINE
8
BLACK
6
CONTINUOUS
10
82.4338699999999989
20
-38.2861550000000008
11
82.3332989999999967
21
-38.1477299999999957
0
LINE
8
BLACK
6
CONTINUOUS
10
82.3332989999999967
20
-38.1477299999999957
11
82.2857979999999998
21
-38.0823499999999981
0
LINE
8
BLACK
6
CONTINUOUS
10
82.2857979999999998
20
-38.0823499999999981
11
82.2857939999999957
21
-38.0823449999999966
0
LINE
8
BLACK
6
CONTINUOUS
10
82.2857939999999957
20
-38.0823449999999966
11
82.1461299999999994
21
-37.9426810000000003
0
LINE
8
BLACK
6
CONTINUOUS
10
82.1461299999999994
20
-37.9426810000000003
11
82.1126450000000006
21
-37.8813579999999988
0
LINE
8
BLACK
6
CONTINUOUS
10
82.1126450000000006
20
-37.8813579999999988
11
82.1176289999999938
21
-37.8116659999999953
0
LINE
8
BLACK
6
CONTINUOUS
10
82.1176289999999938
20
-37.8116659999999953
11
82.1461299999999994
21
-37.7673190000000005
0
LINE
8
BLACK
6
CONTINUOUS
10
82.1461299999999994
20
-37.7673190000000005
11
82.1844109999999972
21
-37.7290379999999956
0
LINE
8
BLACK
6
CONTINUOUS
10
82.1844109999999972
20
-37.7290379999999956
11
82.2857929999999982
21
-37.6276560000000018
0
LINE
8
BLACK
6
CONTINUOUS
10
82.2857929999999982
20
-37.6276560000000018
11
82.4338699999999989
21
-37.423845
0
LINE
8
BLACK
6
CONTINUOUS
10
82.4338699999999989
20
-37.423845
11
82.5482409999999902
21
-37.1993790000000004
0
LINE
8
BLACK
6
CONTINUOUS
10
82.5482409999999902
20
-37.1993790000000004
11
82.6260899999999907
21
-36.9597849999999966
0
LINE
8
BLACK
6
CONTINUOUS
10
82.6260899999999907
20
-36.9597849999999966
11
82.6654999999999944
21
-36.710961999999995
0
LINE
8
BLACK
6
CONTINUOUS
10
82.6654999999999944
20
-36.710961999999995
11
82.6654999999999944
21
-36.4590379999999996
0
LINE
8
BLACK
6
CONTINUOUS
10
82.6654999999999944
20
-36.4590379999999996
11
82.6260899999999907
21
-36.210214999999998
0
LINE
8
BLACK
6
CONTINUOUS
10
82.6260899999999907
20
-36.210214999999998
11
82.5482409999999902
21
-35.9706210000000013
0
LINE
8
BLACK
6
CONTINUOUS
10
82.5482409999999902
20
-35.9706210000000013
11
82.5482389999999953
21
-35.9706180000000018
0
LINE
8
BLACK
6
CONTINUOUS
10
82.5482389999999953
20
-35.9706180000000018
11
82.5482389999999953
21
-35.9706159999999997
0
LINE
8
BLACK
6
CONTINUOUS
10
82.5482389999999953
20
-35.9706159999999997
11
82.5067469999999901
21
-35.8891840000000002
0
LINE
8
BLACK
6
CONTINUOUS
10
82.5067469999999901
20
-35.8891840000000002
11
82.4338699999999989
21
-35.7461550000000017
0
LINE
8
BLACK
6
CONTINUOUS
10
82.4338699999999989
20
-35.7461550000000017
11
82.4232269999999971
21
-35.731505999999996
0
LINE
8
BLACK
6
CONTINUOUS
10
82.4232269999999971
20
-35.731505999999996
11
82.285823999999991
21
-35.5423849999999959
0
LINE
8
BLACK
6
CONTINUOUS
10
82.285823999999991
20
-35.5423849999999959
11
82.2623439999999988
21
-35.476579000000001
0
LINE
8
BLACK
6
CONTINUOUS
10
82.2623439999999988
20
-35.476579000000001
11
82.2781700000000029
21
-35.4085249999999974
0
LINE
8
BLACK
6
CONTINUOUS
10
82.2781700000000029
20
-35.4085249999999974
11
82.3282760000000025
21
-35.3598299999999952
0
LINE
8
BLACK
6
CONTINUOUS
10
82.3282760000000025
20
-35.3598299999999952
11
82.3861419999999924
21
-35.3455000000000013
0
LINE
8
BLACK
6
CONTINUOUS
10
82.3861419999999924
20
-35.3455000000000013
11
86.8149530000000027
21
-35.3455000000000013
0
LINE
8
BLACK
6
CONTINUOUS
10
86.8149530000000027
20
-35.3455000000000013
11
86.8819919999999968
21
-35.3651849999999968
0
LINE
8
BLACK
6
CONTINUOUS
10
86.8819919999999968
20
-35.3651849999999968
11
86.9026339999999919
21
-35.3818190000000001
0
LINE
8
BLACK
6
CONTINUOUS
10
86.9026339999999919
20
-35.3818190000000001
11
89.6072229999999905
21
-38.0864070000000012
0
LINE
8
BLACK
6
CONTINUOUS
10
89.6072229999999905
20
-38.0864070000000012
11
89.6407079999999894
21
-38.1477299999999957
0
LINE
8
BLACK
6
CONTINUOUS
10
89.6407079999999894
20
-38.1477299999999957
11
89.6420150000000007
21
-38.1546889999999976
0
LINE
8
BLACK
6
CONTINUOUS
10
89.6420150000000007
20
-38.1546889999999976
11
89.6539089999999987
21
-38.2297820000000002
0
LINE
8
BLACK
6
CONTINUOUS
10
89.6539089999999987
20
-38.2297820000000002
11
89.6539099999999962
21
-38.2297849999999997
0
LINE
8
BLACK
6
CONTINUOUS
10
89.6539099999999962
20
-38.2297849999999997
11
89.7317589999999967
21
-38.4693789999999964
0
LINE
8
BLACK
6
CONTINUOUS
10
89.7317589999999967
20
-38.4693789999999964
11
89.8040439999999904
21
-38.6112469999999988
0
LINE
8
BLACK
6
CONTINUOUS
10
89.8040439999999904
20
-38.6112469999999988
11
89.8461319999999972
21
-38.6938479999999956
0
LINE
8
BLACK
6
CONTINUOUS
10
89.8461319999999972
20
-38.6938479999999956
11
89.9942009999999897
21
-38.8976490000000013
0
LINE
8
BLACK
6
CONTINUOUS
10
89.9942009999999897
20
-38.8976490000000013
11
89.9942049999999938
21
-38.8976539999999957
0
LINE
8
BLACK
6
CONTINUOUS
10
89.9942049999999938
20
-38.8976539999999957
11
90.1723439999999954
21
-39.0757929999999973
0
LINE
8
BLACK
6
CONTINUOUS
10
90.1723439999999954
20
-39.0757929999999973
11
90.1723499999999945
21
-39.0757979999999989
0
LINE
8
BLACK
6
CONTINUOUS
10
90.1723499999999945
20
-39.0757979999999989
11
90.3146469999999937
21
-39.1791819999999973
0
LINE
8
BLACK
6
CONTINUOUS
10
90.3146469999999937
20
-39.1791819999999973
11
90.3761549999999971
21
-39.223869999999998
0
LINE
8
BLACK
6
CONTINUOUS
10
90.3761549999999971
20
-39.223869999999998
11
90.5191839999999956
21
-39.2967469999999963
0
LINE
8
BLACK
6
CONTINUOUS
10
90.5191839999999956
20
-39.2967469999999963
11
90.6006160000000023
21
-39.3382390000000015
0
LINE
8
BLACK
6
CONTINUOUS
10
90.6006160000000023
20
-39.3382390000000015
11
90.6006179999999972
21
-39.3382390000000015
0
LINE
8
BLACK
6
CONTINUOUS
10
90.6006179999999972
20
-39.3382390000000015
11
90.6006209999999896
21
-39.3382409999999965
0
LINE
8
BLACK
6
CONTINUOUS
10
90.6006209999999896
20
-39.3382409999999965
11
90.8402150000000006
21
-39.416089999999997
0
LINE
8
BLACK
6
CONTINUOUS
10
90.8402150000000006
20
-39.416089999999997
11
91.0890380000000022
21
-39.4555000000000007
0
LINE
8
BLACK
6
CONTINUOUS
10
91.0890380000000022
20
-39.4555000000000007
11
91.0890389999999996
21
-39.4555000000000007
0
LINE
8
BLACK
6
CONTINUOUS
10
91.0890389999999996
20
-39.4555000000000007
11
91.340960999999993
21
-39.4555000000000007
0
LINE
8
BLACK
6
CONTINUOUS
10
91.340960999999993
20
-39.4555000000000007
11
91.3409619999999904
21
-39.4555000000000007
0
LINE
8
BLACK
6
CONTINUOUS
10
91.3409619999999904
20
-39.4555000000000007
11
91.589784999999992
21
-39.416089999999997
0
LINE
8
BLACK
6
CONTINUOUS
10
91.589784999999992
20
-39.416089999999997
11
91.8293789999999888
21
-39.3382409999999965
0
LINE
8
BLACK
6
CONTINUOUS
10
91.8293789999999888
20
-39.3382409999999965
11
92.0538449999999955
21
-39.223869999999998
0
LINE
8
BLACK
6
CONTINUOUS
10
92.0538449999999955
20
-39.223869999999998
11
92.2576559999999972
21
-39.0757929999999973
0
LINE
8
BLACK
6
CONTINUOUS
10
92.2576559999999972
20
-39.0757929999999973
11
92.4357929999999897
21
-38.8976559999999978
0
LINE
8
BLACK
6
CONTINUOUS
10
92.4357929999999897
20
-38.8976559999999978
11
92.5838699999999903
21
-38.693844999999996
0
LINE
8
BLACK
6
CONTINUOUS
10
92.5838699999999903
20
-38.693844999999996
11
92.6982409999999959
21
-38.4693789999999964
0
LINE
8
BLACK
6
CONTINUOUS
10
92.6982409999999959
20
-38.4693789999999964
11
92.7760899999999964
21
-38.2297849999999997
0
LINE
8
BLACK
6
CONTINUOUS
10
92.7760899999999964
20
-38.2297849999999997
11
92.8155000000000001
21
-37.9809619999999981
0
LINE
8
BLACK
6
CONTINUOUS
10
92.8155000000000001
20
-37.9809619999999981
11
92.8155000000000001
21
-37.7290379999999956
0
LINE
8
BLACK
6
CONTINUOUS
10
92.8155000000000001
20
-37.7290379999999956
11
92.7760899999999964
21
-37.4802150000000012
0
LINE
8
BLACK
6
CONTINUOUS
10
92.7760899999999964
20
-37.4802150000000012
11
92.6982409999999959
21
-37.2406209999999973
0
LINE
8
BLACK
6
CONTINUOUS
10
92.6982409999999959
20
-37.2406209999999973
11
92.6982390000000009
21
-37.2406179999999978
0
LINE
8
BLACK
6
CONTINUOUS
10
92.6982390000000009
20
-37.2406179999999978
11
92.6982390000000009
21
-37.2406159999999957
0
LINE
8
BLACK
6
CONTINUOUS
10
92.6982390000000009
20
-37.2406159999999957
11
92.6567469999999958
21
-37.1591839999999962
0
LINE
8
BLACK
6
CONTINUOUS
10
92.6567469999999958
20
-37.1591839999999962
11
92.5838699999999903
21
-37.0161549999999977
0
LINE
8
BLACK
6
CONTINUOUS
10
92.5838699999999903
20
-37.0161549999999977
11
92.5429149999999936
21
-36.9597849999999966
0
LINE
8
BLACK
6
CONTINUOUS
10
92.5429149999999936
20
-36.9597849999999966
11
92.4357979999999912
21
-36.812349999999995
0
LINE
8
BLACK
6
CONTINUOUS
10
92.4357979999999912
20
-36.812349999999995
11
92.4357940000000013
21
-36.8123450000000005
0
LINE
8
BLACK
6
CONTINUOUS
10
92.4357940000000013
20
-36.8123450000000005
11
92.2576540000000023
21
-36.6342050000000015
0
LINE
8
BLACK
6
CONTINUOUS
10
92.2576540000000023
20
-36.6342050000000015
11
92.2576490000000007
21
-36.6342009999999974
0
LINE
8
BLACK
6
CONTINUOUS
10
92.2576490000000007
20
-36.6342009999999974
11
92.0538480000000021
21
-36.4861319999999978
0
LINE
8
BLACK
6
CONTINUOUS
10
92.0538480000000021
20
-36.4861319999999978
11
92.0538469999999904
21
-36.4861310000000003
0
LINE
8
BLACK
6
CONTINUOUS
10
92.0538469999999904
20
-36.4861310000000003
11
92.0538449999999955
21
-36.4861299999999957
0
LINE
8
BLACK
6
CONTINUOUS
10
92.0538449999999955
20
-36.4861299999999957
11
91.8293789999999888
21
-36.3717589999999973
0
LINE
8
BLACK
6
CONTINUOUS
10
91.8293789999999888
20
-36.3717589999999973
11
91.589784999999992
21
-36.2939099999999968
0
LINE
8
BLACK
6
CONTINUOUS
10
91.589784999999992
20
-36.2939099999999968
11
91.5897829999999971
21
-36.2939089999999993
0
LINE
8
BLACK
6
CONTINUOUS
10
91.5897829999999971
20
-36.2939089999999993
11
91.51468899999999
21
-36.2820150000000012
0
LINE
8
BLACK
6
CONTINUOUS
10
91.51468899999999
20
-36.2820150000000012
11
91.4515540000000016
21
-36.252085000000001
0
LINE
8
BLACK
6
CONTINUOUS
10
91.4515540000000016
20
-36.252085000000001
11
91.4464069999999936
21
-36.2472229999999982
0
LINE
8
BLACK
6
CONTINUOUS
10
91.4464069999999936
20
-36.2472229999999982
11
89.9647369999999995
21
-34.765552999999997
0
LINE
8
BLACK
6
CONTINUOUS
10
89.9647369999999995
20
-34.765552999999997
11
89.8585669999999936
21
-34.6593829999999983
0
LINE
8
BLACK
6
CONTINUOUS
10
89.8585669999999936
20
-34.6593829999999983
11
88.2522189999999966
21
-33.0530339999999967
0
LINE
8
BLACK
6
CONTINUOUS
10
88.2522189999999966
20
-33.0530339999999967
11
88.0866109999999907
21
-32.9327129999999997
0
LINE
8
BLACK
6
CONTINUOUS
10
88.0866109999999907
20
-32.9327129999999997
11
87.9714969999999994
21
-32.8740600000000001
0
LINE
8
BLACK
6
CONTINUOUS
10
87.9714969999999994
20
-32.8740600000000001
11
87.9714939999999928
21
-32.874057999999998
0
LINE
8
BLACK
6
CONTINUOUS
10
87.9714939999999928
20
-32.874057999999998
11
87.9042209999999926
21
-32.839780999999995
0
LINE
8
BLACK
6
CONTINUOUS
10
87.9042209999999926
20
-32.839780999999995
11
87.9042199999999951
21
-32.8397799999999975
0
LINE
8
BLACK
6
CONTINUOUS
10
87.9042199999999951
20
-32.8397799999999975
11
87.9042189999999977
21
-32.8397799999999975
0
LINE
8
BLACK
6
CONTINUOUS
10
87.9042189999999977
20
-32.8397799999999975
11
87.7442999999999955
21
-32.7878189999999989
0
LINE
8
BLACK
6
CONTINUOUS
10
87.7442999999999955
20
-32.7878189999999989
11
87.7442980000000006
21
-32.7878169999999969
0
LINE
8
BLACK
6
CONTINUOUS
10
87.7442980000000006
20
-32.7878169999999969
11
87.7095359999999999
21
-32.7765229999999974
0
LINE
8
BLACK
6
CONTINUOUS
10
87.7095359999999999
20
-32.7765229999999974
11
87.7095309999999984
21
-32.7765219999999999
0
LINE
8
BLACK
6
CONTINUOUS
10
87.7095309999999984
20
-32.7765219999999999
11
87.5657349999999894
21
-32.7537469999999971
0
LINE
8
BLACK
6
CONTINUOUS
10
87.5657349999999894
20
-32.7537469999999971
11
87.5073519999999974
21
-32.7444999999999951
0
LINE
8
BLACK
6
CONTINUOUS
10
87.5073519999999974
20
-32.7444999999999951
11
87.5073509999999999
21
-32.7444999999999951
0
LINE
8
BLACK
6
CONTINUOUS
10
87.5073509999999999
20
-32.7444999999999951
11
82.0382379999999927
21
-32.7444999999999951
0
LINE
8
BLACK
6
CONTINUOUS
10
82.0382379999999927
20
-32.7444999999999951
11
81.9711989999999986
21
-32.7248149999999995
0
LINE
8
BLACK
6
CONTINUOUS
10
81.9711989999999986
20
-32.7248149999999995
11
81.9653619999999989
21
-32.7208240000000004
0
LINE
8
BLACK
6
CONTINUOUS
10
81.9653619999999989
20
-32.7208240000000004
11
81.9038449999999898
21
-32.6761300000000006
0
LINE
8
BLACK
6
CONTINUOUS
10
81.9038449999999898
20
-32.6761300000000006
11
81.6793830000000014
21
-32.5617599999999996
0
LINE
8
BLACK
6
CONTINUOUS
10
81.6793830000000014
20
-32.5617599999999996
11
81.4397850000000005
21
-32.4839100000000016
0
LINE
8
BLACK
6
CONTINUOUS
10
81.4397850000000005
20
-32.4839100000000016
11
81.2869299999999981
21
-32.459699999999998
0
LINE
8
BLACK
6
CONTINUOUS
10
81.2869299999999981
20
-32.459699999999998
11
81.190961999999999
21
-32.4444999999999979
0
LINE
8
BLACK
6
CONTINUOUS
10
81.190961999999999
20
-32.4444999999999979
11
80.1390379999999993
21
-32.4444999999999979
0
LINE
8
BLACK
6
CONTINUOUS
10
80.1390379999999993
20
-32.4444999999999979
11
80.0430759999999992
21
-32.4596990000000005
0
LINE
8
BLACK
6
CONTINUOUS
10
80.0430759999999992
20
-32.4596990000000005
11
79.8902140000000003
21
-32.4839100000000016
0
LINE
8
BLACK
6
CONTINUOUS
10
79.8902140000000003
20
-32.4839100000000016
11
79.6506159999999994
21
-32.5617599999999996
0
LINE
8
BLACK
6
CONTINUOUS
10
79.6506159999999994
20
-32.5617599999999996
11
79.4261539999999968
21
-32.6761300000000006
0
LINE
8
BLACK
6
CONTINUOUS
10
79.4261539999999968
20
-32.6761300000000006
11
79.3878009999999961
21
-32.703994999999999
0
LINE
8
BLACK
6
CONTINUOUS
10
79.3878009999999961
20
-32.703994999999999
11
79.3646459999999934
21
-32.7208180000000013
0
LINE
8
BLACK
6
CONTINUOUS
10
79.3646459999999934
20
-32.7208180000000013
11
79.2988419999999934
21
-32.7442980000000006
0
LINE
8
BLACK
6
CONTINUOUS
10
79.2988419999999934
20
-32.7442980000000006
11
79.2917619999999914
21
-32.7444999999999951
0
LINE
8
BLACK
6
CONTINUOUS
10
79.2917619999999914
20
-32.7444999999999951
11
78.7533469999999909
21
-32.7444999999999951
0
LINE
8
BLACK
6
CONTINUOUS
10
78.7533469999999909
20
-32.7444999999999951
11
78.6863079999999968
21
-32.7248149999999995
0
LINE
8
BLACK
6
CONTINUOUS
10
78.6863079999999968
20
-32.7248149999999995
11
78.6656660000000016
21
-32.7081809999999962
0
LINE
8
BLACK
6
CONTINUOUS
10
78.6656660000000016
20
-32.7081809999999962
11
76.9061209999999988
21
-30.9486359999999969
0
LINE
8
BLACK
6
CONTINUOUS
10
76.9061209999999988
20
-30.9486359999999969
11
76.9061189999999897
21
-30.9486339999999984
0
LINE
8
BLACK
6
CONTINUOUS
10
76.9061189999999897
20
-30.9486339999999984
11
76.8881149999999991
21
-30.9355529999999987
0
LINE
8
BLACK
6
CONTINUOUS
10
76.8881149999999991
20
-30.9355529999999987
11
76.7405109999999979
21
-30.8283129999999979
0
LINE
8
BLACK
6
CONTINUOUS
10
76.7405109999999979
20
-30.8283129999999979
11
76.6069249999999897
21
-30.7602479999999971
0
LINE
8
BLACK
6
CONTINUOUS
10
76.6069249999999897
20
-30.7602479999999971
11
76.5581189999999907
21
-30.7353799999999993
0
LINE
8
BLACK
6
CONTINUOUS
10
76.5581189999999907
20
-30.7353799999999993
11
76.4476920000000035
21
-30.6994999999999969
0
LINE
8
BLACK
6
CONTINUOUS
10
76.4476920000000035
20
-30.6994999999999969
11
76.3634349999999955
21
-30.6721229999999991
0
LINE
8
BLACK
6
CONTINUOUS
10
76.3634349999999955
20
-30.6721229999999991
11
76.3634320000000031
21
-30.6721219999999981
0
LINE
8
BLACK
6
CONTINUOUS
10
76.3634320000000031
20
-30.6721219999999981
11
76.2081199999999939
21
-30.6475229999999996
0
LINE
8
BLACK
6
CONTINUOUS
10
76.2081199999999939
20
-30.6475229999999996
11
76.1612519999999904
21
-30.6401000000000003
0
LINE
8
BLACK
6
CONTINUOUS
10
76.1612519999999904
20
-30.6401000000000003
11
66.8034519999999929
21
-30.6401000000000003
0
LINE
8
BLACK
6
CONTINUOUS
10
66.8034519999999929
20
-30.6401000000000003
11
66.5987480000000005
21
-30.6401000000000003
0
LINE
8
BLACK
6
CONTINUOUS
10
66.5987480000000005
20
-30.6401000000000003
11
66.5518789999999996
21
-30.6475229999999996
0
LINE
8
BLACK
6
CONTINUOUS
10
66.5518789999999996
20
-30.6475229999999996
11
66.396568000000002
21
-30.6721219999999981
0
LINE
8
BLACK
6
CONTINUOUS
10
66.396568000000002
20
-30.6721219999999981
11
66.3965669999999903
21
-30.6721219999999981
0
LINE
8
BLACK
6
CONTINUOUS
10
66.3965669999999903
20
-30.6721219999999981
11
66.3123080000000016
21
-30.6994999999999969
0
LINE
8
BLACK
6
CONTINUOUS
10
66.3123080000000016
20
-30.6994999999999969
11
66.2018779999999936
21
-30.7353810000000003
0
LINE
8
BLACK
6
CONTINUOUS
10
66.2018779999999936
20
-30.7353810000000003
11
66.1530750000000012
21
-30.7602479999999971
0
LINE
8
BLACK
6
CONTINUOUS
10
66.1530750000000012
20
-30.7602479999999971
11
66.0194879999999955
21
-30.8283129999999979
0
LINE
8
BLACK
6
CONTINUOUS
10
66.0194879999999955
20
-30.8283129999999979
11
65.8538779999999946
21
-30.9486359999999969
0
LINE
8
BLACK
6
CONTINUOUS
10
65.8538779999999946
20
-30.9486359999999969
11
64.0943340000000035
21
-32.7081809999999962
0
LINE
8
BLACK
6
CONTINUOUS
10
64.0943340000000035
20
-32.7081809999999962
11
64.0330110000000019
21
-32.7416659999999951
0
LINE
8
BLACK
6
CONTINUOUS
10
64.0330110000000019
20
-32.7416659999999951
11
64.006653
21
-32.7444999999999951
0
LINE
8
BLACK
6
CONTINUOUS
10
64.006653
20
-32.7444999999999951
11
63.4682379999999995
21
-32.7444999999999951
0
LINE
8
BLACK
6
CONTINUOUS
10
63.4682379999999995
20
-32.7444999999999951
11
63.4011989999999983
21
-32.7248149999999995
0
LINE
8
BLACK
6
CONTINUOUS
10
63.4011989999999983
20
-32.7248149999999995
11
63.3953619999999987
21
-32.7208240000000004
0
LINE
8
BLACK
6
CONTINUOUS
10
63.3953619999999987
20
-32.7208240000000004
11
63.3338449999999966
21
-32.6761300000000006
0
LINE
8
BLACK
6
CONTINUOUS
10
63.3338449999999966
20
-32.6761300000000006
11
63.109382999999994
21
-32.5617599999999996
0
LINE
8
BLACK
6
CONTINUOUS
10
63.109382999999994
20
-32.5617599999999996
11
62.8697850000000003
21
-32.4839100000000016
0
LINE
8
BLACK
6
CONTINUOUS
10
62.8697850000000003
20
-32.4839100000000016
11
62.7169299999999978
21
-32.459699999999998
0
LINE
8
BLACK
6
CONTINUOUS
10
62.7169299999999978
20
-32.459699999999998
11
62.6209619999999987
21
-32.4444999999999979
0
LINE
8
BLACK
6
CONTINUOUS
10
62.6209619999999987
20
-32.4444999999999979
11
61.569037999999999
21
-32.4444999999999979
0
LINE
8
BLACK
6
CONTINUOUS
10
61.569037999999999
20
-32.4444999999999979
11
61.4730759999999989
21
-32.4596990000000005
0
LINE
8
BLACK
6
CONTINUOUS
10
61.4730759999999989
20
-32.4596990000000005
11
61.320214
21
-32.4839100000000016
0
LINE
8
BLACK
6
CONTINUOUS
10
61.320214
20
-32.4839100000000016
11
61.0806159999999991
21
-32.5617599999999996
0
LINE
8
BLACK
6
CONTINUOUS
10
61.0806159999999991
20
-32.5617599999999996
11
60.856150999999997
21
-32.6761319999999955
0
LINE
8
BLACK
6
CONTINUOUS
10
60.856150999999997
20
-32.6761319999999955
11
60.6523499999999984
21
-32.8242009999999951
0
LINE
8
BLACK
6
CONTINUOUS
10
60.6523499999999984
20
-32.8242009999999951
11
60.6523449999999968
21
-32.8242049999999992
0
LINE
8
BLACK
6
CONTINUOUS
10
60.6523449999999968
20
-32.8242049999999992
11
60.4742049999999978
21
-33.0023449999999983
0
LINE
8
BLACK
6
CONTINUOUS
10
60.4742049999999978
20
-33.0023449999999983
11
60.4742010000000008
21
-33.0023499999999999
0
LINE
8
BLACK
6
CONTINUOUS
10
60.4742010000000008
20
-33.0023499999999999
11
60.3261319999999941
21
-33.2061509999999984
0
LINE
8
BLACK
6
CONTINUOUS
10
60.3261319999999941
20
-33.2061509999999984
11
60.2117599999999982
21
-33.4306160000000006
0
LINE
8
BLACK
6
CONTINUOUS
10
60.2117599999999982
20
-33.4306160000000006
11
60.1339100000000002
21
-33.6702140000000014
0
LINE
8
BLACK
6
CONTINUOUS
10
60.1339100000000002
20
-33.6702140000000014
11
60.0964919999999978
21
-33.9064599999999956
0
LINE
8
BLACK
6
CONTINUOUS
10
60.0964919999999978
20
-33.9064599999999956
11
60.0944999999999965
21
-33.9190380000000005
0
LINE
8
BLACK
6
CONTINUOUS
10
60.0944999999999965
20
-33.9190380000000005
11
60.0944999999999965
21
-34.1709619999999958
0
LINE
8
BLACK
6
CONTINUOUS
10
60.0944999999999965
20
-34.1709619999999958
11
60.1150169999999946
21
-34.3004979999999975
0
LINE
8
BLACK
6
CONTINUOUS
10
60.1150169999999946
20
-34.3004979999999975
11
60.1339100000000002
21
-34.4197849999999974
0
LINE
8
BLACK
6
CONTINUOUS
10
60.1339100000000002
20
-34.4197849999999974
11
60.2117599999999982
21
-34.6593829999999983
0
LINE
8
BLACK
6
CONTINUOUS
10
60.2117599999999982
20
-34.6593829999999983
11
60.3261319999999941
21
-34.8838480000000004
0
LINE
8
BLACK
6
CONTINUOUS
10
60.3261319999999941
20
-34.8838480000000004
11
60.4742010000000008
21
-35.087648999999999
0
LINE
8
BLACK
6
CONTINUOUS
10
60.4742010000000008
20
-35.087648999999999
11
60.4742049999999978
21
-35.0876540000000006
0
LINE
8
BLACK
6
CONTINUOUS
10
60.4742049999999978
20
-35.0876540000000006
11
60.6138699999999986
21
-35.2273190000000014
0
LINE
8
BLACK
6
CONTINUOUS
10
60.6138699999999986
20
-35.2273190000000014
11
60.6473549999999975
21
-35.2886419999999958
0
LINE
8
BLACK
6
CONTINUOUS
10
60.6473549999999975
20
-35.2886419999999958
11
60.6423709999999971
21
-35.3583339999999993
0
LINE
8
BLACK
6
CONTINUOUS
10
60.6423709999999971
20
-35.3583339999999993
11
60.6138699999999986
21
-35.4026810000000012
0
LINE
8
BLACK
6
CONTINUOUS
10
60.6138699999999986
20
-35.4026810000000012
11
60.4742049999999978
21
-35.5423449999999974
0
LINE
8
BLACK
6
CONTINUOUS
10
60.4742049999999978
20
-35.5423449999999974
11
60.4742010000000008
21
-35.542349999999999
0
LINE
8
BLACK
6
CONTINUOUS
10
60.4742010000000008
20
-35.542349999999999
11
60.3261319999999941
21
-35.7461509999999976
0
LINE
8
BLACK
6
CONTINUOUS
10
60.3261319999999941
20
-35.7461509999999976
11
60.2117599999999982
21
-35.9706159999999997
0
LINE
8
BLACK
6
CONTINUOUS
10
60.2117599999999982
20
-35.9706159999999997
11
60.1339100000000002
21
-36.2102140000000006
0
LINE
8
BLACK
6
CONTINUOUS
10
60.1339100000000002
20
-36.2102140000000006
11
60.1093369999999965
21
-36.3653619999999975
0
LINE
8
BLACK
6
CONTINUOUS
10
60.1093369999999965
20
-36.3653619999999975
11
60.0944999999999965
21
-36.4590379999999996
0
LINE
8
BLACK
6
CONTINUOUS
10
60.0944999999999965
20
-36.4590379999999996
11
60.0944999999999965
21
-36.710961999999995
0
LINE
8
BLACK
6
CONTINUOUS
10
60.0944999999999965
20
-36.710961999999995
11
60.1339100000000002
21
-36.9597849999999966
0
LINE
8
BLACK
6
CONTINUOUS
10
60.1339100000000002
20
-36.9597849999999966
11
60.2117599999999982
21
-37.1993829999999974
0
LINE
8
BLACK
6
CONTINUOUS
10
60.2117599999999982
20
-37.1993829999999974
11
60.3261319999999941
21
-37.4238479999999996
0
LINE
8
BLACK
6
CONTINUOUS
10
60.3261319999999941
20
-37.4238479999999996
11
60.4741759999999999
21
-37.6276149999999987
0
LINE
8
BLACK
6
CONTINUOUS
10
60.4741759999999999
20
-37.6276149999999987
11
60.4976559999999992
21
-37.6934210000000007
0
LINE
8
BLACK
6
CONTINUOUS
10
60.4976559999999992
20
-37.6934210000000007
11
60.4818299999999951
21
-37.7614749999999972
0
LINE
8
BLACK
6
CONTINUOUS
10
60.4818299999999951
20
-37.7614749999999972
11
60.4317239999999956
21
-37.8101699999999994
0
LINE
8
BLACK
6
CONTINUOUS
10
60.4317239999999956
20
-37.8101699999999994
11
60.3738579999999985
21
-37.8245000000000005
0
LINE
8
BLACK
6
CONTINUOUS
10
60.3738579999999985
20
-37.8245000000000005
11
59.6956519999999955
21
-37.8245000000000005
0
LINE
8
BLACK
6
CONTINUOUS
10
59.6956519999999955
20
-37.8245000000000005
11
59.4909479999999959
21
-37.8245000000000005
0
LINE
8
BLACK
6
CONTINUOUS
10
59.4909479999999959
20
-37.8245000000000005
11
59.4666289999999975
21
-37.8283509999999978
0
LINE
8
BLACK
6
CONTINUOUS
10
59.4666289999999975
20
-37.8283509999999978
11
59.2887649999999979
21
-37.8565219999999982
0
LINE
8
BLACK
6
CONTINUOUS
10
59.2887649999999979
20
-37.8565219999999982
11
59.0940759999999941
21
-37.9197810000000004
0
LINE
8
BLACK
6
CONTINUOUS
10
59.0940759999999941
20
-37.9197810000000004
11
58.911685999999996
21
-38.012715
0
LINE
8
BLACK
6
CONTINUOUS
10
58.911685999999996
20
-38.012715
11
58.7460859999999983
21
-38.1330279999999959
0
LINE
8
BLACK
6
CONTINUOUS
10
58.7460859999999983
20
-38.1330279999999959
11
58.6013279999999952
21
-38.277785999999999
0
LINE
8
BLACK
6
CONTINUOUS
10
58.6013279999999952
20
-38.277785999999999
11
58.4810149999999993
21
-38.4433859999999967
0
LINE
8
BLACK
6
CONTINUOUS
10
58.4810149999999993
20
-38.4433859999999967
11
58.3954850000000008
21
-38.6112469999999988
0
LINE
8
BLACK
6
CONTINUOUS
10
58.3954850000000008
20
-38.6112469999999988
11
58.3475099999999998
21
-38.6620429999999971
0
LINE
8
BLACK
6
CONTINUOUS
10
58.3475099999999998
20
-38.6620429999999971
11
58.2796889999999976
21
-38.6788379999999989
0
LINE
8
BLACK
6
CONTINUOUS
10
58.2796889999999976
20
-38.6788379999999989
11
58.2135539999999949
21
-38.6563000000000017
0
LINE
8
BLACK
6
CONTINUOUS
10
58.2135539999999949
20
-38.6563000000000017
11
58.1745149999999995
21
-38.6112469999999988
0
LINE
8
BLACK
6
CONTINUOUS
10
58.1745149999999995
20
-38.6112469999999988
11
58.1232399999999956
21
-38.5106159999999988
0
LINE
8
BLACK
6
CONTINUOUS
10
58.1232399999999956
20
-38.5106159999999988
11
58.0889869999999959
21
-38.4433900000000008
0
LINE
8
BLACK
6
CONTINUOUS
10
58.0889869999999959
20
-38.4433900000000008
11
58.033375999999997
21
-38.3668469999999999
0
LINE
8
BLACK
6
CONTINUOUS
10
58.033375999999997
20
-38.3668469999999999
11
57.9686710000000005
21
-38.277785999999999
0
LINE
8
BLACK
6
CONTINUOUS
10
57.9686710000000005
20
-38.277785999999999
11
57.8239129999999975
21
-38.1330279999999959
0
LINE
8
BLACK
6
CONTINUOUS
10
57.8239129999999975
20
-38.1330279999999959
11
57.6583129999999997
21
-38.012715
0
LINE
8
BLACK
6
CONTINUOUS
10
57.6583129999999997
20
-38.012715
11
57.6583119999999951
21
-38.0127139999999955
0
LINE
8
BLACK
6
CONTINUOUS
10
57.6583119999999951
20
-38.0127139999999955
11
57.6583100000000002
21
-38.012712999999998
0
LINE
8
BLACK
6
CONTINUOUS
10
57.6583100000000002
20
-38.012712999999998
11
57.595993
21
-37.9809610000000006
0
LINE
8
BLACK
6
CONTINUOUS
10
57.595993
20
-37.9809610000000006
11
57.4759229999999945
21
-37.9197810000000004
0
LINE
8
BLACK
6
CONTINUOUS
10
57.4759229999999945
20
-37.9197810000000004
11
57.2812339999999978
21
-37.8565219999999982
0
LINE
8
BLACK
6
CONTINUOUS
10
57.2812339999999978
20
-37.8565219999999982
11
57.1052029999999959
21
-37.828641999999995
0
LINE
8
BLACK
6
CONTINUOUS
10
57.1052029999999959
20
-37.828641999999995
11
57.0790519999999972
21
-37.8245000000000005
0
LINE
8
BLACK
6
CONTINUOUS
10
57.0790519999999972
20
-37.8245000000000005
11
57.0790509999999998
21
-37.8245000000000005
0
LINE
8
BLACK
6
CONTINUOUS
10
57.0790509999999998
20
-37.8245000000000005
11
56.1961419999999947
21
-37.8245000000000005
0
LINE
8
BLACK
6
CONTINUOUS
10
56.1961419999999947
20
-37.8245000000000005
11
56.1291030000000006
21
-37.8048149999999978
0
LINE
8
BLACK
6
CONTINUOUS
10
56.1291030000000006
20
-37.8048149999999978
11
56.0833480000000009
21
-37.752010999999996
0
LINE
8
BLACK
6
CONTINUOUS
10
56.0833480000000009
20
-37.752010999999996
11
56.0734039999999965
21
-37.6828530000000015
0
LINE
8
BLACK
6
CONTINUOUS
10
56.0734039999999965
20
-37.6828530000000015
11
56.0958240000000004
21
-37.6276149999999987
0
LINE
8
BLACK
6
CONTINUOUS
10
56.0958240000000004
20
-37.6276149999999987
11
56.2029149999999973
21
-37.4802150000000012
0
LINE
8
BLACK
6
CONTINUOUS
10
56.2029149999999973
20
-37.4802150000000012
11
56.243869999999994
21
-37.423845
0
LINE
8
BLACK
6
CONTINUOUS
10
56.243869999999994
20
-37.423845
11
56.3582409999999996
21
-37.1993790000000004
0
LINE
8
BLACK
6
CONTINUOUS
10
56.3582409999999996
20
-37.1993790000000004
11
56.4360900000000001
21
-36.9597849999999966
0
LINE
8
BLACK
6
CONTINUOUS
10
56.4360900000000001
20
-36.9597849999999966
11
56.4754999999999967
21
-36.710961999999995
0
LINE
8
BLACK
6
CONTINUOUS
10
56.4754999999999967
20
-36.710961999999995
11
56.4754999999999967
21
-36.4590379999999996
0
LINE
8
BLACK
6
CONTINUOUS
10
56.4754999999999967
20
-36.4590379999999996
11
56.4360900000000001
21
-36.210214999999998
0
LINE
8
BLACK
6
CONTINUOUS
10
56.4360900000000001
20
-36.210214999999998
11
56.3582409999999996
21
-35.9706210000000013
0
LINE
8
BLACK
6
CONTINUOUS
10
56.3582409999999996
20
-35.9706210000000013
11
56.3582389999999975
21
-35.9706180000000018
0
LINE
8
BLACK
6
CONTINUOUS
10
56.3582389999999975
20
-35.9706180000000018
11
56.3582389999999975
21
-35.9706159999999997
0
LINE
8
BLACK
6
CONTINUOUS
10
56.3582389999999975
20
-35.9706159999999997
11
56.3167469999999994
21
-35.8891840000000002
0
LINE
8
BLACK
6
CONTINUOUS
10
56.3167469999999994
20
-35.8891840000000002
11
56.243869999999994
21
-35.7461550000000017
0
LINE
8
BLACK
6
CONTINUOUS
10
56.243869999999994
20
-35.7461550000000017
11
56.1012959999999978
21
-35.5499179999999981
0
LINE
8
BLACK
6
CONTINUOUS
10
56.1012959999999978
20
-35.5499179999999981
11
56.0778159999999986
21
-35.4841119999999961
0
LINE
8
BLACK
6
CONTINUOUS
10
56.0778159999999986
20
-35.4841119999999961
11
56.0936409999999981
21
-35.4160579999999996
0
LINE
8
BLACK
6
CONTINUOUS
10
56.0936409999999981
20
-35.4160579999999996
11
56.1229480000000009
21
-35.381180999999998
0
LINE
8
BLACK
6
CONTINUOUS
10
56.1229480000000009
20
-35.381180999999998
11
56.1714099999999945
21
-35.3414099999999962
0
LINE
8
BLACK
6
CONTINUOUS
10
56.1714099999999945
20
-35.3414099999999962
11
56.3026849999999968
21
-35.1814499999999981
0
LINE
8
BLACK
6
CONTINUOUS
10
56.3026849999999968
20
-35.1814499999999981
11
56.4002319999999955
21
-34.9989539999999977
0
LINE
8
BLACK
6
CONTINUOUS
10
56.4002319999999955
20
-34.9989539999999977
11
56.4602999999999966
21
-34.800933999999998
0
LINE
8
BLACK
6
CONTINUOUS
10
56.4602999999999966
20
-34.800933999999998
11
56.4754999999999967
21
-34.6466080000000005
0
LINE
8
BLACK
6
CONTINUOUS
10
56.4754999999999967
20
-34.6466080000000005
11
56.4754999999999967
21
-33.4433919999999958
0
LINE
8
BLACK
6
CONTINUOUS
10
56.4754999999999967
20
-33.4433919999999958
11
56.4602999999999966
21
-33.2890659999999983
0
LINE
8
BLACK
6
CONTINUOUS
10
56.4602999999999966
20
-33.2890659999999983
11
56.4002319999999955
21
-33.0910459999999986
0
LINE
8
BLACK
6
CONTINUOUS
10
56.4002319999999955
20
-33.0910459999999986
11
56.3026849999999968
21
-32.9085499999999982
0
LINE
8
BLACK
6
CONTINUOUS
10
56.3026849999999968
20
-32.9085499999999982
11
56.2334619999999958
21
-32.8242009999999951
0
LINE
8
BLACK
6
CONTINUOUS
10
56.2334619999999958
20
-32.8242009999999951
11
56.1714099999999945
21
-32.7485889999999955
0
LINE
8
BLACK
6
CONTINUOUS
10
56.1714099999999945
20
-32.7485889999999955
11
56.0114519999999985
21
-32.6173169999999999
0
LINE
8
BLACK
6
CONTINUOUS
10
56.0114519999999985
20
-32.6173169999999999
11
56.0114529999999959
21
-32.6173169999999999
0
LINE
8
BLACK
6
CONTINUOUS
10
56.0114529999999959
20
-32.6173169999999999
11
56.0114499999999964
21
-32.6173149999999978
0
LINE
8
BLACK
6
CONTINUOUS
10
56.0114499999999964
20
-32.6173149999999978
11
55.828953999999996
21
-32.5197679999999991
0
LINE
8
BLACK
6
CONTINUOUS
10
55.828953999999996
20
-32.5197679999999991
11
55.6309339999999963
21
-32.459699999999998
0
LINE
8
BLACK
6
CONTINUOUS
10
55.6309339999999963
20
-32.459699999999998
11
55.6309319999999943
21
-32.4596990000000005
0
LINE
8
BLACK
6
CONTINUOUS
10
55.6309319999999943
20
-32.4596990000000005
11
55.6309339999999963
21
-32.4596990000000005
0
LINE
8
BLACK
6
CONTINUOUS
10
55.6309339999999963
20
-32.4596990000000005
11
55.5118049999999954
21
-32.447966000000001
0
LINE
8
BLACK
6
CONTINUOUS
10
55.5118049999999954
20
-32.447966000000001
11
55.4766079999999988
21
-32.4444999999999979
0
LINE
8
BLACK
6
CONTINUOUS
10
55.4766079999999988
20
-32.4444999999999979
11
53.4733919999999969
21
-32.4444999999999979
0
LINE
8
BLACK
6
CONTINUOUS
10
53.4733919999999969
20
-32.4444999999999979
11
53.435297999999996
21
-32.4482509999999991
0
LINE
8
BLACK
6
CONTINUOUS
10
53.435297999999996
20
-32.4482509999999991
11
53.3190669999999969
21
-32.4596990000000005
0
LINE
8
BLACK
6
CONTINUOUS
10
53.3190669999999969
20
-32.4596990000000005
11
53.1210430000000002
21
-32.5197689999999966
0
LINE
8
BLACK
6
CONTINUOUS
10
53.1210430000000002
20
-32.5197689999999966
11
53.0424869999999942
21
-32.561758999999995
0
LINE
8
BLACK
6
CONTINUOUS
10
53.0424869999999942
20
-32.561758999999995
11
52.9385499999999993
21
-32.6173149999999978
0
LINE
8
BLACK
6
CONTINUOUS
10
52.9385499999999993
20
-32.6173149999999978
11
52.9385479999999973
21
-32.6173159999999953
0
LINE
8
BLACK
6
CONTINUOUS
10
52.9385479999999973
20
-32.6173159999999953
11
52.9385469999999998
21
-32.6173169999999999
0
LINE
8
BLACK
6
CONTINUOUS
10
52.9385469999999998
20
-32.6173169999999999
11
52.7785889999999966
21
-32.7485889999999955
0
LINE
8
BLACK
6
CONTINUOUS
10
52.7785889999999966
20
-32.7485889999999955
11
52.647317000000001
21
-32.9085469999999987
0
LINE
8
BLACK
6
CONTINUOUS
10
52.647317000000001
20
-32.9085469999999987
11
52.647314999999999
21
-32.9085499999999982
0
LINE
8
BLACK
6
CONTINUOUS
10
52.647314999999999
20
-32.9085499999999982
11
52.6343989999999948
21
-32.9327139999999972
0
LINE
8
BLACK
6
CONTINUOUS
10
52.6343989999999948
20
-32.9327139999999972
11
52.5497689999999977
21
-33.0910429999999991
0
LINE
8
BLACK
6
CONTINUOUS
10
52.5497689999999977
20
-33.0910429999999991
11
52.4896989999999946
21
-33.2890669999999957
0
LINE
8
BLACK
6
CONTINUOUS
10
52.4896989999999946
20
-33.2890669999999957
11
52.4782510000000002
21
-33.4052980000000019
0
LINE
8
BLACK
6
CONTINUOUS
10
52.4782510000000002
20
-33.4052980000000019
11
52.474499999999999
21
-33.4433919999999958
0
LINE
8
BLACK
6
CONTINUOUS
10
52.474499999999999
20
-33.4433919999999958
11
52.474499999999999
21
-34.6466080000000005
0
LINE
8
BLACK
6
CONTINUOUS
10
52.474499999999999
20
-34.6466080000000005
11
52.4795019999999965
21
-34.6973979999999997
0
LINE
8
BLACK
6
CONTINUOUS
10
52.4795019999999965
20
-34.6973979999999997
11
52.4896989999999946
21
-34.800931999999996
0
LINE
8
BLACK
6
CONTINUOUS
10
52.4896989999999946
20
-34.800931999999996
11
52.4896999999999991
21
-34.800933999999998
0
LINE
8
BLACK
6
CONTINUOUS
10
52.4896999999999991
20
-34.800933999999998
11
52.5497680000000003
21
-34.9989539999999977
0
LINE
8
BLACK
6
CONTINUOUS
10
52.5497680000000003
20
-34.9989539999999977
11
52.647314999999999
21
-35.1814499999999981
0
LINE
8
BLACK
6
CONTINUOUS
10
52.647314999999999
20
-35.1814499999999981
11
52.7352849999999975
21
-35.2886419999999958
0
LINE
8
BLACK
6
CONTINUOUS
10
52.7352849999999975
20
-35.2886419999999958
11
52.7785899999999941
21
-35.3414099999999962
0
LINE
8
BLACK
6
CONTINUOUS
10
52.7785899999999941
20
-35.3414099999999962
11
52.8270489999999953
21
-35.3811800000000005
0
LINE
8
BLACK
6
CONTINUOUS
10
52.8270489999999953
20
-35.3811800000000005
11
52.866382999999999
21
-35.438925999999995
0
LINE
8
BLACK
6
CONTINUOUS
10
52.866382999999999
20
-35.438925999999995
11
52.8682540000000003
21
-35.5087699999999984
0
LINE
8
BLACK
6
CONTINUOUS
10
52.8682540000000003
20
-35.5087699999999984
11
52.8487030000000004
21
-35.5499179999999981
0
LINE
8
BLACK
6
CONTINUOUS
10
52.8487030000000004
20
-35.5499179999999981
11
52.7061289999999971
21
-35.7461550000000017
0
LINE
8
BLACK
6
CONTINUOUS
10
52.7061289999999971
20
-35.7461550000000017
11
52.5917600000000007
21
-35.9706159999999997
0
LINE
8
BLACK
6
CONTINUOUS
10
52.5917600000000007
20
-35.9706159999999997
11
52.5139099999999956
21
-36.2102140000000006
0
LINE
8
BLACK
6
CONTINUOUS
10
52.5139099999999956
20
-36.2102140000000006
11
52.489336999999999
21
-36.3653619999999975
0
LINE
8
BLACK
6
CONTINUOUS
10
52.489336999999999
20
-36.3653619999999975
11
52.474499999999999
21
-36.4590379999999996
0
LINE
8
BLACK
6
CONTINUOUS
10
52.474499999999999
20
-36.4590379999999996
11
52.474499999999999
21
-36.710961999999995
0
LINE
8
BLACK
6
CONTINUOUS
10
52.474499999999999
20
-36.710961999999995
11
52.5139099999999956
21
-36.9597849999999966
0
LINE
8
BLACK
6
CONTINUOUS
10
52.5139099999999956
20
-36.9597849999999966
11
52.5917600000000007
21
-37.1993829999999974
0
LINE
8
BLACK
6
CONTINUOUS
10
52.5917600000000007
20
-37.1993829999999974
11
52.7061319999999967
21
-37.4238479999999996
0
LINE
8
BLACK
6
CONTINUOUS
10
52.7061319999999967
20
-37.4238479999999996
11
52.8541759999999954
21
-37.6276149999999987
0
LINE
8
BLACK
6
CONTINUOUS
10
52.8541759999999954
20
-37.6276149999999987
11
52.8776559999999947
21
-37.6934210000000007
0
LINE
8
BLACK
6
CONTINUOUS
10
52.8776559999999947
20
-37.6934210000000007
11
52.8618299999999977
21
-37.7614749999999972
0
LINE
8
BLACK
6
CONTINUOUS
10
52.8618299999999977
20
-37.7614749999999972
11
52.8117239999999981
21
-37.8101699999999994
0
LINE
8
BLACK
6
CONTINUOUS
10
52.8117239999999981
20
-37.8101699999999994
11
52.753858000000001
21
-37.8245000000000005
0
LINE
8
BLACK
6
CONTINUOUS
10
52.753858000000001
20
-37.8245000000000005
11
48.0567459999999969
21
-37.8245000000000005
0
LINE
8
BLACK
6
CONTINUOUS
10
48.0567459999999969
20
-37.8245000000000005
11
47.9897069999999957
21
-37.8048149999999978
0
LINE
8
BLACK
6
CONTINUOUS
10
47.9897069999999957
20
-37.8048149999999978
11
47.9690650000000005
21
-37.7881810000000016
0
LINE
8
BLACK
6
CONTINUOUS
10
47.9690650000000005
20
-37.7881810000000016
11
41.1889210000000006
21
-31.008035999999997
0
LINE
8
BLACK
6
CONTINUOUS
10
41.1889210000000006
20
-31.008035999999997
11
41.188919999999996
21
-31.0080349999999996
0
LINE
8
BLACK
6
CONTINUOUS
10
41.188919999999996
20
-31.0080349999999996
11
41.1889189999999985
21
-31.0080339999999985
0
LINE
8
BLACK
6
CONTINUOUS
10
41.1889189999999985
20
-31.0080339999999985
11
41.0891570000000002
21
-30.9355529999999987
0
LINE
8
BLACK
6
CONTINUOUS
10
41.0891570000000002
20
-30.9355529999999987
11
41.0233109999999996
21
-30.887712999999998
0
LINE
8
BLACK
6
CONTINUOUS
10
41.0233109999999996
20
-30.887712999999998
11
40.8702359999999985
21
-30.8097180000000002
0
LINE
8
BLACK
6
CONTINUOUS
10
40.8702359999999985
20
-30.8097180000000002
11
40.8692470000000014
21
-30.8092139999999972
0
LINE
8
BLACK
6
CONTINUOUS
10
40.8692470000000014
20
-30.8092139999999972
11
40.8409240000000011
21
-30.7947819999999979
0
LINE
8
BLACK
6
CONTINUOUS
10
40.8409240000000011
20
-30.7947819999999979
11
40.8409210000000016
21
-30.7947809999999969
0
LINE
8
BLACK
6
CONTINUOUS
10
40.8409210000000016
20
-30.7947809999999969
11
40.8409189999999995
21
-30.7947799999999994
0
LINE
8
BLACK
6
CONTINUOUS
10
40.8409189999999995
20
-30.7947799999999994
11
40.7435759999999974
21
-30.763150999999997
0
LINE
8
BLACK
6
CONTINUOUS
10
40.7435759999999974
20
-30.763150999999997
11
40.7197029999999955
21
-30.755393999999999
0
LINE
8
BLACK
6
CONTINUOUS
10
40.7197029999999955
20
-30.755393999999999
11
40.6462349999999972
21
-30.7315219999999982
0
LINE
8
BLACK
6
CONTINUOUS
10
40.6462349999999972
20
-30.7315219999999982
11
40.4710299999999989
21
-30.7037729999999982
0
LINE
8
BLACK
6
CONTINUOUS
10
40.4710299999999989
20
-30.7037729999999982
11
40.4440519999999992
21
-30.6994999999999969
0
LINE
8
BLACK
6
CONTINUOUS
10
40.4440519999999992
20
-30.6994999999999969
11
40.4440509999999946
21
-30.6994999999999969
0
LINE
8
BLACK
6
CONTINUOUS
10
40.4440509999999946
20
-30.6994999999999969
11
39.964500000000001
21
-30.6994999999999969
0
LINE
8
BLACK
6
CONTINUOUS
10
39.964500000000001
20
-30.6994999999999969
11
39.8974609999999998
21
-30.6798149999999978
0
LINE
8
BLACK
6
CONTINUOUS
10
39.8974609999999998
20
-30.6798149999999978
11
39.8517060000000001
21
-30.6270109999999995
0
LINE
8
BLACK
6
CONTINUOUS
10
39.8517060000000001
20
-30.6270109999999995
11
39.8404999999999987
21
-30.5754999999999981
0
LINE
8
BLACK
6
CONTINUOUS
10
39.8404999999999987
20
-30.5754999999999981
11
39.8404999999999987
21
-30.4550429999999999
0
LINE
8
BLACK
6
CONTINUOUS
10
39.8404999999999987
20
-30.4550429999999999
11
39.8404990000000012
21
-30.4550389999999993
0
LINE
8
BLACK
6
CONTINUOUS
10
39.8404990000000012
20
-30.4550389999999993
11
39.8253689999999949
21
-30.3207500000000003
0
LINE
8
BLACK
6
CONTINUOUS
10
39.8253689999999949
20
-30.3207500000000003
11
39.8253679999999974
21
-30.3207449999999987
0
LINE
8
BLACK
6
CONTINUOUS
10
39.8253679999999974
20
-30.3207449999999987
11
39.7657889999999981
21
-30.1504779999999997
0
LINE
8
BLACK
6
CONTINUOUS
10
39.7657889999999981
20
-30.1504779999999997
11
39.6698159999999973
21
-29.9977379999999982
0
LINE
8
BLACK
6
CONTINUOUS
10
39.6698159999999973
20
-29.9977379999999982
11
39.5422620000000009
21
-29.8701839999999983
0
LINE
8
BLACK
6
CONTINUOUS
10
39.5422620000000009
20
-29.8701839999999983
11
39.4574819999999988
21
-29.8169129999999996
0
LINE
8
BLACK
6
CONTINUOUS
10
39.4574819999999988
20
-29.8169129999999996
11
39.389522999999997
21
-29.7742109999999975
0
LINE
8
BLACK
6
CONTINUOUS
10
39.389522999999997
20
-29.7742109999999975
11
39.2192539999999994
21
-29.7146309999999971
0
LINE
8
BLACK
6
CONTINUOUS
10
39.2192539999999994
20
-29.7146309999999971
11
39.2192489999999978
21
-29.7146299999999997
0
LINE
8
BLACK
6
CONTINUOUS
10
39.2192489999999978
20
-29.7146299999999997
11
39.0849599999999953
21
-29.6994999999999969
0
LINE
8
BLACK
6
CONTINUOUS
10
39.0849599999999953
20
-29.6994999999999969
11
39.0849539999999962
21
-29.6994999999999969
0
LINE
8
BLACK
6
CONTINUOUS
10
39.0849539999999962
20
-29.6994999999999969
11
35.995045999999995
21
-29.6994999999999969
0
LINE
8
BLACK
6
CONTINUOUS
10
35.995045999999995
20
-29.6994999999999969
11
35.9950389999999985
21
-29.6994999999999969
0
LINE
8
BLACK
6
CONTINUOUS
10
35.9950389999999985
20
-29.6994999999999969
11
35.8607499999999959
21
-29.7146299999999997
0
LINE
8
BLACK
6
CONTINUOUS
10
35.8607499999999959
20
-29.7146299999999997
11
35.8607450000000014
21
-29.7146309999999971
0
LINE
8
BLACK
6
CONTINUOUS
10
35.8607450000000014
20
-29.7146309999999971
11
35.6904759999999968
21
-29.7742109999999975
0
LINE
8
BLACK
6
CONTINUOUS
10
35.6904759999999968
20
-29.7742109999999975
11
35.5377369999999999
21
-29.8701839999999983
0
LINE
8
BLACK
6
CONTINUOUS
10
35.5377369999999999
20
-29.8701839999999983
11
35.410184000000001
21
-29.9977369999999972
0
LINE
8
BLACK
6
CONTINUOUS
10
35.410184000000001
20
-29.9977369999999972
11
35.3142110000000002
21
-30.1504759999999976
0
LINE
8
BLACK
6
CONTINUOUS
10
35.3142110000000002
20
-30.1504759999999976
11
35.2546309999999963
21
-30.3207449999999987
0
LINE
8
BLACK
6
CONTINUOUS
10
35.2546309999999963
20
-30.3207449999999987
11
35.2546299999999988
21
-30.3207500000000003
0
LINE
8
BLACK
6
CONTINUOUS
10
35.2546299999999988
20
-30.3207500000000003
11
35.2394999999999996
21
-30.4550389999999993
0
LINE
8
BLACK
6
CONTINUOUS
10
35.2394999999999996
20
-30.4550389999999993
11
35.2394999999999996
21
-32.6409529999999961
0
LINE
8
BLACK
6
CONTINUOUS
10
35.2394999999999996
20
-32.6409529999999961
11
35.219814999999997
21
-32.7079919999999973
0
LINE
8
BLACK
6
CONTINUOUS
10
35.219814999999997
20
-32.7079919999999973
11
35.1670109999999951
21
-32.7537469999999971
0
LINE
8
BLACK
6
CONTINUOUS
10
35.1670109999999951
20
-32.7537469999999971
11
35.0978530000000006
21
-32.7636910000000015
0
LINE
8
BLACK
6
CONTINUOUS
10
35.0978530000000006
20
-32.7636910000000015
11
35.0342969999999951
21
-32.7346659999999972
0
LINE
8
BLACK
6
CONTINUOUS
10
35.0342969999999951
20
-32.7346659999999972
11
35.0278190000000009
21
-32.7286339999999996
0
LINE
8
BLACK
6
CONTINUOUS
10
35.0278190000000009
20
-32.7286339999999996
11
34.7676119999999997
21
-32.4684269999999984
0
LINE
8
BLACK
6
CONTINUOUS
10
34.7676119999999997
20
-32.4684269999999984
11
34.7341270000000009
21
-32.4071039999999968
0
LINE
8
BLACK
6
CONTINUOUS
10
34.7341270000000009
20
-32.4071039999999968
11
34.7323540000000008
21
-32.3645649999999989
0
LINE
8
BLACK
6
CONTINUOUS
10
34.7323540000000008
20
-32.3645649999999989
11
34.7605000000000004
21
-32.150782999999997
0
LINE
8
BLACK
6
CONTINUOUS
10
34.7605000000000004
20
-32.150782999999997
11
34.7605000000000004
21
-31.8492169999999994
0
LINE
8
BLACK
6
CONTINUOUS
10
34.7605000000000004
20
-31.8492169999999994
11
34.7211379999999963
21
-31.5502319999999976
0
LINE
8
BLACK
6
CONTINUOUS
10
34.7211379999999963
20
-31.5502319999999976
11
34.6430870000000013
21
-31.2589419999999976
0
LINE
8
BLACK
6
CONTINUOUS
10
34.6430870000000013
20
-31.2589419999999976
11
34.5276829999999961
21
-30.9803319999999971
0
LINE
8
BLACK
6
CONTINUOUS
10
34.5276829999999961
20
-30.9803319999999971
11
34.5093829999999997
21
-30.9486359999999969
0
LINE
8
BLACK
6
CONTINUOUS
10
34.5093829999999997
20
-30.9486359999999969
11
34.3768999999999991
21
-30.7191679999999998
0
LINE
8
BLACK
6
CONTINUOUS
10
34.3768999999999991
20
-30.7191679999999998
11
34.1933199999999999
21
-30.4799209999999974
0
LINE
8
BLACK
6
CONTINUOUS
10
34.1933199999999999
20
-30.4799209999999974
11
34.1933140000000009
21
-30.4799139999999973
0
LINE
8
BLACK
6
CONTINUOUS
10
34.1933140000000009
20
-30.4799139999999973
11
33.9800849999999954
21
-30.266684999999999
0
LINE
8
BLACK
6
CONTINUOUS
10
33.9800849999999954
20
-30.266684999999999
11
33.9800779999999989
21
-30.2666789999999999
0
LINE
8
BLACK
6
CONTINUOUS
10
33.9800779999999989
20
-30.2666789999999999
11
33.740831
21
-30.0830989999999971
0
LINE
8
BLACK
6
CONTINUOUS
10
33.740831
20
-30.0830989999999971
11
33.4796709999999962
21
-29.9323179999999986
0
LINE
8
BLACK
6
CONTINUOUS
10
33.4796709999999962
20
-29.9323179999999986
11
33.4796610000000001
21
-29.9323139999999981
0
LINE
8
BLACK
6
CONTINUOUS
10
33.4796610000000001
20
-29.9323139999999981
11
33.2010599999999982
21
-29.8169129999999996
0
LINE
8
BLACK
6
CONTINUOUS
10
33.2010599999999982
20
-29.8169129999999996
11
32.9097659999999976
21
-29.738861
0
LINE
8
BLACK
6
CONTINUOUS
10
32.9097659999999976
20
-29.738861
11
32.610793000000001
21
-29.6995009999999979
0
LINE
8
BLACK
6
CONTINUOUS
10
32.610793000000001
20
-29.6995009999999979
11
32.6107879999999994
21
-29.6994999999999969
0
LINE
8
BLACK
6
CONTINUOUS
10
32.6107879999999994
20
-29.6994999999999969
11
32.6107829999999979
21
-29.6994999999999969
0
LINE
8
BLACK
6
CONTINUOUS
10
32.6107829999999979
20
-29.6994999999999969
11
32.3092169999999967
21
-29.6994999999999969
0
LINE
8
BLACK
6
CONTINUOUS
10
32.3092169999999967
20
-29.6994999999999969
11
32.3092109999999977
21
-29.6994999999999969
0
LINE
8
BLACK
6
CONTINUOUS
10
32.3092109999999977
20
-29.6994999999999969
11
32.3092059999999961
21
-29.6995009999999979
0
LINE
8
BLACK
6
CONTINUOUS
10
32.3092059999999961
20
-29.6995009999999979
11
32.0102329999999995
21
-29.738861
0
LINE
8
BLACK
6
CONTINUOUS
10
32.0102329999999995
20
-29.738861
11
31.7189389999999989
21
-29.8169129999999996
0
LINE
8
BLACK
6
CONTINUOUS
10
31.7189389999999989
20
-29.8169129999999996
11
31.440337999999997
21
-29.9323139999999981
0
LINE
8
BLACK
6
CONTINUOUS
10
31.440337999999997
20
-29.9323139999999981
11
31.4403279999999974
21
-29.9323179999999986
0
LINE
8
BLACK
6
CONTINUOUS
10
31.4403279999999974
20
-29.9323179999999986
11
31.1791679999999971
21
-30.0830989999999971
0
LINE
8
BLACK
6
CONTINUOUS
10
31.1791679999999971
20
-30.0830989999999971
11
30.9399209999999982
21
-30.2666789999999999
0
LINE
8
BLACK
6
CONTINUOUS
10
30.9399209999999982
20
-30.2666789999999999
11
30.9399139999999981
21
-30.266684999999999
0
LINE
8
BLACK
6
CONTINUOUS
10
30.9399139999999981
20
-30.266684999999999
11
30.7266849999999998
21
-30.4799139999999973
0
LINE
8
BLACK
6
CONTINUOUS
10
30.7266849999999998
20
-30.4799139999999973
11
30.7266789999999972
21
-30.4799209999999974
0
LINE
8
BLACK
6
CONTINUOUS
10
30.7266789999999972
20
-30.4799209999999974
11
30.543098999999998
21
-30.7191679999999998
0
LINE
8
BLACK
6
CONTINUOUS
10
30.543098999999998
20
-30.7191679999999998
11
30.3923179999999995
21
-30.9803280000000001
0
LINE
8
BLACK
6
CONTINUOUS
10
30.3923179999999995
20
-30.9803280000000001
11
30.3923139999999989
21
-30.9803379999999997
0
LINE
8
BLACK
6
CONTINUOUS
10
30.3923139999999989
20
-30.9803379999999997
11
30.2769129999999969
21
-31.258938999999998
0
LINE
8
BLACK
6
CONTINUOUS
10
30.2769129999999969
20
-31.258938999999998
11
30.1988609999999973
21
-31.5502329999999986
0
LINE
8
BLACK
6
CONTINUOUS
10
30.1988609999999973
20
-31.5502329999999986
11
30.1595009999999988
21
-31.8492059999999988
0
LINE
8
BLACK
6
CONTINUOUS
10
30.1595009999999988
20
-31.8492059999999988
11
30.1594999999999978
21
-31.8492229999999985
0
LINE
8
BLACK
6
CONTINUOUS
10
30.1594999999999978
20
-31.8492229999999985
11
30.1594999999999978
21
-32.1507760000000005
0
LINE
8
BLACK
6
CONTINUOUS
10
113.9719279999999912
20
-65.6466549999999955
11
113.9719279999999912
21
-62.2311029999999974
0
LINE
8
BLACK
6
CONTINUOUS
10
113.9719279999999912
20
-62.2311029999999974
11
108.3449169999999953
21
-62.2311029999999974
0
LINE
8
BLACK
6
CONTINUOUS
10
108.3449169999999953
20
-62.2311029999999974
11
108.3449169999999953
21
-65.6466549999999955
0
LINE
8
BLACK
6
CONTINUOUS
10
108.3449169999999953
20
-65.6466549999999955
11
113.9719279999999912
21
-65.6466549999999955
0
LINE
8
BLACK
6
CONTINUOUS
10
52.5769279999999952
20
-54.6966549999999998
11
52.5769279999999952
21
-51.2811029999999946
0
LINE
8
BLACK
6
CONTINUOUS
10
52.5769279999999952
20
-51.2811029999999946
11
46.9499169999999992
21
-51.2811029999999946
0
LINE
8
BLACK
6
CONTINUOUS
10
46.9499169999999992
20
-51.2811029999999946
11
46.9499169999999992
21
-54.6966549999999998
0
LINE
8
BLACK
6
CONTINUOUS
10
46.9499169999999992
20
-54.6966549999999998
11
52.5769279999999952
21
-54.6966549999999998
0
LINE
8
BLACK
6
CONTINUOUS
10
30.1594999999999978
20
-51.9007760000000005
11
30.1595009999999988
21
-51.9007930000000002
0
LINE
8
BLACK
6
CONTINUOUS
10
30.1595009999999988
20
-51.9007930000000002
11
30.1988609999999973
21
-52.1997659999999968
0
LINE
8
BLACK
6
CONTINUOUS
10
30.1988609999999973
20
-52.1997659999999968
11
30.2769129999999969
21
-52.4910599999999974
0
LINE
8
BLACK
6
CONTINUOUS
10
30.2769129999999969
20
-52.4910599999999974
11
30.3923139999999989
21
-52.7696609999999993
0
LINE
8
BLACK
6
CONTINUOUS
10
30.3923139999999989
20
-52.7696609999999993
11
30.3923179999999995
21
-52.7696709999999953
0
LINE
8
BLACK
6
CONTINUOUS
10
30.3923179999999995
20
-52.7696709999999953
11
30.543098999999998
21
-53.0308309999999992
0
LINE
8
BLACK
6
CONTINUOUS
10
30.543098999999998
20
-53.0308309999999992
11
30.7266789999999972
21
-53.270077999999998
0
LINE
8
BLACK
6
CONTINUOUS
10
30.7266789999999972
20
-53.270077999999998
11
30.7266849999999998
21
-53.2700849999999946
0
LINE
8
BLACK
6
CONTINUOUS
10
30.7266849999999998
20
-53.2700849999999946
11
30.9399139999999981
21
-53.483314
0
LINE
8
BLACK
6
CONTINUOUS
10
30.9399139999999981
20
-53.483314
11
30.9399209999999982
21
-53.4833199999999991
0
LINE
8
BLACK
6
CONTINUOUS
10
30.9399209999999982
20
-53.4833199999999991
11
31.1791679999999971
21
-53.6668999999999983
0
LINE
8
BLACK
6
CONTINUOUS
10
31.1791679999999971
20
-53.6668999999999983
11
31.4403279999999974
21
-53.8176810000000003
0
LINE
8
BLACK
6
CONTINUOUS
10
31.4403279999999974
20
-53.8176810000000003
11
31.4403289999999984
21
-53.8176810000000003
0
LINE
8
BLACK
6
CONTINUOUS
10
31.4403289999999984
20
-53.8176810000000003
11
31.4403319999999979
21
-53.8176829999999953
0
LINE
8
BLACK
6
CONTINUOUS
10
31.4403319999999979
20
-53.8176829999999953
11
31.6260719999999971
21
-53.8946189999999987
0
LINE
8
BLACK
6
CONTINUOUS
10
31.6260719999999971
20
-53.8946189999999987
11
31.7189389999999989
21
-53.9330859999999959
0
LINE
8
BLACK
6
CONTINUOUS
10
31.7189389999999989
20
-53.9330859999999959
11
31.7189399999999999
21
-53.9330859999999959
0
LINE
8
BLACK
6
CONTINUOUS
10
31.7189399999999999
20
-53.9330859999999959
11
31.7189419999999984
21
-53.9330870000000004
0
LINE
8
BLACK
6
CONTINUOUS
10
31.7189419999999984
20
-53.9330870000000004
11
32.010232000000002
21
-54.0111379999999954
0
LINE
8
BLACK
6
CONTINUOUS
10
32.010232000000002
20
-54.0111379999999954
11
32.3092169999999967
21
-54.0504999999999995
0
LINE
8
BLACK
6
CONTINUOUS
10
32.3092169999999967
20
-54.0504999999999995
11
32.3092240000000004
21
-54.0504999999999995
0
LINE
8
BLACK
6
CONTINUOUS
10
32.3092240000000004
20
-54.0504999999999995
11
32.6107760000000013
21
-54.0504999999999995
0
LINE
8
BLACK
6
CONTINUOUS
10
32.6107760000000013
20
-54.0504999999999995
11
32.6107829999999979
21
-54.0504999999999995
0
LINE
8
BLACK
6
CONTINUOUS
10
32.6107829999999979
20
-54.0504999999999995
11
32.9097679999999997
21
-54.0111379999999954
0
LINE
8
BLACK
6
CONTINUOUS
10
32.9097679999999997
20
-54.0111379999999954
11
33.2010579999999962
21
-53.9330870000000004
0
LINE
8
BLACK
6
CONTINUOUS
10
33.2010579999999962
20
-53.9330870000000004
11
33.4796679999999967
21
-53.8176829999999953
0
LINE
8
BLACK
6
CONTINUOUS
10
33.4796679999999967
20
-53.8176829999999953
11
33.7408319999999975
21
-53.6668999999999983
0
LINE
8
BLACK
6
CONTINUOUS
10
33.7408319999999975
20
-53.6668999999999983
11
33.980080000000001
21
-53.4833189999999945
0
LINE
8
BLACK
6
CONTINUOUS
10
33.980080000000001
20
-53.4833189999999945
11
34.1933189999999954
21
-53.2700800000000001
0
LINE
8
BLACK
6
CONTINUOUS
10
34.1933189999999954
20
-53.2700800000000001
11
34.3768999999999991
21
-53.0308319999999966
0
LINE
8
BLACK
6
CONTINUOUS
10
34.3768999999999991
20
-53.0308319999999966
11
34.5276829999999961
21
-52.7696679999999958
0
LINE
8
BLACK
6
CONTINUOUS
10
34.5276829999999961
20
-52.7696679999999958
11
34.6430870000000013
21
-52.4910579999999953
0
LINE
8
BLACK
6
CONTINUOUS
10
34.6430870000000013
20
-52.4910579999999953
11
34.7211379999999963
21
-52.1997679999999988
0
LINE
8
BLACK
6
CONTINUOUS
10
34.7211379999999963
20
-52.1997679999999988
11
34.7605000000000004
21
-51.900782999999997
0
LINE
8
BLACK
6
CONTINUOUS
10
34.7605000000000004
20
-51.900782999999997
11
34.7605000000000004
21
-51.5992169999999959
0
LINE
8
BLACK
6
CONTINUOUS
10
34.7605000000000004
20
-51.5992169999999959
11
34.7211379999999963
21
-51.3002320000000012
0
LINE
8
BLACK
6
CONTINUOUS
10
34.7211379999999963
20
-51.3002320000000012
11
34.6430870000000013
21
-51.0089419999999976
0
LINE
8
BLACK
6
CONTINUOUS
10
34.6430870000000013
20
-51.0089419999999976
11
34.5276829999999961
21
-50.7303319999999971
0
LINE
8
BLACK
6
CONTINUOUS
10
34.5276829999999961
20
-50.7303319999999971
11
34.4742090000000019
21
-50.637712999999998
0
LINE
8
BLACK
6
CONTINUOUS
10
34.4742090000000019
20
-50.637712999999998
11
34.3768999999999991
21
-50.4691679999999963
0
LINE
8
BLACK
6
CONTINUOUS
10
34.3768999999999991
20
-50.4691679999999963
11
34.1933199999999999
21
-50.2299209999999974
0
LINE
8
BLACK
6
CONTINUOUS
10
34.1933199999999999
20
-50.2299209999999974
11
34.1933140000000009
21
-50.2299140000000008
0
LINE
8
BLACK
6
CONTINUOUS
10
34.1933140000000009
20
-50.2299140000000008
11
33.9800849999999954
21
-50.0166849999999954
0
LINE
8
BLACK
6
CONTINUOUS
10
33.9800849999999954
20
-50.0166849999999954
11
33.9800779999999989
21
-50.0166789999999963
0
LINE
8
BLACK
6
CONTINUOUS
10
33.9800779999999989
20
-50.0166789999999963
11
33.740831
21
-49.8330989999999971
0
LINE
8
BLACK
6
CONTINUOUS
10
33.740831
20
-49.8330989999999971
11
33.4796709999999962
21
-49.6823179999999951
0
LINE
8
BLACK
6
CONTINUOUS
10
33.4796709999999962
20
-49.6823179999999951
11
33.4796610000000001
21
-49.6823139999999981
0
LINE
8
BLACK
6
CONTINUOUS
10
33.4796610000000001
20
-49.6823139999999981
11
33.2010599999999982
21
-49.5669129999999996
0
LINE
8
BLACK
6
CONTINUOUS
10
33.2010599999999982
20
-49.5669129999999996
11
32.9097659999999976
21
-49.488861
0
LINE
8
BLACK
6
CONTINUOUS
10
32.9097659999999976
20
-49.488861
11
32.610793000000001
21
-49.4495009999999979
0
LINE
8
BLACK
6
CONTINUOUS
10
32.610793000000001
20
-49.4495009999999979
11
32.6107879999999994
21
-49.4495000000000005
0
LINE
8
BLACK
6
CONTINUOUS
10
32.6107879999999994
20
-49.4495000000000005
11
32.6107829999999979
21
-49.4495000000000005
0
LINE
8
BLACK
6
CONTINUOUS
10
32.6107829999999979
20
-49.4495000000000005
11
32.3092169999999967
21
-49.4495000000000005
0
LINE
8
BLACK
6
CONTINUOUS
10
32.3092169999999967
20
-49.4495000000000005
11
32.3092109999999977
21
-49.4495000000000005
0
LINE
8
BLACK
6
CONTINUOUS
10
32.3092109999999977
20
-49.4495000000000005
11
32.3092059999999961
21
-49.4495009999999979
0
LINE
8
BLACK
6
CONTINUOUS
10
32.3092059999999961
20
-49.4495009999999979
11
32.0102329999999995
21
-49.488861
0
LINE
8
BLACK
6
CONTINUOUS
10
32.0102329999999995
20
-49.488861
11
31.7189389999999989
21
-49.5669129999999996
0
LINE
8
BLACK
6
CONTINUOUS
10
31.7189389999999989
20
-49.5669129999999996
11
31.440337999999997
21
-49.6823139999999981
0
LINE
8
BLACK
6
CONTINUOUS
10
31.440337999999997
20
-49.6823139999999981
11
31.4403279999999974
21
-49.6823179999999951
0
LINE
8
BLACK
6
CONTINUOUS
10
31.4403279999999974
20
-49.6823179999999951
11
31.1791679999999971
21
-49.8330989999999971
0
LINE
8
BLACK
6
CONTINUOUS
10
31.1791679999999971
20
-49.8330989999999971
11
30.9399209999999982
21
-50.0166789999999963
0
LINE
8
BLACK
6
CONTINUOUS
10
30.9399209999999982
20
-50.0166789999999963
11
30.9399139999999981
21
-50.0166849999999954
0
LINE
8
BLACK
6
CONTINUOUS
10
30.9399139999999981
20
-50.0166849999999954
11
30.7266849999999998
21
-50.2299140000000008
0
LINE
8
BLACK
6
CONTINUOUS
10
30.7266849999999998
20
-50.2299140000000008
11
30.7266789999999972
21
-50.2299209999999974
0
LINE
8
BLACK
6
CONTINUOUS
10
30.7266789999999972
20
-50.2299209999999974
11
30.543098999999998
21
-50.4691679999999963
0
LINE
8
BLACK
6
CONTINUOUS
10
30.543098999999998
20
-50.4691679999999963
11
30.3923179999999995
21
-50.7303280000000001
0
LINE
8
BLACK
6
CONTINUOUS
10
30.3923179999999995
20
-50.7303280000000001
11
30.3923139999999989
21
-50.7303379999999962
0
LINE
8
BLACK
6
CONTINUOUS
10
30.3923139999999989
20
-50.7303379999999962
11
30.2769129999999969
21
-51.008938999999998
0
LINE
8
BLACK
6
CONTINUOUS
10
30.2769129999999969
20
-51.008938999999998
11
30.1988609999999973
21
-51.3002329999999986
0
LINE
8
BLACK
6
CONTINUOUS
10
30.1988609999999973
20
-51.3002329999999986
11
30.1595009999999988
21
-51.5992059999999952
0
LINE
8
BLACK
6
CONTINUOUS
10
30.1595009999999988
20
-51.5992059999999952
11
30.1594999999999978
21
-51.599222999999995
0
LINE
8
BLACK
6
CONTINUOUS
10
30.1594999999999978
20
-51.599222999999995
11
30.1594999999999978
21
-51.9007760000000005
0
LINE
8
BLACK
6
CONTINUOUS
10
37.0269279999999981
20
-47.6605530000000002
11
37.0269279999999981
21
-46.6466549999999955
0
LINE
8
BLACK
6
CONTINUOUS
10
37.0269279999999981
20
-46.6466549999999955
11
37.0269279999999981
21
-44.246186999999999
0
LINE
8
BLACK
6
CONTINUOUS
10
37.0269279999999981
20
-44.246186999999999
11
33.0427740000000014
21
-44.246186999999999
0
LINE
8
BLACK
6
CONTINUOUS
10
33.0427740000000014
20
-44.246186999999999
11
33.0427740000000014
21
-47.6605530000000002
0
LINE
8
BLACK
6
CONTINUOUS
10
33.0427740000000014
20
-47.6605530000000002
11
37.0269279999999981
21
-47.6605530000000002
0
LINE
8
BLACK
6
CONTINUOUS
10
52.5769279999999952
20
-46.6466549999999955
11
52.5769279999999952
21
-43.2299839999999946
0
LINE
8
BLACK
6
CONTINUOUS
10
52.5769279999999952
20
-43.2299839999999946
11
46.9516419999999997
21
-43.2299839999999946
0
LINE
8
BLACK
6
CONTINUOUS
10
46.9516419999999997
20
-43.2299839999999946
11
46.9516419999999997
21
-46.6466549999999955
0
LINE
8
BLACK
6
CONTINUOUS
10
46.9516419999999997
20
-46.6466549999999955
11
52.5769279999999952
21
-46.6466549999999955
0
LINE
8
BLACK
6
CONTINUOUS
10
95.8517739999999918
20
-34.765552999999997
11
95.8517739999999918
21
-31.765552999999997
0
LINE
8
BLACK
6
CONTINUOUS
10
95.8517739999999918
20
-31.765552999999997
11
95.8517739999999918
21
-31.3499839999999992
0
LINE
8
BLACK
6
CONTINUOUS
10
95.8517739999999918
20
-31.3499839999999992
11
91.5809270000000026
21
-31.3499839999999992
0
LINE
8
BLACK
6
CONTINUOUS
10
91.5809270000000026
20
-31.3499839999999992
11
91.5809270000000026
21
-34.765552999999997
0
LINE
8
BLACK
6
CONTINUOUS
10
91.5809270000000026
20
-34.765552999999997
11
95.8517739999999918
21
-34.765552999999997
0
LINE
8
BLACK
6
CONTINUOUS
10
101.2267739999999918
20
-31.765552999999997
11
101.2267739999999918
21
-28.3511029999999984
0
LINE
8
BLACK
6
CONTINUOUS
10
101.2267739999999918
20
-28.3511029999999984
11
96.9542019999999951
21
-28.3511029999999984
0
LINE
8
BLACK
6
CONTINUOUS
10
96.9542019999999951
20
-28.3511029999999984
11
96.9542019999999951
21
-31.765552999999997
0
LINE
8
BLACK
6
CONTINUOUS
10
96.9542019999999951
20
-31.765552999999997
11
101.2267739999999918
21
-31.765552999999997
0
LINE
8
BLACK
6
CONTINUOUS
10
60.385081999999997
20
-30.9355529999999987
11
60.385081999999997
21
-27.5199839999999973
0
LINE
8
BLACK
6
CONTINUOUS
10
60.385081999999997
20
-27.5199839999999973
11
56.1152129999999971
21
-27.5199839999999973
0
LINE
8
BLACK
6
CONTINUOUS
10
56.1152129999999971
20
-27.5199839999999973
11
56.1152129999999971
21
-30.9355529999999987
0
LINE
8
BLACK
6
CONTINUOUS
10
56.1152129999999971
20
-30.9355529999999987
11
60.385081999999997
21
-30.9355529999999987
0
LINE
8
BLACK
6
CONTINUOUS
10
87.4400819999999896
20
-30.9355529999999987
11
87.4400819999999896
21
-27.5211030000000001
0
LINE
8
BLACK
6
CONTINUOUS
10
87.4400819999999896
20
-27.5211030000000001
11
83.1684879999999964
21
-27.5211030000000001
0
LINE
8
BLACK
6
CONTINUOUS
10
83.1684879999999964
20
-27.5211030000000001
11
83.1684879999999964
21
-30.9355529999999987
0
LINE
8
BLACK
6
CONTINUOUS
10
83.1684879999999964
20
-30.9355529999999987
11
87.4400819999999896
21
-30.9355529999999987
0
LINE
8
BLACK
6
CONTINUOUS
10
37.0269279999999981
20
-27.9105530000000002
11
37.0269279999999981
21
-24.4949839999999988
0
LINE
8
BLACK
6
CONTINUOUS
10
37.0269279999999981
20
-24.4949839999999988
11
33.0444990000000018
21
-24.4949839999999988
0
LINE
8
BLACK
6
CONTINUOUS
10
33.0444990000000018
20
-24.4949839999999988
11
33.0444990000000018
21
-27.9105530000000002
0
LINE
8
BLACK
6
CONTINUOUS
10
33.0444990000000018
20
-27.9105530000000002
11
37.0269279999999981
21
-27.9105530000000002
0
LINE
8
BLACK
6
CONTINUOUS
10
147.0819280000000049
20
-27.9105530000000002
11
147.0819280000000049
21
-24.496102999999998
0
LINE
8
BLACK
6
CONTINUOUS
10
147.0819280000000049
20
-24.496102999999998
11
143.0977739999999869
21
-24.496102999999998
0
LINE
8
BLACK
6
CONTINUOUS
10
143.0977739999999869
20
-24.496102999999998
11
143.0977739999999869
21
-27.9105530000000002
0
LINE
8
BLACK
6
CONTINUOUS
10
143.0977739999999869
20
-27.9105530000000002
11
147.0819280000000049
21
-27.9105530000000002
0
CIRCLE
8
BLACK
10
71.8449999999999989
20
-49.7349999999999994
40
0.175
0
CIRCLE
8
BLACK
10
79.4650000000000034
20
-49.7349999999999994
40
0.175
0
CIRCLE
8
BLACK
10
91.2149999999999892
20
-37.8549999999999969
40
0.175
0
CIRCLE
8
BLACK
10
96.2149999999999892
20
-37.8549999999999969
40
0.175
0
CIRCLE
8
BLACK
10
54.4749999999999943
20
-34.0450000000000017
40
0.175
0
CIRCLE
8
BLACK
10
54.4749999999999943
20
-36.5850000000000009
40
0.175
0
CIRCLE
8
BLACK
10
54.4749999999999943
20
-39.125
40
0.175
0
CIRCLE
8
BLACK
10
54.4749999999999943
20
-41.6649999999999991
40
0.175
0
CIRCLE
8
BLACK
10
62.0949999999999989
20
-41.6649999999999991
40
0.175
0
CIRCLE
8
BLACK
10
62.0949999999999989
20
-39.125
40
0.175
0
CIRCLE
8
BLACK
10
62.0949999999999989
20
-36.5850000000000009
40
0.175
0
CIRCLE
8
BLACK
10
62.0949999999999989
20
-34.0450000000000017
40
0.175
0
CIRCLE
8
BLACK
10
135.539999999999992
20
-32.
40
0.175
0
CIRCLE
8
BLACK
10
140.6200000000000045
20
-32.
40
0.175
0
CIRCLE
8
BLACK
10
54.0749999999999957
20
-65.8349999999999937
40
0.175
0
CIRCLE
8
BLACK
10
61.6950000000000003
20
-65.8349999999999937
40
0.175
0
CIRCLE
8
BLACK
10
73.0450000000000017
20
-34.0450000000000017
40
0.175
0
CIRCLE
8
BLACK
10
73.0450000000000017
20
-36.5850000000000009
40
0.175
0
CIRCLE
8
BLACK
10
73.0450000000000017
20
-39.125
40
0.175
0
CIRCLE
8
BLACK
10
73.0450000000000017
20
-41.6649999999999991
40
0.175
0
CIRCLE
8
BLACK
10
80.664999999999992
20
-41.6649999999999991
40
0.175
0
CIRCLE
8
BLACK
10
80.664999999999992
20
-39.125
40
0.175
0
CIRCLE
8
BLACK
10
80.664999999999992
20
-36.5850000000000009
40
0.175
0
CIRCLE
8
BLACK
10
80.664999999999992
20
-34.0450000000000017
40
0.175
0
CIRCLE
8
BLACK
10
37.5399999999999991
20
-32.
40
0.175
0
CIRCLE
8
BLACK
10
32.4600000000000009
20
-32.
40
0.175
0
CIRCLE
8
BLACK
10
54.0749999999999957
20
-57.7849999999999966
40
0.175
0
CIRCLE
8
BLACK
10
61.6950000000000003
20
-57.7849999999999966
40
0.175
0
CIRCLE
8
BLACK
10
138.0799999999999841
20
-46.6699999999999946
40
0.175
0
CIRCLE
8
BLACK
10
138.0799999999999841
20
-49.2100000000000009
40
0.175
0
CIRCLE
8
BLACK
10
138.0799999999999841
20
-51.75
40
0.175
0
CIRCLE
8
BLACK
10
138.0799999999999841
20
-54.2899999999999991
40
0.175
0
CIRCLE
8
BLACK
10
138.0799999999999841
20
-56.8299999999999983
40
0.175
0
CIRCLE
8
BLACK
10
106.3649999999999949
20
-37.8549999999999969
40
0.175
0
CIRCLE
8
BLACK
10
111.3649999999999949
20
-37.8549999999999969
40
0.175
0
CIRCLE
8
BLACK
10
89.6149999999999949
20
-57.7849999999999966
40
0.175
0
CIRCLE
8
BLACK
10
97.2349999999999994
20
-57.7849999999999966
40
0.175
0
CIRCLE
8
BLACK
10
71.8449999999999989
20
-57.7849999999999966
40
0.175
0
CIRCLE
8
BLACK
10
79.4650000000000034
20
-57.7849999999999966
40
0.175
0
CIRCLE
8
BLACK
10
89.6149999999999949
20
-49.7349999999999994
40
0.175
0
CIRCLE
8
BLACK
10
97.2349999999999994
20
-49.7349999999999994
40
0.175
0
CIRCLE
8
BLACK
10
54.0749999999999957
20
-49.7349999999999994
40
0.175
0
CIRCLE
8
BLACK
10
61.6950000000000003
20
-49.7349999999999994
40
0.175
0
CIRCLE
8
BLACK
10
107.3849999999999909
20
-49.7349999999999994
40
0.175
0
CIRCLE
8
BLACK
10
115.0049999999999955
20
-49.7349999999999994
40
0.175
0
CIRCLE
8
BLACK
10
107.3849999999999909
20
-57.7849999999999966
40
0.175
0
CIRCLE
8
BLACK
10
115.0049999999999955
20
-57.7849999999999966
40
0.175
0
CIRCLE
8
BLACK
10
37.5399999999999991
20
-51.75
40
0.175
0
CIRCLE
8
BLACK
10
32.4600000000000009
20
-51.75
40
0.175
0
LINE
8
WHITE
6
CONTINUOUS
10
20.
20
-20.
11
154.
21
-20.
0
LINE
8
WHITE
6
CONTINUOUS
10
154.
20
-20.
11
154.
21
-78.
0
LINE
8
WHITE
6
CONTINUOUS
10
154.
20
-78.
11
20.
21
-78.
0
LINE
8
WHITE
6
CONTINUOUS
10
20.
20
-78.
11
20.
21
-20.
0
CIRCLE
8
WHITE
10
71.8449999999999989
20
-49.7349999999999994
40
0.175
0
CIRCLE
8
WHITE
10
79.4650000000000034
20
-49.7349999999999994
40
0.175
0
CIRCLE
8
WHITE
10
91.2149999999999892
20
-37.8549999999999969
40
0.175
0
CIRCLE
8
WHITE
10
96.2149999999999892
20
-37.8549999999999969
40
0.175
0
CIRCLE
8
WHITE
10
54.4749999999999943
20
-34.0450000000000017
40
0.175
0
CIRCLE
8
WHITE
10
54.4749999999999943
20
-36.5850000000000009
40
0.175
0
CIRCLE
8
WHITE
10
54.4749999999999943
20
-39.125
40
0.175
0
CIRCLE
8
WHITE
10
54.4749999999999943
20
-41.6649999999999991
40
0.175
0
CIRCLE
8
WHITE
10
62.0949999999999989
20
-41.6649999999999991
40
0.175
0
CIRCLE
8
WHITE
10
62.0949999999999989
20
-39.125
40
0.175
0
CIRCLE
8
WHITE
10
62.0949999999999989
20
-36.5850000000000009
40
0.175
0
CIRCLE
8
WHITE
10
62.0949999999999989
20
-34.0450000000000017
40
0.175
0
CIRCLE
8
WHITE
10
135.539999999999992
20
-32.
40
0.175
0
CIRCLE
8
WHITE
10
140.6200000000000045
20
-32.
40
0.175
0
CIRCLE
8
WHITE
10
54.0749999999999957
20
-65.8349999999999937
40
0.175
0
CIRCLE
8
WHITE
10
61.6950000000000003
20
-65.8349999999999937
40
0.175
0
CIRCLE
8
WHITE
10
73.0450000000000017
20
-34.0450000000000017
40
0.175
0
CIRCLE
8
WHITE
10
73.0450000000000017
20
-36.5850000000000009
40
0.175
0
CIRCLE
8
WHITE
10
73.0450000000000017
20
-39.125
40
0.175
0
CIRCLE
8
WHITE
10
73.0450000000000017
20
-41.6649999999999991
40
0.175
0
CIRCLE
8
WHITE
10
80.664999999999992
20
-41.6649999999999991
40
0.175
0
CIRCLE
8
WHITE
10
80.664999999999992
20
-39.125
40
0.175
0
CIRCLE
8
WHITE
10
80.664999999999992
20
-36.5850000000000009
40
0.175
0
CIRCLE
8
WHITE
10
80.664999999999992
20
-34.0450000000000017
40
0.175
0
CIRCLE
8
WHITE
10
37.5399999999999991
20
-32.
40
0.175
0
CIRCLE
8
WHITE
10
32.4600000000000009
20
-32.
40
0.175
0
CIRCLE
8
WHITE
10
54.0749999999999957
20
-57.7849999999999966
40
0.175
0
CIRCLE
8
WHITE
10
61.6950000000000003
20
-57.7849999999999966
40
0.175
0
CIRCLE
8
WHITE
10
138.0799999999999841
20
-46.6699999999999946
40
0.175
0
CIRCLE
8
WHITE
10
138.0799999999999841
20
-49.2100000000000009
40
0.175
0
CIRCLE
8
WHITE
10
138.0799999999999841
20
-51.75
40
0.175
0
CIRCLE
8
WHITE
10
138.0799999999999841
20
-54.2899999999999991
40
0.175
0
CIRCLE
8
WHITE
10
138.0799999999999841
20
-56.8299999999999983
40
0.175
0
CIRCLE
8
WHITE
10
106.3649999999999949
20
-37.8549999999999969
40
0.175
0
CIRCLE
8
WHITE
10
111.3649999999999949
20
-37.8549999999999969
40
0.175
0
CIRCLE
8
WHITE
10
89.6149999999999949
20
-57.7849999999999966
40
0.175
0
CIRCLE
8
WHITE
10
97.2349999999999994
20
-57.7849999999999966
40
0.175
0
CIRCLE
8
WHITE
10
71.8449999999999989
20
-57.7849999999999966
40
0.175
0
CIRCLE
8
WHITE
10
79.4650000000000034
20
-57.7849999999999966
40
0.175
0
CIRCLE
8
WHITE
10
89.6149999999999949
20
-49.7349999999999994
40
0.175
0
CIRCLE
8
WHITE
10
97.2349999999999994
20
-49.7349999999999994
40
0.175
0
CIRCLE
8
WHITE
10
54.0749999999999957
20
-49.7349999999999994
40
0.175
0
CIRCLE
8
WHITE
10
61.6950000000000003
20
-49.7349999999999994
40
0.175
0
CIRCLE
8
WHITE
10
107.3849999999999909
20
-49.7349999999999994
40
0.175
0
CIRCLE
8
WHITE
10
115.0049999999999955
20
-49.7349999999999994
40
0.175
0
CIRCLE
8
WHITE
10
107.3849999999999909
20
-57.7849999999999966
40
0.175
0
CIRCLE
8
WHITE
10
115.0049999999999955
20
-57.7849999999999966
40
0.175
0
CIRCLE
8
WHITE
10
37.5399999999999991
20
-51.75
40
0.175
0
CIRCLE
8
WHITE
10
32.4600000000000009
20
-51.75
40
0.175
  0
ENDSEC
  0
EOF
