  0
SECTION
  2
HEADER
  9
$ANGBASE
  50
0.0
  9
$ANGDIR
  70
1
  9
$MEASUREMENT
  70
1
  0
ENDSEC
  0
SECTION
  2
TABLES
  0
TABLE
  2
LTYPE
  70
4
  0
LTYPE
  5
40F
  2
CONTINUOUS
  70
0
  3
Solid line
  72
65
  73
0
  40
0.0
  0
LTYPE
  5
410
  2
DASHDOT
 70
0
  3
Dash Dot ____ _ ____ _
 72
65
 73
4
 40
2.0
 49
1.25
 49
-0.25
 49
0.25
 49
-0.25
  0
LTYPE
  5
411
  2
DASHED
 70
0
  3
Dashed __ __ __ __ __
 72
65
 73
2
 40
0.75
 49
0.5
 49
-0.25
  0
LTYPE
  5
43B
  2
DOTTED
 70
0
  3
Dotted .  .  .  .
 72
65
 73
2
 40
0.2
 49
0.0
 49
-0.2
  0
ENDTAB
  0
TABLE
  2
STYLE
  70
4
  0
STYLE
  2
KICAD
  70
0
  40
0
  41
1
  42
1
  50
0
  71
0
  3
isocp.shx
  0
STYLE
  2
KICADB
  70
0
  40
0
  41
1
  42
1
  50
0
  71
0
  3
isocp.shx
  0
STYLE
  2
KICADI
  70
0
  40
0
  41
1
  42
1
  50
15
  71
0
  3
isocp.shx
  0
STYLE
  2
KICADBI
  70
0
  40
0
  41
1
  42
1
  50
15
  71
0
  3
isocp.shx
  0
ENDTAB
  0
TABLE
  2
LAYER
  70
35
  0
LAYER
  2
BLACK
  70
0
  62
7
  6
CONTINUOUS
  0
LAYER
  2
GRAY1
  70
0
  62
251
  6
CONTINUOUS
  0
LAYER
  2
GRAY2
  70
0
  62
8
  6
CONTINUOUS
  0
LAYER
  2
GRAY3
  70
0
  62
9
  6
CONTINUOUS
  0
LAYER
  2
WHITE
  70
0
  62
7
  6
CONTINUOUS
  0
LAYER
  2
LYELLOW
  70
0
  62
51
  6
CONTINUOUS
  0
LAYER
  2
LORANGE
  70
0
  62
41
  6
CONTINUOUS
  0
LAYER
  2
BLUE1
  70
0
  62
178
  6
CONTINUOUS
  0
LAYER
  2
GREEN1
  70
0
  62
98
  6
CONTINUOUS
  0
LAYER
  2
CYAN1
  70
0
  62
138
  6
CONTINUOUS
  0
LAYER
  2
RED1
  70
0
  62
18
  6
CONTINUOUS
  0
LAYER
  2
MAGENTA1
  70
0
  62
228
  6
CONTINUOUS
  0
LAYER
  2
BROWN1
  70
0
  62
58
  6
CONTINUOUS
  0
LAYER
  2
ORANGE1
  70
0
  62
34
  6
CONTINUOUS
  0
LAYER
  2
BLUE2
  70
0
  62
5
  6
CONTINUOUS
  0
LAYER
  2
GREEN2
  70
0
  62
3
  6
CONTINUOUS
  0
LAYER
  2
CYAN2
  70
0
  62
4
  6
CONTINUOUS
  0
LAYER
  2
RED2
  70
0
  62
1
  6
CONTINUOUS
  0
LAYER
  2
MAGENTA2
  70
0
  62
6
  6
CONTINUOUS
  0
LAYER
  2
BROWN2
  70
0
  62
54
  6
CONTINUOUS
  0
LAYER
  2
ORANGE2
  70
0
  62
42
  6
CONTINUOUS
  0
LAYER
  2
BLUE3
  70
0
  62
171
  6
CONTINUOUS
  0
LAYER
  2
GREEN3
  70
0
  62
91
  6
CONTINUOUS
  0
LAYER
  2
CYAN3
  70
0
  62
131
  6
CONTINUOUS
  0
LAYER
  2
RED3
  70
0
  62
11
  6
CONTINUOUS
  0
LAYER
  2
MAGENTA3
  70
0
  62
221
  6
CONTINUOUS
  0
LAYER
  2
YELLOW3
  70
0
  62
2
  6
CONTINUOUS
  0
LAYER
  2
ORANGE3
  70
0
  62
32
  6
CONTINUOUS
  0
LAYER
  2
BLUE4
  70
0
  62
5
  6
CONTINUOUS
  0
LAYER
  2
GREEN4
  70
0
  62
3
  6
CONTINUOUS
  0
LAYER
  2
CYAN4
  70
0
  62
4
  6
CONTINUOUS
  0
LAYER
  2
RED4
  70
0
  62
1
  6
CONTINUOUS
  0
LAYER
  2
MAGENTA4
  70
0
  62
6
  6
CONTINUOUS
  0
LAYER
  2
YELLOW4
  70
0
  62
2
  6
CONTINUOUS
  0
LAYER
  2
ORANGE4
  70
0
  62
40
  6
CONTINUOUS
  0
ENDTAB
  0
ENDSEC
  0
SECTION
  2
ENTITIES
0
LINE
8
BLACK
6
CONTINUOUS
10
66.4797629999999913
20
-91.7548519999999996
11
66.483698000000004
21
-91.7545899999999932
0
LINE
8
BLACK
6
CONTINUOUS
10
66.483698000000004
20
-91.7545899999999932
11
66.4864079999999973
21
-91.7555059999999969
0
LINE
8
BLACK
6
CONTINUOUS
10
66.4864079999999973
20
-91.7555059999999969
11
66.493549999999999
21
-91.7562099999999958
0
LINE
8
BLACK
6
CONTINUOUS
10
66.493549999999999
20
-91.7562099999999958
11
66.5160640000000001
21
-91.7655359999999973
0
LINE
8
BLACK
6
CONTINUOUS
10
66.5160640000000001
20
-91.7655359999999973
11
66.5391400000000033
21
-91.7733399999999904
0
LINE
8
BLACK
6
CONTINUOUS
10
66.5391400000000033
20
-91.7733399999999904
11
66.5429469999999981
21
-91.7766709999999932
0
LINE
8
BLACK
6
CONTINUOUS
10
66.5429469999999981
20
-91.7766709999999932
11
66.547622000000004
21
-91.7786079999999913
0
LINE
8
BLACK
6
CONTINUOUS
10
66.547622000000004
20
-91.7786079999999913
11
66.5648509999999902
21
-91.7958369999999917
0
LINE
8
BLACK
6
CONTINUOUS
10
66.5648509999999902
20
-91.7958369999999917
11
66.5831869999999952
21
-91.8118809999999996
0
LINE
8
BLACK
6
CONTINUOUS
10
66.5831869999999952
20
-91.8118809999999996
11
66.5854289999999907
21
-91.8164149999999921
0
LINE
8
BLACK
6
CONTINUOUS
10
66.5854289999999907
20
-91.8164149999999921
11
66.5890059999999977
21
-91.8199919999999992
0
LINE
8
BLACK
6
CONTINUOUS
10
66.5890059999999977
20
-91.8199919999999992
11
66.5983319999999992
21
-91.8425079999999951
0
LINE
8
BLACK
6
CONTINUOUS
10
66.5983319999999992
20
-91.8425079999999951
11
66.6091309999999908
21
-91.8643440000000027
0
LINE
8
BLACK
6
CONTINUOUS
10
66.6091309999999908
20
-91.8643440000000027
11
66.6094669999999951
21
-91.8693880000000007
0
LINE
8
BLACK
6
CONTINUOUS
10
66.6094669999999951
20
-91.8693880000000007
11
66.6114039999999932
21
-91.87406399999999
0
LINE
8
BLACK
6
CONTINUOUS
10
66.6114039999999932
20
-91.87406399999999
11
66.6114039999999932
21
-91.8984389999999962
0
LINE
8
BLACK
6
CONTINUOUS
10
66.6114039999999932
20
-91.8984389999999962
11
66.6130239999999958
21
-91.9227399999999903
0
LINE
8
BLACK
6
CONTINUOUS
10
66.6130239999999958
20
-91.9227399999999903
11
66.6114039999999932
21
-91.9275299999999902
0
LINE
8
BLACK
6
CONTINUOUS
10
66.6114039999999932
20
-91.9275299999999902
11
66.6114039999999932
21
-91.9325919999999996
0
LINE
8
BLACK
6
CONTINUOUS
10
66.6114039999999932
20
-91.9325919999999996
11
66.6020790000000034
21
-91.955102999999994
0
LINE
8
BLACK
6
CONTINUOUS
10
66.6020790000000034
20
-91.955102999999994
11
66.5942739999999986
21
-91.9781830000000014
0
LINE
8
BLACK
6
CONTINUOUS
10
66.5942739999999986
20
-91.9781830000000014
11
66.59010099999999
21
-91.9840189999999893
0
LINE
8
BLACK
6
CONTINUOUS
10
66.59010099999999
20
-91.9840189999999893
11
66.5890059999999977
21
-91.9866639999999904
0
LINE
8
BLACK
6
CONTINUOUS
10
66.5890059999999977
20
-91.9866639999999904
11
66.5862149999999957
21
-91.9894539999999949
0
LINE
8
BLACK
6
CONTINUOUS
10
66.5862149999999957
20
-91.9894539999999949
11
66.5771719999999902
21
-92.0021040000000028
0
LINE
8
BLACK
6
CONTINUOUS
10
66.5771719999999902
20
-92.0021040000000028
11
66.270237999999992
21
-92.352885999999998
0
LINE
8
BLACK
6
CONTINUOUS
10
66.270237999999992
20
-92.352885999999998
11
66.3885109999999941
21
-92.4120209999999958
0
LINE
8
BLACK
6
CONTINUOUS
10
66.3885109999999941
20
-92.4120209999999958
11
66.4011050000000012
21
-92.4199490000000026
0
LINE
8
BLACK
6
CONTINUOUS
10
66.4011050000000012
20
-92.4199490000000026
11
66.4047649999999976
21
-92.4214649999999978
0
LINE
8
BLACK
6
CONTINUOUS
10
66.4047649999999976
20
-92.4214649999999978
11
66.4088849999999979
21
-92.4248460000000023
0
LINE
8
BLACK
6
CONTINUOUS
10
66.4088849999999979
20
-92.4248460000000023
11
66.4133959999999917
21
-92.4276859999999942
0
LINE
8
BLACK
6
CONTINUOUS
10
66.4133959999999917
20
-92.4276859999999942
11
66.4159899999999936
21
-92.4306770000000029
0
LINE
8
BLACK
6
CONTINUOUS
10
66.4159899999999936
20
-92.4306770000000029
11
66.4274959999999908
21
-92.4401199999999932
0
LINE
8
BLACK
6
CONTINUOUS
10
66.4274959999999908
20
-92.4401199999999932
11
66.4989240000000024
21
-92.5115490000000023
0
LINE
8
BLACK
6
CONTINUOUS
10
66.4989240000000024
20
-92.5115490000000023
11
66.5083619999999911
21
-92.5230490000000003
0
LINE
8
BLACK
6
CONTINUOUS
10
66.5083619999999911
20
-92.5230490000000003
11
66.5113559999999922
21
-92.5256459999999947
0
LINE
8
BLACK
6
CONTINUOUS
10
66.5113559999999922
20
-92.5256459999999947
11
66.5141959999999983
21
-92.5301580000000001
0
LINE
8
BLACK
6
CONTINUOUS
10
66.5141959999999983
20
-92.5301580000000001
11
66.5175780000000003
21
-92.5342789999999979
0
LINE
8
BLACK
6
CONTINUOUS
10
66.5175780000000003
20
-92.5342789999999979
11
66.519092999999998
21
-92.5379379999999969
0
LINE
8
BLACK
6
CONTINUOUS
10
66.519092999999998
20
-92.5379379999999969
11
66.5270209999999906
21
-92.5505319999999898
0
LINE
8
BLACK
6
CONTINUOUS
10
66.5270209999999906
20
-92.5505319999999898
11
66.5984499999999997
21
-92.6933879999999988
0
LINE
8
BLACK
6
CONTINUOUS
10
66.5984499999999997
20
-92.6933879999999988
11
66.6089589999999987
21
-92.7208519999999936
0
LINE
8
BLACK
6
CONTINUOUS
10
66.6089589999999987
20
-92.7208519999999936
11
66.6093400000000031
21
-92.7262259999999969
0
LINE
8
BLACK
6
CONTINUOUS
10
66.6093400000000031
20
-92.7262259999999969
11
66.6114039999999932
21
-92.7312069999999977
0
LINE
8
BLACK
6
CONTINUOUS
10
66.6114039999999932
20
-92.7312069999999977
11
66.6142859999999928
21
-92.7604709999999955
0
LINE
8
BLACK
6
CONTINUOUS
10
66.6142859999999928
20
-92.7604709999999955
11
66.6142859999999928
21
-93.117613999999989
0
LINE
8
BLACK
6
CONTINUOUS
10
66.6142859999999928
20
-93.117613999999989
11
66.6114039999999932
21
-93.146878000000001
0
LINE
8
BLACK
6
CONTINUOUS
10
66.6114039999999932
20
-93.146878000000001
11
66.6093400000000031
21
-93.1518579999999901
0
LINE
8
BLACK
6
CONTINUOUS
10
66.6093400000000031
20
-93.1518579999999901
11
66.6089589999999987
21
-93.1572329999999909
0
LINE
8
BLACK
6
CONTINUOUS
10
66.6089589999999987
20
-93.1572329999999909
11
66.5984499999999997
21
-93.1846969999999999
0
LINE
8
BLACK
6
CONTINUOUS
10
66.5984499999999997
20
-93.1846969999999999
11
66.5270209999999906
21
-93.3275529999999947
0
LINE
8
BLACK
6
CONTINUOUS
10
66.5270209999999906
20
-93.3275529999999947
11
66.519092999999998
21
-93.3401459999999901
0
LINE
8
BLACK
6
CONTINUOUS
10
66.519092999999998
20
-93.3401459999999901
11
66.5175780000000003
21
-93.3438060000000007
0
LINE
8
BLACK
6
CONTINUOUS
10
66.5175780000000003
20
-93.3438060000000007
11
66.5141959999999983
21
-93.3479260000000011
0
LINE
8
BLACK
6
CONTINUOUS
10
66.5141959999999983
20
-93.3479260000000011
11
66.5113559999999922
21
-93.3524389999999897
0
LINE
8
BLACK
6
CONTINUOUS
10
66.5113559999999922
20
-93.3524389999999897
11
66.5083619999999911
21
-93.3550350000000009
0
LINE
8
BLACK
6
CONTINUOUS
10
66.5083619999999911
20
-93.3550350000000009
11
66.4989240000000024
21
-93.3665359999999964
0
LINE
8
BLACK
6
CONTINUOUS
10
66.4989240000000024
20
-93.3665359999999964
11
66.4274959999999908
21
-93.4379649999999913
0
LINE
8
BLACK
6
CONTINUOUS
10
66.4274959999999908
20
-93.4379649999999913
11
66.4159899999999936
21
-93.4474069999999983
0
LINE
8
BLACK
6
CONTINUOUS
10
66.4159899999999936
20
-93.4474069999999983
11
66.4133959999999917
21
-93.4503989999999902
0
LINE
8
BLACK
6
CONTINUOUS
10
66.4133959999999917
20
-93.4503989999999902
11
66.4088849999999979
21
-93.4532379999999989
0
LINE
8
BLACK
6
CONTINUOUS
10
66.4088849999999979
20
-93.4532379999999989
11
66.4047649999999976
21
-93.4566200000000009
0
LINE
8
BLACK
6
CONTINUOUS
10
66.4047649999999976
20
-93.4566200000000009
11
66.4011050000000012
21
-93.4581349999999986
0
LINE
8
BLACK
6
CONTINUOUS
10
66.4011050000000012
20
-93.4581349999999986
11
66.3885109999999941
21
-93.4660639999999887
0
LINE
8
BLACK
6
CONTINUOUS
10
66.3885109999999941
20
-93.4660639999999887
11
66.2456519999999927
21
-93.5374920000000003
0
LINE
8
BLACK
6
CONTINUOUS
10
66.2456519999999927
20
-93.5374920000000003
11
66.2181889999999953
21
-93.5480019999999968
0
LINE
8
BLACK
6
CONTINUOUS
10
66.2181889999999953
20
-93.5480019999999968
11
66.212812999999997
21
-93.5483830000000012
0
LINE
8
BLACK
6
CONTINUOUS
10
66.212812999999997
20
-93.5483830000000012
11
66.2078350000000029
21
-93.5504459999999938
0
LINE
8
BLACK
6
CONTINUOUS
10
66.2078350000000029
20
-93.5504459999999938
11
66.1785709999999909
21
-93.5533279999999934
0
LINE
8
BLACK
6
CONTINUOUS
10
66.1785709999999909
20
-93.5533279999999934
11
65.75
21
-93.5533279999999934
0
LINE
8
BLACK
6
CONTINUOUS
10
65.75
20
-93.5533279999999934
11
65.7207360000000023
21
-93.5504459999999938
0
LINE
8
BLACK
6
CONTINUOUS
10
65.7207360000000023
20
-93.5504459999999938
11
65.7157569999999964
21
-93.5483830000000012
0
LINE
8
BLACK
6
CONTINUOUS
10
65.7157569999999964
20
-93.5483830000000012
11
65.7103819999999956
21
-93.5480019999999968
0
LINE
8
BLACK
6
CONTINUOUS
10
65.7103819999999956
20
-93.5480019999999968
11
65.6829189999999983
21
-93.5374920000000003
0
LINE
8
BLACK
6
CONTINUOUS
10
65.6829189999999983
20
-93.5374920000000003
11
65.5400609999999944
21
-93.4660639999999887
0
LINE
8
BLACK
6
CONTINUOUS
10
65.5400609999999944
20
-93.4660639999999887
11
65.5274689999999964
21
-93.4581369999999936
0
LINE
8
BLACK
6
CONTINUOUS
10
65.5274689999999964
20
-93.4581369999999936
11
65.5238080000000025
21
-93.4566209999999984
0
LINE
8
BLACK
6
CONTINUOUS
10
65.5238080000000025
20
-93.4566209999999984
11
65.5196849999999955
21
-93.4532370000000014
0
LINE
8
BLACK
6
CONTINUOUS
10
65.5196849999999955
20
-93.4532370000000014
11
65.5151759999999967
21
-93.4503989999999902
0
LINE
8
BLACK
6
CONTINUOUS
10
65.5151759999999967
20
-93.4503989999999902
11
65.5125809999999973
21
-93.4474069999999983
0
LINE
8
BLACK
6
CONTINUOUS
10
65.5125809999999973
20
-93.4474069999999983
11
65.5010769999999951
21
-93.4379659999999888
0
LINE
8
BLACK
6
CONTINUOUS
10
65.5010769999999951
20
-93.4379659999999888
11
65.4296480000000003
21
-93.3665369999999939
0
LINE
8
BLACK
6
CONTINUOUS
10
65.4296480000000003
20
-93.3665369999999939
11
65.4109929999999906
21
-93.3438060000000007
0
LINE
8
BLACK
6
CONTINUOUS
10
65.4109929999999906
20
-93.3438060000000007
11
65.3885959999999926
21
-93.2897339999999957
0
LINE
8
BLACK
6
CONTINUOUS
10
65.3885959999999926
20
-93.2897339999999957
11
65.3885959999999926
21
-93.2312079999999952
0
LINE
8
BLACK
6
CONTINUOUS
10
65.3885959999999926
20
-93.2312079999999952
11
65.4109929999999906
21
-93.1771359999999902
0
LINE
8
BLACK
6
CONTINUOUS
10
65.4109929999999906
20
-93.1771359999999902
11
65.4523789999999934
21
-93.1357500000000016
0
LINE
8
BLACK
6
CONTINUOUS
10
65.4523789999999934
20
-93.1357500000000016
11
65.5064509999999984
21
-93.1133529999999894
0
LINE
8
BLACK
6
CONTINUOUS
10
65.5064509999999984
20
-93.1133529999999894
11
65.564976999999999
21
-93.1133529999999894
0
LINE
8
BLACK
6
CONTINUOUS
10
65.564976999999999
20
-93.1133529999999894
11
65.619049000000004
21
-93.1357500000000016
0
LINE
8
BLACK
6
CONTINUOUS
10
65.619049000000004
20
-93.1357500000000016
11
65.6417799999999971
21
-93.154404999999997
0
LINE
8
BLACK
6
CONTINUOUS
10
65.6417799999999971
20
-93.154404999999997
11
65.6959959999999938
21
-93.2086209999999937
0
LINE
8
BLACK
6
CONTINUOUS
10
65.6959959999999938
20
-93.2086209999999937
11
65.7854099999999988
21
-93.2533279999999962
0
LINE
8
BLACK
6
CONTINUOUS
10
65.7854099999999988
20
-93.2533279999999962
11
66.1431620000000038
21
-93.2533279999999962
0
LINE
8
BLACK
6
CONTINUOUS
10
66.1431620000000038
20
-93.2533279999999962
11
66.2325749999999971
21
-93.2086209999999937
0
LINE
8
BLACK
6
CONTINUOUS
10
66.2325749999999971
20
-93.2086209999999937
11
66.2695779999999957
21
-93.1716169999999977
0
LINE
8
BLACK
6
CONTINUOUS
10
66.2695779999999957
20
-93.1716169999999977
11
66.3142859999999956
21
-93.0822029999999927
0
LINE
8
BLACK
6
CONTINUOUS
10
66.3142859999999956
20
-93.0822029999999927
11
66.3142859999999956
21
-92.7958809999999943
0
LINE
8
BLACK
6
CONTINUOUS
10
66.3142859999999956
20
-92.7958809999999943
11
66.2695779999999957
21
-92.7064669999999893
0
LINE
8
BLACK
6
CONTINUOUS
10
66.2695779999999957
20
-92.7064669999999893
11
66.2325749999999971
21
-92.6694629999999933
0
LINE
8
BLACK
6
CONTINUOUS
10
66.2325749999999971
20
-92.6694629999999933
11
66.1431620000000038
21
-92.6247570000000024
0
LINE
8
BLACK
6
CONTINUOUS
10
66.1431620000000038
20
-92.6247570000000024
11
65.9642860000000013
21
-92.6247570000000024
0
LINE
8
BLACK
6
CONTINUOUS
10
65.9642860000000013
20
-92.6247570000000024
11
65.9488130000000012
21
-92.623232999999999
0
LINE
8
BLACK
6
CONTINUOUS
10
65.9488130000000012
20
-92.623232999999999
11
65.9448739999999987
21
-92.6234959999999887
0
LINE
8
BLACK
6
CONTINUOUS
10
65.9448739999999987
20
-92.6234959999999887
11
65.9421590000000037
21
-92.6225769999999926
0
LINE
8
BLACK
6
CONTINUOUS
10
65.9421590000000037
20
-92.6225769999999926
11
65.9350220000000036
21
-92.6218750000000028
0
LINE
8
BLACK
6
CONTINUOUS
10
65.9350220000000036
20
-92.6218750000000028
11
65.9125129999999899
21
-92.6125509999999963
0
LINE
8
BLACK
6
CONTINUOUS
10
65.9125129999999899
20
-92.6125509999999963
11
65.8894319999999993
21
-92.6047449999999941
0
LINE
8
BLACK
6
CONTINUOUS
10
65.8894319999999993
20
-92.6047449999999941
11
65.8856239999999929
21
-92.6014129999999938
0
LINE
8
BLACK
6
CONTINUOUS
10
65.8856239999999929
20
-92.6014129999999938
11
65.8809499999999986
21
-92.5994769999999932
0
LINE
8
BLACK
6
CONTINUOUS
10
65.8809499999999986
20
-92.5994769999999932
11
65.8637200000000007
21
-92.5822469999999953
0
LINE
8
BLACK
6
CONTINUOUS
10
65.8637200000000007
20
-92.5822469999999953
11
65.8453849999999932
21
-92.566203999999999
0
LINE
8
BLACK
6
CONTINUOUS
10
65.8453849999999932
20
-92.566203999999999
11
65.8431420000000003
21
-92.5616689999999949
0
LINE
8
BLACK
6
CONTINUOUS
10
65.8431420000000003
20
-92.5616689999999949
11
65.8395659999999907
21
-92.5580929999999995
0
LINE
8
BLACK
6
CONTINUOUS
10
65.8395659999999907
20
-92.5580929999999995
11
65.8302389999999917
21
-92.5355759999999918
0
LINE
8
BLACK
6
CONTINUOUS
10
65.8302389999999917
20
-92.5355759999999918
11
65.8194409999999976
21
-92.513740999999996
0
LINE
8
BLACK
6
CONTINUOUS
10
65.8194409999999976
20
-92.513740999999996
11
65.8191039999999958
21
-92.5086960000000005
0
LINE
8
BLACK
6
CONTINUOUS
10
65.8191039999999958
20
-92.5086960000000005
11
65.8171679999999952
21
-92.5040209999999945
0
LINE
8
BLACK
6
CONTINUOUS
10
65.8171679999999952
20
-92.5040209999999945
11
65.8171679999999952
21
-92.4796539999999965
0
LINE
8
BLACK
6
CONTINUOUS
10
65.8171679999999952
20
-92.4796539999999965
11
65.8155469999999951
21
-92.4553449999999941
0
LINE
8
BLACK
6
CONTINUOUS
10
65.8155469999999951
20
-92.4553449999999941
11
65.8171679999999952
21
-92.4505520000000018
0
LINE
8
BLACK
6
CONTINUOUS
10
65.8171679999999952
20
-92.4505520000000018
11
65.8171679999999952
21
-92.445492999999999
0
LINE
8
BLACK
6
CONTINUOUS
10
65.8171679999999952
20
-92.445492999999999
11
65.8264909999999901
21
-92.4229839999999996
0
LINE
8
BLACK
6
CONTINUOUS
10
65.8264909999999901
20
-92.4229839999999996
11
65.834298000000004
21
-92.3999029999999948
0
LINE
8
BLACK
6
CONTINUOUS
10
65.834298000000004
20
-92.3999029999999948
11
65.8384690000000035
21
-92.3940659999999951
0
LINE
8
BLACK
6
CONTINUOUS
10
65.8384690000000035
20
-92.3940659999999951
11
65.8395659999999907
21
-92.391420999999994
0
LINE
8
BLACK
6
CONTINUOUS
10
65.8395659999999907
20
-92.391420999999994
11
65.8423549999999977
21
-92.3886309999999895
0
LINE
8
BLACK
6
CONTINUOUS
10
65.8423549999999977
20
-92.3886309999999895
11
65.8513990000000007
21
-92.3759809999999959
0
LINE
8
BLACK
6
CONTINUOUS
10
65.8513990000000007
20
-92.3759809999999959
11
66.1337209999999942
21
-92.0533279999999934
0
LINE
8
BLACK
6
CONTINUOUS
10
66.1337209999999942
20
-92.0533279999999934
11
65.5357139999999987
21
-92.0533279999999934
0
LINE
8
BLACK
6
CONTINUOUS
10
65.5357139999999987
20
-92.0533279999999934
11
65.506450000000001
21
-92.0504459999999938
0
LINE
8
BLACK
6
CONTINUOUS
10
65.506450000000001
20
-92.0504459999999938
11
65.452377999999996
21
-92.0280479999999983
0
LINE
8
BLACK
6
CONTINUOUS
10
65.452377999999996
20
-92.0280479999999983
11
65.4109940000000023
21
-91.9866639999999904
0
LINE
8
BLACK
6
CONTINUOUS
10
65.4109940000000023
20
-91.9866639999999904
11
65.3885959999999926
21
-91.9325919999999996
0
LINE
8
BLACK
6
CONTINUOUS
10
65.3885959999999926
20
-91.9325919999999996
11
65.3885959999999926
21
-91.87406399999999
0
LINE
8
BLACK
6
CONTINUOUS
10
65.3885959999999926
20
-91.87406399999999
11
65.4109940000000023
21
-91.8199919999999992
0
LINE
8
BLACK
6
CONTINUOUS
10
65.4109940000000023
20
-91.8199919999999992
11
65.452377999999996
21
-91.7786079999999913
0
LINE
8
BLACK
6
CONTINUOUS
10
65.452377999999996
20
-91.7786079999999913
11
65.506450000000001
21
-91.7562099999999958
0
LINE
8
BLACK
6
CONTINUOUS
10
65.506450000000001
20
-91.7562099999999958
11
65.5357139999999987
21
-91.7533279999999962
0
LINE
8
BLACK
6
CONTINUOUS
10
65.5357139999999987
20
-91.7533279999999962
11
66.4642860000000013
21
-91.7533279999999962
0
LINE
8
BLACK
6
CONTINUOUS
10
66.4642860000000013
20
-91.7533279999999962
11
66.4797629999999913
21
-91.7548519999999996
0
LINE
8
BLACK
6
CONTINUOUS
10
67.9083339999999964
20
-91.7548519999999996
11
67.9122689999999949
21
-91.7545899999999932
0
LINE
8
BLACK
6
CONTINUOUS
10
67.9122689999999949
20
-91.7545899999999932
11
67.9149790000000024
21
-91.7555059999999969
0
LINE
8
BLACK
6
CONTINUOUS
10
67.9149790000000024
20
-91.7555059999999969
11
67.92212099999999
21
-91.7562099999999958
0
LINE
8
BLACK
6
CONTINUOUS
10
67.92212099999999
20
-91.7562099999999958
11
67.944634999999991
21
-91.7655359999999973
0
LINE
8
BLACK
6
CONTINUOUS
10
67.944634999999991
20
-91.7655359999999973
11
67.9677109999999942
21
-91.7733399999999904
0
LINE
8
BLACK
6
CONTINUOUS
10
67.9677109999999942
20
-91.7733399999999904
11
67.9715180000000032
21
-91.7766709999999932
0
LINE
8
BLACK
6
CONTINUOUS
10
67.9715180000000032
20
-91.7766709999999932
11
67.976192999999995
21
-91.7786079999999913
0
LINE
8
BLACK
6
CONTINUOUS
10
67.976192999999995
20
-91.7786079999999913
11
67.9934219999999954
21
-91.7958369999999917
0
LINE
8
BLACK
6
CONTINUOUS
10
67.9934219999999954
20
-91.7958369999999917
11
68.0117580000000004
21
-91.8118809999999996
0
LINE
8
BLACK
6
CONTINUOUS
10
68.0117580000000004
20
-91.8118809999999996
11
68.0139999999999958
21
-91.8164149999999921
0
LINE
8
BLACK
6
CONTINUOUS
10
68.0139999999999958
20
-91.8164149999999921
11
68.0175770000000028
21
-91.8199919999999992
0
LINE
8
BLACK
6
CONTINUOUS
10
68.0175770000000028
20
-91.8199919999999992
11
68.0269029999999901
21
-91.8425079999999951
0
LINE
8
BLACK
6
CONTINUOUS
10
68.0269029999999901
20
-91.8425079999999951
11
68.0377019999999959
21
-91.8643440000000027
0
LINE
8
BLACK
6
CONTINUOUS
10
68.0377019999999959
20
-91.8643440000000027
11
68.0380380000000002
21
-91.8693880000000007
0
LINE
8
BLACK
6
CONTINUOUS
10
68.0380380000000002
20
-91.8693880000000007
11
68.0399749999999983
21
-91.87406399999999
0
LINE
8
BLACK
6
CONTINUOUS
10
68.0399749999999983
20
-91.87406399999999
11
68.0399749999999983
21
-91.8984389999999962
0
LINE
8
BLACK
6
CONTINUOUS
10
68.0399749999999983
20
-91.8984389999999962
11
68.0415950000000009
21
-91.9227399999999903
0
LINE
8
BLACK
6
CONTINUOUS
10
68.0415950000000009
20
-91.9227399999999903
11
68.0399749999999983
21
-91.9275299999999902
0
LINE
8
BLACK
6
CONTINUOUS
10
68.0399749999999983
20
-91.9275299999999902
11
68.0399749999999983
21
-91.9325919999999996
0
LINE
8
BLACK
6
CONTINUOUS
10
68.0399749999999983
20
-91.9325919999999996
11
68.0306499999999943
21
-91.955102999999994
0
LINE
8
BLACK
6
CONTINUOUS
10
68.0306499999999943
20
-91.955102999999994
11
68.0228450000000038
21
-91.9781830000000014
0
LINE
8
BLACK
6
CONTINUOUS
10
68.0228450000000038
20
-91.9781830000000014
11
68.0186719999999951
21
-91.9840189999999893
0
LINE
8
BLACK
6
CONTINUOUS
10
68.0186719999999951
20
-91.9840189999999893
11
68.0175770000000028
21
-91.9866639999999904
0
LINE
8
BLACK
6
CONTINUOUS
10
68.0175770000000028
20
-91.9866639999999904
11
68.0147860000000009
21
-91.9894539999999949
0
LINE
8
BLACK
6
CONTINUOUS
10
68.0147860000000009
20
-91.9894539999999949
11
68.0057429999999954
21
-92.0021040000000028
0
LINE
8
BLACK
6
CONTINUOUS
10
68.0057429999999954
20
-92.0021040000000028
11
67.6988089999999971
21
-92.352885999999998
0
LINE
8
BLACK
6
CONTINUOUS
10
67.6988089999999971
20
-92.352885999999998
11
67.8170819999999992
21
-92.4120209999999958
0
LINE
8
BLACK
6
CONTINUOUS
10
67.8170819999999992
20
-92.4120209999999958
11
67.8296759999999921
21
-92.4199490000000026
0
LINE
8
BLACK
6
CONTINUOUS
10
67.8296759999999921
20
-92.4199490000000026
11
67.8333360000000027
21
-92.4214649999999978
0
LINE
8
BLACK
6
CONTINUOUS
10
67.8333360000000027
20
-92.4214649999999978
11
67.8374560000000031
21
-92.4248460000000023
0
LINE
8
BLACK
6
CONTINUOUS
10
67.8374560000000031
20
-92.4248460000000023
11
67.8419669999999968
21
-92.4276859999999942
0
LINE
8
BLACK
6
CONTINUOUS
10
67.8419669999999968
20
-92.4276859999999942
11
67.8445609999999988
21
-92.4306770000000029
0
LINE
8
BLACK
6
CONTINUOUS
10
67.8445609999999988
20
-92.4306770000000029
11
67.8560669999999959
21
-92.4401199999999932
0
LINE
8
BLACK
6
CONTINUOUS
10
67.8560669999999959
20
-92.4401199999999932
11
67.9274949999999933
21
-92.5115490000000023
0
LINE
8
BLACK
6
CONTINUOUS
10
67.9274949999999933
20
-92.5115490000000023
11
67.9369329999999962
21
-92.5230490000000003
0
LINE
8
BLACK
6
CONTINUOUS
10
67.9369329999999962
20
-92.5230490000000003
11
67.9399269999999973
21
-92.5256459999999947
0
LINE
8
BLACK
6
CONTINUOUS
10
67.9399269999999973
20
-92.5256459999999947
11
67.9427670000000035
21
-92.5301580000000001
0
LINE
8
BLACK
6
CONTINUOUS
10
67.9427670000000035
20
-92.5301580000000001
11
67.9461489999999912
21
-92.5342789999999979
0
LINE
8
BLACK
6
CONTINUOUS
10
67.9461489999999912
20
-92.5342789999999979
11
67.9476640000000032
21
-92.5379379999999969
0
LINE
8
BLACK
6
CONTINUOUS
10
67.9476640000000032
20
-92.5379379999999969
11
67.9555919999999958
21
-92.5505319999999898
0
LINE
8
BLACK
6
CONTINUOUS
10
67.9555919999999958
20
-92.5505319999999898
11
68.0270209999999906
21
-92.6933879999999988
0
LINE
8
BLACK
6
CONTINUOUS
10
68.0270209999999906
20
-92.6933879999999988
11
68.0375300000000038
21
-92.7208519999999936
0
LINE
8
BLACK
6
CONTINUOUS
10
68.0375300000000038
20
-92.7208519999999936
11
68.037910999999994
21
-92.7262259999999969
0
LINE
8
BLACK
6
CONTINUOUS
10
68.037910999999994
20
-92.7262259999999969
11
68.0399749999999983
21
-92.7312069999999977
0
LINE
8
BLACK
6
CONTINUOUS
10
68.0399749999999983
20
-92.7312069999999977
11
68.0428569999999979
21
-92.7604709999999955
0
LINE
8
BLACK
6
CONTINUOUS
10
68.0428569999999979
20
-92.7604709999999955
11
68.0428569999999979
21
-93.117613999999989
0
LINE
8
BLACK
6
CONTINUOUS
10
68.0428569999999979
20
-93.117613999999989
11
68.0399749999999983
21
-93.146878000000001
0
LINE
8
BLACK
6
CONTINUOUS
10
68.0399749999999983
20
-93.146878000000001
11
68.037910999999994
21
-93.1518579999999901
0
LINE
8
BLACK
6
CONTINUOUS
10
68.037910999999994
20
-93.1518579999999901
11
68.0375300000000038
21
-93.1572329999999909
0
LINE
8
BLACK
6
CONTINUOUS
10
68.0375300000000038
20
-93.1572329999999909
11
68.0270209999999906
21
-93.1846969999999999
0
LINE
8
BLACK
6
CONTINUOUS
10
68.0270209999999906
20
-93.1846969999999999
11
67.9555919999999958
21
-93.3275529999999947
0
LINE
8
BLACK
6
CONTINUOUS
10
67.9555919999999958
20
-93.3275529999999947
11
67.9476640000000032
21
-93.3401459999999901
0
LINE
8
BLACK
6
CONTINUOUS
10
67.9476640000000032
20
-93.3401459999999901
11
67.9461489999999912
21
-93.3438060000000007
0
LINE
8
BLACK
6
CONTINUOUS
10
67.9461489999999912
20
-93.3438060000000007
11
67.9427670000000035
21
-93.3479260000000011
0
LINE
8
BLACK
6
CONTINUOUS
10
67.9427670000000035
20
-93.3479260000000011
11
67.9399269999999973
21
-93.3524389999999897
0
LINE
8
BLACK
6
CONTINUOUS
10
67.9399269999999973
20
-93.3524389999999897
11
67.9369329999999962
21
-93.3550350000000009
0
LINE
8
BLACK
6
CONTINUOUS
10
67.9369329999999962
20
-93.3550350000000009
11
67.9274949999999933
21
-93.3665359999999964
0
LINE
8
BLACK
6
CONTINUOUS
10
67.9274949999999933
20
-93.3665359999999964
11
67.8560669999999959
21
-93.4379649999999913
0
LINE
8
BLACK
6
CONTINUOUS
10
67.8560669999999959
20
-93.4379649999999913
11
67.8445609999999988
21
-93.4474069999999983
0
LINE
8
BLACK
6
CONTINUOUS
10
67.8445609999999988
20
-93.4474069999999983
11
67.8419669999999968
21
-93.4503989999999902
0
LINE
8
BLACK
6
CONTINUOUS
10
67.8419669999999968
20
-93.4503989999999902
11
67.8374560000000031
21
-93.4532379999999989
0
LINE
8
BLACK
6
CONTINUOUS
10
67.8374560000000031
20
-93.4532379999999989
11
67.8333360000000027
21
-93.4566200000000009
0
LINE
8
BLACK
6
CONTINUOUS
10
67.8333360000000027
20
-93.4566200000000009
11
67.8296759999999921
21
-93.4581349999999986
0
LINE
8
BLACK
6
CONTINUOUS
10
67.8296759999999921
20
-93.4581349999999986
11
67.8170819999999992
21
-93.4660639999999887
0
LINE
8
BLACK
6
CONTINUOUS
10
67.8170819999999992
20
-93.4660639999999887
11
67.6742229999999978
21
-93.5374920000000003
0
LINE
8
BLACK
6
CONTINUOUS
10
67.6742229999999978
20
-93.5374920000000003
11
67.6467600000000004
21
-93.5480019999999968
0
LINE
8
BLACK
6
CONTINUOUS
10
67.6467600000000004
20
-93.5480019999999968
11
67.6413840000000022
21
-93.5483830000000012
0
LINE
8
BLACK
6
CONTINUOUS
10
67.6413840000000022
20
-93.5483830000000012
11
67.6364059999999938
21
-93.5504459999999938
0
LINE
8
BLACK
6
CONTINUOUS
10
67.6364059999999938
20
-93.5504459999999938
11
67.6071419999999961
21
-93.5533279999999934
0
LINE
8
BLACK
6
CONTINUOUS
10
67.6071419999999961
20
-93.5533279999999934
11
67.1785709999999909
21
-93.5533279999999934
0
LINE
8
BLACK
6
CONTINUOUS
10
67.1785709999999909
20
-93.5533279999999934
11
67.1493069999999932
21
-93.5504459999999938
0
LINE
8
BLACK
6
CONTINUOUS
10
67.1493069999999932
20
-93.5504459999999938
11
67.1443280000000016
21
-93.5483830000000012
0
LINE
8
BLACK
6
CONTINUOUS
10
67.1443280000000016
20
-93.5483830000000012
11
67.1389530000000008
21
-93.5480019999999968
0
LINE
8
BLACK
6
CONTINUOUS
10
67.1389530000000008
20
-93.5480019999999968
11
67.1114900000000034
21
-93.5374920000000003
0
LINE
8
BLACK
6
CONTINUOUS
10
67.1114900000000034
20
-93.5374920000000003
11
66.9686319999999995
21
-93.4660639999999887
0
LINE
8
BLACK
6
CONTINUOUS
10
66.9686319999999995
20
-93.4660639999999887
11
66.9560400000000016
21
-93.4581369999999936
0
LINE
8
BLACK
6
CONTINUOUS
10
66.9560400000000016
20
-93.4581369999999936
11
66.9523789999999934
21
-93.4566209999999984
0
LINE
8
BLACK
6
CONTINUOUS
10
66.9523789999999934
20
-93.4566209999999984
11
66.9482560000000007
21
-93.4532370000000014
0
LINE
8
BLACK
6
CONTINUOUS
10
66.9482560000000007
20
-93.4532370000000014
11
66.9437470000000019
21
-93.4503989999999902
0
LINE
8
BLACK
6
CONTINUOUS
10
66.9437470000000019
20
-93.4503989999999902
11
66.9411520000000024
21
-93.4474069999999983
0
LINE
8
BLACK
6
CONTINUOUS
10
66.9411520000000024
20
-93.4474069999999983
11
66.9296480000000003
21
-93.4379659999999888
0
LINE
8
BLACK
6
CONTINUOUS
10
66.9296480000000003
20
-93.4379659999999888
11
66.8582189999999912
21
-93.3665369999999939
0
LINE
8
BLACK
6
CONTINUOUS
10
66.8582189999999912
20
-93.3665369999999939
11
66.8395639999999958
21
-93.3438060000000007
0
LINE
8
BLACK
6
CONTINUOUS
10
66.8395639999999958
20
-93.3438060000000007
11
66.8171669999999978
21
-93.2897339999999957
0
LINE
8
BLACK
6
CONTINUOUS
10
66.8171669999999978
20
-93.2897339999999957
11
66.8171669999999978
21
-93.2312079999999952
0
LINE
8
BLACK
6
CONTINUOUS
10
66.8171669999999978
20
-93.2312079999999952
11
66.8395639999999958
21
-93.1771359999999902
0
LINE
8
BLACK
6
CONTINUOUS
10
66.8395639999999958
20
-93.1771359999999902
11
66.8809499999999986
21
-93.1357500000000016
0
LINE
8
BLACK
6
CONTINUOUS
10
66.8809499999999986
20
-93.1357500000000016
11
66.9350220000000036
21
-93.1133529999999894
0
LINE
8
BLACK
6
CONTINUOUS
10
66.9350220000000036
20
-93.1133529999999894
11
66.9935479999999899
21
-93.1133529999999894
0
LINE
8
BLACK
6
CONTINUOUS
10
66.9935479999999899
20
-93.1133529999999894
11
67.0476199999999949
21
-93.1357500000000016
0
LINE
8
BLACK
6
CONTINUOUS
10
67.0476199999999949
20
-93.1357500000000016
11
67.0703510000000023
21
-93.154404999999997
0
LINE
8
BLACK
6
CONTINUOUS
10
67.0703510000000023
20
-93.154404999999997
11
67.124566999999999
21
-93.2086209999999937
0
LINE
8
BLACK
6
CONTINUOUS
10
67.124566999999999
20
-93.2086209999999937
11
67.213981000000004
21
-93.2533279999999962
0
LINE
8
BLACK
6
CONTINUOUS
10
67.213981000000004
20
-93.2533279999999962
11
67.5717329999999947
21
-93.2533279999999962
0
LINE
8
BLACK
6
CONTINUOUS
10
67.5717329999999947
20
-93.2533279999999962
11
67.6611460000000022
21
-93.2086209999999937
0
LINE
8
BLACK
6
CONTINUOUS
10
67.6611460000000022
20
-93.2086209999999937
11
67.6981490000000008
21
-93.1716169999999977
0
LINE
8
BLACK
6
CONTINUOUS
10
67.6981490000000008
20
-93.1716169999999977
11
67.7428570000000008
21
-93.0822029999999927
0
LINE
8
BLACK
6
CONTINUOUS
10
67.7428570000000008
20
-93.0822029999999927
11
67.7428570000000008
21
-92.7958809999999943
0
LINE
8
BLACK
6
CONTINUOUS
10
67.7428570000000008
20
-92.7958809999999943
11
67.6981490000000008
21
-92.7064669999999893
0
LINE
8
BLACK
6
CONTINUOUS
10
67.6981490000000008
20
-92.7064669999999893
11
67.6611460000000022
21
-92.6694629999999933
0
LINE
8
BLACK
6
CONTINUOUS
10
67.6611460000000022
20
-92.6694629999999933
11
67.5717329999999947
21
-92.6247570000000024
0
LINE
8
BLACK
6
CONTINUOUS
10
67.5717329999999947
20
-92.6247570000000024
11
67.3928569999999922
21
-92.6247570000000024
0
LINE
8
BLACK
6
CONTINUOUS
10
67.3928569999999922
20
-92.6247570000000024
11
67.3773839999999922
21
-92.623232999999999
0
LINE
8
BLACK
6
CONTINUOUS
10
67.3773839999999922
20
-92.623232999999999
11
67.3734450000000038
21
-92.6234959999999887
0
LINE
8
BLACK
6
CONTINUOUS
10
67.3734450000000038
20
-92.6234959999999887
11
67.3707299999999947
21
-92.6225769999999926
0
LINE
8
BLACK
6
CONTINUOUS
10
67.3707299999999947
20
-92.6225769999999926
11
67.3635929999999945
21
-92.6218750000000028
0
LINE
8
BLACK
6
CONTINUOUS
10
67.3635929999999945
20
-92.6218750000000028
11
67.3410839999999951
21
-92.6125509999999963
0
LINE
8
BLACK
6
CONTINUOUS
10
67.3410839999999951
20
-92.6125509999999963
11
67.3180029999999903
21
-92.6047449999999941
0
LINE
8
BLACK
6
CONTINUOUS
10
67.3180029999999903
20
-92.6047449999999941
11
67.314194999999998
21
-92.6014129999999938
0
LINE
8
BLACK
6
CONTINUOUS
10
67.314194999999998
20
-92.6014129999999938
11
67.3095210000000037
21
-92.5994769999999932
0
LINE
8
BLACK
6
CONTINUOUS
10
67.3095210000000037
20
-92.5994769999999932
11
67.2922909999999916
21
-92.5822469999999953
0
LINE
8
BLACK
6
CONTINUOUS
10
67.2922909999999916
20
-92.5822469999999953
11
67.2739559999999983
21
-92.566203999999999
0
LINE
8
BLACK
6
CONTINUOUS
10
67.2739559999999983
20
-92.566203999999999
11
67.2717129999999912
21
-92.5616689999999949
0
LINE
8
BLACK
6
CONTINUOUS
10
67.2717129999999912
20
-92.5616689999999949
11
67.2681369999999959
21
-92.5580929999999995
0
LINE
8
BLACK
6
CONTINUOUS
10
67.2681369999999959
20
-92.5580929999999995
11
67.2588099999999969
21
-92.5355759999999918
0
LINE
8
BLACK
6
CONTINUOUS
10
67.2588099999999969
20
-92.5355759999999918
11
67.2480120000000028
21
-92.513740999999996
0
LINE
8
BLACK
6
CONTINUOUS
10
67.2480120000000028
20
-92.513740999999996
11
67.247675000000001
21
-92.5086960000000005
0
LINE
8
BLACK
6
CONTINUOUS
10
67.247675000000001
20
-92.5086960000000005
11
67.2457390000000004
21
-92.5040209999999945
0
LINE
8
BLACK
6
CONTINUOUS
10
67.2457390000000004
20
-92.5040209999999945
11
67.2457390000000004
21
-92.4796539999999965
0
LINE
8
BLACK
6
CONTINUOUS
10
67.2457390000000004
20
-92.4796539999999965
11
67.2441180000000003
21
-92.4553449999999941
0
LINE
8
BLACK
6
CONTINUOUS
10
67.2441180000000003
20
-92.4553449999999941
11
67.2457390000000004
21
-92.4505520000000018
0
LINE
8
BLACK
6
CONTINUOUS
10
67.2457390000000004
20
-92.4505520000000018
11
67.2457390000000004
21
-92.445492999999999
0
LINE
8
BLACK
6
CONTINUOUS
10
67.2457390000000004
20
-92.445492999999999
11
67.2550619999999952
21
-92.4229839999999996
0
LINE
8
BLACK
6
CONTINUOUS
10
67.2550619999999952
20
-92.4229839999999996
11
67.2628689999999949
21
-92.3999029999999948
0
LINE
8
BLACK
6
CONTINUOUS
10
67.2628689999999949
20
-92.3999029999999948
11
67.2670399999999944
21
-92.3940659999999951
0
LINE
8
BLACK
6
CONTINUOUS
10
67.2670399999999944
20
-92.3940659999999951
11
67.2681369999999959
21
-92.391420999999994
0
LINE
8
BLACK
6
CONTINUOUS
10
67.2681369999999959
20
-92.391420999999994
11
67.2709260000000029
21
-92.3886309999999895
0
LINE
8
BLACK
6
CONTINUOUS
10
67.2709260000000029
20
-92.3886309999999895
11
67.2799699999999916
21
-92.3759809999999959
0
LINE
8
BLACK
6
CONTINUOUS
10
67.2799699999999916
20
-92.3759809999999959
11
67.5622919999999993
21
-92.0533279999999934
0
LINE
8
BLACK
6
CONTINUOUS
10
67.5622919999999993
20
-92.0533279999999934
11
66.9642850000000038
21
-92.0533279999999934
0
LINE
8
BLACK
6
CONTINUOUS
10
66.9642850000000038
20
-92.0533279999999934
11
66.9350209999999919
21
-92.0504459999999938
0
LINE
8
BLACK
6
CONTINUOUS
10
66.9350209999999919
20
-92.0504459999999938
11
66.8809490000000011
21
-92.0280479999999983
0
LINE
8
BLACK
6
CONTINUOUS
10
66.8809490000000011
20
-92.0280479999999983
11
66.8395649999999932
21
-91.9866639999999904
0
LINE
8
BLACK
6
CONTINUOUS
10
66.8395649999999932
20
-91.9866639999999904
11
66.8171669999999978
21
-91.9325919999999996
0
LINE
8
BLACK
6
CONTINUOUS
10
66.8171669999999978
20
-91.9325919999999996
11
66.8171669999999978
21
-91.87406399999999
0
LINE
8
BLACK
6
CONTINUOUS
10
66.8171669999999978
20
-91.87406399999999
11
66.8395649999999932
21
-91.8199919999999992
0
LINE
8
BLACK
6
CONTINUOUS
10
66.8395649999999932
20
-91.8199919999999992
11
66.8809490000000011
21
-91.7786079999999913
0
LINE
8
BLACK
6
CONTINUOUS
10
66.8809490000000011
20
-91.7786079999999913
11
66.9350209999999919
21
-91.7562099999999958
0
LINE
8
BLACK
6
CONTINUOUS
10
66.9350209999999919
20
-91.7562099999999958
11
66.9642850000000038
21
-91.7533279999999962
0
LINE
8
BLACK
6
CONTINUOUS
10
66.9642850000000038
20
-91.7533279999999962
11
67.8928569999999922
21
-91.7533279999999962
0
LINE
8
BLACK
6
CONTINUOUS
10
67.8928569999999922
20
-91.7533279999999962
11
67.9083339999999964
21
-91.7548519999999996
0
LINE
8
BLACK
6
CONTINUOUS
10
64.7792639999999977
20
-91.7562099999999958
11
64.7842440000000011
21
-91.7582730000000026
0
LINE
8
BLACK
6
CONTINUOUS
10
64.7842440000000011
20
-91.7582730000000026
11
64.7896190000000018
21
-91.7586549999999903
0
LINE
8
BLACK
6
CONTINUOUS
10
64.7896190000000018
20
-91.7586549999999903
11
64.8170819999999992
21
-91.7691639999999893
0
LINE
8
BLACK
6
CONTINUOUS
10
64.8170819999999992
20
-91.7691639999999893
11
64.9599389999999914
21
-91.8405929999999984
0
LINE
8
BLACK
6
CONTINUOUS
10
64.9599389999999914
20
-91.8405929999999984
11
64.972533999999996
21
-91.848520999999991
0
LINE
8
BLACK
6
CONTINUOUS
10
64.972533999999996
20
-91.848520999999991
11
64.976191
21
-91.8500360000000029
0
LINE
8
BLACK
6
CONTINUOUS
10
64.976191
20
-91.8500360000000029
11
64.9803079999999937
21
-91.8534149999999983
0
LINE
8
BLACK
6
CONTINUOUS
10
64.9803079999999937
20
-91.8534149999999983
11
64.9848250000000007
21
-91.8562579999999969
0
LINE
8
BLACK
6
CONTINUOUS
10
64.9848250000000007
20
-91.8562579999999969
11
64.9874219999999951
21
-91.8592519999999979
0
LINE
8
BLACK
6
CONTINUOUS
10
64.9874219999999951
20
-91.8592519999999979
11
64.9989219999999932
21
-91.8686900000000009
0
LINE
8
BLACK
6
CONTINUOUS
10
64.9989219999999932
20
-91.8686900000000009
11
65.0703510000000023
21
-91.9401179999999982
0
LINE
8
BLACK
6
CONTINUOUS
10
65.0703510000000023
20
-91.9401179999999982
11
65.0797929999999951
21
-91.9516229999999979
0
LINE
8
BLACK
6
CONTINUOUS
10
65.0797929999999951
20
-91.9516229999999979
11
65.0827850000000012
21
-91.9542179999999973
0
LINE
8
BLACK
6
CONTINUOUS
10
65.0827850000000012
20
-91.9542179999999973
11
65.0856239999999957
21
-91.9587279999999936
0
LINE
8
BLACK
6
CONTINUOUS
10
65.0856239999999957
20
-91.9587279999999936
11
65.0890059999999977
21
-91.9628489999999914
0
LINE
8
BLACK
6
CONTINUOUS
10
65.0890059999999977
20
-91.9628489999999914
11
65.0905209999999954
21
-91.9665079999999904
0
LINE
8
BLACK
6
CONTINUOUS
10
65.0905209999999954
20
-91.9665079999999904
11
65.0984499999999997
21
-91.9791029999999949
0
LINE
8
BLACK
6
CONTINUOUS
10
65.0984499999999997
20
-91.9791029999999949
11
65.1698779999999971
21
-92.1219609999999989
0
LINE
8
BLACK
6
CONTINUOUS
10
65.1698779999999971
20
-92.1219609999999989
11
65.1803879999999936
21
-92.1494239999999962
0
LINE
8
BLACK
6
CONTINUOUS
10
65.1803879999999936
20
-92.1494239999999962
11
65.180768999999998
21
-92.154798999999997
0
LINE
8
BLACK
6
CONTINUOUS
10
65.180768999999998
20
-92.154798999999997
11
65.1828319999999906
21
-92.1597780000000029
0
LINE
8
BLACK
6
CONTINUOUS
10
65.1828319999999906
20
-92.1597780000000029
11
65.1857139999999902
21
-92.1890420000000006
0
LINE
8
BLACK
6
CONTINUOUS
10
65.1857139999999902
20
-92.1890420000000006
11
65.1857139999999902
21
-92.4033280000000019
0
LINE
8
BLACK
6
CONTINUOUS
10
65.1857139999999902
20
-92.4033280000000019
11
65.1828319999999906
21
-92.4325919999999996
0
LINE
8
BLACK
6
CONTINUOUS
10
65.1828319999999906
20
-92.4325919999999996
11
65.180768999999998
21
-92.4375699999999938
0
LINE
8
BLACK
6
CONTINUOUS
10
65.180768999999998
20
-92.4375699999999938
11
65.1803879999999936
21
-92.4429459999999921
0
LINE
8
BLACK
6
CONTINUOUS
10
65.1803879999999936
20
-92.4429459999999921
11
65.1698779999999971
21
-92.4704089999999894
0
LINE
8
BLACK
6
CONTINUOUS
10
65.1698779999999971
20
-92.4704089999999894
11
65.0984499999999997
21
-92.6132669999999933
0
LINE
8
BLACK
6
CONTINUOUS
10
65.0984499999999997
20
-92.6132669999999933
11
65.0905229999999904
21
-92.6258579999999938
0
LINE
8
BLACK
6
CONTINUOUS
10
65.0905229999999904
20
-92.6258579999999938
11
65.0890069999999952
21
-92.6295199999999994
0
LINE
8
BLACK
6
CONTINUOUS
10
65.0890069999999952
20
-92.6295199999999994
11
65.0856229999999982
21
-92.6336419999999947
0
LINE
8
BLACK
6
CONTINUOUS
10
65.0856229999999982
20
-92.6336419999999947
11
65.0827850000000012
21
-92.6381519999999909
0
LINE
8
BLACK
6
CONTINUOUS
10
65.0827850000000012
20
-92.6381519999999909
11
65.0797929999999951
21
-92.6407459999999929
0
LINE
8
BLACK
6
CONTINUOUS
10
65.0797929999999951
20
-92.6407459999999929
11
65.0703519999999997
21
-92.6522509999999926
0
LINE
8
BLACK
6
CONTINUOUS
10
65.0703519999999997
20
-92.6522509999999926
11
64.9989229999999907
21
-92.7236800000000017
0
LINE
8
BLACK
6
CONTINUOUS
10
64.9989229999999907
20
-92.7236800000000017
11
64.9874209999999977
21
-92.7331190000000021
0
LINE
8
BLACK
6
CONTINUOUS
10
64.9874209999999977
20
-92.7331190000000021
11
64.9848250000000007
21
-92.7361129999999889
0
LINE
8
BLACK
6
CONTINUOUS
10
64.9848250000000007
20
-92.7361129999999889
11
64.9803110000000004
21
-92.7389529999999951
0
LINE
8
BLACK
6
CONTINUOUS
10
64.9803110000000004
20
-92.7389529999999951
11
64.9761919999999975
21
-92.7423349999999971
0
LINE
8
BLACK
6
CONTINUOUS
10
64.9761919999999975
20
-92.7423349999999971
11
64.9725320000000011
21
-92.7438499999999948
0
LINE
8
BLACK
6
CONTINUOUS
10
64.9725320000000011
20
-92.7438499999999948
11
64.9599389999999914
21
-92.7517780000000016
0
LINE
8
BLACK
6
CONTINUOUS
10
64.9599389999999914
20
-92.7517780000000016
11
64.8170819999999992
21
-92.823205999999999
0
LINE
8
BLACK
6
CONTINUOUS
10
64.8170819999999992
20
-92.823205999999999
11
64.8136470000000031
21
-92.8245199999999926
0
LINE
8
BLACK
6
CONTINUOUS
10
64.8136470000000031
20
-92.8245199999999926
11
65.1585989999999953
21
-93.3173089999999945
0
LINE
8
BLACK
6
CONTINUOUS
10
65.1585989999999953
20
-93.3173089999999945
11
65.173019999999994
21
-93.3429349999999971
0
LINE
8
BLACK
6
CONTINUOUS
10
65.173019999999994
20
-93.3429349999999971
11
65.1856789999999933
21
-93.400076999999996
0
LINE
8
BLACK
6
CONTINUOUS
10
65.1856789999999933
20
-93.400076999999996
11
65.1755079999999936
21
-93.4577129999999983
0
LINE
8
BLACK
6
CONTINUOUS
10
65.1755079999999936
20
-93.4577129999999983
11
65.1440549999999945
21
-93.5070699999999988
0
LINE
8
BLACK
6
CONTINUOUS
10
65.1440549999999945
20
-93.5070699999999988
11
65.0961070000000035
21
-93.5406339999999972
0
LINE
8
BLACK
6
CONTINUOUS
10
65.0961070000000035
20
-93.5406339999999972
11
65.0389649999999904
21
-93.5532929999999965
0
LINE
8
BLACK
6
CONTINUOUS
10
65.0389649999999904
20
-93.5532929999999965
11
64.9813290000000023
21
-93.5431219999999968
0
LINE
8
BLACK
6
CONTINUOUS
10
64.9813290000000023
20
-93.5431219999999968
11
64.9319720000000018
21
-93.5116689999999977
0
LINE
8
BLACK
6
CONTINUOUS
10
64.9319720000000018
20
-93.5116689999999977
11
64.9128290000000021
21
-93.4893469999999951
0
LINE
8
BLACK
6
CONTINUOUS
10
64.9128290000000021
20
-93.4893469999999951
11
64.4576160000000016
21
-92.8390419999999921
0
LINE
8
BLACK
6
CONTINUOUS
10
64.4576160000000016
20
-92.8390419999999921
11
64.3285709999999966
21
-92.8390419999999921
0
LINE
8
BLACK
6
CONTINUOUS
10
64.3285709999999966
20
-92.8390419999999921
11
64.3285709999999966
21
-93.4033280000000019
0
LINE
8
BLACK
6
CONTINUOUS
10
64.3285709999999966
20
-93.4033280000000019
11
64.325688999999997
21
-93.4325919999999996
0
LINE
8
BLACK
6
CONTINUOUS
10
64.325688999999997
20
-93.4325919999999996
11
64.3032910000000015
21
-93.4866639999999904
0
LINE
8
BLACK
6
CONTINUOUS
10
64.3032910000000015
20
-93.4866639999999904
11
64.2619069999999937
21
-93.5280479999999983
0
LINE
8
BLACK
6
CONTINUOUS
10
64.2619069999999937
20
-93.5280479999999983
11
64.2078350000000029
21
-93.5504459999999938
0
LINE
8
BLACK
6
CONTINUOUS
10
64.2078350000000029
20
-93.5504459999999938
11
64.1493069999999932
21
-93.5504459999999938
0
LINE
8
BLACK
6
CONTINUOUS
10
64.1493069999999932
20
-93.5504459999999938
11
64.0952350000000024
21
-93.5280479999999983
0
LINE
8
BLACK
6
CONTINUOUS
10
64.0952350000000024
20
-93.5280479999999983
11
64.0538509999999945
21
-93.4866639999999904
0
LINE
8
BLACK
6
CONTINUOUS
10
64.0538509999999945
20
-93.4866639999999904
11
64.0314529999999991
21
-93.4325919999999996
0
LINE
8
BLACK
6
CONTINUOUS
10
64.0314529999999991
20
-93.4325919999999996
11
64.0285709999999995
21
-93.4033280000000019
0
LINE
8
BLACK
6
CONTINUOUS
10
64.0285709999999995
20
-93.4033280000000019
11
64.0285709999999995
21
-91.9033280000000019
0
LINE
8
BLACK
6
CONTINUOUS
10
64.0285709999999995
20
-91.9033280000000019
11
64.0314529999999991
21
-91.87406399999999
0
LINE
8
BLACK
6
CONTINUOUS
10
64.0314529999999991
20
-91.87406399999999
11
64.0538509999999945
21
-91.8199919999999992
0
LINE
8
BLACK
6
CONTINUOUS
10
64.0538509999999945
20
-91.8199919999999992
11
64.0952350000000024
21
-91.7786079999999913
0
LINE
8
BLACK
6
CONTINUOUS
10
64.0952350000000024
20
-91.7786079999999913
11
64.1493069999999932
21
-91.7562099999999958
0
LINE
8
BLACK
6
CONTINUOUS
10
64.1493069999999932
20
-91.7562099999999958
11
64.1785709999999909
21
-91.7533279999999962
0
LINE
8
BLACK
6
CONTINUOUS
10
64.1785709999999909
20
-91.7533279999999962
11
64.75
21
-91.7533279999999962
0
LINE
8
BLACK
6
CONTINUOUS
10
64.75
20
-91.7533279999999962
11
64.7792639999999977
21
-91.7562099999999958
0
LINE
8
BLACK
6
CONTINUOUS
10
64.3285709999999966
20
-92.5390419999999949
11
64.7145900000000012
21
-92.5390419999999949
0
LINE
8
BLACK
6
CONTINUOUS
10
64.7145900000000012
20
-92.5390419999999949
11
64.804001999999997
21
-92.4943359999999899
0
LINE
8
BLACK
6
CONTINUOUS
10
64.804001999999997
20
-92.4943359999999899
11
64.8410069999999905
21
-92.4573309999999964
0
LINE
8
BLACK
6
CONTINUOUS
10
64.8410069999999905
20
-92.4573309999999964
11
64.885713999999993
21
-92.3679179999999889
0
LINE
8
BLACK
6
CONTINUOUS
10
64.885713999999993
20
-92.3679179999999889
11
64.885713999999993
21
-92.224451000000002
0
LINE
8
BLACK
6
CONTINUOUS
10
64.885713999999993
20
-92.224451000000002
11
64.8410080000000022
21
-92.1350389999999919
0
LINE
8
BLACK
6
CONTINUOUS
10
64.8410080000000022
20
-92.1350389999999919
11
64.8040039999999919
21
-92.0980349999999959
0
LINE
8
BLACK
6
CONTINUOUS
10
64.8040039999999919
20
-92.0980349999999959
11
64.7145900000000012
21
-92.0533279999999934
0
LINE
8
BLACK
6
CONTINUOUS
10
64.7145900000000012
20
-92.0533279999999934
11
64.3285709999999966
21
-92.0533279999999934
0
LINE
8
BLACK
6
CONTINUOUS
10
64.3285709999999966
20
-92.0533279999999934
11
64.3285709999999966
21
-92.5390419999999949
0
LINE
8
BLACK
6
CONTINUOUS
10
62.4222279999999969
20
-87.2344480000000004
11
62.5671169999999961
21
-87.2944629999999933
0
LINE
8
BLACK
6
CONTINUOUS
10
62.5671169999999961
20
-87.2944629999999933
11
62.6975149999999957
21
-87.3815919999999977
0
LINE
8
BLACK
6
CONTINUOUS
10
62.6975149999999957
20
-87.3815919999999977
11
62.808408
21
-87.4924850000000021
0
LINE
8
BLACK
6
CONTINUOUS
10
62.808408
20
-87.4924850000000021
11
62.8955369999999974
21
-87.6228830000000016
0
LINE
8
BLACK
6
CONTINUOUS
10
62.8955369999999974
20
-87.6228830000000016
11
62.9555519999999973
21
-87.7677719999999937
0
LINE
8
BLACK
6
CONTINUOUS
10
62.9555519999999973
20
-87.7677719999999937
11
62.986148
21
-87.9215859999999907
0
LINE
8
BLACK
6
CONTINUOUS
10
62.986148
20
-87.9215859999999907
11
62.986148
21
-88.0784139999999951
0
LINE
8
BLACK
6
CONTINUOUS
10
62.986148
20
-88.0784139999999951
11
62.9555519999999973
21
-88.2322279999999921
0
LINE
8
BLACK
6
CONTINUOUS
10
62.9555519999999973
20
-88.2322279999999921
11
62.8955369999999974
21
-88.3771169999999984
0
LINE
8
BLACK
6
CONTINUOUS
10
62.8955369999999974
20
-88.3771169999999984
11
62.808408
21
-88.5075149999999979
0
LINE
8
BLACK
6
CONTINUOUS
10
62.808408
20
-88.5075149999999979
11
62.6975149999999957
21
-88.6184080000000023
0
LINE
8
BLACK
6
CONTINUOUS
10
62.6975149999999957
20
-88.6184080000000023
11
62.5671169999999961
21
-88.7055369999999925
0
LINE
8
BLACK
6
CONTINUOUS
10
62.5671169999999961
20
-88.7055369999999925
11
62.4222279999999969
21
-88.7655519999999996
0
LINE
8
BLACK
6
CONTINUOUS
10
62.4222279999999969
20
-88.7655519999999996
11
62.2684139999999999
21
-88.7961480000000023
0
LINE
8
BLACK
6
CONTINUOUS
10
62.2684139999999999
20
-88.7961480000000023
11
62.1115859999999955
21
-88.7961480000000023
0
LINE
8
BLACK
6
CONTINUOUS
10
62.1115859999999955
20
-88.7961480000000023
11
61.9577719999999985
21
-88.7655519999999996
0
LINE
8
BLACK
6
CONTINUOUS
10
61.9577719999999985
20
-88.7655519999999996
11
61.8128829999999994
21
-88.7055369999999925
0
LINE
8
BLACK
6
CONTINUOUS
10
61.8128829999999994
20
-88.7055369999999925
11
61.6824849999999998
21
-88.6184080000000023
0
LINE
8
BLACK
6
CONTINUOUS
10
61.6824849999999998
20
-88.6184080000000023
11
61.5715919999999954
21
-88.5075149999999979
0
LINE
8
BLACK
6
CONTINUOUS
10
61.5715919999999954
20
-88.5075149999999979
11
61.4844629999999981
21
-88.3771169999999984
0
LINE
8
BLACK
6
CONTINUOUS
10
61.4844629999999981
20
-88.3771169999999984
11
61.4244479999999982
21
-88.2322279999999921
0
LINE
8
BLACK
6
CONTINUOUS
10
61.4244479999999982
20
-88.2322279999999921
11
61.3938519999999954
21
-88.0784139999999951
0
LINE
8
BLACK
6
CONTINUOUS
10
61.3938519999999954
20
-88.0784139999999951
11
61.3938519999999954
21
-87.9215859999999907
0
LINE
8
BLACK
6
CONTINUOUS
10
61.3938519999999954
20
-87.9215859999999907
11
61.4244479999999982
21
-87.7677719999999937
0
LINE
8
BLACK
6
CONTINUOUS
10
61.4244479999999982
20
-87.7677719999999937
11
61.4844629999999981
21
-87.6228830000000016
0
LINE
8
BLACK
6
CONTINUOUS
10
61.4844629999999981
20
-87.6228830000000016
11
61.5715919999999954
21
-87.4924850000000021
0
LINE
8
BLACK
6
CONTINUOUS
10
61.5715919999999954
20
-87.4924850000000021
11
61.6824849999999998
21
-87.3815919999999977
0
LINE
8
BLACK
6
CONTINUOUS
10
61.6824849999999998
20
-87.3815919999999977
11
61.8128829999999994
21
-87.2944629999999933
0
LINE
8
BLACK
6
CONTINUOUS
10
61.8128829999999994
20
-87.2944629999999933
11
61.9577719999999985
21
-87.2344480000000004
0
LINE
8
BLACK
6
CONTINUOUS
10
61.9577719999999985
20
-87.2344480000000004
11
62.1115859999999955
21
-87.2038519999999977
0
LINE
8
BLACK
6
CONTINUOUS
10
62.1115859999999955
20
-87.2038519999999977
11
62.2684139999999999
21
-87.2038519999999977
0
LINE
8
BLACK
6
CONTINUOUS
10
62.2684139999999999
20
-87.2038519999999977
11
62.4222279999999969
21
-87.2344480000000004
0
LINE
8
BLACK
6
CONTINUOUS
10
70.0422279999999944
20
-87.2344480000000004
11
70.1871170000000006
21
-87.2944629999999933
0
LINE
8
BLACK
6
CONTINUOUS
10
70.1871170000000006
20
-87.2944629999999933
11
70.3175150000000002
21
-87.3815919999999977
0
LINE
8
BLACK
6
CONTINUOUS
10
70.3175150000000002
20
-87.3815919999999977
11
70.4284079999999904
21
-87.4924850000000021
0
LINE
8
BLACK
6
CONTINUOUS
10
70.4284079999999904
20
-87.4924850000000021
11
70.5155369999999948
21
-87.6228830000000016
0
LINE
8
BLACK
6
CONTINUOUS
10
70.5155369999999948
20
-87.6228830000000016
11
70.5755520000000018
21
-87.7677719999999937
0
LINE
8
BLACK
6
CONTINUOUS
10
70.5755520000000018
20
-87.7677719999999937
11
70.6061479999999904
21
-87.9215859999999907
0
LINE
8
BLACK
6
CONTINUOUS
10
70.6061479999999904
20
-87.9215859999999907
11
70.6061479999999904
21
-88.0784139999999951
0
LINE
8
BLACK
6
CONTINUOUS
10
70.6061479999999904
20
-88.0784139999999951
11
70.5755520000000018
21
-88.2322279999999921
0
LINE
8
BLACK
6
CONTINUOUS
10
70.5755520000000018
20
-88.2322279999999921
11
70.5155369999999948
21
-88.3771169999999984
0
LINE
8
BLACK
6
CONTINUOUS
10
70.5155369999999948
20
-88.3771169999999984
11
70.4284079999999904
21
-88.5075149999999979
0
LINE
8
BLACK
6
CONTINUOUS
10
70.4284079999999904
20
-88.5075149999999979
11
70.3175150000000002
21
-88.6184080000000023
0
LINE
8
BLACK
6
CONTINUOUS
10
70.3175150000000002
20
-88.6184080000000023
11
70.1871170000000006
21
-88.7055369999999925
0
LINE
8
BLACK
6
CONTINUOUS
10
70.1871170000000006
20
-88.7055369999999925
11
70.0422279999999944
21
-88.7655519999999996
0
LINE
8
BLACK
6
CONTINUOUS
10
70.0422279999999944
20
-88.7655519999999996
11
69.8884139999999974
21
-88.7961480000000023
0
LINE
8
BLACK
6
CONTINUOUS
10
69.8884139999999974
20
-88.7961480000000023
11
69.731585999999993
21
-88.7961480000000023
0
LINE
8
BLACK
6
CONTINUOUS
10
69.731585999999993
20
-88.7961480000000023
11
69.577771999999996
21
-88.7655519999999996
0
LINE
8
BLACK
6
CONTINUOUS
10
69.577771999999996
20
-88.7655519999999996
11
69.4328830000000039
21
-88.7055369999999925
0
LINE
8
BLACK
6
CONTINUOUS
10
69.4328830000000039
20
-88.7055369999999925
11
69.3024849999999901
21
-88.6184080000000023
0
LINE
8
BLACK
6
CONTINUOUS
10
69.3024849999999901
20
-88.6184080000000023
11
69.191592
21
-88.5075149999999979
0
LINE
8
BLACK
6
CONTINUOUS
10
69.191592
20
-88.5075149999999979
11
69.1044629999999955
21
-88.3771169999999984
0
LINE
8
BLACK
6
CONTINUOUS
10
69.1044629999999955
20
-88.3771169999999984
11
69.0444480000000027
21
-88.2322279999999921
0
LINE
8
BLACK
6
CONTINUOUS
10
69.0444480000000027
20
-88.2322279999999921
11
69.013852
21
-88.0784139999999951
0
LINE
8
BLACK
6
CONTINUOUS
10
69.013852
20
-88.0784139999999951
11
69.013852
21
-87.9215859999999907
0
LINE
8
BLACK
6
CONTINUOUS
10
69.013852
20
-87.9215859999999907
11
69.0444480000000027
21
-87.7677719999999937
0
LINE
8
BLACK
6
CONTINUOUS
10
69.0444480000000027
20
-87.7677719999999937
11
69.1044629999999955
21
-87.6228830000000016
0
LINE
8
BLACK
6
CONTINUOUS
10
69.1044629999999955
20
-87.6228830000000016
11
69.191592
21
-87.4924850000000021
0
LINE
8
BLACK
6
CONTINUOUS
10
69.191592
20
-87.4924850000000021
11
69.3024849999999901
21
-87.3815919999999977
0
LINE
8
BLACK
6
CONTINUOUS
10
69.3024849999999901
20
-87.3815919999999977
11
69.4328830000000039
21
-87.2944629999999933
0
LINE
8
BLACK
6
CONTINUOUS
10
69.4328830000000039
20
-87.2944629999999933
11
69.577771999999996
21
-87.2344480000000004
0
LINE
8
BLACK
6
CONTINUOUS
10
69.577771999999996
20
-87.2344480000000004
11
69.731585999999993
21
-87.2038519999999977
0
LINE
8
BLACK
6
CONTINUOUS
10
69.731585999999993
20
-87.2038519999999977
11
69.8884139999999974
21
-87.2038519999999977
0
LINE
8
BLACK
6
CONTINUOUS
10
69.8884139999999974
20
-87.2038519999999977
11
70.0422279999999944
21
-87.2344480000000004
0
LINE
8
BLACK
6
CONTINUOUS
10
32.8101679999999973
20
-80.541444999999996
11
33.0340249999999997
21
-80.6141810000000021
0
LINE
8
BLACK
6
CONTINUOUS
10
33.0340249999999997
20
-80.6141810000000021
11
33.2437479999999965
21
-80.7210400000000021
0
LINE
8
BLACK
6
CONTINUOUS
10
33.2437479999999965
20
-80.7210400000000021
11
33.4341719999999967
21
-80.8593910000000022
0
LINE
8
BLACK
6
CONTINUOUS
10
33.4341719999999967
20
-80.8593910000000022
11
33.6006089999999986
21
-81.02582799999999
0
LINE
8
BLACK
6
CONTINUOUS
10
33.6006089999999986
20
-81.02582799999999
11
33.7389599999999987
21
-81.2162519999999972
0
LINE
8
BLACK
6
CONTINUOUS
10
33.7389599999999987
20
-81.2162519999999972
11
33.8458189999999988
21
-81.425974999999994
0
LINE
8
BLACK
6
CONTINUOUS
10
33.8458189999999988
20
-81.425974999999994
11
33.9185549999999978
21
-81.6498319999999893
0
LINE
8
BLACK
6
CONTINUOUS
10
33.9185549999999978
20
-81.6498319999999893
11
33.9553760000000011
21
-81.8823110000000014
0
LINE
8
BLACK
6
CONTINUOUS
10
33.9553760000000011
20
-81.8823110000000014
11
33.9553760000000011
21
-82.1176889999999986
0
LINE
8
BLACK
6
CONTINUOUS
10
33.9553760000000011
20
-82.1176889999999986
11
33.9185549999999978
21
-82.3501679999999965
0
LINE
8
BLACK
6
CONTINUOUS
10
33.9185549999999978
20
-82.3501679999999965
11
33.8458189999999988
21
-82.5740249999999918
0
LINE
8
BLACK
6
CONTINUOUS
10
33.8458189999999988
20
-82.5740249999999918
11
33.7389599999999987
21
-82.7837480000000028
0
LINE
8
BLACK
6
CONTINUOUS
10
33.7389599999999987
20
-82.7837480000000028
11
33.6006089999999986
21
-82.9741719999999958
0
LINE
8
BLACK
6
CONTINUOUS
10
33.6006089999999986
20
-82.9741719999999958
11
33.4341719999999967
21
-83.1406089999999978
0
LINE
8
BLACK
6
CONTINUOUS
10
33.4341719999999967
20
-83.1406089999999978
11
33.2437479999999965
21
-83.2789599999999979
0
LINE
8
BLACK
6
CONTINUOUS
10
33.2437479999999965
20
-83.2789599999999979
11
33.0340249999999997
21
-83.3858189999999979
0
LINE
8
BLACK
6
CONTINUOUS
10
33.0340249999999997
20
-83.3858189999999979
11
32.8101679999999973
21
-83.4585549999999898
0
LINE
8
BLACK
6
CONTINUOUS
10
32.8101679999999973
20
-83.4585549999999898
11
32.5776889999999995
21
-83.4953759999999932
0
LINE
8
BLACK
6
CONTINUOUS
10
32.5776889999999995
20
-83.4953759999999932
11
32.3423109999999951
21
-83.4953759999999932
0
LINE
8
BLACK
6
CONTINUOUS
10
32.3423109999999951
20
-83.4953759999999932
11
32.1098319999999973
21
-83.4585549999999898
0
LINE
8
BLACK
6
CONTINUOUS
10
32.1098319999999973
20
-83.4585549999999898
11
31.8859749999999984
21
-83.3858189999999979
0
LINE
8
BLACK
6
CONTINUOUS
10
31.8859749999999984
20
-83.3858189999999979
11
31.6762519999999981
21
-83.2789599999999979
0
LINE
8
BLACK
6
CONTINUOUS
10
31.6762519999999981
20
-83.2789599999999979
11
31.4858279999999979
21
-83.1406089999999978
0
LINE
8
BLACK
6
CONTINUOUS
10
31.4858279999999979
20
-83.1406089999999978
11
31.3193909999999995
21
-82.9741719999999958
0
LINE
8
BLACK
6
CONTINUOUS
10
31.3193909999999995
20
-82.9741719999999958
11
31.1810399999999994
21
-82.7837480000000028
0
LINE
8
BLACK
6
CONTINUOUS
10
31.1810399999999994
20
-82.7837480000000028
11
31.0741809999999994
21
-82.5740249999999918
0
LINE
8
BLACK
6
CONTINUOUS
10
31.0741809999999994
20
-82.5740249999999918
11
31.0014450000000004
21
-82.3501679999999965
0
LINE
8
BLACK
6
CONTINUOUS
10
31.0014450000000004
20
-82.3501679999999965
11
30.964623999999997
21
-82.1176889999999986
0
LINE
8
BLACK
6
CONTINUOUS
10
30.964623999999997
20
-82.1176889999999986
11
30.964623999999997
21
-81.8823110000000014
0
LINE
8
BLACK
6
CONTINUOUS
10
30.964623999999997
20
-81.8823110000000014
11
31.0014450000000004
21
-81.6498319999999893
0
LINE
8
BLACK
6
CONTINUOUS
10
31.0014450000000004
20
-81.6498319999999893
11
31.0741809999999994
21
-81.425974999999994
0
LINE
8
BLACK
6
CONTINUOUS
10
31.0741809999999994
20
-81.425974999999994
11
31.1810399999999994
21
-81.2162519999999972
0
LINE
8
BLACK
6
CONTINUOUS
10
31.1810399999999994
20
-81.2162519999999972
11
31.3193909999999995
21
-81.02582799999999
0
LINE
8
BLACK
6
CONTINUOUS
10
31.3193909999999995
20
-81.02582799999999
11
31.4858279999999979
21
-80.8593910000000022
0
LINE
8
BLACK
6
CONTINUOUS
10
31.4858279999999979
20
-80.8593910000000022
11
31.6762519999999981
21
-80.7210400000000021
0
LINE
8
BLACK
6
CONTINUOUS
10
31.6762519999999981
20
-80.7210400000000021
11
31.8859749999999984
21
-80.6141810000000021
0
LINE
8
BLACK
6
CONTINUOUS
10
31.8859749999999984
20
-80.6141810000000021
11
32.1098319999999973
21
-80.541444999999996
0
LINE
8
BLACK
6
CONTINUOUS
10
32.1098319999999973
20
-80.541444999999996
11
32.3423109999999951
21
-80.5046239999999926
0
LINE
8
BLACK
6
CONTINUOUS
10
32.3423109999999951
20
-80.5046239999999926
11
32.5776889999999995
21
-80.5046239999999926
0
LINE
8
BLACK
6
CONTINUOUS
10
32.5776889999999995
20
-80.5046239999999926
11
32.8101679999999973
21
-80.541444999999996
0
LINE
8
BLACK
6
CONTINUOUS
10
27.6083359999999978
20
-81.053607999999997
11
27.6497199999999985
21
-81.0949919999999906
0
LINE
8
BLACK
6
CONTINUOUS
10
27.6497199999999985
20
-81.0949919999999906
11
27.6721179999999976
21
-81.1490639999999956
0
LINE
8
BLACK
6
CONTINUOUS
10
27.6721179999999976
20
-81.1490639999999956
11
27.6749999999999972
21
-81.1783279999999934
0
LINE
8
BLACK
6
CONTINUOUS
10
27.6749999999999972
20
-81.1783279999999934
11
27.6749999999999972
21
-82.2497570000000024
0
LINE
8
BLACK
6
CONTINUOUS
10
27.6749999999999972
20
-82.2497570000000024
11
27.6735410000000002
21
-82.264567999999997
0
LINE
8
BLACK
6
CONTINUOUS
10
27.6735410000000002
20
-82.264567999999997
11
27.6738219999999977
21
-82.2685180000000003
0
LINE
8
BLACK
6
CONTINUOUS
10
27.6738219999999977
20
-82.2685180000000003
11
27.6726399999999977
21
-82.2737120000000033
0
LINE
8
BLACK
6
CONTINUOUS
10
27.6726399999999977
20
-82.2737120000000033
11
27.6721179999999976
21
-82.2790210000000002
0
LINE
8
BLACK
6
CONTINUOUS
10
27.6721179999999976
20
-82.2790210000000002
11
27.6706009999999978
21
-82.2826819999999941
0
LINE
8
BLACK
6
CONTINUOUS
10
27.6706009999999978
20
-82.2826819999999941
11
27.6673019999999994
21
-82.2971919999999955
0
LINE
8
BLACK
6
CONTINUOUS
10
27.6673019999999994
20
-82.2971919999999955
11
27.5958729999999974
21
-82.5114769999999993
0
LINE
8
BLACK
6
CONTINUOUS
10
27.5958729999999974
20
-82.5114769999999993
11
27.5838849999999987
21
-82.5383269999999953
0
LINE
8
BLACK
6
CONTINUOUS
10
27.5838849999999987
20
-82.5383269999999953
11
27.5803539999999998
21
-82.542396999999994
0
LINE
8
BLACK
6
CONTINUOUS
10
27.5803539999999998
20
-82.542396999999994
11
27.5782919999999976
21
-82.5473769999999973
0
LINE
8
BLACK
6
CONTINUOUS
10
27.5782919999999976
20
-82.5473769999999973
11
27.5596369999999986
21
-82.5701079999999905
0
LINE
8
BLACK
6
CONTINUOUS
10
27.5596369999999986
20
-82.5701079999999905
11
27.4167799999999993
21
-82.7129659999999944
0
LINE
8
BLACK
6
CONTINUOUS
10
27.4167799999999993
20
-82.7129659999999944
11
27.39405
21
-82.7316209999999899
0
LINE
8
BLACK
6
CONTINUOUS
10
27.39405
20
-82.7316209999999899
11
27.3890700000000002
21
-82.7336829999999992
0
LINE
8
BLACK
6
CONTINUOUS
10
27.3890700000000002
20
-82.7336829999999992
11
27.3849990000000005
21
-82.737214999999992
0
LINE
8
BLACK
6
CONTINUOUS
10
27.3849990000000005
20
-82.737214999999992
11
27.3581479999999999
21
-82.7492029999999943
0
LINE
8
BLACK
6
CONTINUOUS
10
27.3581479999999999
20
-82.7492029999999943
11
27.1438619999999986
21
-82.8206309999999917
0
LINE
8
BLACK
6
CONTINUOUS
10
27.1438619999999986
20
-82.8206309999999917
11
27.1293489999999977
21
-82.8239299999999901
0
LINE
8
BLACK
6
CONTINUOUS
10
27.1293489999999977
20
-82.8239299999999901
11
27.1256919999999973
21
-82.8254459999999995
0
LINE
8
BLACK
6
CONTINUOUS
10
27.1256919999999973
20
-82.8254459999999995
11
27.1203889999999994
21
-82.8259680000000031
0
LINE
8
BLACK
6
CONTINUOUS
10
27.1203889999999994
20
-82.8259680000000031
11
27.1151879999999998
21
-82.8271510000000006
0
LINE
8
BLACK
6
CONTINUOUS
10
27.1151879999999998
20
-82.8271510000000006
11
27.1112329999999986
21
-82.8268690000000021
0
LINE
8
BLACK
6
CONTINUOUS
10
27.1112329999999986
20
-82.8268690000000021
11
27.0964279999999995
21
-82.8283279999999991
0
LINE
8
BLACK
6
CONTINUOUS
10
27.0964279999999995
20
-82.8283279999999991
11
26.9535710000000002
21
-82.8283279999999991
0
LINE
8
BLACK
6
CONTINUOUS
10
26.9535710000000002
20
-82.8283279999999991
11
26.9243069999999989
21
-82.8254459999999995
0
LINE
8
BLACK
6
CONTINUOUS
10
26.9243069999999989
20
-82.8254459999999995
11
26.8702349999999974
21
-82.8030479999999898
0
LINE
8
BLACK
6
CONTINUOUS
10
26.8702349999999974
20
-82.8030479999999898
11
26.8288510000000002
21
-82.7616639999999961
0
LINE
8
BLACK
6
CONTINUOUS
10
26.8288510000000002
20
-82.7616639999999961
11
26.8064529999999976
21
-82.7075919999999911
0
LINE
8
BLACK
6
CONTINUOUS
10
26.8064529999999976
20
-82.7075919999999911
11
26.8064529999999976
21
-82.6490639999999956
0
LINE
8
BLACK
6
CONTINUOUS
10
26.8064529999999976
20
-82.6490639999999956
11
26.8288510000000002
21
-82.5949919999999906
0
LINE
8
BLACK
6
CONTINUOUS
10
26.8288510000000002
20
-82.5949919999999906
11
26.8702349999999974
21
-82.553607999999997
0
LINE
8
BLACK
6
CONTINUOUS
10
26.8702349999999974
20
-82.553607999999997
11
26.9243069999999989
21
-82.5312100000000015
0
LINE
8
BLACK
6
CONTINUOUS
10
26.9243069999999989
20
-82.5312100000000015
11
26.9535710000000002
21
-82.5283280000000019
0
LINE
8
BLACK
6
CONTINUOUS
10
26.9535710000000002
20
-82.5283280000000019
11
27.0720849999999977
21
-82.5283280000000019
0
LINE
8
BLACK
6
CONTINUOUS
10
27.0720849999999977
20
-82.5283280000000019
11
27.2296869999999984
21
-82.4757939999999934
0
LINE
8
BLACK
6
CONTINUOUS
10
27.2296869999999984
20
-82.4757939999999934
11
27.3224659999999986
21
-82.3830140000000029
0
LINE
8
BLACK
6
CONTINUOUS
10
27.3224659999999986
20
-82.3830140000000029
11
27.375
21
-82.2254159999999956
0
LINE
8
BLACK
6
CONTINUOUS
10
27.375
20
-82.2254159999999956
11
27.375
21
-81.1783279999999934
0
LINE
8
BLACK
6
CONTINUOUS
10
27.375
20
-81.1783279999999934
11
27.3778819999999996
21
-81.1490639999999956
0
LINE
8
BLACK
6
CONTINUOUS
10
27.3778819999999996
20
-81.1490639999999956
11
27.4002799999999986
21
-81.0949919999999906
0
LINE
8
BLACK
6
CONTINUOUS
10
27.4002799999999986
20
-81.0949919999999906
11
27.4416639999999994
21
-81.053607999999997
0
LINE
8
BLACK
6
CONTINUOUS
10
27.4416639999999994
20
-81.053607999999997
11
27.4957359999999973
21
-81.0312100000000015
0
LINE
8
BLACK
6
CONTINUOUS
10
27.4957359999999973
20
-81.0312100000000015
11
27.5542639999999999
21
-81.0312100000000015
0
LINE
8
BLACK
6
CONTINUOUS
10
27.5542639999999999
20
-81.0312100000000015
11
27.6083359999999978
21
-81.053607999999997
0
LINE
8
BLACK
6
CONTINUOUS
10
29.0404769999999992
20
-81.0298519999999911
11
29.0444119999999977
21
-81.0295899999999989
0
LINE
8
BLACK
6
CONTINUOUS
10
29.0444119999999977
20
-81.0295899999999989
11
29.0471219999999981
21
-81.0305060000000026
0
LINE
8
BLACK
6
CONTINUOUS
10
29.0471219999999981
20
-81.0305060000000026
11
29.0542639999999999
21
-81.0312100000000015
0
LINE
8
BLACK
6
CONTINUOUS
10
29.0542639999999999
20
-81.0312100000000015
11
29.0767779999999973
21
-81.040536000000003
0
LINE
8
BLACK
6
CONTINUOUS
10
29.0767779999999973
20
-81.040536000000003
11
29.099853999999997
21
-81.0483399999999961
0
LINE
8
BLACK
6
CONTINUOUS
10
29.099853999999997
20
-81.0483399999999961
11
29.1036609999999989
21
-81.0516709999999989
0
LINE
8
BLACK
6
CONTINUOUS
10
29.1036609999999989
20
-81.0516709999999989
11
29.1083359999999978
21
-81.053607999999997
0
LINE
8
BLACK
6
CONTINUOUS
10
29.1083359999999978
20
-81.053607999999997
11
29.1255649999999982
21
-81.0708369999999974
0
LINE
8
BLACK
6
CONTINUOUS
10
29.1255649999999982
20
-81.0708369999999974
11
29.1439009999999996
21
-81.0868809999999911
0
LINE
8
BLACK
6
CONTINUOUS
10
29.1439009999999996
20
-81.0868809999999911
11
29.1461429999999986
21
-81.0914149999999978
0
LINE
8
BLACK
6
CONTINUOUS
10
29.1461429999999986
20
-81.0914149999999978
11
29.1497199999999985
21
-81.0949919999999906
0
LINE
8
BLACK
6
CONTINUOUS
10
29.1497199999999985
20
-81.0949919999999906
11
29.159046
21
-81.1175080000000008
0
LINE
8
BLACK
6
CONTINUOUS
10
29.159046
20
-81.1175080000000008
11
29.1698449999999987
21
-81.1393439999999941
0
LINE
8
BLACK
6
CONTINUOUS
10
29.1698449999999987
20
-81.1393439999999941
11
29.1701809999999995
21
-81.1443879999999922
0
LINE
8
BLACK
6
CONTINUOUS
10
29.1701809999999995
20
-81.1443879999999922
11
29.1721179999999976
21
-81.1490639999999956
0
LINE
8
BLACK
6
CONTINUOUS
10
29.1721179999999976
20
-81.1490639999999956
11
29.1721179999999976
21
-81.1734390000000019
0
LINE
8
BLACK
6
CONTINUOUS
10
29.1721179999999976
20
-81.1734390000000019
11
29.1737380000000002
21
-81.197739999999996
0
LINE
8
BLACK
6
CONTINUOUS
10
29.1737380000000002
20
-81.197739999999996
11
29.1721179999999976
21
-81.2025299999999959
0
LINE
8
BLACK
6
CONTINUOUS
10
29.1721179999999976
20
-81.2025299999999959
11
29.1721179999999976
21
-81.2075919999999911
0
LINE
8
BLACK
6
CONTINUOUS
10
29.1721179999999976
20
-81.2075919999999911
11
29.1627929999999971
21
-81.2301029999999997
0
LINE
8
BLACK
6
CONTINUOUS
10
29.1627929999999971
20
-81.2301029999999997
11
29.1549879999999995
21
-81.2531829999999928
0
LINE
8
BLACK
6
CONTINUOUS
10
29.1549879999999995
20
-81.2531829999999928
11
29.1508149999999979
21
-81.259018999999995
0
LINE
8
BLACK
6
CONTINUOUS
10
29.1508149999999979
20
-81.259018999999995
11
29.1497199999999985
21
-81.2616639999999961
0
LINE
8
BLACK
6
CONTINUOUS
10
29.1497199999999985
20
-81.2616639999999961
11
29.1469290000000001
21
-81.2644540000000006
0
LINE
8
BLACK
6
CONTINUOUS
10
29.1469290000000001
20
-81.2644540000000006
11
29.1378859999999982
21
-81.2771039999999942
0
LINE
8
BLACK
6
CONTINUOUS
10
29.1378859999999982
20
-81.2771039999999942
11
28.8309519999999999
21
-81.6278859999999895
0
LINE
8
BLACK
6
CONTINUOUS
10
28.8309519999999999
20
-81.6278859999999895
11
28.9492249999999984
21
-81.6870210000000014
0
LINE
8
BLACK
6
CONTINUOUS
10
28.9492249999999984
20
-81.6870210000000014
11
28.9618189999999984
21
-81.694948999999994
0
LINE
8
BLACK
6
CONTINUOUS
10
28.9618189999999984
20
-81.694948999999994
11
28.9654789999999984
21
-81.6964649999999892
0
LINE
8
BLACK
6
CONTINUOUS
10
28.9654789999999984
20
-81.6964649999999892
11
28.9695989999999988
21
-81.6998459999999938
0
LINE
8
BLACK
6
CONTINUOUS
10
28.9695989999999988
20
-81.6998459999999938
11
28.9741099999999996
21
-81.7026859999999999
0
LINE
8
BLACK
6
CONTINUOUS
10
28.9741099999999996
20
-81.7026859999999999
11
28.976703999999998
21
-81.7056769999999943
0
LINE
8
BLACK
6
CONTINUOUS
10
28.976703999999998
20
-81.7056769999999943
11
28.9882099999999987
21
-81.7151199999999989
0
LINE
8
BLACK
6
CONTINUOUS
10
28.9882099999999987
20
-81.7151199999999989
11
29.0596379999999996
21
-81.7865489999999937
0
LINE
8
BLACK
6
CONTINUOUS
10
29.0596379999999996
20
-81.7865489999999937
11
29.069075999999999
21
-81.7980489999999918
0
LINE
8
BLACK
6
CONTINUOUS
10
29.069075999999999
20
-81.7980489999999918
11
29.0720700000000001
21
-81.8006460000000004
0
LINE
8
BLACK
6
CONTINUOUS
10
29.0720700000000001
20
-81.8006460000000004
11
29.0749099999999991
21
-81.8051579999999916
0
LINE
8
BLACK
6
CONTINUOUS
10
29.0749099999999991
20
-81.8051579999999916
11
29.0782919999999976
21
-81.8092789999999894
0
LINE
8
BLACK
6
CONTINUOUS
10
29.0782919999999976
20
-81.8092789999999894
11
29.0798069999999989
21
-81.8129380000000026
0
LINE
8
BLACK
6
CONTINUOUS
10
29.0798069999999989
20
-81.8129380000000026
11
29.0877349999999986
21
-81.8255319999999955
0
LINE
8
BLACK
6
CONTINUOUS
10
29.0877349999999986
20
-81.8255319999999955
11
29.159163999999997
21
-81.9683879999999903
0
LINE
8
BLACK
6
CONTINUOUS
10
29.159163999999997
20
-81.9683879999999903
11
29.1696729999999995
21
-81.9958519999999993
0
LINE
8
BLACK
6
CONTINUOUS
10
29.1696729999999995
20
-81.9958519999999993
11
29.1700540000000004
21
-82.0012260000000026
0
LINE
8
BLACK
6
CONTINUOUS
10
29.1700540000000004
20
-82.0012260000000026
11
29.1721179999999976
21
-82.0062069999999892
0
LINE
8
BLACK
6
CONTINUOUS
10
29.1721179999999976
20
-82.0062069999999892
11
29.1749999999999972
21
-82.0354710000000011
0
LINE
8
BLACK
6
CONTINUOUS
10
29.1749999999999972
20
-82.0354710000000011
11
29.1749999999999972
21
-82.3926139999999947
0
LINE
8
BLACK
6
CONTINUOUS
10
29.1749999999999972
20
-82.3926139999999947
11
29.1721179999999976
21
-82.4218779999999924
0
LINE
8
BLACK
6
CONTINUOUS
10
29.1721179999999976
20
-82.4218779999999924
11
29.1700540000000004
21
-82.4268579999999957
0
LINE
8
BLACK
6
CONTINUOUS
10
29.1700540000000004
20
-82.4268579999999957
11
29.1696729999999995
21
-82.4322329999999965
0
LINE
8
BLACK
6
CONTINUOUS
10
29.1696729999999995
20
-82.4322329999999965
11
29.159163999999997
21
-82.4596969999999914
0
LINE
8
BLACK
6
CONTINUOUS
10
29.159163999999997
20
-82.4596969999999914
11
29.0877349999999986
21
-82.6025530000000003
0
LINE
8
BLACK
6
CONTINUOUS
10
29.0877349999999986
20
-82.6025530000000003
11
29.0798069999999989
21
-82.6151459999999958
0
LINE
8
BLACK
6
CONTINUOUS
10
29.0798069999999989
20
-82.6151459999999958
11
29.0782919999999976
21
-82.6188059999999922
0
LINE
8
BLACK
6
CONTINUOUS
10
29.0782919999999976
20
-82.6188059999999922
11
29.0749099999999991
21
-82.6229259999999925
0
LINE
8
BLACK
6
CONTINUOUS
10
29.0749099999999991
20
-82.6229259999999925
11
29.0720700000000001
21
-82.6274389999999954
0
LINE
8
BLACK
6
CONTINUOUS
10
29.0720700000000001
20
-82.6274389999999954
11
29.069075999999999
21
-82.6300349999999924
0
LINE
8
BLACK
6
CONTINUOUS
10
29.069075999999999
20
-82.6300349999999924
11
29.0596379999999996
21
-82.6415360000000021
0
LINE
8
BLACK
6
CONTINUOUS
10
29.0596379999999996
20
-82.6415360000000021
11
28.9882099999999987
21
-82.712964999999997
0
LINE
8
BLACK
6
CONTINUOUS
10
28.9882099999999987
20
-82.712964999999997
11
28.976703999999998
21
-82.7224069999999898
0
LINE
8
BLACK
6
CONTINUOUS
10
28.976703999999998
20
-82.7224069999999898
11
28.9741099999999996
21
-82.7253989999999959
0
LINE
8
BLACK
6
CONTINUOUS
10
28.9741099999999996
20
-82.7253989999999959
11
28.9695989999999988
21
-82.7282379999999904
0
LINE
8
BLACK
6
CONTINUOUS
10
28.9695989999999988
20
-82.7282379999999904
11
28.9654789999999984
21
-82.7316199999999924
0
LINE
8
BLACK
6
CONTINUOUS
10
28.9654789999999984
20
-82.7316199999999924
11
28.9618189999999984
21
-82.7331349999999901
0
LINE
8
BLACK
6
CONTINUOUS
10
28.9618189999999984
20
-82.7331349999999901
11
28.9492249999999984
21
-82.7410639999999944
0
LINE
8
BLACK
6
CONTINUOUS
10
28.9492249999999984
20
-82.7410639999999944
11
28.806365999999997
21
-82.8124919999999918
0
LINE
8
BLACK
6
CONTINUOUS
10
28.806365999999997
20
-82.8124919999999918
11
28.7789029999999997
21
-82.8230020000000025
0
LINE
8
BLACK
6
CONTINUOUS
10
28.7789029999999997
20
-82.8230020000000025
11
28.7735269999999979
21
-82.8233829999999926
0
LINE
8
BLACK
6
CONTINUOUS
10
28.7735269999999979
20
-82.8233829999999926
11
28.7685490000000001
21
-82.8254459999999995
0
LINE
8
BLACK
6
CONTINUOUS
10
28.7685490000000001
20
-82.8254459999999995
11
28.7392849999999989
21
-82.8283279999999991
0
LINE
8
BLACK
6
CONTINUOUS
10
28.7392849999999989
20
-82.8283279999999991
11
28.3107139999999973
21
-82.8283279999999991
0
LINE
8
BLACK
6
CONTINUOUS
10
28.3107139999999973
20
-82.8283279999999991
11
28.2814499999999995
21
-82.8254459999999995
0
LINE
8
BLACK
6
CONTINUOUS
10
28.2814499999999995
20
-82.8254459999999995
11
28.2764709999999972
21
-82.8233829999999926
0
LINE
8
BLACK
6
CONTINUOUS
10
28.2764709999999972
20
-82.8233829999999926
11
28.271096
21
-82.8230020000000025
0
LINE
8
BLACK
6
CONTINUOUS
10
28.271096
20
-82.8230020000000025
11
28.2436329999999991
21
-82.8124919999999918
0
LINE
8
BLACK
6
CONTINUOUS
10
28.2436329999999991
20
-82.8124919999999918
11
28.1007749999999987
21
-82.7410639999999944
0
LINE
8
BLACK
6
CONTINUOUS
10
28.1007749999999987
20
-82.7410639999999944
11
28.0881829999999972
21
-82.7331369999999993
0
LINE
8
BLACK
6
CONTINUOUS
10
28.0881829999999972
20
-82.7331369999999993
11
28.0845219999999998
21
-82.7316209999999899
0
LINE
8
BLACK
6
CONTINUOUS
10
28.0845219999999998
20
-82.7316209999999899
11
28.0803989999999999
21
-82.7282369999999929
0
LINE
8
BLACK
6
CONTINUOUS
10
28.0803989999999999
20
-82.7282369999999929
11
28.0758899999999976
21
-82.7253989999999959
0
LINE
8
BLACK
6
CONTINUOUS
10
28.0758899999999976
20
-82.7253989999999959
11
28.0732949999999981
21
-82.7224069999999898
0
LINE
8
BLACK
6
CONTINUOUS
10
28.0732949999999981
20
-82.7224069999999898
11
28.0617909999999995
21
-82.7129659999999944
0
LINE
8
BLACK
6
CONTINUOUS
10
28.0617909999999995
20
-82.7129659999999944
11
27.9903619999999975
21
-82.6415369999999996
0
LINE
8
BLACK
6
CONTINUOUS
10
27.9903619999999975
20
-82.6415369999999996
11
27.9717069999999985
21
-82.6188059999999922
0
LINE
8
BLACK
6
CONTINUOUS
10
27.9717069999999985
20
-82.6188059999999922
11
27.949309999999997
21
-82.5647340000000014
0
LINE
8
BLACK
6
CONTINUOUS
10
27.949309999999997
20
-82.5647340000000014
11
27.949309999999997
21
-82.5062080000000009
0
LINE
8
BLACK
6
CONTINUOUS
10
27.949309999999997
20
-82.5062080000000009
11
27.9717069999999985
21
-82.4521359999999959
0
LINE
8
BLACK
6
CONTINUOUS
10
27.9717069999999985
20
-82.4521359999999959
11
28.0130929999999978
21
-82.4107499999999931
0
LINE
8
BLACK
6
CONTINUOUS
10
28.0130929999999978
20
-82.4107499999999931
11
28.0671649999999993
21
-82.3883529999999951
0
LINE
8
BLACK
6
CONTINUOUS
10
28.0671649999999993
20
-82.3883529999999951
11
28.1256909999999998
21
-82.3883529999999951
0
LINE
8
BLACK
6
CONTINUOUS
10
28.1256909999999998
20
-82.3883529999999951
11
28.1797629999999977
21
-82.4107499999999931
0
LINE
8
BLACK
6
CONTINUOUS
10
28.1797629999999977
20
-82.4107499999999931
11
28.202493999999998
21
-82.4294050000000027
0
LINE
8
BLACK
6
CONTINUOUS
10
28.202493999999998
20
-82.4294050000000027
11
28.2567099999999982
21
-82.4836209999999994
0
LINE
8
BLACK
6
CONTINUOUS
10
28.2567099999999982
20
-82.4836209999999994
11
28.3461239999999997
21
-82.5283280000000019
0
LINE
8
BLACK
6
CONTINUOUS
10
28.3461239999999997
20
-82.5283280000000019
11
28.7038759999999975
21
-82.5283280000000019
0
LINE
8
BLACK
6
CONTINUOUS
10
28.7038759999999975
20
-82.5283280000000019
11
28.7932889999999979
21
-82.4836209999999994
0
LINE
8
BLACK
6
CONTINUOUS
10
28.7932889999999979
20
-82.4836209999999994
11
28.830292
21
-82.4466170000000034
0
LINE
8
BLACK
6
CONTINUOUS
10
28.830292
20
-82.4466170000000034
11
28.875
21
-82.3572029999999984
0
LINE
8
BLACK
6
CONTINUOUS
10
28.875
20
-82.3572029999999984
11
28.875
21
-82.070881
0
LINE
8
BLACK
6
CONTINUOUS
10
28.875
20
-82.070881
11
28.830292
21
-81.981466999999995
0
LINE
8
BLACK
6
CONTINUOUS
10
28.830292
20
-81.981466999999995
11
28.7932889999999979
21
-81.9444629999999989
0
LINE
8
BLACK
6
CONTINUOUS
10
28.7932889999999979
20
-81.9444629999999989
11
28.7038759999999975
21
-81.8997569999999939
0
LINE
8
BLACK
6
CONTINUOUS
10
28.7038759999999975
20
-81.8997569999999939
11
28.5249999999999986
21
-81.8997569999999939
0
LINE
8
BLACK
6
CONTINUOUS
10
28.5249999999999986
20
-81.8997569999999939
11
28.5095269999999985
21
-81.8982329999999905
0
LINE
8
BLACK
6
CONTINUOUS
10
28.5095269999999985
20
-81.8982329999999905
11
28.5055879999999995
21
-81.8984959999999944
0
LINE
8
BLACK
6
CONTINUOUS
10
28.5055879999999995
20
-81.8984959999999944
11
28.5028729999999975
21
-81.8975769999999983
0
LINE
8
BLACK
6
CONTINUOUS
10
28.5028729999999975
20
-81.8975769999999983
11
28.4957359999999973
21
-81.8968749999999943
0
LINE
8
BLACK
6
CONTINUOUS
10
28.4957359999999973
20
-81.8968749999999943
11
28.4732269999999978
21
-81.887551000000002
0
LINE
8
BLACK
6
CONTINUOUS
10
28.4732269999999978
20
-81.887551000000002
11
28.4501460000000002
21
-81.8797449999999998
0
LINE
8
BLACK
6
CONTINUOUS
10
28.4501460000000002
20
-81.8797449999999998
11
28.4463379999999972
21
-81.8764129999999994
0
LINE
8
BLACK
6
CONTINUOUS
10
28.4463379999999972
20
-81.8764129999999994
11
28.4416639999999994
21
-81.8744769999999988
0
LINE
8
BLACK
6
CONTINUOUS
10
28.4416639999999994
20
-81.8744769999999988
11
28.424433999999998
21
-81.857247000000001
0
LINE
8
BLACK
6
CONTINUOUS
10
28.424433999999998
20
-81.857247000000001
11
28.4060989999999975
21
-81.8412039999999905
0
LINE
8
BLACK
6
CONTINUOUS
10
28.4060989999999975
20
-81.8412039999999905
11
28.4038559999999976
21
-81.8366690000000006
0
LINE
8
BLACK
6
CONTINUOUS
10
28.4038559999999976
20
-81.8366690000000006
11
28.4002799999999986
21
-81.833092999999991
0
LINE
8
BLACK
6
CONTINUOUS
10
28.4002799999999986
20
-81.833092999999991
11
28.3909529999999997
21
-81.8105759999999975
0
LINE
8
BLACK
6
CONTINUOUS
10
28.3909529999999997
20
-81.8105759999999975
11
28.3801549999999985
21
-81.7887410000000017
0
LINE
8
BLACK
6
CONTINUOUS
10
28.3801549999999985
20
-81.7887410000000017
11
28.3798180000000002
21
-81.783695999999992
0
LINE
8
BLACK
6
CONTINUOUS
10
28.3798180000000002
20
-81.783695999999992
11
28.3778819999999996
21
-81.7790210000000002
0
LINE
8
BLACK
6
CONTINUOUS
10
28.3778819999999996
20
-81.7790210000000002
11
28.3778819999999996
21
-81.7546540000000022
0
LINE
8
BLACK
6
CONTINUOUS
10
28.3778819999999996
20
-81.7546540000000022
11
28.3762609999999995
21
-81.7303449999999998
0
LINE
8
BLACK
6
CONTINUOUS
10
28.3762609999999995
20
-81.7303449999999998
11
28.3778819999999996
21
-81.7255519999999933
0
LINE
8
BLACK
6
CONTINUOUS
10
28.3778819999999996
20
-81.7255519999999933
11
28.3778819999999996
21
-81.7204929999999905
0
LINE
8
BLACK
6
CONTINUOUS
10
28.3778819999999996
20
-81.7204929999999905
11
28.387204999999998
21
-81.6979839999999911
0
LINE
8
BLACK
6
CONTINUOUS
10
28.387204999999998
20
-81.6979839999999911
11
28.3950119999999977
21
-81.6749030000000005
0
LINE
8
BLACK
6
CONTINUOUS
10
28.3950119999999977
20
-81.6749030000000005
11
28.3991829999999972
21
-81.6690660000000008
0
LINE
8
BLACK
6
CONTINUOUS
10
28.3991829999999972
20
-81.6690660000000008
11
28.4002799999999986
21
-81.6664209999999997
0
LINE
8
BLACK
6
CONTINUOUS
10
28.4002799999999986
20
-81.6664209999999997
11
28.4030689999999986
21
-81.6636309999999952
0
LINE
8
BLACK
6
CONTINUOUS
10
28.4030689999999986
20
-81.6636309999999952
11
28.412112999999998
21
-81.6509810000000016
0
LINE
8
BLACK
6
CONTINUOUS
10
28.412112999999998
20
-81.6509810000000016
11
28.6944349999999986
21
-81.3283279999999991
0
LINE
8
BLACK
6
CONTINUOUS
10
28.6944349999999986
20
-81.3283279999999991
11
28.0964279999999995
21
-81.3283279999999991
0
LINE
8
BLACK
6
CONTINUOUS
10
28.0964279999999995
20
-81.3283279999999991
11
28.0671639999999982
21
-81.3254459999999995
0
LINE
8
BLACK
6
CONTINUOUS
10
28.0671639999999982
20
-81.3254459999999995
11
28.0130920000000003
21
-81.3030479999999898
0
LINE
8
BLACK
6
CONTINUOUS
10
28.0130920000000003
20
-81.3030479999999898
11
27.9717079999999996
21
-81.2616639999999961
0
LINE
8
BLACK
6
CONTINUOUS
10
27.9717079999999996
20
-81.2616639999999961
11
27.949309999999997
21
-81.2075919999999911
0
LINE
8
BLACK
6
CONTINUOUS
10
27.949309999999997
20
-81.2075919999999911
11
27.949309999999997
21
-81.1490639999999956
0
LINE
8
BLACK
6
CONTINUOUS
10
27.949309999999997
20
-81.1490639999999956
11
27.9717079999999996
21
-81.0949919999999906
0
LINE
8
BLACK
6
CONTINUOUS
10
27.9717079999999996
20
-81.0949919999999906
11
28.0130920000000003
21
-81.053607999999997
0
LINE
8
BLACK
6
CONTINUOUS
10
28.0130920000000003
20
-81.053607999999997
11
28.0671639999999982
21
-81.0312100000000015
0
LINE
8
BLACK
6
CONTINUOUS
10
28.0671639999999982
20
-81.0312100000000015
11
28.0964279999999995
21
-81.0283280000000019
0
LINE
8
BLACK
6
CONTINUOUS
10
28.0964279999999995
20
-81.0283280000000019
11
29.0249999999999986
21
-81.0283280000000019
0
LINE
8
BLACK
6
CONTINUOUS
10
29.0249999999999986
20
-81.0283280000000019
11
29.0404769999999992
21
-81.0298519999999911
0
LINE
8
BLACK
6
CONTINUOUS
10
39.0399999999999991
20
-83.5
11
36.0399999999999991
21
-83.5
0
LINE
8
BLACK
6
CONTINUOUS
10
36.0399999999999991
20
-83.5
11
36.0399999999999991
21
-80.5
0
LINE
8
BLACK
6
CONTINUOUS
10
36.0399999999999991
20
-80.5
11
39.0399999999999991
21
-80.5
0
LINE
8
BLACK
6
CONTINUOUS
10
39.0399999999999991
20
-80.5
11
39.0399999999999991
21
-83.5
0
LINE
8
BLACK
6
CONTINUOUS
10
94.9254779999999982
20
-81.1086079999999896
11
94.9668619999999919
21
-81.1499919999999975
0
LINE
8
BLACK
6
CONTINUOUS
10
94.9668619999999919
20
-81.1499919999999975
11
94.9892600000000016
21
-81.2040640000000025
0
LINE
8
BLACK
6
CONTINUOUS
10
94.9892600000000016
20
-81.2040640000000025
11
94.9921420000000012
21
-81.2333280000000002
0
LINE
8
BLACK
6
CONTINUOUS
10
94.9921420000000012
20
-81.2333280000000002
11
94.9921420000000012
21
-82.412202999999991
0
LINE
8
BLACK
6
CONTINUOUS
10
94.9921420000000012
20
-82.412202999999991
11
95.0368489999999895
21
-82.501616999999996
0
LINE
8
BLACK
6
CONTINUOUS
10
95.0368489999999895
20
-82.501616999999996
11
95.0738529999999997
21
-82.538620999999992
0
LINE
8
BLACK
6
CONTINUOUS
10
95.0738529999999997
20
-82.538620999999992
11
95.1632669999999905
21
-82.5833279999999945
0
LINE
8
BLACK
6
CONTINUOUS
10
95.1632669999999905
20
-82.5833279999999945
11
95.3781609999999915
21
-82.5833279999999945
0
LINE
8
BLACK
6
CONTINUOUS
10
95.3781609999999915
20
-82.5833279999999945
11
95.4675730000000016
21
-82.5386219999999895
0
LINE
8
BLACK
6
CONTINUOUS
10
95.4675730000000016
20
-82.5386219999999895
11
95.5045779999999951
21
-82.501616999999996
0
LINE
8
BLACK
6
CONTINUOUS
10
95.5045779999999951
20
-82.501616999999996
11
95.5492849999999976
21
-82.4122040000000027
0
LINE
8
BLACK
6
CONTINUOUS
10
95.5492849999999976
20
-82.4122040000000027
11
95.5492849999999976
21
-81.2333280000000002
0
LINE
8
BLACK
6
CONTINUOUS
10
95.5492849999999976
20
-81.2333280000000002
11
95.5521669999999972
21
-81.2040640000000025
0
LINE
8
BLACK
6
CONTINUOUS
10
95.5521669999999972
20
-81.2040640000000025
11
95.5745649999999927
21
-81.1499919999999975
0
LINE
8
BLACK
6
CONTINUOUS
10
95.5745649999999927
20
-81.1499919999999975
11
95.6159490000000005
21
-81.1086079999999896
0
LINE
8
BLACK
6
CONTINUOUS
10
95.6159490000000005
20
-81.1086079999999896
11
95.6700209999999913
21
-81.0862099999999941
0
LINE
8
BLACK
6
CONTINUOUS
10
95.6700209999999913
20
-81.0862099999999941
11
95.728549000000001
21
-81.0862099999999941
0
LINE
8
BLACK
6
CONTINUOUS
10
95.728549000000001
20
-81.0862099999999941
11
95.7826209999999918
21
-81.1086079999999896
0
LINE
8
BLACK
6
CONTINUOUS
10
95.7826209999999918
20
-81.1086079999999896
11
95.8240049999999997
21
-81.1499919999999975
0
LINE
8
BLACK
6
CONTINUOUS
10
95.8240049999999997
20
-81.1499919999999975
11
95.8464029999999951
21
-81.2040640000000025
0
LINE
8
BLACK
6
CONTINUOUS
10
95.8464029999999951
20
-81.2040640000000025
11
95.8492849999999947
21
-81.2333280000000002
0
LINE
8
BLACK
6
CONTINUOUS
10
95.8492849999999947
20
-81.2333280000000002
11
95.8492849999999947
21
-82.4476140000000015
0
LINE
8
BLACK
6
CONTINUOUS
10
95.8492849999999947
20
-82.4476140000000015
11
95.8464029999999951
21
-82.4768779999999992
0
LINE
8
BLACK
6
CONTINUOUS
10
95.8464029999999951
20
-82.4768779999999992
11
95.8443400000000025
21
-82.4818559999999934
0
LINE
8
BLACK
6
CONTINUOUS
10
95.8443400000000025
20
-82.4818559999999934
11
95.8439589999999981
21
-82.4872319999999917
0
LINE
8
BLACK
6
CONTINUOUS
10
95.8439589999999981
20
-82.4872319999999917
11
95.8334490000000017
21
-82.5146950000000032
0
LINE
8
BLACK
6
CONTINUOUS
10
95.8334490000000017
20
-82.5146950000000032
11
95.7620209999999901
21
-82.6575529999999929
0
LINE
8
BLACK
6
CONTINUOUS
10
95.7620209999999901
20
-82.6575529999999929
11
95.7540939999999949
21
-82.6701439999999934
0
LINE
8
BLACK
6
CONTINUOUS
10
95.7540939999999949
20
-82.6701439999999934
11
95.7525779999999997
21
-82.673805999999999
0
LINE
8
BLACK
6
CONTINUOUS
10
95.7525779999999997
20
-82.673805999999999
11
95.7491939999999886
21
-82.6779279999999943
0
LINE
8
BLACK
6
CONTINUOUS
10
95.7491939999999886
20
-82.6779279999999943
11
95.7463559999999916
21
-82.6824379999999906
0
LINE
8
BLACK
6
CONTINUOUS
10
95.7463559999999916
20
-82.6824379999999906
11
95.7433639999999997
21
-82.6850319999999925
0
LINE
8
BLACK
6
CONTINUOUS
10
95.7433639999999997
20
-82.6850319999999925
11
95.7339229999999901
21
-82.6965369999999922
0
LINE
8
BLACK
6
CONTINUOUS
10
95.7339229999999901
20
-82.6965369999999922
11
95.6624939999999953
21
-82.7679660000000013
0
LINE
8
BLACK
6
CONTINUOUS
10
95.6624939999999953
20
-82.7679660000000013
11
95.6509920000000022
21
-82.7774050000000017
0
LINE
8
BLACK
6
CONTINUOUS
10
95.6509920000000022
20
-82.7774050000000017
11
95.6483959999999911
21
-82.7803990000000027
0
LINE
8
BLACK
6
CONTINUOUS
10
95.6483959999999911
20
-82.7803990000000027
11
95.6438819999999907
21
-82.7832389999999947
0
LINE
8
BLACK
6
CONTINUOUS
10
95.6438819999999907
20
-82.7832389999999947
11
95.6397630000000021
21
-82.7866209999999967
0
LINE
8
BLACK
6
CONTINUOUS
10
95.6397630000000021
20
-82.7866209999999967
11
95.6361029999999914
21
-82.7881359999999944
0
LINE
8
BLACK
6
CONTINUOUS
10
95.6361029999999914
20
-82.7881359999999944
11
95.623509999999996
21
-82.7960640000000012
0
LINE
8
BLACK
6
CONTINUOUS
10
95.623509999999996
20
-82.7960640000000012
11
95.4806529999999896
21
-82.8674919999999986
0
LINE
8
BLACK
6
CONTINUOUS
10
95.4806529999999896
20
-82.8674919999999986
11
95.4531889999999947
21
-82.8780019999999951
0
LINE
8
BLACK
6
CONTINUOUS
10
95.4531889999999947
20
-82.8780019999999951
11
95.4478129999999965
21
-82.8783829999999995
0
LINE
8
BLACK
6
CONTINUOUS
10
95.4478129999999965
20
-82.8783829999999995
11
95.4428350000000023
21
-82.8804459999999921
0
LINE
8
BLACK
6
CONTINUOUS
10
95.4428350000000023
20
-82.8804459999999921
11
95.4135709999999904
21
-82.8833279999999917
0
LINE
8
BLACK
6
CONTINUOUS
10
95.4135709999999904
20
-82.8833279999999917
11
95.1278569999999917
21
-82.8833279999999917
0
LINE
8
BLACK
6
CONTINUOUS
10
95.1278569999999917
20
-82.8833279999999917
11
95.0985929999999939
21
-82.8804459999999921
0
LINE
8
BLACK
6
CONTINUOUS
10
95.0985929999999939
20
-82.8804459999999921
11
95.0936140000000023
21
-82.8783829999999995
0
LINE
8
BLACK
6
CONTINUOUS
10
95.0936140000000023
20
-82.8783829999999995
11
95.0882390000000015
21
-82.8780019999999951
0
LINE
8
BLACK
6
CONTINUOUS
10
95.0882390000000015
20
-82.8780019999999951
11
95.0607759999999899
21
-82.8674919999999986
0
LINE
8
BLACK
6
CONTINUOUS
10
95.0607759999999899
20
-82.8674919999999986
11
94.9179180000000002
21
-82.7960640000000012
0
LINE
8
BLACK
6
CONTINUOUS
10
94.9179180000000002
20
-82.7960640000000012
11
94.9053260000000023
21
-82.7881369999999919
0
LINE
8
BLACK
6
CONTINUOUS
10
94.9053260000000023
20
-82.7881369999999919
11
94.9016649999999942
21
-82.7866209999999967
0
LINE
8
BLACK
6
CONTINUOUS
10
94.9016649999999942
20
-82.7866209999999967
11
94.8975420000000014
21
-82.7832369999999997
0
LINE
8
BLACK
6
CONTINUOUS
10
94.8975420000000014
20
-82.7832369999999997
11
94.8930330000000026
21
-82.7803990000000027
0
LINE
8
BLACK
6
CONTINUOUS
10
94.8930330000000026
20
-82.7803990000000027
11
94.890437999999989
21
-82.7774069999999966
0
LINE
8
BLACK
6
CONTINUOUS
10
94.890437999999989
20
-82.7774069999999966
11
94.878934000000001
21
-82.7679660000000013
0
LINE
8
BLACK
6
CONTINUOUS
10
94.878934000000001
20
-82.7679660000000013
11
94.8075049999999919
21
-82.6965369999999922
0
LINE
8
BLACK
6
CONTINUOUS
10
94.8075049999999919
20
-82.6965369999999922
11
94.798064999999994
21
-82.6850349999999992
0
LINE
8
BLACK
6
CONTINUOUS
10
94.798064999999994
20
-82.6850349999999992
11
94.7950719999999905
21
-82.6824390000000022
0
LINE
8
BLACK
6
CONTINUOUS
10
94.7950719999999905
20
-82.6824390000000022
11
94.792231000000001
21
-82.6779250000000019
0
LINE
8
BLACK
6
CONTINUOUS
10
94.792231000000001
20
-82.6779250000000019
11
94.7888499999999965
21
-82.673805999999999
0
LINE
8
BLACK
6
CONTINUOUS
10
94.7888499999999965
20
-82.673805999999999
11
94.7873340000000013
21
-82.6701460000000026
0
LINE
8
BLACK
6
CONTINUOUS
10
94.7873340000000013
20
-82.6701460000000026
11
94.779406999999992
21
-82.6575529999999929
0
LINE
8
BLACK
6
CONTINUOUS
10
94.779406999999992
20
-82.6575529999999929
11
94.7079779999999971
21
-82.5146960000000007
0
LINE
8
BLACK
6
CONTINUOUS
10
94.7079779999999971
20
-82.5146960000000007
11
94.6974689999999981
21
-82.4872330000000034
0
LINE
8
BLACK
6
CONTINUOUS
10
94.6974689999999981
20
-82.4872330000000034
11
94.6970869999999962
21
-82.4818580000000026
0
LINE
8
BLACK
6
CONTINUOUS
10
94.6970869999999962
20
-82.4818580000000026
11
94.6950239999999894
21
-82.4768779999999992
0
LINE
8
BLACK
6
CONTINUOUS
10
94.6950239999999894
20
-82.4768779999999992
11
94.6921419999999898
21
-82.4476140000000015
0
LINE
8
BLACK
6
CONTINUOUS
10
94.6921419999999898
20
-82.4476140000000015
11
94.6921419999999898
21
-81.2333280000000002
0
LINE
8
BLACK
6
CONTINUOUS
10
94.6921419999999898
20
-81.2333280000000002
11
94.6950239999999894
21
-81.2040640000000025
0
LINE
8
BLACK
6
CONTINUOUS
10
94.6950239999999894
20
-81.2040640000000025
11
94.7174219999999991
21
-81.1499919999999975
0
LINE
8
BLACK
6
CONTINUOUS
10
94.7174219999999991
20
-81.1499919999999975
11
94.7588059999999928
21
-81.1086079999999896
0
LINE
8
BLACK
6
CONTINUOUS
10
94.7588059999999928
20
-81.1086079999999896
11
94.8128779999999978
21
-81.0862099999999941
0
LINE
8
BLACK
6
CONTINUOUS
10
94.8128779999999978
20
-81.0862099999999941
11
94.8714059999999932
21
-81.0862099999999941
0
LINE
8
BLACK
6
CONTINUOUS
10
94.8714059999999932
20
-81.0862099999999941
11
94.9254779999999982
21
-81.1086079999999896
0
LINE
8
BLACK
6
CONTINUOUS
10
96.9428350000000023
20
-81.0862099999999941
11
96.947811999999999
21
-81.0882709999999918
0
LINE
8
BLACK
6
CONTINUOUS
10
96.947811999999999
20
-81.0882709999999918
11
96.9531899999999922
21
-81.0886539999999911
0
LINE
8
BLACK
6
CONTINUOUS
10
96.9531899999999922
20
-81.0886539999999911
11
96.9806529999999896
21
-81.0991640000000018
0
LINE
8
BLACK
6
CONTINUOUS
10
96.9806529999999896
20
-81.0991640000000018
11
97.1235109999999935
21
-81.1705929999999967
0
LINE
8
BLACK
6
CONTINUOUS
10
97.1235109999999935
20
-81.1705929999999967
11
97.1361039999999889
21
-81.1785199999999918
0
LINE
8
BLACK
6
CONTINUOUS
10
97.1361039999999889
20
-81.1785199999999918
11
97.1397639999999996
21
-81.1800360000000012
0
LINE
8
BLACK
6
CONTINUOUS
10
97.1397639999999996
20
-81.1800360000000012
11
97.1438830000000024
21
-81.1834169999999915
0
LINE
8
BLACK
6
CONTINUOUS
10
97.1438830000000024
20
-81.1834169999999915
11
97.1483969999999886
21
-81.1862579999999951
0
LINE
8
BLACK
6
CONTINUOUS
10
97.1483969999999886
20
-81.1862579999999951
11
97.1509929999999997
21
-81.1892509999999987
0
LINE
8
BLACK
6
CONTINUOUS
10
97.1509929999999997
20
-81.1892509999999987
11
97.1624949999999927
21
-81.1986909999999966
0
LINE
8
BLACK
6
CONTINUOUS
10
97.1624949999999927
20
-81.1986909999999966
11
97.2339229999999901
21
-81.270118999999994
0
LINE
8
BLACK
6
CONTINUOUS
10
97.2339229999999901
20
-81.270118999999994
11
97.2433630000000022
21
-81.2816210000000012
0
LINE
8
BLACK
6
CONTINUOUS
10
97.2433630000000022
20
-81.2816210000000012
11
97.2463559999999916
21
-81.2842169999999982
0
LINE
8
BLACK
6
CONTINUOUS
10
97.2463559999999916
20
-81.2842169999999982
11
97.2491939999999886
21
-81.2887259999999969
0
LINE
8
BLACK
6
CONTINUOUS
10
97.2491939999999886
20
-81.2887259999999969
11
97.2525779999999997
21
-81.2928489999999897
0
LINE
8
BLACK
6
CONTINUOUS
10
97.2525779999999997
20
-81.2928489999999897
11
97.2540939999999949
21
-81.2965109999999953
0
LINE
8
BLACK
6
CONTINUOUS
10
97.2540939999999949
20
-81.2965109999999953
11
97.2620209999999901
21
-81.3091029999999932
0
LINE
8
BLACK
6
CONTINUOUS
10
97.2620209999999901
20
-81.3091029999999932
11
97.3334499999999991
21
-81.4519590000000022
0
LINE
8
BLACK
6
CONTINUOUS
10
97.3334499999999991
20
-81.4519590000000022
11
97.3439589999999981
21
-81.479422999999997
0
LINE
8
BLACK
6
CONTINUOUS
10
97.3439589999999981
20
-81.479422999999997
11
97.3443400000000025
21
-81.4847970000000004
0
LINE
8
BLACK
6
CONTINUOUS
10
97.3443400000000025
20
-81.4847970000000004
11
97.3464039999999926
21
-81.4897780000000012
0
LINE
8
BLACK
6
CONTINUOUS
10
97.3464039999999926
20
-81.4897780000000012
11
97.3492859999999922
21
-81.5190419999999989
0
LINE
8
BLACK
6
CONTINUOUS
10
97.3492859999999922
20
-81.5190419999999989
11
97.3492859999999922
21
-81.6619000000000028
0
LINE
8
BLACK
6
CONTINUOUS
10
97.3492859999999922
20
-81.6619000000000028
11
97.3478269999999952
21
-81.6767109999999974
0
LINE
8
BLACK
6
CONTINUOUS
10
97.3478269999999952
20
-81.6767109999999974
11
97.3481079999999963
21
-81.6806610000000006
0
LINE
8
BLACK
6
CONTINUOUS
10
97.3481079999999963
20
-81.6806610000000006
11
97.3469259999999963
21
-81.6858549999999894
0
LINE
8
BLACK
6
CONTINUOUS
10
97.3469259999999963
20
-81.6858549999999894
11
97.3464039999999926
21
-81.6911640000000006
0
LINE
8
BLACK
6
CONTINUOUS
10
97.3464039999999926
20
-81.6911640000000006
11
97.3448869999999999
21
-81.6948249999999945
0
LINE
8
BLACK
6
CONTINUOUS
10
97.3448869999999999
20
-81.6948249999999945
11
97.3415880000000016
21
-81.7093349999999958
0
LINE
8
BLACK
6
CONTINUOUS
10
97.3415880000000016
20
-81.7093349999999958
11
97.2701589999999925
21
-81.9236199999999997
0
LINE
8
BLACK
6
CONTINUOUS
10
97.2701589999999925
20
-81.9236199999999997
11
97.2581709999999902
21
-81.9504699999999957
0
LINE
8
BLACK
6
CONTINUOUS
10
97.2581709999999902
20
-81.9504699999999957
11
97.2546409999999923
21
-81.9545389999999969
0
LINE
8
BLACK
6
CONTINUOUS
10
97.2546409999999923
20
-81.9545389999999969
11
97.2525779999999997
21
-81.9595209999999952
0
LINE
8
BLACK
6
CONTINUOUS
10
97.2525779999999997
20
-81.9595209999999952
11
97.2339229999999901
21
-81.9822509999999909
0
LINE
8
BLACK
6
CONTINUOUS
10
97.2339229999999901
20
-81.9822509999999909
11
96.6328460000000007
21
-82.5833279999999945
0
LINE
8
BLACK
6
CONTINUOUS
10
96.6328460000000007
20
-82.5833279999999945
11
97.1992860000000007
21
-82.5833279999999945
0
LINE
8
BLACK
6
CONTINUOUS
10
97.1992860000000007
20
-82.5833279999999945
11
97.2285499999999985
21
-82.5862099999999941
0
LINE
8
BLACK
6
CONTINUOUS
10
97.2285499999999985
20
-82.5862099999999941
11
97.2826219999999893
21
-82.6086079999999896
0
LINE
8
BLACK
6
CONTINUOUS
10
97.2826219999999893
20
-82.6086079999999896
11
97.3240059999999971
21
-82.6499919999999975
0
LINE
8
BLACK
6
CONTINUOUS
10
97.3240059999999971
20
-82.6499919999999975
11
97.3464039999999926
21
-82.7040640000000025
0
LINE
8
BLACK
6
CONTINUOUS
10
97.3464039999999926
20
-82.7040640000000025
11
97.3464039999999926
21
-82.7625919999999979
0
LINE
8
BLACK
6
CONTINUOUS
10
97.3464039999999926
20
-82.7625919999999979
11
97.3240059999999971
21
-82.8166640000000029
0
LINE
8
BLACK
6
CONTINUOUS
10
97.3240059999999971
20
-82.8166640000000029
11
97.2826219999999893
21
-82.8580479999999966
0
LINE
8
BLACK
6
CONTINUOUS
10
97.2826219999999893
20
-82.8580479999999966
11
97.2285499999999985
21
-82.8804459999999921
0
LINE
8
BLACK
6
CONTINUOUS
10
97.2285499999999985
20
-82.8804459999999921
11
97.1992860000000007
21
-82.8833279999999917
0
LINE
8
BLACK
6
CONTINUOUS
10
97.1992860000000007
20
-82.8833279999999917
11
96.2707139999999981
21
-82.8833279999999917
0
LINE
8
BLACK
6
CONTINUOUS
10
96.2707139999999981
20
-82.8833279999999917
11
96.2414500000000004
21
-82.8804459999999921
0
LINE
8
BLACK
6
CONTINUOUS
10
96.2414500000000004
20
-82.8804459999999921
11
96.2101770000000016
21
-82.8674919999999986
0
LINE
8
BLACK
6
CONTINUOUS
10
96.2101770000000016
20
-82.8674919999999986
11
96.1873789999999929
21
-82.8580489999999941
0
LINE
8
BLACK
6
CONTINUOUS
10
96.1873789999999929
20
-82.8580489999999941
11
96.14599299999999
21
-82.8166629999999913
0
LINE
8
BLACK
6
CONTINUOUS
10
96.14599299999999
20
-82.8166629999999913
11
96.123595999999992
21
-82.7625910000000005
0
LINE
8
BLACK
6
CONTINUOUS
10
96.123595999999992
20
-82.7625910000000005
11
96.123595999999992
21
-82.7040649999999999
0
LINE
8
BLACK
6
CONTINUOUS
10
96.123595999999992
20
-82.7040649999999999
11
96.14599299999999
21
-82.6499929999999949
0
LINE
8
BLACK
6
CONTINUOUS
10
96.14599299999999
20
-82.6499929999999949
11
96.1646479999999997
21
-82.6272620000000018
0
LINE
8
BLACK
6
CONTINUOUS
10
96.1646479999999997
20
-82.6272620000000018
11
96.9967520000000007
21
-81.7951570000000032
0
LINE
8
BLACK
6
CONTINUOUS
10
96.9967520000000007
20
-81.7951570000000032
11
97.0492859999999951
21
-81.637558999999996
0
LINE
8
BLACK
6
CONTINUOUS
10
97.0492859999999951
20
-81.637558999999996
11
97.0492859999999951
21
-81.5544519999999977
0
LINE
8
BLACK
6
CONTINUOUS
10
97.0492859999999951
20
-81.5544519999999977
11
97.0045789999999926
21
-81.4650389999999902
0
LINE
8
BLACK
6
CONTINUOUS
10
97.0045789999999926
20
-81.4650389999999902
11
96.9675749999999965
21
-81.4280349999999942
0
LINE
8
BLACK
6
CONTINUOUS
10
96.9675749999999965
20
-81.4280349999999942
11
96.8781609999999915
21
-81.3833279999999917
0
LINE
8
BLACK
6
CONTINUOUS
10
96.8781609999999915
20
-81.3833279999999917
11
96.5918389999999931
21
-81.3833279999999917
0
LINE
8
BLACK
6
CONTINUOUS
10
96.5918389999999931
20
-81.3833279999999917
11
96.5024250000000023
21
-81.4280349999999942
0
LINE
8
BLACK
6
CONTINUOUS
10
96.5024250000000023
20
-81.4280349999999942
11
96.4482089999999914
21
-81.4822509999999909
0
LINE
8
BLACK
6
CONTINUOUS
10
96.4482089999999914
20
-81.4822509999999909
11
96.4254779999999982
21
-81.5009060000000005
0
LINE
8
BLACK
6
CONTINUOUS
10
96.4254779999999982
20
-81.5009060000000005
11
96.3714059999999932
21
-81.5233029999999985
0
LINE
8
BLACK
6
CONTINUOUS
10
96.3714059999999932
20
-81.5233029999999985
11
96.3128799999999927
21
-81.5233029999999985
0
LINE
8
BLACK
6
CONTINUOUS
10
96.3128799999999927
20
-81.5233029999999985
11
96.2588080000000019
21
-81.5009060000000005
0
LINE
8
BLACK
6
CONTINUOUS
10
96.2588080000000019
20
-81.5009060000000005
11
96.2174219999999991
21
-81.4595199999999977
0
LINE
8
BLACK
6
CONTINUOUS
10
96.2174219999999991
20
-81.4595199999999977
11
96.1950250000000011
21
-81.4054479999999927
0
LINE
8
BLACK
6
CONTINUOUS
10
96.1950250000000011
20
-81.4054479999999927
11
96.1950250000000011
21
-81.3469219999999922
0
LINE
8
BLACK
6
CONTINUOUS
10
96.1950250000000011
20
-81.3469219999999922
11
96.2174219999999991
21
-81.2928500000000014
0
LINE
8
BLACK
6
CONTINUOUS
10
96.2174219999999991
20
-81.2928500000000014
11
96.2360769999999945
21
-81.270118999999994
0
LINE
8
BLACK
6
CONTINUOUS
10
96.2360769999999945
20
-81.270118999999994
11
96.3075049999999919
21
-81.1986909999999966
0
LINE
8
BLACK
6
CONTINUOUS
10
96.3075049999999919
20
-81.1986909999999966
11
96.3190069999999992
21
-81.1892500000000013
0
LINE
8
BLACK
6
CONTINUOUS
10
96.3190069999999992
20
-81.1892500000000013
11
96.3216029999999961
21
-81.1862579999999951
0
LINE
8
BLACK
6
CONTINUOUS
10
96.3216029999999961
20
-81.1862579999999951
11
96.3261119999999949
21
-81.1834190000000007
0
LINE
8
BLACK
6
CONTINUOUS
10
96.3261119999999949
20
-81.1834190000000007
11
96.3302350000000018
21
-81.1800360000000012
0
LINE
8
BLACK
6
CONTINUOUS
10
96.3302350000000018
20
-81.1800360000000012
11
96.3338969999999932
21
-81.1785189999999943
0
LINE
8
BLACK
6
CONTINUOUS
10
96.3338969999999932
20
-81.1785189999999943
11
96.3464889999999912
21
-81.1705929999999967
0
LINE
8
BLACK
6
CONTINUOUS
10
96.3464889999999912
20
-81.1705929999999967
11
96.4893469999999951
21
-81.0991640000000018
0
LINE
8
BLACK
6
CONTINUOUS
10
96.4893469999999951
20
-81.0991640000000018
11
96.5168099999999924
21
-81.0886539999999911
0
LINE
8
BLACK
6
CONTINUOUS
10
96.5168099999999924
20
-81.0886539999999911
11
96.5221870000000024
21
-81.0882709999999918
0
LINE
8
BLACK
6
CONTINUOUS
10
96.5221870000000024
20
-81.0882709999999918
11
96.5271649999999966
21
-81.0862099999999941
0
LINE
8
BLACK
6
CONTINUOUS
10
96.5271649999999966
20
-81.0862099999999941
11
96.5564289999999943
21
-81.0833279999999945
0
LINE
8
BLACK
6
CONTINUOUS
10
96.5564289999999943
20
-81.0833279999999945
11
96.9135709999999904
21
-81.0833279999999945
0
LINE
8
BLACK
6
CONTINUOUS
10
96.9135709999999904
20
-81.0833279999999945
11
96.9428350000000023
21
-81.0862099999999941
0
LINE
8
BLACK
6
CONTINUOUS
10
48.4222279999999969
20
-81.2344480000000004
11
48.5671169999999961
21
-81.2944629999999933
0
LINE
8
BLACK
6
CONTINUOUS
10
48.5671169999999961
20
-81.2944629999999933
11
48.6975149999999957
21
-81.3815919999999977
0
LINE
8
BLACK
6
CONTINUOUS
10
48.6975149999999957
20
-81.3815919999999977
11
48.808408
21
-81.4924850000000021
0
LINE
8
BLACK
6
CONTINUOUS
10
48.808408
20
-81.4924850000000021
11
48.8955369999999974
21
-81.6228830000000016
0
LINE
8
BLACK
6
CONTINUOUS
10
48.8955369999999974
20
-81.6228830000000016
11
48.9555519999999973
21
-81.7677719999999937
0
LINE
8
BLACK
6
CONTINUOUS
10
48.9555519999999973
20
-81.7677719999999937
11
48.986148
21
-81.9215859999999907
0
LINE
8
BLACK
6
CONTINUOUS
10
48.986148
20
-81.9215859999999907
11
48.986148
21
-82.0784139999999951
0
LINE
8
BLACK
6
CONTINUOUS
10
48.986148
20
-82.0784139999999951
11
48.9555519999999973
21
-82.2322279999999921
0
LINE
8
BLACK
6
CONTINUOUS
10
48.9555519999999973
20
-82.2322279999999921
11
48.8955369999999974
21
-82.3771169999999984
0
LINE
8
BLACK
6
CONTINUOUS
10
48.8955369999999974
20
-82.3771169999999984
11
48.808408
21
-82.5075149999999979
0
LINE
8
BLACK
6
CONTINUOUS
10
48.808408
20
-82.5075149999999979
11
48.6975149999999957
21
-82.6184080000000023
0
LINE
8
BLACK
6
CONTINUOUS
10
48.6975149999999957
20
-82.6184080000000023
11
48.5671169999999961
21
-82.7055369999999925
0
LINE
8
BLACK
6
CONTINUOUS
10
48.5671169999999961
20
-82.7055369999999925
11
48.4222279999999969
21
-82.7655519999999996
0
LINE
8
BLACK
6
CONTINUOUS
10
48.4222279999999969
20
-82.7655519999999996
11
48.2684139999999999
21
-82.7961480000000023
0
LINE
8
BLACK
6
CONTINUOUS
10
48.2684139999999999
20
-82.7961480000000023
11
48.1115859999999955
21
-82.7961480000000023
0
LINE
8
BLACK
6
CONTINUOUS
10
48.1115859999999955
20
-82.7961480000000023
11
47.9577719999999985
21
-82.7655519999999996
0
LINE
8
BLACK
6
CONTINUOUS
10
47.9577719999999985
20
-82.7655519999999996
11
47.8128829999999994
21
-82.7055369999999925
0
LINE
8
BLACK
6
CONTINUOUS
10
47.8128829999999994
20
-82.7055369999999925
11
47.6824849999999998
21
-82.6184080000000023
0
LINE
8
BLACK
6
CONTINUOUS
10
47.6824849999999998
20
-82.6184080000000023
11
47.5715919999999954
21
-82.5075149999999979
0
LINE
8
BLACK
6
CONTINUOUS
10
47.5715919999999954
20
-82.5075149999999979
11
47.4844629999999981
21
-82.3771169999999984
0
LINE
8
BLACK
6
CONTINUOUS
10
47.4844629999999981
20
-82.3771169999999984
11
47.4244479999999982
21
-82.2322279999999921
0
LINE
8
BLACK
6
CONTINUOUS
10
47.4244479999999982
20
-82.2322279999999921
11
47.3938519999999954
21
-82.0784139999999951
0
LINE
8
BLACK
6
CONTINUOUS
10
47.3938519999999954
20
-82.0784139999999951
11
47.3938519999999954
21
-81.9215859999999907
0
LINE
8
BLACK
6
CONTINUOUS
10
47.3938519999999954
20
-81.9215859999999907
11
47.4244479999999982
21
-81.7677719999999937
0
LINE
8
BLACK
6
CONTINUOUS
10
47.4244479999999982
20
-81.7677719999999937
11
47.4844629999999981
21
-81.6228830000000016
0
LINE
8
BLACK
6
CONTINUOUS
10
47.4844629999999981
20
-81.6228830000000016
11
47.5715919999999954
21
-81.4924850000000021
0
LINE
8
BLACK
6
CONTINUOUS
10
47.5715919999999954
20
-81.4924850000000021
11
47.6824849999999998
21
-81.3815919999999977
0
LINE
8
BLACK
6
CONTINUOUS
10
47.6824849999999998
20
-81.3815919999999977
11
47.8128829999999994
21
-81.2944629999999933
0
LINE
8
BLACK
6
CONTINUOUS
10
47.8128829999999994
20
-81.2944629999999933
11
47.9577719999999985
21
-81.2344480000000004
0
LINE
8
BLACK
6
CONTINUOUS
10
47.9577719999999985
20
-81.2344480000000004
11
48.1115859999999955
21
-81.2038519999999977
0
LINE
8
BLACK
6
CONTINUOUS
10
48.1115859999999955
20
-81.2038519999999977
11
48.2684139999999999
21
-81.2038519999999977
0
LINE
8
BLACK
6
CONTINUOUS
10
48.2684139999999999
20
-81.2038519999999977
11
48.4222279999999969
21
-81.2344480000000004
0
LINE
8
BLACK
6
CONTINUOUS
10
56.0422279999999944
20
-81.2344480000000004
11
56.1871170000000006
21
-81.2944629999999933
0
LINE
8
BLACK
6
CONTINUOUS
10
56.1871170000000006
20
-81.2944629999999933
11
56.3175150000000002
21
-81.3815919999999977
0
LINE
8
BLACK
6
CONTINUOUS
10
56.3175150000000002
20
-81.3815919999999977
11
56.4284079999999975
21
-81.4924850000000021
0
LINE
8
BLACK
6
CONTINUOUS
10
56.4284079999999975
20
-81.4924850000000021
11
56.5155369999999948
21
-81.6228830000000016
0
LINE
8
BLACK
6
CONTINUOUS
10
56.5155369999999948
20
-81.6228830000000016
11
56.5755519999999947
21
-81.7677719999999937
0
LINE
8
BLACK
6
CONTINUOUS
10
56.5755519999999947
20
-81.7677719999999937
11
56.6061479999999975
21
-81.9215859999999907
0
LINE
8
BLACK
6
CONTINUOUS
10
56.6061479999999975
20
-81.9215859999999907
11
56.6061479999999975
21
-82.0784139999999951
0
LINE
8
BLACK
6
CONTINUOUS
10
56.6061479999999975
20
-82.0784139999999951
11
56.5755519999999947
21
-82.2322279999999921
0
LINE
8
BLACK
6
CONTINUOUS
10
56.5755519999999947
20
-82.2322279999999921
11
56.5155369999999948
21
-82.3771169999999984
0
LINE
8
BLACK
6
CONTINUOUS
10
56.5155369999999948
20
-82.3771169999999984
11
56.4284079999999975
21
-82.5075149999999979
0
LINE
8
BLACK
6
CONTINUOUS
10
56.4284079999999975
20
-82.5075149999999979
11
56.3175150000000002
21
-82.6184080000000023
0
LINE
8
BLACK
6
CONTINUOUS
10
56.3175150000000002
20
-82.6184080000000023
11
56.1871170000000006
21
-82.7055369999999925
0
LINE
8
BLACK
6
CONTINUOUS
10
56.1871170000000006
20
-82.7055369999999925
11
56.0422279999999944
21
-82.7655519999999996
0
LINE
8
BLACK
6
CONTINUOUS
10
56.0422279999999944
20
-82.7655519999999996
11
55.8884139999999974
21
-82.7961480000000023
0
LINE
8
BLACK
6
CONTINUOUS
10
55.8884139999999974
20
-82.7961480000000023
11
55.7315860000000001
21
-82.7961480000000023
0
LINE
8
BLACK
6
CONTINUOUS
10
55.7315860000000001
20
-82.7961480000000023
11
55.577771999999996
21
-82.7655519999999996
0
LINE
8
BLACK
6
CONTINUOUS
10
55.577771999999996
20
-82.7655519999999996
11
55.4328829999999968
21
-82.7055369999999925
0
LINE
8
BLACK
6
CONTINUOUS
10
55.4328829999999968
20
-82.7055369999999925
11
55.3024849999999972
21
-82.6184080000000023
0
LINE
8
BLACK
6
CONTINUOUS
10
55.3024849999999972
20
-82.6184080000000023
11
55.191592
21
-82.5075149999999979
0
LINE
8
BLACK
6
CONTINUOUS
10
55.191592
20
-82.5075149999999979
11
55.1044629999999955
21
-82.3771169999999984
0
LINE
8
BLACK
6
CONTINUOUS
10
55.1044629999999955
20
-82.3771169999999984
11
55.0444479999999956
21
-82.2322279999999921
0
LINE
8
BLACK
6
CONTINUOUS
10
55.0444479999999956
20
-82.2322279999999921
11
55.013852
21
-82.0784139999999951
0
LINE
8
BLACK
6
CONTINUOUS
10
55.013852
20
-82.0784139999999951
11
55.013852
21
-81.9215859999999907
0
LINE
8
BLACK
6
CONTINUOUS
10
55.013852
20
-81.9215859999999907
11
55.0444479999999956
21
-81.7677719999999937
0
LINE
8
BLACK
6
CONTINUOUS
10
55.0444479999999956
20
-81.7677719999999937
11
55.1044629999999955
21
-81.6228830000000016
0
LINE
8
BLACK
6
CONTINUOUS
10
55.1044629999999955
20
-81.6228830000000016
11
55.191592
21
-81.4924850000000021
0
LINE
8
BLACK
6
CONTINUOUS
10
55.191592
20
-81.4924850000000021
11
55.3024849999999972
21
-81.3815919999999977
0
LINE
8
BLACK
6
CONTINUOUS
10
55.3024849999999972
20
-81.3815919999999977
11
55.4328829999999968
21
-81.2944629999999933
0
LINE
8
BLACK
6
CONTINUOUS
10
55.4328829999999968
20
-81.2944629999999933
11
55.577771999999996
21
-81.2344480000000004
0
LINE
8
BLACK
6
CONTINUOUS
10
55.577771999999996
20
-81.2344480000000004
11
55.7315860000000001
21
-81.2038519999999977
0
LINE
8
BLACK
6
CONTINUOUS
10
55.7315860000000001
20
-81.2038519999999977
11
55.8884139999999974
21
-81.2038519999999977
0
LINE
8
BLACK
6
CONTINUOUS
10
55.8884139999999974
20
-81.2038519999999977
11
56.0422279999999944
21
-81.2344480000000004
0
LINE
8
BLACK
6
CONTINUOUS
10
44.3947629999999975
20
-76.3048519999999968
11
44.398697999999996
21
-76.3045899999999904
0
LINE
8
BLACK
6
CONTINUOUS
10
44.398697999999996
20
-76.3045899999999904
11
44.4014079999999964
21
-76.3055059999999941
0
LINE
8
BLACK
6
CONTINUOUS
10
44.4014079999999964
20
-76.3055059999999941
11
44.4085499999999982
21
-76.306209999999993
0
LINE
8
BLACK
6
CONTINUOUS
10
44.4085499999999982
20
-76.306209999999993
11
44.4310639999999992
21
-76.3155359999999945
0
LINE
8
BLACK
6
CONTINUOUS
10
44.4310639999999992
20
-76.3155359999999945
11
44.4541399999999953
21
-76.3233400000000017
0
LINE
8
BLACK
6
CONTINUOUS
10
44.4541399999999953
20
-76.3233400000000017
11
44.4579469999999972
21
-76.3266709999999904
0
LINE
8
BLACK
6
CONTINUOUS
10
44.4579469999999972
20
-76.3266709999999904
11
44.4626219999999961
21
-76.3286080000000027
0
LINE
8
BLACK
6
CONTINUOUS
10
44.4626219999999961
20
-76.3286080000000027
11
44.4798509999999965
21
-76.3458370000000031
0
LINE
8
BLACK
6
CONTINUOUS
10
44.4798509999999965
20
-76.3458370000000031
11
44.4981870000000015
21
-76.3618809999999968
0
LINE
8
BLACK
6
CONTINUOUS
10
44.4981870000000015
20
-76.3618809999999968
11
44.5004289999999969
21
-76.3664150000000035
0
LINE
8
BLACK
6
CONTINUOUS
10
44.5004289999999969
20
-76.3664150000000035
11
44.5040059999999968
21
-76.3699919999999963
0
LINE
8
BLACK
6
CONTINUOUS
10
44.5040059999999968
20
-76.3699919999999963
11
44.5133319999999983
21
-76.3925079999999923
0
LINE
8
BLACK
6
CONTINUOUS
10
44.5133319999999983
20
-76.3925079999999923
11
44.524130999999997
21
-76.4143439999999998
0
LINE
8
BLACK
6
CONTINUOUS
10
44.524130999999997
20
-76.4143439999999998
11
44.5244670000000013
21
-76.4193879999999979
0
LINE
8
BLACK
6
CONTINUOUS
10
44.5244670000000013
20
-76.4193879999999979
11
44.5264039999999994
21
-76.4240640000000013
0
LINE
8
BLACK
6
CONTINUOUS
10
44.5264039999999994
20
-76.4240640000000013
11
44.5264039999999994
21
-76.4484389999999934
0
LINE
8
BLACK
6
CONTINUOUS
10
44.5264039999999994
20
-76.4484389999999934
11
44.5280239999999949
21
-76.4727400000000017
0
LINE
8
BLACK
6
CONTINUOUS
10
44.5280239999999949
20
-76.4727400000000017
11
44.5264039999999994
21
-76.4775300000000016
0
LINE
8
BLACK
6
CONTINUOUS
10
44.5264039999999994
20
-76.4775300000000016
11
44.5264039999999994
21
-76.4825919999999968
0
LINE
8
BLACK
6
CONTINUOUS
10
44.5264039999999994
20
-76.4825919999999968
11
44.5170789999999954
21
-76.5051029999999912
0
LINE
8
BLACK
6
CONTINUOUS
10
44.5170789999999954
20
-76.5051029999999912
11
44.5092739999999978
21
-76.5281829999999985
0
LINE
8
BLACK
6
CONTINUOUS
10
44.5092739999999978
20
-76.5281829999999985
11
44.5051009999999962
21
-76.5340190000000007
0
LINE
8
BLACK
6
CONTINUOUS
10
44.5051009999999962
20
-76.5340190000000007
11
44.5040059999999968
21
-76.5366640000000018
0
LINE
8
BLACK
6
CONTINUOUS
10
44.5040059999999968
20
-76.5366640000000018
11
44.5012149999999949
21
-76.5394539999999921
0
LINE
8
BLACK
6
CONTINUOUS
10
44.5012149999999949
20
-76.5394539999999921
11
44.4921719999999965
21
-76.5521039999999999
0
LINE
8
BLACK
6
CONTINUOUS
10
44.4921719999999965
20
-76.5521039999999999
11
44.1852379999999982
21
-76.9028859999999952
0
LINE
8
BLACK
6
CONTINUOUS
10
44.1852379999999982
20
-76.9028859999999952
11
44.3035110000000003
21
-76.9620209999999929
0
LINE
8
BLACK
6
CONTINUOUS
10
44.3035110000000003
20
-76.9620209999999929
11
44.3161050000000003
21
-76.9699489999999997
0
LINE
8
BLACK
6
CONTINUOUS
10
44.3161050000000003
20
-76.9699489999999997
11
44.3197649999999967
21
-76.9714649999999949
0
LINE
8
BLACK
6
CONTINUOUS
10
44.3197649999999967
20
-76.9714649999999949
11
44.3238849999999971
21
-76.9748459999999994
0
LINE
8
BLACK
6
CONTINUOUS
10
44.3238849999999971
20
-76.9748459999999994
11
44.3283959999999979
21
-76.9776859999999914
0
LINE
8
BLACK
6
CONTINUOUS
10
44.3283959999999979
20
-76.9776859999999914
11
44.3309899999999999
21
-76.980677
0
LINE
8
BLACK
6
CONTINUOUS
10
44.3309899999999999
20
-76.980677
11
44.342495999999997
21
-76.9901199999999903
0
LINE
8
BLACK
6
CONTINUOUS
10
44.342495999999997
20
-76.9901199999999903
11
44.4139240000000015
21
-77.0615489999999994
0
LINE
8
BLACK
6
CONTINUOUS
10
44.4139240000000015
20
-77.0615489999999994
11
44.4233619999999974
21
-77.0730489999999975
0
LINE
8
BLACK
6
CONTINUOUS
10
44.4233619999999974
20
-77.0730489999999975
11
44.4263559999999984
21
-77.0756459999999919
0
LINE
8
BLACK
6
CONTINUOUS
10
44.4263559999999984
20
-77.0756459999999919
11
44.4291959999999975
21
-77.0801579999999973
0
LINE
8
BLACK
6
CONTINUOUS
10
44.4291959999999975
20
-77.0801579999999973
11
44.4325779999999995
21
-77.0842789999999951
0
LINE
8
BLACK
6
CONTINUOUS
10
44.4325779999999995
20
-77.0842789999999951
11
44.4340929999999972
21
-77.0879379999999941
0
LINE
8
BLACK
6
CONTINUOUS
10
44.4340929999999972
20
-77.0879379999999941
11
44.4420209999999969
21
-77.1005320000000012
0
LINE
8
BLACK
6
CONTINUOUS
10
44.4420209999999969
20
-77.1005320000000012
11
44.5134499999999989
21
-77.2433879999999959
0
LINE
8
BLACK
6
CONTINUOUS
10
44.5134499999999989
20
-77.2433879999999959
11
44.5239589999999978
21
-77.2708519999999908
0
LINE
8
BLACK
6
CONTINUOUS
10
44.5239589999999978
20
-77.2708519999999908
11
44.5243399999999951
21
-77.2762259999999941
0
LINE
8
BLACK
6
CONTINUOUS
10
44.5243399999999951
20
-77.2762259999999941
11
44.5264039999999994
21
-77.2812069999999949
0
LINE
8
BLACK
6
CONTINUOUS
10
44.5264039999999994
20
-77.2812069999999949
11
44.529285999999999
21
-77.3104709999999926
0
LINE
8
BLACK
6
CONTINUOUS
10
44.529285999999999
20
-77.3104709999999926
11
44.529285999999999
21
-77.6676140000000004
0
LINE
8
BLACK
6
CONTINUOUS
10
44.529285999999999
20
-77.6676140000000004
11
44.5264039999999994
21
-77.6968779999999981
0
LINE
8
BLACK
6
CONTINUOUS
10
44.5264039999999994
20
-77.6968779999999981
11
44.5243399999999951
21
-77.7018580000000014
0
LINE
8
BLACK
6
CONTINUOUS
10
44.5243399999999951
20
-77.7018580000000014
11
44.5239589999999978
21
-77.7072330000000022
0
LINE
8
BLACK
6
CONTINUOUS
10
44.5239589999999978
20
-77.7072330000000022
11
44.5134499999999989
21
-77.734696999999997
0
LINE
8
BLACK
6
CONTINUOUS
10
44.5134499999999989
20
-77.734696999999997
11
44.4420209999999969
21
-77.8775529999999918
0
LINE
8
BLACK
6
CONTINUOUS
10
44.4420209999999969
20
-77.8775529999999918
11
44.4340929999999972
21
-77.8901460000000014
0
LINE
8
BLACK
6
CONTINUOUS
10
44.4340929999999972
20
-77.8901460000000014
11
44.4325779999999995
21
-77.8938059999999979
0
LINE
8
BLACK
6
CONTINUOUS
10
44.4325779999999995
20
-77.8938059999999979
11
44.4291959999999975
21
-77.8979259999999982
0
LINE
8
BLACK
6
CONTINUOUS
10
44.4291959999999975
20
-77.8979259999999982
11
44.4263559999999984
21
-77.9024390000000011
0
LINE
8
BLACK
6
CONTINUOUS
10
44.4263559999999984
20
-77.9024390000000011
11
44.4233619999999974
21
-77.905034999999998
0
LINE
8
BLACK
6
CONTINUOUS
10
44.4233619999999974
20
-77.905034999999998
11
44.4139240000000015
21
-77.9165359999999936
0
LINE
8
BLACK
6
CONTINUOUS
10
44.4139240000000015
20
-77.9165359999999936
11
44.342495999999997
21
-77.9879650000000026
0
LINE
8
BLACK
6
CONTINUOUS
10
44.342495999999997
20
-77.9879650000000026
11
44.3309899999999999
21
-77.9974069999999955
0
LINE
8
BLACK
6
CONTINUOUS
10
44.3309899999999999
20
-77.9974069999999955
11
44.3283959999999979
21
-78.0003990000000016
0
LINE
8
BLACK
6
CONTINUOUS
10
44.3283959999999979
20
-78.0003990000000016
11
44.3238849999999971
21
-78.0032379999999961
0
LINE
8
BLACK
6
CONTINUOUS
10
44.3238849999999971
20
-78.0032379999999961
11
44.3197649999999967
21
-78.0066199999999981
0
LINE
8
BLACK
6
CONTINUOUS
10
44.3197649999999967
20
-78.0066199999999981
11
44.3161050000000003
21
-78.0081349999999958
0
LINE
8
BLACK
6
CONTINUOUS
10
44.3161050000000003
20
-78.0081349999999958
11
44.3035110000000003
21
-78.0160640000000001
0
LINE
8
BLACK
6
CONTINUOUS
10
44.3035110000000003
20
-78.0160640000000001
11
44.1606519999999989
21
-78.0874919999999975
0
LINE
8
BLACK
6
CONTINUOUS
10
44.1606519999999989
20
-78.0874919999999975
11
44.1331889999999945
21
-78.0980019999999939
0
LINE
8
BLACK
6
CONTINUOUS
10
44.1331889999999945
20
-78.0980019999999939
11
44.1278129999999962
21
-78.0983829999999983
0
LINE
8
BLACK
6
CONTINUOUS
10
44.1278129999999962
20
-78.0983829999999983
11
44.1228349999999949
21
-78.1004459999999909
0
LINE
8
BLACK
6
CONTINUOUS
10
44.1228349999999949
20
-78.1004459999999909
11
44.0935709999999972
21
-78.1033279999999905
0
LINE
8
BLACK
6
CONTINUOUS
10
44.0935709999999972
20
-78.1033279999999905
11
43.6649999999999991
21
-78.1033279999999905
0
LINE
8
BLACK
6
CONTINUOUS
10
43.6649999999999991
20
-78.1033279999999905
11
43.6357360000000014
21
-78.1004459999999909
0
LINE
8
BLACK
6
CONTINUOUS
10
43.6357360000000014
20
-78.1004459999999909
11
43.6307569999999956
21
-78.0983829999999983
0
LINE
8
BLACK
6
CONTINUOUS
10
43.6307569999999956
20
-78.0983829999999983
11
43.6253819999999948
21
-78.0980019999999939
0
LINE
8
BLACK
6
CONTINUOUS
10
43.6253819999999948
20
-78.0980019999999939
11
43.5979189999999974
21
-78.0874919999999975
0
LINE
8
BLACK
6
CONTINUOUS
10
43.5979189999999974
20
-78.0874919999999975
11
43.4550610000000006
21
-78.0160640000000001
0
LINE
8
BLACK
6
CONTINUOUS
10
43.4550610000000006
20
-78.0160640000000001
11
43.4424689999999956
21
-78.0081369999999907
0
LINE
8
BLACK
6
CONTINUOUS
10
43.4424689999999956
20
-78.0081369999999907
11
43.4388079999999945
21
-78.0066209999999955
0
LINE
8
BLACK
6
CONTINUOUS
10
43.4388079999999945
20
-78.0066209999999955
11
43.4346849999999947
21
-78.0032369999999986
0
LINE
8
BLACK
6
CONTINUOUS
10
43.4346849999999947
20
-78.0032369999999986
11
43.4301759999999959
21
-78.0003990000000016
0
LINE
8
BLACK
6
CONTINUOUS
10
43.4301759999999959
20
-78.0003990000000016
11
43.4275809999999964
21
-77.9974069999999955
0
LINE
8
BLACK
6
CONTINUOUS
10
43.4275809999999964
20
-77.9974069999999955
11
43.4160770000000014
21
-77.9879660000000001
0
LINE
8
BLACK
6
CONTINUOUS
10
43.4160770000000014
20
-77.9879660000000001
11
43.3446479999999994
21
-77.9165369999999911
0
LINE
8
BLACK
6
CONTINUOUS
10
43.3446479999999994
20
-77.9165369999999911
11
43.3259929999999969
21
-77.8938059999999979
0
LINE
8
BLACK
6
CONTINUOUS
10
43.3259929999999969
20
-77.8938059999999979
11
43.3035959999999989
21
-77.8397339999999929
0
LINE
8
BLACK
6
CONTINUOUS
10
43.3035959999999989
20
-77.8397339999999929
11
43.3035959999999989
21
-77.7812079999999924
0
LINE
8
BLACK
6
CONTINUOUS
10
43.3035959999999989
20
-77.7812079999999924
11
43.3259929999999969
21
-77.7271360000000016
0
LINE
8
BLACK
6
CONTINUOUS
10
43.3259929999999969
20
-77.7271360000000016
11
43.3673789999999997
21
-77.6857499999999987
0
LINE
8
BLACK
6
CONTINUOUS
10
43.3673789999999997
20
-77.6857499999999987
11
43.4214509999999976
21
-77.6633530000000007
0
LINE
8
BLACK
6
CONTINUOUS
10
43.4214509999999976
20
-77.6633530000000007
11
43.4799769999999981
21
-77.6633530000000007
0
LINE
8
BLACK
6
CONTINUOUS
10
43.4799769999999981
20
-77.6633530000000007
11
43.534048999999996
21
-77.6857499999999987
0
LINE
8
BLACK
6
CONTINUOUS
10
43.534048999999996
20
-77.6857499999999987
11
43.5567799999999963
21
-77.7044049999999942
0
LINE
8
BLACK
6
CONTINUOUS
10
43.5567799999999963
20
-77.7044049999999942
11
43.6109960000000001
21
-77.7586209999999909
0
LINE
8
BLACK
6
CONTINUOUS
10
43.6109960000000001
20
-77.7586209999999909
11
43.700409999999998
21
-77.8033279999999934
0
LINE
8
BLACK
6
CONTINUOUS
10
43.700409999999998
20
-77.8033279999999934
11
44.0581619999999958
21
-77.8033279999999934
0
LINE
8
BLACK
6
CONTINUOUS
10
44.0581619999999958
20
-77.8033279999999934
11
44.1475749999999962
21
-77.7586209999999909
0
LINE
8
BLACK
6
CONTINUOUS
10
44.1475749999999962
20
-77.7586209999999909
11
44.1845779999999948
21
-77.7216169999999948
0
LINE
8
BLACK
6
CONTINUOUS
10
44.1845779999999948
20
-77.7216169999999948
11
44.2292859999999948
21
-77.6322029999999899
0
LINE
8
BLACK
6
CONTINUOUS
10
44.2292859999999948
20
-77.6322029999999899
11
44.2292859999999948
21
-77.3458809999999914
0
LINE
8
BLACK
6
CONTINUOUS
10
44.2292859999999948
20
-77.3458809999999914
11
44.1845779999999948
21
-77.2564670000000007
0
LINE
8
BLACK
6
CONTINUOUS
10
44.1845779999999948
20
-77.2564670000000007
11
44.1475749999999962
21
-77.2194629999999904
0
LINE
8
BLACK
6
CONTINUOUS
10
44.1475749999999962
20
-77.2194629999999904
11
44.0581619999999958
21
-77.1747569999999996
0
LINE
8
BLACK
6
CONTINUOUS
10
44.0581619999999958
20
-77.1747569999999996
11
43.8792860000000005
21
-77.1747569999999996
0
LINE
8
BLACK
6
CONTINUOUS
10
43.8792860000000005
20
-77.1747569999999996
11
43.8638130000000004
21
-77.1732329999999962
0
LINE
8
BLACK
6
CONTINUOUS
10
43.8638130000000004
20
-77.1732329999999962
11
43.8598739999999978
21
-77.1734960000000001
0
LINE
8
BLACK
6
CONTINUOUS
10
43.8598739999999978
20
-77.1734960000000001
11
43.8571589999999958
21
-77.1725769999999898
0
LINE
8
BLACK
6
CONTINUOUS
10
43.8571589999999958
20
-77.1725769999999898
11
43.8500219999999956
21
-77.171875
0
LINE
8
BLACK
6
CONTINUOUS
10
43.8500219999999956
20
-77.171875
11
43.8275129999999962
21
-77.1625509999999935
0
LINE
8
BLACK
6
CONTINUOUS
10
43.8275129999999962
20
-77.1625509999999935
11
43.8044319999999985
21
-77.1547449999999913
0
LINE
8
BLACK
6
CONTINUOUS
10
43.8044319999999985
20
-77.1547449999999913
11
43.8006239999999991
21
-77.1514129999999909
0
LINE
8
BLACK
6
CONTINUOUS
10
43.8006239999999991
20
-77.1514129999999909
11
43.7959499999999977
21
-77.1494769999999903
0
LINE
8
BLACK
6
CONTINUOUS
10
43.7959499999999977
20
-77.1494769999999903
11
43.7787199999999999
21
-77.1322469999999925
0
LINE
8
BLACK
6
CONTINUOUS
10
43.7787199999999999
20
-77.1322469999999925
11
43.7603849999999994
21
-77.1162039999999962
0
LINE
8
BLACK
6
CONTINUOUS
10
43.7603849999999994
20
-77.1162039999999962
11
43.7581419999999994
21
-77.111668999999992
0
LINE
8
BLACK
6
CONTINUOUS
10
43.7581419999999994
20
-77.111668999999992
11
43.754565999999997
21
-77.1080929999999967
0
LINE
8
BLACK
6
CONTINUOUS
10
43.754565999999997
20
-77.1080929999999967
11
43.745238999999998
21
-77.0855760000000032
0
LINE
8
BLACK
6
CONTINUOUS
10
43.745238999999998
20
-77.0855760000000032
11
43.7344409999999968
21
-77.0637409999999932
0
LINE
8
BLACK
6
CONTINUOUS
10
43.7344409999999968
20
-77.0637409999999932
11
43.734103999999995
21
-77.0586959999999976
0
LINE
8
BLACK
6
CONTINUOUS
10
43.734103999999995
20
-77.0586959999999976
11
43.7321680000000015
21
-77.0540209999999917
0
LINE
8
BLACK
6
CONTINUOUS
10
43.7321680000000015
20
-77.0540209999999917
11
43.7321680000000015
21
-77.0296539999999936
0
LINE
8
BLACK
6
CONTINUOUS
10
43.7321680000000015
20
-77.0296539999999936
11
43.7305470000000014
21
-77.0053449999999913
0
LINE
8
BLACK
6
CONTINUOUS
10
43.7305470000000014
20
-77.0053449999999913
11
43.7321680000000015
21
-77.000551999999999
0
LINE
8
BLACK
6
CONTINUOUS
10
43.7321680000000015
20
-77.000551999999999
11
43.7321680000000015
21
-76.9954929999999962
0
LINE
8
BLACK
6
CONTINUOUS
10
43.7321680000000015
20
-76.9954929999999962
11
43.7414909999999963
21
-76.9729839999999967
0
LINE
8
BLACK
6
CONTINUOUS
10
43.7414909999999963
20
-76.9729839999999967
11
43.749297999999996
21
-76.9499029999999919
0
LINE
8
BLACK
6
CONTINUOUS
10
43.749297999999996
20
-76.9499029999999919
11
43.7534689999999955
21
-76.9440659999999923
0
LINE
8
BLACK
6
CONTINUOUS
10
43.7534689999999955
20
-76.9440659999999923
11
43.754565999999997
21
-76.9414209999999912
0
LINE
8
BLACK
6
CONTINUOUS
10
43.754565999999997
20
-76.9414209999999912
11
43.7573549999999969
21
-76.9386310000000009
0
LINE
8
BLACK
6
CONTINUOUS
10
43.7573549999999969
20
-76.9386310000000009
11
43.7663989999999998
21
-76.9259809999999931
0
LINE
8
BLACK
6
CONTINUOUS
10
43.7663989999999998
20
-76.9259809999999931
11
44.0487210000000005
21
-76.6033279999999905
0
LINE
8
BLACK
6
CONTINUOUS
10
44.0487210000000005
20
-76.6033279999999905
11
43.4507139999999978
21
-76.6033279999999905
0
LINE
8
BLACK
6
CONTINUOUS
10
43.4507139999999978
20
-76.6033279999999905
11
43.4214500000000001
21
-76.6004459999999909
0
LINE
8
BLACK
6
CONTINUOUS
10
43.4214500000000001
20
-76.6004459999999909
11
43.3673779999999951
21
-76.5780479999999955
0
LINE
8
BLACK
6
CONTINUOUS
10
43.3673779999999951
20
-76.5780479999999955
11
43.3259940000000014
21
-76.5366640000000018
0
LINE
8
BLACK
6
CONTINUOUS
10
43.3259940000000014
20
-76.5366640000000018
11
43.3035959999999989
21
-76.4825919999999968
0
LINE
8
BLACK
6
CONTINUOUS
10
43.3035959999999989
20
-76.4825919999999968
11
43.3035959999999989
21
-76.4240640000000013
0
LINE
8
BLACK
6
CONTINUOUS
10
43.3035959999999989
20
-76.4240640000000013
11
43.3259940000000014
21
-76.3699919999999963
0
LINE
8
BLACK
6
CONTINUOUS
10
43.3259940000000014
20
-76.3699919999999963
11
43.3673779999999951
21
-76.3286080000000027
0
LINE
8
BLACK
6
CONTINUOUS
10
43.3673779999999951
20
-76.3286080000000027
11
43.4214500000000001
21
-76.306209999999993
0
LINE
8
BLACK
6
CONTINUOUS
10
43.4214500000000001
20
-76.306209999999993
11
43.4507139999999978
21
-76.3033279999999934
0
LINE
8
BLACK
6
CONTINUOUS
10
43.4507139999999978
20
-76.3033279999999934
11
44.3792860000000005
21
-76.3033279999999934
0
LINE
8
BLACK
6
CONTINUOUS
10
44.3792860000000005
20
-76.3033279999999934
11
44.3947629999999975
21
-76.3048519999999968
0
LINE
8
BLACK
6
CONTINUOUS
10
45.3936980000000005
20
-76.306209999999993
11
45.4085490000000007
21
-76.306209999999993
0
LINE
8
BLACK
6
CONTINUOUS
10
45.4085490000000007
20
-76.306209999999993
11
45.4221229999999991
21
-76.3118319999999954
0
LINE
8
BLACK
6
CONTINUOUS
10
45.4221229999999991
20
-76.3118319999999954
11
45.4365419999999958
21
-76.3146849999999972
0
LINE
8
BLACK
6
CONTINUOUS
10
45.4365419999999958
20
-76.3146849999999972
11
45.4489019999999968
21
-76.3229249999999979
0
LINE
8
BLACK
6
CONTINUOUS
10
45.4489019999999968
20
-76.3229249999999979
11
45.4626209999999986
21
-76.3286080000000027
0
LINE
8
BLACK
6
CONTINUOUS
10
45.4626209999999986
20
-76.3286080000000027
11
45.473009999999995
21
-76.338996999999992
0
LINE
8
BLACK
6
CONTINUOUS
10
45.473009999999995
20
-76.338996999999992
11
45.4852409999999949
21
-76.3471509999999967
0
LINE
8
BLACK
6
CONTINUOUS
10
45.4852409999999949
20
-76.3471509999999967
11
45.4935059999999964
21
-76.3594930000000005
0
LINE
8
BLACK
6
CONTINUOUS
10
45.4935059999999964
20
-76.3594930000000005
11
45.5040049999999994
21
-76.3699919999999963
0
LINE
8
BLACK
6
CONTINUOUS
10
45.5040049999999994
20
-76.3699919999999963
11
45.5096279999999993
21
-76.3835679999999968
0
LINE
8
BLACK
6
CONTINUOUS
10
45.5096279999999993
20
-76.3835679999999968
11
45.5178069999999977
21
-76.3957809999999995
0
LINE
8
BLACK
6
CONTINUOUS
10
45.5178069999999977
20
-76.3957809999999995
11
45.5207189999999997
21
-76.4103429999999975
0
LINE
8
BLACK
6
CONTINUOUS
10
45.5207189999999997
20
-76.4103429999999975
11
45.5264029999999948
21
-76.4240640000000013
0
LINE
8
BLACK
6
CONTINUOUS
10
45.5264029999999948
20
-76.4240640000000013
11
45.5292539999999946
21
-76.453015999999991
0
LINE
8
BLACK
6
CONTINUOUS
10
45.5292539999999946
20
-76.453015999999991
11
45.5292849999999945
21
-76.4531700000000001
0
LINE
8
BLACK
6
CONTINUOUS
10
45.5292849999999945
20
-76.4531700000000001
11
45.5292740000000009
21
-76.4532219999999967
0
LINE
8
BLACK
6
CONTINUOUS
10
45.5292740000000009
20
-76.4532219999999967
11
45.5292849999999945
21
-76.4533279999999991
0
LINE
8
BLACK
6
CONTINUOUS
10
45.5292849999999945
20
-76.4533279999999991
11
45.5292849999999945
21
-77.8033279999999934
0
LINE
8
BLACK
6
CONTINUOUS
10
45.5292849999999945
20
-77.8033279999999934
11
45.8078569999999985
21
-77.8033279999999934
0
LINE
8
BLACK
6
CONTINUOUS
10
45.8078569999999985
20
-77.8033279999999934
11
45.8371209999999962
21
-77.806209999999993
0
LINE
8
BLACK
6
CONTINUOUS
10
45.8371209999999962
20
-77.806209999999993
11
45.8911930000000012
21
-77.8286080000000027
0
LINE
8
BLACK
6
CONTINUOUS
10
45.8911930000000012
20
-77.8286080000000027
11
45.9325769999999949
21
-77.8699919999999963
0
LINE
8
BLACK
6
CONTINUOUS
10
45.9325769999999949
20
-77.8699919999999963
11
45.9549749999999975
21
-77.9240640000000013
0
LINE
8
BLACK
6
CONTINUOUS
10
45.9549749999999975
20
-77.9240640000000013
11
45.9549749999999975
21
-77.9825919999999968
0
LINE
8
BLACK
6
CONTINUOUS
10
45.9549749999999975
20
-77.9825919999999968
11
45.9325769999999949
21
-78.0366640000000018
0
LINE
8
BLACK
6
CONTINUOUS
10
45.9325769999999949
20
-78.0366640000000018
11
45.8911930000000012
21
-78.0780479999999955
0
LINE
8
BLACK
6
CONTINUOUS
10
45.8911930000000012
20
-78.0780479999999955
11
45.8371209999999962
21
-78.1004459999999909
0
LINE
8
BLACK
6
CONTINUOUS
10
45.8371209999999962
20
-78.1004459999999909
11
45.8078569999999985
21
-78.1033279999999905
0
LINE
8
BLACK
6
CONTINUOUS
10
45.8078569999999985
20
-78.1033279999999905
11
44.9507139999999978
21
-78.1033279999999905
0
LINE
8
BLACK
6
CONTINUOUS
10
44.9507139999999978
20
-78.1033279999999905
11
44.9214500000000001
21
-78.1004459999999909
0
LINE
8
BLACK
6
CONTINUOUS
10
44.9214500000000001
20
-78.1004459999999909
11
44.8673779999999951
21
-78.0780479999999955
0
LINE
8
BLACK
6
CONTINUOUS
10
44.8673779999999951
20
-78.0780479999999955
11
44.8259940000000014
21
-78.0366640000000018
0
LINE
8
BLACK
6
CONTINUOUS
10
44.8259940000000014
20
-78.0366640000000018
11
44.8035959999999989
21
-77.9825919999999968
0
LINE
8
BLACK
6
CONTINUOUS
10
44.8035959999999989
20
-77.9825919999999968
11
44.8035959999999989
21
-77.9240640000000013
0
LINE
8
BLACK
6
CONTINUOUS
10
44.8035959999999989
20
-77.9240640000000013
11
44.8259940000000014
21
-77.8699919999999963
0
LINE
8
BLACK
6
CONTINUOUS
10
44.8259940000000014
20
-77.8699919999999963
11
44.8673779999999951
21
-77.8286080000000027
0
LINE
8
BLACK
6
CONTINUOUS
10
44.8673779999999951
20
-77.8286080000000027
11
44.9214500000000001
21
-77.806209999999993
0
LINE
8
BLACK
6
CONTINUOUS
10
44.9214500000000001
20
-77.806209999999993
11
44.9507139999999978
21
-77.8033279999999934
0
LINE
8
BLACK
6
CONTINUOUS
10
44.9507139999999978
20
-77.8033279999999934
11
45.2292849999999973
21
-77.8033279999999934
0
LINE
8
BLACK
6
CONTINUOUS
10
45.2292849999999973
20
-77.8033279999999934
11
45.2292849999999973
21
-76.8868889999999965
0
LINE
8
BLACK
6
CONTINUOUS
10
45.2292849999999973
20
-76.8868889999999965
11
45.1996369999999956
21
-76.9165369999999911
0
LINE
8
BLACK
6
CONTINUOUS
10
45.1996369999999956
20
-76.9165369999999911
11
45.1881349999999955
21
-76.9259759999999915
0
LINE
8
BLACK
6
CONTINUOUS
10
45.1881349999999955
20
-76.9259759999999915
11
45.1855389999999986
21
-76.9289699999999925
0
LINE
8
BLACK
6
CONTINUOUS
10
45.1855389999999986
20
-76.9289699999999925
11
45.1810249999999982
21
-76.9318099999999987
0
LINE
8
BLACK
6
CONTINUOUS
10
45.1810249999999982
20
-76.9318099999999987
11
45.1769059999999953
21
-76.9351920000000007
0
LINE
8
BLACK
6
CONTINUOUS
10
45.1769059999999953
20
-76.9351920000000007
11
45.1732459999999989
21
-76.9367069999999984
0
LINE
8
BLACK
6
CONTINUOUS
10
45.1732459999999989
20
-76.9367069999999984
11
45.1606529999999964
21
-76.944634999999991
0
LINE
8
BLACK
6
CONTINUOUS
10
45.1606529999999964
20
-76.944634999999991
11
45.017795999999997
21
-77.0160640000000001
0
LINE
8
BLACK
6
CONTINUOUS
10
45.017795999999997
20
-77.0160640000000001
11
44.9903329999999997
21
-77.0265729999999991
0
LINE
8
BLACK
6
CONTINUOUS
10
44.9903329999999997
20
-77.0265729999999991
11
44.931953
21
-77.0307219999999973
0
LINE
8
BLACK
6
CONTINUOUS
10
44.931953
20
-77.0307219999999973
11
44.8764299999999992
21
-77.0122149999999976
0
LINE
8
BLACK
6
CONTINUOUS
10
44.8764299999999992
20
-77.0122149999999976
11
44.8322149999999979
21
-76.973867999999996
0
LINE
8
BLACK
6
CONTINUOUS
10
44.8322149999999979
20
-76.973867999999996
11
44.8060410000000005
21
-76.9215190000000035
0
LINE
8
BLACK
6
CONTINUOUS
10
44.8060410000000005
20
-76.9215190000000035
11
44.8018919999999952
21
-76.8631389999999897
0
LINE
8
BLACK
6
CONTINUOUS
10
44.8018919999999952
20
-76.8631389999999897
11
44.8203989999999948
21
-76.8076159999999959
0
LINE
8
BLACK
6
CONTINUOUS
10
44.8203989999999948
20
-76.8076159999999959
11
44.8587459999999965
21
-76.7634010000000018
0
LINE
8
BLACK
6
CONTINUOUS
10
44.8587459999999965
20
-76.7634010000000018
11
44.8836319999999986
21
-76.7477360000000033
0
LINE
8
BLACK
6
CONTINUOUS
10
44.8836319999999986
20
-76.7477360000000033
11
45.0047169999999994
21
-76.687191999999996
0
LINE
8
BLACK
6
CONTINUOUS
10
45.0047169999999994
20
-76.687191999999996
11
45.1198580000000007
21
-76.5720510000000019
0
LINE
8
BLACK
6
CONTINUOUS
10
45.1198580000000007
20
-76.5720510000000019
11
45.2544779999999989
21
-76.3701229999999924
0
LINE
8
BLACK
6
CONTINUOUS
10
45.2544779999999989
20
-76.3701229999999924
11
45.2545439999999957
21
-76.370041999999998
0
LINE
8
BLACK
6
CONTINUOUS
10
45.2545439999999957
20
-76.370041999999998
11
45.2545649999999995
21
-76.3699919999999963
0
LINE
8
BLACK
6
CONTINUOUS
10
45.2545649999999995
20
-76.3699919999999963
11
45.2546759999999963
21
-76.3698799999999949
0
LINE
8
BLACK
6
CONTINUOUS
10
45.2546759999999963
20
-76.3698799999999949
11
45.2731080000000006
21
-76.3473719999999929
0
LINE
8
BLACK
6
CONTINUOUS
10
45.2731080000000006
20
-76.3473719999999929
11
45.2854499999999973
21
-76.339106000000001
0
LINE
8
BLACK
6
CONTINUOUS
10
45.2854499999999973
20
-76.339106000000001
11
45.2959490000000002
21
-76.3286080000000027
0
LINE
8
BLACK
6
CONTINUOUS
10
45.2959490000000002
20
-76.3286080000000027
11
45.3095250000000007
21
-76.3229839999999911
0
LINE
8
BLACK
6
CONTINUOUS
10
45.3095250000000007
20
-76.3229839999999911
11
45.3217379999999963
21
-76.3148059999999901
0
LINE
8
BLACK
6
CONTINUOUS
10
45.3217379999999963
20
-76.3148059999999901
11
45.3362989999999968
21
-76.3118929999999978
0
LINE
8
BLACK
6
CONTINUOUS
10
45.3362989999999968
20
-76.3118929999999978
11
45.3500209999999981
21
-76.306209999999993
0
LINE
8
BLACK
6
CONTINUOUS
10
45.3500209999999981
20
-76.306209999999993
11
45.3647179999999963
21
-76.306209999999993
0
LINE
8
BLACK
6
CONTINUOUS
10
45.3647179999999963
20
-76.306209999999993
11
45.3791280000000015
21
-76.3033279999999934
0
LINE
8
BLACK
6
CONTINUOUS
10
45.3791280000000015
20
-76.3033279999999934
11
45.3936980000000005
21
-76.306209999999993
0
LINE
8
BLACK
6
CONTINUOUS
10
42.6942639999999969
20
-76.306209999999993
11
42.6992440000000002
21
-76.3082729999999998
0
LINE
8
BLACK
6
CONTINUOUS
10
42.6992440000000002
20
-76.3082729999999998
11
42.704619000000001
21
-76.3086550000000017
0
LINE
8
BLACK
6
CONTINUOUS
10
42.704619000000001
20
-76.3086550000000017
11
42.7320819999999983
21
-76.3191640000000007
0
LINE
8
BLACK
6
CONTINUOUS
10
42.7320819999999983
20
-76.3191640000000007
11
42.8749389999999977
21
-76.3905929999999955
0
LINE
8
BLACK
6
CONTINUOUS
10
42.8749389999999977
20
-76.3905929999999955
11
42.8875339999999952
21
-76.3985210000000023
0
LINE
8
BLACK
6
CONTINUOUS
10
42.8875339999999952
20
-76.3985210000000023
11
42.8911909999999992
21
-76.4000360000000001
0
LINE
8
BLACK
6
CONTINUOUS
10
42.8911909999999992
20
-76.4000360000000001
11
42.895308
21
-76.4034149999999954
0
LINE
8
BLACK
6
CONTINUOUS
10
42.895308
20
-76.4034149999999954
11
42.8998249999999999
21
-76.406257999999994
0
LINE
8
BLACK
6
CONTINUOUS
10
42.8998249999999999
20
-76.406257999999994
11
42.9024220000000014
21
-76.4092519999999951
0
LINE
8
BLACK
6
CONTINUOUS
10
42.9024220000000014
20
-76.4092519999999951
11
42.9139219999999995
21
-76.418689999999998
0
LINE
8
BLACK
6
CONTINUOUS
10
42.9139219999999995
20
-76.418689999999998
11
42.9853510000000014
21
-76.4901179999999954
0
LINE
8
BLACK
6
CONTINUOUS
10
42.9853510000000014
20
-76.4901179999999954
11
42.9947930000000014
21
-76.501622999999995
0
LINE
8
BLACK
6
CONTINUOUS
10
42.9947930000000014
20
-76.501622999999995
11
42.9977850000000004
21
-76.5042179999999945
0
LINE
8
BLACK
6
CONTINUOUS
10
42.9977850000000004
20
-76.5042179999999945
11
43.0006239999999949
21
-76.5087279999999907
0
LINE
8
BLACK
6
CONTINUOUS
10
43.0006239999999949
20
-76.5087279999999907
11
43.0040059999999968
21
-76.5128490000000028
0
LINE
8
BLACK
6
CONTINUOUS
10
43.0040059999999968
20
-76.5128490000000028
11
43.0055209999999946
21
-76.5165080000000017
0
LINE
8
BLACK
6
CONTINUOUS
10
43.0055209999999946
20
-76.5165080000000017
11
43.0134499999999989
21
-76.5291029999999921
0
LINE
8
BLACK
6
CONTINUOUS
10
43.0134499999999989
20
-76.5291029999999921
11
43.0848779999999962
21
-76.671960999999996
0
LINE
8
BLACK
6
CONTINUOUS
10
43.0848779999999962
20
-76.671960999999996
11
43.0953879999999998
21
-76.6994239999999934
0
LINE
8
BLACK
6
CONTINUOUS
10
43.0953879999999998
20
-76.6994239999999934
11
43.0957689999999971
21
-76.7047989999999942
0
LINE
8
BLACK
6
CONTINUOUS
10
43.0957689999999971
20
-76.7047989999999942
11
43.0978319999999968
21
-76.709778
0
LINE
8
BLACK
6
CONTINUOUS
10
43.0978319999999968
20
-76.709778
11
43.1007139999999964
21
-76.7390419999999978
0
LINE
8
BLACK
6
CONTINUOUS
10
43.1007139999999964
20
-76.7390419999999978
11
43.1007139999999964
21
-76.9533279999999991
0
LINE
8
BLACK
6
CONTINUOUS
10
43.1007139999999964
20
-76.9533279999999991
11
43.0978319999999968
21
-76.9825919999999968
0
LINE
8
BLACK
6
CONTINUOUS
10
43.0978319999999968
20
-76.9825919999999968
11
43.0957689999999971
21
-76.987569999999991
0
LINE
8
BLACK
6
CONTINUOUS
10
43.0957689999999971
20
-76.987569999999991
11
43.0953879999999998
21
-76.9929460000000034
0
LINE
8
BLACK
6
CONTINUOUS
10
43.0953879999999998
20
-76.9929460000000034
11
43.0848779999999962
21
-77.0204090000000008
0
LINE
8
BLACK
6
CONTINUOUS
10
43.0848779999999962
20
-77.0204090000000008
11
43.0134499999999989
21
-77.1632669999999905
0
LINE
8
BLACK
6
CONTINUOUS
10
43.0134499999999989
20
-77.1632669999999905
11
43.0055229999999966
21
-77.175857999999991
0
LINE
8
BLACK
6
CONTINUOUS
10
43.0055229999999966
20
-77.175857999999991
11
43.0040070000000014
21
-77.1795199999999966
0
LINE
8
BLACK
6
CONTINUOUS
10
43.0040070000000014
20
-77.1795199999999966
11
43.0006229999999974
21
-77.1836419999999919
0
LINE
8
BLACK
6
CONTINUOUS
10
43.0006229999999974
20
-77.1836419999999919
11
42.9977850000000004
21
-77.1881520000000023
0
LINE
8
BLACK
6
CONTINUOUS
10
42.9977850000000004
20
-77.1881520000000023
11
42.9947930000000014
21
-77.1907459999999901
0
LINE
8
BLACK
6
CONTINUOUS
10
42.9947930000000014
20
-77.1907459999999901
11
42.9853519999999989
21
-77.2022509999999897
0
LINE
8
BLACK
6
CONTINUOUS
10
42.9853519999999989
20
-77.2022509999999897
11
42.9139229999999969
21
-77.2736799999999988
0
LINE
8
BLACK
6
CONTINUOUS
10
42.9139229999999969
20
-77.2736799999999988
11
42.9024209999999968
21
-77.2831189999999992
0
LINE
8
BLACK
6
CONTINUOUS
10
42.9024209999999968
20
-77.2831189999999992
11
42.8998249999999999
21
-77.2861130000000003
0
LINE
8
BLACK
6
CONTINUOUS
10
42.8998249999999999
20
-77.2861130000000003
11
42.8953109999999995
21
-77.2889529999999922
0
LINE
8
BLACK
6
CONTINUOUS
10
42.8953109999999995
20
-77.2889529999999922
11
42.8911919999999967
21
-77.2923349999999942
0
LINE
8
BLACK
6
CONTINUOUS
10
42.8911919999999967
20
-77.2923349999999942
11
42.8875320000000002
21
-77.293849999999992
0
LINE
8
BLACK
6
CONTINUOUS
10
42.8875320000000002
20
-77.293849999999992
11
42.8749389999999977
21
-77.3017779999999988
0
LINE
8
BLACK
6
CONTINUOUS
10
42.8749389999999977
20
-77.3017779999999988
11
42.7320819999999983
21
-77.3732059999999962
0
LINE
8
BLACK
6
CONTINUOUS
10
42.7320819999999983
20
-77.3732059999999962
11
42.7286469999999952
21
-77.3745199999999897
0
LINE
8
BLACK
6
CONTINUOUS
10
42.7286469999999952
20
-77.3745199999999897
11
43.0735990000000015
21
-77.8673089999999917
0
LINE
8
BLACK
6
CONTINUOUS
10
43.0735990000000015
20
-77.8673089999999917
11
43.0880200000000002
21
-77.8929349999999943
0
LINE
8
BLACK
6
CONTINUOUS
10
43.0880200000000002
20
-77.8929349999999943
11
43.1006789999999995
21
-77.9500769999999932
0
LINE
8
BLACK
6
CONTINUOUS
10
43.1006789999999995
20
-77.9500769999999932
11
43.0905079999999998
21
-78.0077129999999954
0
LINE
8
BLACK
6
CONTINUOUS
10
43.0905079999999998
20
-78.0077129999999954
11
43.0590550000000007
21
-78.057069999999996
0
LINE
8
BLACK
6
CONTINUOUS
10
43.0590550000000007
20
-78.057069999999996
11
43.0111069999999955
21
-78.0906339999999943
0
LINE
8
BLACK
6
CONTINUOUS
10
43.0111069999999955
20
-78.0906339999999943
11
42.9539649999999966
21
-78.1032929999999936
0
LINE
8
BLACK
6
CONTINUOUS
10
42.9539649999999966
20
-78.1032929999999936
11
42.8963290000000015
21
-78.0931219999999939
0
LINE
8
BLACK
6
CONTINUOUS
10
42.8963290000000015
20
-78.0931219999999939
11
42.8469720000000009
21
-78.0616689999999949
0
LINE
8
BLACK
6
CONTINUOUS
10
42.8469720000000009
20
-78.0616689999999949
11
42.8278290000000013
21
-78.0393469999999922
0
LINE
8
BLACK
6
CONTINUOUS
10
42.8278290000000013
20
-78.0393469999999922
11
42.3726160000000007
21
-77.3890420000000034
0
LINE
8
BLACK
6
CONTINUOUS
10
42.3726160000000007
20
-77.3890420000000034
11
42.2435709999999958
21
-77.3890420000000034
0
LINE
8
BLACK
6
CONTINUOUS
10
42.2435709999999958
20
-77.3890420000000034
11
42.2435709999999958
21
-77.9533279999999991
0
LINE
8
BLACK
6
CONTINUOUS
10
42.2435709999999958
20
-77.9533279999999991
11
42.2406889999999962
21
-77.9825919999999968
0
LINE
8
BLACK
6
CONTINUOUS
10
42.2406889999999962
20
-77.9825919999999968
11
42.2182910000000007
21
-78.0366640000000018
0
LINE
8
BLACK
6
CONTINUOUS
10
42.2182910000000007
20
-78.0366640000000018
11
42.1769069999999999
21
-78.0780479999999955
0
LINE
8
BLACK
6
CONTINUOUS
10
42.1769069999999999
20
-78.0780479999999955
11
42.1228349999999949
21
-78.1004459999999909
0
LINE
8
BLACK
6
CONTINUOUS
10
42.1228349999999949
20
-78.1004459999999909
11
42.0643069999999994
21
-78.1004459999999909
0
LINE
8
BLACK
6
CONTINUOUS
10
42.0643069999999994
20
-78.1004459999999909
11
42.0102350000000015
21
-78.0780479999999955
0
LINE
8
BLACK
6
CONTINUOUS
10
42.0102350000000015
20
-78.0780479999999955
11
41.9688510000000008
21
-78.0366640000000018
0
LINE
8
BLACK
6
CONTINUOUS
10
41.9688510000000008
20
-78.0366640000000018
11
41.9464529999999982
21
-77.9825919999999968
0
LINE
8
BLACK
6
CONTINUOUS
10
41.9464529999999982
20
-77.9825919999999968
11
41.9435709999999986
21
-77.9533279999999991
0
LINE
8
BLACK
6
CONTINUOUS
10
41.9435709999999986
20
-77.9533279999999991
11
41.9435709999999986
21
-76.4533279999999991
0
LINE
8
BLACK
6
CONTINUOUS
10
41.9435709999999986
20
-76.4533279999999991
11
41.9464529999999982
21
-76.4240640000000013
0
LINE
8
BLACK
6
CONTINUOUS
10
41.9464529999999982
20
-76.4240640000000013
11
41.9688510000000008
21
-76.3699919999999963
0
LINE
8
BLACK
6
CONTINUOUS
10
41.9688510000000008
20
-76.3699919999999963
11
42.0102350000000015
21
-76.3286080000000027
0
LINE
8
BLACK
6
CONTINUOUS
10
42.0102350000000015
20
-76.3286080000000027
11
42.0643069999999994
21
-76.306209999999993
0
LINE
8
BLACK
6
CONTINUOUS
10
42.0643069999999994
20
-76.306209999999993
11
42.0935709999999972
21
-76.3033279999999934
0
LINE
8
BLACK
6
CONTINUOUS
10
42.0935709999999972
20
-76.3033279999999934
11
42.6649999999999991
21
-76.3033279999999934
0
LINE
8
BLACK
6
CONTINUOUS
10
42.6649999999999991
20
-76.3033279999999934
11
42.6942639999999969
21
-76.306209999999993
0
LINE
8
BLACK
6
CONTINUOUS
10
42.2435709999999958
20
-77.0890419999999921
11
42.6295900000000003
21
-77.0890419999999921
0
LINE
8
BLACK
6
CONTINUOUS
10
42.6295900000000003
20
-77.0890419999999921
11
42.7190019999999961
21
-77.0443360000000013
0
LINE
8
BLACK
6
CONTINUOUS
10
42.7190019999999961
20
-77.0443360000000013
11
42.7560069999999968
21
-77.0073309999999935
0
LINE
8
BLACK
6
CONTINUOUS
10
42.7560069999999968
20
-77.0073309999999935
11
42.8007139999999993
21
-76.9179180000000002
0
LINE
8
BLACK
6
CONTINUOUS
10
42.8007139999999993
20
-76.9179180000000002
11
42.8007139999999993
21
-76.7744509999999991
0
LINE
8
BLACK
6
CONTINUOUS
10
42.8007139999999993
20
-76.7744509999999991
11
42.7560080000000013
21
-76.6850390000000033
0
LINE
8
BLACK
6
CONTINUOUS
10
42.7560080000000013
20
-76.6850390000000033
11
42.7190039999999982
21
-76.648034999999993
0
LINE
8
BLACK
6
CONTINUOUS
10
42.7190039999999982
20
-76.648034999999993
11
42.6295900000000003
21
-76.6033279999999905
0
LINE
8
BLACK
6
CONTINUOUS
10
42.6295900000000003
20
-76.6033279999999905
11
42.2435709999999958
21
-76.6033279999999905
0
LINE
8
BLACK
6
CONTINUOUS
10
42.2435709999999958
20
-76.6033279999999905
11
42.2435709999999958
21
-77.0890419999999921
0
LINE
8
BLACK
6
CONTINUOUS
10
62.4222279999999969
20
-75.2344480000000004
11
62.5671169999999961
21
-75.2944629999999933
0
LINE
8
BLACK
6
CONTINUOUS
10
62.5671169999999961
20
-75.2944629999999933
11
62.6975149999999957
21
-75.3815919999999977
0
LINE
8
BLACK
6
CONTINUOUS
10
62.6975149999999957
20
-75.3815919999999977
11
62.808408
21
-75.4924850000000021
0
LINE
8
BLACK
6
CONTINUOUS
10
62.808408
20
-75.4924850000000021
11
62.8955369999999974
21
-75.6228830000000016
0
LINE
8
BLACK
6
CONTINUOUS
10
62.8955369999999974
20
-75.6228830000000016
11
62.9555519999999973
21
-75.7677719999999937
0
LINE
8
BLACK
6
CONTINUOUS
10
62.9555519999999973
20
-75.7677719999999937
11
62.986148
21
-75.9215859999999907
0
LINE
8
BLACK
6
CONTINUOUS
10
62.986148
20
-75.9215859999999907
11
62.986148
21
-76.0784139999999951
0
LINE
8
BLACK
6
CONTINUOUS
10
62.986148
20
-76.0784139999999951
11
62.9555519999999973
21
-76.2322279999999921
0
LINE
8
BLACK
6
CONTINUOUS
10
62.9555519999999973
20
-76.2322279999999921
11
62.8955369999999974
21
-76.3771169999999984
0
LINE
8
BLACK
6
CONTINUOUS
10
62.8955369999999974
20
-76.3771169999999984
11
62.808408
21
-76.5075149999999979
0
LINE
8
BLACK
6
CONTINUOUS
10
62.808408
20
-76.5075149999999979
11
62.6975149999999957
21
-76.6184080000000023
0
LINE
8
BLACK
6
CONTINUOUS
10
62.6975149999999957
20
-76.6184080000000023
11
62.5671169999999961
21
-76.7055369999999925
0
LINE
8
BLACK
6
CONTINUOUS
10
62.5671169999999961
20
-76.7055369999999925
11
62.4222279999999969
21
-76.7655519999999996
0
LINE
8
BLACK
6
CONTINUOUS
10
62.4222279999999969
20
-76.7655519999999996
11
62.2684139999999999
21
-76.7961480000000023
0
LINE
8
BLACK
6
CONTINUOUS
10
62.2684139999999999
20
-76.7961480000000023
11
62.1115859999999955
21
-76.7961480000000023
0
LINE
8
BLACK
6
CONTINUOUS
10
62.1115859999999955
20
-76.7961480000000023
11
61.9577719999999985
21
-76.7655519999999996
0
LINE
8
BLACK
6
CONTINUOUS
10
61.9577719999999985
20
-76.7655519999999996
11
61.8128829999999994
21
-76.7055369999999925
0
LINE
8
BLACK
6
CONTINUOUS
10
61.8128829999999994
20
-76.7055369999999925
11
61.6824849999999998
21
-76.6184080000000023
0
LINE
8
BLACK
6
CONTINUOUS
10
61.6824849999999998
20
-76.6184080000000023
11
61.5715919999999954
21
-76.5075149999999979
0
LINE
8
BLACK
6
CONTINUOUS
10
61.5715919999999954
20
-76.5075149999999979
11
61.4844629999999981
21
-76.3771169999999984
0
LINE
8
BLACK
6
CONTINUOUS
10
61.4844629999999981
20
-76.3771169999999984
11
61.4244479999999982
21
-76.2322279999999921
0
LINE
8
BLACK
6
CONTINUOUS
10
61.4244479999999982
20
-76.2322279999999921
11
61.3938519999999954
21
-76.0784139999999951
0
LINE
8
BLACK
6
CONTINUOUS
10
61.3938519999999954
20
-76.0784139999999951
11
61.3938519999999954
21
-75.9215859999999907
0
LINE
8
BLACK
6
CONTINUOUS
10
61.3938519999999954
20
-75.9215859999999907
11
61.4244479999999982
21
-75.7677719999999937
0
LINE
8
BLACK
6
CONTINUOUS
10
61.4244479999999982
20
-75.7677719999999937
11
61.4844629999999981
21
-75.6228830000000016
0
LINE
8
BLACK
6
CONTINUOUS
10
61.4844629999999981
20
-75.6228830000000016
11
61.5715919999999954
21
-75.4924850000000021
0
LINE
8
BLACK
6
CONTINUOUS
10
61.5715919999999954
20
-75.4924850000000021
11
61.6824849999999998
21
-75.3815919999999977
0
LINE
8
BLACK
6
CONTINUOUS
10
61.6824849999999998
20
-75.3815919999999977
11
61.8128829999999994
21
-75.2944629999999933
0
LINE
8
BLACK
6
CONTINUOUS
10
61.8128829999999994
20
-75.2944629999999933
11
61.9577719999999985
21
-75.2344480000000004
0
LINE
8
BLACK
6
CONTINUOUS
10
61.9577719999999985
20
-75.2344480000000004
11
62.1115859999999955
21
-75.2038519999999977
0
LINE
8
BLACK
6
CONTINUOUS
10
62.1115859999999955
20
-75.2038519999999977
11
62.2684139999999999
21
-75.2038519999999977
0
LINE
8
BLACK
6
CONTINUOUS
10
62.2684139999999999
20
-75.2038519999999977
11
62.4222279999999969
21
-75.2344480000000004
0
LINE
8
BLACK
6
CONTINUOUS
10
70.0422279999999944
20
-75.2344480000000004
11
70.1871170000000006
21
-75.2944629999999933
0
LINE
8
BLACK
6
CONTINUOUS
10
70.1871170000000006
20
-75.2944629999999933
11
70.3175150000000002
21
-75.3815919999999977
0
LINE
8
BLACK
6
CONTINUOUS
10
70.3175150000000002
20
-75.3815919999999977
11
70.4284079999999904
21
-75.4924850000000021
0
LINE
8
BLACK
6
CONTINUOUS
10
70.4284079999999904
20
-75.4924850000000021
11
70.5155369999999948
21
-75.6228830000000016
0
LINE
8
BLACK
6
CONTINUOUS
10
70.5155369999999948
20
-75.6228830000000016
11
70.5755520000000018
21
-75.7677719999999937
0
LINE
8
BLACK
6
CONTINUOUS
10
70.5755520000000018
20
-75.7677719999999937
11
70.6061479999999904
21
-75.9215859999999907
0
LINE
8
BLACK
6
CONTINUOUS
10
70.6061479999999904
20
-75.9215859999999907
11
70.6061479999999904
21
-76.0784139999999951
0
LINE
8
BLACK
6
CONTINUOUS
10
70.6061479999999904
20
-76.0784139999999951
11
70.5755520000000018
21
-76.2322279999999921
0
LINE
8
BLACK
6
CONTINUOUS
10
70.5755520000000018
20
-76.2322279999999921
11
70.5155369999999948
21
-76.3771169999999984
0
LINE
8
BLACK
6
CONTINUOUS
10
70.5155369999999948
20
-76.3771169999999984
11
70.4284079999999904
21
-76.5075149999999979
0
LINE
8
BLACK
6
CONTINUOUS
10
70.4284079999999904
20
-76.5075149999999979
11
70.3175150000000002
21
-76.6184080000000023
0
LINE
8
BLACK
6
CONTINUOUS
10
70.3175150000000002
20
-76.6184080000000023
11
70.1871170000000006
21
-76.7055369999999925
0
LINE
8
BLACK
6
CONTINUOUS
10
70.1871170000000006
20
-76.7055369999999925
11
70.0422279999999944
21
-76.7655519999999996
0
LINE
8
BLACK
6
CONTINUOUS
10
70.0422279999999944
20
-76.7655519999999996
11
69.8884139999999974
21
-76.7961480000000023
0
LINE
8
BLACK
6
CONTINUOUS
10
69.8884139999999974
20
-76.7961480000000023
11
69.731585999999993
21
-76.7961480000000023
0
LINE
8
BLACK
6
CONTINUOUS
10
69.731585999999993
20
-76.7961480000000023
11
69.577771999999996
21
-76.7655519999999996
0
LINE
8
BLACK
6
CONTINUOUS
10
69.577771999999996
20
-76.7655519999999996
11
69.4328830000000039
21
-76.7055369999999925
0
LINE
8
BLACK
6
CONTINUOUS
10
69.4328830000000039
20
-76.7055369999999925
11
69.3024849999999901
21
-76.6184080000000023
0
LINE
8
BLACK
6
CONTINUOUS
10
69.3024849999999901
20
-76.6184080000000023
11
69.191592
21
-76.5075149999999979
0
LINE
8
BLACK
6
CONTINUOUS
10
69.191592
20
-76.5075149999999979
11
69.1044629999999955
21
-76.3771169999999984
0
LINE
8
BLACK
6
CONTINUOUS
10
69.1044629999999955
20
-76.3771169999999984
11
69.0444480000000027
21
-76.2322279999999921
0
LINE
8
BLACK
6
CONTINUOUS
10
69.0444480000000027
20
-76.2322279999999921
11
69.013852
21
-76.0784139999999951
0
LINE
8
BLACK
6
CONTINUOUS
10
69.013852
20
-76.0784139999999951
11
69.013852
21
-75.9215859999999907
0
LINE
8
BLACK
6
CONTINUOUS
10
69.013852
20
-75.9215859999999907
11
69.0444480000000027
21
-75.7677719999999937
0
LINE
8
BLACK
6
CONTINUOUS
10
69.0444480000000027
20
-75.7677719999999937
11
69.1044629999999955
21
-75.6228830000000016
0
LINE
8
BLACK
6
CONTINUOUS
10
69.1044629999999955
20
-75.6228830000000016
11
69.191592
21
-75.4924850000000021
0
LINE
8
BLACK
6
CONTINUOUS
10
69.191592
20
-75.4924850000000021
11
69.3024849999999901
21
-75.3815919999999977
0
LINE
8
BLACK
6
CONTINUOUS
10
69.3024849999999901
20
-75.3815919999999977
11
69.4328830000000039
21
-75.2944629999999933
0
LINE
8
BLACK
6
CONTINUOUS
10
69.4328830000000039
20
-75.2944629999999933
11
69.577771999999996
21
-75.2344480000000004
0
LINE
8
BLACK
6
CONTINUOUS
10
69.577771999999996
20
-75.2344480000000004
11
69.731585999999993
21
-75.2038519999999977
0
LINE
8
BLACK
6
CONTINUOUS
10
69.731585999999993
20
-75.2038519999999977
11
69.8884139999999974
21
-75.2038519999999977
0
LINE
8
BLACK
6
CONTINUOUS
10
69.8884139999999974
20
-75.2038519999999977
11
70.0422279999999944
21
-75.2344480000000004
0
LINE
8
BLACK
6
CONTINUOUS
10
82.6684139999999985
20
-75.013852
11
82.8222279999999955
21
-75.0444480000000027
0
LINE
8
BLACK
6
CONTINUOUS
10
82.8222279999999955
20
-75.0444480000000027
11
82.9671170000000018
21
-75.1044629999999955
0
LINE
8
BLACK
6
CONTINUOUS
10
82.9671170000000018
20
-75.1044629999999955
11
83.0975150000000014
21
-75.191592
0
LINE
8
BLACK
6
CONTINUOUS
10
83.0975150000000014
20
-75.191592
11
83.2084079999999915
21
-75.3024849999999901
0
LINE
8
BLACK
6
CONTINUOUS
10
83.2084079999999915
20
-75.3024849999999901
11
83.2955369999999959
21
-75.4328829999999897
0
LINE
8
BLACK
6
CONTINUOUS
10
83.2955369999999959
20
-75.4328829999999897
11
83.355552000000003
21
-75.577771999999996
0
LINE
8
BLACK
6
CONTINUOUS
10
83.355552000000003
20
-75.577771999999996
11
83.3861479999999915
21
-75.731585999999993
0
LINE
8
BLACK
6
CONTINUOUS
10
83.3861479999999915
20
-75.731585999999993
11
83.3861479999999915
21
-75.8884139999999974
0
LINE
8
BLACK
6
CONTINUOUS
10
83.3861479999999915
20
-75.8884139999999974
11
83.355552000000003
21
-76.0422279999999944
0
LINE
8
BLACK
6
CONTINUOUS
10
83.355552000000003
20
-76.0422279999999944
11
83.2955369999999959
21
-76.1871170000000006
0
LINE
8
BLACK
6
CONTINUOUS
10
83.2955369999999959
20
-76.1871170000000006
11
83.2084079999999915
21
-76.3175150000000002
0
LINE
8
BLACK
6
CONTINUOUS
10
83.2084079999999915
20
-76.3175150000000002
11
83.0975150000000014
21
-76.4284079999999904
0
LINE
8
BLACK
6
CONTINUOUS
10
83.0975150000000014
20
-76.4284079999999904
11
82.9671170000000018
21
-76.5155369999999948
0
LINE
8
BLACK
6
CONTINUOUS
10
82.9671170000000018
20
-76.5155369999999948
11
82.8222279999999955
21
-76.5755520000000018
0
LINE
8
BLACK
6
CONTINUOUS
10
82.8222279999999955
20
-76.5755520000000018
11
82.6684139999999985
21
-76.6061479999999904
0
LINE
8
BLACK
6
CONTINUOUS
10
82.6684139999999985
20
-76.6061479999999904
11
82.5899999999999892
21
-76.6099999999999994
0
LINE
8
BLACK
6
CONTINUOUS
10
82.5899999999999892
20
-76.6099999999999994
11
81.789999999999992
21
-76.6099999999999994
0
LINE
8
BLACK
6
CONTINUOUS
10
81.789999999999992
20
-76.6099999999999994
11
81.7115859999999969
21
-76.6061479999999904
0
LINE
8
BLACK
6
CONTINUOUS
10
81.7115859999999969
20
-76.6061479999999904
11
81.5577719999999999
21
-76.5755520000000018
0
LINE
8
BLACK
6
CONTINUOUS
10
81.5577719999999999
20
-76.5755520000000018
11
81.4128829999999937
21
-76.5155369999999948
0
LINE
8
BLACK
6
CONTINUOUS
10
81.4128829999999937
20
-76.5155369999999948
11
81.2824849999999941
21
-76.4284079999999904
0
LINE
8
BLACK
6
CONTINUOUS
10
81.2824849999999941
20
-76.4284079999999904
11
81.1715919999999898
21
-76.3175150000000002
0
LINE
8
BLACK
6
CONTINUOUS
10
81.1715919999999898
20
-76.3175150000000002
11
81.0844629999999995
21
-76.1871170000000006
0
LINE
8
BLACK
6
CONTINUOUS
10
81.0844629999999995
20
-76.1871170000000006
11
81.0244479999999925
21
-76.0422279999999944
0
LINE
8
BLACK
6
CONTINUOUS
10
81.0244479999999925
20
-76.0422279999999944
11
80.9938519999999897
21
-75.8884139999999974
0
LINE
8
BLACK
6
CONTINUOUS
10
80.9938519999999897
20
-75.8884139999999974
11
80.9938519999999897
21
-75.731585999999993
0
LINE
8
BLACK
6
CONTINUOUS
10
80.9938519999999897
20
-75.731585999999993
11
81.0244479999999925
21
-75.577771999999996
0
LINE
8
BLACK
6
CONTINUOUS
10
81.0244479999999925
20
-75.577771999999996
11
81.0844629999999995
21
-75.4328829999999897
0
LINE
8
BLACK
6
CONTINUOUS
10
81.0844629999999995
20
-75.4328829999999897
11
81.1715919999999898
21
-75.3024849999999901
0
LINE
8
BLACK
6
CONTINUOUS
10
81.1715919999999898
20
-75.3024849999999901
11
81.2824849999999941
21
-75.191592
0
LINE
8
BLACK
6
CONTINUOUS
10
81.2824849999999941
20
-75.191592
11
81.4128829999999937
21
-75.1044629999999955
0
LINE
8
BLACK
6
CONTINUOUS
10
81.4128829999999937
20
-75.1044629999999955
11
81.5577719999999999
21
-75.0444480000000027
0
LINE
8
BLACK
6
CONTINUOUS
10
81.5577719999999999
20
-75.0444480000000027
11
81.7115859999999969
21
-75.013852
0
LINE
8
BLACK
6
CONTINUOUS
10
81.7115859999999969
20
-75.013852
11
81.789999999999992
21
-75.0099999999999909
0
LINE
8
BLACK
6
CONTINUOUS
10
81.789999999999992
20
-75.0099999999999909
11
82.5899999999999892
21
-75.0099999999999909
0
LINE
8
BLACK
6
CONTINUOUS
10
82.5899999999999892
20
-75.0099999999999909
11
82.6684139999999985
21
-75.013852
0
LINE
8
BLACK
6
CONTINUOUS
10
82.6684139999999985
20
-72.4738519999999937
11
82.8222279999999955
21
-72.5044479999999965
0
LINE
8
BLACK
6
CONTINUOUS
10
82.8222279999999955
20
-72.5044479999999965
11
82.9671170000000018
21
-72.5644630000000035
0
LINE
8
BLACK
6
CONTINUOUS
10
82.9671170000000018
20
-72.5644630000000035
11
83.0975150000000014
21
-72.6515919999999937
0
LINE
8
BLACK
6
CONTINUOUS
10
83.0975150000000014
20
-72.6515919999999937
11
83.2084079999999915
21
-72.7624849999999981
0
LINE
8
BLACK
6
CONTINUOUS
10
83.2084079999999915
20
-72.7624849999999981
11
83.2955369999999959
21
-72.8928829999999977
0
LINE
8
BLACK
6
CONTINUOUS
10
83.2955369999999959
20
-72.8928829999999977
11
83.355552000000003
21
-73.0377719999999897
0
LINE
8
BLACK
6
CONTINUOUS
10
83.355552000000003
20
-73.0377719999999897
11
83.3861479999999915
21
-73.1915860000000009
0
LINE
8
BLACK
6
CONTINUOUS
10
83.3861479999999915
20
-73.1915860000000009
11
83.3861479999999915
21
-73.3484139999999911
0
LINE
8
BLACK
6
CONTINUOUS
10
83.3861479999999915
20
-73.3484139999999911
11
83.355552000000003
21
-73.5022280000000023
0
LINE
8
BLACK
6
CONTINUOUS
10
83.355552000000003
20
-73.5022280000000023
11
83.2955369999999959
21
-73.6471169999999944
0
LINE
8
BLACK
6
CONTINUOUS
10
83.2955369999999959
20
-73.6471169999999944
11
83.2084079999999915
21
-73.777514999999994
0
LINE
8
BLACK
6
CONTINUOUS
10
83.2084079999999915
20
-73.777514999999994
11
83.0975150000000014
21
-73.8884079999999983
0
LINE
8
BLACK
6
CONTINUOUS
10
83.0975150000000014
20
-73.8884079999999983
11
82.9671170000000018
21
-73.9755370000000028
0
LINE
8
BLACK
6
CONTINUOUS
10
82.9671170000000018
20
-73.9755370000000028
11
82.8222279999999955
21
-74.0355519999999956
0
LINE
8
BLACK
6
CONTINUOUS
10
82.8222279999999955
20
-74.0355519999999956
11
82.6684139999999985
21
-74.0661479999999983
0
LINE
8
BLACK
6
CONTINUOUS
10
82.6684139999999985
20
-74.0661479999999983
11
82.5899999999999892
21
-74.0699999999999932
0
LINE
8
BLACK
6
CONTINUOUS
10
82.5899999999999892
20
-74.0699999999999932
11
81.789999999999992
21
-74.0699999999999932
0
LINE
8
BLACK
6
CONTINUOUS
10
81.789999999999992
20
-74.0699999999999932
11
81.7115859999999969
21
-74.0661479999999983
0
LINE
8
BLACK
6
CONTINUOUS
10
81.7115859999999969
20
-74.0661479999999983
11
81.5577719999999999
21
-74.0355519999999956
0
LINE
8
BLACK
6
CONTINUOUS
10
81.5577719999999999
20
-74.0355519999999956
11
81.4128829999999937
21
-73.9755370000000028
0
LINE
8
BLACK
6
CONTINUOUS
10
81.4128829999999937
20
-73.9755370000000028
11
81.2824849999999941
21
-73.8884079999999983
0
LINE
8
BLACK
6
CONTINUOUS
10
81.2824849999999941
20
-73.8884079999999983
11
81.1715919999999898
21
-73.777514999999994
0
LINE
8
BLACK
6
CONTINUOUS
10
81.1715919999999898
20
-73.777514999999994
11
81.0844629999999995
21
-73.6471169999999944
0
LINE
8
BLACK
6
CONTINUOUS
10
81.0844629999999995
20
-73.6471169999999944
11
81.0244479999999925
21
-73.5022280000000023
0
LINE
8
BLACK
6
CONTINUOUS
10
81.0244479999999925
20
-73.5022280000000023
11
80.9938519999999897
21
-73.3484139999999911
0
LINE
8
BLACK
6
CONTINUOUS
10
80.9938519999999897
20
-73.3484139999999911
11
80.9938519999999897
21
-73.1915860000000009
0
LINE
8
BLACK
6
CONTINUOUS
10
80.9938519999999897
20
-73.1915860000000009
11
81.0244479999999925
21
-73.0377719999999897
0
LINE
8
BLACK
6
CONTINUOUS
10
81.0244479999999925
20
-73.0377719999999897
11
81.0844629999999995
21
-72.8928829999999977
0
LINE
8
BLACK
6
CONTINUOUS
10
81.0844629999999995
20
-72.8928829999999977
11
81.1715919999999898
21
-72.7624849999999981
0
LINE
8
BLACK
6
CONTINUOUS
10
81.1715919999999898
20
-72.7624849999999981
11
81.2824849999999941
21
-72.6515919999999937
0
LINE
8
BLACK
6
CONTINUOUS
10
81.2824849999999941
20
-72.6515919999999937
11
81.4128829999999937
21
-72.5644630000000035
0
LINE
8
BLACK
6
CONTINUOUS
10
81.4128829999999937
20
-72.5644630000000035
11
81.5577719999999999
21
-72.5044479999999965
0
LINE
8
BLACK
6
CONTINUOUS
10
81.5577719999999999
20
-72.5044479999999965
11
81.7115859999999969
21
-72.4738519999999937
0
LINE
8
BLACK
6
CONTINUOUS
10
81.7115859999999969
20
-72.4738519999999937
11
81.789999999999992
21
-72.4699999999999989
0
LINE
8
BLACK
6
CONTINUOUS
10
81.789999999999992
20
-72.4699999999999989
11
82.5899999999999892
21
-72.4699999999999989
0
LINE
8
BLACK
6
CONTINUOUS
10
82.5899999999999892
20
-72.4699999999999989
11
82.6684139999999985
21
-72.4738519999999937
0
LINE
8
BLACK
6
CONTINUOUS
10
82.6684139999999985
20
-69.9338520000000017
11
82.8222279999999955
21
-69.9644479999999902
0
LINE
8
BLACK
6
CONTINUOUS
10
82.8222279999999955
20
-69.9644479999999902
11
82.9671170000000018
21
-70.0244629999999972
0
LINE
8
BLACK
6
CONTINUOUS
10
82.9671170000000018
20
-70.0244629999999972
11
83.0975150000000014
21
-70.1115920000000017
0
LINE
8
BLACK
6
CONTINUOUS
10
83.0975150000000014
20
-70.1115920000000017
11
83.2084079999999915
21
-70.2224849999999918
0
LINE
8
BLACK
6
CONTINUOUS
10
83.2084079999999915
20
-70.2224849999999918
11
83.2955369999999959
21
-70.3528829999999914
0
LINE
8
BLACK
6
CONTINUOUS
10
83.2955369999999959
20
-70.3528829999999914
11
83.355552000000003
21
-70.4977719999999977
0
LINE
8
BLACK
6
CONTINUOUS
10
83.355552000000003
20
-70.4977719999999977
11
83.3861479999999915
21
-70.6515859999999947
0
LINE
8
BLACK
6
CONTINUOUS
10
83.3861479999999915
20
-70.6515859999999947
11
83.3861479999999915
21
-70.8084139999999991
0
LINE
8
BLACK
6
CONTINUOUS
10
83.3861479999999915
20
-70.8084139999999991
11
83.355552000000003
21
-70.9622279999999961
0
LINE
8
BLACK
6
CONTINUOUS
10
83.355552000000003
20
-70.9622279999999961
11
83.2955369999999959
21
-71.1071170000000023
0
LINE
8
BLACK
6
CONTINUOUS
10
83.2955369999999959
20
-71.1071170000000023
11
83.2084079999999915
21
-71.2375150000000019
0
LINE
8
BLACK
6
CONTINUOUS
10
83.2084079999999915
20
-71.2375150000000019
11
83.0975150000000014
21
-71.3484079999999921
0
LINE
8
BLACK
6
CONTINUOUS
10
83.0975150000000014
20
-71.3484079999999921
11
82.9671170000000018
21
-71.4355369999999965
0
LINE
8
BLACK
6
CONTINUOUS
10
82.9671170000000018
20
-71.4355369999999965
11
82.8222279999999955
21
-71.4955520000000035
0
LINE
8
BLACK
6
CONTINUOUS
10
82.8222279999999955
20
-71.4955520000000035
11
82.6684139999999985
21
-71.5261479999999921
0
LINE
8
BLACK
6
CONTINUOUS
10
82.6684139999999985
20
-71.5261479999999921
11
82.5899999999999892
21
-71.5300000000000011
0
LINE
8
BLACK
6
CONTINUOUS
10
82.5899999999999892
20
-71.5300000000000011
11
81.789999999999992
21
-71.5300000000000011
0
LINE
8
BLACK
6
CONTINUOUS
10
81.789999999999992
20
-71.5300000000000011
11
81.7115859999999969
21
-71.5261479999999921
0
LINE
8
BLACK
6
CONTINUOUS
10
81.7115859999999969
20
-71.5261479999999921
11
81.5577719999999999
21
-71.4955520000000035
0
LINE
8
BLACK
6
CONTINUOUS
10
81.5577719999999999
20
-71.4955520000000035
11
81.4128829999999937
21
-71.4355369999999965
0
LINE
8
BLACK
6
CONTINUOUS
10
81.4128829999999937
20
-71.4355369999999965
11
81.2824849999999941
21
-71.3484079999999921
0
LINE
8
BLACK
6
CONTINUOUS
10
81.2824849999999941
20
-71.3484079999999921
11
81.1715919999999898
21
-71.2375150000000019
0
LINE
8
BLACK
6
CONTINUOUS
10
81.1715919999999898
20
-71.2375150000000019
11
81.0844629999999995
21
-71.1071170000000023
0
LINE
8
BLACK
6
CONTINUOUS
10
81.0844629999999995
20
-71.1071170000000023
11
81.0244479999999925
21
-70.9622279999999961
0
LINE
8
BLACK
6
CONTINUOUS
10
81.0244479999999925
20
-70.9622279999999961
11
80.9938519999999897
21
-70.8084139999999991
0
LINE
8
BLACK
6
CONTINUOUS
10
80.9938519999999897
20
-70.8084139999999991
11
80.9938519999999897
21
-70.6515859999999947
0
LINE
8
BLACK
6
CONTINUOUS
10
80.9938519999999897
20
-70.6515859999999947
11
81.0244479999999925
21
-70.4977719999999977
0
LINE
8
BLACK
6
CONTINUOUS
10
81.0244479999999925
20
-70.4977719999999977
11
81.0844629999999995
21
-70.3528829999999914
0
LINE
8
BLACK
6
CONTINUOUS
10
81.0844629999999995
20
-70.3528829999999914
11
81.1715919999999898
21
-70.2224849999999918
0
LINE
8
BLACK
6
CONTINUOUS
10
81.1715919999999898
20
-70.2224849999999918
11
81.2824849999999941
21
-70.1115920000000017
0
LINE
8
BLACK
6
CONTINUOUS
10
81.2824849999999941
20
-70.1115920000000017
11
81.4128829999999937
21
-70.0244629999999972
0
LINE
8
BLACK
6
CONTINUOUS
10
81.4128829999999937
20
-70.0244629999999972
11
81.5577719999999999
21
-69.9644479999999902
0
LINE
8
BLACK
6
CONTINUOUS
10
81.5577719999999999
20
-69.9644479999999902
11
81.7115859999999969
21
-69.9338520000000017
0
LINE
8
BLACK
6
CONTINUOUS
10
81.7115859999999969
20
-69.9338520000000017
11
81.789999999999992
21
-69.9299999999999926
0
LINE
8
BLACK
6
CONTINUOUS
10
81.789999999999992
20
-69.9299999999999926
11
82.5899999999999892
21
-69.9299999999999926
0
LINE
8
BLACK
6
CONTINUOUS
10
82.5899999999999892
20
-69.9299999999999926
11
82.6684139999999985
21
-69.9338520000000017
0
LINE
8
BLACK
6
CONTINUOUS
10
83.2356709999999964
20
-67.4090300000000013
11
83.3167770000000019
21
-67.4632229999999993
0
LINE
8
BLACK
6
CONTINUOUS
10
83.3167770000000019
20
-67.4632229999999993
11
83.3709699999999998
21
-67.5443289999999905
0
LINE
8
BLACK
6
CONTINUOUS
10
83.3709699999999998
20
-67.5443289999999905
11
83.3900000000000006
21
-67.6400000000000006
0
LINE
8
BLACK
6
CONTINUOUS
10
83.3900000000000006
20
-67.6400000000000006
11
83.3900000000000006
21
-68.7399999999999949
0
LINE
8
BLACK
6
CONTINUOUS
10
83.3900000000000006
20
-68.7399999999999949
11
83.3709699999999998
21
-68.8356709999999907
0
LINE
8
BLACK
6
CONTINUOUS
10
83.3709699999999998
20
-68.8356709999999907
11
83.3167770000000019
21
-68.9167769999999962
0
LINE
8
BLACK
6
CONTINUOUS
10
83.3167770000000019
20
-68.9167769999999962
11
83.2356709999999964
21
-68.9709699999999941
0
LINE
8
BLACK
6
CONTINUOUS
10
83.2356709999999964
20
-68.9709699999999941
11
83.1400000000000006
21
-68.9899999999999949
0
LINE
8
BLACK
6
CONTINUOUS
10
83.1400000000000006
20
-68.9899999999999949
11
81.2399999999999949
21
-68.9899999999999949
0
LINE
8
BLACK
6
CONTINUOUS
10
81.2399999999999949
20
-68.9899999999999949
11
81.144328999999999
21
-68.9709699999999941
0
LINE
8
BLACK
6
CONTINUOUS
10
81.144328999999999
20
-68.9709699999999941
11
81.0632229999999936
21
-68.9167769999999962
0
LINE
8
BLACK
6
CONTINUOUS
10
81.0632229999999936
20
-68.9167769999999962
11
81.0090299999999957
21
-68.8356709999999907
0
LINE
8
BLACK
6
CONTINUOUS
10
81.0090299999999957
20
-68.8356709999999907
11
80.9899999999999949
21
-68.7399999999999949
0
LINE
8
BLACK
6
CONTINUOUS
10
80.9899999999999949
20
-68.7399999999999949
11
80.9899999999999949
21
-67.6400000000000006
0
LINE
8
BLACK
6
CONTINUOUS
10
80.9899999999999949
20
-67.6400000000000006
11
81.0090299999999957
21
-67.5443289999999905
0
LINE
8
BLACK
6
CONTINUOUS
10
81.0090299999999957
20
-67.5443289999999905
11
81.0632229999999936
21
-67.4632229999999993
0
LINE
8
BLACK
6
CONTINUOUS
10
81.0632229999999936
20
-67.4632229999999993
11
81.144328999999999
21
-67.4090300000000013
0
LINE
8
BLACK
6
CONTINUOUS
10
81.144328999999999
20
-67.4090300000000013
11
81.2399999999999949
21
-67.3900000000000006
0
LINE
8
BLACK
6
CONTINUOUS
10
81.2399999999999949
20
-67.3900000000000006
11
83.1400000000000006
21
-67.3900000000000006
0
LINE
8
BLACK
6
CONTINUOUS
10
83.1400000000000006
20
-67.3900000000000006
11
83.2356709999999964
21
-67.4090300000000013
0
LINE
8
BLACK
6
CONTINUOUS
10
90.2884139999999888
20
-75.013852
11
90.4422280000000001
21
-75.0444480000000027
0
LINE
8
BLACK
6
CONTINUOUS
10
90.4422280000000001
20
-75.0444480000000027
11
90.5871169999999921
21
-75.1044629999999955
0
LINE
8
BLACK
6
CONTINUOUS
10
90.5871169999999921
20
-75.1044629999999955
11
90.7175149999999917
21
-75.191592
0
LINE
8
BLACK
6
CONTINUOUS
10
90.7175149999999917
20
-75.191592
11
90.828407999999996
21
-75.3024849999999901
0
LINE
8
BLACK
6
CONTINUOUS
10
90.828407999999996
20
-75.3024849999999901
11
90.9155370000000005
21
-75.4328829999999897
0
LINE
8
BLACK
6
CONTINUOUS
10
90.9155370000000005
20
-75.4328829999999897
11
90.9755519999999933
21
-75.577771999999996
0
LINE
8
BLACK
6
CONTINUOUS
10
90.9755519999999933
20
-75.577771999999996
11
91.006147999999996
21
-75.731585999999993
0
LINE
8
BLACK
6
CONTINUOUS
10
91.006147999999996
20
-75.731585999999993
11
91.006147999999996
21
-75.8884139999999974
0
LINE
8
BLACK
6
CONTINUOUS
10
91.006147999999996
20
-75.8884139999999974
11
90.9755519999999933
21
-76.0422279999999944
0
LINE
8
BLACK
6
CONTINUOUS
10
90.9755519999999933
20
-76.0422279999999944
11
90.9155370000000005
21
-76.1871170000000006
0
LINE
8
BLACK
6
CONTINUOUS
10
90.9155370000000005
20
-76.1871170000000006
11
90.828407999999996
21
-76.3175150000000002
0
LINE
8
BLACK
6
CONTINUOUS
10
90.828407999999996
20
-76.3175150000000002
11
90.7175149999999917
21
-76.4284079999999904
0
LINE
8
BLACK
6
CONTINUOUS
10
90.7175149999999917
20
-76.4284079999999904
11
90.5871169999999921
21
-76.5155369999999948
0
LINE
8
BLACK
6
CONTINUOUS
10
90.5871169999999921
20
-76.5155369999999948
11
90.4422280000000001
21
-76.5755520000000018
0
LINE
8
BLACK
6
CONTINUOUS
10
90.4422280000000001
20
-76.5755520000000018
11
90.2884139999999888
21
-76.6061479999999904
0
LINE
8
BLACK
6
CONTINUOUS
10
90.2884139999999888
20
-76.6061479999999904
11
90.2099999999999937
21
-76.6099999999999994
0
LINE
8
BLACK
6
CONTINUOUS
10
90.2099999999999937
20
-76.6099999999999994
11
89.4099999999999966
21
-76.6099999999999994
0
LINE
8
BLACK
6
CONTINUOUS
10
89.4099999999999966
20
-76.6099999999999994
11
89.3315860000000015
21
-76.6061479999999904
0
LINE
8
BLACK
6
CONTINUOUS
10
89.3315860000000015
20
-76.6061479999999904
11
89.1777719999999903
21
-76.5755520000000018
0
LINE
8
BLACK
6
CONTINUOUS
10
89.1777719999999903
20
-76.5755520000000018
11
89.0328829999999982
21
-76.5155369999999948
0
LINE
8
BLACK
6
CONTINUOUS
10
89.0328829999999982
20
-76.5155369999999948
11
88.9024849999999986
21
-76.4284079999999904
0
LINE
8
BLACK
6
CONTINUOUS
10
88.9024849999999986
20
-76.4284079999999904
11
88.7915919999999943
21
-76.3175150000000002
0
LINE
8
BLACK
6
CONTINUOUS
10
88.7915919999999943
20
-76.3175150000000002
11
88.7044629999999898
21
-76.1871170000000006
0
LINE
8
BLACK
6
CONTINUOUS
10
88.7044629999999898
20
-76.1871170000000006
11
88.644447999999997
21
-76.0422279999999944
0
LINE
8
BLACK
6
CONTINUOUS
10
88.644447999999997
20
-76.0422279999999944
11
88.6138519999999943
21
-75.8884139999999974
0
LINE
8
BLACK
6
CONTINUOUS
10
88.6138519999999943
20
-75.8884139999999974
11
88.6138519999999943
21
-75.731585999999993
0
LINE
8
BLACK
6
CONTINUOUS
10
88.6138519999999943
20
-75.731585999999993
11
88.644447999999997
21
-75.577771999999996
0
LINE
8
BLACK
6
CONTINUOUS
10
88.644447999999997
20
-75.577771999999996
11
88.7044629999999898
21
-75.4328829999999897
0
LINE
8
BLACK
6
CONTINUOUS
10
88.7044629999999898
20
-75.4328829999999897
11
88.7915919999999943
21
-75.3024849999999901
0
LINE
8
BLACK
6
CONTINUOUS
10
88.7915919999999943
20
-75.3024849999999901
11
88.9024849999999986
21
-75.191592
0
LINE
8
BLACK
6
CONTINUOUS
10
88.9024849999999986
20
-75.191592
11
89.0328829999999982
21
-75.1044629999999955
0
LINE
8
BLACK
6
CONTINUOUS
10
89.0328829999999982
20
-75.1044629999999955
11
89.1777719999999903
21
-75.0444480000000027
0
LINE
8
BLACK
6
CONTINUOUS
10
89.1777719999999903
20
-75.0444480000000027
11
89.3315860000000015
21
-75.013852
0
LINE
8
BLACK
6
CONTINUOUS
10
89.3315860000000015
20
-75.013852
11
89.4099999999999966
21
-75.0099999999999909
0
LINE
8
BLACK
6
CONTINUOUS
10
89.4099999999999966
20
-75.0099999999999909
11
90.2099999999999937
21
-75.0099999999999909
0
LINE
8
BLACK
6
CONTINUOUS
10
90.2099999999999937
20
-75.0099999999999909
11
90.2884139999999888
21
-75.013852
0
LINE
8
BLACK
6
CONTINUOUS
10
90.2884139999999888
20
-72.4738519999999937
11
90.4422280000000001
21
-72.5044479999999965
0
LINE
8
BLACK
6
CONTINUOUS
10
90.4422280000000001
20
-72.5044479999999965
11
90.5871169999999921
21
-72.5644630000000035
0
LINE
8
BLACK
6
CONTINUOUS
10
90.5871169999999921
20
-72.5644630000000035
11
90.7175149999999917
21
-72.6515919999999937
0
LINE
8
BLACK
6
CONTINUOUS
10
90.7175149999999917
20
-72.6515919999999937
11
90.828407999999996
21
-72.7624849999999981
0
LINE
8
BLACK
6
CONTINUOUS
10
90.828407999999996
20
-72.7624849999999981
11
90.9155370000000005
21
-72.8928829999999977
0
LINE
8
BLACK
6
CONTINUOUS
10
90.9155370000000005
20
-72.8928829999999977
11
90.9755519999999933
21
-73.0377719999999897
0
LINE
8
BLACK
6
CONTINUOUS
10
90.9755519999999933
20
-73.0377719999999897
11
91.006147999999996
21
-73.1915860000000009
0
LINE
8
BLACK
6
CONTINUOUS
10
91.006147999999996
20
-73.1915860000000009
11
91.006147999999996
21
-73.3484139999999911
0
LINE
8
BLACK
6
CONTINUOUS
10
91.006147999999996
20
-73.3484139999999911
11
90.9755519999999933
21
-73.5022280000000023
0
LINE
8
BLACK
6
CONTINUOUS
10
90.9755519999999933
20
-73.5022280000000023
11
90.9155370000000005
21
-73.6471169999999944
0
LINE
8
BLACK
6
CONTINUOUS
10
90.9155370000000005
20
-73.6471169999999944
11
90.828407999999996
21
-73.777514999999994
0
LINE
8
BLACK
6
CONTINUOUS
10
90.828407999999996
20
-73.777514999999994
11
90.7175149999999917
21
-73.8884079999999983
0
LINE
8
BLACK
6
CONTINUOUS
10
90.7175149999999917
20
-73.8884079999999983
11
90.5871169999999921
21
-73.9755370000000028
0
LINE
8
BLACK
6
CONTINUOUS
10
90.5871169999999921
20
-73.9755370000000028
11
90.4422280000000001
21
-74.0355519999999956
0
LINE
8
BLACK
6
CONTINUOUS
10
90.4422280000000001
20
-74.0355519999999956
11
90.2884139999999888
21
-74.0661479999999983
0
LINE
8
BLACK
6
CONTINUOUS
10
90.2884139999999888
20
-74.0661479999999983
11
90.2099999999999937
21
-74.0699999999999932
0
LINE
8
BLACK
6
CONTINUOUS
10
90.2099999999999937
20
-74.0699999999999932
11
89.4099999999999966
21
-74.0699999999999932
0
LINE
8
BLACK
6
CONTINUOUS
10
89.4099999999999966
20
-74.0699999999999932
11
89.3315860000000015
21
-74.0661479999999983
0
LINE
8
BLACK
6
CONTINUOUS
10
89.3315860000000015
20
-74.0661479999999983
11
89.1777719999999903
21
-74.0355519999999956
0
LINE
8
BLACK
6
CONTINUOUS
10
89.1777719999999903
20
-74.0355519999999956
11
89.0328829999999982
21
-73.9755370000000028
0
LINE
8
BLACK
6
CONTINUOUS
10
89.0328829999999982
20
-73.9755370000000028
11
88.9024849999999986
21
-73.8884079999999983
0
LINE
8
BLACK
6
CONTINUOUS
10
88.9024849999999986
20
-73.8884079999999983
11
88.7915919999999943
21
-73.777514999999994
0
LINE
8
BLACK
6
CONTINUOUS
10
88.7915919999999943
20
-73.777514999999994
11
88.7044629999999898
21
-73.6471169999999944
0
LINE
8
BLACK
6
CONTINUOUS
10
88.7044629999999898
20
-73.6471169999999944
11
88.644447999999997
21
-73.5022280000000023
0
LINE
8
BLACK
6
CONTINUOUS
10
88.644447999999997
20
-73.5022280000000023
11
88.6138519999999943
21
-73.3484139999999911
0
LINE
8
BLACK
6
CONTINUOUS
10
88.6138519999999943
20
-73.3484139999999911
11
88.6138519999999943
21
-73.1915860000000009
0
LINE
8
BLACK
6
CONTINUOUS
10
88.6138519999999943
20
-73.1915860000000009
11
88.644447999999997
21
-73.0377719999999897
0
LINE
8
BLACK
6
CONTINUOUS
10
88.644447999999997
20
-73.0377719999999897
11
88.7044629999999898
21
-72.8928829999999977
0
LINE
8
BLACK
6
CONTINUOUS
10
88.7044629999999898
20
-72.8928829999999977
11
88.7915919999999943
21
-72.7624849999999981
0
LINE
8
BLACK
6
CONTINUOUS
10
88.7915919999999943
20
-72.7624849999999981
11
88.9024849999999986
21
-72.6515919999999937
0
LINE
8
BLACK
6
CONTINUOUS
10
88.9024849999999986
20
-72.6515919999999937
11
89.0328829999999982
21
-72.5644630000000035
0
LINE
8
BLACK
6
CONTINUOUS
10
89.0328829999999982
20
-72.5644630000000035
11
89.1777719999999903
21
-72.5044479999999965
0
LINE
8
BLACK
6
CONTINUOUS
10
89.1777719999999903
20
-72.5044479999999965
11
89.3315860000000015
21
-72.4738519999999937
0
LINE
8
BLACK
6
CONTINUOUS
10
89.3315860000000015
20
-72.4738519999999937
11
89.4099999999999966
21
-72.4699999999999989
0
LINE
8
BLACK
6
CONTINUOUS
10
89.4099999999999966
20
-72.4699999999999989
11
90.2099999999999937
21
-72.4699999999999989
0
LINE
8
BLACK
6
CONTINUOUS
10
90.2099999999999937
20
-72.4699999999999989
11
90.2884139999999888
21
-72.4738519999999937
0
LINE
8
BLACK
6
CONTINUOUS
10
90.2884139999999888
20
-69.9338520000000017
11
90.4422280000000001
21
-69.9644479999999902
0
LINE
8
BLACK
6
CONTINUOUS
10
90.4422280000000001
20
-69.9644479999999902
11
90.5871169999999921
21
-70.0244629999999972
0
LINE
8
BLACK
6
CONTINUOUS
10
90.5871169999999921
20
-70.0244629999999972
11
90.7175149999999917
21
-70.1115920000000017
0
LINE
8
BLACK
6
CONTINUOUS
10
90.7175149999999917
20
-70.1115920000000017
11
90.828407999999996
21
-70.2224849999999918
0
LINE
8
BLACK
6
CONTINUOUS
10
90.828407999999996
20
-70.2224849999999918
11
90.9155370000000005
21
-70.3528829999999914
0
LINE
8
BLACK
6
CONTINUOUS
10
90.9155370000000005
20
-70.3528829999999914
11
90.9755519999999933
21
-70.4977719999999977
0
LINE
8
BLACK
6
CONTINUOUS
10
90.9755519999999933
20
-70.4977719999999977
11
91.006147999999996
21
-70.6515859999999947
0
LINE
8
BLACK
6
CONTINUOUS
10
91.006147999999996
20
-70.6515859999999947
11
91.006147999999996
21
-70.8084139999999991
0
LINE
8
BLACK
6
CONTINUOUS
10
91.006147999999996
20
-70.8084139999999991
11
90.9755519999999933
21
-70.9622279999999961
0
LINE
8
BLACK
6
CONTINUOUS
10
90.9755519999999933
20
-70.9622279999999961
11
90.9155370000000005
21
-71.1071170000000023
0
LINE
8
BLACK
6
CONTINUOUS
10
90.9155370000000005
20
-71.1071170000000023
11
90.828407999999996
21
-71.2375150000000019
0
LINE
8
BLACK
6
CONTINUOUS
10
90.828407999999996
20
-71.2375150000000019
11
90.7175149999999917
21
-71.3484079999999921
0
LINE
8
BLACK
6
CONTINUOUS
10
90.7175149999999917
20
-71.3484079999999921
11
90.5871169999999921
21
-71.4355369999999965
0
LINE
8
BLACK
6
CONTINUOUS
10
90.5871169999999921
20
-71.4355369999999965
11
90.4422280000000001
21
-71.4955520000000035
0
LINE
8
BLACK
6
CONTINUOUS
10
90.4422280000000001
20
-71.4955520000000035
11
90.2884139999999888
21
-71.5261479999999921
0
LINE
8
BLACK
6
CONTINUOUS
10
90.2884139999999888
20
-71.5261479999999921
11
90.2099999999999937
21
-71.5300000000000011
0
LINE
8
BLACK
6
CONTINUOUS
10
90.2099999999999937
20
-71.5300000000000011
11
89.4099999999999966
21
-71.5300000000000011
0
LINE
8
BLACK
6
CONTINUOUS
10
89.4099999999999966
20
-71.5300000000000011
11
89.3315860000000015
21
-71.5261479999999921
0
LINE
8
BLACK
6
CONTINUOUS
10
89.3315860000000015
20
-71.5261479999999921
11
89.1777719999999903
21
-71.4955520000000035
0
LINE
8
BLACK
6
CONTINUOUS
10
89.1777719999999903
20
-71.4955520000000035
11
89.0328829999999982
21
-71.4355369999999965
0
LINE
8
BLACK
6
CONTINUOUS
10
89.0328829999999982
20
-71.4355369999999965
11
88.9024849999999986
21
-71.3484079999999921
0
LINE
8
BLACK
6
CONTINUOUS
10
88.9024849999999986
20
-71.3484079999999921
11
88.7915919999999943
21
-71.2375150000000019
0
LINE
8
BLACK
6
CONTINUOUS
10
88.7915919999999943
20
-71.2375150000000019
11
88.7044629999999898
21
-71.1071170000000023
0
LINE
8
BLACK
6
CONTINUOUS
10
88.7044629999999898
20
-71.1071170000000023
11
88.644447999999997
21
-70.9622279999999961
0
LINE
8
BLACK
6
CONTINUOUS
10
88.644447999999997
20
-70.9622279999999961
11
88.6138519999999943
21
-70.8084139999999991
0
LINE
8
BLACK
6
CONTINUOUS
10
88.6138519999999943
20
-70.8084139999999991
11
88.6138519999999943
21
-70.6515859999999947
0
LINE
8
BLACK
6
CONTINUOUS
10
88.6138519999999943
20
-70.6515859999999947
11
88.644447999999997
21
-70.4977719999999977
0
LINE
8
BLACK
6
CONTINUOUS
10
88.644447999999997
20
-70.4977719999999977
11
88.7044629999999898
21
-70.3528829999999914
0
LINE
8
BLACK
6
CONTINUOUS
10
88.7044629999999898
20
-70.3528829999999914
11
88.7915919999999943
21
-70.2224849999999918
0
LINE
8
BLACK
6
CONTINUOUS
10
88.7915919999999943
20
-70.2224849999999918
11
88.9024849999999986
21
-70.1115920000000017
0
LINE
8
BLACK
6
CONTINUOUS
10
88.9024849999999986
20
-70.1115920000000017
11
89.0328829999999982
21
-70.0244629999999972
0
LINE
8
BLACK
6
CONTINUOUS
10
89.0328829999999982
20
-70.0244629999999972
11
89.1777719999999903
21
-69.9644479999999902
0
LINE
8
BLACK
6
CONTINUOUS
10
89.1777719999999903
20
-69.9644479999999902
11
89.3315860000000015
21
-69.9338520000000017
0
LINE
8
BLACK
6
CONTINUOUS
10
89.3315860000000015
20
-69.9338520000000017
11
89.4099999999999966
21
-69.9299999999999926
0
LINE
8
BLACK
6
CONTINUOUS
10
89.4099999999999966
20
-69.9299999999999926
11
90.2099999999999937
21
-69.9299999999999926
0
LINE
8
BLACK
6
CONTINUOUS
10
90.2099999999999937
20
-69.9299999999999926
11
90.2884139999999888
21
-69.9338520000000017
0
LINE
8
BLACK
6
CONTINUOUS
10
125.8499999999999943
20
-49.769999999999996
11
124.1499999999999915
21
-49.769999999999996
0
LINE
8
BLACK
6
CONTINUOUS
10
124.1499999999999915
20
-49.769999999999996
11
124.1499999999999915
21
-49.4199999999999946
0
LINE
8
BLACK
6
CONTINUOUS
10
124.1499999999999915
20
-49.4199999999999946
11
111.7594069999999959
21
-49.4199999999999946
0
LINE
8
BLACK
6
CONTINUOUS
10
111.7594069999999959
20
-49.4199999999999946
11
102.7241530000000012
21
-58.455252999999999
0
LINE
8
BLACK
6
CONTINUOUS
10
102.7241530000000012
20
-58.455252999999999
11
102.674995999999993
21
-58.4983609999999956
0
LINE
8
BLACK
6
CONTINUOUS
10
102.674995999999993
20
-58.4983609999999956
11
102.6749809999999883
21
-58.4983769999999978
0
LINE
8
BLACK
6
CONTINUOUS
10
102.6749809999999883
20
-58.4983769999999978
11
102.5619420000000019
21
-58.5636399999999995
0
LINE
8
BLACK
6
CONTINUOUS
10
102.5619420000000019
20
-58.5636399999999995
11
102.4358629999999977
21
-58.5974229999999991
0
LINE
8
BLACK
6
CONTINUOUS
10
102.4358629999999977
20
-58.5974229999999991
11
102.4358479999999929
21
-58.5974229999999991
0
LINE
8
BLACK
6
CONTINUOUS
10
102.4358479999999929
20
-58.5974229999999991
11
102.370599999999996
21
-58.6016999999999939
0
LINE
8
BLACK
6
CONTINUOUS
10
102.370599999999996
20
-58.6016999999999939
11
98.6016999999999939
21
-58.6016999999999939
0
LINE
8
BLACK
6
CONTINUOUS
10
98.6016999999999939
20
-58.6016999999999939
11
98.536451999999997
21
-58.5974229999999991
0
LINE
8
BLACK
6
CONTINUOUS
10
98.536451999999997
20
-58.5974229999999991
11
98.5364369999999923
21
-58.5974229999999991
0
LINE
8
BLACK
6
CONTINUOUS
10
98.5364369999999923
20
-58.5974229999999991
11
98.4370009999999951
21
-58.5707789999999946
0
LINE
8
BLACK
6
CONTINUOUS
10
98.4370009999999951
20
-58.5707789999999946
11
98.4103580000000022
21
-58.5636399999999995
0
LINE
8
BLACK
6
CONTINUOUS
10
98.4103580000000022
20
-58.5636399999999995
11
98.2973190000000017
21
-58.4983769999999978
0
LINE
8
BLACK
6
CONTINUOUS
10
98.2973190000000017
20
-58.4983769999999978
11
98.2973109999999934
21
-58.4983689999999967
0
LINE
8
BLACK
6
CONTINUOUS
10
98.2973109999999934
20
-58.4983689999999967
11
98.2481469999999888
21
-58.4552539999999965
0
LINE
8
BLACK
6
CONTINUOUS
10
98.2481469999999888
20
-58.4552539999999965
11
96.5872779999999977
21
-56.7943840000000009
0
LINE
8
BLACK
6
CONTINUOUS
10
96.5872779999999977
20
-56.7943840000000009
11
96.5784139999999951
21
-56.7961479999999952
0
LINE
8
BLACK
6
CONTINUOUS
10
96.5784139999999951
20
-56.7961479999999952
11
96.4215859999999907
21
-56.7961479999999952
0
LINE
8
BLACK
6
CONTINUOUS
10
96.4215859999999907
20
-56.7961479999999952
11
96.4127220000000023
21
-56.7943840000000009
0
LINE
8
BLACK
6
CONTINUOUS
10
96.4127220000000023
20
-56.7943840000000009
11
92.8117000000000019
21
-60.3954059999999942
0
LINE
8
BLACK
6
CONTINUOUS
10
92.8117000000000019
20
-60.3954059999999942
11
92.8117000000000019
21
-68.1899999999999977
0
LINE
8
BLACK
6
CONTINUOUS
10
92.8117000000000019
20
-68.1899999999999977
11
92.8074220000000025
21
-68.2552629999999994
0
LINE
8
BLACK
6
CONTINUOUS
10
92.8074220000000025
20
-68.2552629999999994
11
92.7736400000000003
21
-68.3813420000000036
0
LINE
8
BLACK
6
CONTINUOUS
10
92.7736400000000003
20
-68.3813420000000036
11
92.7083769999999987
21
-68.49438099999999
0
LINE
8
BLACK
6
CONTINUOUS
10
92.7083769999999987
20
-68.49438099999999
11
92.6160809999999941
21
-68.5866769999999946
0
LINE
8
BLACK
6
CONTINUOUS
10
92.6160809999999941
20
-68.5866769999999946
11
92.5030419999999935
21
-68.6519399999999962
0
LINE
8
BLACK
6
CONTINUOUS
10
92.5030419999999935
20
-68.6519399999999962
11
92.3769629999999893
21
-68.6857219999999984
0
LINE
8
BLACK
6
CONTINUOUS
10
92.3769629999999893
20
-68.6857219999999984
11
92.3117000000000019
21
-68.6899999999999977
0
LINE
8
BLACK
6
CONTINUOUS
10
92.3117000000000019
20
-68.6899999999999977
11
90.8334289999999953
21
-68.6899999999999977
0
LINE
8
BLACK
6
CONTINUOUS
10
90.8334289999999953
20
-68.6899999999999977
11
90.828407999999996
21
-68.6975149999999957
0
LINE
8
BLACK
6
CONTINUOUS
10
90.828407999999996
20
-68.6975149999999957
11
90.7175149999999917
21
-68.808408
0
LINE
8
BLACK
6
CONTINUOUS
10
90.7175149999999917
20
-68.808408
11
90.5871169999999921
21
-68.8955369999999903
0
LINE
8
BLACK
6
CONTINUOUS
10
90.5871169999999921
20
-68.8955369999999903
11
90.4422280000000001
21
-68.9555519999999973
0
LINE
8
BLACK
6
CONTINUOUS
10
90.4422280000000001
20
-68.9555519999999973
11
90.2884139999999888
21
-68.986148
0
LINE
8
BLACK
6
CONTINUOUS
10
90.2884139999999888
20
-68.986148
11
90.2099999999999937
21
-68.9899999999999949
0
LINE
8
BLACK
6
CONTINUOUS
10
90.2099999999999937
20
-68.9899999999999949
11
89.4099999999999966
21
-68.9899999999999949
0
LINE
8
BLACK
6
CONTINUOUS
10
89.4099999999999966
20
-68.9899999999999949
11
89.3315860000000015
21
-68.986148
0
LINE
8
BLACK
6
CONTINUOUS
10
89.3315860000000015
20
-68.986148
11
89.1777719999999903
21
-68.9555519999999973
0
LINE
8
BLACK
6
CONTINUOUS
10
89.1777719999999903
20
-68.9555519999999973
11
89.0328829999999982
21
-68.8955369999999903
0
LINE
8
BLACK
6
CONTINUOUS
10
89.0328829999999982
20
-68.8955369999999903
11
88.9024849999999986
21
-68.808408
0
LINE
8
BLACK
6
CONTINUOUS
10
88.9024849999999986
20
-68.808408
11
88.7915919999999943
21
-68.6975149999999957
0
LINE
8
BLACK
6
CONTINUOUS
10
88.7915919999999943
20
-68.6975149999999957
11
88.7044629999999898
21
-68.5671169999999961
0
LINE
8
BLACK
6
CONTINUOUS
10
88.7044629999999898
20
-68.5671169999999961
11
88.644447999999997
21
-68.4222279999999898
0
LINE
8
BLACK
6
CONTINUOUS
10
88.644447999999997
20
-68.4222279999999898
11
88.6138519999999943
21
-68.2684139999999928
0
LINE
8
BLACK
6
CONTINUOUS
10
88.6138519999999943
20
-68.2684139999999928
11
88.6138519999999943
21
-68.1115860000000026
0
LINE
8
BLACK
6
CONTINUOUS
10
88.6138519999999943
20
-68.1115860000000026
11
88.644447999999997
21
-67.9577719999999914
0
LINE
8
BLACK
6
CONTINUOUS
10
88.644447999999997
20
-67.9577719999999914
11
88.7044629999999898
21
-67.8128829999999994
0
LINE
8
BLACK
6
CONTINUOUS
10
88.7044629999999898
20
-67.8128829999999994
11
88.7915919999999943
21
-67.6824849999999998
0
LINE
8
BLACK
6
CONTINUOUS
10
88.7915919999999943
20
-67.6824849999999998
11
88.9024849999999986
21
-67.5715919999999954
0
LINE
8
BLACK
6
CONTINUOUS
10
88.9024849999999986
20
-67.5715919999999954
11
89.0328829999999982
21
-67.484462999999991
0
LINE
8
BLACK
6
CONTINUOUS
10
89.0328829999999982
20
-67.484462999999991
11
89.1777719999999903
21
-67.4244479999999982
0
LINE
8
BLACK
6
CONTINUOUS
10
89.1777719999999903
20
-67.4244479999999982
11
89.3315860000000015
21
-67.3938519999999954
0
LINE
8
BLACK
6
CONTINUOUS
10
89.3315860000000015
20
-67.3938519999999954
11
89.4099999999999966
21
-67.3900000000000006
0
LINE
8
BLACK
6
CONTINUOUS
10
89.4099999999999966
20
-67.3900000000000006
11
90.2099999999999937
21
-67.3900000000000006
0
LINE
8
BLACK
6
CONTINUOUS
10
90.2099999999999937
20
-67.3900000000000006
11
90.2884139999999888
21
-67.3938519999999954
0
LINE
8
BLACK
6
CONTINUOUS
10
90.2884139999999888
20
-67.3938519999999954
11
90.4422280000000001
21
-67.4244479999999982
0
LINE
8
BLACK
6
CONTINUOUS
10
90.4422280000000001
20
-67.4244479999999982
11
90.5871169999999921
21
-67.484462999999991
0
LINE
8
BLACK
6
CONTINUOUS
10
90.5871169999999921
20
-67.484462999999991
11
90.7175149999999917
21
-67.5715919999999954
0
LINE
8
BLACK
6
CONTINUOUS
10
90.7175149999999917
20
-67.5715919999999954
11
90.828407999999996
21
-67.6824849999999998
0
LINE
8
BLACK
6
CONTINUOUS
10
90.828407999999996
20
-67.6824849999999998
11
90.8334289999999953
21
-67.6899999999999977
0
LINE
8
BLACK
6
CONTINUOUS
10
90.8334289999999953
20
-67.6899999999999977
11
91.8117000000000019
21
-67.6899999999999977
0
LINE
8
BLACK
6
CONTINUOUS
10
91.8117000000000019
20
-67.6899999999999977
11
91.8117000000000019
21
-60.1882999999999981
0
LINE
8
BLACK
6
CONTINUOUS
10
91.8117000000000019
20
-60.1882999999999981
11
91.8159769999999895
21
-60.1230519999999942
0
LINE
8
BLACK
6
CONTINUOUS
10
91.8159769999999895
20
-60.1230519999999942
11
91.8159769999999895
21
-60.1230369999999965
0
LINE
8
BLACK
6
CONTINUOUS
10
91.8159769999999895
20
-60.1230369999999965
11
91.8497599999999892
21
-59.9969579999999993
0
LINE
8
BLACK
6
CONTINUOUS
10
91.8497599999999892
20
-59.9969579999999993
11
91.9150229999999908
21
-59.8839189999999988
0
LINE
8
BLACK
6
CONTINUOUS
10
91.9150229999999908
20
-59.8839189999999988
11
91.9150379999999956
21
-59.8839029999999966
0
LINE
8
BLACK
6
CONTINUOUS
10
91.9150379999999956
20
-59.8839029999999966
11
91.9581469999999968
21
-59.8347470000000001
0
LINE
8
BLACK
6
CONTINUOUS
10
91.9581469999999968
20
-59.8347470000000001
11
95.7056149999999946
21
-56.0872770000000003
0
LINE
8
BLACK
6
CONTINUOUS
10
95.7056149999999946
20
-56.0872770000000003
11
95.7038519999999977
21
-56.0784139999999951
0
LINE
8
BLACK
6
CONTINUOUS
10
95.7038519999999977
20
-56.0784139999999951
11
95.7038519999999977
21
-55.9215859999999978
0
LINE
8
BLACK
6
CONTINUOUS
10
95.7038519999999977
20
-55.9215859999999978
11
95.7344480000000004
21
-55.7677720000000008
0
LINE
8
BLACK
6
CONTINUOUS
10
95.7344480000000004
20
-55.7677720000000008
11
95.7944629999999933
21
-55.6228829999999945
0
LINE
8
BLACK
6
CONTINUOUS
10
95.7944629999999933
20
-55.6228829999999945
11
95.8815919999999977
21
-55.492484999999995
0
LINE
8
BLACK
6
CONTINUOUS
10
95.8815919999999977
20
-55.492484999999995
11
95.9924850000000021
21
-55.3815919999999977
0
LINE
8
BLACK
6
CONTINUOUS
10
95.9924850000000021
20
-55.3815919999999977
11
96.1228830000000016
21
-55.2944630000000004
0
LINE
8
BLACK
6
CONTINUOUS
10
96.1228830000000016
20
-55.2944630000000004
11
96.2677719999999937
21
-55.2344480000000004
0
LINE
8
BLACK
6
CONTINUOUS
10
96.2677719999999937
20
-55.2344480000000004
11
96.4215859999999907
21
-55.2038519999999977
0
LINE
8
BLACK
6
CONTINUOUS
10
96.4215859999999907
20
-55.2038519999999977
11
96.5784139999999951
21
-55.2038519999999977
0
LINE
8
BLACK
6
CONTINUOUS
10
96.5784139999999951
20
-55.2038519999999977
11
96.7322279999999921
21
-55.2344480000000004
0
LINE
8
BLACK
6
CONTINUOUS
10
96.7322279999999921
20
-55.2344480000000004
11
96.8771169999999984
21
-55.2944630000000004
0
LINE
8
BLACK
6
CONTINUOUS
10
96.8771169999999984
20
-55.2944630000000004
11
97.0075149999999979
21
-55.3815919999999977
0
LINE
8
BLACK
6
CONTINUOUS
10
97.0075149999999979
20
-55.3815919999999977
11
97.1184080000000023
21
-55.492484999999995
0
LINE
8
BLACK
6
CONTINUOUS
10
97.1184080000000023
20
-55.492484999999995
11
97.2055369999999925
21
-55.6228829999999945
0
LINE
8
BLACK
6
CONTINUOUS
10
97.2055369999999925
20
-55.6228829999999945
11
97.2655519999999996
21
-55.7677720000000008
0
LINE
8
BLACK
6
CONTINUOUS
10
97.2655519999999996
20
-55.7677720000000008
11
97.2961480000000023
21
-55.9215859999999978
0
LINE
8
BLACK
6
CONTINUOUS
10
97.2961480000000023
20
-55.9215859999999978
11
97.2961480000000023
21
-56.0784139999999951
0
LINE
8
BLACK
6
CONTINUOUS
10
97.2961480000000023
20
-56.0784139999999951
11
97.2943839999999938
21
-56.0872779999999977
0
LINE
8
BLACK
6
CONTINUOUS
10
97.2943839999999938
20
-56.0872779999999977
11
98.8088070000000016
21
-57.6016999999999939
0
LINE
8
BLACK
6
CONTINUOUS
10
98.8088070000000016
20
-57.6016999999999939
11
102.163494
21
-57.6016999999999939
0
LINE
8
BLACK
6
CONTINUOUS
10
102.163494
20
-57.6016999999999939
11
111.1987469999999973
21
-48.5664459999999991
0
LINE
8
BLACK
6
CONTINUOUS
10
111.1987469999999973
20
-48.5664459999999991
11
111.247911000000002
21
-48.5233299999999943
0
LINE
8
BLACK
6
CONTINUOUS
10
111.247911000000002
20
-48.5233299999999943
11
111.247918999999996
21
-48.5233229999999978
0
LINE
8
BLACK
6
CONTINUOUS
10
111.247918999999996
20
-48.5233229999999978
11
111.3609579999999966
21
-48.4580599999999961
0
LINE
8
BLACK
6
CONTINUOUS
10
111.3609579999999966
20
-48.4580599999999961
11
111.3876009999999894
21
-48.4509199999999964
0
LINE
8
BLACK
6
CONTINUOUS
10
111.3876009999999894
20
-48.4509199999999964
11
111.4870370000000008
21
-48.4242769999999965
0
LINE
8
BLACK
6
CONTINUOUS
10
111.4870370000000008
20
-48.4242769999999965
11
111.4870519999999914
21
-48.4242769999999965
0
LINE
8
BLACK
6
CONTINUOUS
10
111.4870519999999914
20
-48.4242769999999965
11
111.5522999999999882
21
-48.4199999999999946
0
LINE
8
BLACK
6
CONTINUOUS
10
111.5522999999999882
20
-48.4199999999999946
11
124.1499999999999915
21
-48.4199999999999946
0
LINE
8
BLACK
6
CONTINUOUS
10
124.1499999999999915
20
-48.4199999999999946
11
124.1499999999999915
21
-48.0700000000000003
0
LINE
8
BLACK
6
CONTINUOUS
10
124.1499999999999915
20
-48.0700000000000003
11
125.8499999999999943
21
-48.0700000000000003
0
LINE
8
BLACK
6
CONTINUOUS
10
125.8499999999999943
20
-48.0700000000000003
11
125.8499999999999943
21
-49.769999999999996
0
LINE
8
BLACK
6
CONTINUOUS
10
125.2467419999999976
20
-58.2666009999999943
11
125.4006869999999907
21
-58.3303669999999954
0
LINE
8
BLACK
6
CONTINUOUS
10
125.4006869999999907
20
-58.3303669999999954
11
125.5392339999999933
21
-58.4229409999999945
0
LINE
8
BLACK
6
CONTINUOUS
10
125.5392339999999933
20
-58.4229409999999945
11
125.6570589999999896
21
-58.5407659999999979
0
LINE
8
BLACK
6
CONTINUOUS
10
125.6570589999999896
20
-58.5407659999999979
11
125.7496329999999887
21
-58.6793130000000005
0
LINE
8
BLACK
6
CONTINUOUS
10
125.7496329999999887
20
-58.6793130000000005
11
125.8133989999999898
21
-58.8332580000000007
0
LINE
8
BLACK
6
CONTINUOUS
10
125.8133989999999898
20
-58.8332580000000007
11
125.8459069999999969
21
-58.9966849999999994
0
LINE
8
BLACK
6
CONTINUOUS
10
125.8459069999999969
20
-58.9966849999999994
11
125.8459069999999969
21
-59.1633149999999972
0
LINE
8
BLACK
6
CONTINUOUS
10
125.8459069999999969
20
-59.1633149999999972
11
125.8133989999999898
21
-59.3267419999999959
0
LINE
8
BLACK
6
CONTINUOUS
10
125.8133989999999898
20
-59.3267419999999959
11
125.7496329999999887
21
-59.4806869999999961
0
LINE
8
BLACK
6
CONTINUOUS
10
125.7496329999999887
20
-59.4806869999999961
11
125.6570589999999896
21
-59.6192339999999987
0
LINE
8
BLACK
6
CONTINUOUS
10
125.6570589999999896
20
-59.6192339999999987
11
125.5392339999999933
21
-59.737058999999995
0
LINE
8
BLACK
6
CONTINUOUS
10
125.5392339999999933
20
-59.737058999999995
11
125.4006869999999907
21
-59.8296329999999941
0
LINE
8
BLACK
6
CONTINUOUS
10
125.4006869999999907
20
-59.8296329999999941
11
125.2467419999999976
21
-59.8933989999999952
0
LINE
8
BLACK
6
CONTINUOUS
10
125.2467419999999976
20
-59.8933989999999952
11
125.0833149999999989
21
-59.9259069999999952
0
LINE
8
BLACK
6
CONTINUOUS
10
125.0833149999999989
20
-59.9259069999999952
11
124.9166850000000011
21
-59.9259069999999952
0
LINE
8
BLACK
6
CONTINUOUS
10
124.9166850000000011
20
-59.9259069999999952
11
124.7532579999999882
21
-59.8933989999999952
0
LINE
8
BLACK
6
CONTINUOUS
10
124.7532579999999882
20
-59.8933989999999952
11
124.5993129999999951
21
-59.8296329999999941
0
LINE
8
BLACK
6
CONTINUOUS
10
124.5993129999999951
20
-59.8296329999999941
11
124.4607659999999925
21
-59.737058999999995
0
LINE
8
BLACK
6
CONTINUOUS
10
124.4607659999999925
20
-59.737058999999995
11
124.3429409999999962
21
-59.6192339999999987
0
LINE
8
BLACK
6
CONTINUOUS
10
124.3429409999999962
20
-59.6192339999999987
11
124.2503669999999971
21
-59.4806869999999961
0
LINE
8
BLACK
6
CONTINUOUS
10
124.2503669999999971
20
-59.4806869999999961
11
124.186600999999996
21
-59.3267419999999959
0
LINE
8
BLACK
6
CONTINUOUS
10
124.186600999999996
20
-59.3267419999999959
11
124.1540929999999889
21
-59.1633149999999972
0
LINE
8
BLACK
6
CONTINUOUS
10
124.1540929999999889
20
-59.1633149999999972
11
124.1540929999999889
21
-58.9966849999999994
0
LINE
8
BLACK
6
CONTINUOUS
10
124.1540929999999889
20
-58.9966849999999994
11
124.186600999999996
21
-58.8332580000000007
0
LINE
8
BLACK
6
CONTINUOUS
10
124.186600999999996
20
-58.8332580000000007
11
124.2503669999999971
21
-58.6793130000000005
0
LINE
8
BLACK
6
CONTINUOUS
10
124.2503669999999971
20
-58.6793130000000005
11
124.3429409999999962
21
-58.5407659999999979
0
LINE
8
BLACK
6
CONTINUOUS
10
124.3429409999999962
20
-58.5407659999999979
11
124.4607659999999925
21
-58.4229409999999945
0
LINE
8
BLACK
6
CONTINUOUS
10
124.4607659999999925
20
-58.4229409999999945
11
124.5993129999999951
21
-58.3303669999999954
0
LINE
8
BLACK
6
CONTINUOUS
10
124.5993129999999951
20
-58.3303669999999954
11
124.7532579999999882
21
-58.2666009999999943
0
LINE
8
BLACK
6
CONTINUOUS
10
124.7532579999999882
20
-58.2666009999999943
11
124.9166850000000011
21
-58.2340929999999943
0
LINE
8
BLACK
6
CONTINUOUS
10
124.9166850000000011
20
-58.2340929999999943
11
125.0833149999999989
21
-58.2340929999999943
0
LINE
8
BLACK
6
CONTINUOUS
10
125.0833149999999989
20
-58.2340929999999943
11
125.2467419999999976
21
-58.2666009999999943
0
LINE
8
BLACK
6
CONTINUOUS
10
125.2467419999999976
20
-55.7266009999999952
11
125.4006869999999907
21
-55.7903669999999963
0
LINE
8
BLACK
6
CONTINUOUS
10
125.4006869999999907
20
-55.7903669999999963
11
125.5392339999999933
21
-55.8829409999999953
0
LINE
8
BLACK
6
CONTINUOUS
10
125.5392339999999933
20
-55.8829409999999953
11
125.6570589999999896
21
-56.0007659999999987
0
LINE
8
BLACK
6
CONTINUOUS
10
125.6570589999999896
20
-56.0007659999999987
11
125.7496329999999887
21
-56.1393129999999942
0
LINE
8
BLACK
6
CONTINUOUS
10
125.7496329999999887
20
-56.1393129999999942
11
125.8133989999999898
21
-56.2932579999999945
0
LINE
8
BLACK
6
CONTINUOUS
10
125.8133989999999898
20
-56.2932579999999945
11
125.8459069999999969
21
-56.4566850000000002
0
LINE
8
BLACK
6
CONTINUOUS
10
125.8459069999999969
20
-56.4566850000000002
11
125.8459069999999969
21
-56.6233149999999981
0
LINE
8
BLACK
6
CONTINUOUS
10
125.8459069999999969
20
-56.6233149999999981
11
125.8133989999999898
21
-56.7867419999999967
0
LINE
8
BLACK
6
CONTINUOUS
10
125.8133989999999898
20
-56.7867419999999967
11
125.7496329999999887
21
-56.9406869999999969
0
LINE
8
BLACK
6
CONTINUOUS
10
125.7496329999999887
20
-56.9406869999999969
11
125.6570589999999896
21
-57.0792339999999996
0
LINE
8
BLACK
6
CONTINUOUS
10
125.6570589999999896
20
-57.0792339999999996
11
125.5392339999999933
21
-57.1970589999999959
0
LINE
8
BLACK
6
CONTINUOUS
10
125.5392339999999933
20
-57.1970589999999959
11
125.4006869999999907
21
-57.2896329999999949
0
LINE
8
BLACK
6
CONTINUOUS
10
125.4006869999999907
20
-57.2896329999999949
11
125.2467419999999976
21
-57.353398999999996
0
LINE
8
BLACK
6
CONTINUOUS
10
125.2467419999999976
20
-57.353398999999996
11
125.0833149999999989
21
-57.385906999999996
0
LINE
8
BLACK
6
CONTINUOUS
10
125.0833149999999989
20
-57.385906999999996
11
124.9166850000000011
21
-57.385906999999996
0
LINE
8
BLACK
6
CONTINUOUS
10
124.9166850000000011
20
-57.385906999999996
11
124.7532579999999882
21
-57.353398999999996
0
LINE
8
BLACK
6
CONTINUOUS
10
124.7532579999999882
20
-57.353398999999996
11
124.5993129999999951
21
-57.2896329999999949
0
LINE
8
BLACK
6
CONTINUOUS
10
124.5993129999999951
20
-57.2896329999999949
11
124.4607659999999925
21
-57.1970589999999959
0
LINE
8
BLACK
6
CONTINUOUS
10
124.4607659999999925
20
-57.1970589999999959
11
124.3429409999999962
21
-57.0792339999999996
0
LINE
8
BLACK
6
CONTINUOUS
10
124.3429409999999962
20
-57.0792339999999996
11
124.2503669999999971
21
-56.9406869999999969
0
LINE
8
BLACK
6
CONTINUOUS
10
124.2503669999999971
20
-56.9406869999999969
11
124.186600999999996
21
-56.7867419999999967
0
LINE
8
BLACK
6
CONTINUOUS
10
124.186600999999996
20
-56.7867419999999967
11
124.1540929999999889
21
-56.6233149999999981
0
LINE
8
BLACK
6
CONTINUOUS
10
124.1540929999999889
20
-56.6233149999999981
11
124.1540929999999889
21
-56.4566850000000002
0
LINE
8
BLACK
6
CONTINUOUS
10
124.1540929999999889
20
-56.4566850000000002
11
124.186600999999996
21
-56.2932579999999945
0
LINE
8
BLACK
6
CONTINUOUS
10
124.186600999999996
20
-56.2932579999999945
11
124.2503669999999971
21
-56.1393129999999942
0
LINE
8
BLACK
6
CONTINUOUS
10
124.2503669999999971
20
-56.1393129999999942
11
124.3429409999999962
21
-56.0007659999999987
0
LINE
8
BLACK
6
CONTINUOUS
10
124.3429409999999962
20
-56.0007659999999987
11
124.4607659999999925
21
-55.8829409999999953
0
LINE
8
BLACK
6
CONTINUOUS
10
124.4607659999999925
20
-55.8829409999999953
11
124.5993129999999951
21
-55.7903669999999963
0
LINE
8
BLACK
6
CONTINUOUS
10
124.5993129999999951
20
-55.7903669999999963
11
124.7532579999999882
21
-55.7266009999999952
0
LINE
8
BLACK
6
CONTINUOUS
10
124.7532579999999882
20
-55.7266009999999952
11
124.9166850000000011
21
-55.6940929999999952
0
LINE
8
BLACK
6
CONTINUOUS
10
124.9166850000000011
20
-55.6940929999999952
11
125.0833149999999989
21
-55.6940929999999952
0
LINE
8
BLACK
6
CONTINUOUS
10
125.0833149999999989
20
-55.6940929999999952
11
125.2467419999999976
21
-55.7266009999999952
0
LINE
8
BLACK
6
CONTINUOUS
10
82.6684139999999985
20
-44.013852
11
82.8222279999999955
21
-44.0444479999999956
0
LINE
8
BLACK
6
CONTINUOUS
10
82.8222279999999955
20
-44.0444479999999956
11
82.9671170000000018
21
-44.1044629999999955
0
LINE
8
BLACK
6
CONTINUOUS
10
82.9671170000000018
20
-44.1044629999999955
11
83.0975150000000014
21
-44.191592
0
LINE
8
BLACK
6
CONTINUOUS
10
83.0975150000000014
20
-44.191592
11
83.2084079999999915
21
-44.3024849999999972
0
LINE
8
BLACK
6
CONTINUOUS
10
83.2084079999999915
20
-44.3024849999999972
11
83.2134289999999908
21
-44.3099999999999952
0
LINE
8
BLACK
6
CONTINUOUS
10
83.2134289999999908
20
-44.3099999999999952
11
84.6916999999999973
21
-44.3099999999999952
0
LINE
8
BLACK
6
CONTINUOUS
10
84.6916999999999973
20
-44.3099999999999952
11
84.7569479999999942
21
-44.314276999999997
0
LINE
8
BLACK
6
CONTINUOUS
10
84.7569479999999942
20
-44.314276999999997
11
84.7569629999999989
21
-44.314276999999997
0
LINE
8
BLACK
6
CONTINUOUS
10
84.7569629999999989
20
-44.314276999999997
11
84.8830420000000032
21
-44.3480599999999967
0
LINE
8
BLACK
6
CONTINUOUS
10
84.8830420000000032
20
-44.3480599999999967
11
84.9960809999999896
21
-44.4133229999999983
0
LINE
8
BLACK
6
CONTINUOUS
10
84.9960809999999896
20
-44.4133229999999983
11
84.9960959999999943
21
-44.413337999999996
0
LINE
8
BLACK
6
CONTINUOUS
10
84.9960959999999943
20
-44.413337999999996
11
85.0452530000000024
21
-44.4564469999999972
0
LINE
8
BLACK
6
CONTINUOUS
10
85.0452530000000024
20
-44.4564469999999972
11
87.7390070000000009
21
-47.1501999999999981
0
LINE
8
BLACK
6
CONTINUOUS
10
87.7390070000000009
20
-47.1501999999999981
11
93.1501999999999981
21
-47.1501999999999981
0
LINE
8
BLACK
6
CONTINUOUS
10
93.1501999999999981
20
-47.1501999999999981
11
93.215447999999995
21
-47.154477
0
LINE
8
BLACK
6
CONTINUOUS
10
93.215447999999995
20
-47.154477
11
93.2154629999999997
21
-47.154477
0
LINE
8
BLACK
6
CONTINUOUS
10
93.2154629999999997
20
-47.154477
11
93.3415419999999898
21
-47.1882599999999996
0
LINE
8
BLACK
6
CONTINUOUS
10
93.3415419999999898
20
-47.1882599999999996
11
93.4545809999999904
21
-47.2535230000000013
0
LINE
8
BLACK
6
CONTINUOUS
10
93.4545809999999904
20
-47.2535230000000013
11
93.4545959999999951
21
-47.2535379999999989
0
LINE
8
BLACK
6
CONTINUOUS
10
93.4545959999999951
20
-47.2535379999999989
11
93.503752999999989
21
-47.2966470000000001
0
LINE
8
BLACK
6
CONTINUOUS
10
93.503752999999989
20
-47.2966470000000001
11
101.4127220000000023
21
-55.2056149999999946
0
LINE
8
BLACK
6
CONTINUOUS
10
101.4127220000000023
20
-55.2056149999999946
11
101.4215859999999907
21
-55.2038519999999977
0
LINE
8
BLACK
6
CONTINUOUS
10
101.4215859999999907
20
-55.2038519999999977
11
101.5784139999999951
21
-55.2038519999999977
0
LINE
8
BLACK
6
CONTINUOUS
10
101.5784139999999951
20
-55.2038519999999977
11
101.7322279999999921
21
-55.2344480000000004
0
LINE
8
BLACK
6
CONTINUOUS
10
101.7322279999999921
20
-55.2344480000000004
11
101.8771169999999984
21
-55.2944630000000004
0
LINE
8
BLACK
6
CONTINUOUS
10
101.8771169999999984
20
-55.2944630000000004
11
102.0075149999999979
21
-55.3815919999999977
0
LINE
8
BLACK
6
CONTINUOUS
10
102.0075149999999979
20
-55.3815919999999977
11
102.1184080000000023
21
-55.492484999999995
0
LINE
8
BLACK
6
CONTINUOUS
10
102.1184080000000023
20
-55.492484999999995
11
102.2055369999999925
21
-55.6228829999999945
0
LINE
8
BLACK
6
CONTINUOUS
10
102.2055369999999925
20
-55.6228829999999945
11
102.2655519999999996
21
-55.7677720000000008
0
LINE
8
BLACK
6
CONTINUOUS
10
102.2655519999999996
20
-55.7677720000000008
11
102.2961480000000023
21
-55.9215859999999978
0
LINE
8
BLACK
6
CONTINUOUS
10
102.2961480000000023
20
-55.9215859999999978
11
102.2961480000000023
21
-56.0784139999999951
0
LINE
8
BLACK
6
CONTINUOUS
10
102.2961480000000023
20
-56.0784139999999951
11
102.2655519999999996
21
-56.2322279999999992
0
LINE
8
BLACK
6
CONTINUOUS
10
102.2655519999999996
20
-56.2322279999999992
11
102.2055369999999925
21
-56.3771169999999984
0
LINE
8
BLACK
6
CONTINUOUS
10
102.2055369999999925
20
-56.3771169999999984
11
102.1184080000000023
21
-56.5075149999999979
0
LINE
8
BLACK
6
CONTINUOUS
10
102.1184080000000023
20
-56.5075149999999979
11
102.0075149999999979
21
-56.6184079999999952
0
LINE
8
BLACK
6
CONTINUOUS
10
102.0075149999999979
20
-56.6184079999999952
11
101.8771169999999984
21
-56.7055369999999996
0
LINE
8
BLACK
6
CONTINUOUS
10
101.8771169999999984
20
-56.7055369999999996
11
101.7322279999999921
21
-56.7655519999999996
0
LINE
8
BLACK
6
CONTINUOUS
10
101.7322279999999921
20
-56.7655519999999996
11
101.5784139999999951
21
-56.7961479999999952
0
LINE
8
BLACK
6
CONTINUOUS
10
101.5784139999999951
20
-56.7961479999999952
11
101.4215859999999907
21
-56.7961479999999952
0
LINE
8
BLACK
6
CONTINUOUS
10
101.4215859999999907
20
-56.7961479999999952
11
101.2677719999999937
21
-56.7655519999999996
0
LINE
8
BLACK
6
CONTINUOUS
10
101.2677719999999937
20
-56.7655519999999996
11
101.1228830000000016
21
-56.7055369999999996
0
LINE
8
BLACK
6
CONTINUOUS
10
101.1228830000000016
20
-56.7055369999999996
11
100.9924850000000021
21
-56.6184079999999952
0
LINE
8
BLACK
6
CONTINUOUS
10
100.9924850000000021
20
-56.6184079999999952
11
100.8815919999999977
21
-56.5075149999999979
0
LINE
8
BLACK
6
CONTINUOUS
10
100.8815919999999977
20
-56.5075149999999979
11
100.7944629999999933
21
-56.3771169999999984
0
LINE
8
BLACK
6
CONTINUOUS
10
100.7944629999999933
20
-56.3771169999999984
11
100.7344480000000004
21
-56.2322279999999992
0
LINE
8
BLACK
6
CONTINUOUS
10
100.7344480000000004
20
-56.2322279999999992
11
100.7038519999999977
21
-56.0784139999999951
0
LINE
8
BLACK
6
CONTINUOUS
10
100.7038519999999977
20
-56.0784139999999951
11
100.7038519999999977
21
-55.9215859999999978
0
LINE
8
BLACK
6
CONTINUOUS
10
100.7038519999999977
20
-55.9215859999999978
11
100.7056149999999946
21
-55.9127219999999951
0
LINE
8
BLACK
6
CONTINUOUS
10
100.7056149999999946
20
-55.9127219999999951
11
92.9430940000000021
21
-48.1501999999999981
0
LINE
8
BLACK
6
CONTINUOUS
10
92.9430940000000021
20
-48.1501999999999981
11
87.5318999999999932
21
-48.1501999999999981
0
LINE
8
BLACK
6
CONTINUOUS
10
87.5318999999999932
20
-48.1501999999999981
11
87.4666519999999963
21
-48.1459229999999963
0
LINE
8
BLACK
6
CONTINUOUS
10
87.4666519999999963
20
-48.1459229999999963
11
87.4666369999999915
21
-48.1459229999999963
0
LINE
8
BLACK
6
CONTINUOUS
10
87.4666369999999915
20
-48.1459229999999963
11
87.3405580000000015
21
-48.1121399999999966
0
LINE
8
BLACK
6
CONTINUOUS
10
87.3405580000000015
20
-48.1121399999999966
11
87.2275190000000009
21
-48.046876999999995
0
LINE
8
BLACK
6
CONTINUOUS
10
87.2275190000000009
20
-48.046876999999995
11
87.2275099999999952
21
-48.0468679999999964
0
LINE
8
BLACK
6
CONTINUOUS
10
87.2275099999999952
20
-48.0468679999999964
11
87.1783459999999906
21
-48.0037529999999961
0
LINE
8
BLACK
6
CONTINUOUS
10
87.1783459999999906
20
-48.0037529999999961
11
84.4845940000000013
21
-45.3099999999999952
0
LINE
8
BLACK
6
CONTINUOUS
10
84.4845940000000013
20
-45.3099999999999952
11
83.2134289999999908
21
-45.3099999999999952
0
LINE
8
BLACK
6
CONTINUOUS
10
83.2134289999999908
20
-45.3099999999999952
11
83.2084079999999915
21
-45.3175150000000002
0
LINE
8
BLACK
6
CONTINUOUS
10
83.2084079999999915
20
-45.3175150000000002
11
83.0975150000000014
21
-45.4284079999999975
0
LINE
8
BLACK
6
CONTINUOUS
10
83.0975150000000014
20
-45.4284079999999975
11
82.9671170000000018
21
-45.5155369999999948
0
LINE
8
BLACK
6
CONTINUOUS
10
82.9671170000000018
20
-45.5155369999999948
11
82.8222279999999955
21
-45.5755519999999947
0
LINE
8
BLACK
6
CONTINUOUS
10
82.8222279999999955
20
-45.5755519999999947
11
82.6684139999999985
21
-45.6061479999999975
0
LINE
8
BLACK
6
CONTINUOUS
10
82.6684139999999985
20
-45.6061479999999975
11
82.5899999999999892
21
-45.6099999999999994
0
LINE
8
BLACK
6
CONTINUOUS
10
82.5899999999999892
20
-45.6099999999999994
11
81.789999999999992
21
-45.6099999999999994
0
LINE
8
BLACK
6
CONTINUOUS
10
81.789999999999992
20
-45.6099999999999994
11
81.7115859999999969
21
-45.6061479999999975
0
LINE
8
BLACK
6
CONTINUOUS
10
81.7115859999999969
20
-45.6061479999999975
11
81.5577719999999999
21
-45.5755519999999947
0
LINE
8
BLACK
6
CONTINUOUS
10
81.5577719999999999
20
-45.5755519999999947
11
81.4128829999999937
21
-45.5155369999999948
0
LINE
8
BLACK
6
CONTINUOUS
10
81.4128829999999937
20
-45.5155369999999948
11
81.2824849999999941
21
-45.4284079999999975
0
LINE
8
BLACK
6
CONTINUOUS
10
81.2824849999999941
20
-45.4284079999999975
11
81.1715919999999898
21
-45.3175150000000002
0
LINE
8
BLACK
6
CONTINUOUS
10
81.1715919999999898
20
-45.3175150000000002
11
81.0844629999999995
21
-45.1871170000000006
0
LINE
8
BLACK
6
CONTINUOUS
10
81.0844629999999995
20
-45.1871170000000006
11
81.0244479999999925
21
-45.0422280000000015
0
LINE
8
BLACK
6
CONTINUOUS
10
81.0244479999999925
20
-45.0422280000000015
11
80.9938519999999897
21
-44.8884139999999974
0
LINE
8
BLACK
6
CONTINUOUS
10
80.9938519999999897
20
-44.8884139999999974
11
80.9938519999999897
21
-44.7315860000000001
0
LINE
8
BLACK
6
CONTINUOUS
10
80.9938519999999897
20
-44.7315860000000001
11
81.0244479999999925
21
-44.577771999999996
0
LINE
8
BLACK
6
CONTINUOUS
10
81.0244479999999925
20
-44.577771999999996
11
81.0844629999999995
21
-44.4328829999999968
0
LINE
8
BLACK
6
CONTINUOUS
10
81.0844629999999995
20
-44.4328829999999968
11
81.1715919999999898
21
-44.3024849999999972
0
LINE
8
BLACK
6
CONTINUOUS
10
81.1715919999999898
20
-44.3024849999999972
11
81.2824849999999941
21
-44.191592
0
LINE
8
BLACK
6
CONTINUOUS
10
81.2824849999999941
20
-44.191592
11
81.4128829999999937
21
-44.1044629999999955
0
LINE
8
BLACK
6
CONTINUOUS
10
81.4128829999999937
20
-44.1044629999999955
11
81.5577719999999999
21
-44.0444479999999956
0
LINE
8
BLACK
6
CONTINUOUS
10
81.5577719999999999
20
-44.0444479999999956
11
81.7115859999999969
21
-44.013852
0
LINE
8
BLACK
6
CONTINUOUS
10
81.7115859999999969
20
-44.013852
11
81.789999999999992
21
-44.009999999999998
0
LINE
8
BLACK
6
CONTINUOUS
10
81.789999999999992
20
-44.009999999999998
11
82.5899999999999892
21
-44.009999999999998
0
LINE
8
BLACK
6
CONTINUOUS
10
82.5899999999999892
20
-44.009999999999998
11
82.6684139999999985
21
-44.013852
0
LINE
8
BLACK
6
CONTINUOUS
10
125.2467419999999976
20
-53.186600999999996
11
125.4006869999999907
21
-53.2503669999999971
0
LINE
8
BLACK
6
CONTINUOUS
10
125.4006869999999907
20
-53.2503669999999971
11
125.5392339999999933
21
-53.3429409999999962
0
LINE
8
BLACK
6
CONTINUOUS
10
125.5392339999999933
20
-53.3429409999999962
11
125.6570589999999896
21
-53.4607659999999996
0
LINE
8
BLACK
6
CONTINUOUS
10
125.6570589999999896
20
-53.4607659999999996
11
125.7496329999999887
21
-53.5993129999999951
0
LINE
8
BLACK
6
CONTINUOUS
10
125.7496329999999887
20
-53.5993129999999951
11
125.8133989999999898
21
-53.7532579999999953
0
LINE
8
BLACK
6
CONTINUOUS
10
125.8133989999999898
20
-53.7532579999999953
11
125.8459069999999969
21
-53.9166850000000011
0
LINE
8
BLACK
6
CONTINUOUS
10
125.8459069999999969
20
-53.9166850000000011
11
125.8459069999999969
21
-54.0833149999999989
0
LINE
8
BLACK
6
CONTINUOUS
10
125.8459069999999969
20
-54.0833149999999989
11
125.8133989999999898
21
-54.2467419999999976
0
LINE
8
BLACK
6
CONTINUOUS
10
125.8133989999999898
20
-54.2467419999999976
11
125.7496329999999887
21
-54.4006869999999978
0
LINE
8
BLACK
6
CONTINUOUS
10
125.7496329999999887
20
-54.4006869999999978
11
125.6570589999999896
21
-54.5392340000000004
0
LINE
8
BLACK
6
CONTINUOUS
10
125.6570589999999896
20
-54.5392340000000004
11
125.5392339999999933
21
-54.6570589999999967
0
LINE
8
BLACK
6
CONTINUOUS
10
125.5392339999999933
20
-54.6570589999999967
11
125.4006869999999907
21
-54.7496329999999958
0
LINE
8
BLACK
6
CONTINUOUS
10
125.4006869999999907
20
-54.7496329999999958
11
125.2467419999999976
21
-54.8133989999999969
0
LINE
8
BLACK
6
CONTINUOUS
10
125.2467419999999976
20
-54.8133989999999969
11
125.0833149999999989
21
-54.8459069999999969
0
LINE
8
BLACK
6
CONTINUOUS
10
125.0833149999999989
20
-54.8459069999999969
11
124.9166850000000011
21
-54.8459069999999969
0
LINE
8
BLACK
6
CONTINUOUS
10
124.9166850000000011
20
-54.8459069999999969
11
124.7532579999999882
21
-54.8133989999999969
0
LINE
8
BLACK
6
CONTINUOUS
10
124.7532579999999882
20
-54.8133989999999969
11
124.5993129999999951
21
-54.7496329999999958
0
LINE
8
BLACK
6
CONTINUOUS
10
124.5993129999999951
20
-54.7496329999999958
11
124.4607659999999925
21
-54.6570589999999967
0
LINE
8
BLACK
6
CONTINUOUS
10
124.4607659999999925
20
-54.6570589999999967
11
124.3429409999999962
21
-54.5392340000000004
0
LINE
8
BLACK
6
CONTINUOUS
10
124.3429409999999962
20
-54.5392340000000004
11
124.2503669999999971
21
-54.4006869999999978
0
LINE
8
BLACK
6
CONTINUOUS
10
124.2503669999999971
20
-54.4006869999999978
11
124.186600999999996
21
-54.2467419999999976
0
LINE
8
BLACK
6
CONTINUOUS
10
124.186600999999996
20
-54.2467419999999976
11
124.1540929999999889
21
-54.0833149999999989
0
LINE
8
BLACK
6
CONTINUOUS
10
124.1540929999999889
20
-54.0833149999999989
11
124.1540929999999889
21
-53.9166850000000011
0
LINE
8
BLACK
6
CONTINUOUS
10
124.1540929999999889
20
-53.9166850000000011
11
124.186600999999996
21
-53.7532579999999953
0
LINE
8
BLACK
6
CONTINUOUS
10
124.186600999999996
20
-53.7532579999999953
11
124.2503669999999971
21
-53.5993129999999951
0
LINE
8
BLACK
6
CONTINUOUS
10
124.2503669999999971
20
-53.5993129999999951
11
124.3429409999999962
21
-53.4607659999999996
0
LINE
8
BLACK
6
CONTINUOUS
10
124.3429409999999962
20
-53.4607659999999996
11
124.4607659999999925
21
-53.3429409999999962
0
LINE
8
BLACK
6
CONTINUOUS
10
124.4607659999999925
20
-53.3429409999999962
11
124.5993129999999951
21
-53.2503669999999971
0
LINE
8
BLACK
6
CONTINUOUS
10
124.5993129999999951
20
-53.2503669999999971
11
124.7532579999999882
21
-53.186600999999996
0
LINE
8
BLACK
6
CONTINUOUS
10
124.7532579999999882
20
-53.186600999999996
11
124.9166850000000011
21
-53.154092999999996
0
LINE
8
BLACK
6
CONTINUOUS
10
124.9166850000000011
20
-53.154092999999996
11
125.0833149999999989
21
-53.154092999999996
0
LINE
8
BLACK
6
CONTINUOUS
10
125.0833149999999989
20
-53.154092999999996
11
125.2467419999999976
21
-53.186600999999996
0
LINE
8
BLACK
6
CONTINUOUS
10
125.2467419999999976
20
-50.6466009999999969
11
125.4006869999999907
21
-50.710366999999998
0
LINE
8
BLACK
6
CONTINUOUS
10
125.4006869999999907
20
-50.710366999999998
11
125.5392339999999933
21
-50.802940999999997
0
LINE
8
BLACK
6
CONTINUOUS
10
125.5392339999999933
20
-50.802940999999997
11
125.6570589999999896
21
-50.9207660000000004
0
LINE
8
BLACK
6
CONTINUOUS
10
125.6570589999999896
20
-50.9207660000000004
11
125.7496329999999887
21
-51.059312999999996
0
LINE
8
BLACK
6
CONTINUOUS
10
125.7496329999999887
20
-51.059312999999996
11
125.8133989999999898
21
-51.2132579999999962
0
LINE
8
BLACK
6
CONTINUOUS
10
125.8133989999999898
20
-51.2132579999999962
11
125.8459069999999969
21
-51.3766849999999948
0
LINE
8
BLACK
6
CONTINUOUS
10
125.8459069999999969
20
-51.3766849999999948
11
125.8459069999999969
21
-51.5433149999999998
0
LINE
8
BLACK
6
CONTINUOUS
10
125.8459069999999969
20
-51.5433149999999998
11
125.8133989999999898
21
-51.7067419999999984
0
LINE
8
BLACK
6
CONTINUOUS
10
125.8133989999999898
20
-51.7067419999999984
11
125.7496329999999887
21
-51.8606869999999986
0
LINE
8
BLACK
6
CONTINUOUS
10
125.7496329999999887
20
-51.8606869999999986
11
125.6570589999999896
21
-51.9992339999999942
0
LINE
8
BLACK
6
CONTINUOUS
10
125.6570589999999896
20
-51.9992339999999942
11
125.5392339999999933
21
-52.1170589999999976
0
LINE
8
BLACK
6
CONTINUOUS
10
125.5392339999999933
20
-52.1170589999999976
11
125.4006869999999907
21
-52.2096329999999966
0
LINE
8
BLACK
6
CONTINUOUS
10
125.4006869999999907
20
-52.2096329999999966
11
125.2467419999999976
21
-52.2733989999999977
0
LINE
8
BLACK
6
CONTINUOUS
10
125.2467419999999976
20
-52.2733989999999977
11
125.0833149999999989
21
-52.3059069999999977
0
LINE
8
BLACK
6
CONTINUOUS
10
125.0833149999999989
20
-52.3059069999999977
11
124.9166850000000011
21
-52.3059069999999977
0
LINE
8
BLACK
6
CONTINUOUS
10
124.9166850000000011
20
-52.3059069999999977
11
124.7532579999999882
21
-52.2733989999999977
0
LINE
8
BLACK
6
CONTINUOUS
10
124.7532579999999882
20
-52.2733989999999977
11
124.5993129999999951
21
-52.2096329999999966
0
LINE
8
BLACK
6
CONTINUOUS
10
124.5993129999999951
20
-52.2096329999999966
11
124.4607659999999925
21
-52.1170589999999976
0
LINE
8
BLACK
6
CONTINUOUS
10
124.4607659999999925
20
-52.1170589999999976
11
124.3429409999999962
21
-51.9992339999999942
0
LINE
8
BLACK
6
CONTINUOUS
10
124.3429409999999962
20
-51.9992339999999942
11
124.2503669999999971
21
-51.8606869999999986
0
LINE
8
BLACK
6
CONTINUOUS
10
124.2503669999999971
20
-51.8606869999999986
11
124.186600999999996
21
-51.7067419999999984
0
LINE
8
BLACK
6
CONTINUOUS
10
124.186600999999996
20
-51.7067419999999984
11
124.1540929999999889
21
-51.5433149999999998
0
LINE
8
BLACK
6
CONTINUOUS
10
124.1540929999999889
20
-51.5433149999999998
11
124.1540929999999889
21
-51.3766849999999948
0
LINE
8
BLACK
6
CONTINUOUS
10
124.1540929999999889
20
-51.3766849999999948
11
124.186600999999996
21
-51.2132579999999962
0
LINE
8
BLACK
6
CONTINUOUS
10
124.186600999999996
20
-51.2132579999999962
11
124.2503669999999971
21
-51.059312999999996
0
LINE
8
BLACK
6
CONTINUOUS
10
124.2503669999999971
20
-51.059312999999996
11
124.3429409999999962
21
-50.9207660000000004
0
LINE
8
BLACK
6
CONTINUOUS
10
124.3429409999999962
20
-50.9207660000000004
11
124.4607659999999925
21
-50.802940999999997
0
LINE
8
BLACK
6
CONTINUOUS
10
124.4607659999999925
20
-50.802940999999997
11
124.5993129999999951
21
-50.710366999999998
0
LINE
8
BLACK
6
CONTINUOUS
10
124.5993129999999951
20
-50.710366999999998
11
124.7532579999999882
21
-50.6466009999999969
0
LINE
8
BLACK
6
CONTINUOUS
10
124.7532579999999882
20
-50.6466009999999969
11
124.9166850000000011
21
-50.6140929999999969
0
LINE
8
BLACK
6
CONTINUOUS
10
124.9166850000000011
20
-50.6140929999999969
11
125.0833149999999989
21
-50.6140929999999969
0
LINE
8
BLACK
6
CONTINUOUS
10
125.0833149999999989
20
-50.6140929999999969
11
125.2467419999999976
21
-50.6466009999999969
0
LINE
8
BLACK
6
CONTINUOUS
10
124.5833359999999885
20
-44.4786080000000013
11
124.6247199999999964
21
-44.5199919999999949
0
LINE
8
BLACK
6
CONTINUOUS
10
124.6247199999999964
20
-44.5199919999999949
11
124.6471179999999919
21
-44.5740639999999999
0
LINE
8
BLACK
6
CONTINUOUS
10
124.6471179999999919
20
-44.5740639999999999
11
124.6499999999999915
21
-44.6033279999999976
0
LINE
8
BLACK
6
CONTINUOUS
10
124.6499999999999915
20
-44.6033279999999976
11
124.6499999999999915
21
-45.6747569999999996
0
LINE
8
BLACK
6
CONTINUOUS
10
124.6499999999999915
20
-45.6747569999999996
11
124.6485409999999945
21
-45.6895680000000013
0
LINE
8
BLACK
6
CONTINUOUS
10
124.6485409999999945
20
-45.6895680000000013
11
124.6488219999999956
21
-45.6935179999999974
0
LINE
8
BLACK
6
CONTINUOUS
10
124.6488219999999956
20
-45.6935179999999974
11
124.6476399999999956
21
-45.6987120000000004
0
LINE
8
BLACK
6
CONTINUOUS
10
124.6476399999999956
20
-45.6987120000000004
11
124.6471179999999919
21
-45.7040209999999973
0
LINE
8
BLACK
6
CONTINUOUS
10
124.6471179999999919
20
-45.7040209999999973
11
124.6456009999999992
21
-45.7076819999999984
0
LINE
8
BLACK
6
CONTINUOUS
10
124.6456009999999992
20
-45.7076819999999984
11
124.6423020000000008
21
-45.7221919999999997
0
LINE
8
BLACK
6
CONTINUOUS
10
124.6423020000000008
20
-45.7221919999999997
11
124.5708729999999917
21
-45.9364769999999965
0
LINE
8
BLACK
6
CONTINUOUS
10
124.5708729999999917
20
-45.9364769999999965
11
124.5588849999999894
21
-45.9633269999999996
0
LINE
8
BLACK
6
CONTINUOUS
10
124.5588849999999894
20
-45.9633269999999996
11
124.5553539999999941
21
-45.9673969999999983
0
LINE
8
BLACK
6
CONTINUOUS
10
124.5553539999999941
20
-45.9673969999999983
11
124.553291999999999
21
-45.9723769999999945
0
LINE
8
BLACK
6
CONTINUOUS
10
124.553291999999999
20
-45.9723769999999945
11
124.5346369999999894
21
-45.9951079999999948
0
LINE
8
BLACK
6
CONTINUOUS
10
124.5346369999999894
20
-45.9951079999999948
11
124.3917799999999971
21
-46.1379659999999987
0
LINE
8
BLACK
6
CONTINUOUS
10
124.3917799999999971
20
-46.1379659999999987
11
124.3690500000000014
21
-46.1566210000000012
0
LINE
8
BLACK
6
CONTINUOUS
10
124.3690500000000014
20
-46.1566210000000012
11
124.3640699999999981
21
-46.1586829999999964
0
LINE
8
BLACK
6
CONTINUOUS
10
124.3640699999999981
20
-46.1586829999999964
11
124.3599989999999877
21
-46.1622149999999962
0
LINE
8
BLACK
6
CONTINUOUS
10
124.3599989999999877
20
-46.1622149999999962
11
124.3331479999999942
21
-46.1742029999999986
0
LINE
8
BLACK
6
CONTINUOUS
10
124.3331479999999942
20
-46.1742029999999986
11
124.1188619999999929
21
-46.2456309999999959
0
LINE
8
BLACK
6
CONTINUOUS
10
124.1188619999999929
20
-46.2456309999999959
11
124.1043489999999991
21
-46.2489300000000014
0
LINE
8
BLACK
6
CONTINUOUS
10
124.1043489999999991
20
-46.2489300000000014
11
124.1006919999999951
21
-46.2504459999999966
0
LINE
8
BLACK
6
CONTINUOUS
10
124.1006919999999951
20
-46.2504459999999966
11
124.0953889999999973
21
-46.2509680000000003
0
LINE
8
BLACK
6
CONTINUOUS
10
124.0953889999999973
20
-46.2509680000000003
11
124.0901879999999977
21
-46.2521509999999978
0
LINE
8
BLACK
6
CONTINUOUS
10
124.0901879999999977
20
-46.2521509999999978
11
124.0862329999999929
21
-46.2518689999999992
0
LINE
8
BLACK
6
CONTINUOUS
10
124.0862329999999929
20
-46.2518689999999992
11
124.0714279999999974
21
-46.2533279999999962
0
LINE
8
BLACK
6
CONTINUOUS
10
124.0714279999999974
20
-46.2533279999999962
11
123.9285709999999909
21
-46.2533279999999962
0
LINE
8
BLACK
6
CONTINUOUS
10
123.9285709999999909
20
-46.2533279999999962
11
123.8993069999999932
21
-46.2504459999999966
0
LINE
8
BLACK
6
CONTINUOUS
10
123.8993069999999932
20
-46.2504459999999966
11
123.8452349999999882
21
-46.2280480000000011
0
LINE
8
BLACK
6
CONTINUOUS
10
123.8452349999999882
20
-46.2280480000000011
11
123.8038509999999945
21
-46.1866640000000004
0
LINE
8
BLACK
6
CONTINUOUS
10
123.8038509999999945
20
-46.1866640000000004
11
123.7814529999999991
21
-46.1325919999999954
0
LINE
8
BLACK
6
CONTINUOUS
10
123.7814529999999991
20
-46.1325919999999954
11
123.7814529999999991
21
-46.0740639999999999
0
LINE
8
BLACK
6
CONTINUOUS
10
123.7814529999999991
20
-46.0740639999999999
11
123.8038509999999945
21
-46.0199919999999949
0
LINE
8
BLACK
6
CONTINUOUS
10
123.8038509999999945
20
-46.0199919999999949
11
123.8452349999999882
21
-45.9786080000000013
0
LINE
8
BLACK
6
CONTINUOUS
10
123.8452349999999882
20
-45.9786080000000013
11
123.8993069999999932
21
-45.9562099999999987
0
LINE
8
BLACK
6
CONTINUOUS
10
123.8993069999999932
20
-45.9562099999999987
11
123.9285709999999909
21
-45.9533279999999991
0
LINE
8
BLACK
6
CONTINUOUS
10
123.9285709999999909
20
-45.9533279999999991
11
124.0470849999999956
21
-45.9533279999999991
0
LINE
8
BLACK
6
CONTINUOUS
10
124.0470849999999956
20
-45.9533279999999991
11
124.2046869999999927
21
-45.9007939999999977
0
LINE
8
BLACK
6
CONTINUOUS
10
124.2046869999999927
20
-45.9007939999999977
11
124.297466
21
-45.808014
0
LINE
8
BLACK
6
CONTINUOUS
10
124.297466
20
-45.808014
11
124.3499999999999943
21
-45.6504159999999999
0
LINE
8
BLACK
6
CONTINUOUS
10
124.3499999999999943
20
-45.6504159999999999
11
124.3499999999999943
21
-44.6033279999999976
0
LINE
8
BLACK
6
CONTINUOUS
10
124.3499999999999943
20
-44.6033279999999976
11
124.3528819999999939
21
-44.5740639999999999
0
LINE
8
BLACK
6
CONTINUOUS
10
124.3528819999999939
20
-44.5740639999999999
11
124.3752799999999894
21
-44.5199919999999949
0
LINE
8
BLACK
6
CONTINUOUS
10
124.3752799999999894
20
-44.5199919999999949
11
124.4166639999999973
21
-44.4786080000000013
0
LINE
8
BLACK
6
CONTINUOUS
10
124.4166639999999973
20
-44.4786080000000013
11
124.4707359999999881
21
-44.4562099999999987
0
LINE
8
BLACK
6
CONTINUOUS
10
124.4707359999999881
20
-44.4562099999999987
11
124.5292639999999977
21
-44.4562099999999987
0
LINE
8
BLACK
6
CONTINUOUS
10
124.5292639999999977
20
-44.4562099999999987
11
124.5833359999999885
21
-44.4786080000000013
0
LINE
8
BLACK
6
CONTINUOUS
10
125.5742849999999891
20
-44.4015859999999947
11
125.6184989999999999
21
-44.4399340000000009
0
LINE
8
BLACK
6
CONTINUOUS
10
125.6184989999999999
20
-44.4399340000000009
11
125.6446729999999974
21
-44.4922809999999984
0
LINE
8
BLACK
6
CONTINUOUS
10
125.6446729999999974
20
-44.4922809999999984
11
125.6488219999999956
21
-44.5506609999999981
0
LINE
8
BLACK
6
CONTINUOUS
10
125.6488219999999956
20
-44.5506609999999981
11
125.6423020000000008
21
-44.5793350000000004
0
LINE
8
BLACK
6
CONTINUOUS
10
125.6423020000000008
20
-44.5793350000000004
11
125.3509699999999896
21
-45.4533279999999991
0
LINE
8
BLACK
6
CONTINUOUS
10
125.3509699999999896
20
-45.4533279999999991
11
125.7071429999999879
21
-45.4533279999999991
0
LINE
8
BLACK
6
CONTINUOUS
10
125.7071429999999879
20
-45.4533279999999991
11
125.7071429999999879
21
-45.1033279999999976
0
LINE
8
BLACK
6
CONTINUOUS
10
125.7071429999999879
20
-45.1033279999999976
11
125.7100249999999875
21
-45.0740639999999999
0
LINE
8
BLACK
6
CONTINUOUS
10
125.7100249999999875
20
-45.0740639999999999
11
125.7324229999999972
21
-45.0199919999999949
0
LINE
8
BLACK
6
CONTINUOUS
10
125.7324229999999972
20
-45.0199919999999949
11
125.7738069999999908
21
-44.9786080000000013
0
LINE
8
BLACK
6
CONTINUOUS
10
125.7738069999999908
20
-44.9786080000000013
11
125.8278789999999958
21
-44.9562099999999987
0
LINE
8
BLACK
6
CONTINUOUS
10
125.8278789999999958
20
-44.9562099999999987
11
125.8864069999999913
21
-44.9562099999999987
0
LINE
8
BLACK
6
CONTINUOUS
10
125.8864069999999913
20
-44.9562099999999987
11
125.9404789999999963
21
-44.9786080000000013
0
LINE
8
BLACK
6
CONTINUOUS
10
125.9404789999999963
20
-44.9786080000000013
11
125.9818629999999899
21
-45.0199919999999949
0
LINE
8
BLACK
6
CONTINUOUS
10
125.9818629999999899
20
-45.0199919999999949
11
126.0042609999999996
21
-45.0740639999999999
0
LINE
8
BLACK
6
CONTINUOUS
10
126.0042609999999996
20
-45.0740639999999999
11
126.0071429999999992
21
-45.1033279999999976
0
LINE
8
BLACK
6
CONTINUOUS
10
126.0071429999999992
20
-45.1033279999999976
11
126.0071429999999992
21
-45.4533279999999991
0
LINE
8
BLACK
6
CONTINUOUS
10
126.0071429999999992
20
-45.4533279999999991
11
126.0714279999999974
21
-45.4533279999999991
0
LINE
8
BLACK
6
CONTINUOUS
10
126.0714279999999974
20
-45.4533279999999991
11
126.1006919999999951
21
-45.4562099999999987
0
LINE
8
BLACK
6
CONTINUOUS
10
126.1006919999999951
20
-45.4562099999999987
11
126.1547640000000001
21
-45.4786080000000013
0
LINE
8
BLACK
6
CONTINUOUS
10
126.1547640000000001
20
-45.4786080000000013
11
126.1961479999999938
21
-45.5199919999999949
0
LINE
8
BLACK
6
CONTINUOUS
10
126.1961479999999938
20
-45.5199919999999949
11
126.2185459999999892
21
-45.5740639999999999
0
LINE
8
BLACK
6
CONTINUOUS
10
126.2185459999999892
20
-45.5740639999999999
11
126.2185459999999892
21
-45.6325919999999954
0
LINE
8
BLACK
6
CONTINUOUS
10
126.2185459999999892
20
-45.6325919999999954
11
126.1961479999999938
21
-45.6866640000000004
0
LINE
8
BLACK
6
CONTINUOUS
10
126.1961479999999938
20
-45.6866640000000004
11
126.1547640000000001
21
-45.7280480000000011
0
LINE
8
BLACK
6
CONTINUOUS
10
126.1547640000000001
20
-45.7280480000000011
11
126.1006919999999951
21
-45.7504459999999966
0
LINE
8
BLACK
6
CONTINUOUS
10
126.1006919999999951
20
-45.7504459999999966
11
126.0714279999999974
21
-45.7533279999999962
0
LINE
8
BLACK
6
CONTINUOUS
10
126.0714279999999974
20
-45.7533279999999962
11
126.0071429999999992
21
-45.7533279999999962
0
LINE
8
BLACK
6
CONTINUOUS
10
126.0071429999999992
20
-45.7533279999999962
11
126.0071429999999992
21
-46.1033279999999976
0
LINE
8
BLACK
6
CONTINUOUS
10
126.0071429999999992
20
-46.1033279999999976
11
126.0042609999999996
21
-46.1325919999999954
0
LINE
8
BLACK
6
CONTINUOUS
10
126.0042609999999996
20
-46.1325919999999954
11
125.9818629999999899
21
-46.1866640000000004
0
LINE
8
BLACK
6
CONTINUOUS
10
125.9818629999999899
20
-46.1866640000000004
11
125.9404789999999963
21
-46.2280480000000011
0
LINE
8
BLACK
6
CONTINUOUS
10
125.9404789999999963
20
-46.2280480000000011
11
125.8864069999999913
21
-46.2504459999999966
0
LINE
8
BLACK
6
CONTINUOUS
10
125.8864069999999913
20
-46.2504459999999966
11
125.8278789999999958
21
-46.2504459999999966
0
LINE
8
BLACK
6
CONTINUOUS
10
125.8278789999999958
20
-46.2504459999999966
11
125.7738069999999908
21
-46.2280480000000011
0
LINE
8
BLACK
6
CONTINUOUS
10
125.7738069999999908
20
-46.2280480000000011
11
125.7324229999999972
21
-46.1866640000000004
0
LINE
8
BLACK
6
CONTINUOUS
10
125.7324229999999972
20
-46.1866640000000004
11
125.7100249999999875
21
-46.1325919999999954
0
LINE
8
BLACK
6
CONTINUOUS
10
125.7100249999999875
20
-46.1325919999999954
11
125.7071429999999879
21
-46.1033279999999976
0
LINE
8
BLACK
6
CONTINUOUS
10
125.7071429999999879
20
-46.1033279999999976
11
125.7071429999999879
21
-45.7533279999999962
0
LINE
8
BLACK
6
CONTINUOUS
10
125.7071429999999879
20
-45.7533279999999962
11
125.1428569999999922
21
-45.7533279999999962
0
LINE
8
BLACK
6
CONTINUOUS
10
125.1428569999999922
20
-45.7533279999999962
11
125.1280450000000002
21
-45.7518689999999992
0
LINE
8
BLACK
6
CONTINUOUS
10
125.1280450000000002
20
-45.7518689999999992
11
125.1240959999999944
21
-45.7521500000000003
0
LINE
8
BLACK
6
CONTINUOUS
10
125.1240959999999944
20
-45.7521500000000003
11
125.1212439999999901
21
-45.7511989999999997
0
LINE
8
BLACK
6
CONTINUOUS
10
125.1212439999999901
20
-45.7511989999999997
11
125.1135929999999945
21
-45.7504459999999966
0
LINE
8
BLACK
6
CONTINUOUS
10
125.1135929999999945
20
-45.7504459999999966
11
125.0913779999999917
21
-45.7412439999999947
0
LINE
8
BLACK
6
CONTINUOUS
10
125.0913779999999917
20
-45.7412439999999947
11
125.068571999999989
21
-45.7336419999999961
0
LINE
8
BLACK
6
CONTINUOUS
10
125.068571999999989
20
-45.7336419999999961
11
125.0644999999999953
21
-45.7301099999999963
0
LINE
8
BLACK
6
CONTINUOUS
10
125.0644999999999953
20
-45.7301099999999963
11
125.0595209999999895
21
-45.7280480000000011
0
LINE
8
BLACK
6
CONTINUOUS
10
125.0595209999999895
20
-45.7280480000000011
11
125.0425189999999986
21
-45.7110459999999961
0
LINE
8
BLACK
6
CONTINUOUS
10
125.0425189999999986
20
-45.7110459999999961
11
125.0243579999999923
21
-45.6952949999999944
0
LINE
8
BLACK
6
CONTINUOUS
10
125.0243579999999923
20
-45.6952949999999944
11
125.0219469999999973
21
-45.6904739999999947
0
LINE
8
BLACK
6
CONTINUOUS
10
125.0219469999999973
20
-45.6904739999999947
11
125.0181369999999959
21
-45.6866640000000004
0
LINE
8
BLACK
6
CONTINUOUS
10
125.0181369999999959
20
-45.6866640000000004
11
125.0089359999999914
21
-45.6644519999999972
0
LINE
8
BLACK
6
CONTINUOUS
10
125.0089359999999914
20
-45.6644519999999972
11
124.9981839999999949
21
-45.642947999999997
0
LINE
8
BLACK
6
CONTINUOUS
10
124.9981839999999949
20
-45.642947999999997
11
124.9978009999999955
21
-45.6375719999999987
0
LINE
8
BLACK
6
CONTINUOUS
10
124.9978009999999955
20
-45.6375719999999987
11
124.9957390000000004
21
-45.6325919999999954
0
LINE
8
BLACK
6
CONTINUOUS
10
124.9957390000000004
20
-45.6325919999999954
11
124.9957390000000004
21
-45.6085439999999949
0
LINE
8
BLACK
6
CONTINUOUS
10
124.9957390000000004
20
-45.6085439999999949
11
124.9940349999999967
21
-45.5845669999999998
0
LINE
8
BLACK
6
CONTINUOUS
10
124.9940349999999967
20
-45.5845669999999998
11
124.9957390000000004
21
-45.5770729999999986
0
LINE
8
BLACK
6
CONTINUOUS
10
124.9957390000000004
20
-45.5770729999999986
11
124.9957390000000004
21
-45.5740639999999999
0
LINE
8
BLACK
6
CONTINUOUS
10
124.9957390000000004
20
-45.5740639999999999
11
124.997255999999993
21
-45.5704009999999968
0
LINE
8
BLACK
6
CONTINUOUS
10
124.997255999999993
20
-45.5704009999999968
11
125.0005549999999914
21
-45.555893999999995
0
LINE
8
BLACK
6
CONTINUOUS
10
125.0005549999999914
20
-45.555893999999995
11
125.3576969999999875
21
-44.4844659999999976
0
LINE
8
BLACK
6
CONTINUOUS
10
125.3576969999999875
20
-44.4844659999999976
11
125.3696859999999873
21
-44.457614999999997
0
LINE
8
BLACK
6
CONTINUOUS
10
125.3696859999999873
20
-44.457614999999997
11
125.408032999999989
21
-44.4134010000000004
0
LINE
8
BLACK
6
CONTINUOUS
10
125.408032999999989
20
-44.4134010000000004
11
125.4603800000000007
21
-44.3872269999999958
0
LINE
8
BLACK
6
CONTINUOUS
10
125.4603800000000007
20
-44.3872269999999958
11
125.5187600000000003
21
-44.3830779999999976
0
LINE
8
BLACK
6
CONTINUOUS
10
125.5187600000000003
20
-44.3830779999999976
11
125.5742849999999891
21
-44.4015859999999947
0
LINE
8
BLACK
6
CONTINUOUS
10
90.2884139999999888
20
-44.013852
11
90.4422280000000001
21
-44.0444479999999956
0
LINE
8
BLACK
6
CONTINUOUS
10
90.4422280000000001
20
-44.0444479999999956
11
90.5871169999999921
21
-44.1044629999999955
0
LINE
8
BLACK
6
CONTINUOUS
10
90.5871169999999921
20
-44.1044629999999955
11
90.7175149999999917
21
-44.191592
0
LINE
8
BLACK
6
CONTINUOUS
10
90.7175149999999917
20
-44.191592
11
90.828407999999996
21
-44.3024849999999972
0
LINE
8
BLACK
6
CONTINUOUS
10
90.828407999999996
20
-44.3024849999999972
11
90.9155370000000005
21
-44.4328829999999968
0
LINE
8
BLACK
6
CONTINUOUS
10
90.9155370000000005
20
-44.4328829999999968
11
90.9755519999999933
21
-44.577771999999996
0
LINE
8
BLACK
6
CONTINUOUS
10
90.9755519999999933
20
-44.577771999999996
11
91.006147999999996
21
-44.7315860000000001
0
LINE
8
BLACK
6
CONTINUOUS
10
91.006147999999996
20
-44.7315860000000001
11
91.006147999999996
21
-44.8884139999999974
0
LINE
8
BLACK
6
CONTINUOUS
10
91.006147999999996
20
-44.8884139999999974
11
90.9755519999999933
21
-45.0422280000000015
0
LINE
8
BLACK
6
CONTINUOUS
10
90.9755519999999933
20
-45.0422280000000015
11
90.9155370000000005
21
-45.1871170000000006
0
LINE
8
BLACK
6
CONTINUOUS
10
90.9155370000000005
20
-45.1871170000000006
11
90.828407999999996
21
-45.3175150000000002
0
LINE
8
BLACK
6
CONTINUOUS
10
90.828407999999996
20
-45.3175150000000002
11
90.7175149999999917
21
-45.4284079999999975
0
LINE
8
BLACK
6
CONTINUOUS
10
90.7175149999999917
20
-45.4284079999999975
11
90.5871169999999921
21
-45.5155369999999948
0
LINE
8
BLACK
6
CONTINUOUS
10
90.5871169999999921
20
-45.5155369999999948
11
90.4422280000000001
21
-45.5755519999999947
0
LINE
8
BLACK
6
CONTINUOUS
10
90.4422280000000001
20
-45.5755519999999947
11
90.2884139999999888
21
-45.6061479999999975
0
LINE
8
BLACK
6
CONTINUOUS
10
90.2884139999999888
20
-45.6061479999999975
11
90.2099999999999937
21
-45.6099999999999994
0
LINE
8
BLACK
6
CONTINUOUS
10
90.2099999999999937
20
-45.6099999999999994
11
89.4099999999999966
21
-45.6099999999999994
0
LINE
8
BLACK
6
CONTINUOUS
10
89.4099999999999966
20
-45.6099999999999994
11
89.3315860000000015
21
-45.6061479999999975
0
LINE
8
BLACK
6
CONTINUOUS
10
89.3315860000000015
20
-45.6061479999999975
11
89.1777719999999903
21
-45.5755519999999947
0
LINE
8
BLACK
6
CONTINUOUS
10
89.1777719999999903
20
-45.5755519999999947
11
89.0328829999999982
21
-45.5155369999999948
0
LINE
8
BLACK
6
CONTINUOUS
10
89.0328829999999982
20
-45.5155369999999948
11
88.9024849999999986
21
-45.4284079999999975
0
LINE
8
BLACK
6
CONTINUOUS
10
88.9024849999999986
20
-45.4284079999999975
11
88.7915919999999943
21
-45.3175150000000002
0
LINE
8
BLACK
6
CONTINUOUS
10
88.7915919999999943
20
-45.3175150000000002
11
88.7044629999999898
21
-45.1871170000000006
0
LINE
8
BLACK
6
CONTINUOUS
10
88.7044629999999898
20
-45.1871170000000006
11
88.644447999999997
21
-45.0422280000000015
0
LINE
8
BLACK
6
CONTINUOUS
10
88.644447999999997
20
-45.0422280000000015
11
88.6138519999999943
21
-44.8884139999999974
0
LINE
8
BLACK
6
CONTINUOUS
10
88.6138519999999943
20
-44.8884139999999974
11
88.6138519999999943
21
-44.7315860000000001
0
LINE
8
BLACK
6
CONTINUOUS
10
88.6138519999999943
20
-44.7315860000000001
11
88.644447999999997
21
-44.577771999999996
0
LINE
8
BLACK
6
CONTINUOUS
10
88.644447999999997
20
-44.577771999999996
11
88.7044629999999898
21
-44.4328829999999968
0
LINE
8
BLACK
6
CONTINUOUS
10
88.7044629999999898
20
-44.4328829999999968
11
88.7915919999999943
21
-44.3024849999999972
0
LINE
8
BLACK
6
CONTINUOUS
10
88.7915919999999943
20
-44.3024849999999972
11
88.9024849999999986
21
-44.191592
0
LINE
8
BLACK
6
CONTINUOUS
10
88.9024849999999986
20
-44.191592
11
89.0328829999999982
21
-44.1044629999999955
0
LINE
8
BLACK
6
CONTINUOUS
10
89.0328829999999982
20
-44.1044629999999955
11
89.1777719999999903
21
-44.0444479999999956
0
LINE
8
BLACK
6
CONTINUOUS
10
89.1777719999999903
20
-44.0444479999999956
11
89.3315860000000015
21
-44.013852
0
LINE
8
BLACK
6
CONTINUOUS
10
89.3315860000000015
20
-44.013852
11
89.4099999999999966
21
-44.009999999999998
0
LINE
8
BLACK
6
CONTINUOUS
10
89.4099999999999966
20
-44.009999999999998
11
90.2099999999999937
21
-44.009999999999998
0
LINE
8
BLACK
6
CONTINUOUS
10
90.2099999999999937
20
-44.009999999999998
11
90.2884139999999888
21
-44.013852
0
LINE
8
BLACK
6
CONTINUOUS
10
82.6684139999999985
20
-41.4738520000000008
11
82.8222279999999955
21
-41.5044479999999965
0
LINE
8
BLACK
6
CONTINUOUS
10
82.8222279999999955
20
-41.5044479999999965
11
82.9671170000000018
21
-41.5644629999999964
0
LINE
8
BLACK
6
CONTINUOUS
10
82.9671170000000018
20
-41.5644629999999964
11
83.0975150000000014
21
-41.6515920000000008
0
LINE
8
BLACK
6
CONTINUOUS
10
83.0975150000000014
20
-41.6515920000000008
11
83.2084079999999915
21
-41.7624849999999981
0
LINE
8
BLACK
6
CONTINUOUS
10
83.2084079999999915
20
-41.7624849999999981
11
83.2955369999999959
21
-41.8928829999999977
0
LINE
8
BLACK
6
CONTINUOUS
10
83.2955369999999959
20
-41.8928829999999977
11
83.355552000000003
21
-42.0377719999999968
0
LINE
8
BLACK
6
CONTINUOUS
10
83.355552000000003
20
-42.0377719999999968
11
83.3861479999999915
21
-42.1915860000000009
0
LINE
8
BLACK
6
CONTINUOUS
10
83.3861479999999915
20
-42.1915860000000009
11
83.3861479999999915
21
-42.3484139999999982
0
LINE
8
BLACK
6
CONTINUOUS
10
83.3861479999999915
20
-42.3484139999999982
11
83.355552000000003
21
-42.5022279999999952
0
LINE
8
BLACK
6
CONTINUOUS
10
83.355552000000003
20
-42.5022279999999952
11
83.2955369999999959
21
-42.6471170000000015
0
LINE
8
BLACK
6
CONTINUOUS
10
83.2955369999999959
20
-42.6471170000000015
11
83.2084079999999915
21
-42.7775150000000011
0
LINE
8
BLACK
6
CONTINUOUS
10
83.2084079999999915
20
-42.7775150000000011
11
83.0975150000000014
21
-42.8884079999999983
0
LINE
8
BLACK
6
CONTINUOUS
10
83.0975150000000014
20
-42.8884079999999983
11
82.9671170000000018
21
-42.9755369999999957
0
LINE
8
BLACK
6
CONTINUOUS
10
82.9671170000000018
20
-42.9755369999999957
11
82.8222279999999955
21
-43.0355519999999956
0
LINE
8
BLACK
6
CONTINUOUS
10
82.8222279999999955
20
-43.0355519999999956
11
82.6684139999999985
21
-43.0661479999999983
0
LINE
8
BLACK
6
CONTINUOUS
10
82.6684139999999985
20
-43.0661479999999983
11
82.5899999999999892
21
-43.0700000000000003
0
LINE
8
BLACK
6
CONTINUOUS
10
82.5899999999999892
20
-43.0700000000000003
11
81.789999999999992
21
-43.0700000000000003
0
LINE
8
BLACK
6
CONTINUOUS
10
81.789999999999992
20
-43.0700000000000003
11
81.7115859999999969
21
-43.0661479999999983
0
LINE
8
BLACK
6
CONTINUOUS
10
81.7115859999999969
20
-43.0661479999999983
11
81.5577719999999999
21
-43.0355519999999956
0
LINE
8
BLACK
6
CONTINUOUS
10
81.5577719999999999
20
-43.0355519999999956
11
81.4128829999999937
21
-42.9755369999999957
0
LINE
8
BLACK
6
CONTINUOUS
10
81.4128829999999937
20
-42.9755369999999957
11
81.2824849999999941
21
-42.8884079999999983
0
LINE
8
BLACK
6
CONTINUOUS
10
81.2824849999999941
20
-42.8884079999999983
11
81.1715919999999898
21
-42.7775150000000011
0
LINE
8
BLACK
6
CONTINUOUS
10
81.1715919999999898
20
-42.7775150000000011
11
81.0844629999999995
21
-42.6471170000000015
0
LINE
8
BLACK
6
CONTINUOUS
10
81.0844629999999995
20
-42.6471170000000015
11
81.0244479999999925
21
-42.5022279999999952
0
LINE
8
BLACK
6
CONTINUOUS
10
81.0244479999999925
20
-42.5022279999999952
11
80.9938519999999897
21
-42.3484139999999982
0
LINE
8
BLACK
6
CONTINUOUS
10
80.9938519999999897
20
-42.3484139999999982
11
80.9938519999999897
21
-42.1915860000000009
0
LINE
8
BLACK
6
CONTINUOUS
10
80.9938519999999897
20
-42.1915860000000009
11
81.0244479999999925
21
-42.0377719999999968
0
LINE
8
BLACK
6
CONTINUOUS
10
81.0244479999999925
20
-42.0377719999999968
11
81.0844629999999995
21
-41.8928829999999977
0
LINE
8
BLACK
6
CONTINUOUS
10
81.0844629999999995
20
-41.8928829999999977
11
81.1715919999999898
21
-41.7624849999999981
0
LINE
8
BLACK
6
CONTINUOUS
10
81.1715919999999898
20
-41.7624849999999981
11
81.2824849999999941
21
-41.6515920000000008
0
LINE
8
BLACK
6
CONTINUOUS
10
81.2824849999999941
20
-41.6515920000000008
11
81.4128829999999937
21
-41.5644629999999964
0
LINE
8
BLACK
6
CONTINUOUS
10
81.4128829999999937
20
-41.5644629999999964
11
81.5577719999999999
21
-41.5044479999999965
0
LINE
8
BLACK
6
CONTINUOUS
10
81.5577719999999999
20
-41.5044479999999965
11
81.7115859999999969
21
-41.4738520000000008
0
LINE
8
BLACK
6
CONTINUOUS
10
81.7115859999999969
20
-41.4738520000000008
11
81.789999999999992
21
-41.4699999999999989
0
LINE
8
BLACK
6
CONTINUOUS
10
81.789999999999992
20
-41.4699999999999989
11
82.5899999999999892
21
-41.4699999999999989
0
LINE
8
BLACK
6
CONTINUOUS
10
82.5899999999999892
20
-41.4699999999999989
11
82.6684139999999985
21
-41.4738520000000008
0
LINE
8
BLACK
6
CONTINUOUS
10
90.2884139999999888
20
-41.4738520000000008
11
90.4422280000000001
21
-41.5044479999999965
0
LINE
8
BLACK
6
CONTINUOUS
10
90.4422280000000001
20
-41.5044479999999965
11
90.5871169999999921
21
-41.5644629999999964
0
LINE
8
BLACK
6
CONTINUOUS
10
90.5871169999999921
20
-41.5644629999999964
11
90.7175149999999917
21
-41.6515920000000008
0
LINE
8
BLACK
6
CONTINUOUS
10
90.7175149999999917
20
-41.6515920000000008
11
90.828407999999996
21
-41.7624849999999981
0
LINE
8
BLACK
6
CONTINUOUS
10
90.828407999999996
20
-41.7624849999999981
11
90.9155370000000005
21
-41.8928829999999977
0
LINE
8
BLACK
6
CONTINUOUS
10
90.9155370000000005
20
-41.8928829999999977
11
90.9755519999999933
21
-42.0377719999999968
0
LINE
8
BLACK
6
CONTINUOUS
10
90.9755519999999933
20
-42.0377719999999968
11
91.006147999999996
21
-42.1915860000000009
0
LINE
8
BLACK
6
CONTINUOUS
10
91.006147999999996
20
-42.1915860000000009
11
91.006147999999996
21
-42.3484139999999982
0
LINE
8
BLACK
6
CONTINUOUS
10
91.006147999999996
20
-42.3484139999999982
11
90.9755519999999933
21
-42.5022279999999952
0
LINE
8
BLACK
6
CONTINUOUS
10
90.9755519999999933
20
-42.5022279999999952
11
90.9155370000000005
21
-42.6471170000000015
0
LINE
8
BLACK
6
CONTINUOUS
10
90.9155370000000005
20
-42.6471170000000015
11
90.828407999999996
21
-42.7775150000000011
0
LINE
8
BLACK
6
CONTINUOUS
10
90.828407999999996
20
-42.7775150000000011
11
90.7175149999999917
21
-42.8884079999999983
0
LINE
8
BLACK
6
CONTINUOUS
10
90.7175149999999917
20
-42.8884079999999983
11
90.5871169999999921
21
-42.9755369999999957
0
LINE
8
BLACK
6
CONTINUOUS
10
90.5871169999999921
20
-42.9755369999999957
11
90.4422280000000001
21
-43.0355519999999956
0
LINE
8
BLACK
6
CONTINUOUS
10
90.4422280000000001
20
-43.0355519999999956
11
90.2884139999999888
21
-43.0661479999999983
0
LINE
8
BLACK
6
CONTINUOUS
10
90.2884139999999888
20
-43.0661479999999983
11
90.2099999999999937
21
-43.0700000000000003
0
LINE
8
BLACK
6
CONTINUOUS
10
90.2099999999999937
20
-43.0700000000000003
11
89.4099999999999966
21
-43.0700000000000003
0
LINE
8
BLACK
6
CONTINUOUS
10
89.4099999999999966
20
-43.0700000000000003
11
89.3315860000000015
21
-43.0661479999999983
0
LINE
8
BLACK
6
CONTINUOUS
10
89.3315860000000015
20
-43.0661479999999983
11
89.1777719999999903
21
-43.0355519999999956
0
LINE
8
BLACK
6
CONTINUOUS
10
89.1777719999999903
20
-43.0355519999999956
11
89.0328829999999982
21
-42.9755369999999957
0
LINE
8
BLACK
6
CONTINUOUS
10
89.0328829999999982
20
-42.9755369999999957
11
88.9024849999999986
21
-42.8884079999999983
0
LINE
8
BLACK
6
CONTINUOUS
10
88.9024849999999986
20
-42.8884079999999983
11
88.7915919999999943
21
-42.7775150000000011
0
LINE
8
BLACK
6
CONTINUOUS
10
88.7915919999999943
20
-42.7775150000000011
11
88.7044629999999898
21
-42.6471170000000015
0
LINE
8
BLACK
6
CONTINUOUS
10
88.7044629999999898
20
-42.6471170000000015
11
88.644447999999997
21
-42.5022279999999952
0
LINE
8
BLACK
6
CONTINUOUS
10
88.644447999999997
20
-42.5022279999999952
11
88.6138519999999943
21
-42.3484139999999982
0
LINE
8
BLACK
6
CONTINUOUS
10
88.6138519999999943
20
-42.3484139999999982
11
88.6138519999999943
21
-42.1915860000000009
0
LINE
8
BLACK
6
CONTINUOUS
10
88.6138519999999943
20
-42.1915860000000009
11
88.644447999999997
21
-42.0377719999999968
0
LINE
8
BLACK
6
CONTINUOUS
10
88.644447999999997
20
-42.0377719999999968
11
88.7044629999999898
21
-41.8928829999999977
0
LINE
8
BLACK
6
CONTINUOUS
10
88.7044629999999898
20
-41.8928829999999977
11
88.7915919999999943
21
-41.7624849999999981
0
LINE
8
BLACK
6
CONTINUOUS
10
88.7915919999999943
20
-41.7624849999999981
11
88.9024849999999986
21
-41.6515920000000008
0
LINE
8
BLACK
6
CONTINUOUS
10
88.9024849999999986
20
-41.6515920000000008
11
89.0328829999999982
21
-41.5644629999999964
0
LINE
8
BLACK
6
CONTINUOUS
10
89.0328829999999982
20
-41.5644629999999964
11
89.1777719999999903
21
-41.5044479999999965
0
LINE
8
BLACK
6
CONTINUOUS
10
89.1777719999999903
20
-41.5044479999999965
11
89.3315860000000015
21
-41.4738520000000008
0
LINE
8
BLACK
6
CONTINUOUS
10
89.3315860000000015
20
-41.4738520000000008
11
89.4099999999999966
21
-41.4699999999999989
0
LINE
8
BLACK
6
CONTINUOUS
10
89.4099999999999966
20
-41.4699999999999989
11
90.2099999999999937
21
-41.4699999999999989
0
LINE
8
BLACK
6
CONTINUOUS
10
90.2099999999999937
20
-41.4699999999999989
11
90.2884139999999888
21
-41.4738520000000008
0
LINE
8
BLACK
6
CONTINUOUS
10
82.6684139999999985
20
-38.9338520000000017
11
82.8222279999999955
21
-38.9644479999999973
0
LINE
8
BLACK
6
CONTINUOUS
10
82.8222279999999955
20
-38.9644479999999973
11
82.9671170000000018
21
-39.0244629999999972
0
LINE
8
BLACK
6
CONTINUOUS
10
82.9671170000000018
20
-39.0244629999999972
11
83.0975150000000014
21
-39.1115920000000017
0
LINE
8
BLACK
6
CONTINUOUS
10
83.0975150000000014
20
-39.1115920000000017
11
83.2084079999999915
21
-39.2224849999999989
0
LINE
8
BLACK
6
CONTINUOUS
10
83.2084079999999915
20
-39.2224849999999989
11
83.2955369999999959
21
-39.3528829999999985
0
LINE
8
BLACK
6
CONTINUOUS
10
83.2955369999999959
20
-39.3528829999999985
11
83.355552000000003
21
-39.4977719999999977
0
LINE
8
BLACK
6
CONTINUOUS
10
83.355552000000003
20
-39.4977719999999977
11
83.3861479999999915
21
-39.6515859999999947
0
LINE
8
BLACK
6
CONTINUOUS
10
83.3861479999999915
20
-39.6515859999999947
11
83.3861479999999915
21
-39.8084139999999991
0
LINE
8
BLACK
6
CONTINUOUS
10
83.3861479999999915
20
-39.8084139999999991
11
83.355552000000003
21
-39.9622279999999961
0
LINE
8
BLACK
6
CONTINUOUS
10
83.355552000000003
20
-39.9622279999999961
11
83.2955369999999959
21
-40.1071169999999952
0
LINE
8
BLACK
6
CONTINUOUS
10
83.2955369999999959
20
-40.1071169999999952
11
83.2084079999999915
21
-40.2375149999999948
0
LINE
8
BLACK
6
CONTINUOUS
10
83.2084079999999915
20
-40.2375149999999948
11
83.0975150000000014
21
-40.3484079999999992
0
LINE
8
BLACK
6
CONTINUOUS
10
83.0975150000000014
20
-40.3484079999999992
11
82.9671170000000018
21
-40.4355369999999965
0
LINE
8
BLACK
6
CONTINUOUS
10
82.9671170000000018
20
-40.4355369999999965
11
82.8222279999999955
21
-40.4955519999999964
0
LINE
8
BLACK
6
CONTINUOUS
10
82.8222279999999955
20
-40.4955519999999964
11
82.6684139999999985
21
-40.5261479999999992
0
LINE
8
BLACK
6
CONTINUOUS
10
82.6684139999999985
20
-40.5261479999999992
11
82.5899999999999892
21
-40.5300000000000011
0
LINE
8
BLACK
6
CONTINUOUS
10
82.5899999999999892
20
-40.5300000000000011
11
81.789999999999992
21
-40.5300000000000011
0
LINE
8
BLACK
6
CONTINUOUS
10
81.789999999999992
20
-40.5300000000000011
11
81.7115859999999969
21
-40.5261479999999992
0
LINE
8
BLACK
6
CONTINUOUS
10
81.7115859999999969
20
-40.5261479999999992
11
81.5577719999999999
21
-40.4955519999999964
0
LINE
8
BLACK
6
CONTINUOUS
10
81.5577719999999999
20
-40.4955519999999964
11
81.4128829999999937
21
-40.4355369999999965
0
LINE
8
BLACK
6
CONTINUOUS
10
81.4128829999999937
20
-40.4355369999999965
11
81.2824849999999941
21
-40.3484079999999992
0
LINE
8
BLACK
6
CONTINUOUS
10
81.2824849999999941
20
-40.3484079999999992
11
81.1715919999999898
21
-40.2375149999999948
0
LINE
8
BLACK
6
CONTINUOUS
10
81.1715919999999898
20
-40.2375149999999948
11
81.0844629999999995
21
-40.1071169999999952
0
LINE
8
BLACK
6
CONTINUOUS
10
81.0844629999999995
20
-40.1071169999999952
11
81.0244479999999925
21
-39.9622279999999961
0
LINE
8
BLACK
6
CONTINUOUS
10
81.0244479999999925
20
-39.9622279999999961
11
80.9938519999999897
21
-39.8084139999999991
0
LINE
8
BLACK
6
CONTINUOUS
10
80.9938519999999897
20
-39.8084139999999991
11
80.9938519999999897
21
-39.6515859999999947
0
LINE
8
BLACK
6
CONTINUOUS
10
80.9938519999999897
20
-39.6515859999999947
11
81.0244479999999925
21
-39.4977719999999977
0
LINE
8
BLACK
6
CONTINUOUS
10
81.0244479999999925
20
-39.4977719999999977
11
81.0844629999999995
21
-39.3528829999999985
0
LINE
8
BLACK
6
CONTINUOUS
10
81.0844629999999995
20
-39.3528829999999985
11
81.1715919999999898
21
-39.2224849999999989
0
LINE
8
BLACK
6
CONTINUOUS
10
81.1715919999999898
20
-39.2224849999999989
11
81.2824849999999941
21
-39.1115920000000017
0
LINE
8
BLACK
6
CONTINUOUS
10
81.2824849999999941
20
-39.1115920000000017
11
81.4128829999999937
21
-39.0244629999999972
0
LINE
8
BLACK
6
CONTINUOUS
10
81.4128829999999937
20
-39.0244629999999972
11
81.5577719999999999
21
-38.9644479999999973
0
LINE
8
BLACK
6
CONTINUOUS
10
81.5577719999999999
20
-38.9644479999999973
11
81.7115859999999969
21
-38.9338520000000017
0
LINE
8
BLACK
6
CONTINUOUS
10
81.7115859999999969
20
-38.9338520000000017
11
81.789999999999992
21
-38.9299999999999997
0
LINE
8
BLACK
6
CONTINUOUS
10
81.789999999999992
20
-38.9299999999999997
11
82.5899999999999892
21
-38.9299999999999997
0
LINE
8
BLACK
6
CONTINUOUS
10
82.5899999999999892
20
-38.9299999999999997
11
82.6684139999999985
21
-38.9338520000000017
0
LINE
8
BLACK
6
CONTINUOUS
10
90.2884139999999888
20
-38.9338520000000017
11
90.4422280000000001
21
-38.9644479999999973
0
LINE
8
BLACK
6
CONTINUOUS
10
90.4422280000000001
20
-38.9644479999999973
11
90.5871169999999921
21
-39.0244629999999972
0
LINE
8
BLACK
6
CONTINUOUS
10
90.5871169999999921
20
-39.0244629999999972
11
90.7175149999999917
21
-39.1115920000000017
0
LINE
8
BLACK
6
CONTINUOUS
10
90.7175149999999917
20
-39.1115920000000017
11
90.828407999999996
21
-39.2224849999999989
0
LINE
8
BLACK
6
CONTINUOUS
10
90.828407999999996
20
-39.2224849999999989
11
90.9155370000000005
21
-39.3528829999999985
0
LINE
8
BLACK
6
CONTINUOUS
10
90.9155370000000005
20
-39.3528829999999985
11
90.9755519999999933
21
-39.4977719999999977
0
LINE
8
BLACK
6
CONTINUOUS
10
90.9755519999999933
20
-39.4977719999999977
11
91.006147999999996
21
-39.6515859999999947
0
LINE
8
BLACK
6
CONTINUOUS
10
91.006147999999996
20
-39.6515859999999947
11
91.006147999999996
21
-39.8084139999999991
0
LINE
8
BLACK
6
CONTINUOUS
10
91.006147999999996
20
-39.8084139999999991
11
90.9755519999999933
21
-39.9622279999999961
0
LINE
8
BLACK
6
CONTINUOUS
10
90.9755519999999933
20
-39.9622279999999961
11
90.9155370000000005
21
-40.1071169999999952
0
LINE
8
BLACK
6
CONTINUOUS
10
90.9155370000000005
20
-40.1071169999999952
11
90.828407999999996
21
-40.2375149999999948
0
LINE
8
BLACK
6
CONTINUOUS
10
90.828407999999996
20
-40.2375149999999948
11
90.7175149999999917
21
-40.3484079999999992
0
LINE
8
BLACK
6
CONTINUOUS
10
90.7175149999999917
20
-40.3484079999999992
11
90.5871169999999921
21
-40.4355369999999965
0
LINE
8
BLACK
6
CONTINUOUS
10
90.5871169999999921
20
-40.4355369999999965
11
90.4422280000000001
21
-40.4955519999999964
0
LINE
8
BLACK
6
CONTINUOUS
10
90.4422280000000001
20
-40.4955519999999964
11
90.2884139999999888
21
-40.5261479999999992
0
LINE
8
BLACK
6
CONTINUOUS
10
90.2884139999999888
20
-40.5261479999999992
11
90.2099999999999937
21
-40.5300000000000011
0
LINE
8
BLACK
6
CONTINUOUS
10
90.2099999999999937
20
-40.5300000000000011
11
89.4099999999999966
21
-40.5300000000000011
0
LINE
8
BLACK
6
CONTINUOUS
10
89.4099999999999966
20
-40.5300000000000011
11
89.3315860000000015
21
-40.5261479999999992
0
LINE
8
BLACK
6
CONTINUOUS
10
89.3315860000000015
20
-40.5261479999999992
11
89.1777719999999903
21
-40.4955519999999964
0
LINE
8
BLACK
6
CONTINUOUS
10
89.1777719999999903
20
-40.4955519999999964
11
89.0328829999999982
21
-40.4355369999999965
0
LINE
8
BLACK
6
CONTINUOUS
10
89.0328829999999982
20
-40.4355369999999965
11
88.9024849999999986
21
-40.3484079999999992
0
LINE
8
BLACK
6
CONTINUOUS
10
88.9024849999999986
20
-40.3484079999999992
11
88.7915919999999943
21
-40.2375149999999948
0
LINE
8
BLACK
6
CONTINUOUS
10
88.7915919999999943
20
-40.2375149999999948
11
88.7044629999999898
21
-40.1071169999999952
0
LINE
8
BLACK
6
CONTINUOUS
10
88.7044629999999898
20
-40.1071169999999952
11
88.644447999999997
21
-39.9622279999999961
0
LINE
8
BLACK
6
CONTINUOUS
10
88.644447999999997
20
-39.9622279999999961
11
88.6138519999999943
21
-39.8084139999999991
0
LINE
8
BLACK
6
CONTINUOUS
10
88.6138519999999943
20
-39.8084139999999991
11
88.6138519999999943
21
-39.6515859999999947
0
LINE
8
BLACK
6
CONTINUOUS
10
88.6138519999999943
20
-39.6515859999999947
11
88.644447999999997
21
-39.4977719999999977
0
LINE
8
BLACK
6
CONTINUOUS
10
88.644447999999997
20
-39.4977719999999977
11
88.7044629999999898
21
-39.3528829999999985
0
LINE
8
BLACK
6
CONTINUOUS
10
88.7044629999999898
20
-39.3528829999999985
11
88.7915919999999943
21
-39.2224849999999989
0
LINE
8
BLACK
6
CONTINUOUS
10
88.7915919999999943
20
-39.2224849999999989
11
88.9024849999999986
21
-39.1115920000000017
0
LINE
8
BLACK
6
CONTINUOUS
10
88.9024849999999986
20
-39.1115920000000017
11
89.0328829999999982
21
-39.0244629999999972
0
LINE
8
BLACK
6
CONTINUOUS
10
89.0328829999999982
20
-39.0244629999999972
11
89.1777719999999903
21
-38.9644479999999973
0
LINE
8
BLACK
6
CONTINUOUS
10
89.1777719999999903
20
-38.9644479999999973
11
89.3315860000000015
21
-38.9338520000000017
0
LINE
8
BLACK
6
CONTINUOUS
10
89.3315860000000015
20
-38.9338520000000017
11
89.4099999999999966
21
-38.9299999999999997
0
LINE
8
BLACK
6
CONTINUOUS
10
89.4099999999999966
20
-38.9299999999999997
11
90.2099999999999937
21
-38.9299999999999997
0
LINE
8
BLACK
6
CONTINUOUS
10
90.2099999999999937
20
-38.9299999999999997
11
90.2884139999999888
21
-38.9338520000000017
0
LINE
8
BLACK
6
CONTINUOUS
10
83.2356709999999964
20
-36.4090300000000013
11
83.3167770000000019
21
-36.4632229999999993
0
LINE
8
BLACK
6
CONTINUOUS
10
83.3167770000000019
20
-36.4632229999999993
11
83.3709699999999998
21
-36.5443289999999976
0
LINE
8
BLACK
6
CONTINUOUS
10
83.3709699999999998
20
-36.5443289999999976
11
83.3900000000000006
21
-36.6400000000000006
0
LINE
8
BLACK
6
CONTINUOUS
10
83.3900000000000006
20
-36.6400000000000006
11
83.3900000000000006
21
-37.7399999999999949
0
LINE
8
BLACK
6
CONTINUOUS
10
83.3900000000000006
20
-37.7399999999999949
11
83.3709699999999998
21
-37.8356709999999978
0
LINE
8
BLACK
6
CONTINUOUS
10
83.3709699999999998
20
-37.8356709999999978
11
83.3167770000000019
21
-37.9167769999999962
0
LINE
8
BLACK
6
CONTINUOUS
10
83.3167770000000019
20
-37.9167769999999962
11
83.2356709999999964
21
-37.9709700000000012
0
LINE
8
BLACK
6
CONTINUOUS
10
83.2356709999999964
20
-37.9709700000000012
11
83.1400000000000006
21
-37.9899999999999949
0
LINE
8
BLACK
6
CONTINUOUS
10
83.1400000000000006
20
-37.9899999999999949
11
81.2399999999999949
21
-37.9899999999999949
0
LINE
8
BLACK
6
CONTINUOUS
10
81.2399999999999949
20
-37.9899999999999949
11
81.144328999999999
21
-37.9709700000000012
0
LINE
8
BLACK
6
CONTINUOUS
10
81.144328999999999
20
-37.9709700000000012
11
81.0632229999999936
21
-37.9167769999999962
0
LINE
8
BLACK
6
CONTINUOUS
10
81.0632229999999936
20
-37.9167769999999962
11
81.0090299999999957
21
-37.8356709999999978
0
LINE
8
BLACK
6
CONTINUOUS
10
81.0090299999999957
20
-37.8356709999999978
11
80.9899999999999949
21
-37.7399999999999949
0
LINE
8
BLACK
6
CONTINUOUS
10
80.9899999999999949
20
-37.7399999999999949
11
80.9899999999999949
21
-36.6400000000000006
0
LINE
8
BLACK
6
CONTINUOUS
10
80.9899999999999949
20
-36.6400000000000006
11
81.0090299999999957
21
-36.5443289999999976
0
LINE
8
BLACK
6
CONTINUOUS
10
81.0090299999999957
20
-36.5443289999999976
11
81.0632229999999936
21
-36.4632229999999993
0
LINE
8
BLACK
6
CONTINUOUS
10
81.0632229999999936
20
-36.4632229999999993
11
81.144328999999999
21
-36.4090300000000013
0
LINE
8
BLACK
6
CONTINUOUS
10
81.144328999999999
20
-36.4090300000000013
11
81.2399999999999949
21
-36.3900000000000006
0
LINE
8
BLACK
6
CONTINUOUS
10
81.2399999999999949
20
-36.3900000000000006
11
83.1400000000000006
21
-36.3900000000000006
0
LINE
8
BLACK
6
CONTINUOUS
10
83.1400000000000006
20
-36.3900000000000006
11
83.2356709999999964
21
-36.4090300000000013
0
LINE
8
BLACK
6
CONTINUOUS
10
96.7322279999999921
20
-27.2344480000000004
11
96.8771169999999984
21
-27.2944630000000004
0
LINE
8
BLACK
6
CONTINUOUS
10
96.8771169999999984
20
-27.2944630000000004
11
97.0075149999999979
21
-27.3815919999999977
0
LINE
8
BLACK
6
CONTINUOUS
10
97.0075149999999979
20
-27.3815919999999977
11
97.1184080000000023
21
-27.4924849999999985
0
LINE
8
BLACK
6
CONTINUOUS
10
97.1184080000000023
20
-27.4924849999999985
11
97.2055369999999925
21
-27.6228829999999981
0
LINE
8
BLACK
6
CONTINUOUS
10
97.2055369999999925
20
-27.6228829999999981
11
97.2655519999999996
21
-27.7677719999999972
0
LINE
8
BLACK
6
CONTINUOUS
10
97.2655519999999996
20
-27.7677719999999972
11
97.2961480000000023
21
-27.9215859999999978
0
LINE
8
BLACK
6
CONTINUOUS
10
97.2961480000000023
20
-27.9215859999999978
11
97.2961480000000023
21
-28.0784139999999987
0
LINE
8
BLACK
6
CONTINUOUS
10
97.2961480000000023
20
-28.0784139999999987
11
97.2655519999999996
21
-28.2322279999999992
0
LINE
8
BLACK
6
CONTINUOUS
10
97.2655519999999996
20
-28.2322279999999992
11
97.2055369999999925
21
-28.3771169999999984
0
LINE
8
BLACK
6
CONTINUOUS
10
97.2055369999999925
20
-28.3771169999999984
11
97.1184080000000023
21
-28.5075149999999979
0
LINE
8
BLACK
6
CONTINUOUS
10
97.1184080000000023
20
-28.5075149999999979
11
97.0075149999999979
21
-28.6184079999999987
0
LINE
8
BLACK
6
CONTINUOUS
10
97.0075149999999979
20
-28.6184079999999987
11
96.8771169999999984
21
-28.7055369999999996
0
LINE
8
BLACK
6
CONTINUOUS
10
96.8771169999999984
20
-28.7055369999999996
11
96.7322279999999921
21
-28.7655519999999996
0
LINE
8
BLACK
6
CONTINUOUS
10
96.7322279999999921
20
-28.7655519999999996
11
96.5784139999999951
21
-28.7961479999999987
0
LINE
8
BLACK
6
CONTINUOUS
10
96.5784139999999951
20
-28.7961479999999987
11
96.4215859999999907
21
-28.7961479999999987
0
LINE
8
BLACK
6
CONTINUOUS
10
96.4215859999999907
20
-28.7961479999999987
11
96.4127220000000023
21
-28.7943839999999973
0
LINE
8
BLACK
6
CONTINUOUS
10
96.4127220000000023
20
-28.7943839999999973
11
92.8117000000000019
21
-32.3954060000000013
0
LINE
8
BLACK
6
CONTINUOUS
10
92.8117000000000019
20
-32.3954060000000013
11
92.8117000000000019
21
-37.1899999999999977
0
LINE
8
BLACK
6
CONTINUOUS
10
92.8117000000000019
20
-37.1899999999999977
11
92.8074220000000025
21
-37.2552629999999994
0
LINE
8
BLACK
6
CONTINUOUS
10
92.8074220000000025
20
-37.2552629999999994
11
92.7736400000000003
21
-37.3813419999999965
0
LINE
8
BLACK
6
CONTINUOUS
10
92.7736400000000003
20
-37.3813419999999965
11
92.7083769999999987
21
-37.4943809999999971
0
LINE
8
BLACK
6
CONTINUOUS
10
92.7083769999999987
20
-37.4943809999999971
11
92.6160809999999941
21
-37.5866770000000017
0
LINE
8
BLACK
6
CONTINUOUS
10
92.6160809999999941
20
-37.5866770000000017
11
92.5030419999999935
21
-37.6519399999999962
0
LINE
8
BLACK
6
CONTINUOUS
10
92.5030419999999935
20
-37.6519399999999962
11
92.3769629999999893
21
-37.6857219999999984
0
LINE
8
BLACK
6
CONTINUOUS
10
92.3769629999999893
20
-37.6857219999999984
11
92.3117000000000019
21
-37.6899999999999977
0
LINE
8
BLACK
6
CONTINUOUS
10
92.3117000000000019
20
-37.6899999999999977
11
90.8334289999999953
21
-37.6899999999999977
0
LINE
8
BLACK
6
CONTINUOUS
10
90.8334289999999953
20
-37.6899999999999977
11
90.828407999999996
21
-37.6975149999999957
0
LINE
8
BLACK
6
CONTINUOUS
10
90.828407999999996
20
-37.6975149999999957
11
90.7175149999999917
21
-37.808408
0
LINE
8
BLACK
6
CONTINUOUS
10
90.7175149999999917
20
-37.808408
11
90.5871169999999921
21
-37.8955369999999974
0
LINE
8
BLACK
6
CONTINUOUS
10
90.5871169999999921
20
-37.8955369999999974
11
90.4422280000000001
21
-37.9555519999999973
0
LINE
8
BLACK
6
CONTINUOUS
10
90.4422280000000001
20
-37.9555519999999973
11
90.2884139999999888
21
-37.986148
0
LINE
8
BLACK
6
CONTINUOUS
10
90.2884139999999888
20
-37.986148
11
90.2099999999999937
21
-37.9899999999999949
0
LINE
8
BLACK
6
CONTINUOUS
10
90.2099999999999937
20
-37.9899999999999949
11
89.4099999999999966
21
-37.9899999999999949
0
LINE
8
BLACK
6
CONTINUOUS
10
89.4099999999999966
20
-37.9899999999999949
11
89.3315860000000015
21
-37.986148
0
LINE
8
BLACK
6
CONTINUOUS
10
89.3315860000000015
20
-37.986148
11
89.1777719999999903
21
-37.9555519999999973
0
LINE
8
BLACK
6
CONTINUOUS
10
89.1777719999999903
20
-37.9555519999999973
11
89.0328829999999982
21
-37.8955369999999974
0
LINE
8
BLACK
6
CONTINUOUS
10
89.0328829999999982
20
-37.8955369999999974
11
88.9024849999999986
21
-37.808408
0
LINE
8
BLACK
6
CONTINUOUS
10
88.9024849999999986
20
-37.808408
11
88.7915919999999943
21
-37.6975149999999957
0
LINE
8
BLACK
6
CONTINUOUS
10
88.7915919999999943
20
-37.6975149999999957
11
88.7044629999999898
21
-37.5671169999999961
0
LINE
8
BLACK
6
CONTINUOUS
10
88.7044629999999898
20
-37.5671169999999961
11
88.644447999999997
21
-37.4222279999999969
0
LINE
8
BLACK
6
CONTINUOUS
10
88.644447999999997
20
-37.4222279999999969
11
88.6138519999999943
21
-37.2684139999999999
0
LINE
8
BLACK
6
CONTINUOUS
10
88.6138519999999943
20
-37.2684139999999999
11
88.6138519999999943
21
-37.1115859999999955
0
LINE
8
BLACK
6
CONTINUOUS
10
88.6138519999999943
20
-37.1115859999999955
11
88.644447999999997
21
-36.9577719999999985
0
LINE
8
BLACK
6
CONTINUOUS
10
88.644447999999997
20
-36.9577719999999985
11
88.7044629999999898
21
-36.8128829999999994
0
LINE
8
BLACK
6
CONTINUOUS
10
88.7044629999999898
20
-36.8128829999999994
11
88.7915919999999943
21
-36.6824849999999998
0
LINE
8
BLACK
6
CONTINUOUS
10
88.7915919999999943
20
-36.6824849999999998
11
88.9024849999999986
21
-36.5715919999999954
0
LINE
8
BLACK
6
CONTINUOUS
10
88.9024849999999986
20
-36.5715919999999954
11
89.0328829999999982
21
-36.4844629999999981
0
LINE
8
BLACK
6
CONTINUOUS
10
89.0328829999999982
20
-36.4844629999999981
11
89.1777719999999903
21
-36.4244479999999982
0
LINE
8
BLACK
6
CONTINUOUS
10
89.1777719999999903
20
-36.4244479999999982
11
89.3315860000000015
21
-36.3938519999999954
0
LINE
8
BLACK
6
CONTINUOUS
10
89.3315860000000015
20
-36.3938519999999954
11
89.4099999999999966
21
-36.3900000000000006
0
LINE
8
BLACK
6
CONTINUOUS
10
89.4099999999999966
20
-36.3900000000000006
11
90.2099999999999937
21
-36.3900000000000006
0
LINE
8
BLACK
6
CONTINUOUS
10
90.2099999999999937
20
-36.3900000000000006
11
90.2884139999999888
21
-36.3938519999999954
0
LINE
8
BLACK
6
CONTINUOUS
10
90.2884139999999888
20
-36.3938519999999954
11
90.4422280000000001
21
-36.4244479999999982
0
LINE
8
BLACK
6
CONTINUOUS
10
90.4422280000000001
20
-36.4244479999999982
11
90.5871169999999921
21
-36.4844629999999981
0
LINE
8
BLACK
6
CONTINUOUS
10
90.5871169999999921
20
-36.4844629999999981
11
90.7175149999999917
21
-36.5715919999999954
0
LINE
8
BLACK
6
CONTINUOUS
10
90.7175149999999917
20
-36.5715919999999954
11
90.828407999999996
21
-36.6824849999999998
0
LINE
8
BLACK
6
CONTINUOUS
10
90.828407999999996
20
-36.6824849999999998
11
90.8334289999999953
21
-36.6899999999999977
0
LINE
8
BLACK
6
CONTINUOUS
10
90.8334289999999953
20
-36.6899999999999977
11
91.8117000000000019
21
-36.6899999999999977
0
LINE
8
BLACK
6
CONTINUOUS
10
91.8117000000000019
20
-36.6899999999999977
11
91.8117000000000019
21
-32.1882999999999981
0
LINE
8
BLACK
6
CONTINUOUS
10
91.8117000000000019
20
-32.1882999999999981
11
91.8159769999999895
21
-32.1230520000000013
0
LINE
8
BLACK
6
CONTINUOUS
10
91.8159769999999895
20
-32.1230520000000013
11
91.8159769999999895
21
-32.1230369999999965
0
LINE
8
BLACK
6
CONTINUOUS
10
91.8159769999999895
20
-32.1230369999999965
11
91.8497599999999892
21
-31.9969579999999993
0
LINE
8
BLACK
6
CONTINUOUS
10
91.8497599999999892
20
-31.9969579999999993
11
91.9150229999999908
21
-31.8839189999999988
0
LINE
8
BLACK
6
CONTINUOUS
10
91.9150229999999908
20
-31.8839189999999988
11
91.9150379999999956
21
-31.8839030000000001
0
LINE
8
BLACK
6
CONTINUOUS
10
91.9150379999999956
20
-31.8839030000000001
11
91.9581469999999968
21
-31.8347470000000001
0
LINE
8
BLACK
6
CONTINUOUS
10
91.9581469999999968
20
-31.8347470000000001
11
95.7056149999999946
21
-28.0872770000000003
0
LINE
8
BLACK
6
CONTINUOUS
10
95.7056149999999946
20
-28.0872770000000003
11
95.7038519999999977
21
-28.0784139999999987
0
LINE
8
BLACK
6
CONTINUOUS
10
95.7038519999999977
20
-28.0784139999999987
11
95.7038519999999977
21
-27.9215859999999978
0
LINE
8
BLACK
6
CONTINUOUS
10
95.7038519999999977
20
-27.9215859999999978
11
95.7344480000000004
21
-27.7677719999999972
0
LINE
8
BLACK
6
CONTINUOUS
10
95.7344480000000004
20
-27.7677719999999972
11
95.7944629999999933
21
-27.6228829999999981
0
LINE
8
BLACK
6
CONTINUOUS
10
95.7944629999999933
20
-27.6228829999999981
11
95.8815919999999977
21
-27.4924849999999985
0
LINE
8
BLACK
6
CONTINUOUS
10
95.8815919999999977
20
-27.4924849999999985
11
95.9924850000000021
21
-27.3815919999999977
0
LINE
8
BLACK
6
CONTINUOUS
10
95.9924850000000021
20
-27.3815919999999977
11
96.1228830000000016
21
-27.2944630000000004
0
LINE
8
BLACK
6
CONTINUOUS
10
96.1228830000000016
20
-27.2944630000000004
11
96.2677719999999937
21
-27.2344480000000004
0
LINE
8
BLACK
6
CONTINUOUS
10
96.2677719999999937
20
-27.2344480000000004
11
96.4215859999999907
21
-27.2038519999999977
0
LINE
8
BLACK
6
CONTINUOUS
10
96.4215859999999907
20
-27.2038519999999977
11
96.5784139999999951
21
-27.2038519999999977
0
LINE
8
BLACK
6
CONTINUOUS
10
96.5784139999999951
20
-27.2038519999999977
11
96.7322279999999921
21
-27.2344480000000004
0
LINE
8
BLACK
6
CONTINUOUS
10
76.0647629999999992
20
-68.8048519999999968
11
76.0686979999999977
21
-68.8045899999999904
0
LINE
8
BLACK
6
CONTINUOUS
10
76.0686979999999977
20
-68.8045899999999904
11
76.071407999999991
21
-68.8055059999999941
0
LINE
8
BLACK
6
CONTINUOUS
10
76.071407999999991
20
-68.8055059999999941
11
76.0785499999999928
21
-68.806209999999993
0
LINE
8
BLACK
6
CONTINUOUS
10
76.0785499999999928
20
-68.806209999999993
11
76.1010639999999938
21
-68.8155359999999945
0
LINE
8
BLACK
6
CONTINUOUS
10
76.1010639999999938
20
-68.8155359999999945
11
76.124139999999997
21
-68.8233400000000017
0
LINE
8
BLACK
6
CONTINUOUS
10
76.124139999999997
20
-68.8233400000000017
11
76.1279469999999918
21
-68.8266709999999904
0
LINE
8
BLACK
6
CONTINUOUS
10
76.1279469999999918
20
-68.8266709999999904
11
76.1326219999999978
21
-68.8286080000000027
0
LINE
8
BLACK
6
CONTINUOUS
10
76.1326219999999978
20
-68.8286080000000027
11
76.1498509999999982
21
-68.8458370000000031
0
LINE
8
BLACK
6
CONTINUOUS
10
76.1498509999999982
20
-68.8458370000000031
11
76.1681870000000032
21
-68.8618809999999968
0
LINE
8
BLACK
6
CONTINUOUS
10
76.1681870000000032
20
-68.8618809999999968
11
76.1704289999999986
21
-68.8664150000000035
0
LINE
8
BLACK
6
CONTINUOUS
10
76.1704289999999986
20
-68.8664150000000035
11
76.1740059999999914
21
-68.8699919999999963
0
LINE
8
BLACK
6
CONTINUOUS
10
76.1740059999999914
20
-68.8699919999999963
11
76.1833319999999929
21
-68.8925079999999923
0
LINE
8
BLACK
6
CONTINUOUS
10
76.1833319999999929
20
-68.8925079999999923
11
76.1941309999999987
21
-68.9143439999999998
0
LINE
8
BLACK
6
CONTINUOUS
10
76.1941309999999987
20
-68.9143439999999998
11
76.1944670000000031
21
-68.9193879999999979
0
LINE
8
BLACK
6
CONTINUOUS
10
76.1944670000000031
20
-68.9193879999999979
11
76.1964040000000011
21
-68.9240640000000013
0
LINE
8
BLACK
6
CONTINUOUS
10
76.1964040000000011
20
-68.9240640000000013
11
76.1964040000000011
21
-68.9484389999999934
0
LINE
8
BLACK
6
CONTINUOUS
10
76.1964040000000011
20
-68.9484389999999934
11
76.1980239999999895
21
-68.9727400000000017
0
LINE
8
BLACK
6
CONTINUOUS
10
76.1980239999999895
20
-68.9727400000000017
11
76.1964040000000011
21
-68.9775300000000016
0
LINE
8
BLACK
6
CONTINUOUS
10
76.1964040000000011
20
-68.9775300000000016
11
76.1964040000000011
21
-68.9825919999999968
0
LINE
8
BLACK
6
CONTINUOUS
10
76.1964040000000011
20
-68.9825919999999968
11
76.1870789999999971
21
-69.0051029999999912
0
LINE
8
BLACK
6
CONTINUOUS
10
76.1870789999999971
20
-69.0051029999999912
11
76.1792739999999924
21
-69.0281829999999985
0
LINE
8
BLACK
6
CONTINUOUS
10
76.1792739999999924
20
-69.0281829999999985
11
76.175100999999998
21
-69.0340190000000007
0
LINE
8
BLACK
6
CONTINUOUS
10
76.175100999999998
20
-69.0340190000000007
11
76.1740059999999914
21
-69.0366640000000018
0
LINE
8
BLACK
6
CONTINUOUS
10
76.1740059999999914
20
-69.0366640000000018
11
76.1712149999999895
21
-69.0394539999999921
0
LINE
8
BLACK
6
CONTINUOUS
10
76.1712149999999895
20
-69.0394539999999921
11
76.1621719999999982
21
-69.0521039999999999
0
LINE
8
BLACK
6
CONTINUOUS
10
76.1621719999999982
20
-69.0521039999999999
11
75.8552379999999999
21
-69.4028859999999952
0
LINE
8
BLACK
6
CONTINUOUS
10
75.8552379999999999
20
-69.4028859999999952
11
75.973511000000002
21
-69.4620209999999929
0
LINE
8
BLACK
6
CONTINUOUS
10
75.973511000000002
20
-69.4620209999999929
11
75.9861049999999949
21
-69.4699489999999997
0
LINE
8
BLACK
6
CONTINUOUS
10
75.9861049999999949
20
-69.4699489999999997
11
75.9897649999999913
21
-69.4714649999999949
0
LINE
8
BLACK
6
CONTINUOUS
10
75.9897649999999913
20
-69.4714649999999949
11
75.9938849999999917
21
-69.4748459999999994
0
LINE
8
BLACK
6
CONTINUOUS
10
75.9938849999999917
20
-69.4748459999999994
11
75.9983959999999996
21
-69.4776859999999914
0
LINE
8
BLACK
6
CONTINUOUS
10
75.9983959999999996
20
-69.4776859999999914
11
76.0009900000000016
21
-69.480677
0
LINE
8
BLACK
6
CONTINUOUS
10
76.0009900000000016
20
-69.480677
11
76.0124959999999987
21
-69.4901199999999903
0
LINE
8
BLACK
6
CONTINUOUS
10
76.0124959999999987
20
-69.4901199999999903
11
76.0839239999999961
21
-69.5615489999999994
0
LINE
8
BLACK
6
CONTINUOUS
10
76.0839239999999961
20
-69.5615489999999994
11
76.0933619999999991
21
-69.5730489999999975
0
LINE
8
BLACK
6
CONTINUOUS
10
76.0933619999999991
20
-69.5730489999999975
11
76.0963560000000001
21
-69.5756459999999919
0
LINE
8
BLACK
6
CONTINUOUS
10
76.0963560000000001
20
-69.5756459999999919
11
76.0991959999999921
21
-69.5801579999999973
0
LINE
8
BLACK
6
CONTINUOUS
10
76.0991959999999921
20
-69.5801579999999973
11
76.1025779999999941
21
-69.5842789999999951
0
LINE
8
BLACK
6
CONTINUOUS
10
76.1025779999999941
20
-69.5842789999999951
11
76.1040929999999918
21
-69.5879379999999941
0
LINE
8
BLACK
6
CONTINUOUS
10
76.1040929999999918
20
-69.5879379999999941
11
76.1120209999999986
21
-69.6005320000000012
0
LINE
8
BLACK
6
CONTINUOUS
10
76.1120209999999986
20
-69.6005320000000012
11
76.1834499999999935
21
-69.7433879999999959
0
LINE
8
BLACK
6
CONTINUOUS
10
76.1834499999999935
20
-69.7433879999999959
11
76.1939589999999924
21
-69.7708519999999908
0
LINE
8
BLACK
6
CONTINUOUS
10
76.1939589999999924
20
-69.7708519999999908
11
76.1943399999999968
21
-69.7762259999999941
0
LINE
8
BLACK
6
CONTINUOUS
10
76.1943399999999968
20
-69.7762259999999941
11
76.1964040000000011
21
-69.7812069999999949
0
LINE
8
BLACK
6
CONTINUOUS
10
76.1964040000000011
20
-69.7812069999999949
11
76.1992860000000007
21
-69.8104709999999926
0
LINE
8
BLACK
6
CONTINUOUS
10
76.1992860000000007
20
-69.8104709999999926
11
76.1992860000000007
21
-70.1676140000000004
0
LINE
8
BLACK
6
CONTINUOUS
10
76.1992860000000007
20
-70.1676140000000004
11
76.1964040000000011
21
-70.1968779999999981
0
LINE
8
BLACK
6
CONTINUOUS
10
76.1964040000000011
20
-70.1968779999999981
11
76.1943399999999968
21
-70.2018580000000014
0
LINE
8
BLACK
6
CONTINUOUS
10
76.1943399999999968
20
-70.2018580000000014
11
76.1939589999999924
21
-70.2072330000000022
0
LINE
8
BLACK
6
CONTINUOUS
10
76.1939589999999924
20
-70.2072330000000022
11
76.1834499999999935
21
-70.234696999999997
0
LINE
8
BLACK
6
CONTINUOUS
10
76.1834499999999935
20
-70.234696999999997
11
76.1120209999999986
21
-70.3775529999999918
0
LINE
8
BLACK
6
CONTINUOUS
10
76.1120209999999986
20
-70.3775529999999918
11
76.1040929999999918
21
-70.3901460000000014
0
LINE
8
BLACK
6
CONTINUOUS
10
76.1040929999999918
20
-70.3901460000000014
11
76.1025779999999941
21
-70.3938059999999979
0
LINE
8
BLACK
6
CONTINUOUS
10
76.1025779999999941
20
-70.3938059999999979
11
76.0991959999999921
21
-70.3979259999999982
0
LINE
8
BLACK
6
CONTINUOUS
10
76.0991959999999921
20
-70.3979259999999982
11
76.0963560000000001
21
-70.4024390000000011
0
LINE
8
BLACK
6
CONTINUOUS
10
76.0963560000000001
20
-70.4024390000000011
11
76.0933619999999991
21
-70.405034999999998
0
LINE
8
BLACK
6
CONTINUOUS
10
76.0933619999999991
20
-70.405034999999998
11
76.0839239999999961
21
-70.4165359999999936
0
LINE
8
BLACK
6
CONTINUOUS
10
76.0839239999999961
20
-70.4165359999999936
11
76.0124959999999987
21
-70.4879650000000026
0
LINE
8
BLACK
6
CONTINUOUS
10
76.0124959999999987
20
-70.4879650000000026
11
76.0009900000000016
21
-70.4974069999999955
0
LINE
8
BLACK
6
CONTINUOUS
10
76.0009900000000016
20
-70.4974069999999955
11
75.9983959999999996
21
-70.5003990000000016
0
LINE
8
BLACK
6
CONTINUOUS
10
75.9983959999999996
20
-70.5003990000000016
11
75.9938849999999917
21
-70.5032379999999961
0
LINE
8
BLACK
6
CONTINUOUS
10
75.9938849999999917
20
-70.5032379999999961
11
75.9897649999999913
21
-70.5066199999999981
0
LINE
8
BLACK
6
CONTINUOUS
10
75.9897649999999913
20
-70.5066199999999981
11
75.9861049999999949
21
-70.5081349999999958
0
LINE
8
BLACK
6
CONTINUOUS
10
75.9861049999999949
20
-70.5081349999999958
11
75.973511000000002
21
-70.5160640000000001
0
LINE
8
BLACK
6
CONTINUOUS
10
75.973511000000002
20
-70.5160640000000001
11
75.8306520000000006
21
-70.5874919999999975
0
LINE
8
BLACK
6
CONTINUOUS
10
75.8306520000000006
20
-70.5874919999999975
11
75.8031890000000033
21
-70.5980019999999939
0
LINE
8
BLACK
6
CONTINUOUS
10
75.8031890000000033
20
-70.5980019999999939
11
75.7978129999999908
21
-70.5983829999999983
0
LINE
8
BLACK
6
CONTINUOUS
10
75.7978129999999908
20
-70.5983829999999983
11
75.7928349999999966
21
-70.6004459999999909
0
LINE
8
BLACK
6
CONTINUOUS
10
75.7928349999999966
20
-70.6004459999999909
11
75.7635709999999989
21
-70.6033279999999905
0
LINE
8
BLACK
6
CONTINUOUS
10
75.7635709999999989
20
-70.6033279999999905
11
75.3349999999999937
21
-70.6033279999999905
0
LINE
8
BLACK
6
CONTINUOUS
10
75.3349999999999937
20
-70.6033279999999905
11
75.305735999999996
21
-70.6004459999999909
0
LINE
8
BLACK
6
CONTINUOUS
10
75.305735999999996
20
-70.6004459999999909
11
75.3007569999999902
21
-70.5983829999999983
0
LINE
8
BLACK
6
CONTINUOUS
10
75.3007569999999902
20
-70.5983829999999983
11
75.2953820000000036
21
-70.5980019999999939
0
LINE
8
BLACK
6
CONTINUOUS
10
75.2953820000000036
20
-70.5980019999999939
11
75.267918999999992
21
-70.5874919999999975
0
LINE
8
BLACK
6
CONTINUOUS
10
75.267918999999992
20
-70.5874919999999975
11
75.1250610000000023
21
-70.5160640000000001
0
LINE
8
BLACK
6
CONTINUOUS
10
75.1250610000000023
20
-70.5160640000000001
11
75.1124689999999902
21
-70.5081369999999907
0
LINE
8
BLACK
6
CONTINUOUS
10
75.1124689999999902
20
-70.5081369999999907
11
75.1088079999999962
21
-70.5066209999999955
0
LINE
8
BLACK
6
CONTINUOUS
10
75.1088079999999962
20
-70.5066209999999955
11
75.1046850000000035
21
-70.5032369999999986
0
LINE
8
BLACK
6
CONTINUOUS
10
75.1046850000000035
20
-70.5032369999999986
11
75.1001759999999905
21
-70.5003990000000016
0
LINE
8
BLACK
6
CONTINUOUS
10
75.1001759999999905
20
-70.5003990000000016
11
75.097580999999991
21
-70.4974069999999955
0
LINE
8
BLACK
6
CONTINUOUS
10
75.097580999999991
20
-70.4974069999999955
11
75.0860770000000031
21
-70.4879660000000001
0
LINE
8
BLACK
6
CONTINUOUS
10
75.0860770000000031
20
-70.4879660000000001
11
75.014647999999994
21
-70.4165369999999911
0
LINE
8
BLACK
6
CONTINUOUS
10
75.014647999999994
20
-70.4165369999999911
11
74.9959929999999986
21
-70.3938059999999979
0
LINE
8
BLACK
6
CONTINUOUS
10
74.9959929999999986
20
-70.3938059999999979
11
74.9735960000000006
21
-70.3397339999999929
0
LINE
8
BLACK
6
CONTINUOUS
10
74.9735960000000006
20
-70.3397339999999929
11
74.9735960000000006
21
-70.2812079999999924
0
LINE
8
BLACK
6
CONTINUOUS
10
74.9735960000000006
20
-70.2812079999999924
11
74.9959929999999986
21
-70.2271360000000016
0
LINE
8
BLACK
6
CONTINUOUS
10
74.9959929999999986
20
-70.2271360000000016
11
75.0373790000000014
21
-70.1857499999999987
0
LINE
8
BLACK
6
CONTINUOUS
10
75.0373790000000014
20
-70.1857499999999987
11
75.0914509999999922
21
-70.1633530000000007
0
LINE
8
BLACK
6
CONTINUOUS
10
75.0914509999999922
20
-70.1633530000000007
11
75.1499769999999927
21
-70.1633530000000007
0
LINE
8
BLACK
6
CONTINUOUS
10
75.1499769999999927
20
-70.1633530000000007
11
75.2040489999999977
21
-70.1857499999999987
0
LINE
8
BLACK
6
CONTINUOUS
10
75.2040489999999977
20
-70.1857499999999987
11
75.2267799999999909
21
-70.2044049999999942
0
LINE
8
BLACK
6
CONTINUOUS
10
75.2267799999999909
20
-70.2044049999999942
11
75.2809960000000018
21
-70.2586209999999909
0
LINE
8
BLACK
6
CONTINUOUS
10
75.2809960000000018
20
-70.2586209999999909
11
75.3704099999999926
21
-70.3033279999999934
0
LINE
8
BLACK
6
CONTINUOUS
10
75.3704099999999926
20
-70.3033279999999934
11
75.7281619999999975
21
-70.3033279999999934
0
LINE
8
BLACK
6
CONTINUOUS
10
75.7281619999999975
20
-70.3033279999999934
11
75.8175749999999908
21
-70.2586209999999909
0
LINE
8
BLACK
6
CONTINUOUS
10
75.8175749999999908
20
-70.2586209999999909
11
75.8545780000000036
21
-70.2216169999999948
0
LINE
8
BLACK
6
CONTINUOUS
10
75.8545780000000036
20
-70.2216169999999948
11
75.8992860000000036
21
-70.1322029999999899
0
LINE
8
BLACK
6
CONTINUOUS
10
75.8992860000000036
20
-70.1322029999999899
11
75.8992860000000036
21
-69.8458809999999914
0
LINE
8
BLACK
6
CONTINUOUS
10
75.8992860000000036
20
-69.8458809999999914
11
75.8545780000000036
21
-69.7564670000000007
0
LINE
8
BLACK
6
CONTINUOUS
10
75.8545780000000036
20
-69.7564670000000007
11
75.8175749999999908
21
-69.7194629999999904
0
LINE
8
BLACK
6
CONTINUOUS
10
75.8175749999999908
20
-69.7194629999999904
11
75.7281619999999975
21
-69.6747569999999996
0
LINE
8
BLACK
6
CONTINUOUS
10
75.7281619999999975
20
-69.6747569999999996
11
75.5492859999999951
21
-69.6747569999999996
0
LINE
8
BLACK
6
CONTINUOUS
10
75.5492859999999951
20
-69.6747569999999996
11
75.533812999999995
21
-69.6732329999999962
0
LINE
8
BLACK
6
CONTINUOUS
10
75.533812999999995
20
-69.6732329999999962
11
75.5298739999999924
21
-69.6734960000000001
0
LINE
8
BLACK
6
CONTINUOUS
10
75.5298739999999924
20
-69.6734960000000001
11
75.5271589999999975
21
-69.6725769999999898
0
LINE
8
BLACK
6
CONTINUOUS
10
75.5271589999999975
20
-69.6725769999999898
11
75.5200219999999973
21
-69.671875
0
LINE
8
BLACK
6
CONTINUOUS
10
75.5200219999999973
20
-69.671875
11
75.4975129999999979
21
-69.6625509999999935
0
LINE
8
BLACK
6
CONTINUOUS
10
75.4975129999999979
20
-69.6625509999999935
11
75.4744319999999931
21
-69.6547449999999913
0
LINE
8
BLACK
6
CONTINUOUS
10
75.4744319999999931
20
-69.6547449999999913
11
75.4706240000000008
21
-69.6514129999999909
0
LINE
8
BLACK
6
CONTINUOUS
10
75.4706240000000008
20
-69.6514129999999909
11
75.4659499999999923
21
-69.6494769999999903
0
LINE
8
BLACK
6
CONTINUOUS
10
75.4659499999999923
20
-69.6494769999999903
11
75.4487199999999945
21
-69.6322469999999925
0
LINE
8
BLACK
6
CONTINUOUS
10
75.4487199999999945
20
-69.6322469999999925
11
75.4303850000000011
21
-69.6162039999999962
0
LINE
8
BLACK
6
CONTINUOUS
10
75.4303850000000011
20
-69.6162039999999962
11
75.428141999999994
21
-69.611668999999992
0
LINE
8
BLACK
6
CONTINUOUS
10
75.428141999999994
20
-69.611668999999992
11
75.4245659999999987
21
-69.6080929999999967
0
LINE
8
BLACK
6
CONTINUOUS
10
75.4245659999999987
20
-69.6080929999999967
11
75.4152389999999997
21
-69.5855760000000032
0
LINE
8
BLACK
6
CONTINUOUS
10
75.4152389999999997
20
-69.5855760000000032
11
75.4044409999999914
21
-69.5637409999999932
0
LINE
8
BLACK
6
CONTINUOUS
10
75.4044409999999914
20
-69.5637409999999932
11
75.4041039999999896
21
-69.5586959999999976
0
LINE
8
BLACK
6
CONTINUOUS
10
75.4041039999999896
20
-69.5586959999999976
11
75.4021680000000032
21
-69.5540209999999917
0
LINE
8
BLACK
6
CONTINUOUS
10
75.4021680000000032
20
-69.5540209999999917
11
75.4021680000000032
21
-69.5296539999999936
0
LINE
8
BLACK
6
CONTINUOUS
10
75.4021680000000032
20
-69.5296539999999936
11
75.4005470000000031
21
-69.5053449999999913
0
LINE
8
BLACK
6
CONTINUOUS
10
75.4005470000000031
20
-69.5053449999999913
11
75.4021680000000032
21
-69.500551999999999
0
LINE
8
BLACK
6
CONTINUOUS
10
75.4021680000000032
20
-69.500551999999999
11
75.4021680000000032
21
-69.4954929999999962
0
LINE
8
BLACK
6
CONTINUOUS
10
75.4021680000000032
20
-69.4954929999999962
11
75.4114909999999981
21
-69.4729839999999967
0
LINE
8
BLACK
6
CONTINUOUS
10
75.4114909999999981
20
-69.4729839999999967
11
75.4192979999999977
21
-69.4499029999999919
0
LINE
8
BLACK
6
CONTINUOUS
10
75.4192979999999977
20
-69.4499029999999919
11
75.4234689999999972
21
-69.4440659999999923
0
LINE
8
BLACK
6
CONTINUOUS
10
75.4234689999999972
20
-69.4440659999999923
11
75.4245659999999987
21
-69.4414209999999912
0
LINE
8
BLACK
6
CONTINUOUS
10
75.4245659999999987
20
-69.4414209999999912
11
75.4273549999999915
21
-69.4386310000000009
0
LINE
8
BLACK
6
CONTINUOUS
10
75.4273549999999915
20
-69.4386310000000009
11
75.4363989999999944
21
-69.4259809999999931
0
LINE
8
BLACK
6
CONTINUOUS
10
75.4363989999999944
20
-69.4259809999999931
11
75.7187210000000022
21
-69.1033279999999905
0
LINE
8
BLACK
6
CONTINUOUS
10
75.7187210000000022
20
-69.1033279999999905
11
75.1207139999999924
21
-69.1033279999999905
0
LINE
8
BLACK
6
CONTINUOUS
10
75.1207139999999924
20
-69.1033279999999905
11
75.0914499999999947
21
-69.1004459999999909
0
LINE
8
BLACK
6
CONTINUOUS
10
75.0914499999999947
20
-69.1004459999999909
11
75.0373779999999897
21
-69.0780479999999955
0
LINE
8
BLACK
6
CONTINUOUS
10
75.0373779999999897
20
-69.0780479999999955
11
74.995993999999996
21
-69.0366640000000018
0
LINE
8
BLACK
6
CONTINUOUS
10
74.995993999999996
20
-69.0366640000000018
11
74.9735960000000006
21
-68.9825919999999968
0
LINE
8
BLACK
6
CONTINUOUS
10
74.9735960000000006
20
-68.9825919999999968
11
74.9735960000000006
21
-68.9240640000000013
0
LINE
8
BLACK
6
CONTINUOUS
10
74.9735960000000006
20
-68.9240640000000013
11
74.995993999999996
21
-68.8699919999999963
0
LINE
8
BLACK
6
CONTINUOUS
10
74.995993999999996
20
-68.8699919999999963
11
75.0373779999999897
21
-68.8286080000000027
0
LINE
8
BLACK
6
CONTINUOUS
10
75.0373779999999897
20
-68.8286080000000027
11
75.0914499999999947
21
-68.806209999999993
0
LINE
8
BLACK
6
CONTINUOUS
10
75.0914499999999947
20
-68.806209999999993
11
75.1207139999999924
21
-68.8033279999999934
0
LINE
8
BLACK
6
CONTINUOUS
10
75.1207139999999924
20
-68.8033279999999934
11
76.0492859999999951
21
-68.8033279999999934
0
LINE
8
BLACK
6
CONTINUOUS
10
76.0492859999999951
20
-68.8033279999999934
11
76.0647629999999992
21
-68.8048519999999968
0
LINE
8
BLACK
6
CONTINUOUS
10
77.2214060000000018
20
-68.806209999999993
11
77.2263829999999984
21
-68.8082709999999906
0
LINE
8
BLACK
6
CONTINUOUS
10
77.2263829999999984
20
-68.8082709999999906
11
77.2317609999999917
21
-68.80865399999999
0
LINE
8
BLACK
6
CONTINUOUS
10
77.2317609999999917
20
-68.80865399999999
11
77.2592240000000032
21
-68.8191640000000007
0
LINE
8
BLACK
6
CONTINUOUS
10
77.2592240000000032
20
-68.8191640000000007
11
77.4020819999999929
21
-68.8905929999999955
0
LINE
8
BLACK
6
CONTINUOUS
10
77.4020819999999929
20
-68.8905929999999955
11
77.4146750000000026
21
-68.8985199999999907
0
LINE
8
BLACK
6
CONTINUOUS
10
77.4146750000000026
20
-68.8985199999999907
11
77.418334999999999
21
-68.9000360000000001
0
LINE
8
BLACK
6
CONTINUOUS
10
77.418334999999999
20
-68.9000360000000001
11
77.4224540000000019
21
-68.9034169999999904
0
LINE
8
BLACK
6
CONTINUOUS
10
77.4224540000000019
20
-68.9034169999999904
11
77.4269680000000022
21
-68.906257999999994
0
LINE
8
BLACK
6
CONTINUOUS
10
77.4269680000000022
20
-68.906257999999994
11
77.4295639999999992
21
-68.9092509999999976
0
LINE
8
BLACK
6
CONTINUOUS
10
77.4295639999999992
20
-68.9092509999999976
11
77.4410659999999922
21
-68.9186909999999955
0
LINE
8
BLACK
6
CONTINUOUS
10
77.4410659999999922
20
-68.9186909999999955
11
77.5124939999999896
21
-68.9901189999999929
0
LINE
8
BLACK
6
CONTINUOUS
10
77.5124939999999896
20
-68.9901189999999929
11
77.5219340000000017
21
-69.0016210000000001
0
LINE
8
BLACK
6
CONTINUOUS
10
77.5219340000000017
20
-69.0016210000000001
11
77.524926999999991
21
-69.004216999999997
0
LINE
8
BLACK
6
CONTINUOUS
10
77.524926999999991
20
-69.004216999999997
11
77.5277650000000023
21
-69.0087259999999958
0
LINE
8
BLACK
6
CONTINUOUS
10
77.5277650000000023
20
-69.0087259999999958
11
77.5311489999999992
21
-69.0128490000000028
0
LINE
8
BLACK
6
CONTINUOUS
10
77.5311489999999992
20
-69.0128490000000028
11
77.5326649999999944
21
-69.0165109999999942
0
LINE
8
BLACK
6
CONTINUOUS
10
77.5326649999999944
20
-69.0165109999999942
11
77.5405919999999895
21
-69.0291029999999921
0
LINE
8
BLACK
6
CONTINUOUS
10
77.5405919999999895
20
-69.0291029999999921
11
77.6120209999999986
21
-69.1719590000000011
0
LINE
8
BLACK
6
CONTINUOUS
10
77.6120209999999986
20
-69.1719590000000011
11
77.6225299999999976
21
-69.1994229999999959
0
LINE
8
BLACK
6
CONTINUOUS
10
77.6225299999999976
20
-69.1994229999999959
11
77.622911000000002
21
-69.2047969999999992
0
LINE
8
BLACK
6
CONTINUOUS
10
77.622911000000002
20
-69.2047969999999992
11
77.6249749999999921
21
-69.209778
0
LINE
8
BLACK
6
CONTINUOUS
10
77.6249749999999921
20
-69.209778
11
77.6278569999999917
21
-69.2390419999999978
0
LINE
8
BLACK
6
CONTINUOUS
10
77.6278569999999917
20
-69.2390419999999978
11
77.6278569999999917
21
-69.3819000000000017
0
LINE
8
BLACK
6
CONTINUOUS
10
77.6278569999999917
20
-69.3819000000000017
11
77.6263979999999947
21
-69.3967109999999963
0
LINE
8
BLACK
6
CONTINUOUS
10
77.6263979999999947
20
-69.3967109999999963
11
77.6266789999999958
21
-69.4006609999999995
0
LINE
8
BLACK
6
CONTINUOUS
10
77.6266789999999958
20
-69.4006609999999995
11
77.6254969999999958
21
-69.4058550000000025
0
LINE
8
BLACK
6
CONTINUOUS
10
77.6254969999999958
20
-69.4058550000000025
11
77.6249749999999921
21
-69.4111639999999994
0
LINE
8
BLACK
6
CONTINUOUS
10
77.6249749999999921
20
-69.4111639999999994
11
77.6234579999999994
21
-69.4148249999999933
0
LINE
8
BLACK
6
CONTINUOUS
10
77.6234579999999994
20
-69.4148249999999933
11
77.620159000000001
21
-69.4293349999999947
0
LINE
8
BLACK
6
CONTINUOUS
10
77.620159000000001
20
-69.4293349999999947
11
77.5487299999999919
21
-69.6436199999999985
0
LINE
8
BLACK
6
CONTINUOUS
10
77.5487299999999919
20
-69.6436199999999985
11
77.5367419999999896
21
-69.6704699999999946
0
LINE
8
BLACK
6
CONTINUOUS
10
77.5367419999999896
20
-69.6704699999999946
11
77.5332119999999918
21
-69.6745389999999958
0
LINE
8
BLACK
6
CONTINUOUS
10
77.5332119999999918
20
-69.6745389999999958
11
77.5311489999999992
21
-69.679520999999994
0
LINE
8
BLACK
6
CONTINUOUS
10
77.5311489999999992
20
-69.679520999999994
11
77.5124939999999896
21
-69.7022509999999897
0
LINE
8
BLACK
6
CONTINUOUS
10
77.5124939999999896
20
-69.7022509999999897
11
76.9114170000000001
21
-70.3033279999999934
0
LINE
8
BLACK
6
CONTINUOUS
10
76.9114170000000001
20
-70.3033279999999934
11
77.4778570000000002
21
-70.3033279999999934
0
LINE
8
BLACK
6
CONTINUOUS
10
77.4778570000000002
20
-70.3033279999999934
11
77.5071209999999979
21
-70.306209999999993
0
LINE
8
BLACK
6
CONTINUOUS
10
77.5071209999999979
20
-70.306209999999993
11
77.5611930000000029
21
-70.3286080000000027
0
LINE
8
BLACK
6
CONTINUOUS
10
77.5611930000000029
20
-70.3286080000000027
11
77.6025769999999966
21
-70.3699919999999963
0
LINE
8
BLACK
6
CONTINUOUS
10
77.6025769999999966
20
-70.3699919999999963
11
77.6249749999999921
21
-70.4240640000000013
0
LINE
8
BLACK
6
CONTINUOUS
10
77.6249749999999921
20
-70.4240640000000013
11
77.6249749999999921
21
-70.4825919999999968
0
LINE
8
BLACK
6
CONTINUOUS
10
77.6249749999999921
20
-70.4825919999999968
11
77.6025769999999966
21
-70.5366640000000018
0
LINE
8
BLACK
6
CONTINUOUS
10
77.6025769999999966
20
-70.5366640000000018
11
77.5611930000000029
21
-70.5780479999999955
0
LINE
8
BLACK
6
CONTINUOUS
10
77.5611930000000029
20
-70.5780479999999955
11
77.5071209999999979
21
-70.6004459999999909
0
LINE
8
BLACK
6
CONTINUOUS
10
77.5071209999999979
20
-70.6004459999999909
11
77.4778570000000002
21
-70.6033279999999905
0
LINE
8
BLACK
6
CONTINUOUS
10
77.4778570000000002
20
-70.6033279999999905
11
76.5492849999999976
21
-70.6033279999999905
0
LINE
8
BLACK
6
CONTINUOUS
10
76.5492849999999976
20
-70.6033279999999905
11
76.5200209999999998
21
-70.6004459999999909
0
LINE
8
BLACK
6
CONTINUOUS
10
76.5200209999999998
20
-70.6004459999999909
11
76.4887480000000011
21
-70.5874919999999975
0
LINE
8
BLACK
6
CONTINUOUS
10
76.4887480000000011
20
-70.5874919999999975
11
76.4659499999999923
21
-70.5780489999999929
0
LINE
8
BLACK
6
CONTINUOUS
10
76.4659499999999923
20
-70.5780489999999929
11
76.4245639999999895
21
-70.5366629999999901
0
LINE
8
BLACK
6
CONTINUOUS
10
76.4245639999999895
20
-70.5366629999999901
11
76.4021669999999915
21
-70.4825909999999993
0
LINE
8
BLACK
6
CONTINUOUS
10
76.4021669999999915
20
-70.4825909999999993
11
76.4021669999999915
21
-70.4240649999999988
0
LINE
8
BLACK
6
CONTINUOUS
10
76.4021669999999915
20
-70.4240649999999988
11
76.4052859999999896
21
-70.4165359999999936
0
LINE
8
BLACK
6
CONTINUOUS
10
76.4052859999999896
20
-70.4165359999999936
11
76.4118610000000018
21
-70.400661999999997
0
LINE
8
BLACK
6
CONTINUOUS
10
76.4118610000000018
20
-70.400661999999997
11
76.4245639999999895
21
-70.3699929999999938
0
LINE
8
BLACK
6
CONTINUOUS
10
76.4245639999999895
20
-70.3699929999999938
11
76.4432189999999991
21
-70.3472620000000006
0
LINE
8
BLACK
6
CONTINUOUS
10
76.4432189999999991
20
-70.3472620000000006
11
77.2753230000000002
21
-69.5151570000000021
0
LINE
8
BLACK
6
CONTINUOUS
10
77.2753230000000002
20
-69.5151570000000021
11
77.3278569999999945
21
-69.3575589999999949
0
LINE
8
BLACK
6
CONTINUOUS
10
77.3278569999999945
20
-69.3575589999999949
11
77.3278569999999945
21
-69.2744519999999966
0
LINE
8
BLACK
6
CONTINUOUS
10
77.3278569999999945
20
-69.2744519999999966
11
77.283149999999992
21
-69.1850390000000033
0
LINE
8
BLACK
6
CONTINUOUS
10
77.283149999999992
20
-69.1850390000000033
11
77.246145999999996
21
-69.148034999999993
0
LINE
8
BLACK
6
CONTINUOUS
10
77.246145999999996
20
-69.148034999999993
11
77.156731999999991
21
-69.1033279999999905
0
LINE
8
BLACK
6
CONTINUOUS
10
77.156731999999991
20
-69.1033279999999905
11
76.8704099999999926
21
-69.1033279999999905
0
LINE
8
BLACK
6
CONTINUOUS
10
76.8704099999999926
20
-69.1033279999999905
11
76.7809960000000018
21
-69.148034999999993
0
LINE
8
BLACK
6
CONTINUOUS
10
76.7809960000000018
20
-69.148034999999993
11
76.7267799999999909
21
-69.202251000000004
0
LINE
8
BLACK
6
CONTINUOUS
10
76.7267799999999909
20
-69.202251000000004
11
76.7040489999999977
21
-69.2209059999999994
0
LINE
8
BLACK
6
CONTINUOUS
10
76.7040489999999977
20
-69.2209059999999994
11
76.6499769999999927
21
-69.2433029999999974
0
LINE
8
BLACK
6
CONTINUOUS
10
76.6499769999999927
20
-69.2433029999999974
11
76.5914509999999922
21
-69.2433029999999974
0
LINE
8
BLACK
6
CONTINUOUS
10
76.5914509999999922
20
-69.2433029999999974
11
76.5373790000000014
21
-69.2209059999999994
0
LINE
8
BLACK
6
CONTINUOUS
10
76.5373790000000014
20
-69.2209059999999994
11
76.4959929999999986
21
-69.1795199999999966
0
LINE
8
BLACK
6
CONTINUOUS
10
76.4959929999999986
20
-69.1795199999999966
11
76.4735960000000006
21
-69.1254479999999916
0
LINE
8
BLACK
6
CONTINUOUS
10
76.4735960000000006
20
-69.1254479999999916
11
76.4735960000000006
21
-69.066921999999991
0
LINE
8
BLACK
6
CONTINUOUS
10
76.4735960000000006
20
-69.066921999999991
11
76.4959929999999986
21
-69.0128500000000003
0
LINE
8
BLACK
6
CONTINUOUS
10
76.4959929999999986
20
-69.0128500000000003
11
76.514647999999994
21
-68.9901189999999929
0
LINE
8
BLACK
6
CONTINUOUS
10
76.514647999999994
20
-68.9901189999999929
11
76.5860759999999914
21
-68.9186909999999955
0
LINE
8
BLACK
6
CONTINUOUS
10
76.5860759999999914
20
-68.9186909999999955
11
76.5975779999999986
21
-68.9092500000000001
0
LINE
8
BLACK
6
CONTINUOUS
10
76.5975779999999986
20
-68.9092500000000001
11
76.6001739999999955
21
-68.906257999999994
0
LINE
8
BLACK
6
CONTINUOUS
10
76.6001739999999955
20
-68.906257999999994
11
76.6046829999999943
21
-68.9034189999999995
0
LINE
8
BLACK
6
CONTINUOUS
10
76.6046829999999943
20
-68.9034189999999995
11
76.6088060000000013
21
-68.9000360000000001
0
LINE
8
BLACK
6
CONTINUOUS
10
76.6088060000000013
20
-68.9000360000000001
11
76.6124679999999927
21
-68.8985189999999932
0
LINE
8
BLACK
6
CONTINUOUS
10
76.6124679999999927
20
-68.8985189999999932
11
76.6250599999999906
21
-68.8905929999999955
0
LINE
8
BLACK
6
CONTINUOUS
10
76.6250599999999906
20
-68.8905929999999955
11
76.7679179999999945
21
-68.8191640000000007
0
LINE
8
BLACK
6
CONTINUOUS
10
76.7679179999999945
20
-68.8191640000000007
11
76.7953809999999919
21
-68.80865399999999
0
LINE
8
BLACK
6
CONTINUOUS
10
76.7953809999999919
20
-68.80865399999999
11
76.8007580000000019
21
-68.8082709999999906
0
LINE
8
BLACK
6
CONTINUOUS
10
76.8007580000000019
20
-68.8082709999999906
11
76.805735999999996
21
-68.806209999999993
0
LINE
8
BLACK
6
CONTINUOUS
10
76.805735999999996
20
-68.806209999999993
11
76.8349999999999937
21
-68.8033279999999934
0
LINE
8
BLACK
6
CONTINUOUS
10
76.8349999999999937
20
-68.8033279999999934
11
77.1921419999999898
21
-68.8033279999999934
0
LINE
8
BLACK
6
CONTINUOUS
10
77.1921419999999898
20
-68.8033279999999934
11
77.2214060000000018
21
-68.806209999999993
0
LINE
8
BLACK
6
CONTINUOUS
10
74.3642639999999915
20
-68.806209999999993
11
74.3692439999999948
21
-68.8082729999999998
0
LINE
8
BLACK
6
CONTINUOUS
10
74.3692439999999948
20
-68.8082729999999998
11
74.3746189999999956
21
-68.8086550000000017
0
LINE
8
BLACK
6
CONTINUOUS
10
74.3746189999999956
20
-68.8086550000000017
11
74.4020819999999929
21
-68.8191640000000007
0
LINE
8
BLACK
6
CONTINUOUS
10
74.4020819999999929
20
-68.8191640000000007
11
74.5449389999999994
21
-68.8905929999999955
0
LINE
8
BLACK
6
CONTINUOUS
10
74.5449389999999994
20
-68.8905929999999955
11
74.5575339999999898
21
-68.8985210000000023
0
LINE
8
BLACK
6
CONTINUOUS
10
74.5575339999999898
20
-68.8985210000000023
11
74.5611909999999938
21
-68.9000360000000001
0
LINE
8
BLACK
6
CONTINUOUS
10
74.5611909999999938
20
-68.9000360000000001
11
74.5653080000000017
21
-68.9034149999999954
0
LINE
8
BLACK
6
CONTINUOUS
10
74.5653080000000017
20
-68.9034149999999954
11
74.5698249999999945
21
-68.906257999999994
0
LINE
8
BLACK
6
CONTINUOUS
10
74.5698249999999945
20
-68.906257999999994
11
74.5724220000000031
21
-68.9092519999999951
0
LINE
8
BLACK
6
CONTINUOUS
10
74.5724220000000031
20
-68.9092519999999951
11
74.5839220000000012
21
-68.918689999999998
0
LINE
8
BLACK
6
CONTINUOUS
10
74.5839220000000012
20
-68.918689999999998
11
74.655350999999996
21
-68.9901179999999954
0
LINE
8
BLACK
6
CONTINUOUS
10
74.655350999999996
20
-68.9901179999999954
11
74.6647930000000031
21
-69.001622999999995
0
LINE
8
BLACK
6
CONTINUOUS
10
74.6647930000000031
20
-69.001622999999995
11
74.667784999999995
21
-69.0042179999999945
0
LINE
8
BLACK
6
CONTINUOUS
10
74.667784999999995
20
-69.0042179999999945
11
74.6706240000000037
21
-69.0087279999999907
0
LINE
8
BLACK
6
CONTINUOUS
10
74.6706240000000037
20
-69.0087279999999907
11
74.6740059999999914
21
-69.0128490000000028
0
LINE
8
BLACK
6
CONTINUOUS
10
74.6740059999999914
20
-69.0128490000000028
11
74.6755210000000034
21
-69.0165080000000017
0
LINE
8
BLACK
6
CONTINUOUS
10
74.6755210000000034
20
-69.0165080000000017
11
74.6834499999999935
21
-69.0291029999999921
0
LINE
8
BLACK
6
CONTINUOUS
10
74.6834499999999935
20
-69.0291029999999921
11
74.7548779999999908
21
-69.171960999999996
0
LINE
8
BLACK
6
CONTINUOUS
10
74.7548779999999908
20
-69.171960999999996
11
74.7653880000000015
21
-69.1994239999999934
0
LINE
8
BLACK
6
CONTINUOUS
10
74.7653880000000015
20
-69.1994239999999934
11
74.7657689999999917
21
-69.2047989999999942
0
LINE
8
BLACK
6
CONTINUOUS
10
74.7657689999999917
20
-69.2047989999999942
11
74.7678319999999985
21
-69.209778
0
LINE
8
BLACK
6
CONTINUOUS
10
74.7678319999999985
20
-69.209778
11
74.7707139999999981
21
-69.2390419999999978
0
LINE
8
BLACK
6
CONTINUOUS
10
74.7707139999999981
20
-69.2390419999999978
11
74.7707139999999981
21
-69.4533279999999991
0
LINE
8
BLACK
6
CONTINUOUS
10
74.7707139999999981
20
-69.4533279999999991
11
74.7678319999999985
21
-69.4825919999999968
0
LINE
8
BLACK
6
CONTINUOUS
10
74.7678319999999985
20
-69.4825919999999968
11
74.7657689999999917
21
-69.487569999999991
0
LINE
8
BLACK
6
CONTINUOUS
10
74.7657689999999917
20
-69.487569999999991
11
74.7653880000000015
21
-69.4929460000000034
0
LINE
8
BLACK
6
CONTINUOUS
10
74.7653880000000015
20
-69.4929460000000034
11
74.7548779999999908
21
-69.5204090000000008
0
LINE
8
BLACK
6
CONTINUOUS
10
74.7548779999999908
20
-69.5204090000000008
11
74.6834499999999935
21
-69.6632669999999905
0
LINE
8
BLACK
6
CONTINUOUS
10
74.6834499999999935
20
-69.6632669999999905
11
74.6755229999999983
21
-69.675857999999991
0
LINE
8
BLACK
6
CONTINUOUS
10
74.6755229999999983
20
-69.675857999999991
11
74.6740070000000031
21
-69.6795199999999966
0
LINE
8
BLACK
6
CONTINUOUS
10
74.6740070000000031
20
-69.6795199999999966
11
74.670622999999992
21
-69.6836419999999919
0
LINE
8
BLACK
6
CONTINUOUS
10
74.670622999999992
20
-69.6836419999999919
11
74.667784999999995
21
-69.6881520000000023
0
LINE
8
BLACK
6
CONTINUOUS
10
74.667784999999995
20
-69.6881520000000023
11
74.6647930000000031
21
-69.6907459999999901
0
LINE
8
BLACK
6
CONTINUOUS
10
74.6647930000000031
20
-69.6907459999999901
11
74.6553519999999935
21
-69.7022509999999897
0
LINE
8
BLACK
6
CONTINUOUS
10
74.6553519999999935
20
-69.7022509999999897
11
74.5839229999999986
21
-69.7736799999999988
0
LINE
8
BLACK
6
CONTINUOUS
10
74.5839229999999986
20
-69.7736799999999988
11
74.5724209999999914
21
-69.7831189999999992
0
LINE
8
BLACK
6
CONTINUOUS
10
74.5724209999999914
20
-69.7831189999999992
11
74.5698249999999945
21
-69.7861130000000003
0
LINE
8
BLACK
6
CONTINUOUS
10
74.5698249999999945
20
-69.7861130000000003
11
74.5653109999999941
21
-69.7889529999999922
0
LINE
8
BLACK
6
CONTINUOUS
10
74.5653109999999941
20
-69.7889529999999922
11
74.5611919999999913
21
-69.7923349999999942
0
LINE
8
BLACK
6
CONTINUOUS
10
74.5611919999999913
20
-69.7923349999999942
11
74.5575319999999948
21
-69.793849999999992
0
LINE
8
BLACK
6
CONTINUOUS
10
74.5575319999999948
20
-69.793849999999992
11
74.5449389999999994
21
-69.8017779999999988
0
LINE
8
BLACK
6
CONTINUOUS
10
74.5449389999999994
20
-69.8017779999999988
11
74.4020819999999929
21
-69.8732059999999962
0
LINE
8
BLACK
6
CONTINUOUS
10
74.4020819999999929
20
-69.8732059999999962
11
74.3986469999999969
21
-69.8745199999999897
0
LINE
8
BLACK
6
CONTINUOUS
10
74.3986469999999969
20
-69.8745199999999897
11
74.7435990000000032
21
-70.3673089999999917
0
LINE
8
BLACK
6
CONTINUOUS
10
74.7435990000000032
20
-70.3673089999999917
11
74.7580200000000019
21
-70.3929349999999943
0
LINE
8
BLACK
6
CONTINUOUS
10
74.7580200000000019
20
-70.3929349999999943
11
74.7706790000000012
21
-70.4500769999999932
0
LINE
8
BLACK
6
CONTINUOUS
10
74.7706790000000012
20
-70.4500769999999932
11
74.7605080000000015
21
-70.5077129999999954
0
LINE
8
BLACK
6
CONTINUOUS
10
74.7605080000000015
20
-70.5077129999999954
11
74.7290550000000025
21
-70.557069999999996
0
LINE
8
BLACK
6
CONTINUOUS
10
74.7290550000000025
20
-70.557069999999996
11
74.6811069999999972
21
-70.5906339999999943
0
LINE
8
BLACK
6
CONTINUOUS
10
74.6811069999999972
20
-70.5906339999999943
11
74.6239649999999983
21
-70.6032929999999936
0
LINE
8
BLACK
6
CONTINUOUS
10
74.6239649999999983
20
-70.6032929999999936
11
74.5663289999999961
21
-70.5931219999999939
0
LINE
8
BLACK
6
CONTINUOUS
10
74.5663289999999961
20
-70.5931219999999939
11
74.5169719999999955
21
-70.5616689999999949
0
LINE
8
BLACK
6
CONTINUOUS
10
74.5169719999999955
20
-70.5616689999999949
11
74.4978289999999959
21
-70.5393469999999922
0
LINE
8
BLACK
6
CONTINUOUS
10
74.4978289999999959
20
-70.5393469999999922
11
74.0426159999999953
21
-69.8890420000000034
0
LINE
8
BLACK
6
CONTINUOUS
10
74.0426159999999953
20
-69.8890420000000034
11
73.9135709999999904
21
-69.8890420000000034
0
LINE
8
BLACK
6
CONTINUOUS
10
73.9135709999999904
20
-69.8890420000000034
11
73.9135709999999904
21
-70.4533279999999991
0
LINE
8
BLACK
6
CONTINUOUS
10
73.9135709999999904
20
-70.4533279999999991
11
73.9106889999999908
21
-70.4825919999999968
0
LINE
8
BLACK
6
CONTINUOUS
10
73.9106889999999908
20
-70.4825919999999968
11
73.8882909999999953
21
-70.5366640000000018
0
LINE
8
BLACK
6
CONTINUOUS
10
73.8882909999999953
20
-70.5366640000000018
11
73.8469070000000016
21
-70.5780479999999955
0
LINE
8
BLACK
6
CONTINUOUS
10
73.8469070000000016
20
-70.5780479999999955
11
73.7928349999999966
21
-70.6004459999999909
0
LINE
8
BLACK
6
CONTINUOUS
10
73.7928349999999966
20
-70.6004459999999909
11
73.7343070000000012
21
-70.6004459999999909
0
LINE
8
BLACK
6
CONTINUOUS
10
73.7343070000000012
20
-70.6004459999999909
11
73.6802349999999961
21
-70.5780479999999955
0
LINE
8
BLACK
6
CONTINUOUS
10
73.6802349999999961
20
-70.5780479999999955
11
73.6388510000000025
21
-70.5366640000000018
0
LINE
8
BLACK
6
CONTINUOUS
10
73.6388510000000025
20
-70.5366640000000018
11
73.6164529999999928
21
-70.4825919999999968
0
LINE
8
BLACK
6
CONTINUOUS
10
73.6164529999999928
20
-70.4825919999999968
11
73.6135709999999932
21
-70.4533279999999991
0
LINE
8
BLACK
6
CONTINUOUS
10
73.6135709999999932
20
-70.4533279999999991
11
73.6135709999999932
21
-68.9533279999999991
0
LINE
8
BLACK
6
CONTINUOUS
10
73.6135709999999932
20
-68.9533279999999991
11
73.6164529999999928
21
-68.9240640000000013
0
LINE
8
BLACK
6
CONTINUOUS
10
73.6164529999999928
20
-68.9240640000000013
11
73.6388510000000025
21
-68.8699919999999963
0
LINE
8
BLACK
6
CONTINUOUS
10
73.6388510000000025
20
-68.8699919999999963
11
73.6802349999999961
21
-68.8286080000000027
0
LINE
8
BLACK
6
CONTINUOUS
10
73.6802349999999961
20
-68.8286080000000027
11
73.7343070000000012
21
-68.806209999999993
0
LINE
8
BLACK
6
CONTINUOUS
10
73.7343070000000012
20
-68.806209999999993
11
73.7635709999999989
21
-68.8033279999999934
0
LINE
8
BLACK
6
CONTINUOUS
10
73.7635709999999989
20
-68.8033279999999934
11
74.3349999999999937
21
-68.8033279999999934
0
LINE
8
BLACK
6
CONTINUOUS
10
74.3349999999999937
20
-68.8033279999999934
11
74.3642639999999915
21
-68.806209999999993
0
LINE
8
BLACK
6
CONTINUOUS
10
73.9135709999999904
20
-69.5890419999999921
11
74.2995899999999949
21
-69.5890419999999921
0
LINE
8
BLACK
6
CONTINUOUS
10
74.2995899999999949
20
-69.5890419999999921
11
74.3890019999999907
21
-69.5443360000000013
0
LINE
8
BLACK
6
CONTINUOUS
10
74.3890019999999907
20
-69.5443360000000013
11
74.4260069999999985
21
-69.5073309999999935
0
LINE
8
BLACK
6
CONTINUOUS
10
74.4260069999999985
20
-69.5073309999999935
11
74.470714000000001
21
-69.4179180000000002
0
LINE
8
BLACK
6
CONTINUOUS
10
74.470714000000001
20
-69.4179180000000002
11
74.470714000000001
21
-69.2744509999999991
0
LINE
8
BLACK
6
CONTINUOUS
10
74.470714000000001
20
-69.2744509999999991
11
74.4260079999999959
21
-69.1850390000000033
0
LINE
8
BLACK
6
CONTINUOUS
10
74.4260079999999959
20
-69.1850390000000033
11
74.3890039999999999
21
-69.148034999999993
0
LINE
8
BLACK
6
CONTINUOUS
10
74.3890039999999999
20
-69.148034999999993
11
74.2995899999999949
21
-69.1033279999999905
0
LINE
8
BLACK
6
CONTINUOUS
10
74.2995899999999949
20
-69.1033279999999905
11
73.9135709999999904
21
-69.1033279999999905
0
LINE
8
BLACK
6
CONTINUOUS
10
73.9135709999999904
20
-69.1033279999999905
11
73.9135709999999904
21
-69.5890419999999921
0
LINE
8
BLACK
6
CONTINUOUS
10
66.2078350000000029
20
-65.7562099999999958
11
66.2128119999999996
21
-65.7582709999999935
0
LINE
8
BLACK
6
CONTINUOUS
10
66.2128119999999996
20
-65.7582709999999935
11
66.2181899999999928
21
-65.7586539999999928
0
LINE
8
BLACK
6
CONTINUOUS
10
66.2181899999999928
20
-65.7586539999999928
11
66.2456529999999901
21
-65.7691640000000035
0
LINE
8
BLACK
6
CONTINUOUS
10
66.2456529999999901
20
-65.7691640000000035
11
66.3885109999999941
21
-65.8405929999999984
0
LINE
8
BLACK
6
CONTINUOUS
10
66.3885109999999941
20
-65.8405929999999984
11
66.4011040000000037
21
-65.8485199999999935
0
LINE
8
BLACK
6
CONTINUOUS
10
66.4011040000000037
20
-65.8485199999999935
11
66.4047640000000001
21
-65.8500360000000029
0
LINE
8
BLACK
6
CONTINUOUS
10
66.4047640000000001
20
-65.8500360000000029
11
66.408883000000003
21
-65.8534169999999932
0
LINE
8
BLACK
6
CONTINUOUS
10
66.408883000000003
20
-65.8534169999999932
11
66.4133970000000033
21
-65.8562579999999969
0
LINE
8
BLACK
6
CONTINUOUS
10
66.4133970000000033
20
-65.8562579999999969
11
66.4159930000000003
21
-65.8592510000000004
0
LINE
8
BLACK
6
CONTINUOUS
10
66.4159930000000003
20
-65.8592510000000004
11
66.4274949999999933
21
-65.8686909999999983
0
LINE
8
BLACK
6
CONTINUOUS
10
66.4274949999999933
20
-65.8686909999999983
11
66.4989229999999907
21
-65.9401189999999957
0
LINE
8
BLACK
6
CONTINUOUS
10
66.4989229999999907
20
-65.9401189999999957
11
66.5083630000000028
21
-65.9516210000000029
0
LINE
8
BLACK
6
CONTINUOUS
10
66.5083630000000028
20
-65.9516210000000029
11
66.5113559999999922
21
-65.9542169999999999
0
LINE
8
BLACK
6
CONTINUOUS
10
66.5113559999999922
20
-65.9542169999999999
11
66.5141940000000034
21
-65.9587259999999986
0
LINE
8
BLACK
6
CONTINUOUS
10
66.5141940000000034
20
-65.9587259999999986
11
66.5175780000000003
21
-65.9628489999999914
0
LINE
8
BLACK
6
CONTINUOUS
10
66.5175780000000003
20
-65.9628489999999914
11
66.5190939999999955
21
-65.966510999999997
0
LINE
8
BLACK
6
CONTINUOUS
10
66.5190939999999955
20
-65.966510999999997
11
66.5270209999999906
21
-65.9791029999999949
0
LINE
8
BLACK
6
CONTINUOUS
10
66.5270209999999906
20
-65.9791029999999949
11
66.5984499999999997
21
-66.1219590000000039
0
LINE
8
BLACK
6
CONTINUOUS
10
66.5984499999999997
20
-66.1219590000000039
11
66.6089589999999987
21
-66.1494229999999988
0
LINE
8
BLACK
6
CONTINUOUS
10
66.6089589999999987
20
-66.1494229999999988
11
66.6093400000000031
21
-66.1547970000000021
0
LINE
8
BLACK
6
CONTINUOUS
10
66.6093400000000031
20
-66.1547970000000021
11
66.6114039999999932
21
-66.1597780000000029
0
LINE
8
BLACK
6
CONTINUOUS
10
66.6114039999999932
20
-66.1597780000000029
11
66.6142859999999928
21
-66.1890420000000006
0
LINE
8
BLACK
6
CONTINUOUS
10
66.6142859999999928
20
-66.1890420000000006
11
66.6142859999999928
21
-66.3318999999999903
0
LINE
8
BLACK
6
CONTINUOUS
10
66.6142859999999928
20
-66.3318999999999903
11
66.6128269999999958
21
-66.3467109999999991
0
LINE
8
BLACK
6
CONTINUOUS
10
66.6128269999999958
20
-66.3467109999999991
11
66.6131079999999969
21
-66.3506610000000023
0
LINE
8
BLACK
6
CONTINUOUS
10
66.6131079999999969
20
-66.3506610000000023
11
66.6119259999999969
21
-66.3558549999999912
0
LINE
8
BLACK
6
CONTINUOUS
10
66.6119259999999969
20
-66.3558549999999912
11
66.6114039999999932
21
-66.3611640000000023
0
LINE
8
BLACK
6
CONTINUOUS
10
66.6114039999999932
20
-66.3611640000000023
11
66.6098870000000005
21
-66.3648249999999962
0
LINE
8
BLACK
6
CONTINUOUS
10
66.6098870000000005
20
-66.3648249999999962
11
66.6065880000000021
21
-66.3793349999999975
0
LINE
8
BLACK
6
CONTINUOUS
10
66.6065880000000021
20
-66.3793349999999975
11
66.5351589999999931
21
-66.5936200000000014
0
LINE
8
BLACK
6
CONTINUOUS
10
66.5351589999999931
20
-66.5936200000000014
11
66.5231709999999907
21
-66.6204699999999974
0
LINE
8
BLACK
6
CONTINUOUS
10
66.5231709999999907
20
-66.6204699999999974
11
66.5196409999999929
21
-66.6245389999999986
0
LINE
8
BLACK
6
CONTINUOUS
10
66.5196409999999929
20
-66.6245389999999986
11
66.5175780000000003
21
-66.6295209999999969
0
LINE
8
BLACK
6
CONTINUOUS
10
66.5175780000000003
20
-66.6295209999999969
11
66.4989229999999907
21
-66.6522509999999926
0
LINE
8
BLACK
6
CONTINUOUS
10
66.4989229999999907
20
-66.6522509999999926
11
65.8978460000000013
21
-67.2533279999999962
0
LINE
8
BLACK
6
CONTINUOUS
10
65.8978460000000013
20
-67.2533279999999962
11
66.4642860000000013
21
-67.2533279999999962
0
LINE
8
BLACK
6
CONTINUOUS
10
66.4642860000000013
20
-67.2533279999999962
11
66.493549999999999
21
-67.2562099999999958
0
LINE
8
BLACK
6
CONTINUOUS
10
66.493549999999999
20
-67.2562099999999958
11
66.547622000000004
21
-67.2786079999999913
0
LINE
8
BLACK
6
CONTINUOUS
10
66.547622000000004
20
-67.2786079999999913
11
66.5890059999999977
21
-67.3199919999999992
0
LINE
8
BLACK
6
CONTINUOUS
10
66.5890059999999977
20
-67.3199919999999992
11
66.6114039999999932
21
-67.37406399999999
0
LINE
8
BLACK
6
CONTINUOUS
10
66.6114039999999932
20
-67.37406399999999
11
66.6114039999999932
21
-67.4325919999999996
0
LINE
8
BLACK
6
CONTINUOUS
10
66.6114039999999932
20
-67.4325919999999996
11
66.5890059999999977
21
-67.4866639999999904
0
LINE
8
BLACK
6
CONTINUOUS
10
66.5890059999999977
20
-67.4866639999999904
11
66.547622000000004
21
-67.5280479999999983
0
LINE
8
BLACK
6
CONTINUOUS
10
66.547622000000004
20
-67.5280479999999983
11
66.493549999999999
21
-67.5504459999999938
0
LINE
8
BLACK
6
CONTINUOUS
10
66.493549999999999
20
-67.5504459999999938
11
66.4642860000000013
21
-67.5533279999999934
0
LINE
8
BLACK
6
CONTINUOUS
10
66.4642860000000013
20
-67.5533279999999934
11
65.5357139999999987
21
-67.5533279999999934
0
LINE
8
BLACK
6
CONTINUOUS
10
65.5357139999999987
20
-67.5533279999999934
11
65.506450000000001
21
-67.5504459999999938
0
LINE
8
BLACK
6
CONTINUOUS
10
65.506450000000001
20
-67.5504459999999938
11
65.4751770000000022
21
-67.5374920000000003
0
LINE
8
BLACK
6
CONTINUOUS
10
65.4751770000000022
20
-67.5374920000000003
11
65.4523789999999934
21
-67.5280489999999958
0
LINE
8
BLACK
6
CONTINUOUS
10
65.4523789999999934
20
-67.5280489999999958
11
65.4109929999999906
21
-67.486662999999993
0
LINE
8
BLACK
6
CONTINUOUS
10
65.4109929999999906
20
-67.486662999999993
11
65.3885959999999926
21
-67.4325910000000022
0
LINE
8
BLACK
6
CONTINUOUS
10
65.3885959999999926
20
-67.4325910000000022
11
65.3885959999999926
21
-67.3740650000000016
0
LINE
8
BLACK
6
CONTINUOUS
10
65.3885959999999926
20
-67.3740650000000016
11
65.3917149999999907
21
-67.3665359999999964
0
LINE
8
BLACK
6
CONTINUOUS
10
65.3917149999999907
20
-67.3665359999999964
11
65.3982900000000029
21
-67.3506619999999998
0
LINE
8
BLACK
6
CONTINUOUS
10
65.3982900000000029
20
-67.3506619999999998
11
65.4109929999999906
21
-67.3199929999999966
0
LINE
8
BLACK
6
CONTINUOUS
10
65.4109929999999906
20
-67.3199929999999966
11
65.4296480000000003
21
-67.2972620000000035
0
LINE
8
BLACK
6
CONTINUOUS
10
65.4296480000000003
20
-67.2972620000000035
11
66.2617520000000013
21
-66.4651569999999907
0
LINE
8
BLACK
6
CONTINUOUS
10
66.2617520000000013
20
-66.4651569999999907
11
66.3142859999999956
21
-66.3075589999999977
0
LINE
8
BLACK
6
CONTINUOUS
10
66.3142859999999956
20
-66.3075589999999977
11
66.3142859999999956
21
-66.2244519999999994
0
LINE
8
BLACK
6
CONTINUOUS
10
66.3142859999999956
20
-66.2244519999999994
11
66.2695789999999931
21
-66.1350389999999919
0
LINE
8
BLACK
6
CONTINUOUS
10
66.2695789999999931
20
-66.1350389999999919
11
66.2325749999999971
21
-66.0980349999999959
0
LINE
8
BLACK
6
CONTINUOUS
10
66.2325749999999971
20
-66.0980349999999959
11
66.1431609999999921
21
-66.0533279999999934
0
LINE
8
BLACK
6
CONTINUOUS
10
66.1431609999999921
20
-66.0533279999999934
11
65.8568389999999937
21
-66.0533279999999934
0
LINE
8
BLACK
6
CONTINUOUS
10
65.8568389999999937
20
-66.0533279999999934
11
65.7674250000000029
21
-66.0980349999999959
0
LINE
8
BLACK
6
CONTINUOUS
10
65.7674250000000029
20
-66.0980349999999959
11
65.713208999999992
21
-66.1522509999999926
0
LINE
8
BLACK
6
CONTINUOUS
10
65.713208999999992
20
-66.1522509999999926
11
65.6904779999999988
21
-66.1709060000000022
0
LINE
8
BLACK
6
CONTINUOUS
10
65.6904779999999988
20
-66.1709060000000022
11
65.6364059999999938
21
-66.1933030000000002
0
LINE
8
BLACK
6
CONTINUOUS
10
65.6364059999999938
20
-66.1933030000000002
11
65.5778799999999933
21
-66.1933030000000002
0
LINE
8
BLACK
6
CONTINUOUS
10
65.5778799999999933
20
-66.1933030000000002
11
65.5238080000000025
21
-66.1709060000000022
0
LINE
8
BLACK
6
CONTINUOUS
10
65.5238080000000025
20
-66.1709060000000022
11
65.4824219999999997
21
-66.1295199999999994
0
LINE
8
BLACK
6
CONTINUOUS
10
65.4824219999999997
20
-66.1295199999999994
11
65.4600250000000017
21
-66.0754479999999944
0
LINE
8
BLACK
6
CONTINUOUS
10
65.4600250000000017
20
-66.0754479999999944
11
65.4600250000000017
21
-66.0169219999999939
0
LINE
8
BLACK
6
CONTINUOUS
10
65.4600250000000017
20
-66.0169219999999939
11
65.4824219999999997
21
-65.9628500000000031
0
LINE
8
BLACK
6
CONTINUOUS
10
65.4824219999999997
20
-65.9628500000000031
11
65.5010769999999951
21
-65.9401189999999957
0
LINE
8
BLACK
6
CONTINUOUS
10
65.5010769999999951
20
-65.9401189999999957
11
65.5725049999999925
21
-65.8686909999999983
0
LINE
8
BLACK
6
CONTINUOUS
10
65.5725049999999925
20
-65.8686909999999983
11
65.5840069999999997
21
-65.859250000000003
0
LINE
8
BLACK
6
CONTINUOUS
10
65.5840069999999997
20
-65.859250000000003
11
65.5866029999999967
21
-65.8562579999999969
0
LINE
8
BLACK
6
CONTINUOUS
10
65.5866029999999967
20
-65.8562579999999969
11
65.5911119999999954
21
-65.8534190000000024
0
LINE
8
BLACK
6
CONTINUOUS
10
65.5911119999999954
20
-65.8534190000000024
11
65.5952350000000024
21
-65.8500360000000029
0
LINE
8
BLACK
6
CONTINUOUS
10
65.5952350000000024
20
-65.8500360000000029
11
65.5988969999999938
21
-65.848518999999996
0
LINE
8
BLACK
6
CONTINUOUS
10
65.5988969999999938
20
-65.848518999999996
11
65.6114889999999917
21
-65.8405929999999984
0
LINE
8
BLACK
6
CONTINUOUS
10
65.6114889999999917
20
-65.8405929999999984
11
65.7543469999999957
21
-65.7691640000000035
0
LINE
8
BLACK
6
CONTINUOUS
10
65.7543469999999957
20
-65.7691640000000035
11
65.781809999999993
21
-65.7586539999999928
0
LINE
8
BLACK
6
CONTINUOUS
10
65.781809999999993
20
-65.7586539999999928
11
65.787187000000003
21
-65.7582709999999935
0
LINE
8
BLACK
6
CONTINUOUS
10
65.787187000000003
20
-65.7582709999999935
11
65.7921649999999971
21
-65.7562099999999958
0
LINE
8
BLACK
6
CONTINUOUS
10
65.7921649999999971
20
-65.7562099999999958
11
65.8214289999999949
21
-65.7533279999999962
0
LINE
8
BLACK
6
CONTINUOUS
10
65.8214289999999949
20
-65.7533279999999962
11
66.1785709999999909
21
-65.7533279999999962
0
LINE
8
BLACK
6
CONTINUOUS
10
66.1785709999999909
20
-65.7533279999999962
11
66.2078350000000029
21
-65.7562099999999958
0
LINE
8
BLACK
6
CONTINUOUS
10
67.9083339999999964
20
-65.7548519999999996
11
67.9122689999999949
21
-65.7545899999999932
0
LINE
8
BLACK
6
CONTINUOUS
10
67.9122689999999949
20
-65.7545899999999932
11
67.9149790000000024
21
-65.7555059999999969
0
LINE
8
BLACK
6
CONTINUOUS
10
67.9149790000000024
20
-65.7555059999999969
11
67.92212099999999
21
-65.7562099999999958
0
LINE
8
BLACK
6
CONTINUOUS
10
67.92212099999999
20
-65.7562099999999958
11
67.944634999999991
21
-65.7655359999999973
0
LINE
8
BLACK
6
CONTINUOUS
10
67.944634999999991
20
-65.7655359999999973
11
67.9677109999999942
21
-65.7733399999999904
0
LINE
8
BLACK
6
CONTINUOUS
10
67.9677109999999942
20
-65.7733399999999904
11
67.9715180000000032
21
-65.7766709999999932
0
LINE
8
BLACK
6
CONTINUOUS
10
67.9715180000000032
20
-65.7766709999999932
11
67.976192999999995
21
-65.7786079999999913
0
LINE
8
BLACK
6
CONTINUOUS
10
67.976192999999995
20
-65.7786079999999913
11
67.9934219999999954
21
-65.7958369999999917
0
LINE
8
BLACK
6
CONTINUOUS
10
67.9934219999999954
20
-65.7958369999999917
11
68.0117580000000004
21
-65.8118809999999996
0
LINE
8
BLACK
6
CONTINUOUS
10
68.0117580000000004
20
-65.8118809999999996
11
68.0139999999999958
21
-65.8164149999999921
0
LINE
8
BLACK
6
CONTINUOUS
10
68.0139999999999958
20
-65.8164149999999921
11
68.0175770000000028
21
-65.8199919999999992
0
LINE
8
BLACK
6
CONTINUOUS
10
68.0175770000000028
20
-65.8199919999999992
11
68.0269029999999901
21
-65.8425079999999951
0
LINE
8
BLACK
6
CONTINUOUS
10
68.0269029999999901
20
-65.8425079999999951
11
68.0377019999999959
21
-65.8643440000000027
0
LINE
8
BLACK
6
CONTINUOUS
10
68.0377019999999959
20
-65.8643440000000027
11
68.0380380000000002
21
-65.8693880000000007
0
LINE
8
BLACK
6
CONTINUOUS
10
68.0380380000000002
20
-65.8693880000000007
11
68.0399749999999983
21
-65.87406399999999
0
LINE
8
BLACK
6
CONTINUOUS
10
68.0399749999999983
20
-65.87406399999999
11
68.0399749999999983
21
-65.8984389999999962
0
LINE
8
BLACK
6
CONTINUOUS
10
68.0399749999999983
20
-65.8984389999999962
11
68.0415950000000009
21
-65.9227399999999903
0
LINE
8
BLACK
6
CONTINUOUS
10
68.0415950000000009
20
-65.9227399999999903
11
68.0399749999999983
21
-65.9275299999999902
0
LINE
8
BLACK
6
CONTINUOUS
10
68.0399749999999983
20
-65.9275299999999902
11
68.0399749999999983
21
-65.9325919999999996
0
LINE
8
BLACK
6
CONTINUOUS
10
68.0399749999999983
20
-65.9325919999999996
11
68.0306499999999943
21
-65.955102999999994
0
LINE
8
BLACK
6
CONTINUOUS
10
68.0306499999999943
20
-65.955102999999994
11
68.0228450000000038
21
-65.9781830000000014
0
LINE
8
BLACK
6
CONTINUOUS
10
68.0228450000000038
20
-65.9781830000000014
11
68.0186719999999951
21
-65.9840190000000035
0
LINE
8
BLACK
6
CONTINUOUS
10
68.0186719999999951
20
-65.9840190000000035
11
68.0175770000000028
21
-65.9866639999999904
0
LINE
8
BLACK
6
CONTINUOUS
10
68.0175770000000028
20
-65.9866639999999904
11
68.0147860000000009
21
-65.9894539999999949
0
LINE
8
BLACK
6
CONTINUOUS
10
68.0147860000000009
20
-65.9894539999999949
11
68.0057429999999954
21
-66.0021040000000028
0
LINE
8
BLACK
6
CONTINUOUS
10
68.0057429999999954
20
-66.0021040000000028
11
67.6988089999999971
21
-66.352885999999998
0
LINE
8
BLACK
6
CONTINUOUS
10
67.6988089999999971
20
-66.352885999999998
11
67.8170819999999992
21
-66.4120209999999958
0
LINE
8
BLACK
6
CONTINUOUS
10
67.8170819999999992
20
-66.4120209999999958
11
67.8296759999999921
21
-66.4199490000000026
0
LINE
8
BLACK
6
CONTINUOUS
10
67.8296759999999921
20
-66.4199490000000026
11
67.8333360000000027
21
-66.4214649999999978
0
LINE
8
BLACK
6
CONTINUOUS
10
67.8333360000000027
20
-66.4214649999999978
11
67.8374560000000031
21
-66.4248460000000023
0
LINE
8
BLACK
6
CONTINUOUS
10
67.8374560000000031
20
-66.4248460000000023
11
67.8419669999999968
21
-66.4276859999999942
0
LINE
8
BLACK
6
CONTINUOUS
10
67.8419669999999968
20
-66.4276859999999942
11
67.8445609999999988
21
-66.4306770000000029
0
LINE
8
BLACK
6
CONTINUOUS
10
67.8445609999999988
20
-66.4306770000000029
11
67.8560669999999959
21
-66.4401199999999932
0
LINE
8
BLACK
6
CONTINUOUS
10
67.8560669999999959
20
-66.4401199999999932
11
67.9274949999999933
21
-66.5115490000000023
0
LINE
8
BLACK
6
CONTINUOUS
10
67.9274949999999933
20
-66.5115490000000023
11
67.9369329999999962
21
-66.5230490000000003
0
LINE
8
BLACK
6
CONTINUOUS
10
67.9369329999999962
20
-66.5230490000000003
11
67.9399269999999973
21
-66.5256459999999947
0
LINE
8
BLACK
6
CONTINUOUS
10
67.9399269999999973
20
-66.5256459999999947
11
67.9427670000000035
21
-66.5301580000000001
0
LINE
8
BLACK
6
CONTINUOUS
10
67.9427670000000035
20
-66.5301580000000001
11
67.9461489999999912
21
-66.5342789999999979
0
LINE
8
BLACK
6
CONTINUOUS
10
67.9461489999999912
20
-66.5342789999999979
11
67.9476640000000032
21
-66.5379379999999969
0
LINE
8
BLACK
6
CONTINUOUS
10
67.9476640000000032
20
-66.5379379999999969
11
67.9555919999999958
21
-66.550532000000004
0
LINE
8
BLACK
6
CONTINUOUS
10
67.9555919999999958
20
-66.550532000000004
11
68.0270209999999906
21
-66.6933879999999988
0
LINE
8
BLACK
6
CONTINUOUS
10
68.0270209999999906
20
-66.6933879999999988
11
68.0375300000000038
21
-66.7208519999999936
0
LINE
8
BLACK
6
CONTINUOUS
10
68.0375300000000038
20
-66.7208519999999936
11
68.037910999999994
21
-66.7262259999999969
0
LINE
8
BLACK
6
CONTINUOUS
10
68.037910999999994
20
-66.7262259999999969
11
68.0399749999999983
21
-66.7312069999999977
0
LINE
8
BLACK
6
CONTINUOUS
10
68.0399749999999983
20
-66.7312069999999977
11
68.0428569999999979
21
-66.7604709999999955
0
LINE
8
BLACK
6
CONTINUOUS
10
68.0428569999999979
20
-66.7604709999999955
11
68.0428569999999979
21
-67.1176140000000032
0
LINE
8
BLACK
6
CONTINUOUS
10
68.0428569999999979
20
-67.1176140000000032
11
68.0399749999999983
21
-67.146878000000001
0
LINE
8
BLACK
6
CONTINUOUS
10
68.0399749999999983
20
-67.146878000000001
11
68.037910999999994
21
-67.1518579999999901
0
LINE
8
BLACK
6
CONTINUOUS
10
68.037910999999994
20
-67.1518579999999901
11
68.0375300000000038
21
-67.1572329999999909
0
LINE
8
BLACK
6
CONTINUOUS
10
68.0375300000000038
20
-67.1572329999999909
11
68.0270209999999906
21
-67.1846969999999999
0
LINE
8
BLACK
6
CONTINUOUS
10
68.0270209999999906
20
-67.1846969999999999
11
67.9555919999999958
21
-67.3275529999999947
0
LINE
8
BLACK
6
CONTINUOUS
10
67.9555919999999958
20
-67.3275529999999947
11
67.9476640000000032
21
-67.3401459999999901
0
LINE
8
BLACK
6
CONTINUOUS
10
67.9476640000000032
20
-67.3401459999999901
11
67.9461489999999912
21
-67.3438060000000007
0
LINE
8
BLACK
6
CONTINUOUS
10
67.9461489999999912
20
-67.3438060000000007
11
67.9427670000000035
21
-67.3479260000000011
0
LINE
8
BLACK
6
CONTINUOUS
10
67.9427670000000035
20
-67.3479260000000011
11
67.9399269999999973
21
-67.3524390000000039
0
LINE
8
BLACK
6
CONTINUOUS
10
67.9399269999999973
20
-67.3524390000000039
11
67.9369329999999962
21
-67.3550350000000009
0
LINE
8
BLACK
6
CONTINUOUS
10
67.9369329999999962
20
-67.3550350000000009
11
67.9274949999999933
21
-67.3665359999999964
0
LINE
8
BLACK
6
CONTINUOUS
10
67.9274949999999933
20
-67.3665359999999964
11
67.8560669999999959
21
-67.4379649999999913
0
LINE
8
BLACK
6
CONTINUOUS
10
67.8560669999999959
20
-67.4379649999999913
11
67.8445609999999988
21
-67.4474069999999983
0
LINE
8
BLACK
6
CONTINUOUS
10
67.8445609999999988
20
-67.4474069999999983
11
67.8419669999999968
21
-67.4503989999999902
0
LINE
8
BLACK
6
CONTINUOUS
10
67.8419669999999968
20
-67.4503989999999902
11
67.8374560000000031
21
-67.4532379999999989
0
LINE
8
BLACK
6
CONTINUOUS
10
67.8374560000000031
20
-67.4532379999999989
11
67.8333360000000027
21
-67.4566200000000009
0
LINE
8
BLACK
6
CONTINUOUS
10
67.8333360000000027
20
-67.4566200000000009
11
67.8296759999999921
21
-67.4581349999999986
0
LINE
8
BLACK
6
CONTINUOUS
10
67.8296759999999921
20
-67.4581349999999986
11
67.8170819999999992
21
-67.4660640000000029
0
LINE
8
BLACK
6
CONTINUOUS
10
67.8170819999999992
20
-67.4660640000000029
11
67.6742229999999978
21
-67.5374920000000003
0
LINE
8
BLACK
6
CONTINUOUS
10
67.6742229999999978
20
-67.5374920000000003
11
67.6467600000000004
21
-67.5480019999999968
0
LINE
8
BLACK
6
CONTINUOUS
10
67.6467600000000004
20
-67.5480019999999968
11
67.6413840000000022
21
-67.5483830000000012
0
LINE
8
BLACK
6
CONTINUOUS
10
67.6413840000000022
20
-67.5483830000000012
11
67.6364059999999938
21
-67.5504459999999938
0
LINE
8
BLACK
6
CONTINUOUS
10
67.6364059999999938
20
-67.5504459999999938
11
67.6071419999999961
21
-67.5533279999999934
0
LINE
8
BLACK
6
CONTINUOUS
10
67.6071419999999961
20
-67.5533279999999934
11
67.1785709999999909
21
-67.5533279999999934
0
LINE
8
BLACK
6
CONTINUOUS
10
67.1785709999999909
20
-67.5533279999999934
11
67.1493069999999932
21
-67.5504459999999938
0
LINE
8
BLACK
6
CONTINUOUS
10
67.1493069999999932
20
-67.5504459999999938
11
67.1443280000000016
21
-67.5483830000000012
0
LINE
8
BLACK
6
CONTINUOUS
10
67.1443280000000016
20
-67.5483830000000012
11
67.1389530000000008
21
-67.5480019999999968
0
LINE
8
BLACK
6
CONTINUOUS
10
67.1389530000000008
20
-67.5480019999999968
11
67.1114900000000034
21
-67.5374920000000003
0
LINE
8
BLACK
6
CONTINUOUS
10
67.1114900000000034
20
-67.5374920000000003
11
66.9686319999999995
21
-67.4660640000000029
0
LINE
8
BLACK
6
CONTINUOUS
10
66.9686319999999995
20
-67.4660640000000029
11
66.9560400000000016
21
-67.4581369999999936
0
LINE
8
BLACK
6
CONTINUOUS
10
66.9560400000000016
20
-67.4581369999999936
11
66.9523789999999934
21
-67.4566209999999984
0
LINE
8
BLACK
6
CONTINUOUS
10
66.9523789999999934
20
-67.4566209999999984
11
66.9482560000000007
21
-67.4532370000000014
0
LINE
8
BLACK
6
CONTINUOUS
10
66.9482560000000007
20
-67.4532370000000014
11
66.9437470000000019
21
-67.4503989999999902
0
LINE
8
BLACK
6
CONTINUOUS
10
66.9437470000000019
20
-67.4503989999999902
11
66.9411520000000024
21
-67.4474069999999983
0
LINE
8
BLACK
6
CONTINUOUS
10
66.9411520000000024
20
-67.4474069999999983
11
66.9296480000000003
21
-67.437966000000003
0
LINE
8
BLACK
6
CONTINUOUS
10
66.9296480000000003
20
-67.437966000000003
11
66.8582189999999912
21
-67.3665369999999939
0
LINE
8
BLACK
6
CONTINUOUS
10
66.8582189999999912
20
-67.3665369999999939
11
66.8395639999999958
21
-67.3438060000000007
0
LINE
8
BLACK
6
CONTINUOUS
10
66.8395639999999958
20
-67.3438060000000007
11
66.8171669999999978
21
-67.2897339999999957
0
LINE
8
BLACK
6
CONTINUOUS
10
66.8171669999999978
20
-67.2897339999999957
11
66.8171669999999978
21
-67.2312079999999952
0
LINE
8
BLACK
6
CONTINUOUS
10
66.8171669999999978
20
-67.2312079999999952
11
66.8395639999999958
21
-67.1771359999999902
0
LINE
8
BLACK
6
CONTINUOUS
10
66.8395639999999958
20
-67.1771359999999902
11
66.8809499999999986
21
-67.1357500000000016
0
LINE
8
BLACK
6
CONTINUOUS
10
66.8809499999999986
20
-67.1357500000000016
11
66.9350220000000036
21
-67.1133530000000036
0
LINE
8
BLACK
6
CONTINUOUS
10
66.9350220000000036
20
-67.1133530000000036
11
66.9935479999999899
21
-67.1133530000000036
0
LINE
8
BLACK
6
CONTINUOUS
10
66.9935479999999899
20
-67.1133530000000036
11
67.0476199999999949
21
-67.1357500000000016
0
LINE
8
BLACK
6
CONTINUOUS
10
67.0476199999999949
20
-67.1357500000000016
11
67.0703510000000023
21
-67.154404999999997
0
LINE
8
BLACK
6
CONTINUOUS
10
67.0703510000000023
20
-67.154404999999997
11
67.124566999999999
21
-67.2086209999999937
0
LINE
8
BLACK
6
CONTINUOUS
10
67.124566999999999
20
-67.2086209999999937
11
67.213981000000004
21
-67.2533279999999962
0
LINE
8
BLACK
6
CONTINUOUS
10
67.213981000000004
20
-67.2533279999999962
11
67.5717329999999947
21
-67.2533279999999962
0
LINE
8
BLACK
6
CONTINUOUS
10
67.5717329999999947
20
-67.2533279999999962
11
67.6611460000000022
21
-67.2086209999999937
0
LINE
8
BLACK
6
CONTINUOUS
10
67.6611460000000022
20
-67.2086209999999937
11
67.6981490000000008
21
-67.1716169999999977
0
LINE
8
BLACK
6
CONTINUOUS
10
67.6981490000000008
20
-67.1716169999999977
11
67.7428570000000008
21
-67.0822029999999927
0
LINE
8
BLACK
6
CONTINUOUS
10
67.7428570000000008
20
-67.0822029999999927
11
67.7428570000000008
21
-66.7958809999999943
0
LINE
8
BLACK
6
CONTINUOUS
10
67.7428570000000008
20
-66.7958809999999943
11
67.6981490000000008
21
-66.7064670000000035
0
LINE
8
BLACK
6
CONTINUOUS
10
67.6981490000000008
20
-66.7064670000000035
11
67.6611460000000022
21
-66.6694629999999933
0
LINE
8
BLACK
6
CONTINUOUS
10
67.6611460000000022
20
-66.6694629999999933
11
67.5717329999999947
21
-66.6247570000000024
0
LINE
8
BLACK
6
CONTINUOUS
10
67.5717329999999947
20
-66.6247570000000024
11
67.3928569999999922
21
-66.6247570000000024
0
LINE
8
BLACK
6
CONTINUOUS
10
67.3928569999999922
20
-66.6247570000000024
11
67.3773839999999922
21
-66.623232999999999
0
LINE
8
BLACK
6
CONTINUOUS
10
67.3773839999999922
20
-66.623232999999999
11
67.3734450000000038
21
-66.6234960000000029
0
LINE
8
BLACK
6
CONTINUOUS
10
67.3734450000000038
20
-66.6234960000000029
11
67.3707299999999947
21
-66.6225769999999926
0
LINE
8
BLACK
6
CONTINUOUS
10
67.3707299999999947
20
-66.6225769999999926
11
67.3635929999999945
21
-66.6218750000000028
0
LINE
8
BLACK
6
CONTINUOUS
10
67.3635929999999945
20
-66.6218750000000028
11
67.3410839999999951
21
-66.6125509999999963
0
LINE
8
BLACK
6
CONTINUOUS
10
67.3410839999999951
20
-66.6125509999999963
11
67.3180029999999903
21
-66.6047449999999941
0
LINE
8
BLACK
6
CONTINUOUS
10
67.3180029999999903
20
-66.6047449999999941
11
67.314194999999998
21
-66.6014129999999938
0
LINE
8
BLACK
6
CONTINUOUS
10
67.314194999999998
20
-66.6014129999999938
11
67.3095210000000037
21
-66.5994769999999932
0
LINE
8
BLACK
6
CONTINUOUS
10
67.3095210000000037
20
-66.5994769999999932
11
67.2922909999999916
21
-66.5822469999999953
0
LINE
8
BLACK
6
CONTINUOUS
10
67.2922909999999916
20
-66.5822469999999953
11
67.2739559999999983
21
-66.566203999999999
0
LINE
8
BLACK
6
CONTINUOUS
10
67.2739559999999983
20
-66.566203999999999
11
67.2717129999999912
21
-66.5616689999999949
0
LINE
8
BLACK
6
CONTINUOUS
10
67.2717129999999912
20
-66.5616689999999949
11
67.2681369999999959
21
-66.5580929999999995
0
LINE
8
BLACK
6
CONTINUOUS
10
67.2681369999999959
20
-66.5580929999999995
11
67.2588099999999969
21
-66.5355759999999918
0
LINE
8
BLACK
6
CONTINUOUS
10
67.2588099999999969
20
-66.5355759999999918
11
67.2480120000000028
21
-66.513740999999996
0
LINE
8
BLACK
6
CONTINUOUS
10
67.2480120000000028
20
-66.513740999999996
11
67.247675000000001
21
-66.5086960000000005
0
LINE
8
BLACK
6
CONTINUOUS
10
67.247675000000001
20
-66.5086960000000005
11
67.2457390000000004
21
-66.5040209999999945
0
LINE
8
BLACK
6
CONTINUOUS
10
67.2457390000000004
20
-66.5040209999999945
11
67.2457390000000004
21
-66.4796539999999965
0
LINE
8
BLACK
6
CONTINUOUS
10
67.2457390000000004
20
-66.4796539999999965
11
67.2441180000000003
21
-66.4553449999999941
0
LINE
8
BLACK
6
CONTINUOUS
10
67.2441180000000003
20
-66.4553449999999941
11
67.2457390000000004
21
-66.4505520000000018
0
LINE
8
BLACK
6
CONTINUOUS
10
67.2457390000000004
20
-66.4505520000000018
11
67.2457390000000004
21
-66.445492999999999
0
LINE
8
BLACK
6
CONTINUOUS
10
67.2457390000000004
20
-66.445492999999999
11
67.2550619999999952
21
-66.4229839999999996
0
LINE
8
BLACK
6
CONTINUOUS
10
67.2550619999999952
20
-66.4229839999999996
11
67.2628689999999949
21
-66.3999029999999948
0
LINE
8
BLACK
6
CONTINUOUS
10
67.2628689999999949
20
-66.3999029999999948
11
67.2670399999999944
21
-66.3940659999999951
0
LINE
8
BLACK
6
CONTINUOUS
10
67.2670399999999944
20
-66.3940659999999951
11
67.2681369999999959
21
-66.391420999999994
0
LINE
8
BLACK
6
CONTINUOUS
10
67.2681369999999959
20
-66.391420999999994
11
67.2709260000000029
21
-66.3886310000000037
0
LINE
8
BLACK
6
CONTINUOUS
10
67.2709260000000029
20
-66.3886310000000037
11
67.2799699999999916
21
-66.3759809999999959
0
LINE
8
BLACK
6
CONTINUOUS
10
67.2799699999999916
20
-66.3759809999999959
11
67.5622919999999993
21
-66.0533279999999934
0
LINE
8
BLACK
6
CONTINUOUS
10
67.5622919999999993
20
-66.0533279999999934
11
66.9642850000000038
21
-66.0533279999999934
0
LINE
8
BLACK
6
CONTINUOUS
10
66.9642850000000038
20
-66.0533279999999934
11
66.9350209999999919
21
-66.0504459999999938
0
LINE
8
BLACK
6
CONTINUOUS
10
66.9350209999999919
20
-66.0504459999999938
11
66.8809490000000011
21
-66.0280479999999983
0
LINE
8
BLACK
6
CONTINUOUS
10
66.8809490000000011
20
-66.0280479999999983
11
66.8395649999999932
21
-65.9866639999999904
0
LINE
8
BLACK
6
CONTINUOUS
10
66.8395649999999932
20
-65.9866639999999904
11
66.8171669999999978
21
-65.9325919999999996
0
LINE
8
BLACK
6
CONTINUOUS
10
66.8171669999999978
20
-65.9325919999999996
11
66.8171669999999978
21
-65.87406399999999
0
LINE
8
BLACK
6
CONTINUOUS
10
66.8171669999999978
20
-65.87406399999999
11
66.8395649999999932
21
-65.8199919999999992
0
LINE
8
BLACK
6
CONTINUOUS
10
66.8395649999999932
20
-65.8199919999999992
11
66.8809490000000011
21
-65.7786079999999913
0
LINE
8
BLACK
6
CONTINUOUS
10
66.8809490000000011
20
-65.7786079999999913
11
66.9350209999999919
21
-65.7562099999999958
0
LINE
8
BLACK
6
CONTINUOUS
10
66.9350209999999919
20
-65.7562099999999958
11
66.9642850000000038
21
-65.7533279999999962
0
LINE
8
BLACK
6
CONTINUOUS
10
66.9642850000000038
20
-65.7533279999999962
11
67.8928569999999922
21
-65.7533279999999962
0
LINE
8
BLACK
6
CONTINUOUS
10
67.8928569999999922
20
-65.7533279999999962
11
67.9083339999999964
21
-65.7548519999999996
0
LINE
8
BLACK
6
CONTINUOUS
10
64.7792639999999977
20
-65.7562099999999958
11
64.7842440000000011
21
-65.7582730000000026
0
LINE
8
BLACK
6
CONTINUOUS
10
64.7842440000000011
20
-65.7582730000000026
11
64.7896190000000018
21
-65.7586549999999903
0
LINE
8
BLACK
6
CONTINUOUS
10
64.7896190000000018
20
-65.7586549999999903
11
64.8170819999999992
21
-65.7691640000000035
0
LINE
8
BLACK
6
CONTINUOUS
10
64.8170819999999992
20
-65.7691640000000035
11
64.9599389999999914
21
-65.8405929999999984
0
LINE
8
BLACK
6
CONTINUOUS
10
64.9599389999999914
20
-65.8405929999999984
11
64.972533999999996
21
-65.848520999999991
0
LINE
8
BLACK
6
CONTINUOUS
10
64.972533999999996
20
-65.848520999999991
11
64.976191
21
-65.8500360000000029
0
LINE
8
BLACK
6
CONTINUOUS
10
64.976191
20
-65.8500360000000029
11
64.9803079999999937
21
-65.8534149999999983
0
LINE
8
BLACK
6
CONTINUOUS
10
64.9803079999999937
20
-65.8534149999999983
11
64.9848250000000007
21
-65.8562579999999969
0
LINE
8
BLACK
6
CONTINUOUS
10
64.9848250000000007
20
-65.8562579999999969
11
64.9874219999999951
21
-65.8592519999999979
0
LINE
8
BLACK
6
CONTINUOUS
10
64.9874219999999951
20
-65.8592519999999979
11
64.9989219999999932
21
-65.8686900000000009
0
LINE
8
BLACK
6
CONTINUOUS
10
64.9989219999999932
20
-65.8686900000000009
11
65.0703510000000023
21
-65.9401179999999982
0
LINE
8
BLACK
6
CONTINUOUS
10
65.0703510000000023
20
-65.9401179999999982
11
65.0797929999999951
21
-65.9516229999999979
0
LINE
8
BLACK
6
CONTINUOUS
10
65.0797929999999951
20
-65.9516229999999979
11
65.0827850000000012
21
-65.9542179999999973
0
LINE
8
BLACK
6
CONTINUOUS
10
65.0827850000000012
20
-65.9542179999999973
11
65.0856239999999957
21
-65.9587279999999936
0
LINE
8
BLACK
6
CONTINUOUS
10
65.0856239999999957
20
-65.9587279999999936
11
65.0890059999999977
21
-65.9628489999999914
0
LINE
8
BLACK
6
CONTINUOUS
10
65.0890059999999977
20
-65.9628489999999914
11
65.0905209999999954
21
-65.9665079999999904
0
LINE
8
BLACK
6
CONTINUOUS
10
65.0905209999999954
20
-65.9665079999999904
11
65.0984499999999997
21
-65.9791029999999949
0
LINE
8
BLACK
6
CONTINUOUS
10
65.0984499999999997
20
-65.9791029999999949
11
65.1698779999999971
21
-66.1219609999999989
0
LINE
8
BLACK
6
CONTINUOUS
10
65.1698779999999971
20
-66.1219609999999989
11
65.1803879999999936
21
-66.1494239999999962
0
LINE
8
BLACK
6
CONTINUOUS
10
65.1803879999999936
20
-66.1494239999999962
11
65.180768999999998
21
-66.154798999999997
0
LINE
8
BLACK
6
CONTINUOUS
10
65.180768999999998
20
-66.154798999999997
11
65.1828319999999906
21
-66.1597780000000029
0
LINE
8
BLACK
6
CONTINUOUS
10
65.1828319999999906
20
-66.1597780000000029
11
65.1857139999999902
21
-66.1890420000000006
0
LINE
8
BLACK
6
CONTINUOUS
10
65.1857139999999902
20
-66.1890420000000006
11
65.1857139999999902
21
-66.4033280000000019
0
LINE
8
BLACK
6
CONTINUOUS
10
65.1857139999999902
20
-66.4033280000000019
11
65.1828319999999906
21
-66.4325919999999996
0
LINE
8
BLACK
6
CONTINUOUS
10
65.1828319999999906
20
-66.4325919999999996
11
65.180768999999998
21
-66.4375699999999938
0
LINE
8
BLACK
6
CONTINUOUS
10
65.180768999999998
20
-66.4375699999999938
11
65.1803879999999936
21
-66.4429459999999921
0
LINE
8
BLACK
6
CONTINUOUS
10
65.1803879999999936
20
-66.4429459999999921
11
65.1698779999999971
21
-66.4704090000000036
0
LINE
8
BLACK
6
CONTINUOUS
10
65.1698779999999971
20
-66.4704090000000036
11
65.0984499999999997
21
-66.6132669999999933
0
LINE
8
BLACK
6
CONTINUOUS
10
65.0984499999999997
20
-66.6132669999999933
11
65.0905229999999904
21
-66.6258579999999938
0
LINE
8
BLACK
6
CONTINUOUS
10
65.0905229999999904
20
-66.6258579999999938
11
65.0890069999999952
21
-66.6295199999999994
0
LINE
8
BLACK
6
CONTINUOUS
10
65.0890069999999952
20
-66.6295199999999994
11
65.0856229999999982
21
-66.6336419999999947
0
LINE
8
BLACK
6
CONTINUOUS
10
65.0856229999999982
20
-66.6336419999999947
11
65.0827850000000012
21
-66.6381519999999909
0
LINE
8
BLACK
6
CONTINUOUS
10
65.0827850000000012
20
-66.6381519999999909
11
65.0797929999999951
21
-66.6407459999999929
0
LINE
8
BLACK
6
CONTINUOUS
10
65.0797929999999951
20
-66.6407459999999929
11
65.0703519999999997
21
-66.6522509999999926
0
LINE
8
BLACK
6
CONTINUOUS
10
65.0703519999999997
20
-66.6522509999999926
11
64.9989229999999907
21
-66.7236800000000017
0
LINE
8
BLACK
6
CONTINUOUS
10
64.9989229999999907
20
-66.7236800000000017
11
64.9874209999999977
21
-66.7331190000000021
0
LINE
8
BLACK
6
CONTINUOUS
10
64.9874209999999977
20
-66.7331190000000021
11
64.9848250000000007
21
-66.7361130000000031
0
LINE
8
BLACK
6
CONTINUOUS
10
64.9848250000000007
20
-66.7361130000000031
11
64.9803110000000004
21
-66.7389529999999951
0
LINE
8
BLACK
6
CONTINUOUS
10
64.9803110000000004
20
-66.7389529999999951
11
64.9761919999999975
21
-66.7423349999999971
0
LINE
8
BLACK
6
CONTINUOUS
10
64.9761919999999975
20
-66.7423349999999971
11
64.9725320000000011
21
-66.7438499999999948
0
LINE
8
BLACK
6
CONTINUOUS
10
64.9725320000000011
20
-66.7438499999999948
11
64.9599389999999914
21
-66.7517780000000016
0
LINE
8
BLACK
6
CONTINUOUS
10
64.9599389999999914
20
-66.7517780000000016
11
64.8170819999999992
21
-66.823205999999999
0
LINE
8
BLACK
6
CONTINUOUS
10
64.8170819999999992
20
-66.823205999999999
11
64.8136470000000031
21
-66.8245199999999926
0
LINE
8
BLACK
6
CONTINUOUS
10
64.8136470000000031
20
-66.8245199999999926
11
65.1585989999999953
21
-67.3173089999999945
0
LINE
8
BLACK
6
CONTINUOUS
10
65.1585989999999953
20
-67.3173089999999945
11
65.173019999999994
21
-67.3429349999999971
0
LINE
8
BLACK
6
CONTINUOUS
10
65.173019999999994
20
-67.3429349999999971
11
65.1856789999999933
21
-67.400076999999996
0
LINE
8
BLACK
6
CONTINUOUS
10
65.1856789999999933
20
-67.400076999999996
11
65.1755079999999936
21
-67.4577129999999983
0
LINE
8
BLACK
6
CONTINUOUS
10
65.1755079999999936
20
-67.4577129999999983
11
65.1440549999999945
21
-67.5070699999999988
0
LINE
8
BLACK
6
CONTINUOUS
10
65.1440549999999945
20
-67.5070699999999988
11
65.0961070000000035
21
-67.5406339999999972
0
LINE
8
BLACK
6
CONTINUOUS
10
65.0961070000000035
20
-67.5406339999999972
11
65.0389649999999904
21
-67.5532929999999965
0
LINE
8
BLACK
6
CONTINUOUS
10
65.0389649999999904
20
-67.5532929999999965
11
64.9813290000000023
21
-67.5431219999999968
0
LINE
8
BLACK
6
CONTINUOUS
10
64.9813290000000023
20
-67.5431219999999968
11
64.9319720000000018
21
-67.5116689999999977
0
LINE
8
BLACK
6
CONTINUOUS
10
64.9319720000000018
20
-67.5116689999999977
11
64.9128290000000021
21
-67.4893469999999951
0
LINE
8
BLACK
6
CONTINUOUS
10
64.9128290000000021
20
-67.4893469999999951
11
64.4576160000000016
21
-66.8390419999999921
0
LINE
8
BLACK
6
CONTINUOUS
10
64.4576160000000016
20
-66.8390419999999921
11
64.3285709999999966
21
-66.8390419999999921
0
LINE
8
BLACK
6
CONTINUOUS
10
64.3285709999999966
20
-66.8390419999999921
11
64.3285709999999966
21
-67.4033280000000019
0
LINE
8
BLACK
6
CONTINUOUS
10
64.3285709999999966
20
-67.4033280000000019
11
64.325688999999997
21
-67.4325919999999996
0
LINE
8
BLACK
6
CONTINUOUS
10
64.325688999999997
20
-67.4325919999999996
11
64.3032910000000015
21
-67.4866639999999904
0
LINE
8
BLACK
6
CONTINUOUS
10
64.3032910000000015
20
-67.4866639999999904
11
64.2619069999999937
21
-67.5280479999999983
0
LINE
8
BLACK
6
CONTINUOUS
10
64.2619069999999937
20
-67.5280479999999983
11
64.2078350000000029
21
-67.5504459999999938
0
LINE
8
BLACK
6
CONTINUOUS
10
64.2078350000000029
20
-67.5504459999999938
11
64.1493069999999932
21
-67.5504459999999938
0
LINE
8
BLACK
6
CONTINUOUS
10
64.1493069999999932
20
-67.5504459999999938
11
64.0952350000000024
21
-67.5280479999999983
0
LINE
8
BLACK
6
CONTINUOUS
10
64.0952350000000024
20
-67.5280479999999983
11
64.0538509999999945
21
-67.4866639999999904
0
LINE
8
BLACK
6
CONTINUOUS
10
64.0538509999999945
20
-67.4866639999999904
11
64.0314529999999991
21
-67.4325919999999996
0
LINE
8
BLACK
6
CONTINUOUS
10
64.0314529999999991
20
-67.4325919999999996
11
64.0285709999999995
21
-67.4033280000000019
0
LINE
8
BLACK
6
CONTINUOUS
10
64.0285709999999995
20
-67.4033280000000019
11
64.0285709999999995
21
-65.9033280000000019
0
LINE
8
BLACK
6
CONTINUOUS
10
64.0285709999999995
20
-65.9033280000000019
11
64.0314529999999991
21
-65.87406399999999
0
LINE
8
BLACK
6
CONTINUOUS
10
64.0314529999999991
20
-65.87406399999999
11
64.0538509999999945
21
-65.8199919999999992
0
LINE
8
BLACK
6
CONTINUOUS
10
64.0538509999999945
20
-65.8199919999999992
11
64.0952350000000024
21
-65.7786079999999913
0
LINE
8
BLACK
6
CONTINUOUS
10
64.0952350000000024
20
-65.7786079999999913
11
64.1493069999999932
21
-65.7562099999999958
0
LINE
8
BLACK
6
CONTINUOUS
10
64.1493069999999932
20
-65.7562099999999958
11
64.1785709999999909
21
-65.7533279999999962
0
LINE
8
BLACK
6
CONTINUOUS
10
64.1785709999999909
20
-65.7533279999999962
11
64.75
21
-65.7533279999999962
0
LINE
8
BLACK
6
CONTINUOUS
10
64.75
20
-65.7533279999999962
11
64.7792639999999977
21
-65.7562099999999958
0
LINE
8
BLACK
6
CONTINUOUS
10
64.3285709999999966
20
-66.5390419999999949
11
64.7145900000000012
21
-66.5390419999999949
0
LINE
8
BLACK
6
CONTINUOUS
10
64.7145900000000012
20
-66.5390419999999949
11
64.804001999999997
21
-66.4943359999999899
0
LINE
8
BLACK
6
CONTINUOUS
10
64.804001999999997
20
-66.4943359999999899
11
64.8410069999999905
21
-66.4573309999999964
0
LINE
8
BLACK
6
CONTINUOUS
10
64.8410069999999905
20
-66.4573309999999964
11
64.885713999999993
21
-66.3679180000000031
0
LINE
8
BLACK
6
CONTINUOUS
10
64.885713999999993
20
-66.3679180000000031
11
64.885713999999993
21
-66.224451000000002
0
LINE
8
BLACK
6
CONTINUOUS
10
64.885713999999993
20
-66.224451000000002
11
64.8410080000000022
21
-66.1350389999999919
0
LINE
8
BLACK
6
CONTINUOUS
10
64.8410080000000022
20
-66.1350389999999919
11
64.8040039999999919
21
-66.0980349999999959
0
LINE
8
BLACK
6
CONTINUOUS
10
64.8040039999999919
20
-66.0980349999999959
11
64.7145900000000012
21
-66.0533279999999934
0
LINE
8
BLACK
6
CONTINUOUS
10
64.7145900000000012
20
-66.0533279999999934
11
64.3285709999999966
21
-66.0533279999999934
0
LINE
8
BLACK
6
CONTINUOUS
10
64.3285709999999966
20
-66.0533279999999934
11
64.3285709999999966
21
-66.5390419999999949
0
LINE
8
BLACK
6
CONTINUOUS
10
52.2078349999999958
20
-61.2562099999999958
11
52.2128119999999996
21
-61.2582710000000006
0
LINE
8
BLACK
6
CONTINUOUS
10
52.2128119999999996
20
-61.2582710000000006
11
52.2181899999999999
21
-61.2586539999999999
0
LINE
8
BLACK
6
CONTINUOUS
10
52.2181899999999999
20
-61.2586539999999999
11
52.2456529999999972
21
-61.2691639999999964
0
LINE
8
BLACK
6
CONTINUOUS
10
52.2456529999999972
20
-61.2691639999999964
11
52.3885110000000012
21
-61.3405929999999984
0
LINE
8
BLACK
6
CONTINUOUS
10
52.3885110000000012
20
-61.3405929999999984
11
52.4011039999999966
21
-61.3485200000000006
0
LINE
8
BLACK
6
CONTINUOUS
10
52.4011039999999966
20
-61.3485200000000006
11
52.4047640000000001
21
-61.3500359999999958
0
LINE
8
BLACK
6
CONTINUOUS
10
52.4047640000000001
20
-61.3500359999999958
11
52.4088829999999959
21
-61.3534170000000003
0
LINE
8
BLACK
6
CONTINUOUS
10
52.4088829999999959
20
-61.3534170000000003
11
52.4133969999999962
21
-61.3562579999999969
0
LINE
8
BLACK
6
CONTINUOUS
10
52.4133969999999962
20
-61.3562579999999969
11
52.4159930000000003
21
-61.3592510000000004
0
LINE
8
BLACK
6
CONTINUOUS
10
52.4159930000000003
20
-61.3592510000000004
11
52.4274950000000004
21
-61.3686909999999983
0
LINE
8
BLACK
6
CONTINUOUS
10
52.4274950000000004
20
-61.3686909999999983
11
52.4989229999999978
21
-61.4401189999999957
0
LINE
8
BLACK
6
CONTINUOUS
10
52.4989229999999978
20
-61.4401189999999957
11
52.5083629999999957
21
-61.4516209999999958
0
LINE
8
BLACK
6
CONTINUOUS
10
52.5083629999999957
20
-61.4516209999999958
11
52.5113559999999993
21
-61.4542169999999999
0
LINE
8
BLACK
6
CONTINUOUS
10
52.5113559999999993
20
-61.4542169999999999
11
52.5141939999999963
21
-61.4587259999999986
0
LINE
8
BLACK
6
CONTINUOUS
10
52.5141939999999963
20
-61.4587259999999986
11
52.5175780000000003
21
-61.4628489999999985
0
LINE
8
BLACK
6
CONTINUOUS
10
52.5175780000000003
20
-61.4628489999999985
11
52.5190939999999955
21
-61.466510999999997
0
LINE
8
BLACK
6
CONTINUOUS
10
52.5190939999999955
20
-61.466510999999997
11
52.5270209999999977
21
-61.4791029999999949
0
LINE
8
BLACK
6
CONTINUOUS
10
52.5270209999999977
20
-61.4791029999999949
11
52.5984499999999997
21
-61.6219589999999968
0
LINE
8
BLACK
6
CONTINUOUS
10
52.5984499999999997
20
-61.6219589999999968
11
52.6089589999999987
21
-61.6494229999999988
0
LINE
8
BLACK
6
CONTINUOUS
10
52.6089589999999987
20
-61.6494229999999988
11
52.609339999999996
21
-61.654796999999995
0
LINE
8
BLACK
6
CONTINUOUS
10
52.609339999999996
20
-61.654796999999995
11
52.6114040000000003
21
-61.6597779999999958
0
LINE
8
BLACK
6
CONTINUOUS
10
52.6114040000000003
20
-61.6597779999999958
11
52.6142859999999999
21
-61.6890420000000006
0
LINE
8
BLACK
6
CONTINUOUS
10
52.6142859999999999
20
-61.6890420000000006
11
52.6142859999999999
21
-61.8318999999999974
0
LINE
8
BLACK
6
CONTINUOUS
10
52.6142859999999999
20
-61.8318999999999974
11
52.6128269999999958
21
-61.8467109999999991
0
LINE
8
BLACK
6
CONTINUOUS
10
52.6128269999999958
20
-61.8467109999999991
11
52.6131079999999969
21
-61.8506609999999952
0
LINE
8
BLACK
6
CONTINUOUS
10
52.6131079999999969
20
-61.8506609999999952
11
52.6119259999999969
21
-61.8558549999999983
0
LINE
8
BLACK
6
CONTINUOUS
10
52.6119259999999969
20
-61.8558549999999983
11
52.6114040000000003
21
-61.8611639999999952
0
LINE
8
BLACK
6
CONTINUOUS
10
52.6114040000000003
20
-61.8611639999999952
11
52.6098870000000005
21
-61.8648249999999962
0
LINE
8
BLACK
6
CONTINUOUS
10
52.6098870000000005
20
-61.8648249999999962
11
52.606587999999995
21
-61.8793349999999975
0
LINE
8
BLACK
6
CONTINUOUS
10
52.606587999999995
20
-61.8793349999999975
11
52.5351590000000002
21
-62.0936199999999943
0
LINE
8
BLACK
6
CONTINUOUS
10
52.5351590000000002
20
-62.0936199999999943
11
52.5231709999999978
21
-62.1204699999999974
0
LINE
8
BLACK
6
CONTINUOUS
10
52.5231709999999978
20
-62.1204699999999974
11
52.519641
21
-62.1245389999999986
0
LINE
8
BLACK
6
CONTINUOUS
10
52.519641
20
-62.1245389999999986
11
52.5175780000000003
21
-62.1295209999999969
0
LINE
8
BLACK
6
CONTINUOUS
10
52.5175780000000003
20
-62.1295209999999969
11
52.4989229999999978
21
-62.1522509999999997
0
LINE
8
BLACK
6
CONTINUOUS
10
52.4989229999999978
20
-62.1522509999999997
11
51.8978459999999941
21
-62.7533279999999962
0
LINE
8
BLACK
6
CONTINUOUS
10
51.8978459999999941
20
-62.7533279999999962
11
52.4642859999999942
21
-62.7533279999999962
0
LINE
8
BLACK
6
CONTINUOUS
10
52.4642859999999942
20
-62.7533279999999962
11
52.493549999999999
21
-62.7562099999999958
0
LINE
8
BLACK
6
CONTINUOUS
10
52.493549999999999
20
-62.7562099999999958
11
52.5476219999999969
21
-62.7786079999999984
0
LINE
8
BLACK
6
CONTINUOUS
10
52.5476219999999969
20
-62.7786079999999984
11
52.5890059999999977
21
-62.8199919999999992
0
LINE
8
BLACK
6
CONTINUOUS
10
52.5890059999999977
20
-62.8199919999999992
11
52.6114040000000003
21
-62.8740639999999971
0
LINE
8
BLACK
6
CONTINUOUS
10
52.6114040000000003
20
-62.8740639999999971
11
52.6114040000000003
21
-62.9325919999999996
0
LINE
8
BLACK
6
CONTINUOUS
10
52.6114040000000003
20
-62.9325919999999996
11
52.5890059999999977
21
-62.9866639999999975
0
LINE
8
BLACK
6
CONTINUOUS
10
52.5890059999999977
20
-62.9866639999999975
11
52.5476219999999969
21
-63.0280479999999983
0
LINE
8
BLACK
6
CONTINUOUS
10
52.5476219999999969
20
-63.0280479999999983
11
52.493549999999999
21
-63.0504459999999938
0
LINE
8
BLACK
6
CONTINUOUS
10
52.493549999999999
20
-63.0504459999999938
11
52.4642859999999942
21
-63.0533280000000005
0
LINE
8
BLACK
6
CONTINUOUS
10
52.4642859999999942
20
-63.0533280000000005
11
51.5357139999999987
21
-63.0533280000000005
0
LINE
8
BLACK
6
CONTINUOUS
10
51.5357139999999987
20
-63.0533280000000005
11
51.506450000000001
21
-63.0504459999999938
0
LINE
8
BLACK
6
CONTINUOUS
10
51.506450000000001
20
-63.0504459999999938
11
51.482762000000001
21
-63.0406339999999972
0
LINE
8
BLACK
6
CONTINUOUS
10
51.482762000000001
20
-63.0406339999999972
11
51.4523790000000005
21
-63.0280489999999958
0
LINE
8
BLACK
6
CONTINUOUS
10
51.4523790000000005
20
-63.0280489999999958
11
51.4109929999999977
21
-62.9866630000000001
0
LINE
8
BLACK
6
CONTINUOUS
10
51.4109929999999977
20
-62.9866630000000001
11
51.3885959999999997
21
-62.9325909999999951
0
LINE
8
BLACK
6
CONTINUOUS
10
51.3885959999999997
20
-62.9325909999999951
11
51.3885959999999997
21
-62.8740649999999945
0
LINE
8
BLACK
6
CONTINUOUS
10
51.3885959999999997
20
-62.8740649999999945
11
51.4109929999999977
21
-62.8199929999999966
0
LINE
8
BLACK
6
CONTINUOUS
10
51.4109929999999977
20
-62.8199929999999966
11
51.4296480000000003
21
-62.7972619999999964
0
LINE
8
BLACK
6
CONTINUOUS
10
51.4296480000000003
20
-62.7972619999999964
11
52.2617519999999942
21
-61.9651569999999978
0
LINE
8
BLACK
6
CONTINUOUS
10
52.2617519999999942
20
-61.9651569999999978
11
52.3142859999999956
21
-61.8075589999999977
0
LINE
8
BLACK
6
CONTINUOUS
10
52.3142859999999956
20
-61.8075589999999977
11
52.3142859999999956
21
-61.7244519999999994
0
LINE
8
BLACK
6
CONTINUOUS
10
52.3142859999999956
20
-61.7244519999999994
11
52.2695790000000002
21
-61.635038999999999
0
LINE
8
BLACK
6
CONTINUOUS
10
52.2695790000000002
20
-61.635038999999999
11
52.2325749999999971
21
-61.5980349999999959
0
LINE
8
BLACK
6
CONTINUOUS
10
52.2325749999999971
20
-61.5980349999999959
11
52.1431609999999992
21
-61.5533280000000005
0
LINE
8
BLACK
6
CONTINUOUS
10
52.1431609999999992
20
-61.5533280000000005
11
51.8568390000000008
21
-61.5533280000000005
0
LINE
8
BLACK
6
CONTINUOUS
10
51.8568390000000008
20
-61.5533280000000005
11
51.7674249999999958
21
-61.5980349999999959
0
LINE
8
BLACK
6
CONTINUOUS
10
51.7674249999999958
20
-61.5980349999999959
11
51.7132089999999991
21
-61.6522509999999997
0
LINE
8
BLACK
6
CONTINUOUS
10
51.7132089999999991
20
-61.6522509999999997
11
51.6904779999999988
21
-61.6709059999999951
0
LINE
8
BLACK
6
CONTINUOUS
10
51.6904779999999988
20
-61.6709059999999951
11
51.6364060000000009
21
-61.6933030000000002
0
LINE
8
BLACK
6
CONTINUOUS
10
51.6364060000000009
20
-61.6933030000000002
11
51.5778800000000004
21
-61.6933030000000002
0
LINE
8
BLACK
6
CONTINUOUS
10
51.5778800000000004
20
-61.6933030000000002
11
51.5238079999999954
21
-61.6709059999999951
0
LINE
8
BLACK
6
CONTINUOUS
10
51.5238079999999954
20
-61.6709059999999951
11
51.4824219999999997
21
-61.6295199999999994
0
LINE
8
BLACK
6
CONTINUOUS
10
51.4824219999999997
20
-61.6295199999999994
11
51.4600249999999946
21
-61.5754479999999944
0
LINE
8
BLACK
6
CONTINUOUS
10
51.4600249999999946
20
-61.5754479999999944
11
51.4600249999999946
21
-61.5169219999999939
0
LINE
8
BLACK
6
CONTINUOUS
10
51.4600249999999946
20
-61.5169219999999939
11
51.4824219999999997
21
-61.462849999999996
0
LINE
8
BLACK
6
CONTINUOUS
10
51.4824219999999997
20
-61.462849999999996
11
51.5010769999999951
21
-61.4401189999999957
0
LINE
8
BLACK
6
CONTINUOUS
10
51.5010769999999951
20
-61.4401189999999957
11
51.5725049999999996
21
-61.3686909999999983
0
LINE
8
BLACK
6
CONTINUOUS
10
51.5725049999999996
20
-61.3686909999999983
11
51.5840069999999997
21
-61.3592499999999959
0
LINE
8
BLACK
6
CONTINUOUS
10
51.5840069999999997
20
-61.3592499999999959
11
51.5866029999999967
21
-61.3562579999999969
0
LINE
8
BLACK
6
CONTINUOUS
10
51.5866029999999967
20
-61.3562579999999969
11
51.5911119999999954
21
-61.3534189999999953
0
LINE
8
BLACK
6
CONTINUOUS
10
51.5911119999999954
20
-61.3534189999999953
11
51.5952349999999953
21
-61.3500359999999958
0
LINE
8
BLACK
6
CONTINUOUS
10
51.5952349999999953
20
-61.3500359999999958
11
51.5988970000000009
21
-61.348518999999996
0
LINE
8
BLACK
6
CONTINUOUS
10
51.5988970000000009
20
-61.348518999999996
11
51.6114889999999988
21
-61.3405929999999984
0
LINE
8
BLACK
6
CONTINUOUS
10
51.6114889999999988
20
-61.3405929999999984
11
51.7543469999999957
21
-61.2691639999999964
0
LINE
8
BLACK
6
CONTINUOUS
10
51.7543469999999957
20
-61.2691639999999964
11
51.7818100000000001
21
-61.2586539999999999
0
LINE
8
BLACK
6
CONTINUOUS
10
51.7818100000000001
20
-61.2586539999999999
11
51.7871869999999959
21
-61.2582710000000006
0
LINE
8
BLACK
6
CONTINUOUS
10
51.7871869999999959
20
-61.2582710000000006
11
51.7921649999999971
21
-61.2562099999999958
0
LINE
8
BLACK
6
CONTINUOUS
10
51.7921649999999971
20
-61.2562099999999958
11
51.8214289999999949
21
-61.2533279999999962
0
LINE
8
BLACK
6
CONTINUOUS
10
51.8214289999999949
20
-61.2533279999999962
11
52.178570999999998
21
-61.2533279999999962
0
LINE
8
BLACK
6
CONTINUOUS
10
52.178570999999998
20
-61.2533279999999962
11
52.2078349999999958
21
-61.2562099999999958
0
LINE
8
BLACK
6
CONTINUOUS
10
53.4786979999999943
20
-61.2562099999999958
11
53.4935489999999945
21
-61.2562099999999958
0
LINE
8
BLACK
6
CONTINUOUS
10
53.4935489999999945
20
-61.2562099999999958
11
53.507123
21
-61.2618319999999983
0
LINE
8
BLACK
6
CONTINUOUS
10
53.507123
20
-61.2618319999999983
11
53.5215419999999966
21
-61.2646850000000001
0
LINE
8
BLACK
6
CONTINUOUS
10
53.5215419999999966
20
-61.2646850000000001
11
53.5339019999999977
21
-61.2729250000000008
0
LINE
8
BLACK
6
CONTINUOUS
10
53.5339019999999977
20
-61.2729250000000008
11
53.5476209999999995
21
-61.2786079999999984
0
LINE
8
BLACK
6
CONTINUOUS
10
53.5476209999999995
20
-61.2786079999999984
11
53.5580099999999959
21
-61.2889969999999948
0
LINE
8
BLACK
6
CONTINUOUS
10
53.5580099999999959
20
-61.2889969999999948
11
53.5702409999999958
21
-61.2971509999999995
0
LINE
8
BLACK
6
CONTINUOUS
10
53.5702409999999958
20
-61.2971509999999995
11
53.5785059999999973
21
-61.3094929999999962
0
LINE
8
BLACK
6
CONTINUOUS
10
53.5785059999999973
20
-61.3094929999999962
11
53.5890050000000002
21
-61.3199919999999992
0
LINE
8
BLACK
6
CONTINUOUS
10
53.5890050000000002
20
-61.3199919999999992
11
53.5946280000000002
21
-61.3335679999999996
0
LINE
8
BLACK
6
CONTINUOUS
10
53.5946280000000002
20
-61.3335679999999996
11
53.6028069999999985
21
-61.3457809999999952
0
LINE
8
BLACK
6
CONTINUOUS
10
53.6028069999999985
20
-61.3457809999999952
11
53.6057190000000006
21
-61.3603430000000003
0
LINE
8
BLACK
6
CONTINUOUS
10
53.6057190000000006
20
-61.3603430000000003
11
53.6114029999999957
21
-61.3740639999999971
0
LINE
8
BLACK
6
CONTINUOUS
10
53.6114029999999957
20
-61.3740639999999971
11
53.6142539999999954
21
-61.4030159999999938
0
LINE
8
BLACK
6
CONTINUOUS
10
53.6142539999999954
20
-61.4030159999999938
11
53.6142849999999953
21
-61.4031699999999958
0
LINE
8
BLACK
6
CONTINUOUS
10
53.6142849999999953
20
-61.4031699999999958
11
53.6142739999999947
21
-61.4032219999999995
0
LINE
8
BLACK
6
CONTINUOUS
10
53.6142739999999947
20
-61.4032219999999995
11
53.6142849999999953
21
-61.4033279999999948
0
LINE
8
BLACK
6
CONTINUOUS
10
53.6142849999999953
20
-61.4033279999999948
11
53.6142849999999953
21
-62.7533279999999962
0
LINE
8
BLACK
6
CONTINUOUS
10
53.6142849999999953
20
-62.7533279999999962
11
53.8928569999999993
21
-62.7533279999999962
0
LINE
8
BLACK
6
CONTINUOUS
10
53.8928569999999993
20
-62.7533279999999962
11
53.9221209999999971
21
-62.7562099999999958
0
LINE
8
BLACK
6
CONTINUOUS
10
53.9221209999999971
20
-62.7562099999999958
11
53.976192999999995
21
-62.7786079999999984
0
LINE
8
BLACK
6
CONTINUOUS
10
53.976192999999995
20
-62.7786079999999984
11
54.0175769999999957
21
-62.8199919999999992
0
LINE
8
BLACK
6
CONTINUOUS
10
54.0175769999999957
20
-62.8199919999999992
11
54.0399749999999983
21
-62.8740639999999971
0
LINE
8
BLACK
6
CONTINUOUS
10
54.0399749999999983
20
-62.8740639999999971
11
54.0399749999999983
21
-62.9325919999999996
0
LINE
8
BLACK
6
CONTINUOUS
10
54.0399749999999983
20
-62.9325919999999996
11
54.0175769999999957
21
-62.9866639999999975
0
LINE
8
BLACK
6
CONTINUOUS
10
54.0175769999999957
20
-62.9866639999999975
11
53.976192999999995
21
-63.0280479999999983
0
LINE
8
BLACK
6
CONTINUOUS
10
53.976192999999995
20
-63.0280479999999983
11
53.9221209999999971
21
-63.0504459999999938
0
LINE
8
BLACK
6
CONTINUOUS
10
53.9221209999999971
20
-63.0504459999999938
11
53.8928569999999993
21
-63.0533280000000005
0
LINE
8
BLACK
6
CONTINUOUS
10
53.8928569999999993
20
-63.0533280000000005
11
53.0357139999999987
21
-63.0533280000000005
0
LINE
8
BLACK
6
CONTINUOUS
10
53.0357139999999987
20
-63.0533280000000005
11
53.006450000000001
21
-63.0504459999999938
0
LINE
8
BLACK
6
CONTINUOUS
10
53.006450000000001
20
-63.0504459999999938
11
52.952377999999996
21
-63.0280479999999983
0
LINE
8
BLACK
6
CONTINUOUS
10
52.952377999999996
20
-63.0280479999999983
11
52.9109939999999952
21
-62.9866639999999975
0
LINE
8
BLACK
6
CONTINUOUS
10
52.9109939999999952
20
-62.9866639999999975
11
52.8885959999999997
21
-62.9325919999999996
0
LINE
8
BLACK
6
CONTINUOUS
10
52.8885959999999997
20
-62.9325919999999996
11
52.8885959999999997
21
-62.8740639999999971
0
LINE
8
BLACK
6
CONTINUOUS
10
52.8885959999999997
20
-62.8740639999999971
11
52.9109939999999952
21
-62.8199919999999992
0
LINE
8
BLACK
6
CONTINUOUS
10
52.9109939999999952
20
-62.8199919999999992
11
52.952377999999996
21
-62.7786079999999984
0
LINE
8
BLACK
6
CONTINUOUS
10
52.952377999999996
20
-62.7786079999999984
11
53.006450000000001
21
-62.7562099999999958
0
LINE
8
BLACK
6
CONTINUOUS
10
53.006450000000001
20
-62.7562099999999958
11
53.0357139999999987
21
-62.7533279999999962
0
LINE
8
BLACK
6
CONTINUOUS
10
53.0357139999999987
20
-62.7533279999999962
11
53.3142849999999981
21
-62.7533279999999962
0
LINE
8
BLACK
6
CONTINUOUS
10
53.3142849999999981
20
-62.7533279999999962
11
53.3142849999999981
21
-61.8368889999999993
0
LINE
8
BLACK
6
CONTINUOUS
10
53.3142849999999981
20
-61.8368889999999993
11
53.2846369999999965
21
-61.8665369999999939
0
LINE
8
BLACK
6
CONTINUOUS
10
53.2846369999999965
20
-61.8665369999999939
11
53.2731349999999964
21
-61.8759759999999943
0
LINE
8
BLACK
6
CONTINUOUS
10
53.2731349999999964
20
-61.8759759999999943
11
53.2705389999999994
21
-61.8789699999999954
0
LINE
8
BLACK
6
CONTINUOUS
10
53.2705389999999994
20
-61.8789699999999954
11
53.2660249999999991
21
-61.8818099999999944
0
LINE
8
BLACK
6
CONTINUOUS
10
53.2660249999999991
20
-61.8818099999999944
11
53.2619059999999962
21
-61.8851919999999964
0
LINE
8
BLACK
6
CONTINUOUS
10
53.2619059999999962
20
-61.8851919999999964
11
53.2582459999999998
21
-61.8867069999999941
0
LINE
8
BLACK
6
CONTINUOUS
10
53.2582459999999998
20
-61.8867069999999941
11
53.2456529999999972
21
-61.8946349999999939
0
LINE
8
BLACK
6
CONTINUOUS
10
53.2456529999999972
20
-61.8946349999999939
11
53.1027959999999979
21
-61.9660639999999958
0
LINE
8
BLACK
6
CONTINUOUS
10
53.1027959999999979
20
-61.9660639999999958
11
53.0753330000000005
21
-61.9765729999999948
0
LINE
8
BLACK
6
CONTINUOUS
10
53.0753330000000005
20
-61.9765729999999948
11
53.0169530000000009
21
-61.9807220000000001
0
LINE
8
BLACK
6
CONTINUOUS
10
53.0169530000000009
20
-61.9807220000000001
11
52.96143
21
-61.9622150000000005
0
LINE
8
BLACK
6
CONTINUOUS
10
52.96143
20
-61.9622150000000005
11
52.9172149999999988
21
-61.9238679999999988
0
LINE
8
BLACK
6
CONTINUOUS
10
52.9172149999999988
20
-61.9238679999999988
11
52.8910409999999942
21
-61.8715189999999993
0
LINE
8
BLACK
6
CONTINUOUS
10
52.8910409999999942
20
-61.8715189999999993
11
52.886891999999996
21
-61.8131389999999996
0
LINE
8
BLACK
6
CONTINUOUS
10
52.886891999999996
20
-61.8131389999999996
11
52.9053989999999956
21
-61.7576159999999987
0
LINE
8
BLACK
6
CONTINUOUS
10
52.9053989999999956
20
-61.7576159999999987
11
52.9437459999999973
21
-61.7134009999999975
0
LINE
8
BLACK
6
CONTINUOUS
10
52.9437459999999973
20
-61.7134009999999975
11
52.9686319999999995
21
-61.697735999999999
0
LINE
8
BLACK
6
CONTINUOUS
10
52.9686319999999995
20
-61.697735999999999
11
53.0897170000000003
21
-61.6371919999999989
0
LINE
8
BLACK
6
CONTINUOUS
10
53.0897170000000003
20
-61.6371919999999989
11
53.2048579999999944
21
-61.5220509999999976
0
LINE
8
BLACK
6
CONTINUOUS
10
53.2048579999999944
20
-61.5220509999999976
11
53.3394779999999997
21
-61.3201229999999953
0
LINE
8
BLACK
6
CONTINUOUS
10
53.3394779999999997
20
-61.3201229999999953
11
53.3395439999999965
21
-61.3200419999999937
0
LINE
8
BLACK
6
CONTINUOUS
10
53.3395439999999965
20
-61.3200419999999937
11
53.3395650000000003
21
-61.3199919999999992
0
LINE
8
BLACK
6
CONTINUOUS
10
53.3395650000000003
20
-61.3199919999999992
11
53.3396759999999972
21
-61.3198799999999977
0
LINE
8
BLACK
6
CONTINUOUS
10
53.3396759999999972
20
-61.3198799999999977
11
53.3581079999999943
21
-61.2973719999999958
0
LINE
8
BLACK
6
CONTINUOUS
10
53.3581079999999943
20
-61.2973719999999958
11
53.3704499999999982
21
-61.2891059999999968
0
LINE
8
BLACK
6
CONTINUOUS
10
53.3704499999999982
20
-61.2891059999999968
11
53.3809490000000011
21
-61.2786079999999984
0
LINE
8
BLACK
6
CONTINUOUS
10
53.3809490000000011
20
-61.2786079999999984
11
53.3945249999999945
21
-61.2729839999999939
0
LINE
8
BLACK
6
CONTINUOUS
10
53.3945249999999945
20
-61.2729839999999939
11
53.4067379999999972
21
-61.2648060000000001
0
LINE
8
BLACK
6
CONTINUOUS
10
53.4067379999999972
20
-61.2648060000000001
11
53.4212989999999976
21
-61.2618930000000006
0
LINE
8
BLACK
6
CONTINUOUS
10
53.4212989999999976
20
-61.2618930000000006
11
53.435020999999999
21
-61.2562099999999958
0
LINE
8
BLACK
6
CONTINUOUS
10
53.435020999999999
20
-61.2562099999999958
11
53.4497179999999972
21
-61.2562099999999958
0
LINE
8
BLACK
6
CONTINUOUS
10
53.4497179999999972
20
-61.2562099999999958
11
53.4641279999999952
21
-61.2533279999999962
0
LINE
8
BLACK
6
CONTINUOUS
10
53.4641279999999952
20
-61.2533279999999962
11
53.4786979999999943
21
-61.2562099999999958
0
LINE
8
BLACK
6
CONTINUOUS
10
50.7792639999999977
20
-61.2562099999999958
11
50.7842440000000011
21
-61.2582729999999955
0
LINE
8
BLACK
6
CONTINUOUS
10
50.7842440000000011
20
-61.2582729999999955
11
50.7896189999999947
21
-61.2586549999999974
0
LINE
8
BLACK
6
CONTINUOUS
10
50.7896189999999947
20
-61.2586549999999974
11
50.8170819999999992
21
-61.2691639999999964
0
LINE
8
BLACK
6
CONTINUOUS
10
50.8170819999999992
20
-61.2691639999999964
11
50.9599389999999985
21
-61.3405929999999984
0
LINE
8
BLACK
6
CONTINUOUS
10
50.9599389999999985
20
-61.3405929999999984
11
50.972533999999996
21
-61.3485209999999981
0
LINE
8
BLACK
6
CONTINUOUS
10
50.972533999999996
20
-61.3485209999999981
11
50.976191
21
-61.3500359999999958
0
LINE
8
BLACK
6
CONTINUOUS
10
50.976191
20
-61.3500359999999958
11
50.9803080000000008
21
-61.3534149999999983
0
LINE
8
BLACK
6
CONTINUOUS
10
50.9803080000000008
20
-61.3534149999999983
11
50.9848250000000007
21
-61.3562579999999969
0
LINE
8
BLACK
6
CONTINUOUS
10
50.9848250000000007
20
-61.3562579999999969
11
50.9874219999999951
21
-61.3592519999999979
0
LINE
8
BLACK
6
CONTINUOUS
10
50.9874219999999951
20
-61.3592519999999979
11
50.9989220000000003
21
-61.3686899999999937
0
LINE
8
BLACK
6
CONTINUOUS
10
50.9989220000000003
20
-61.3686899999999937
11
51.0703509999999952
21
-61.4401179999999982
0
LINE
8
BLACK
6
CONTINUOUS
10
51.0703509999999952
20
-61.4401179999999982
11
51.0797929999999951
21
-61.4516229999999979
0
LINE
8
BLACK
6
CONTINUOUS
10
51.0797929999999951
20
-61.4516229999999979
11
51.0827850000000012
21
-61.4542179999999973
0
LINE
8
BLACK
6
CONTINUOUS
10
51.0827850000000012
20
-61.4542179999999973
11
51.0856239999999957
21
-61.4587280000000007
0
LINE
8
BLACK
6
CONTINUOUS
10
51.0856239999999957
20
-61.4587280000000007
11
51.0890059999999977
21
-61.4628489999999985
0
LINE
8
BLACK
6
CONTINUOUS
10
51.0890059999999977
20
-61.4628489999999985
11
51.0905209999999954
21
-61.4665079999999975
0
LINE
8
BLACK
6
CONTINUOUS
10
51.0905209999999954
20
-61.4665079999999975
11
51.0984499999999997
21
-61.4791029999999949
0
LINE
8
BLACK
6
CONTINUOUS
10
51.0984499999999997
20
-61.4791029999999949
11
51.1698779999999971
21
-61.6219609999999989
0
LINE
8
BLACK
6
CONTINUOUS
10
51.1698779999999971
20
-61.6219609999999989
11
51.1803880000000007
21
-61.6494239999999962
0
LINE
8
BLACK
6
CONTINUOUS
10
51.1803880000000007
20
-61.6494239999999962
11
51.180768999999998
21
-61.654798999999997
0
LINE
8
BLACK
6
CONTINUOUS
10
51.180768999999998
20
-61.654798999999997
11
51.1828319999999977
21
-61.6597779999999958
0
LINE
8
BLACK
6
CONTINUOUS
10
51.1828319999999977
20
-61.6597779999999958
11
51.1857139999999973
21
-61.6890420000000006
0
LINE
8
BLACK
6
CONTINUOUS
10
51.1857139999999973
20
-61.6890420000000006
11
51.1857139999999973
21
-61.9033279999999948
0
LINE
8
BLACK
6
CONTINUOUS
10
51.1857139999999973
20
-61.9033279999999948
11
51.1828319999999977
21
-61.9325919999999996
0
LINE
8
BLACK
6
CONTINUOUS
10
51.1828319999999977
20
-61.9325919999999996
11
51.180768999999998
21
-61.9375699999999938
0
LINE
8
BLACK
6
CONTINUOUS
10
51.180768999999998
20
-61.9375699999999938
11
51.1803880000000007
21
-61.9429459999999992
0
LINE
8
BLACK
6
CONTINUOUS
10
51.1803880000000007
20
-61.9429459999999992
11
51.1698779999999971
21
-61.9704089999999965
0
LINE
8
BLACK
6
CONTINUOUS
10
51.1698779999999971
20
-61.9704089999999965
11
51.0984499999999997
21
-62.1132670000000005
0
LINE
8
BLACK
6
CONTINUOUS
10
51.0984499999999997
20
-62.1132670000000005
11
51.0905229999999975
21
-62.1258579999999938
0
LINE
8
BLACK
6
CONTINUOUS
10
51.0905229999999975
20
-62.1258579999999938
11
51.0890069999999952
21
-62.1295199999999994
0
LINE
8
BLACK
6
CONTINUOUS
10
51.0890069999999952
20
-62.1295199999999994
11
51.0856229999999982
21
-62.1336419999999947
0
LINE
8
BLACK
6
CONTINUOUS
10
51.0856229999999982
20
-62.1336419999999947
11
51.0827850000000012
21
-62.1381519999999981
0
LINE
8
BLACK
6
CONTINUOUS
10
51.0827850000000012
20
-62.1381519999999981
11
51.0797929999999951
21
-62.140746
0
LINE
8
BLACK
6
CONTINUOUS
10
51.0797929999999951
20
-62.140746
11
51.0703519999999997
21
-62.1522509999999997
0
LINE
8
BLACK
6
CONTINUOUS
10
51.0703519999999997
20
-62.1522509999999997
11
50.9989229999999978
21
-62.2236799999999945
0
LINE
8
BLACK
6
CONTINUOUS
10
50.9989229999999978
20
-62.2236799999999945
11
50.9874209999999977
21
-62.233118999999995
0
LINE
8
BLACK
6
CONTINUOUS
10
50.9874209999999977
20
-62.233118999999995
11
50.9848250000000007
21
-62.236112999999996
0
LINE
8
BLACK
6
CONTINUOUS
10
50.9848250000000007
20
-62.236112999999996
11
50.9803110000000004
21
-62.2389529999999951
0
LINE
8
BLACK
6
CONTINUOUS
10
50.9803110000000004
20
-62.2389529999999951
11
50.9761919999999975
21
-62.2423349999999971
0
LINE
8
BLACK
6
CONTINUOUS
10
50.9761919999999975
20
-62.2423349999999971
11
50.9725320000000011
21
-62.2438499999999948
0
LINE
8
BLACK
6
CONTINUOUS
10
50.9725320000000011
20
-62.2438499999999948
11
50.9599389999999985
21
-62.2517779999999945
0
LINE
8
BLACK
6
CONTINUOUS
10
50.9599389999999985
20
-62.2517779999999945
11
50.8170819999999992
21
-62.323205999999999
0
LINE
8
BLACK
6
CONTINUOUS
10
50.8170819999999992
20
-62.323205999999999
11
50.813646999999996
21
-62.3245199999999997
0
LINE
8
BLACK
6
CONTINUOUS
10
50.813646999999996
20
-62.3245199999999997
11
51.1585989999999953
21
-62.8173089999999945
0
LINE
8
BLACK
6
CONTINUOUS
10
51.1585989999999953
20
-62.8173089999999945
11
51.1730200000000011
21
-62.8429349999999971
0
LINE
8
BLACK
6
CONTINUOUS
10
51.1730200000000011
20
-62.8429349999999971
11
51.1856790000000004
21
-62.900076999999996
0
LINE
8
BLACK
6
CONTINUOUS
10
51.1856790000000004
20
-62.900076999999996
11
51.1755080000000007
21
-62.9577129999999983
0
LINE
8
BLACK
6
CONTINUOUS
10
51.1755080000000007
20
-62.9577129999999983
11
51.1440549999999945
21
-63.0070699999999988
0
LINE
8
BLACK
6
CONTINUOUS
10
51.1440549999999945
20
-63.0070699999999988
11
51.0961069999999964
21
-63.0406339999999972
0
LINE
8
BLACK
6
CONTINUOUS
10
51.0961069999999964
20
-63.0406339999999972
11
51.0389649999999975
21
-63.0532929999999965
0
LINE
8
BLACK
6
CONTINUOUS
10
51.0389649999999975
20
-63.0532929999999965
11
50.9813289999999952
21
-63.0431219999999968
0
LINE
8
BLACK
6
CONTINUOUS
10
50.9813289999999952
20
-63.0431219999999968
11
50.9319719999999947
21
-63.0116689999999977
0
LINE
8
BLACK
6
CONTINUOUS
10
50.9319719999999947
20
-63.0116689999999977
11
50.912828999999995
21
-62.9893469999999951
0
LINE
8
BLACK
6
CONTINUOUS
10
50.912828999999995
20
-62.9893469999999951
11
50.4576159999999945
21
-62.3390419999999992
0
LINE
8
BLACK
6
CONTINUOUS
10
50.4576159999999945
20
-62.3390419999999992
11
50.3285709999999966
21
-62.3390419999999992
0
LINE
8
BLACK
6
CONTINUOUS
10
50.3285709999999966
20
-62.3390419999999992
11
50.3285709999999966
21
-62.9033279999999948
0
LINE
8
BLACK
6
CONTINUOUS
10
50.3285709999999966
20
-62.9033279999999948
11
50.325688999999997
21
-62.9325919999999996
0
LINE
8
BLACK
6
CONTINUOUS
10
50.325688999999997
20
-62.9325919999999996
11
50.3032909999999944
21
-62.9866639999999975
0
LINE
8
BLACK
6
CONTINUOUS
10
50.3032909999999944
20
-62.9866639999999975
11
50.2619070000000008
21
-63.0280479999999983
0
LINE
8
BLACK
6
CONTINUOUS
10
50.2619070000000008
20
-63.0280479999999983
11
50.2078349999999958
21
-63.0504459999999938
0
LINE
8
BLACK
6
CONTINUOUS
10
50.2078349999999958
20
-63.0504459999999938
11
50.1493070000000003
21
-63.0504459999999938
0
LINE
8
BLACK
6
CONTINUOUS
10
50.1493070000000003
20
-63.0504459999999938
11
50.0952349999999953
21
-63.0280479999999983
0
LINE
8
BLACK
6
CONTINUOUS
10
50.0952349999999953
20
-63.0280479999999983
11
50.0538509999999945
21
-62.9866639999999975
0
LINE
8
BLACK
6
CONTINUOUS
10
50.0538509999999945
20
-62.9866639999999975
11
50.0314529999999991
21
-62.9325919999999996
0
LINE
8
BLACK
6
CONTINUOUS
10
50.0314529999999991
20
-62.9325919999999996
11
50.0285709999999995
21
-62.9033279999999948
0
LINE
8
BLACK
6
CONTINUOUS
10
50.0285709999999995
20
-62.9033279999999948
11
50.0285709999999995
21
-61.4033279999999948
0
LINE
8
BLACK
6
CONTINUOUS
10
50.0285709999999995
20
-61.4033279999999948
11
50.0314529999999991
21
-61.3740639999999971
0
LINE
8
BLACK
6
CONTINUOUS
10
50.0314529999999991
20
-61.3740639999999971
11
50.0538509999999945
21
-61.3199919999999992
0
LINE
8
BLACK
6
CONTINUOUS
10
50.0538509999999945
20
-61.3199919999999992
11
50.0952349999999953
21
-61.2786079999999984
0
LINE
8
BLACK
6
CONTINUOUS
10
50.0952349999999953
20
-61.2786079999999984
11
50.1493070000000003
21
-61.2562099999999958
0
LINE
8
BLACK
6
CONTINUOUS
10
50.1493070000000003
20
-61.2562099999999958
11
50.178570999999998
21
-61.2533279999999962
0
LINE
8
BLACK
6
CONTINUOUS
10
50.178570999999998
20
-61.2533279999999962
11
50.75
21
-61.2533279999999962
0
LINE
8
BLACK
6
CONTINUOUS
10
50.75
20
-61.2533279999999962
11
50.7792639999999977
21
-61.2562099999999958
0
LINE
8
BLACK
6
CONTINUOUS
10
50.3285709999999966
20
-62.0390419999999949
11
50.7145900000000012
21
-62.0390419999999949
0
LINE
8
BLACK
6
CONTINUOUS
10
50.7145900000000012
20
-62.0390419999999949
11
50.804001999999997
21
-61.994335999999997
0
LINE
8
BLACK
6
CONTINUOUS
10
50.804001999999997
20
-61.994335999999997
11
50.8410069999999976
21
-61.9573309999999964
0
LINE
8
BLACK
6
CONTINUOUS
10
50.8410069999999976
20
-61.9573309999999964
11
50.8857140000000001
21
-61.867917999999996
0
LINE
8
BLACK
6
CONTINUOUS
10
50.8857140000000001
20
-61.867917999999996
11
50.8857140000000001
21
-61.7244509999999948
0
LINE
8
BLACK
6
CONTINUOUS
10
50.8857140000000001
20
-61.7244509999999948
11
50.8410079999999951
21
-61.635038999999999
0
LINE
8
BLACK
6
CONTINUOUS
10
50.8410079999999951
20
-61.635038999999999
11
50.8040039999999991
21
-61.5980349999999959
0
LINE
8
BLACK
6
CONTINUOUS
10
50.8040039999999991
20
-61.5980349999999959
11
50.7145900000000012
21
-61.5533280000000005
0
LINE
8
BLACK
6
CONTINUOUS
10
50.7145900000000012
20
-61.5533280000000005
11
50.3285709999999966
21
-61.5533280000000005
0
LINE
8
BLACK
6
CONTINUOUS
10
50.3285709999999966
20
-61.5533280000000005
11
50.3285709999999966
21
-62.0390419999999949
0
LINE
8
BLACK
6
CONTINUOUS
10
106.7540970000000016
20
-61.2547859999999957
11
106.7580469999999906
21
-61.2545059999999992
0
LINE
8
BLACK
6
CONTINUOUS
10
106.7580469999999906
20
-61.2545059999999992
11
106.7632409999999936
21
-61.2556869999999947
0
LINE
8
BLACK
6
CONTINUOUS
10
106.7632409999999936
20
-61.2556869999999947
11
106.7685499999999905
21
-61.2562099999999958
0
LINE
8
BLACK
6
CONTINUOUS
10
106.7685499999999905
20
-61.2562099999999958
11
106.7722119999999961
21
-61.2577269999999956
0
LINE
8
BLACK
6
CONTINUOUS
10
106.7722119999999961
20
-61.2577269999999956
11
106.7867199999999883
21
-61.261025999999994
0
LINE
8
BLACK
6
CONTINUOUS
10
106.7867199999999883
20
-61.261025999999994
11
107.0010059999999896
21
-61.3324539999999985
0
LINE
8
BLACK
6
CONTINUOUS
10
107.0010059999999896
20
-61.3324539999999985
11
107.0278569999999974
21
-61.3444429999999983
0
LINE
8
BLACK
6
CONTINUOUS
10
107.0278569999999974
20
-61.3444429999999983
11
107.031926999999996
21
-61.3479729999999961
0
LINE
8
BLACK
6
CONTINUOUS
10
107.031926999999996
20
-61.3479729999999961
11
107.0369069999999994
21
-61.3500359999999958
0
LINE
8
BLACK
6
CONTINUOUS
10
107.0369069999999994
20
-61.3500359999999958
11
107.0596379999999925
21
-61.3686909999999983
0
LINE
8
BLACK
6
CONTINUOUS
10
107.0596379999999925
20
-61.3686909999999983
11
107.1310659999999899
21
-61.4401189999999957
0
LINE
8
BLACK
6
CONTINUOUS
10
107.1310659999999899
20
-61.4401189999999957
11
107.1497209999999995
21
-61.4628489999999985
0
LINE
8
BLACK
6
CONTINUOUS
10
107.1497209999999995
20
-61.4628489999999985
11
107.1721170000000001
21
-61.5169219999999939
0
LINE
8
BLACK
6
CONTINUOUS
10
107.1721170000000001
20
-61.5169219999999939
11
107.1721170000000001
21
-61.5754479999999944
0
LINE
8
BLACK
6
CONTINUOUS
10
107.1721170000000001
20
-61.5754479999999944
11
107.1497209999999995
21
-61.6295199999999994
0
LINE
8
BLACK
6
CONTINUOUS
10
107.1497209999999995
20
-61.6295199999999994
11
107.1083349999999967
21
-61.6709059999999951
0
LINE
8
BLACK
6
CONTINUOUS
10
107.1083349999999967
20
-61.6709059999999951
11
107.0542629999999917
21
-61.6933019999999956
0
LINE
8
BLACK
6
CONTINUOUS
10
107.0542629999999917
20
-61.6933019999999956
11
106.9957369999999912
21
-61.6933019999999956
0
LINE
8
BLACK
6
CONTINUOUS
10
106.9957369999999912
20
-61.6933019999999956
11
106.9416639999999887
21
-61.6709059999999951
0
LINE
8
BLACK
6
CONTINUOUS
10
106.9416639999999887
20
-61.6709059999999951
11
106.918933999999993
21
-61.6522509999999997
0
LINE
8
BLACK
6
CONTINUOUS
10
106.918933999999993
20
-61.6522509999999997
11
106.8725439999999907
21
-61.6058609999999973
0
LINE
8
BLACK
6
CONTINUOUS
10
106.8725439999999907
20
-61.6058609999999973
11
106.7149459999999976
21
-61.5533280000000005
0
LINE
8
BLACK
6
CONTINUOUS
10
106.7149459999999976
20
-61.5533280000000005
11
106.6207719999999881
21
-61.5533280000000005
0
LINE
8
BLACK
6
CONTINUOUS
10
106.6207719999999881
20
-61.5533280000000005
11
106.463169999999991
21
-61.6058609999999973
0
LINE
8
BLACK
6
CONTINUOUS
10
106.463169999999991
20
-61.6058609999999973
11
106.3625639999999919
21
-61.7064669999999964
0
LINE
8
BLACK
6
CONTINUOUS
10
106.3625639999999919
20
-61.7064669999999964
11
106.3093829999999969
21
-61.8128269999999986
0
LINE
8
BLACK
6
CONTINUOUS
10
106.3093829999999969
20
-61.8128269999999986
11
106.246428999999992
21
-62.0646479999999983
0
LINE
8
BLACK
6
CONTINUOUS
10
106.246428999999992
20
-62.0646479999999983
11
106.246428999999992
21
-62.2420069999999939
0
LINE
8
BLACK
6
CONTINUOUS
10
106.246428999999992
20
-62.2420069999999939
11
106.3093829999999969
21
-62.4938280000000006
0
LINE
8
BLACK
6
CONTINUOUS
10
106.3093829999999969
20
-62.4938280000000006
11
106.3625639999999919
21
-62.6001879999999957
0
LINE
8
BLACK
6
CONTINUOUS
10
106.3625639999999919
20
-62.6001879999999957
11
106.4631689999999935
21
-62.7007939999999948
0
LINE
8
BLACK
6
CONTINUOUS
10
106.4631689999999935
20
-62.7007939999999948
11
106.6207719999999881
21
-62.7533279999999962
0
LINE
8
BLACK
6
CONTINUOUS
10
106.6207719999999881
20
-62.7533279999999962
11
106.714942999999991
21
-62.7533279999999962
0
LINE
8
BLACK
6
CONTINUOUS
10
106.714942999999991
20
-62.7533279999999962
11
106.8725449999999881
21
-62.7007939999999948
0
LINE
8
BLACK
6
CONTINUOUS
10
106.8725449999999881
20
-62.7007939999999948
11
106.9189329999999956
21
-62.6544059999999945
0
LINE
8
BLACK
6
CONTINUOUS
10
106.9189329999999956
20
-62.6544059999999945
11
106.9416639999999887
21
-62.6357509999999991
0
LINE
8
BLACK
6
CONTINUOUS
10
106.9416639999999887
20
-62.6357509999999991
11
106.9957359999999937
21
-62.613353999999994
0
LINE
8
BLACK
6
CONTINUOUS
10
106.9957359999999937
20
-62.613353999999994
11
107.0542619999999943
21
-62.6133529999999965
0
LINE
8
BLACK
6
CONTINUOUS
10
107.0542619999999943
20
-62.6133529999999965
11
107.1083339999999993
21
-62.6357499999999945
0
LINE
8
BLACK
6
CONTINUOUS
10
107.1083339999999993
20
-62.6357499999999945
11
107.1497200000000021
21
-62.6771349999999998
0
LINE
8
BLACK
6
CONTINUOUS
10
107.1497200000000021
20
-62.6771349999999998
11
107.1721170000000001
21
-62.7312069999999977
0
LINE
8
BLACK
6
CONTINUOUS
10
107.1721170000000001
20
-62.7312069999999977
11
107.1721179999999976
21
-62.7897329999999982
0
LINE
8
BLACK
6
CONTINUOUS
10
107.1721179999999976
20
-62.7897329999999982
11
107.1497209999999995
21
-62.8438059999999936
0
LINE
8
BLACK
6
CONTINUOUS
10
107.1497209999999995
20
-62.8438059999999936
11
107.1310670000000016
21
-62.8665359999999964
0
LINE
8
BLACK
6
CONTINUOUS
10
107.1310670000000016
20
-62.8665359999999964
11
107.05963899999999
21
-62.9379649999999984
0
LINE
8
BLACK
6
CONTINUOUS
10
107.05963899999999
20
-62.9379649999999984
11
107.0369079999999968
21
-62.9566199999999938
0
LINE
8
BLACK
6
CONTINUOUS
10
107.0369079999999968
20
-62.9566199999999938
11
107.0319299999999885
21
-62.9586809999999986
0
LINE
8
BLACK
6
CONTINUOUS
10
107.0319299999999885
20
-62.9586809999999986
11
107.0278569999999974
21
-62.9622150000000005
0
LINE
8
BLACK
6
CONTINUOUS
10
107.0278569999999974
20
-62.9622150000000005
11
107.0010059999999896
21
-62.9742029999999957
0
LINE
8
BLACK
6
CONTINUOUS
10
107.0010059999999896
20
-62.9742029999999957
11
106.7867199999999883
21
-63.0456310000000002
0
LINE
8
BLACK
6
CONTINUOUS
10
106.7867199999999883
20
-63.0456310000000002
11
106.7722069999999945
21
-63.0489299999999986
0
LINE
8
BLACK
6
CONTINUOUS
10
106.7722069999999945
20
-63.0489299999999986
11
106.7685499999999905
21
-63.0504459999999938
0
LINE
8
BLACK
6
CONTINUOUS
10
106.7685499999999905
20
-63.0504459999999938
11
106.7632469999999927
21
-63.0509679999999975
0
LINE
8
BLACK
6
CONTINUOUS
10
106.7632469999999927
20
-63.0509679999999975
11
106.7580459999999931
21
-63.052150999999995
0
LINE
8
BLACK
6
CONTINUOUS
10
106.7580459999999931
20
-63.052150999999995
11
106.7540909999999883
21
-63.0518689999999964
0
LINE
8
BLACK
6
CONTINUOUS
10
106.7540909999999883
20
-63.0518689999999964
11
106.7392859999999928
21
-63.0533280000000005
0
LINE
8
BLACK
6
CONTINUOUS
10
106.7392859999999928
20
-63.0533280000000005
11
106.5964290000000005
21
-63.0533280000000005
0
LINE
8
BLACK
6
CONTINUOUS
10
106.5964290000000005
20
-63.0533280000000005
11
106.5816229999999933
21
-63.0518689999999964
0
LINE
8
BLACK
6
CONTINUOUS
10
106.5816229999999933
20
-63.0518689999999964
11
106.5776690000000002
21
-63.052150999999995
0
LINE
8
BLACK
6
CONTINUOUS
10
106.5776690000000002
20
-63.052150999999995
11
106.572466999999989
21
-63.0509679999999975
0
LINE
8
BLACK
6
CONTINUOUS
10
106.572466999999989
20
-63.0509679999999975
11
106.5671649999999886
21
-63.0504459999999938
0
LINE
8
BLACK
6
CONTINUOUS
10
106.5671649999999886
20
-63.0504459999999938
11
106.5635070000000013
21
-63.0489299999999986
0
LINE
8
BLACK
6
CONTINUOUS
10
106.5635070000000013
20
-63.0489299999999986
11
106.5489949999999908
21
-63.0456310000000002
0
LINE
8
BLACK
6
CONTINUOUS
10
106.5489949999999908
20
-63.0456310000000002
11
106.3347089999999895
21
-62.9742029999999957
0
LINE
8
BLACK
6
CONTINUOUS
10
106.3347089999999895
20
-62.9742029999999957
11
106.307857999999996
21
-62.9622150000000005
0
LINE
8
BLACK
6
CONTINUOUS
10
106.307857999999996
20
-62.9622150000000005
11
106.3037859999999881
21
-62.9586830000000006
0
LINE
8
BLACK
6
CONTINUOUS
10
106.3037859999999881
20
-62.9586830000000006
11
106.2988069999999965
21
-62.9566209999999984
0
LINE
8
BLACK
6
CONTINUOUS
10
106.2988069999999965
20
-62.9566209999999984
11
106.2760770000000008
21
-62.9379659999999959
0
LINE
8
BLACK
6
CONTINUOUS
10
106.2760770000000008
20
-62.9379659999999959
11
106.1332199999999943
21
-62.795107999999999
0
LINE
8
BLACK
6
CONTINUOUS
10
106.1332199999999943
20
-62.795107999999999
11
106.1237799999999964
21
-62.7836059999999989
0
LINE
8
BLACK
6
CONTINUOUS
10
106.1237799999999964
20
-62.7836059999999989
11
106.1207869999999929
21
-62.7810099999999949
0
LINE
8
BLACK
6
CONTINUOUS
10
106.1207869999999929
20
-62.7810099999999949
11
106.1179459999999892
21
-62.7764959999999945
0
LINE
8
BLACK
6
CONTINUOUS
10
106.1179459999999892
20
-62.7764959999999945
11
106.1145649999999989
21
-62.7723769999999988
0
LINE
8
BLACK
6
CONTINUOUS
10
106.1145649999999989
20
-62.7723769999999988
11
106.1130489999999895
21
-62.7687169999999952
0
LINE
8
BLACK
6
CONTINUOUS
10
106.1130489999999895
20
-62.7687169999999952
11
106.1051219999999944
21
-62.7561239999999998
0
LINE
8
BLACK
6
CONTINUOUS
10
106.1051219999999944
20
-62.7561239999999998
11
106.0336929999999995
21
-62.6132670000000005
0
LINE
8
BLACK
6
CONTINUOUS
10
106.0336929999999995
20
-62.6132670000000005
11
106.032872999999995
21
-62.6111259999999987
0
LINE
8
BLACK
6
CONTINUOUS
10
106.032872999999995
20
-62.6111259999999987
11
106.032229000000001
21
-62.6102559999999997
0
LINE
8
BLACK
6
CONTINUOUS
10
106.032229000000001
20
-62.6102559999999997
11
106.0278419999999926
21
-62.5979779999999977
0
LINE
8
BLACK
6
CONTINUOUS
10
106.0278419999999926
20
-62.5979779999999977
11
106.0231840000000005
21
-62.585803999999996
0
LINE
8
BLACK
6
CONTINUOUS
10
106.0231840000000005
20
-62.585803999999996
11
106.023106999999996
21
-62.5847229999999968
0
LINE
8
BLACK
6
CONTINUOUS
10
106.023106999999996
20
-62.5847229999999968
11
106.0223359999999957
21
-62.5825649999999953
0
LINE
8
BLACK
6
CONTINUOUS
10
106.0223359999999957
20
-62.5825649999999953
11
105.9509079999999983
21
-62.2968509999999966
0
LINE
8
BLACK
6
CONTINUOUS
10
105.9509079999999983
20
-62.2968509999999966
11
105.9501580000000018
21
-62.2917789999999982
0
LINE
8
BLACK
6
CONTINUOUS
10
105.9501580000000018
20
-62.2917789999999982
11
105.9493109999999945
21
-62.2897350000000003
0
LINE
8
BLACK
6
CONTINUOUS
10
105.9493109999999945
20
-62.2897350000000003
11
105.9482249999999937
21
-62.2787119999999987
0
LINE
8
BLACK
6
CONTINUOUS
10
105.9482249999999937
20
-62.2787119999999987
11
105.9466059999999885
21
-62.2677619999999976
0
LINE
8
BLACK
6
CONTINUOUS
10
105.9466059999999885
20
-62.2677619999999976
11
105.9469309999999922
21
-62.2655739999999938
0
LINE
8
BLACK
6
CONTINUOUS
10
105.9469309999999922
20
-62.2655739999999938
11
105.9464289999999949
21
-62.2604709999999955
0
LINE
8
BLACK
6
CONTINUOUS
10
105.9464289999999949
20
-62.2604709999999955
11
105.9464289999999949
21
-62.0461849999999941
0
LINE
8
BLACK
6
CONTINUOUS
10
105.9464289999999949
20
-62.0461849999999941
11
105.9469309999999922
21
-62.0410809999999984
0
LINE
8
BLACK
6
CONTINUOUS
10
105.9469309999999922
20
-62.0410809999999984
11
105.9466059999999885
21
-62.0388939999999991
0
LINE
8
BLACK
6
CONTINUOUS
10
105.9466059999999885
20
-62.0388939999999991
11
105.9482249999999937
21
-62.0279430000000005
0
LINE
8
BLACK
6
CONTINUOUS
10
105.9482249999999937
20
-62.0279430000000005
11
105.9493109999999945
21
-62.0169209999999964
0
LINE
8
BLACK
6
CONTINUOUS
10
105.9493109999999945
20
-62.0169209999999964
11
105.9501580000000018
21
-62.0148759999999939
0
LINE
8
BLACK
6
CONTINUOUS
10
105.9501580000000018
20
-62.0148759999999939
11
105.9509079999999983
21
-62.0098050000000001
0
LINE
8
BLACK
6
CONTINUOUS
10
105.9509079999999983
20
-62.0098050000000001
11
106.0223359999999957
21
-61.7240909999999943
0
LINE
8
BLACK
6
CONTINUOUS
10
106.0223359999999957
20
-61.7240909999999943
11
106.023106999999996
21
-61.7219319999999954
0
LINE
8
BLACK
6
CONTINUOUS
10
106.023106999999996
20
-61.7219319999999954
11
106.0231840000000005
21
-61.7208520000000007
0
LINE
8
BLACK
6
CONTINUOUS
10
106.0231840000000005
20
-61.7208520000000007
11
106.0278419999999926
21
-61.7086769999999945
0
LINE
8
BLACK
6
CONTINUOUS
10
106.0278419999999926
20
-61.7086769999999945
11
106.032229000000001
21
-61.696399999999997
0
LINE
8
BLACK
6
CONTINUOUS
10
106.032229000000001
20
-61.696399999999997
11
106.032872999999995
21
-61.6955290000000005
0
LINE
8
BLACK
6
CONTINUOUS
10
106.032872999999995
20
-61.6955290000000005
11
106.0336929999999995
21
-61.6933889999999963
0
LINE
8
BLACK
6
CONTINUOUS
10
106.0336929999999995
20
-61.6933889999999963
11
106.1051219999999944
21
-61.5505319999999969
0
LINE
8
BLACK
6
CONTINUOUS
10
106.1051219999999944
20
-61.5505319999999969
11
106.1130489999999895
21
-61.5379379999999969
0
LINE
8
BLACK
6
CONTINUOUS
10
106.1130489999999895
20
-61.5379379999999969
11
106.1145649999999989
21
-61.5342789999999979
0
LINE
8
BLACK
6
CONTINUOUS
10
106.1145649999999989
20
-61.5342789999999979
11
106.1179459999999892
21
-61.5301589999999976
0
LINE
8
BLACK
6
CONTINUOUS
10
106.1179459999999892
20
-61.5301589999999976
11
106.1207869999999929
21
-61.5256459999999947
0
LINE
8
BLACK
6
CONTINUOUS
10
106.1207869999999929
20
-61.5256459999999947
11
106.1237799999999964
21
-61.5230490000000003
0
LINE
8
BLACK
6
CONTINUOUS
10
106.1237799999999964
20
-61.5230490000000003
11
106.1332199999999943
21
-61.5115479999999977
0
LINE
8
BLACK
6
CONTINUOUS
10
106.1332199999999943
20
-61.5115479999999977
11
106.2760770000000008
21
-61.3686909999999983
0
LINE
8
BLACK
6
CONTINUOUS
10
106.2760770000000008
20
-61.3686909999999983
11
106.2988069999999965
21
-61.3500359999999958
0
LINE
8
BLACK
6
CONTINUOUS
10
106.2988069999999965
20
-61.3500359999999958
11
106.3037879999999973
21
-61.3479719999999986
0
LINE
8
BLACK
6
CONTINUOUS
10
106.3037879999999973
20
-61.3479719999999986
11
106.307857999999996
21
-61.3444429999999983
0
LINE
8
BLACK
6
CONTINUOUS
10
106.307857999999996
20
-61.3444429999999983
11
106.3347089999999895
21
-61.3324549999999959
0
LINE
8
BLACK
6
CONTINUOUS
10
106.3347089999999895
20
-61.3324549999999959
11
106.5489939999999933
21
-61.261025999999994
0
LINE
8
BLACK
6
CONTINUOUS
10
106.5489939999999933
20
-61.261025999999994
11
106.5635029999999972
21
-61.2577259999999981
0
LINE
8
BLACK
6
CONTINUOUS
10
106.5635029999999972
20
-61.2577259999999981
11
106.5671649999999886
21
-61.2562099999999958
0
LINE
8
BLACK
6
CONTINUOUS
10
106.5671649999999886
20
-61.2562099999999958
11
106.5724730000000022
21
-61.2556869999999947
0
LINE
8
BLACK
6
CONTINUOUS
10
106.5724730000000022
20
-61.2556869999999947
11
106.5776679999999885
21
-61.2545059999999992
0
LINE
8
BLACK
6
CONTINUOUS
10
106.5776679999999885
20
-61.2545059999999992
11
106.5816169999999943
21
-61.2547859999999957
0
LINE
8
BLACK
6
CONTINUOUS
10
106.5816169999999943
20
-61.2547859999999957
11
106.5964290000000005
21
-61.2533279999999962
0
LINE
8
BLACK
6
CONTINUOUS
10
106.5964290000000005
20
-61.2533279999999962
11
106.7392859999999928
21
-61.2533279999999962
0
LINE
8
BLACK
6
CONTINUOUS
10
106.7392859999999928
20
-61.2533279999999962
11
106.7540970000000016
21
-61.2547859999999957
0
LINE
8
BLACK
6
CONTINUOUS
10
108.1971209999999957
20
-61.2562099999999958
11
108.2020979999999923
21
-61.2582710000000006
0
LINE
8
BLACK
6
CONTINUOUS
10
108.2020979999999923
20
-61.2582710000000006
11
108.2074759999999998
21
-61.2586539999999999
0
LINE
8
BLACK
6
CONTINUOUS
10
108.2074759999999998
20
-61.2586539999999999
11
108.2349389999999971
21
-61.2691639999999964
0
LINE
8
BLACK
6
CONTINUOUS
10
108.2349389999999971
20
-61.2691639999999964
11
108.377797000000001
21
-61.3405929999999984
0
LINE
8
BLACK
6
CONTINUOUS
10
108.377797000000001
20
-61.3405929999999984
11
108.3903899999999965
21
-61.3485200000000006
0
LINE
8
BLACK
6
CONTINUOUS
10
108.3903899999999965
20
-61.3485200000000006
11
108.3940499999999929
21
-61.3500359999999958
0
LINE
8
BLACK
6
CONTINUOUS
10
108.3940499999999929
20
-61.3500359999999958
11
108.3981689999999958
21
-61.3534170000000003
0
LINE
8
BLACK
6
CONTINUOUS
10
108.3981689999999958
20
-61.3534170000000003
11
108.4026829999999961
21
-61.3562579999999969
0
LINE
8
BLACK
6
CONTINUOUS
10
108.4026829999999961
20
-61.3562579999999969
11
108.4052789999999931
21
-61.3592510000000004
0
LINE
8
BLACK
6
CONTINUOUS
10
108.4052789999999931
20
-61.3592510000000004
11
108.4167810000000003
21
-61.3686909999999983
0
LINE
8
BLACK
6
CONTINUOUS
10
108.4167810000000003
20
-61.3686909999999983
11
108.4882089999999977
21
-61.4401189999999957
0
LINE
8
BLACK
6
CONTINUOUS
10
108.4882089999999977
20
-61.4401189999999957
11
108.4976489999999956
21
-61.4516209999999958
0
LINE
8
BLACK
6
CONTINUOUS
10
108.4976489999999956
20
-61.4516209999999958
11
108.5006419999999991
21
-61.4542169999999999
0
LINE
8
BLACK
6
CONTINUOUS
10
108.5006419999999991
20
-61.4542169999999999
11
108.5034799999999962
21
-61.4587259999999986
0
LINE
8
BLACK
6
CONTINUOUS
10
108.5034799999999962
20
-61.4587259999999986
11
108.5068639999999931
21
-61.4628489999999985
0
LINE
8
BLACK
6
CONTINUOUS
10
108.5068639999999931
20
-61.4628489999999985
11
108.5083799999999883
21
-61.466510999999997
0
LINE
8
BLACK
6
CONTINUOUS
10
108.5083799999999883
20
-61.466510999999997
11
108.5163069999999976
21
-61.4791029999999949
0
LINE
8
BLACK
6
CONTINUOUS
10
108.5163069999999976
20
-61.4791029999999949
11
108.5877359999999925
21
-61.6219589999999968
0
LINE
8
BLACK
6
CONTINUOUS
10
108.5877359999999925
20
-61.6219589999999968
11
108.5982449999999915
21
-61.6494229999999988
0
LINE
8
BLACK
6
CONTINUOUS
10
108.5982449999999915
20
-61.6494229999999988
11
108.5986259999999959
21
-61.654796999999995
0
LINE
8
BLACK
6
CONTINUOUS
10
108.5986259999999959
20
-61.654796999999995
11
108.6006900000000002
21
-61.6597779999999958
0
LINE
8
BLACK
6
CONTINUOUS
10
108.6006900000000002
20
-61.6597779999999958
11
108.6035719999999998
21
-61.6890420000000006
0
LINE
8
BLACK
6
CONTINUOUS
10
108.6035719999999998
20
-61.6890420000000006
11
108.6035719999999998
21
-61.8318999999999974
0
LINE
8
BLACK
6
CONTINUOUS
10
108.6035719999999998
20
-61.8318999999999974
11
108.6021129999999886
21
-61.8467109999999991
0
LINE
8
BLACK
6
CONTINUOUS
10
108.6021129999999886
20
-61.8467109999999991
11
108.6023939999999897
21
-61.8506609999999952
0
LINE
8
BLACK
6
CONTINUOUS
10
108.6023939999999897
20
-61.8506609999999952
11
108.6012119999999896
21
-61.8558549999999983
0
LINE
8
BLACK
6
CONTINUOUS
10
108.6012119999999896
20
-61.8558549999999983
11
108.6006900000000002
21
-61.8611639999999952
0
LINE
8
BLACK
6
CONTINUOUS
10
108.6006900000000002
20
-61.8611639999999952
11
108.5991729999999933
21
-61.8648249999999962
0
LINE
8
BLACK
6
CONTINUOUS
10
108.5991729999999933
20
-61.8648249999999962
11
108.5958739999999949
21
-61.8793349999999975
0
LINE
8
BLACK
6
CONTINUOUS
10
108.5958739999999949
20
-61.8793349999999975
11
108.5244450000000001
21
-62.0936199999999943
0
LINE
8
BLACK
6
CONTINUOUS
10
108.5244450000000001
20
-62.0936199999999943
11
108.5124569999999977
21
-62.1204699999999974
0
LINE
8
BLACK
6
CONTINUOUS
10
108.5124569999999977
20
-62.1204699999999974
11
108.5089269999999999
21
-62.1245389999999986
0
LINE
8
BLACK
6
CONTINUOUS
10
108.5089269999999999
20
-62.1245389999999986
11
108.5068639999999931
21
-62.1295209999999969
0
LINE
8
BLACK
6
CONTINUOUS
10
108.5068639999999931
20
-62.1295209999999969
11
108.4882089999999977
21
-62.1522509999999997
0
LINE
8
BLACK
6
CONTINUOUS
10
108.4882089999999977
20
-62.1522509999999997
11
107.887131999999994
21
-62.7533279999999962
0
LINE
8
BLACK
6
CONTINUOUS
10
107.887131999999994
20
-62.7533279999999962
11
108.4535719999999941
21
-62.7533279999999962
0
LINE
8
BLACK
6
CONTINUOUS
10
108.4535719999999941
20
-62.7533279999999962
11
108.4828359999999918
21
-62.7562099999999958
0
LINE
8
BLACK
6
CONTINUOUS
10
108.4828359999999918
20
-62.7562099999999958
11
108.5369079999999968
21
-62.7786079999999984
0
LINE
8
BLACK
6
CONTINUOUS
10
108.5369079999999968
20
-62.7786079999999984
11
108.5782919999999905
21
-62.8199919999999992
0
LINE
8
BLACK
6
CONTINUOUS
10
108.5782919999999905
20
-62.8199919999999992
11
108.6006900000000002
21
-62.8740639999999971
0
LINE
8
BLACK
6
CONTINUOUS
10
108.6006900000000002
20
-62.8740639999999971
11
108.6006900000000002
21
-62.9325919999999996
0
LINE
8
BLACK
6
CONTINUOUS
10
108.6006900000000002
20
-62.9325919999999996
11
108.5782919999999905
21
-62.9866639999999975
0
LINE
8
BLACK
6
CONTINUOUS
10
108.5782919999999905
20
-62.9866639999999975
11
108.5369079999999968
21
-63.0280479999999983
0
LINE
8
BLACK
6
CONTINUOUS
10
108.5369079999999968
20
-63.0280479999999983
11
108.4828359999999918
21
-63.0504459999999938
0
LINE
8
BLACK
6
CONTINUOUS
10
108.4828359999999918
20
-63.0504459999999938
11
108.4535719999999941
21
-63.0533280000000005
0
LINE
8
BLACK
6
CONTINUOUS
10
108.4535719999999941
20
-63.0533280000000005
11
107.5249999999999915
21
-63.0533280000000005
0
LINE
8
BLACK
6
CONTINUOUS
10
107.5249999999999915
20
-63.0533280000000005
11
107.4957359999999937
21
-63.0504459999999938
0
LINE
8
BLACK
6
CONTINUOUS
10
107.4957359999999937
20
-63.0504459999999938
11
107.4733389999999957
21
-63.041167999999999
0
LINE
8
BLACK
6
CONTINUOUS
10
107.4733389999999957
20
-63.041167999999999
11
107.4416650000000004
21
-63.0280489999999958
0
LINE
8
BLACK
6
CONTINUOUS
10
107.4416650000000004
20
-63.0280489999999958
11
107.4002789999999976
21
-62.9866630000000001
0
LINE
8
BLACK
6
CONTINUOUS
10
107.4002789999999976
20
-62.9866630000000001
11
107.3778819999999996
21
-62.9325909999999951
0
LINE
8
BLACK
6
CONTINUOUS
10
107.3778819999999996
20
-62.9325909999999951
11
107.3778819999999996
21
-62.8740649999999945
0
LINE
8
BLACK
6
CONTINUOUS
10
107.3778819999999996
20
-62.8740649999999945
11
107.3810009999999977
21
-62.8665359999999964
0
LINE
8
BLACK
6
CONTINUOUS
10
107.3810009999999977
20
-62.8665359999999964
11
107.3871589999999969
21
-62.8516669999999991
0
LINE
8
BLACK
6
CONTINUOUS
10
107.3871589999999969
20
-62.8516669999999991
11
107.4002789999999976
21
-62.8199929999999966
0
LINE
8
BLACK
6
CONTINUOUS
10
107.4002789999999976
20
-62.8199929999999966
11
107.418933999999993
21
-62.7972619999999964
0
LINE
8
BLACK
6
CONTINUOUS
10
107.418933999999993
20
-62.7972619999999964
11
108.2510379999999941
21
-61.9651569999999978
0
LINE
8
BLACK
6
CONTINUOUS
10
108.2510379999999941
20
-61.9651569999999978
11
108.3035719999999884
21
-61.8075589999999977
0
LINE
8
BLACK
6
CONTINUOUS
10
108.3035719999999884
20
-61.8075589999999977
11
108.3035719999999884
21
-61.7244519999999994
0
LINE
8
BLACK
6
CONTINUOUS
10
108.3035719999999884
20
-61.7244519999999994
11
108.2588650000000001
21
-61.635038999999999
0
LINE
8
BLACK
6
CONTINUOUS
10
108.2588650000000001
20
-61.635038999999999
11
108.2218609999999899
21
-61.5980349999999959
0
LINE
8
BLACK
6
CONTINUOUS
10
108.2218609999999899
20
-61.5980349999999959
11
108.1324469999999991
21
-61.5533280000000005
0
LINE
8
BLACK
6
CONTINUOUS
10
108.1324469999999991
20
-61.5533280000000005
11
107.8461250000000007
21
-61.5533280000000005
0
LINE
8
BLACK
6
CONTINUOUS
10
107.8461250000000007
20
-61.5533280000000005
11
107.7567109999999957
21
-61.5980349999999959
0
LINE
8
BLACK
6
CONTINUOUS
10
107.7567109999999957
20
-61.5980349999999959
11
107.702494999999999
21
-61.6522509999999997
0
LINE
8
BLACK
6
CONTINUOUS
10
107.702494999999999
20
-61.6522509999999997
11
107.6797639999999916
21
-61.6709059999999951
0
LINE
8
BLACK
6
CONTINUOUS
10
107.6797639999999916
20
-61.6709059999999951
11
107.6256920000000008
21
-61.6933030000000002
0
LINE
8
BLACK
6
CONTINUOUS
10
107.6256920000000008
20
-61.6933030000000002
11
107.5671660000000003
21
-61.6933030000000002
0
LINE
8
BLACK
6
CONTINUOUS
10
107.5671660000000003
20
-61.6933030000000002
11
107.5130939999999953
21
-61.6709059999999951
0
LINE
8
BLACK
6
CONTINUOUS
10
107.5130939999999953
20
-61.6709059999999951
11
107.4717079999999925
21
-61.6295199999999994
0
LINE
8
BLACK
6
CONTINUOUS
10
107.4717079999999925
20
-61.6295199999999994
11
107.4493109999999945
21
-61.5754479999999944
0
LINE
8
BLACK
6
CONTINUOUS
10
107.4493109999999945
20
-61.5754479999999944
11
107.4493109999999945
21
-61.5169219999999939
0
LINE
8
BLACK
6
CONTINUOUS
10
107.4493109999999945
20
-61.5169219999999939
11
107.4717079999999925
21
-61.462849999999996
0
LINE
8
BLACK
6
CONTINUOUS
10
107.4717079999999925
20
-61.462849999999996
11
107.4903630000000021
21
-61.4401189999999957
0
LINE
8
BLACK
6
CONTINUOUS
10
107.4903630000000021
20
-61.4401189999999957
11
107.5617909999999995
21
-61.3686909999999983
0
LINE
8
BLACK
6
CONTINUOUS
10
107.5617909999999995
20
-61.3686909999999983
11
107.5732929999999925
21
-61.3592499999999959
0
LINE
8
BLACK
6
CONTINUOUS
10
107.5732929999999925
20
-61.3592499999999959
11
107.5758889999999894
21
-61.3562579999999969
0
LINE
8
BLACK
6
CONTINUOUS
10
107.5758889999999894
20
-61.3562579999999969
11
107.5803979999999882
21
-61.3534189999999953
0
LINE
8
BLACK
6
CONTINUOUS
10
107.5803979999999882
20
-61.3534189999999953
11
107.5845209999999952
21
-61.3500359999999958
0
LINE
8
BLACK
6
CONTINUOUS
10
107.5845209999999952
20
-61.3500359999999958
11
107.5881830000000008
21
-61.348518999999996
0
LINE
8
BLACK
6
CONTINUOUS
10
107.5881830000000008
20
-61.348518999999996
11
107.6007749999999987
21
-61.3405929999999984
0
LINE
8
BLACK
6
CONTINUOUS
10
107.6007749999999987
20
-61.3405929999999984
11
107.7436329999999884
21
-61.2691639999999964
0
LINE
8
BLACK
6
CONTINUOUS
10
107.7436329999999884
20
-61.2691639999999964
11
107.771096
21
-61.2586539999999999
0
LINE
8
BLACK
6
CONTINUOUS
10
107.771096
20
-61.2586539999999999
11
107.7764729999999957
21
-61.2582710000000006
0
LINE
8
BLACK
6
CONTINUOUS
10
107.7764729999999957
20
-61.2582710000000006
11
107.7814509999999899
21
-61.2562099999999958
0
LINE
8
BLACK
6
CONTINUOUS
10
107.7814509999999899
20
-61.2562099999999958
11
107.8107150000000019
21
-61.2533279999999962
0
LINE
8
BLACK
6
CONTINUOUS
10
107.8107150000000019
20
-61.2533279999999962
11
108.1678569999999979
21
-61.2533279999999962
0
LINE
8
BLACK
6
CONTINUOUS
10
108.1678569999999979
20
-61.2533279999999962
11
108.1971209999999957
21
-61.2562099999999958
0
LINE
8
BLACK
6
CONTINUOUS
10
62.4222279999999969
20
-61.2344480000000004
11
62.5671169999999961
21
-61.2944630000000004
0
LINE
8
BLACK
6
CONTINUOUS
10
62.5671169999999961
20
-61.2944630000000004
11
62.6975149999999957
21
-61.3815919999999977
0
LINE
8
BLACK
6
CONTINUOUS
10
62.6975149999999957
20
-61.3815919999999977
11
62.808408
21
-61.492484999999995
0
LINE
8
BLACK
6
CONTINUOUS
10
62.808408
20
-61.492484999999995
11
62.8955369999999974
21
-61.6228829999999945
0
LINE
8
BLACK
6
CONTINUOUS
10
62.8955369999999974
20
-61.6228829999999945
11
62.9555519999999973
21
-61.7677719999999937
0
LINE
8
BLACK
6
CONTINUOUS
10
62.9555519999999973
20
-61.7677719999999937
11
62.986148
21
-61.9215859999999978
0
LINE
8
BLACK
6
CONTINUOUS
10
62.986148
20
-61.9215859999999978
11
62.986148
21
-62.0784139999999951
0
LINE
8
BLACK
6
CONTINUOUS
10
62.986148
20
-62.0784139999999951
11
62.9555519999999973
21
-62.2322279999999992
0
LINE
8
BLACK
6
CONTINUOUS
10
62.9555519999999973
20
-62.2322279999999992
11
62.8955369999999974
21
-62.3771169999999984
0
LINE
8
BLACK
6
CONTINUOUS
10
62.8955369999999974
20
-62.3771169999999984
11
62.808408
21
-62.5075149999999979
0
LINE
8
BLACK
6
CONTINUOUS
10
62.808408
20
-62.5075149999999979
11
62.6975149999999957
21
-62.6184079999999952
0
LINE
8
BLACK
6
CONTINUOUS
10
62.6975149999999957
20
-62.6184079999999952
11
62.5671169999999961
21
-62.7055369999999996
0
LINE
8
BLACK
6
CONTINUOUS
10
62.5671169999999961
20
-62.7055369999999996
11
62.4222279999999969
21
-62.7655519999999996
0
LINE
8
BLACK
6
CONTINUOUS
10
62.4222279999999969
20
-62.7655519999999996
11
62.2684139999999999
21
-62.7961479999999952
0
LINE
8
BLACK
6
CONTINUOUS
10
62.2684139999999999
20
-62.7961479999999952
11
62.1115859999999955
21
-62.7961479999999952
0
LINE
8
BLACK
6
CONTINUOUS
10
62.1115859999999955
20
-62.7961479999999952
11
61.9577719999999985
21
-62.7655519999999996
0
LINE
8
BLACK
6
CONTINUOUS
10
61.9577719999999985
20
-62.7655519999999996
11
61.8128829999999994
21
-62.7055369999999996
0
LINE
8
BLACK
6
CONTINUOUS
10
61.8128829999999994
20
-62.7055369999999996
11
61.6824849999999998
21
-62.6184079999999952
0
LINE
8
BLACK
6
CONTINUOUS
10
61.6824849999999998
20
-62.6184079999999952
11
61.5715919999999954
21
-62.5075149999999979
0
LINE
8
BLACK
6
CONTINUOUS
10
61.5715919999999954
20
-62.5075149999999979
11
61.4844629999999981
21
-62.3771169999999984
0
LINE
8
BLACK
6
CONTINUOUS
10
61.4844629999999981
20
-62.3771169999999984
11
61.4244479999999982
21
-62.2322279999999992
0
LINE
8
BLACK
6
CONTINUOUS
10
61.4244479999999982
20
-62.2322279999999992
11
61.3938519999999954
21
-62.0784139999999951
0
LINE
8
BLACK
6
CONTINUOUS
10
61.3938519999999954
20
-62.0784139999999951
11
61.3938519999999954
21
-61.9215859999999978
0
LINE
8
BLACK
6
CONTINUOUS
10
61.3938519999999954
20
-61.9215859999999978
11
61.4244479999999982
21
-61.7677719999999937
0
LINE
8
BLACK
6
CONTINUOUS
10
61.4244479999999982
20
-61.7677719999999937
11
61.4844629999999981
21
-61.6228829999999945
0
LINE
8
BLACK
6
CONTINUOUS
10
61.4844629999999981
20
-61.6228829999999945
11
61.5715919999999954
21
-61.492484999999995
0
LINE
8
BLACK
6
CONTINUOUS
10
61.5715919999999954
20
-61.492484999999995
11
61.6824849999999998
21
-61.3815919999999977
0
LINE
8
BLACK
6
CONTINUOUS
10
61.6824849999999998
20
-61.3815919999999977
11
61.8128829999999994
21
-61.2944630000000004
0
LINE
8
BLACK
6
CONTINUOUS
10
61.8128829999999994
20
-61.2944630000000004
11
61.9577719999999985
21
-61.2344480000000004
0
LINE
8
BLACK
6
CONTINUOUS
10
61.9577719999999985
20
-61.2344480000000004
11
62.1115859999999955
21
-61.2038519999999977
0
LINE
8
BLACK
6
CONTINUOUS
10
62.1115859999999955
20
-61.2038519999999977
11
62.2684139999999999
21
-61.2038519999999977
0
LINE
8
BLACK
6
CONTINUOUS
10
62.2684139999999999
20
-61.2038519999999977
11
62.4222279999999969
21
-61.2344480000000004
0
LINE
8
BLACK
6
CONTINUOUS
10
70.0422279999999944
20
-61.2344480000000004
11
70.1871170000000006
21
-61.2944630000000004
0
LINE
8
BLACK
6
CONTINUOUS
10
70.1871170000000006
20
-61.2944630000000004
11
70.3175150000000002
21
-61.3815919999999977
0
LINE
8
BLACK
6
CONTINUOUS
10
70.3175150000000002
20
-61.3815919999999977
11
70.4284079999999904
21
-61.492484999999995
0
LINE
8
BLACK
6
CONTINUOUS
10
70.4284079999999904
20
-61.492484999999995
11
70.5155369999999948
21
-61.6228829999999945
0
LINE
8
BLACK
6
CONTINUOUS
10
70.5155369999999948
20
-61.6228829999999945
11
70.5755520000000018
21
-61.7677719999999937
0
LINE
8
BLACK
6
CONTINUOUS
10
70.5755520000000018
20
-61.7677719999999937
11
70.6061479999999904
21
-61.9215859999999978
0
LINE
8
BLACK
6
CONTINUOUS
10
70.6061479999999904
20
-61.9215859999999978
11
70.6061479999999904
21
-62.0784139999999951
0
LINE
8
BLACK
6
CONTINUOUS
10
70.6061479999999904
20
-62.0784139999999951
11
70.5755520000000018
21
-62.2322279999999992
0
LINE
8
BLACK
6
CONTINUOUS
10
70.5755520000000018
20
-62.2322279999999992
11
70.5155369999999948
21
-62.3771169999999984
0
LINE
8
BLACK
6
CONTINUOUS
10
70.5155369999999948
20
-62.3771169999999984
11
70.4284079999999904
21
-62.5075149999999979
0
LINE
8
BLACK
6
CONTINUOUS
10
70.4284079999999904
20
-62.5075149999999979
11
70.3175150000000002
21
-62.6184079999999952
0
LINE
8
BLACK
6
CONTINUOUS
10
70.3175150000000002
20
-62.6184079999999952
11
70.1871170000000006
21
-62.7055369999999996
0
LINE
8
BLACK
6
CONTINUOUS
10
70.1871170000000006
20
-62.7055369999999996
11
70.0422279999999944
21
-62.7655519999999996
0
LINE
8
BLACK
6
CONTINUOUS
10
70.0422279999999944
20
-62.7655519999999996
11
69.8884139999999974
21
-62.7961479999999952
0
LINE
8
BLACK
6
CONTINUOUS
10
69.8884139999999974
20
-62.7961479999999952
11
69.731585999999993
21
-62.7961479999999952
0
LINE
8
BLACK
6
CONTINUOUS
10
69.731585999999993
20
-62.7961479999999952
11
69.577771999999996
21
-62.7655519999999996
0
LINE
8
BLACK
6
CONTINUOUS
10
69.577771999999996
20
-62.7655519999999996
11
69.4328830000000039
21
-62.7055369999999996
0
LINE
8
BLACK
6
CONTINUOUS
10
69.4328830000000039
20
-62.7055369999999996
11
69.3024849999999901
21
-62.6184079999999952
0
LINE
8
BLACK
6
CONTINUOUS
10
69.3024849999999901
20
-62.6184079999999952
11
69.191592
21
-62.5075149999999979
0
LINE
8
BLACK
6
CONTINUOUS
10
69.191592
20
-62.5075149999999979
11
69.1044629999999955
21
-62.3771169999999984
0
LINE
8
BLACK
6
CONTINUOUS
10
69.1044629999999955
20
-62.3771169999999984
11
69.0444480000000027
21
-62.2322279999999992
0
LINE
8
BLACK
6
CONTINUOUS
10
69.0444480000000027
20
-62.2322279999999992
11
69.013852
21
-62.0784139999999951
0
LINE
8
BLACK
6
CONTINUOUS
10
69.013852
20
-62.0784139999999951
11
69.013852
21
-61.9215859999999978
0
LINE
8
BLACK
6
CONTINUOUS
10
69.013852
20
-61.9215859999999978
11
69.0444480000000027
21
-61.7677719999999937
0
LINE
8
BLACK
6
CONTINUOUS
10
69.0444480000000027
20
-61.7677719999999937
11
69.1044629999999955
21
-61.6228829999999945
0
LINE
8
BLACK
6
CONTINUOUS
10
69.1044629999999955
20
-61.6228829999999945
11
69.191592
21
-61.492484999999995
0
LINE
8
BLACK
6
CONTINUOUS
10
69.191592
20
-61.492484999999995
11
69.3024849999999901
21
-61.3815919999999977
0
LINE
8
BLACK
6
CONTINUOUS
10
69.3024849999999901
20
-61.3815919999999977
11
69.4328830000000039
21
-61.2944630000000004
0
LINE
8
BLACK
6
CONTINUOUS
10
69.4328830000000039
20
-61.2944630000000004
11
69.577771999999996
21
-61.2344480000000004
0
LINE
8
BLACK
6
CONTINUOUS
10
69.577771999999996
20
-61.2344480000000004
11
69.731585999999993
21
-61.2038519999999977
0
LINE
8
BLACK
6
CONTINUOUS
10
69.731585999999993
20
-61.2038519999999977
11
69.8884139999999974
21
-61.2038519999999977
0
LINE
8
BLACK
6
CONTINUOUS
10
69.8884139999999974
20
-61.2038519999999977
11
70.0422279999999944
21
-61.2344480000000004
0
LINE
8
BLACK
6
CONTINUOUS
10
32.8101679999999973
20
-54.541444999999996
11
33.0340249999999997
21
-54.614180999999995
0
LINE
8
BLACK
6
CONTINUOUS
10
33.0340249999999997
20
-54.614180999999995
11
33.2437479999999965
21
-54.721039999999995
0
LINE
8
BLACK
6
CONTINUOUS
10
33.2437479999999965
20
-54.721039999999995
11
33.4341719999999967
21
-54.8593909999999951
0
LINE
8
BLACK
6
CONTINUOUS
10
33.4341719999999967
20
-54.8593909999999951
11
33.6006089999999986
21
-55.0258279999999971
0
LINE
8
BLACK
6
CONTINUOUS
10
33.6006089999999986
20
-55.0258279999999971
11
33.7389599999999987
21
-55.2162519999999972
0
LINE
8
BLACK
6
CONTINUOUS
10
33.7389599999999987
20
-55.2162519999999972
11
33.8458189999999988
21
-55.425974999999994
0
LINE
8
BLACK
6
CONTINUOUS
10
33.8458189999999988
20
-55.425974999999994
11
33.9185549999999978
21
-55.6498319999999964
0
LINE
8
BLACK
6
CONTINUOUS
10
33.9185549999999978
20
-55.6498319999999964
11
33.9553760000000011
21
-55.8823109999999943
0
LINE
8
BLACK
6
CONTINUOUS
10
33.9553760000000011
20
-55.8823109999999943
11
33.9553760000000011
21
-56.1176889999999986
0
LINE
8
BLACK
6
CONTINUOUS
10
33.9553760000000011
20
-56.1176889999999986
11
33.9185549999999978
21
-56.3501679999999965
0
LINE
8
BLACK
6
CONTINUOUS
10
33.9185549999999978
20
-56.3501679999999965
11
33.8458189999999988
21
-56.5740249999999989
0
LINE
8
BLACK
6
CONTINUOUS
10
33.8458189999999988
20
-56.5740249999999989
11
33.7389599999999987
21
-56.7837479999999957
0
LINE
8
BLACK
6
CONTINUOUS
10
33.7389599999999987
20
-56.7837479999999957
11
33.6006089999999986
21
-56.9741719999999958
0
LINE
8
BLACK
6
CONTINUOUS
10
33.6006089999999986
20
-56.9741719999999958
11
33.4341719999999967
21
-57.1406089999999978
0
LINE
8
BLACK
6
CONTINUOUS
10
33.4341719999999967
20
-57.1406089999999978
11
33.2437479999999965
21
-57.2789599999999979
0
LINE
8
BLACK
6
CONTINUOUS
10
33.2437479999999965
20
-57.2789599999999979
11
33.0340249999999997
21
-57.3858189999999979
0
LINE
8
BLACK
6
CONTINUOUS
10
33.0340249999999997
20
-57.3858189999999979
11
32.8101679999999973
21
-57.4585549999999969
0
LINE
8
BLACK
6
CONTINUOUS
10
32.8101679999999973
20
-57.4585549999999969
11
32.5776889999999995
21
-57.4953760000000003
0
LINE
8
BLACK
6
CONTINUOUS
10
32.5776889999999995
20
-57.4953760000000003
11
32.3423109999999951
21
-57.4953760000000003
0
LINE
8
BLACK
6
CONTINUOUS
10
32.3423109999999951
20
-57.4953760000000003
11
32.1098319999999973
21
-57.4585549999999969
0
LINE
8
BLACK
6
CONTINUOUS
10
32.1098319999999973
20
-57.4585549999999969
11
31.8859749999999984
21
-57.3858189999999979
0
LINE
8
BLACK
6
CONTINUOUS
10
31.8859749999999984
20
-57.3858189999999979
11
31.6762519999999981
21
-57.2789599999999979
0
LINE
8
BLACK
6
CONTINUOUS
10
31.6762519999999981
20
-57.2789599999999979
11
31.4858279999999979
21
-57.1406089999999978
0
LINE
8
BLACK
6
CONTINUOUS
10
31.4858279999999979
20
-57.1406089999999978
11
31.3193909999999995
21
-56.9741719999999958
0
LINE
8
BLACK
6
CONTINUOUS
10
31.3193909999999995
20
-56.9741719999999958
11
31.1810399999999994
21
-56.7837479999999957
0
LINE
8
BLACK
6
CONTINUOUS
10
31.1810399999999994
20
-56.7837479999999957
11
31.0741809999999994
21
-56.5740249999999989
0
LINE
8
BLACK
6
CONTINUOUS
10
31.0741809999999994
20
-56.5740249999999989
11
31.0014450000000004
21
-56.3501679999999965
0
LINE
8
BLACK
6
CONTINUOUS
10
31.0014450000000004
20
-56.3501679999999965
11
30.964623999999997
21
-56.1176889999999986
0
LINE
8
BLACK
6
CONTINUOUS
10
30.964623999999997
20
-56.1176889999999986
11
30.964623999999997
21
-55.8823109999999943
0
LINE
8
BLACK
6
CONTINUOUS
10
30.964623999999997
20
-55.8823109999999943
11
31.0014450000000004
21
-55.6498319999999964
0
LINE
8
BLACK
6
CONTINUOUS
10
31.0014450000000004
20
-55.6498319999999964
11
31.0741809999999994
21
-55.425974999999994
0
LINE
8
BLACK
6
CONTINUOUS
10
31.0741809999999994
20
-55.425974999999994
11
31.1810399999999994
21
-55.2162519999999972
0
LINE
8
BLACK
6
CONTINUOUS
10
31.1810399999999994
20
-55.2162519999999972
11
31.3193909999999995
21
-55.0258279999999971
0
LINE
8
BLACK
6
CONTINUOUS
10
31.3193909999999995
20
-55.0258279999999971
11
31.4858279999999979
21
-54.8593909999999951
0
LINE
8
BLACK
6
CONTINUOUS
10
31.4858279999999979
20
-54.8593909999999951
11
31.6762519999999981
21
-54.721039999999995
0
LINE
8
BLACK
6
CONTINUOUS
10
31.6762519999999981
20
-54.721039999999995
11
31.8859749999999984
21
-54.614180999999995
0
LINE
8
BLACK
6
CONTINUOUS
10
31.8859749999999984
20
-54.614180999999995
11
32.1098319999999973
21
-54.541444999999996
0
LINE
8
BLACK
6
CONTINUOUS
10
32.1098319999999973
20
-54.541444999999996
11
32.3423109999999951
21
-54.5046239999999997
0
LINE
8
BLACK
6
CONTINUOUS
10
32.3423109999999951
20
-54.5046239999999997
11
32.5776889999999995
21
-54.5046239999999997
0
LINE
8
BLACK
6
CONTINUOUS
10
32.5776889999999995
20
-54.5046239999999997
11
32.8101679999999973
21
-54.541444999999996
0
LINE
8
BLACK
6
CONTINUOUS
10
27.6083359999999978
20
-55.053607999999997
11
27.6497199999999985
21
-55.0949919999999977
0
LINE
8
BLACK
6
CONTINUOUS
10
27.6497199999999985
20
-55.0949919999999977
11
27.6721179999999976
21
-55.1490639999999956
0
LINE
8
BLACK
6
CONTINUOUS
10
27.6721179999999976
20
-55.1490639999999956
11
27.6749999999999972
21
-55.1783280000000005
0
LINE
8
BLACK
6
CONTINUOUS
10
27.6749999999999972
20
-55.1783280000000005
11
27.6749999999999972
21
-56.2497569999999953
0
LINE
8
BLACK
6
CONTINUOUS
10
27.6749999999999972
20
-56.2497569999999953
11
27.6735410000000002
21
-56.264567999999997
0
LINE
8
BLACK
6
CONTINUOUS
10
27.6735410000000002
20
-56.264567999999997
11
27.6738219999999977
21
-56.2685180000000003
0
LINE
8
BLACK
6
CONTINUOUS
10
27.6738219999999977
20
-56.2685180000000003
11
27.6726399999999977
21
-56.2737119999999962
0
LINE
8
BLACK
6
CONTINUOUS
10
27.6726399999999977
20
-56.2737119999999962
11
27.6721179999999976
21
-56.2790210000000002
0
LINE
8
BLACK
6
CONTINUOUS
10
27.6721179999999976
20
-56.2790210000000002
11
27.6706009999999978
21
-56.2826819999999941
0
LINE
8
BLACK
6
CONTINUOUS
10
27.6706009999999978
20
-56.2826819999999941
11
27.6673019999999994
21
-56.2971919999999955
0
LINE
8
BLACK
6
CONTINUOUS
10
27.6673019999999994
20
-56.2971919999999955
11
27.5958729999999974
21
-56.5114769999999993
0
LINE
8
BLACK
6
CONTINUOUS
10
27.5958729999999974
20
-56.5114769999999993
11
27.5838849999999987
21
-56.5383269999999953
0
LINE
8
BLACK
6
CONTINUOUS
10
27.5838849999999987
20
-56.5383269999999953
11
27.5803539999999998
21
-56.542396999999994
0
LINE
8
BLACK
6
CONTINUOUS
10
27.5803539999999998
20
-56.542396999999994
11
27.5782919999999976
21
-56.5473769999999973
0
LINE
8
BLACK
6
CONTINUOUS
10
27.5782919999999976
20
-56.5473769999999973
11
27.5596369999999986
21
-56.5701079999999976
0
LINE
8
BLACK
6
CONTINUOUS
10
27.5596369999999986
20
-56.5701079999999976
11
27.4167799999999993
21
-56.7129659999999944
0
LINE
8
BLACK
6
CONTINUOUS
10
27.4167799999999993
20
-56.7129659999999944
11
27.39405
21
-56.731620999999997
0
LINE
8
BLACK
6
CONTINUOUS
10
27.39405
20
-56.731620999999997
11
27.3890700000000002
21
-56.7336829999999992
0
LINE
8
BLACK
6
CONTINUOUS
10
27.3890700000000002
20
-56.7336829999999992
11
27.3849990000000005
21
-56.7372149999999991
0
LINE
8
BLACK
6
CONTINUOUS
10
27.3849990000000005
20
-56.7372149999999991
11
27.3581479999999999
21
-56.7492029999999943
0
LINE
8
BLACK
6
CONTINUOUS
10
27.3581479999999999
20
-56.7492029999999943
11
27.1438619999999986
21
-56.8206309999999988
0
LINE
8
BLACK
6
CONTINUOUS
10
27.1438619999999986
20
-56.8206309999999988
11
27.1293489999999977
21
-56.8239299999999972
0
LINE
8
BLACK
6
CONTINUOUS
10
27.1293489999999977
20
-56.8239299999999972
11
27.1256919999999973
21
-56.8254459999999995
0
LINE
8
BLACK
6
CONTINUOUS
10
27.1256919999999973
20
-56.8254459999999995
11
27.1203889999999994
21
-56.825967999999996
0
LINE
8
BLACK
6
CONTINUOUS
10
27.1203889999999994
20
-56.825967999999996
11
27.1151879999999998
21
-56.8271510000000006
0
LINE
8
BLACK
6
CONTINUOUS
10
27.1151879999999998
20
-56.8271510000000006
11
27.1112329999999986
21
-56.826868999999995
0
LINE
8
BLACK
6
CONTINUOUS
10
27.1112329999999986
20
-56.826868999999995
11
27.0964279999999995
21
-56.8283279999999991
0
LINE
8
BLACK
6
CONTINUOUS
10
27.0964279999999995
20
-56.8283279999999991
11
26.9535710000000002
21
-56.8283279999999991
0
LINE
8
BLACK
6
CONTINUOUS
10
26.9535710000000002
20
-56.8283279999999991
11
26.9243069999999989
21
-56.8254459999999995
0
LINE
8
BLACK
6
CONTINUOUS
10
26.9243069999999989
20
-56.8254459999999995
11
26.8702349999999974
21
-56.8030479999999969
0
LINE
8
BLACK
6
CONTINUOUS
10
26.8702349999999974
20
-56.8030479999999969
11
26.8288510000000002
21
-56.7616639999999961
0
LINE
8
BLACK
6
CONTINUOUS
10
26.8288510000000002
20
-56.7616639999999961
11
26.8064529999999976
21
-56.7075919999999982
0
LINE
8
BLACK
6
CONTINUOUS
10
26.8064529999999976
20
-56.7075919999999982
11
26.8064529999999976
21
-56.6490639999999956
0
LINE
8
BLACK
6
CONTINUOUS
10
26.8064529999999976
20
-56.6490639999999956
11
26.8288510000000002
21
-56.5949919999999977
0
LINE
8
BLACK
6
CONTINUOUS
10
26.8288510000000002
20
-56.5949919999999977
11
26.8702349999999974
21
-56.553607999999997
0
LINE
8
BLACK
6
CONTINUOUS
10
26.8702349999999974
20
-56.553607999999997
11
26.9243069999999989
21
-56.5312099999999944
0
LINE
8
BLACK
6
CONTINUOUS
10
26.9243069999999989
20
-56.5312099999999944
11
26.9535710000000002
21
-56.5283279999999948
0
LINE
8
BLACK
6
CONTINUOUS
10
26.9535710000000002
20
-56.5283279999999948
11
27.0720849999999977
21
-56.5283279999999948
0
LINE
8
BLACK
6
CONTINUOUS
10
27.0720849999999977
20
-56.5283279999999948
11
27.2296869999999984
21
-56.4757940000000005
0
LINE
8
BLACK
6
CONTINUOUS
10
27.2296869999999984
20
-56.4757940000000005
11
27.3224659999999986
21
-56.3830139999999957
0
LINE
8
BLACK
6
CONTINUOUS
10
27.3224659999999986
20
-56.3830139999999957
11
27.375
21
-56.2254159999999956
0
LINE
8
BLACK
6
CONTINUOUS
10
27.375
20
-56.2254159999999956
11
27.375
21
-55.1783280000000005
0
LINE
8
BLACK
6
CONTINUOUS
10
27.375
20
-55.1783280000000005
11
27.3778819999999996
21
-55.1490639999999956
0
LINE
8
BLACK
6
CONTINUOUS
10
27.3778819999999996
20
-55.1490639999999956
11
27.4002799999999986
21
-55.0949919999999977
0
LINE
8
BLACK
6
CONTINUOUS
10
27.4002799999999986
20
-55.0949919999999977
11
27.4416639999999994
21
-55.053607999999997
0
LINE
8
BLACK
6
CONTINUOUS
10
27.4416639999999994
20
-55.053607999999997
11
27.4957359999999973
21
-55.0312099999999944
0
LINE
8
BLACK
6
CONTINUOUS
10
27.4957359999999973
20
-55.0312099999999944
11
27.5542639999999999
21
-55.0312099999999944
0
LINE
8
BLACK
6
CONTINUOUS
10
27.5542639999999999
20
-55.0312099999999944
11
27.6083359999999978
21
-55.053607999999997
0
LINE
8
BLACK
6
CONTINUOUS
10
28.7685490000000001
20
-55.0312099999999944
11
28.7735260000000004
21
-55.0332709999999992
0
LINE
8
BLACK
6
CONTINUOUS
10
28.7735260000000004
20
-55.0332709999999992
11
28.7789039999999972
21
-55.0336539999999985
0
LINE
8
BLACK
6
CONTINUOUS
10
28.7789039999999972
20
-55.0336539999999985
11
28.8063669999999981
21
-55.044163999999995
0
LINE
8
BLACK
6
CONTINUOUS
10
28.8063669999999981
20
-55.044163999999995
11
28.9492249999999984
21
-55.1155929999999969
0
LINE
8
BLACK
6
CONTINUOUS
10
28.9492249999999984
20
-55.1155929999999969
11
28.9618179999999974
21
-55.1235199999999992
0
LINE
8
BLACK
6
CONTINUOUS
10
28.9618179999999974
20
-55.1235199999999992
11
28.9654779999999974
21
-55.1250359999999944
0
LINE
8
BLACK
6
CONTINUOUS
10
28.9654779999999974
20
-55.1250359999999944
11
28.9695970000000003
21
-55.1284169999999989
0
LINE
8
BLACK
6
CONTINUOUS
10
28.9695970000000003
20
-55.1284169999999989
11
28.9741109999999971
21
-55.1312579999999954
0
LINE
8
BLACK
6
CONTINUOUS
10
28.9741109999999971
20
-55.1312579999999954
11
28.9767069999999975
21
-55.134250999999999
0
LINE
8
BLACK
6
CONTINUOUS
10
28.9767069999999975
20
-55.134250999999999
11
28.9882089999999977
21
-55.1436909999999969
0
LINE
8
BLACK
6
CONTINUOUS
10
28.9882089999999977
20
-55.1436909999999969
11
29.0596369999999986
21
-55.2151189999999943
0
LINE
8
BLACK
6
CONTINUOUS
10
29.0596369999999986
20
-55.2151189999999943
11
29.0690770000000001
21
-55.2266209999999944
0
LINE
8
BLACK
6
CONTINUOUS
10
29.0690770000000001
20
-55.2266209999999944
11
29.0720700000000001
21
-55.2292169999999984
0
LINE
8
BLACK
6
CONTINUOUS
10
29.0720700000000001
20
-55.2292169999999984
11
29.0749079999999971
21
-55.2337259999999972
0
LINE
8
BLACK
6
CONTINUOUS
10
29.0749079999999971
20
-55.2337259999999972
11
29.0782919999999976
21
-55.2378489999999971
0
LINE
8
BLACK
6
CONTINUOUS
10
29.0782919999999976
20
-55.2378489999999971
11
29.0798079999999999
21
-55.2415109999999956
0
LINE
8
BLACK
6
CONTINUOUS
10
29.0798079999999999
20
-55.2415109999999956
11
29.0877349999999986
21
-55.2541030000000006
0
LINE
8
BLACK
6
CONTINUOUS
10
29.0877349999999986
20
-55.2541030000000006
11
29.159163999999997
21
-55.3969589999999954
0
LINE
8
BLACK
6
CONTINUOUS
10
29.159163999999997
20
-55.3969589999999954
11
29.1696729999999995
21
-55.4244229999999973
0
LINE
8
BLACK
6
CONTINUOUS
10
29.1696729999999995
20
-55.4244229999999973
11
29.1700540000000004
21
-55.4297970000000007
0
LINE
8
BLACK
6
CONTINUOUS
10
29.1700540000000004
20
-55.4297970000000007
11
29.1721179999999976
21
-55.4347779999999943
0
LINE
8
BLACK
6
CONTINUOUS
10
29.1721179999999976
20
-55.4347779999999943
11
29.1749999999999972
21
-55.4640419999999992
0
LINE
8
BLACK
6
CONTINUOUS
10
29.1749999999999972
20
-55.4640419999999992
11
29.1749999999999972
21
-55.606899999999996
0
LINE
8
BLACK
6
CONTINUOUS
10
29.1749999999999972
20
-55.606899999999996
11
29.1735410000000002
21
-55.6217109999999977
0
LINE
8
BLACK
6
CONTINUOUS
10
29.1735410000000002
20
-55.6217109999999977
11
29.1738219999999977
21
-55.6256610000000009
0
LINE
8
BLACK
6
CONTINUOUS
10
29.1738219999999977
20
-55.6256610000000009
11
29.1726399999999977
21
-55.6308549999999968
0
LINE
8
BLACK
6
CONTINUOUS
10
29.1726399999999977
20
-55.6308549999999968
11
29.1721179999999976
21
-55.6361640000000008
0
LINE
8
BLACK
6
CONTINUOUS
10
29.1721179999999976
20
-55.6361640000000008
11
29.1706009999999978
21
-55.6398249999999948
0
LINE
8
BLACK
6
CONTINUOUS
10
29.1706009999999978
20
-55.6398249999999948
11
29.1673019999999994
21
-55.6543349999999961
0
LINE
8
BLACK
6
CONTINUOUS
10
29.1673019999999994
20
-55.6543349999999961
11
29.0958729999999974
21
-55.8686199999999999
0
LINE
8
BLACK
6
CONTINUOUS
10
29.0958729999999974
20
-55.8686199999999999
11
29.0838849999999987
21
-55.895469999999996
0
LINE
8
BLACK
6
CONTINUOUS
10
29.0838849999999987
20
-55.895469999999996
11
29.0803549999999973
21
-55.8995389999999972
0
LINE
8
BLACK
6
CONTINUOUS
10
29.0803549999999973
20
-55.8995389999999972
11
29.0782919999999976
21
-55.9045209999999955
0
LINE
8
BLACK
6
CONTINUOUS
10
29.0782919999999976
20
-55.9045209999999955
11
29.0596369999999986
21
-55.9272509999999983
0
LINE
8
BLACK
6
CONTINUOUS
10
29.0596369999999986
20
-55.9272509999999983
11
28.4585599999999985
21
-56.5283279999999948
0
LINE
8
BLACK
6
CONTINUOUS
10
28.4585599999999985
20
-56.5283279999999948
11
29.0249999999999986
21
-56.5283279999999948
0
LINE
8
BLACK
6
CONTINUOUS
10
29.0249999999999986
20
-56.5283279999999948
11
29.0542639999999999
21
-56.5312099999999944
0
LINE
8
BLACK
6
CONTINUOUS
10
29.0542639999999999
20
-56.5312099999999944
11
29.1083359999999978
21
-56.553607999999997
0
LINE
8
BLACK
6
CONTINUOUS
10
29.1083359999999978
20
-56.553607999999997
11
29.1497199999999985
21
-56.5949919999999977
0
LINE
8
BLACK
6
CONTINUOUS
10
29.1497199999999985
20
-56.5949919999999977
11
29.1721179999999976
21
-56.6490639999999956
0
LINE
8
BLACK
6
CONTINUOUS
10
29.1721179999999976
20
-56.6490639999999956
11
29.1721179999999976
21
-56.7075919999999982
0
LINE
8
BLACK
6
CONTINUOUS
10
29.1721179999999976
20
-56.7075919999999982
11
29.1497199999999985
21
-56.7616639999999961
0
LINE
8
BLACK
6
CONTINUOUS
10
29.1497199999999985
20
-56.7616639999999961
11
29.1083359999999978
21
-56.8030479999999969
0
LINE
8
BLACK
6
CONTINUOUS
10
29.1083359999999978
20
-56.8030479999999969
11
29.0542639999999999
21
-56.8254459999999995
0
LINE
8
BLACK
6
CONTINUOUS
10
29.0542639999999999
20
-56.8254459999999995
11
29.0249999999999986
21
-56.8283279999999991
0
LINE
8
BLACK
6
CONTINUOUS
10
29.0249999999999986
20
-56.8283279999999991
11
28.0964279999999995
21
-56.8283279999999991
0
LINE
8
BLACK
6
CONTINUOUS
10
28.0964279999999995
20
-56.8283279999999991
11
28.0671639999999982
21
-56.8254459999999995
0
LINE
8
BLACK
6
CONTINUOUS
10
28.0671639999999982
20
-56.8254459999999995
11
28.0447670000000002
21
-56.8161679999999976
0
LINE
8
BLACK
6
CONTINUOUS
10
28.0447670000000002
20
-56.8161679999999976
11
28.0130929999999978
21
-56.8030489999999944
0
LINE
8
BLACK
6
CONTINUOUS
10
28.0130929999999978
20
-56.8030489999999944
11
27.9717069999999985
21
-56.7616629999999986
0
LINE
8
BLACK
6
CONTINUOUS
10
27.9717069999999985
20
-56.7616629999999986
11
27.949309999999997
21
-56.7075910000000007
0
LINE
8
BLACK
6
CONTINUOUS
10
27.949309999999997
20
-56.7075910000000007
11
27.949309999999997
21
-56.6490650000000002
0
LINE
8
BLACK
6
CONTINUOUS
10
27.949309999999997
20
-56.6490650000000002
11
27.9717069999999985
21
-56.5949929999999952
0
LINE
8
BLACK
6
CONTINUOUS
10
27.9717069999999985
20
-56.5949929999999952
11
27.9903619999999975
21
-56.5722619999999949
0
LINE
8
BLACK
6
CONTINUOUS
10
27.9903619999999975
20
-56.5722619999999949
11
28.8224659999999986
21
-55.7401569999999964
0
LINE
8
BLACK
6
CONTINUOUS
10
28.8224659999999986
20
-55.7401569999999964
11
28.875
21
-55.5825589999999963
0
LINE
8
BLACK
6
CONTINUOUS
10
28.875
20
-55.5825589999999963
11
28.875
21
-55.499451999999998
0
LINE
8
BLACK
6
CONTINUOUS
10
28.875
20
-55.499451999999998
11
28.8302929999999975
21
-55.4100389999999976
0
LINE
8
BLACK
6
CONTINUOUS
10
28.8302929999999975
20
-55.4100389999999976
11
28.7932889999999979
21
-55.3730349999999945
0
LINE
8
BLACK
6
CONTINUOUS
10
28.7932889999999979
20
-55.3730349999999945
11
28.703875
21
-55.3283279999999991
0
LINE
8
BLACK
6
CONTINUOUS
10
28.703875
20
-55.3283279999999991
11
28.4175529999999981
21
-55.3283279999999991
0
LINE
8
BLACK
6
CONTINUOUS
10
28.4175529999999981
20
-55.3283279999999991
11
28.3281390000000002
21
-55.3730349999999945
0
LINE
8
BLACK
6
CONTINUOUS
10
28.3281390000000002
20
-55.3730349999999945
11
28.2739229999999999
21
-55.4272509999999983
0
LINE
8
BLACK
6
CONTINUOUS
10
28.2739229999999999
20
-55.4272509999999983
11
28.2511919999999996
21
-55.4459060000000008
0
LINE
8
BLACK
6
CONTINUOUS
10
28.2511919999999996
20
-55.4459060000000008
11
28.1971199999999982
21
-55.4683029999999988
0
LINE
8
BLACK
6
CONTINUOUS
10
28.1971199999999982
20
-55.4683029999999988
11
28.1385939999999977
21
-55.4683029999999988
0
LINE
8
BLACK
6
CONTINUOUS
10
28.1385939999999977
20
-55.4683029999999988
11
28.0845219999999998
21
-55.4459060000000008
0
LINE
8
BLACK
6
CONTINUOUS
10
28.0845219999999998
20
-55.4459060000000008
11
28.0431360000000005
21
-55.404519999999998
0
LINE
8
BLACK
6
CONTINUOUS
10
28.0431360000000005
20
-55.404519999999998
11
28.020738999999999
21
-55.3504480000000001
0
LINE
8
BLACK
6
CONTINUOUS
10
28.020738999999999
20
-55.3504480000000001
11
28.020738999999999
21
-55.2919219999999996
0
LINE
8
BLACK
6
CONTINUOUS
10
28.020738999999999
20
-55.2919219999999996
11
28.0431360000000005
21
-55.2378499999999946
0
LINE
8
BLACK
6
CONTINUOUS
10
28.0431360000000005
20
-55.2378499999999946
11
28.0617909999999995
21
-55.2151189999999943
0
LINE
8
BLACK
6
CONTINUOUS
10
28.0617909999999995
20
-55.2151189999999943
11
28.1332190000000004
21
-55.1436909999999969
0
LINE
8
BLACK
6
CONTINUOUS
10
28.1332190000000004
20
-55.1436909999999969
11
28.144720999999997
21
-55.1342499999999944
0
LINE
8
BLACK
6
CONTINUOUS
10
28.144720999999997
20
-55.1342499999999944
11
28.1473169999999975
21
-55.1312579999999954
0
LINE
8
BLACK
6
CONTINUOUS
10
28.1473169999999975
20
-55.1312579999999954
11
28.1518259999999998
21
-55.1284190000000009
0
LINE
8
BLACK
6
CONTINUOUS
10
28.1518259999999998
20
-55.1284190000000009
11
28.1559489999999997
21
-55.1250359999999944
0
LINE
8
BLACK
6
CONTINUOUS
10
28.1559489999999997
20
-55.1250359999999944
11
28.1596109999999982
21
-55.1235189999999946
0
LINE
8
BLACK
6
CONTINUOUS
10
28.1596109999999982
20
-55.1235189999999946
11
28.1722029999999997
21
-55.1155929999999969
0
LINE
8
BLACK
6
CONTINUOUS
10
28.1722029999999997
20
-55.1155929999999969
11
28.315061
21
-55.044163999999995
0
LINE
8
BLACK
6
CONTINUOUS
10
28.315061
20
-55.044163999999995
11
28.3425239999999974
21
-55.0336539999999985
0
LINE
8
BLACK
6
CONTINUOUS
10
28.3425239999999974
20
-55.0336539999999985
11
28.3479010000000002
21
-55.0332709999999992
0
LINE
8
BLACK
6
CONTINUOUS
10
28.3479010000000002
20
-55.0332709999999992
11
28.3528789999999979
21
-55.0312099999999944
0
LINE
8
BLACK
6
CONTINUOUS
10
28.3528789999999979
20
-55.0312099999999944
11
28.3821429999999992
21
-55.0283279999999948
0
LINE
8
BLACK
6
CONTINUOUS
10
28.3821429999999992
20
-55.0283279999999948
11
28.7392849999999989
21
-55.0283279999999948
0
LINE
8
BLACK
6
CONTINUOUS
10
28.7392849999999989
20
-55.0283279999999948
11
28.7685490000000001
21
-55.0312099999999944
0
LINE
8
BLACK
6
CONTINUOUS
10
39.0399999999999991
20
-57.5
11
36.0399999999999991
21
-57.5
0
LINE
8
BLACK
6
CONTINUOUS
10
36.0399999999999991
20
-57.5
11
36.0399999999999991
21
-54.5
0
LINE
8
BLACK
6
CONTINUOUS
10
36.0399999999999991
20
-54.5
11
39.0399999999999991
21
-54.5
0
LINE
8
BLACK
6
CONTINUOUS
10
39.0399999999999991
20
-54.5
11
39.0399999999999991
21
-57.5
0
LINE
8
BLACK
6
CONTINUOUS
10
75.7928349999999966
20
-55.2562099999999958
11
75.7978119999999933
21
-55.2582710000000006
0
LINE
8
BLACK
6
CONTINUOUS
10
75.7978119999999933
20
-55.2582710000000006
11
75.8031900000000007
21
-55.2586539999999999
0
LINE
8
BLACK
6
CONTINUOUS
10
75.8031900000000007
20
-55.2586539999999999
11
75.8306529999999981
21
-55.2691639999999964
0
LINE
8
BLACK
6
CONTINUOUS
10
75.8306529999999981
20
-55.2691639999999964
11
75.973511000000002
21
-55.3405929999999984
0
LINE
8
BLACK
6
CONTINUOUS
10
75.973511000000002
20
-55.3405929999999984
11
75.9861039999999974
21
-55.3485200000000006
0
LINE
8
BLACK
6
CONTINUOUS
10
75.9861039999999974
20
-55.3485200000000006
11
75.9897639999999939
21
-55.3500359999999958
0
LINE
8
BLACK
6
CONTINUOUS
10
75.9897639999999939
20
-55.3500359999999958
11
75.9938829999999967
21
-55.3534170000000003
0
LINE
8
BLACK
6
CONTINUOUS
10
75.9938829999999967
20
-55.3534170000000003
11
75.9983969999999971
21
-55.3562579999999969
0
LINE
8
BLACK
6
CONTINUOUS
10
75.9983969999999971
20
-55.3562579999999969
11
76.000992999999994
21
-55.3592510000000004
0
LINE
8
BLACK
6
CONTINUOUS
10
76.000992999999994
20
-55.3592510000000004
11
76.0124950000000013
21
-55.3686909999999983
0
LINE
8
BLACK
6
CONTINUOUS
10
76.0124950000000013
20
-55.3686909999999983
11
76.0839229999999986
21
-55.4401189999999957
0
LINE
8
BLACK
6
CONTINUOUS
10
76.0839229999999986
20
-55.4401189999999957
11
76.0933629999999965
21
-55.4516209999999958
0
LINE
8
BLACK
6
CONTINUOUS
10
76.0933629999999965
20
-55.4516209999999958
11
76.0963560000000001
21
-55.4542169999999999
0
LINE
8
BLACK
6
CONTINUOUS
10
76.0963560000000001
20
-55.4542169999999999
11
76.0991939999999971
21
-55.4587259999999986
0
LINE
8
BLACK
6
CONTINUOUS
10
76.0991939999999971
20
-55.4587259999999986
11
76.1025779999999941
21
-55.4628489999999985
0
LINE
8
BLACK
6
CONTINUOUS
10
76.1025779999999941
20
-55.4628489999999985
11
76.1040940000000035
21
-55.466510999999997
0
LINE
8
BLACK
6
CONTINUOUS
10
76.1040940000000035
20
-55.466510999999997
11
76.1120209999999986
21
-55.4791029999999949
0
LINE
8
BLACK
6
CONTINUOUS
10
76.1120209999999986
20
-55.4791029999999949
11
76.1834499999999935
21
-55.6219589999999968
0
LINE
8
BLACK
6
CONTINUOUS
10
76.1834499999999935
20
-55.6219589999999968
11
76.1939589999999924
21
-55.6494229999999988
0
LINE
8
BLACK
6
CONTINUOUS
10
76.1939589999999924
20
-55.6494229999999988
11
76.1943399999999968
21
-55.654796999999995
0
LINE
8
BLACK
6
CONTINUOUS
10
76.1943399999999968
20
-55.654796999999995
11
76.1964040000000011
21
-55.6597779999999958
0
LINE
8
BLACK
6
CONTINUOUS
10
76.1964040000000011
20
-55.6597779999999958
11
76.1992860000000007
21
-55.6890420000000006
0
LINE
8
BLACK
6
CONTINUOUS
10
76.1992860000000007
20
-55.6890420000000006
11
76.1992860000000007
21
-55.8318999999999974
0
LINE
8
BLACK
6
CONTINUOUS
10
76.1992860000000007
20
-55.8318999999999974
11
76.1978269999999895
21
-55.8467109999999991
0
LINE
8
BLACK
6
CONTINUOUS
10
76.1978269999999895
20
-55.8467109999999991
11
76.1981079999999906
21
-55.8506609999999952
0
LINE
8
BLACK
6
CONTINUOUS
10
76.1981079999999906
20
-55.8506609999999952
11
76.1969259999999906
21
-55.8558549999999983
0
LINE
8
BLACK
6
CONTINUOUS
10
76.1969259999999906
20
-55.8558549999999983
11
76.1964040000000011
21
-55.8611639999999952
0
LINE
8
BLACK
6
CONTINUOUS
10
76.1964040000000011
20
-55.8611639999999952
11
76.1948869999999943
21
-55.8648249999999962
0
LINE
8
BLACK
6
CONTINUOUS
10
76.1948869999999943
20
-55.8648249999999962
11
76.1915879999999959
21
-55.8793349999999975
0
LINE
8
BLACK
6
CONTINUOUS
10
76.1915879999999959
20
-55.8793349999999975
11
76.120159000000001
21
-56.0936199999999943
0
LINE
8
BLACK
6
CONTINUOUS
10
76.120159000000001
20
-56.0936199999999943
11
76.1081709999999987
21
-56.1204699999999974
0
LINE
8
BLACK
6
CONTINUOUS
10
76.1081709999999987
20
-56.1204699999999974
11
76.1046410000000009
21
-56.1245389999999986
0
LINE
8
BLACK
6
CONTINUOUS
10
76.1046410000000009
20
-56.1245389999999986
11
76.1025779999999941
21
-56.1295209999999969
0
LINE
8
BLACK
6
CONTINUOUS
10
76.1025779999999941
20
-56.1295209999999969
11
76.0839229999999986
21
-56.1522509999999997
0
LINE
8
BLACK
6
CONTINUOUS
10
76.0839229999999986
20
-56.1522509999999997
11
75.482845999999995
21
-56.7533279999999962
0
LINE
8
BLACK
6
CONTINUOUS
10
75.482845999999995
20
-56.7533279999999962
11
76.0492859999999951
21
-56.7533279999999962
0
LINE
8
BLACK
6
CONTINUOUS
10
76.0492859999999951
20
-56.7533279999999962
11
76.0785499999999928
21
-56.7562099999999958
0
LINE
8
BLACK
6
CONTINUOUS
10
76.0785499999999928
20
-56.7562099999999958
11
76.1326219999999978
21
-56.7786079999999984
0
LINE
8
BLACK
6
CONTINUOUS
10
76.1326219999999978
20
-56.7786079999999984
11
76.1740059999999914
21
-56.8199919999999992
0
LINE
8
BLACK
6
CONTINUOUS
10
76.1740059999999914
20
-56.8199919999999992
11
76.1964040000000011
21
-56.8740639999999971
0
LINE
8
BLACK
6
CONTINUOUS
10
76.1964040000000011
20
-56.8740639999999971
11
76.1964040000000011
21
-56.9325919999999996
0
LINE
8
BLACK
6
CONTINUOUS
10
76.1964040000000011
20
-56.9325919999999996
11
76.1740059999999914
21
-56.9866639999999975
0
LINE
8
BLACK
6
CONTINUOUS
10
76.1740059999999914
20
-56.9866639999999975
11
76.1326219999999978
21
-57.0280479999999983
0
LINE
8
BLACK
6
CONTINUOUS
10
76.1326219999999978
20
-57.0280479999999983
11
76.0785499999999928
21
-57.0504460000000009
0
LINE
8
BLACK
6
CONTINUOUS
10
76.0785499999999928
20
-57.0504460000000009
11
76.0492859999999951
21
-57.0533280000000005
0
LINE
8
BLACK
6
CONTINUOUS
10
76.0492859999999951
20
-57.0533280000000005
11
75.1207139999999924
21
-57.0533280000000005
0
LINE
8
BLACK
6
CONTINUOUS
10
75.1207139999999924
20
-57.0533280000000005
11
75.0914499999999947
21
-57.0504460000000009
0
LINE
8
BLACK
6
CONTINUOUS
10
75.0914499999999947
20
-57.0504460000000009
11
75.0677620000000019
21
-57.0406339999999972
0
LINE
8
BLACK
6
CONTINUOUS
10
75.0677620000000019
20
-57.0406339999999972
11
75.0373790000000014
21
-57.0280489999999958
0
LINE
8
BLACK
6
CONTINUOUS
10
75.0373790000000014
20
-57.0280489999999958
11
74.9959929999999986
21
-56.9866630000000001
0
LINE
8
BLACK
6
CONTINUOUS
10
74.9959929999999986
20
-56.9866630000000001
11
74.9735960000000006
21
-56.9325909999999951
0
LINE
8
BLACK
6
CONTINUOUS
10
74.9735960000000006
20
-56.9325909999999951
11
74.9735960000000006
21
-56.8740649999999945
0
LINE
8
BLACK
6
CONTINUOUS
10
74.9735960000000006
20
-56.8740649999999945
11
74.9959929999999986
21
-56.8199929999999966
0
LINE
8
BLACK
6
CONTINUOUS
10
74.9959929999999986
20
-56.8199929999999966
11
75.014647999999994
21
-56.7972619999999964
0
LINE
8
BLACK
6
CONTINUOUS
10
75.014647999999994
20
-56.7972619999999964
11
75.8467519999999951
21
-55.9651569999999978
0
LINE
8
BLACK
6
CONTINUOUS
10
75.8467519999999951
20
-55.9651569999999978
11
75.8992860000000036
21
-55.8075589999999977
0
LINE
8
BLACK
6
CONTINUOUS
10
75.8992860000000036
20
-55.8075589999999977
11
75.8992860000000036
21
-55.7244519999999994
0
LINE
8
BLACK
6
CONTINUOUS
10
75.8992860000000036
20
-55.7244519999999994
11
75.8545790000000011
21
-55.635038999999999
0
LINE
8
BLACK
6
CONTINUOUS
10
75.8545790000000011
20
-55.635038999999999
11
75.8175749999999908
21
-55.5980349999999959
0
LINE
8
BLACK
6
CONTINUOUS
10
75.8175749999999908
20
-55.5980349999999959
11
75.7281610000000001
21
-55.5533280000000005
0
LINE
8
BLACK
6
CONTINUOUS
10
75.7281610000000001
20
-55.5533280000000005
11
75.4418390000000016
21
-55.5533280000000005
0
LINE
8
BLACK
6
CONTINUOUS
10
75.4418390000000016
20
-55.5533280000000005
11
75.3524249999999967
21
-55.5980349999999959
0
LINE
8
BLACK
6
CONTINUOUS
10
75.3524249999999967
20
-55.5980349999999959
11
75.2982089999999999
21
-55.6522509999999997
0
LINE
8
BLACK
6
CONTINUOUS
10
75.2982089999999999
20
-55.6522509999999997
11
75.2754779999999926
21
-55.6709059999999951
0
LINE
8
BLACK
6
CONTINUOUS
10
75.2754779999999926
20
-55.6709059999999951
11
75.2214060000000018
21
-55.6933030000000002
0
LINE
8
BLACK
6
CONTINUOUS
10
75.2214060000000018
20
-55.6933030000000002
11
75.1628800000000012
21
-55.6933030000000002
0
LINE
8
BLACK
6
CONTINUOUS
10
75.1628800000000012
20
-55.6933030000000002
11
75.1088079999999962
21
-55.6709059999999951
0
LINE
8
BLACK
6
CONTINUOUS
10
75.1088079999999962
20
-55.6709059999999951
11
75.0674219999999934
21
-55.6295199999999994
0
LINE
8
BLACK
6
CONTINUOUS
10
75.0674219999999934
20
-55.6295199999999994
11
75.0450249999999954
21
-55.5754479999999944
0
LINE
8
BLACK
6
CONTINUOUS
10
75.0450249999999954
20
-55.5754479999999944
11
75.0450249999999954
21
-55.516922000000001
0
LINE
8
BLACK
6
CONTINUOUS
10
75.0450249999999954
20
-55.516922000000001
11
75.0674219999999934
21
-55.462849999999996
0
LINE
8
BLACK
6
CONTINUOUS
10
75.0674219999999934
20
-55.462849999999996
11
75.0860770000000031
21
-55.4401189999999957
0
LINE
8
BLACK
6
CONTINUOUS
10
75.0860770000000031
20
-55.4401189999999957
11
75.1575050000000005
21
-55.3686909999999983
0
LINE
8
BLACK
6
CONTINUOUS
10
75.1575050000000005
20
-55.3686909999999983
11
75.1690069999999935
21
-55.3592499999999959
0
LINE
8
BLACK
6
CONTINUOUS
10
75.1690069999999935
20
-55.3592499999999959
11
75.1716029999999904
21
-55.3562579999999969
0
LINE
8
BLACK
6
CONTINUOUS
10
75.1716029999999904
20
-55.3562579999999969
11
75.1761120000000034
21
-55.3534189999999953
0
LINE
8
BLACK
6
CONTINUOUS
10
75.1761120000000034
20
-55.3534189999999953
11
75.1802349999999961
21
-55.3500359999999958
0
LINE
8
BLACK
6
CONTINUOUS
10
75.1802349999999961
20
-55.3500359999999958
11
75.1838970000000018
21
-55.348518999999996
0
LINE
8
BLACK
6
CONTINUOUS
10
75.1838970000000018
20
-55.348518999999996
11
75.1964889999999997
21
-55.3405929999999984
0
LINE
8
BLACK
6
CONTINUOUS
10
75.1964889999999997
20
-55.3405929999999984
11
75.3393470000000036
21
-55.2691639999999964
0
LINE
8
BLACK
6
CONTINUOUS
10
75.3393470000000036
20
-55.2691639999999964
11
75.366810000000001
21
-55.2586539999999999
0
LINE
8
BLACK
6
CONTINUOUS
10
75.366810000000001
20
-55.2586539999999999
11
75.3721869999999967
21
-55.2582710000000006
0
LINE
8
BLACK
6
CONTINUOUS
10
75.3721869999999967
20
-55.2582710000000006
11
75.3771649999999909
21
-55.2562099999999958
0
LINE
8
BLACK
6
CONTINUOUS
10
75.3771649999999909
20
-55.2562099999999958
11
75.4064290000000028
21
-55.2533279999999962
0
LINE
8
BLACK
6
CONTINUOUS
10
75.4064290000000028
20
-55.2533279999999962
11
75.7635709999999989
21
-55.2533279999999962
0
LINE
8
BLACK
6
CONTINUOUS
10
75.7635709999999989
20
-55.2533279999999962
11
75.7928349999999966
21
-55.2562099999999958
0
LINE
8
BLACK
6
CONTINUOUS
10
77.2214060000000018
20
-55.2562099999999958
11
77.2263829999999984
21
-55.2582710000000006
0
LINE
8
BLACK
6
CONTINUOUS
10
77.2263829999999984
20
-55.2582710000000006
11
77.2317609999999917
21
-55.2586539999999999
0
LINE
8
BLACK
6
CONTINUOUS
10
77.2317609999999917
20
-55.2586539999999999
11
77.2592240000000032
21
-55.2691639999999964
0
LINE
8
BLACK
6
CONTINUOUS
10
77.2592240000000032
20
-55.2691639999999964
11
77.4020819999999929
21
-55.3405929999999984
0
LINE
8
BLACK
6
CONTINUOUS
10
77.4020819999999929
20
-55.3405929999999984
11
77.4146750000000026
21
-55.3485200000000006
0
LINE
8
BLACK
6
CONTINUOUS
10
77.4146750000000026
20
-55.3485200000000006
11
77.418334999999999
21
-55.3500359999999958
0
LINE
8
BLACK
6
CONTINUOUS
10
77.418334999999999
20
-55.3500359999999958
11
77.4224540000000019
21
-55.3534170000000003
0
LINE
8
BLACK
6
CONTINUOUS
10
77.4224540000000019
20
-55.3534170000000003
11
77.4269680000000022
21
-55.3562579999999969
0
LINE
8
BLACK
6
CONTINUOUS
10
77.4269680000000022
20
-55.3562579999999969
11
77.4295639999999992
21
-55.3592510000000004
0
LINE
8
BLACK
6
CONTINUOUS
10
77.4295639999999992
20
-55.3592510000000004
11
77.4410659999999922
21
-55.3686909999999983
0
LINE
8
BLACK
6
CONTINUOUS
10
77.4410659999999922
20
-55.3686909999999983
11
77.5124939999999896
21
-55.4401189999999957
0
LINE
8
BLACK
6
CONTINUOUS
10
77.5124939999999896
20
-55.4401189999999957
11
77.5219340000000017
21
-55.4516209999999958
0
LINE
8
BLACK
6
CONTINUOUS
10
77.5219340000000017
20
-55.4516209999999958
11
77.524926999999991
21
-55.4542169999999999
0
LINE
8
BLACK
6
CONTINUOUS
10
77.524926999999991
20
-55.4542169999999999
11
77.5277650000000023
21
-55.4587259999999986
0
LINE
8
BLACK
6
CONTINUOUS
10
77.5277650000000023
20
-55.4587259999999986
11
77.5311489999999992
21
-55.4628489999999985
0
LINE
8
BLACK
6
CONTINUOUS
10
77.5311489999999992
20
-55.4628489999999985
11
77.5326649999999944
21
-55.466510999999997
0
LINE
8
BLACK
6
CONTINUOUS
10
77.5326649999999944
20
-55.466510999999997
11
77.5405919999999895
21
-55.4791029999999949
0
LINE
8
BLACK
6
CONTINUOUS
10
77.5405919999999895
20
-55.4791029999999949
11
77.6120209999999986
21
-55.6219589999999968
0
LINE
8
BLACK
6
CONTINUOUS
10
77.6120209999999986
20
-55.6219589999999968
11
77.6225299999999976
21
-55.6494229999999988
0
LINE
8
BLACK
6
CONTINUOUS
10
77.6225299999999976
20
-55.6494229999999988
11
77.622911000000002
21
-55.654796999999995
0
LINE
8
BLACK
6
CONTINUOUS
10
77.622911000000002
20
-55.654796999999995
11
77.6249749999999921
21
-55.6597779999999958
0
LINE
8
BLACK
6
CONTINUOUS
10
77.6249749999999921
20
-55.6597779999999958
11
77.6278569999999917
21
-55.6890420000000006
0
LINE
8
BLACK
6
CONTINUOUS
10
77.6278569999999917
20
-55.6890420000000006
11
77.6278569999999917
21
-55.8318999999999974
0
LINE
8
BLACK
6
CONTINUOUS
10
77.6278569999999917
20
-55.8318999999999974
11
77.6263979999999947
21
-55.8467109999999991
0
LINE
8
BLACK
6
CONTINUOUS
10
77.6263979999999947
20
-55.8467109999999991
11
77.6266789999999958
21
-55.8506609999999952
0
LINE
8
BLACK
6
CONTINUOUS
10
77.6266789999999958
20
-55.8506609999999952
11
77.6254969999999958
21
-55.8558549999999983
0
LINE
8
BLACK
6
CONTINUOUS
10
77.6254969999999958
20
-55.8558549999999983
11
77.6249749999999921
21
-55.8611639999999952
0
LINE
8
BLACK
6
CONTINUOUS
10
77.6249749999999921
20
-55.8611639999999952
11
77.6234579999999994
21
-55.8648249999999962
0
LINE
8
BLACK
6
CONTINUOUS
10
77.6234579999999994
20
-55.8648249999999962
11
77.620159000000001
21
-55.8793349999999975
0
LINE
8
BLACK
6
CONTINUOUS
10
77.620159000000001
20
-55.8793349999999975
11
77.5487299999999919
21
-56.0936199999999943
0
LINE
8
BLACK
6
CONTINUOUS
10
77.5487299999999919
20
-56.0936199999999943
11
77.5367419999999896
21
-56.1204699999999974
0
LINE
8
BLACK
6
CONTINUOUS
10
77.5367419999999896
20
-56.1204699999999974
11
77.5332119999999918
21
-56.1245389999999986
0
LINE
8
BLACK
6
CONTINUOUS
10
77.5332119999999918
20
-56.1245389999999986
11
77.5311489999999992
21
-56.1295209999999969
0
LINE
8
BLACK
6
CONTINUOUS
10
77.5311489999999992
20
-56.1295209999999969
11
77.5124939999999896
21
-56.1522509999999997
0
LINE
8
BLACK
6
CONTINUOUS
10
77.5124939999999896
20
-56.1522509999999997
11
76.9114170000000001
21
-56.7533279999999962
0
LINE
8
BLACK
6
CONTINUOUS
10
76.9114170000000001
20
-56.7533279999999962
11
77.4778570000000002
21
-56.7533279999999962
0
LINE
8
BLACK
6
CONTINUOUS
10
77.4778570000000002
20
-56.7533279999999962
11
77.5071209999999979
21
-56.7562099999999958
0
LINE
8
BLACK
6
CONTINUOUS
10
77.5071209999999979
20
-56.7562099999999958
11
77.5611930000000029
21
-56.7786079999999984
0
LINE
8
BLACK
6
CONTINUOUS
10
77.5611930000000029
20
-56.7786079999999984
11
77.6025769999999966
21
-56.8199919999999992
0
LINE
8
BLACK
6
CONTINUOUS
10
77.6025769999999966
20
-56.8199919999999992
11
77.6249749999999921
21
-56.8740639999999971
0
LINE
8
BLACK
6
CONTINUOUS
10
77.6249749999999921
20
-56.8740639999999971
11
77.6249749999999921
21
-56.9325919999999996
0
LINE
8
BLACK
6
CONTINUOUS
10
77.6249749999999921
20
-56.9325919999999996
11
77.6025769999999966
21
-56.9866639999999975
0
LINE
8
BLACK
6
CONTINUOUS
10
77.6025769999999966
20
-56.9866639999999975
11
77.5611930000000029
21
-57.0280479999999983
0
LINE
8
BLACK
6
CONTINUOUS
10
77.5611930000000029
20
-57.0280479999999983
11
77.5071209999999979
21
-57.0504460000000009
0
LINE
8
BLACK
6
CONTINUOUS
10
77.5071209999999979
20
-57.0504460000000009
11
77.4778570000000002
21
-57.0533280000000005
0
LINE
8
BLACK
6
CONTINUOUS
10
77.4778570000000002
20
-57.0533280000000005
11
76.5492849999999976
21
-57.0533280000000005
0
LINE
8
BLACK
6
CONTINUOUS
10
76.5492849999999976
20
-57.0533280000000005
11
76.5200209999999998
21
-57.0504460000000009
0
LINE
8
BLACK
6
CONTINUOUS
10
76.5200209999999998
20
-57.0504460000000009
11
76.4963329999999928
21
-57.0406339999999972
0
LINE
8
BLACK
6
CONTINUOUS
10
76.4963329999999928
20
-57.0406339999999972
11
76.4659499999999923
21
-57.0280489999999958
0
LINE
8
BLACK
6
CONTINUOUS
10
76.4659499999999923
20
-57.0280489999999958
11
76.4245639999999895
21
-56.9866630000000001
0
LINE
8
BLACK
6
CONTINUOUS
10
76.4245639999999895
20
-56.9866630000000001
11
76.4021669999999915
21
-56.9325909999999951
0
LINE
8
BLACK
6
CONTINUOUS
10
76.4021669999999915
20
-56.9325909999999951
11
76.4021669999999915
21
-56.8740649999999945
0
LINE
8
BLACK
6
CONTINUOUS
10
76.4021669999999915
20
-56.8740649999999945
11
76.4245639999999895
21
-56.8199929999999966
0
LINE
8
BLACK
6
CONTINUOUS
10
76.4245639999999895
20
-56.8199929999999966
11
76.4432189999999991
21
-56.7972619999999964
0
LINE
8
BLACK
6
CONTINUOUS
10
76.4432189999999991
20
-56.7972619999999964
11
77.2753230000000002
21
-55.9651569999999978
0
LINE
8
BLACK
6
CONTINUOUS
10
77.2753230000000002
20
-55.9651569999999978
11
77.3278569999999945
21
-55.8075589999999977
0
LINE
8
BLACK
6
CONTINUOUS
10
77.3278569999999945
20
-55.8075589999999977
11
77.3278569999999945
21
-55.7244519999999994
0
LINE
8
BLACK
6
CONTINUOUS
10
77.3278569999999945
20
-55.7244519999999994
11
77.283149999999992
21
-55.635038999999999
0
LINE
8
BLACK
6
CONTINUOUS
10
77.283149999999992
20
-55.635038999999999
11
77.246145999999996
21
-55.5980349999999959
0
LINE
8
BLACK
6
CONTINUOUS
10
77.246145999999996
20
-55.5980349999999959
11
77.156731999999991
21
-55.5533280000000005
0
LINE
8
BLACK
6
CONTINUOUS
10
77.156731999999991
20
-55.5533280000000005
11
76.8704099999999926
21
-55.5533280000000005
0
LINE
8
BLACK
6
CONTINUOUS
10
76.8704099999999926
20
-55.5533280000000005
11
76.7809960000000018
21
-55.5980349999999959
0
LINE
8
BLACK
6
CONTINUOUS
10
76.7809960000000018
20
-55.5980349999999959
11
76.7267799999999909
21
-55.6522509999999997
0
LINE
8
BLACK
6
CONTINUOUS
10
76.7267799999999909
20
-55.6522509999999997
11
76.7040489999999977
21
-55.6709059999999951
0
LINE
8
BLACK
6
CONTINUOUS
10
76.7040489999999977
20
-55.6709059999999951
11
76.6499769999999927
21
-55.6933030000000002
0
LINE
8
BLACK
6
CONTINUOUS
10
76.6499769999999927
20
-55.6933030000000002
11
76.5914509999999922
21
-55.6933030000000002
0
LINE
8
BLACK
6
CONTINUOUS
10
76.5914509999999922
20
-55.6933030000000002
11
76.5373790000000014
21
-55.6709059999999951
0
LINE
8
BLACK
6
CONTINUOUS
10
76.5373790000000014
20
-55.6709059999999951
11
76.4959929999999986
21
-55.6295199999999994
0
LINE
8
BLACK
6
CONTINUOUS
10
76.4959929999999986
20
-55.6295199999999994
11
76.4735960000000006
21
-55.5754479999999944
0
LINE
8
BLACK
6
CONTINUOUS
10
76.4735960000000006
20
-55.5754479999999944
11
76.4735960000000006
21
-55.516922000000001
0
LINE
8
BLACK
6
CONTINUOUS
10
76.4735960000000006
20
-55.516922000000001
11
76.4959929999999986
21
-55.462849999999996
0
LINE
8
BLACK
6
CONTINUOUS
10
76.4959929999999986
20
-55.462849999999996
11
76.514647999999994
21
-55.4401189999999957
0
LINE
8
BLACK
6
CONTINUOUS
10
76.514647999999994
20
-55.4401189999999957
11
76.5860759999999914
21
-55.3686909999999983
0
LINE
8
BLACK
6
CONTINUOUS
10
76.5860759999999914
20
-55.3686909999999983
11
76.5975779999999986
21
-55.3592499999999959
0
LINE
8
BLACK
6
CONTINUOUS
10
76.5975779999999986
20
-55.3592499999999959
11
76.6001739999999955
21
-55.3562579999999969
0
LINE
8
BLACK
6
CONTINUOUS
10
76.6001739999999955
20
-55.3562579999999969
11
76.6046829999999943
21
-55.3534189999999953
0
LINE
8
BLACK
6
CONTINUOUS
10
76.6046829999999943
20
-55.3534189999999953
11
76.6088060000000013
21
-55.3500359999999958
0
LINE
8
BLACK
6
CONTINUOUS
10
76.6088060000000013
20
-55.3500359999999958
11
76.6124679999999927
21
-55.348518999999996
0
LINE
8
BLACK
6
CONTINUOUS
10
76.6124679999999927
20
-55.348518999999996
11
76.6250599999999906
21
-55.3405929999999984
0
LINE
8
BLACK
6
CONTINUOUS
10
76.6250599999999906
20
-55.3405929999999984
11
76.7679179999999945
21
-55.2691639999999964
0
LINE
8
BLACK
6
CONTINUOUS
10
76.7679179999999945
20
-55.2691639999999964
11
76.7953809999999919
21
-55.2586539999999999
0
LINE
8
BLACK
6
CONTINUOUS
10
76.7953809999999919
20
-55.2586539999999999
11
76.8007580000000019
21
-55.2582710000000006
0
LINE
8
BLACK
6
CONTINUOUS
10
76.8007580000000019
20
-55.2582710000000006
11
76.805735999999996
21
-55.2562099999999958
0
LINE
8
BLACK
6
CONTINUOUS
10
76.805735999999996
20
-55.2562099999999958
11
76.8349999999999937
21
-55.2533279999999962
0
LINE
8
BLACK
6
CONTINUOUS
10
76.8349999999999937
20
-55.2533279999999962
11
77.1921419999999898
21
-55.2533279999999962
0
LINE
8
BLACK
6
CONTINUOUS
10
77.1921419999999898
20
-55.2533279999999962
11
77.2214060000000018
21
-55.2562099999999958
0
LINE
8
BLACK
6
CONTINUOUS
10
74.3642639999999915
20
-55.2562099999999958
11
74.3692439999999948
21
-55.2582729999999955
0
LINE
8
BLACK
6
CONTINUOUS
10
74.3692439999999948
20
-55.2582729999999955
11
74.3746189999999956
21
-55.2586549999999974
0
LINE
8
BLACK
6
CONTINUOUS
10
74.3746189999999956
20
-55.2586549999999974
11
74.4020819999999929
21
-55.2691639999999964
0
LINE
8
BLACK
6
CONTINUOUS
10
74.4020819999999929
20
-55.2691639999999964
11
74.5449389999999994
21
-55.3405929999999984
0
LINE
8
BLACK
6
CONTINUOUS
10
74.5449389999999994
20
-55.3405929999999984
11
74.5575339999999898
21
-55.3485209999999981
0
LINE
8
BLACK
6
CONTINUOUS
10
74.5575339999999898
20
-55.3485209999999981
11
74.5611909999999938
21
-55.3500359999999958
0
LINE
8
BLACK
6
CONTINUOUS
10
74.5611909999999938
20
-55.3500359999999958
11
74.5653080000000017
21
-55.3534149999999983
0
LINE
8
BLACK
6
CONTINUOUS
10
74.5653080000000017
20
-55.3534149999999983
11
74.5698249999999945
21
-55.3562579999999969
0
LINE
8
BLACK
6
CONTINUOUS
10
74.5698249999999945
20
-55.3562579999999969
11
74.5724220000000031
21
-55.3592519999999979
0
LINE
8
BLACK
6
CONTINUOUS
10
74.5724220000000031
20
-55.3592519999999979
11
74.5839220000000012
21
-55.3686900000000009
0
LINE
8
BLACK
6
CONTINUOUS
10
74.5839220000000012
20
-55.3686900000000009
11
74.655350999999996
21
-55.4401179999999982
0
LINE
8
BLACK
6
CONTINUOUS
10
74.655350999999996
20
-55.4401179999999982
11
74.6647930000000031
21
-55.4516229999999979
0
LINE
8
BLACK
6
CONTINUOUS
10
74.6647930000000031
20
-55.4516229999999979
11
74.667784999999995
21
-55.4542179999999973
0
LINE
8
BLACK
6
CONTINUOUS
10
74.667784999999995
20
-55.4542179999999973
11
74.6706240000000037
21
-55.4587280000000007
0
LINE
8
BLACK
6
CONTINUOUS
10
74.6706240000000037
20
-55.4587280000000007
11
74.6740059999999914
21
-55.4628489999999985
0
LINE
8
BLACK
6
CONTINUOUS
10
74.6740059999999914
20
-55.4628489999999985
11
74.6755210000000034
21
-55.4665079999999975
0
LINE
8
BLACK
6
CONTINUOUS
10
74.6755210000000034
20
-55.4665079999999975
11
74.6834499999999935
21
-55.4791029999999949
0
LINE
8
BLACK
6
CONTINUOUS
10
74.6834499999999935
20
-55.4791029999999949
11
74.7548779999999908
21
-55.6219609999999989
0
LINE
8
BLACK
6
CONTINUOUS
10
74.7548779999999908
20
-55.6219609999999989
11
74.7653880000000015
21
-55.6494239999999962
0
LINE
8
BLACK
6
CONTINUOUS
10
74.7653880000000015
20
-55.6494239999999962
11
74.7657689999999917
21
-55.654798999999997
0
LINE
8
BLACK
6
CONTINUOUS
10
74.7657689999999917
20
-55.654798999999997
11
74.7678319999999985
21
-55.6597779999999958
0
LINE
8
BLACK
6
CONTINUOUS
10
74.7678319999999985
20
-55.6597779999999958
11
74.7707139999999981
21
-55.6890420000000006
0
LINE
8
BLACK
6
CONTINUOUS
10
74.7707139999999981
20
-55.6890420000000006
11
74.7707139999999981
21
-55.9033279999999948
0
LINE
8
BLACK
6
CONTINUOUS
10
74.7707139999999981
20
-55.9033279999999948
11
74.7678319999999985
21
-55.9325919999999996
0
LINE
8
BLACK
6
CONTINUOUS
10
74.7678319999999985
20
-55.9325919999999996
11
74.7657689999999917
21
-55.9375700000000009
0
LINE
8
BLACK
6
CONTINUOUS
10
74.7657689999999917
20
-55.9375700000000009
11
74.7653880000000015
21
-55.9429459999999992
0
LINE
8
BLACK
6
CONTINUOUS
10
74.7653880000000015
20
-55.9429459999999992
11
74.7548779999999908
21
-55.9704089999999965
0
LINE
8
BLACK
6
CONTINUOUS
10
74.7548779999999908
20
-55.9704089999999965
11
74.6834499999999935
21
-56.1132670000000005
0
LINE
8
BLACK
6
CONTINUOUS
10
74.6834499999999935
20
-56.1132670000000005
11
74.6755229999999983
21
-56.1258580000000009
0
LINE
8
BLACK
6
CONTINUOUS
10
74.6755229999999983
20
-56.1258580000000009
11
74.6740070000000031
21
-56.1295199999999994
0
LINE
8
BLACK
6
CONTINUOUS
10
74.6740070000000031
20
-56.1295199999999994
11
74.670622999999992
21
-56.1336419999999947
0
LINE
8
BLACK
6
CONTINUOUS
10
74.670622999999992
20
-56.1336419999999947
11
74.667784999999995
21
-56.1381519999999981
0
LINE
8
BLACK
6
CONTINUOUS
10
74.667784999999995
20
-56.1381519999999981
11
74.6647930000000031
21
-56.140746
0
LINE
8
BLACK
6
CONTINUOUS
10
74.6647930000000031
20
-56.140746
11
74.6553519999999935
21
-56.1522509999999997
0
LINE
8
BLACK
6
CONTINUOUS
10
74.6553519999999935
20
-56.1522509999999997
11
74.5839229999999986
21
-56.2236799999999945
0
LINE
8
BLACK
6
CONTINUOUS
10
74.5839229999999986
20
-56.2236799999999945
11
74.5724209999999914
21
-56.233118999999995
0
LINE
8
BLACK
6
CONTINUOUS
10
74.5724209999999914
20
-56.233118999999995
11
74.5698249999999945
21
-56.236112999999996
0
LINE
8
BLACK
6
CONTINUOUS
10
74.5698249999999945
20
-56.236112999999996
11
74.5653109999999941
21
-56.2389529999999951
0
LINE
8
BLACK
6
CONTINUOUS
10
74.5653109999999941
20
-56.2389529999999951
11
74.5611919999999913
21
-56.2423349999999971
0
LINE
8
BLACK
6
CONTINUOUS
10
74.5611919999999913
20
-56.2423349999999971
11
74.5575319999999948
21
-56.2438499999999948
0
LINE
8
BLACK
6
CONTINUOUS
10
74.5575319999999948
20
-56.2438499999999948
11
74.5449389999999994
21
-56.2517779999999945
0
LINE
8
BLACK
6
CONTINUOUS
10
74.5449389999999994
20
-56.2517779999999945
11
74.4020819999999929
21
-56.323205999999999
0
LINE
8
BLACK
6
CONTINUOUS
10
74.4020819999999929
20
-56.323205999999999
11
74.3986469999999969
21
-56.3245199999999997
0
LINE
8
BLACK
6
CONTINUOUS
10
74.3986469999999969
20
-56.3245199999999997
11
74.7435990000000032
21
-56.8173089999999945
0
LINE
8
BLACK
6
CONTINUOUS
10
74.7435990000000032
20
-56.8173089999999945
11
74.7580200000000019
21
-56.8429349999999971
0
LINE
8
BLACK
6
CONTINUOUS
10
74.7580200000000019
20
-56.8429349999999971
11
74.7706790000000012
21
-56.900076999999996
0
LINE
8
BLACK
6
CONTINUOUS
10
74.7706790000000012
20
-56.900076999999996
11
74.7605080000000015
21
-56.9577129999999983
0
LINE
8
BLACK
6
CONTINUOUS
10
74.7605080000000015
20
-56.9577129999999983
11
74.7290550000000025
21
-57.0070699999999988
0
LINE
8
BLACK
6
CONTINUOUS
10
74.7290550000000025
20
-57.0070699999999988
11
74.6811069999999972
21
-57.0406339999999972
0
LINE
8
BLACK
6
CONTINUOUS
10
74.6811069999999972
20
-57.0406339999999972
11
74.6239649999999983
21
-57.0532929999999965
0
LINE
8
BLACK
6
CONTINUOUS
10
74.6239649999999983
20
-57.0532929999999965
11
74.5663289999999961
21
-57.0431219999999968
0
LINE
8
BLACK
6
CONTINUOUS
10
74.5663289999999961
20
-57.0431219999999968
11
74.5169719999999955
21
-57.0116689999999977
0
LINE
8
BLACK
6
CONTINUOUS
10
74.5169719999999955
20
-57.0116689999999977
11
74.4978289999999959
21
-56.9893469999999951
0
LINE
8
BLACK
6
CONTINUOUS
10
74.4978289999999959
20
-56.9893469999999951
11
74.0426159999999953
21
-56.3390419999999992
0
LINE
8
BLACK
6
CONTINUOUS
10
74.0426159999999953
20
-56.3390419999999992
11
73.9135709999999904
21
-56.3390419999999992
0
LINE
8
BLACK
6
CONTINUOUS
10
73.9135709999999904
20
-56.3390419999999992
11
73.9135709999999904
21
-56.9033279999999948
0
LINE
8
BLACK
6
CONTINUOUS
10
73.9135709999999904
20
-56.9033279999999948
11
73.9106889999999908
21
-56.9325919999999996
0
LINE
8
BLACK
6
CONTINUOUS
10
73.9106889999999908
20
-56.9325919999999996
11
73.8882909999999953
21
-56.9866639999999975
0
LINE
8
BLACK
6
CONTINUOUS
10
73.8882909999999953
20
-56.9866639999999975
11
73.8469070000000016
21
-57.0280479999999983
0
LINE
8
BLACK
6
CONTINUOUS
10
73.8469070000000016
20
-57.0280479999999983
11
73.7928349999999966
21
-57.0504460000000009
0
LINE
8
BLACK
6
CONTINUOUS
10
73.7928349999999966
20
-57.0504460000000009
11
73.7343070000000012
21
-57.0504460000000009
0
LINE
8
BLACK
6
CONTINUOUS
10
73.7343070000000012
20
-57.0504460000000009
11
73.6802349999999961
21
-57.0280479999999983
0
LINE
8
BLACK
6
CONTINUOUS
10
73.6802349999999961
20
-57.0280479999999983
11
73.6388510000000025
21
-56.9866639999999975
0
LINE
8
BLACK
6
CONTINUOUS
10
73.6388510000000025
20
-56.9866639999999975
11
73.6164529999999928
21
-56.9325919999999996
0
LINE
8
BLACK
6
CONTINUOUS
10
73.6164529999999928
20
-56.9325919999999996
11
73.6135709999999932
21
-56.9033279999999948
0
LINE
8
BLACK
6
CONTINUOUS
10
73.6135709999999932
20
-56.9033279999999948
11
73.6135709999999932
21
-55.4033279999999948
0
LINE
8
BLACK
6
CONTINUOUS
10
73.6135709999999932
20
-55.4033279999999948
11
73.6164529999999928
21
-55.3740639999999971
0
LINE
8
BLACK
6
CONTINUOUS
10
73.6164529999999928
20
-55.3740639999999971
11
73.6388510000000025
21
-55.3199919999999992
0
LINE
8
BLACK
6
CONTINUOUS
10
73.6388510000000025
20
-55.3199919999999992
11
73.6802349999999961
21
-55.2786079999999984
0
LINE
8
BLACK
6
CONTINUOUS
10
73.6802349999999961
20
-55.2786079999999984
11
73.7343070000000012
21
-55.2562099999999958
0
LINE
8
BLACK
6
CONTINUOUS
10
73.7343070000000012
20
-55.2562099999999958
11
73.7635709999999989
21
-55.2533279999999962
0
LINE
8
BLACK
6
CONTINUOUS
10
73.7635709999999989
20
-55.2533279999999962
11
74.3349999999999937
21
-55.2533279999999962
0
LINE
8
BLACK
6
CONTINUOUS
10
74.3349999999999937
20
-55.2533279999999962
11
74.3642639999999915
21
-55.2562099999999958
0
LINE
8
BLACK
6
CONTINUOUS
10
73.9135709999999904
20
-56.0390419999999949
11
74.2995899999999949
21
-56.0390419999999949
0
LINE
8
BLACK
6
CONTINUOUS
10
74.2995899999999949
20
-56.0390419999999949
11
74.3890019999999907
21
-55.994335999999997
0
LINE
8
BLACK
6
CONTINUOUS
10
74.3890019999999907
20
-55.994335999999997
11
74.4260069999999985
21
-55.9573309999999964
0
LINE
8
BLACK
6
CONTINUOUS
10
74.4260069999999985
20
-55.9573309999999964
11
74.470714000000001
21
-55.867917999999996
0
LINE
8
BLACK
6
CONTINUOUS
10
74.470714000000001
20
-55.867917999999996
11
74.470714000000001
21
-55.7244509999999948
0
LINE
8
BLACK
6
CONTINUOUS
10
74.470714000000001
20
-55.7244509999999948
11
74.4260079999999959
21
-55.635038999999999
0
LINE
8
BLACK
6
CONTINUOUS
10
74.4260079999999959
20
-55.635038999999999
11
74.3890039999999999
21
-55.5980349999999959
0
LINE
8
BLACK
6
CONTINUOUS
10
74.3890039999999999
20
-55.5980349999999959
11
74.2995899999999949
21
-55.5533280000000005
0
LINE
8
BLACK
6
CONTINUOUS
10
74.2995899999999949
20
-55.5533280000000005
11
73.9135709999999904
21
-55.5533280000000005
0
LINE
8
BLACK
6
CONTINUOUS
10
73.9135709999999904
20
-55.5533280000000005
11
73.9135709999999904
21
-56.0390419999999949
0
LINE
8
BLACK
6
CONTINUOUS
10
48.4222279999999969
20
-55.2344480000000004
11
48.5671169999999961
21
-55.2944630000000004
0
LINE
8
BLACK
6
CONTINUOUS
10
48.5671169999999961
20
-55.2944630000000004
11
48.6975149999999957
21
-55.3815919999999977
0
LINE
8
BLACK
6
CONTINUOUS
10
48.6975149999999957
20
-55.3815919999999977
11
48.808408
21
-55.492484999999995
0
LINE
8
BLACK
6
CONTINUOUS
10
48.808408
20
-55.492484999999995
11
48.8955369999999974
21
-55.6228829999999945
0
LINE
8
BLACK
6
CONTINUOUS
10
48.8955369999999974
20
-55.6228829999999945
11
48.9555519999999973
21
-55.7677720000000008
0
LINE
8
BLACK
6
CONTINUOUS
10
48.9555519999999973
20
-55.7677720000000008
11
48.986148
21
-55.9215859999999978
0
LINE
8
BLACK
6
CONTINUOUS
10
48.986148
20
-55.9215859999999978
11
48.986148
21
-56.0784139999999951
0
LINE
8
BLACK
6
CONTINUOUS
10
48.986148
20
-56.0784139999999951
11
48.9555519999999973
21
-56.2322279999999992
0
LINE
8
BLACK
6
CONTINUOUS
10
48.9555519999999973
20
-56.2322279999999992
11
48.8955369999999974
21
-56.3771169999999984
0
LINE
8
BLACK
6
CONTINUOUS
10
48.8955369999999974
20
-56.3771169999999984
11
48.808408
21
-56.5075149999999979
0
LINE
8
BLACK
6
CONTINUOUS
10
48.808408
20
-56.5075149999999979
11
48.6975149999999957
21
-56.6184079999999952
0
LINE
8
BLACK
6
CONTINUOUS
10
48.6975149999999957
20
-56.6184079999999952
11
48.5671169999999961
21
-56.7055369999999996
0
LINE
8
BLACK
6
CONTINUOUS
10
48.5671169999999961
20
-56.7055369999999996
11
48.4222279999999969
21
-56.7655519999999996
0
LINE
8
BLACK
6
CONTINUOUS
10
48.4222279999999969
20
-56.7655519999999996
11
48.2684139999999999
21
-56.7961479999999952
0
LINE
8
BLACK
6
CONTINUOUS
10
48.2684139999999999
20
-56.7961479999999952
11
48.1115859999999955
21
-56.7961479999999952
0
LINE
8
BLACK
6
CONTINUOUS
10
48.1115859999999955
20
-56.7961479999999952
11
47.9577719999999985
21
-56.7655519999999996
0
LINE
8
BLACK
6
CONTINUOUS
10
47.9577719999999985
20
-56.7655519999999996
11
47.8128829999999994
21
-56.7055369999999996
0
LINE
8
BLACK
6
CONTINUOUS
10
47.8128829999999994
20
-56.7055369999999996
11
47.6824849999999998
21
-56.6184079999999952
0
LINE
8
BLACK
6
CONTINUOUS
10
47.6824849999999998
20
-56.6184079999999952
11
47.5715919999999954
21
-56.5075149999999979
0
LINE
8
BLACK
6
CONTINUOUS
10
47.5715919999999954
20
-56.5075149999999979
11
47.4844629999999981
21
-56.3771169999999984
0
LINE
8
BLACK
6
CONTINUOUS
10
47.4844629999999981
20
-56.3771169999999984
11
47.4244479999999982
21
-56.2322279999999992
0
LINE
8
BLACK
6
CONTINUOUS
10
47.4244479999999982
20
-56.2322279999999992
11
47.3938519999999954
21
-56.0784139999999951
0
LINE
8
BLACK
6
CONTINUOUS
10
47.3938519999999954
20
-56.0784139999999951
11
47.3938519999999954
21
-55.9215859999999978
0
LINE
8
BLACK
6
CONTINUOUS
10
47.3938519999999954
20
-55.9215859999999978
11
47.4244479999999982
21
-55.7677720000000008
0
LINE
8
BLACK
6
CONTINUOUS
10
47.4244479999999982
20
-55.7677720000000008
11
47.4844629999999981
21
-55.6228829999999945
0
LINE
8
BLACK
6
CONTINUOUS
10
47.4844629999999981
20
-55.6228829999999945
11
47.5715919999999954
21
-55.492484999999995
0
LINE
8
BLACK
6
CONTINUOUS
10
47.5715919999999954
20
-55.492484999999995
11
47.6824849999999998
21
-55.3815919999999977
0
LINE
8
BLACK
6
CONTINUOUS
10
47.6824849999999998
20
-55.3815919999999977
11
47.8128829999999994
21
-55.2944630000000004
0
LINE
8
BLACK
6
CONTINUOUS
10
47.8128829999999994
20
-55.2944630000000004
11
47.9577719999999985
21
-55.2344480000000004
0
LINE
8
BLACK
6
CONTINUOUS
10
47.9577719999999985
20
-55.2344480000000004
11
48.1115859999999955
21
-55.2038519999999977
0
LINE
8
BLACK
6
CONTINUOUS
10
48.1115859999999955
20
-55.2038519999999977
11
48.2684139999999999
21
-55.2038519999999977
0
LINE
8
BLACK
6
CONTINUOUS
10
48.2684139999999999
20
-55.2038519999999977
11
48.4222279999999969
21
-55.2344480000000004
0
LINE
8
BLACK
6
CONTINUOUS
10
56.0422279999999944
20
-55.2344480000000004
11
56.1871170000000006
21
-55.2944630000000004
0
LINE
8
BLACK
6
CONTINUOUS
10
56.1871170000000006
20
-55.2944630000000004
11
56.3175150000000002
21
-55.3815919999999977
0
LINE
8
BLACK
6
CONTINUOUS
10
56.3175150000000002
20
-55.3815919999999977
11
56.4284079999999975
21
-55.492484999999995
0
LINE
8
BLACK
6
CONTINUOUS
10
56.4284079999999975
20
-55.492484999999995
11
56.5155369999999948
21
-55.6228829999999945
0
LINE
8
BLACK
6
CONTINUOUS
10
56.5155369999999948
20
-55.6228829999999945
11
56.5755519999999947
21
-55.7677720000000008
0
LINE
8
BLACK
6
CONTINUOUS
10
56.5755519999999947
20
-55.7677720000000008
11
56.6061479999999975
21
-55.9215859999999978
0
LINE
8
BLACK
6
CONTINUOUS
10
56.6061479999999975
20
-55.9215859999999978
11
56.6061479999999975
21
-56.0784139999999951
0
LINE
8
BLACK
6
CONTINUOUS
10
56.6061479999999975
20
-56.0784139999999951
11
56.5755519999999947
21
-56.2322279999999992
0
LINE
8
BLACK
6
CONTINUOUS
10
56.5755519999999947
20
-56.2322279999999992
11
56.5155369999999948
21
-56.3771169999999984
0
LINE
8
BLACK
6
CONTINUOUS
10
56.5155369999999948
20
-56.3771169999999984
11
56.4284079999999975
21
-56.5075149999999979
0
LINE
8
BLACK
6
CONTINUOUS
10
56.4284079999999975
20
-56.5075149999999979
11
56.3175150000000002
21
-56.6184079999999952
0
LINE
8
BLACK
6
CONTINUOUS
10
56.3175150000000002
20
-56.6184079999999952
11
56.1871170000000006
21
-56.7055369999999996
0
LINE
8
BLACK
6
CONTINUOUS
10
56.1871170000000006
20
-56.7055369999999996
11
56.0422279999999944
21
-56.7655519999999996
0
LINE
8
BLACK
6
CONTINUOUS
10
56.0422279999999944
20
-56.7655519999999996
11
55.8884139999999974
21
-56.7961479999999952
0
LINE
8
BLACK
6
CONTINUOUS
10
55.8884139999999974
20
-56.7961479999999952
11
55.7315860000000001
21
-56.7961479999999952
0
LINE
8
BLACK
6
CONTINUOUS
10
55.7315860000000001
20
-56.7961479999999952
11
55.577771999999996
21
-56.7655519999999996
0
LINE
8
BLACK
6
CONTINUOUS
10
55.577771999999996
20
-56.7655519999999996
11
55.4328829999999968
21
-56.7055369999999996
0
LINE
8
BLACK
6
CONTINUOUS
10
55.4328829999999968
20
-56.7055369999999996
11
55.3024849999999972
21
-56.6184079999999952
0
LINE
8
BLACK
6
CONTINUOUS
10
55.3024849999999972
20
-56.6184079999999952
11
55.191592
21
-56.5075149999999979
0
LINE
8
BLACK
6
CONTINUOUS
10
55.191592
20
-56.5075149999999979
11
55.1044629999999955
21
-56.3771169999999984
0
LINE
8
BLACK
6
CONTINUOUS
10
55.1044629999999955
20
-56.3771169999999984
11
55.0444479999999956
21
-56.2322279999999992
0
LINE
8
BLACK
6
CONTINUOUS
10
55.0444479999999956
20
-56.2322279999999992
11
55.013852
21
-56.0784139999999951
0
LINE
8
BLACK
6
CONTINUOUS
10
55.013852
20
-56.0784139999999951
11
55.013852
21
-55.9215859999999978
0
LINE
8
BLACK
6
CONTINUOUS
10
55.013852
20
-55.9215859999999978
11
55.0444479999999956
21
-55.7677720000000008
0
LINE
8
BLACK
6
CONTINUOUS
10
55.0444479999999956
20
-55.7677720000000008
11
55.1044629999999955
21
-55.6228829999999945
0
LINE
8
BLACK
6
CONTINUOUS
10
55.1044629999999955
20
-55.6228829999999945
11
55.191592
21
-55.492484999999995
0
LINE
8
BLACK
6
CONTINUOUS
10
55.191592
20
-55.492484999999995
11
55.3024849999999972
21
-55.3815919999999977
0
LINE
8
BLACK
6
CONTINUOUS
10
55.3024849999999972
20
-55.3815919999999977
11
55.4328829999999968
21
-55.2944630000000004
0
LINE
8
BLACK
6
CONTINUOUS
10
55.4328829999999968
20
-55.2944630000000004
11
55.577771999999996
21
-55.2344480000000004
0
LINE
8
BLACK
6
CONTINUOUS
10
55.577771999999996
20
-55.2344480000000004
11
55.7315860000000001
21
-55.2038519999999977
0
LINE
8
BLACK
6
CONTINUOUS
10
55.7315860000000001
20
-55.2038519999999977
11
55.8884139999999974
21
-55.2038519999999977
0
LINE
8
BLACK
6
CONTINUOUS
10
55.8884139999999974
20
-55.2038519999999977
11
56.0422279999999944
21
-55.2344480000000004
0
LINE
8
BLACK
6
CONTINUOUS
10
62.4222279999999969
20
-49.2344480000000004
11
62.5671169999999961
21
-49.2944630000000004
0
LINE
8
BLACK
6
CONTINUOUS
10
62.5671169999999961
20
-49.2944630000000004
11
62.6975149999999957
21
-49.3815919999999977
0
LINE
8
BLACK
6
CONTINUOUS
10
62.6975149999999957
20
-49.3815919999999977
11
62.808408
21
-49.492484999999995
0
LINE
8
BLACK
6
CONTINUOUS
10
62.808408
20
-49.492484999999995
11
62.8955369999999974
21
-49.6228829999999945
0
LINE
8
BLACK
6
CONTINUOUS
10
62.8955369999999974
20
-49.6228829999999945
11
62.9555519999999973
21
-49.7677720000000008
0
LINE
8
BLACK
6
CONTINUOUS
10
62.9555519999999973
20
-49.7677720000000008
11
62.986148
21
-49.9215859999999978
0
LINE
8
BLACK
6
CONTINUOUS
10
62.986148
20
-49.9215859999999978
11
62.986148
21
-50.0784139999999951
0
LINE
8
BLACK
6
CONTINUOUS
10
62.986148
20
-50.0784139999999951
11
62.9555519999999973
21
-50.2322279999999992
0
LINE
8
BLACK
6
CONTINUOUS
10
62.9555519999999973
20
-50.2322279999999992
11
62.8955369999999974
21
-50.3771169999999984
0
LINE
8
BLACK
6
CONTINUOUS
10
62.8955369999999974
20
-50.3771169999999984
11
62.808408
21
-50.5075149999999979
0
LINE
8
BLACK
6
CONTINUOUS
10
62.808408
20
-50.5075149999999979
11
62.6975149999999957
21
-50.6184079999999952
0
LINE
8
BLACK
6
CONTINUOUS
10
62.6975149999999957
20
-50.6184079999999952
11
62.5671169999999961
21
-50.7055369999999996
0
LINE
8
BLACK
6
CONTINUOUS
10
62.5671169999999961
20
-50.7055369999999996
11
62.4222279999999969
21
-50.7655519999999996
0
LINE
8
BLACK
6
CONTINUOUS
10
62.4222279999999969
20
-50.7655519999999996
11
62.2684139999999999
21
-50.7961479999999952
0
LINE
8
BLACK
6
CONTINUOUS
10
62.2684139999999999
20
-50.7961479999999952
11
62.1115859999999955
21
-50.7961479999999952
0
LINE
8
BLACK
6
CONTINUOUS
10
62.1115859999999955
20
-50.7961479999999952
11
61.9577719999999985
21
-50.7655519999999996
0
LINE
8
BLACK
6
CONTINUOUS
10
61.9577719999999985
20
-50.7655519999999996
11
61.8128829999999994
21
-50.7055369999999996
0
LINE
8
BLACK
6
CONTINUOUS
10
61.8128829999999994
20
-50.7055369999999996
11
61.6824849999999998
21
-50.6184079999999952
0
LINE
8
BLACK
6
CONTINUOUS
10
61.6824849999999998
20
-50.6184079999999952
11
61.5715919999999954
21
-50.5075149999999979
0
LINE
8
BLACK
6
CONTINUOUS
10
61.5715919999999954
20
-50.5075149999999979
11
61.4844629999999981
21
-50.3771169999999984
0
LINE
8
BLACK
6
CONTINUOUS
10
61.4844629999999981
20
-50.3771169999999984
11
61.4244479999999982
21
-50.2322279999999992
0
LINE
8
BLACK
6
CONTINUOUS
10
61.4244479999999982
20
-50.2322279999999992
11
61.3938519999999954
21
-50.0784139999999951
0
LINE
8
BLACK
6
CONTINUOUS
10
61.3938519999999954
20
-50.0784139999999951
11
61.3938519999999954
21
-49.9215859999999978
0
LINE
8
BLACK
6
CONTINUOUS
10
61.3938519999999954
20
-49.9215859999999978
11
61.4244479999999982
21
-49.7677720000000008
0
LINE
8
BLACK
6
CONTINUOUS
10
61.4244479999999982
20
-49.7677720000000008
11
61.4844629999999981
21
-49.6228829999999945
0
LINE
8
BLACK
6
CONTINUOUS
10
61.4844629999999981
20
-49.6228829999999945
11
61.5715919999999954
21
-49.492484999999995
0
LINE
8
BLACK
6
CONTINUOUS
10
61.5715919999999954
20
-49.492484999999995
11
61.6824849999999998
21
-49.3815919999999977
0
LINE
8
BLACK
6
CONTINUOUS
10
61.6824849999999998
20
-49.3815919999999977
11
61.8128829999999994
21
-49.2944630000000004
0
LINE
8
BLACK
6
CONTINUOUS
10
61.8128829999999994
20
-49.2944630000000004
11
61.9577719999999985
21
-49.2344480000000004
0
LINE
8
BLACK
6
CONTINUOUS
10
61.9577719999999985
20
-49.2344480000000004
11
62.1115859999999955
21
-49.2038519999999977
0
LINE
8
BLACK
6
CONTINUOUS
10
62.1115859999999955
20
-49.2038519999999977
11
62.2684139999999999
21
-49.2038519999999977
0
LINE
8
BLACK
6
CONTINUOUS
10
62.2684139999999999
20
-49.2038519999999977
11
62.4222279999999969
21
-49.2344480000000004
0
LINE
8
BLACK
6
CONTINUOUS
10
70.0422279999999944
20
-49.2344480000000004
11
70.1871170000000006
21
-49.2944630000000004
0
LINE
8
BLACK
6
CONTINUOUS
10
70.1871170000000006
20
-49.2944630000000004
11
70.3175150000000002
21
-49.3815919999999977
0
LINE
8
BLACK
6
CONTINUOUS
10
70.3175150000000002
20
-49.3815919999999977
11
70.4284079999999904
21
-49.492484999999995
0
LINE
8
BLACK
6
CONTINUOUS
10
70.4284079999999904
20
-49.492484999999995
11
70.5155369999999948
21
-49.6228829999999945
0
LINE
8
BLACK
6
CONTINUOUS
10
70.5155369999999948
20
-49.6228829999999945
11
70.5755520000000018
21
-49.7677720000000008
0
LINE
8
BLACK
6
CONTINUOUS
10
70.5755520000000018
20
-49.7677720000000008
11
70.6061479999999904
21
-49.9215859999999978
0
LINE
8
BLACK
6
CONTINUOUS
10
70.6061479999999904
20
-49.9215859999999978
11
70.6061479999999904
21
-50.0784139999999951
0
LINE
8
BLACK
6
CONTINUOUS
10
70.6061479999999904
20
-50.0784139999999951
11
70.5755520000000018
21
-50.2322279999999992
0
LINE
8
BLACK
6
CONTINUOUS
10
70.5755520000000018
20
-50.2322279999999992
11
70.5155369999999948
21
-50.3771169999999984
0
LINE
8
BLACK
6
CONTINUOUS
10
70.5155369999999948
20
-50.3771169999999984
11
70.4284079999999904
21
-50.5075149999999979
0
LINE
8
BLACK
6
CONTINUOUS
10
70.4284079999999904
20
-50.5075149999999979
11
70.3175150000000002
21
-50.6184079999999952
0
LINE
8
BLACK
6
CONTINUOUS
10
70.3175150000000002
20
-50.6184079999999952
11
70.1871170000000006
21
-50.7055369999999996
0
LINE
8
BLACK
6
CONTINUOUS
10
70.1871170000000006
20
-50.7055369999999996
11
70.0422279999999944
21
-50.7655519999999996
0
LINE
8
BLACK
6
CONTINUOUS
10
70.0422279999999944
20
-50.7655519999999996
11
69.8884139999999974
21
-50.7961479999999952
0
LINE
8
BLACK
6
CONTINUOUS
10
69.8884139999999974
20
-50.7961479999999952
11
69.731585999999993
21
-50.7961479999999952
0
LINE
8
BLACK
6
CONTINUOUS
10
69.731585999999993
20
-50.7961479999999952
11
69.577771999999996
21
-50.7655519999999996
0
LINE
8
BLACK
6
CONTINUOUS
10
69.577771999999996
20
-50.7655519999999996
11
69.4328830000000039
21
-50.7055369999999996
0
LINE
8
BLACK
6
CONTINUOUS
10
69.4328830000000039
20
-50.7055369999999996
11
69.3024849999999901
21
-50.6184079999999952
0
LINE
8
BLACK
6
CONTINUOUS
10
69.3024849999999901
20
-50.6184079999999952
11
69.191592
21
-50.5075149999999979
0
LINE
8
BLACK
6
CONTINUOUS
10
69.191592
20
-50.5075149999999979
11
69.1044629999999955
21
-50.3771169999999984
0
LINE
8
BLACK
6
CONTINUOUS
10
69.1044629999999955
20
-50.3771169999999984
11
69.0444480000000027
21
-50.2322279999999992
0
LINE
8
BLACK
6
CONTINUOUS
10
69.0444480000000027
20
-50.2322279999999992
11
69.013852
21
-50.0784139999999951
0
LINE
8
BLACK
6
CONTINUOUS
10
69.013852
20
-50.0784139999999951
11
69.013852
21
-49.9215859999999978
0
LINE
8
BLACK
6
CONTINUOUS
10
69.013852
20
-49.9215859999999978
11
69.0444480000000027
21
-49.7677720000000008
0
LINE
8
BLACK
6
CONTINUOUS
10
69.0444480000000027
20
-49.7677720000000008
11
69.1044629999999955
21
-49.6228829999999945
0
LINE
8
BLACK
6
CONTINUOUS
10
69.1044629999999955
20
-49.6228829999999945
11
69.191592
21
-49.492484999999995
0
LINE
8
BLACK
6
CONTINUOUS
10
69.191592
20
-49.492484999999995
11
69.3024849999999901
21
-49.3815919999999977
0
LINE
8
BLACK
6
CONTINUOUS
10
69.3024849999999901
20
-49.3815919999999977
11
69.4328830000000039
21
-49.2944630000000004
0
LINE
8
BLACK
6
CONTINUOUS
10
69.4328830000000039
20
-49.2944630000000004
11
69.577771999999996
21
-49.2344480000000004
0
LINE
8
BLACK
6
CONTINUOUS
10
69.577771999999996
20
-49.2344480000000004
11
69.731585999999993
21
-49.2038519999999977
0
LINE
8
BLACK
6
CONTINUOUS
10
69.731585999999993
20
-49.2038519999999977
11
69.8884139999999974
21
-49.2038519999999977
0
LINE
8
BLACK
6
CONTINUOUS
10
69.8884139999999974
20
-49.2038519999999977
11
70.0422279999999944
21
-49.2344480000000004
0
LINE
8
BLACK
6
CONTINUOUS
10
62.4222279999999969
20
-35.2344480000000004
11
62.5671169999999961
21
-35.2944630000000004
0
LINE
8
BLACK
6
CONTINUOUS
10
62.5671169999999961
20
-35.2944630000000004
11
62.6975149999999957
21
-35.3815919999999977
0
LINE
8
BLACK
6
CONTINUOUS
10
62.6975149999999957
20
-35.3815919999999977
11
62.808408
21
-35.492484999999995
0
LINE
8
BLACK
6
CONTINUOUS
10
62.808408
20
-35.492484999999995
11
62.8955369999999974
21
-35.6228830000000016
0
LINE
8
BLACK
6
CONTINUOUS
10
62.8955369999999974
20
-35.6228830000000016
11
62.9555519999999973
21
-35.7677720000000008
0
LINE
8
BLACK
6
CONTINUOUS
10
62.9555519999999973
20
-35.7677720000000008
11
62.986148
21
-35.9215859999999978
0
LINE
8
BLACK
6
CONTINUOUS
10
62.986148
20
-35.9215859999999978
11
62.986148
21
-36.0784139999999951
0
LINE
8
BLACK
6
CONTINUOUS
10
62.986148
20
-36.0784139999999951
11
62.9555519999999973
21
-36.2322279999999992
0
LINE
8
BLACK
6
CONTINUOUS
10
62.9555519999999973
20
-36.2322279999999992
11
62.8955369999999974
21
-36.3771169999999984
0
LINE
8
BLACK
6
CONTINUOUS
10
62.8955369999999974
20
-36.3771169999999984
11
62.808408
21
-36.5075149999999979
0
LINE
8
BLACK
6
CONTINUOUS
10
62.808408
20
-36.5075149999999979
11
62.6975149999999957
21
-36.6184079999999952
0
LINE
8
BLACK
6
CONTINUOUS
10
62.6975149999999957
20
-36.6184079999999952
11
62.5671169999999961
21
-36.7055369999999996
0
LINE
8
BLACK
6
CONTINUOUS
10
62.5671169999999961
20
-36.7055369999999996
11
62.4222279999999969
21
-36.7655519999999996
0
LINE
8
BLACK
6
CONTINUOUS
10
62.4222279999999969
20
-36.7655519999999996
11
62.2684139999999999
21
-36.7961479999999952
0
LINE
8
BLACK
6
CONTINUOUS
10
62.2684139999999999
20
-36.7961479999999952
11
62.1115859999999955
21
-36.7961479999999952
0
LINE
8
BLACK
6
CONTINUOUS
10
62.1115859999999955
20
-36.7961479999999952
11
61.9577719999999985
21
-36.7655519999999996
0
LINE
8
BLACK
6
CONTINUOUS
10
61.9577719999999985
20
-36.7655519999999996
11
61.8128829999999994
21
-36.7055369999999996
0
LINE
8
BLACK
6
CONTINUOUS
10
61.8128829999999994
20
-36.7055369999999996
11
61.6824849999999998
21
-36.6184079999999952
0
LINE
8
BLACK
6
CONTINUOUS
10
61.6824849999999998
20
-36.6184079999999952
11
61.5715919999999954
21
-36.5075149999999979
0
LINE
8
BLACK
6
CONTINUOUS
10
61.5715919999999954
20
-36.5075149999999979
11
61.4844629999999981
21
-36.3771169999999984
0
LINE
8
BLACK
6
CONTINUOUS
10
61.4844629999999981
20
-36.3771169999999984
11
61.4244479999999982
21
-36.2322279999999992
0
LINE
8
BLACK
6
CONTINUOUS
10
61.4244479999999982
20
-36.2322279999999992
11
61.3938519999999954
21
-36.0784139999999951
0
LINE
8
BLACK
6
CONTINUOUS
10
61.3938519999999954
20
-36.0784139999999951
11
61.3938519999999954
21
-35.9215859999999978
0
LINE
8
BLACK
6
CONTINUOUS
10
61.3938519999999954
20
-35.9215859999999978
11
61.4244479999999982
21
-35.7677720000000008
0
LINE
8
BLACK
6
CONTINUOUS
10
61.4244479999999982
20
-35.7677720000000008
11
61.4844629999999981
21
-35.6228830000000016
0
LINE
8
BLACK
6
CONTINUOUS
10
61.4844629999999981
20
-35.6228830000000016
11
61.5715919999999954
21
-35.492484999999995
0
LINE
8
BLACK
6
CONTINUOUS
10
61.5715919999999954
20
-35.492484999999995
11
61.6824849999999998
21
-35.3815919999999977
0
LINE
8
BLACK
6
CONTINUOUS
10
61.6824849999999998
20
-35.3815919999999977
11
61.8128829999999994
21
-35.2944630000000004
0
LINE
8
BLACK
6
CONTINUOUS
10
61.8128829999999994
20
-35.2944630000000004
11
61.9577719999999985
21
-35.2344480000000004
0
LINE
8
BLACK
6
CONTINUOUS
10
61.9577719999999985
20
-35.2344480000000004
11
62.1115859999999955
21
-35.2038519999999977
0
LINE
8
BLACK
6
CONTINUOUS
10
62.1115859999999955
20
-35.2038519999999977
11
62.2684139999999999
21
-35.2038519999999977
0
LINE
8
BLACK
6
CONTINUOUS
10
62.2684139999999999
20
-35.2038519999999977
11
62.4222279999999969
21
-35.2344480000000004
0
LINE
8
BLACK
6
CONTINUOUS
10
70.0422279999999944
20
-35.2344480000000004
11
70.1871170000000006
21
-35.2944630000000004
0
LINE
8
BLACK
6
CONTINUOUS
10
70.1871170000000006
20
-35.2944630000000004
11
70.3175150000000002
21
-35.3815919999999977
0
LINE
8
BLACK
6
CONTINUOUS
10
70.3175150000000002
20
-35.3815919999999977
11
70.4284079999999904
21
-35.492484999999995
0
LINE
8
BLACK
6
CONTINUOUS
10
70.4284079999999904
20
-35.492484999999995
11
70.5155369999999948
21
-35.6228830000000016
0
LINE
8
BLACK
6
CONTINUOUS
10
70.5155369999999948
20
-35.6228830000000016
11
70.5755520000000018
21
-35.7677720000000008
0
LINE
8
BLACK
6
CONTINUOUS
10
70.5755520000000018
20
-35.7677720000000008
11
70.6061479999999904
21
-35.9215859999999978
0
LINE
8
BLACK
6
CONTINUOUS
10
70.6061479999999904
20
-35.9215859999999978
11
70.6061479999999904
21
-36.0784139999999951
0
LINE
8
BLACK
6
CONTINUOUS
10
70.6061479999999904
20
-36.0784139999999951
11
70.5755520000000018
21
-36.2322279999999992
0
LINE
8
BLACK
6
CONTINUOUS
10
70.5755520000000018
20
-36.2322279999999992
11
70.5155369999999948
21
-36.3771169999999984
0
LINE
8
BLACK
6
CONTINUOUS
10
70.5155369999999948
20
-36.3771169999999984
11
70.4284079999999904
21
-36.5075149999999979
0
LINE
8
BLACK
6
CONTINUOUS
10
70.4284079999999904
20
-36.5075149999999979
11
70.3175150000000002
21
-36.6184079999999952
0
LINE
8
BLACK
6
CONTINUOUS
10
70.3175150000000002
20
-36.6184079999999952
11
70.1871170000000006
21
-36.7055369999999996
0
LINE
8
BLACK
6
CONTINUOUS
10
70.1871170000000006
20
-36.7055369999999996
11
70.0422279999999944
21
-36.7655519999999996
0
LINE
8
BLACK
6
CONTINUOUS
10
70.0422279999999944
20
-36.7655519999999996
11
69.8884139999999974
21
-36.7961479999999952
0
LINE
8
BLACK
6
CONTINUOUS
10
69.8884139999999974
20
-36.7961479999999952
11
69.731585999999993
21
-36.7961479999999952
0
LINE
8
BLACK
6
CONTINUOUS
10
69.731585999999993
20
-36.7961479999999952
11
69.577771999999996
21
-36.7655519999999996
0
LINE
8
BLACK
6
CONTINUOUS
10
69.577771999999996
20
-36.7655519999999996
11
69.4328830000000039
21
-36.7055369999999996
0
LINE
8
BLACK
6
CONTINUOUS
10
69.4328830000000039
20
-36.7055369999999996
11
69.3024849999999901
21
-36.6184079999999952
0
LINE
8
BLACK
6
CONTINUOUS
10
69.3024849999999901
20
-36.6184079999999952
11
69.191592
21
-36.5075149999999979
0
LINE
8
BLACK
6
CONTINUOUS
10
69.191592
20
-36.5075149999999979
11
69.1044629999999955
21
-36.3771169999999984
0
LINE
8
BLACK
6
CONTINUOUS
10
69.1044629999999955
20
-36.3771169999999984
11
69.0444480000000027
21
-36.2322279999999992
0
LINE
8
BLACK
6
CONTINUOUS
10
69.0444480000000027
20
-36.2322279999999992
11
69.013852
21
-36.0784139999999951
0
LINE
8
BLACK
6
CONTINUOUS
10
69.013852
20
-36.0784139999999951
11
69.013852
21
-35.9215859999999978
0
LINE
8
BLACK
6
CONTINUOUS
10
69.013852
20
-35.9215859999999978
11
69.0444480000000027
21
-35.7677720000000008
0
LINE
8
BLACK
6
CONTINUOUS
10
69.0444480000000027
20
-35.7677720000000008
11
69.1044629999999955
21
-35.6228830000000016
0
LINE
8
BLACK
6
CONTINUOUS
10
69.1044629999999955
20
-35.6228830000000016
11
69.191592
21
-35.492484999999995
0
LINE
8
BLACK
6
CONTINUOUS
10
69.191592
20
-35.492484999999995
11
69.3024849999999901
21
-35.3815919999999977
0
LINE
8
BLACK
6
CONTINUOUS
10
69.3024849999999901
20
-35.3815919999999977
11
69.4328830000000039
21
-35.2944630000000004
0
LINE
8
BLACK
6
CONTINUOUS
10
69.4328830000000039
20
-35.2944630000000004
11
69.577771999999996
21
-35.2344480000000004
0
LINE
8
BLACK
6
CONTINUOUS
10
69.577771999999996
20
-35.2344480000000004
11
69.731585999999993
21
-35.2038519999999977
0
LINE
8
BLACK
6
CONTINUOUS
10
69.731585999999993
20
-35.2038519999999977
11
69.8884139999999974
21
-35.2038519999999977
0
LINE
8
BLACK
6
CONTINUOUS
10
69.8884139999999974
20
-35.2038519999999977
11
70.0422279999999944
21
-35.2344480000000004
0
LINE
8
BLACK
6
CONTINUOUS
10
84.9404779999999988
20
-29.9986079999999973
11
84.9818619999999925
21
-30.039991999999998
0
LINE
8
BLACK
6
CONTINUOUS
10
84.9818619999999925
20
-30.039991999999998
11
85.0042600000000022
21
-30.0940639999999995
0
LINE
8
BLACK
6
CONTINUOUS
10
85.0042600000000022
20
-30.0940639999999995
11
85.0071420000000018
21
-30.1233279999999972
0
LINE
8
BLACK
6
CONTINUOUS
10
85.0071420000000018
20
-30.1233279999999972
11
85.0071420000000018
21
-31.3022029999999987
0
LINE
8
BLACK
6
CONTINUOUS
10
85.0071420000000018
20
-31.3022029999999987
11
85.05184899999999
21
-31.3916170000000001
0
LINE
8
BLACK
6
CONTINUOUS
10
85.05184899999999
20
-31.3916170000000001
11
85.0888530000000003
21
-31.4286209999999997
0
LINE
8
BLACK
6
CONTINUOUS
10
85.0888530000000003
20
-31.4286209999999997
11
85.1782669999999911
21
-31.4733279999999986
0
LINE
8
BLACK
6
CONTINUOUS
10
85.1782669999999911
20
-31.4733279999999986
11
85.3931609999999921
21
-31.4733279999999986
0
LINE
8
BLACK
6
CONTINUOUS
10
85.3931609999999921
20
-31.4733279999999986
11
85.4825730000000021
21
-31.4286219999999972
0
LINE
8
BLACK
6
CONTINUOUS
10
85.4825730000000021
20
-31.4286219999999972
11
85.5195779999999957
21
-31.3916170000000001
0
LINE
8
BLACK
6
CONTINUOUS
10
85.5195779999999957
20
-31.3916170000000001
11
85.5642849999999981
21
-31.3022039999999997
0
LINE
8
BLACK
6
CONTINUOUS
10
85.5642849999999981
20
-31.3022039999999997
11
85.5642849999999981
21
-30.1233279999999972
0
LINE
8
BLACK
6
CONTINUOUS
10
85.5642849999999981
20
-30.1233279999999972
11
85.5671669999999978
21
-30.0940639999999995
0
LINE
8
BLACK
6
CONTINUOUS
10
85.5671669999999978
20
-30.0940639999999995
11
85.5895649999999932
21
-30.039991999999998
0
LINE
8
BLACK
6
CONTINUOUS
10
85.5895649999999932
20
-30.039991999999998
11
85.6309490000000011
21
-29.9986079999999973
0
LINE
8
BLACK
6
CONTINUOUS
10
85.6309490000000011
20
-29.9986079999999973
11
85.6850209999999919
21
-29.9762099999999982
0
LINE
8
BLACK
6
CONTINUOUS
10
85.6850209999999919
20
-29.9762099999999982
11
85.7435490000000016
21
-29.9762099999999982
0
LINE
8
BLACK
6
CONTINUOUS
10
85.7435490000000016
20
-29.9762099999999982
11
85.7976209999999924
21
-29.9986079999999973
0
LINE
8
BLACK
6
CONTINUOUS
10
85.7976209999999924
20
-29.9986079999999973
11
85.8390050000000002
21
-30.039991999999998
0
LINE
8
BLACK
6
CONTINUOUS
10
85.8390050000000002
20
-30.039991999999998
11
85.8614029999999957
21
-30.0940639999999995
0
LINE
8
BLACK
6
CONTINUOUS
10
85.8614029999999957
20
-30.0940639999999995
11
85.8642849999999953
21
-30.1233279999999972
0
LINE
8
BLACK
6
CONTINUOUS
10
85.8642849999999953
20
-30.1233279999999972
11
85.8642849999999953
21
-31.3376139999999985
0
LINE
8
BLACK
6
CONTINUOUS
10
85.8642849999999953
20
-31.3376139999999985
11
85.8614029999999957
21
-31.3668779999999998
0
LINE
8
BLACK
6
CONTINUOUS
10
85.8614029999999957
20
-31.3668779999999998
11
85.8593400000000031
21
-31.3718559999999975
0
LINE
8
BLACK
6
CONTINUOUS
10
85.8593400000000031
20
-31.3718559999999975
11
85.8589589999999987
21
-31.3772319999999993
0
LINE
8
BLACK
6
CONTINUOUS
10
85.8589589999999987
20
-31.3772319999999993
11
85.8484490000000022
21
-31.4046950000000002
0
LINE
8
BLACK
6
CONTINUOUS
10
85.8484490000000022
20
-31.4046950000000002
11
85.7770209999999906
21
-31.5475529999999971
0
LINE
8
BLACK
6
CONTINUOUS
10
85.7770209999999906
20
-31.5475529999999971
11
85.7690939999999955
21
-31.5601439999999975
0
LINE
8
BLACK
6
CONTINUOUS
10
85.7690939999999955
20
-31.5601439999999975
11
85.7675780000000003
21
-31.5638059999999996
0
LINE
8
BLACK
6
CONTINUOUS
10
85.7675780000000003
20
-31.5638059999999996
11
85.7641939999999892
21
-31.5679279999999984
0
LINE
8
BLACK
6
CONTINUOUS
10
85.7641939999999892
20
-31.5679279999999984
11
85.7613559999999922
21
-31.5724379999999982
0
LINE
8
BLACK
6
CONTINUOUS
10
85.7613559999999922
20
-31.5724379999999982
11
85.7583640000000003
21
-31.5750320000000002
0
LINE
8
BLACK
6
CONTINUOUS
10
85.7583640000000003
20
-31.5750320000000002
11
85.7489229999999907
21
-31.5865369999999999
0
LINE
8
BLACK
6
CONTINUOUS
10
85.7489229999999907
20
-31.5865369999999999
11
85.6774939999999958
21
-31.6579659999999983
0
LINE
8
BLACK
6
CONTINUOUS
10
85.6774939999999958
20
-31.6579659999999983
11
85.6659920000000028
21
-31.6674049999999987
0
LINE
8
BLACK
6
CONTINUOUS
10
85.6659920000000028
20
-31.6674049999999987
11
85.6633959999999917
21
-31.6703989999999997
0
LINE
8
BLACK
6
CONTINUOUS
10
85.6633959999999917
20
-31.6703989999999997
11
85.6588819999999913
21
-31.6732389999999988
0
LINE
8
BLACK
6
CONTINUOUS
10
85.6588819999999913
20
-31.6732389999999988
11
85.6547630000000026
21
-31.6766209999999973
0
LINE
8
BLACK
6
CONTINUOUS
10
85.6547630000000026
20
-31.6766209999999973
11
85.651102999999992
21
-31.6781359999999985
0
LINE
8
BLACK
6
CONTINUOUS
10
85.651102999999992
20
-31.6781359999999985
11
85.6385099999999966
21
-31.6860639999999982
0
LINE
8
BLACK
6
CONTINUOUS
10
85.6385099999999966
20
-31.6860639999999982
11
85.4956529999999901
21
-31.7574919999999992
0
LINE
8
BLACK
6
CONTINUOUS
10
85.4956529999999901
20
-31.7574919999999992
11
85.4681889999999953
21
-31.7680019999999992
0
LINE
8
BLACK
6
CONTINUOUS
10
85.4681889999999953
20
-31.7680019999999992
11
85.462812999999997
21
-31.768383
0
LINE
8
BLACK
6
CONTINUOUS
10
85.462812999999997
20
-31.768383
11
85.4578350000000029
21
-31.7704459999999997
0
LINE
8
BLACK
6
CONTINUOUS
10
85.4578350000000029
20
-31.7704459999999997
11
85.4285709999999909
21
-31.7733279999999993
0
LINE
8
BLACK
6
CONTINUOUS
10
85.4285709999999909
20
-31.7733279999999993
11
85.1428569999999922
21
-31.7733279999999993
0
LINE
8
BLACK
6
CONTINUOUS
10
85.1428569999999922
20
-31.7733279999999993
11
85.1135929999999945
21
-31.7704459999999997
0
LINE
8
BLACK
6
CONTINUOUS
10
85.1135929999999945
20
-31.7704459999999997
11
85.1086140000000029
21
-31.768383
0
LINE
8
BLACK
6
CONTINUOUS
10
85.1086140000000029
20
-31.768383
11
85.1032390000000021
21
-31.7680019999999992
0
LINE
8
BLACK
6
CONTINUOUS
10
85.1032390000000021
20
-31.7680019999999992
11
85.0757759999999905
21
-31.7574919999999992
0
LINE
8
BLACK
6
CONTINUOUS
10
85.0757759999999905
20
-31.7574919999999992
11
84.9329180000000008
21
-31.6860639999999982
0
LINE
8
BLACK
6
CONTINUOUS
10
84.9329180000000008
20
-31.6860639999999982
11
84.9203260000000029
21
-31.6781369999999995
0
LINE
8
BLACK
6
CONTINUOUS
10
84.9203260000000029
20
-31.6781369999999995
11
84.9166649999999947
21
-31.6766209999999973
0
LINE
8
BLACK
6
CONTINUOUS
10
84.9166649999999947
20
-31.6766209999999973
11
84.912542000000002
21
-31.6732370000000003
0
LINE
8
BLACK
6
CONTINUOUS
10
84.912542000000002
20
-31.6732370000000003
11
84.9080330000000032
21
-31.6703989999999997
0
LINE
8
BLACK
6
CONTINUOUS
10
84.9080330000000032
20
-31.6703989999999997
11
84.9054379999999895
21
-31.6674069999999972
0
LINE
8
BLACK
6
CONTINUOUS
10
84.9054379999999895
20
-31.6674069999999972
11
84.8939340000000016
21
-31.6579659999999983
0
LINE
8
BLACK
6
CONTINUOUS
10
84.8939340000000016
20
-31.6579659999999983
11
84.8225049999999925
21
-31.5865369999999999
0
LINE
8
BLACK
6
CONTINUOUS
10
84.8225049999999925
20
-31.5865369999999999
11
84.8130649999999946
21
-31.5750349999999997
0
LINE
8
BLACK
6
CONTINUOUS
10
84.8130649999999946
20
-31.5750349999999997
11
84.810071999999991
21
-31.5724389999999993
0
LINE
8
BLACK
6
CONTINUOUS
10
84.810071999999991
20
-31.5724389999999993
11
84.8072310000000016
21
-31.5679249999999989
0
LINE
8
BLACK
6
CONTINUOUS
10
84.8072310000000016
20
-31.5679249999999989
11
84.8038499999999971
21
-31.5638059999999996
0
LINE
8
BLACK
6
CONTINUOUS
10
84.8038499999999971
20
-31.5638059999999996
11
84.8023340000000019
21
-31.5601459999999996
0
LINE
8
BLACK
6
CONTINUOUS
10
84.8023340000000019
20
-31.5601459999999996
11
84.7944069999999925
21
-31.5475529999999971
0
LINE
8
BLACK
6
CONTINUOUS
10
84.7944069999999925
20
-31.5475529999999971
11
84.7229779999999977
21
-31.4046959999999977
0
LINE
8
BLACK
6
CONTINUOUS
10
84.7229779999999977
20
-31.4046959999999977
11
84.7124689999999987
21
-31.3772329999999968
0
LINE
8
BLACK
6
CONTINUOUS
10
84.7124689999999987
20
-31.3772329999999968
11
84.7120869999999968
21
-31.3718579999999996
0
LINE
8
BLACK
6
CONTINUOUS
10
84.7120869999999968
20
-31.3718579999999996
11
84.71002399999999
21
-31.3668779999999998
0
LINE
8
BLACK
6
CONTINUOUS
10
84.71002399999999
20
-31.3668779999999998
11
84.7071419999999904
21
-31.3376139999999985
0
LINE
8
BLACK
6
CONTINUOUS
10
84.7071419999999904
20
-31.3376139999999985
11
84.7071419999999904
21
-30.1233279999999972
0
LINE
8
BLACK
6
CONTINUOUS
10
84.7071419999999904
20
-30.1233279999999972
11
84.71002399999999
21
-30.0940639999999995
0
LINE
8
BLACK
6
CONTINUOUS
10
84.71002399999999
20
-30.0940639999999995
11
84.7324219999999997
21
-30.039991999999998
0
LINE
8
BLACK
6
CONTINUOUS
10
84.7324219999999997
20
-30.039991999999998
11
84.7738059999999933
21
-29.9986079999999973
0
LINE
8
BLACK
6
CONTINUOUS
10
84.7738059999999933
20
-29.9986079999999973
11
84.8278779999999983
21
-29.9762099999999982
0
LINE
8
BLACK
6
CONTINUOUS
10
84.8278779999999983
20
-29.9762099999999982
11
84.8864059999999938
21
-29.9762099999999982
0
LINE
8
BLACK
6
CONTINUOUS
10
84.8864059999999938
20
-29.9762099999999982
11
84.9404779999999988
21
-29.9986079999999973
0
LINE
8
BLACK
6
CONTINUOUS
10
86.8001269999999892
20
-29.9762099999999982
11
86.8149779999999964
21
-29.9762099999999982
0
LINE
8
BLACK
6
CONTINUOUS
10
86.8149779999999964
20
-29.9762099999999982
11
86.828552000000002
21
-29.9818319999999972
0
LINE
8
BLACK
6
CONTINUOUS
10
86.828552000000002
20
-29.9818319999999972
11
86.8429709999999915
21
-29.9846849999999989
0
LINE
8
BLACK
6
CONTINUOUS
10
86.8429709999999915
20
-29.9846849999999989
11
86.8553309999999925
21
-29.9929249999999996
0
LINE
8
BLACK
6
CONTINUOUS
10
86.8553309999999925
20
-29.9929249999999996
11
86.8690500000000014
21
-29.9986079999999973
0
LINE
8
BLACK
6
CONTINUOUS
10
86.8690500000000014
20
-29.9986079999999973
11
86.8794389999999908
21
-30.0089969999999973
0
LINE
8
BLACK
6
CONTINUOUS
10
86.8794389999999908
20
-30.0089969999999973
11
86.8916699999999906
21
-30.0171509999999984
0
LINE
8
BLACK
6
CONTINUOUS
10
86.8916699999999906
20
-30.0171509999999984
11
86.8999349999999993
21
-30.0294929999999987
0
LINE
8
BLACK
6
CONTINUOUS
10
86.8999349999999993
20
-30.0294929999999987
11
86.9104339999999951
21
-30.039991999999998
0
LINE
8
BLACK
6
CONTINUOUS
10
86.9104339999999951
20
-30.039991999999998
11
86.916056999999995
21
-30.0535679999999985
0
LINE
8
BLACK
6
CONTINUOUS
10
86.916056999999995
20
-30.0535679999999985
11
86.9242359999999934
21
-30.0657809999999976
0
LINE
8
BLACK
6
CONTINUOUS
10
86.9242359999999934
20
-30.0657809999999976
11
86.9271480000000025
21
-30.0803429999999992
0
LINE
8
BLACK
6
CONTINUOUS
10
86.9271480000000025
20
-30.0803429999999992
11
86.9328319999999906
21
-30.0940639999999995
0
LINE
8
BLACK
6
CONTINUOUS
10
86.9328319999999906
20
-30.0940639999999995
11
86.9356829999999974
21
-30.1230159999999998
0
LINE
8
BLACK
6
CONTINUOUS
10
86.9356829999999974
20
-30.1230159999999998
11
86.9357139999999902
21
-30.1231699999999982
0
LINE
8
BLACK
6
CONTINUOUS
10
86.9357139999999902
20
-30.1231699999999982
11
86.9357029999999895
21
-30.1232219999999984
0
LINE
8
BLACK
6
CONTINUOUS
10
86.9357029999999895
20
-30.1232219999999984
11
86.9357139999999902
21
-30.1233279999999972
0
LINE
8
BLACK
6
CONTINUOUS
10
86.9357139999999902
20
-30.1233279999999972
11
86.9357139999999902
21
-31.4733279999999986
0
LINE
8
BLACK
6
CONTINUOUS
10
86.9357139999999902
20
-31.4733279999999986
11
87.2142860000000013
21
-31.4733279999999986
0
LINE
8
BLACK
6
CONTINUOUS
10
87.2142860000000013
20
-31.4733279999999986
11
87.243549999999999
21
-31.4762099999999982
0
LINE
8
BLACK
6
CONTINUOUS
10
87.243549999999999
20
-31.4762099999999982
11
87.2976219999999898
21
-31.4986079999999973
0
LINE
8
BLACK
6
CONTINUOUS
10
87.2976219999999898
20
-31.4986079999999973
11
87.3390059999999977
21
-31.539991999999998
0
LINE
8
BLACK
6
CONTINUOUS
10
87.3390059999999977
20
-31.539991999999998
11
87.3614039999999932
21
-31.5940639999999995
0
LINE
8
BLACK
6
CONTINUOUS
10
87.3614039999999932
20
-31.5940639999999995
11
87.3614039999999932
21
-31.6525919999999985
0
LINE
8
BLACK
6
CONTINUOUS
10
87.3614039999999932
20
-31.6525919999999985
11
87.3390059999999977
21
-31.706664
0
LINE
8
BLACK
6
CONTINUOUS
10
87.3390059999999977
20
-31.706664
11
87.2976219999999898
21
-31.7480479999999972
0
LINE
8
BLACK
6
CONTINUOUS
10
87.2976219999999898
20
-31.7480479999999972
11
87.243549999999999
21
-31.7704459999999997
0
LINE
8
BLACK
6
CONTINUOUS
10
87.243549999999999
20
-31.7704459999999997
11
87.2142860000000013
21
-31.7733279999999993
0
LINE
8
BLACK
6
CONTINUOUS
10
87.2142860000000013
20
-31.7733279999999993
11
86.3571429999999935
21
-31.7733279999999993
0
LINE
8
BLACK
6
CONTINUOUS
10
86.3571429999999935
20
-31.7733279999999993
11
86.3278789999999958
21
-31.7704459999999997
0
LINE
8
BLACK
6
CONTINUOUS
10
86.3278789999999958
20
-31.7704459999999997
11
86.2738069999999908
21
-31.7480479999999972
0
LINE
8
BLACK
6
CONTINUOUS
10
86.2738069999999908
20
-31.7480479999999972
11
86.2324229999999972
21
-31.706664
0
LINE
8
BLACK
6
CONTINUOUS
10
86.2324229999999972
20
-31.706664
11
86.2100250000000017
21
-31.6525919999999985
0
LINE
8
BLACK
6
CONTINUOUS
10
86.2100250000000017
20
-31.6525919999999985
11
86.2100250000000017
21
-31.5940639999999995
0
LINE
8
BLACK
6
CONTINUOUS
10
86.2100250000000017
20
-31.5940639999999995
11
86.2324229999999972
21
-31.539991999999998
0
LINE
8
BLACK
6
CONTINUOUS
10
86.2324229999999972
20
-31.539991999999998
11
86.2738069999999908
21
-31.4986079999999973
0
LINE
8
BLACK
6
CONTINUOUS
10
86.2738069999999908
20
-31.4986079999999973
11
86.3278789999999958
21
-31.4762099999999982
0
LINE
8
BLACK
6
CONTINUOUS
10
86.3278789999999958
20
-31.4762099999999982
11
86.3571429999999935
21
-31.4733279999999986
0
LINE
8
BLACK
6
CONTINUOUS
10
86.3571429999999935
20
-31.4733279999999986
11
86.635713999999993
21
-31.4733279999999986
0
LINE
8
BLACK
6
CONTINUOUS
10
86.635713999999993
20
-31.4733279999999986
11
86.635713999999993
21
-30.5568889999999982
0
LINE
8
BLACK
6
CONTINUOUS
10
86.635713999999993
20
-30.5568889999999982
11
86.6060659999999984
21
-30.5865369999999999
0
LINE
8
BLACK
6
CONTINUOUS
10
86.6060659999999984
20
-30.5865369999999999
11
86.5945639999999912
21
-30.5959760000000003
0
LINE
8
BLACK
6
CONTINUOUS
10
86.5945639999999912
20
-30.5959760000000003
11
86.5919679999999943
21
-30.5989699999999978
0
LINE
8
BLACK
6
CONTINUOUS
10
86.5919679999999943
20
-30.5989699999999978
11
86.5874539999999939
21
-30.6018099999999968
0
LINE
8
BLACK
6
CONTINUOUS
10
86.5874539999999939
20
-30.6018099999999968
11
86.5833349999999911
21
-30.6051919999999988
0
LINE
8
BLACK
6
CONTINUOUS
10
86.5833349999999911
20
-30.6051919999999988
11
86.5796749999999946
21
-30.6067070000000001
0
LINE
8
BLACK
6
CONTINUOUS
10
86.5796749999999946
20
-30.6067070000000001
11
86.5670819999999992
21
-30.6146349999999998
0
LINE
8
BLACK
6
CONTINUOUS
10
86.5670819999999992
20
-30.6146349999999998
11
86.4242249999999927
21
-30.6860639999999982
0
LINE
8
BLACK
6
CONTINUOUS
10
86.4242249999999927
20
-30.6860639999999982
11
86.3967619999999954
21
-30.6965729999999972
0
LINE
8
BLACK
6
CONTINUOUS
10
86.3967619999999954
20
-30.6965729999999972
11
86.3383819999999957
21
-30.700721999999999
0
LINE
8
BLACK
6
CONTINUOUS
10
86.3383819999999957
20
-30.700721999999999
11
86.282859000000002
21
-30.6822149999999993
0
LINE
8
BLACK
6
CONTINUOUS
10
86.282859000000002
20
-30.6822149999999993
11
86.2386439999999936
21
-30.6438679999999977
0
LINE
8
BLACK
6
CONTINUOUS
10
86.2386439999999936
20
-30.6438679999999977
11
86.2124699999999962
21
-30.5915189999999981
0
LINE
8
BLACK
6
CONTINUOUS
10
86.2124699999999962
20
-30.5915189999999981
11
86.208320999999998
21
-30.5331389999999985
0
LINE
8
BLACK
6
CONTINUOUS
10
86.208320999999998
20
-30.5331389999999985
11
86.2268279999999976
21
-30.4776159999999976
0
LINE
8
BLACK
6
CONTINUOUS
10
86.2268279999999976
20
-30.4776159999999976
11
86.2651749999999993
21
-30.4334009999999999
0
LINE
8
BLACK
6
CONTINUOUS
10
86.2651749999999993
20
-30.4334009999999999
11
86.2900609999999944
21
-30.4177359999999979
0
LINE
8
BLACK
6
CONTINUOUS
10
86.2900609999999944
20
-30.4177359999999979
11
86.4111460000000022
21
-30.3571919999999977
0
LINE
8
BLACK
6
CONTINUOUS
10
86.4111460000000022
20
-30.3571919999999977
11
86.5262869999999964
21
-30.242051
0
LINE
8
BLACK
6
CONTINUOUS
10
86.5262869999999964
20
-30.242051
11
86.6609069999999946
21
-30.0401229999999977
0
LINE
8
BLACK
6
CONTINUOUS
10
86.6609069999999946
20
-30.0401229999999977
11
86.6609729999999985
21
-30.0400419999999997
0
LINE
8
BLACK
6
CONTINUOUS
10
86.6609729999999985
20
-30.0400419999999997
11
86.6609940000000023
21
-30.039991999999998
0
LINE
8
BLACK
6
CONTINUOUS
10
86.6609940000000023
20
-30.039991999999998
11
86.6611049999999921
21
-30.0398800000000001
0
LINE
8
BLACK
6
CONTINUOUS
10
86.6611049999999921
20
-30.0398800000000001
11
86.6795369999999963
21
-30.0173719999999982
0
LINE
8
BLACK
6
CONTINUOUS
10
86.6795369999999963
20
-30.0173719999999982
11
86.6918790000000001
21
-30.0091059999999992
0
LINE
8
BLACK
6
CONTINUOUS
10
86.6918790000000001
20
-30.0091059999999992
11
86.702377999999996
21
-29.9986079999999973
0
LINE
8
BLACK
6
CONTINUOUS
10
86.702377999999996
20
-29.9986079999999973
11
86.7159539999999964
21
-29.9929839999999999
0
LINE
8
BLACK
6
CONTINUOUS
10
86.7159539999999964
20
-29.9929839999999999
11
86.7281669999999991
21
-29.984805999999999
0
LINE
8
BLACK
6
CONTINUOUS
10
86.7281669999999991
20
-29.984805999999999
11
86.7427279999999996
21
-29.9818929999999995
0
LINE
8
BLACK
6
CONTINUOUS
10
86.7427279999999996
20
-29.9818929999999995
11
86.756450000000001
21
-29.9762099999999982
0
LINE
8
BLACK
6
CONTINUOUS
10
86.756450000000001
20
-29.9762099999999982
11
86.7711469999999991
21
-29.9762099999999982
0
LINE
8
BLACK
6
CONTINUOUS
10
86.7711469999999991
20
-29.9762099999999982
11
86.7855569999999972
21
-29.9733279999999986
0
LINE
8
BLACK
6
CONTINUOUS
10
86.7855569999999972
20
-29.9733279999999986
11
86.8001269999999892
21
-29.9762099999999982
0
LINE
8
BLACK
6
CONTINUOUS
10
39.0399999999999991
20
-31.5
11
36.0399999999999991
21
-31.5
0
LINE
8
BLACK
6
CONTINUOUS
10
36.0399999999999991
20
-31.5
11
36.0399999999999991
21
-28.5
0
LINE
8
BLACK
6
CONTINUOUS
10
36.0399999999999991
20
-28.5
11
39.0399999999999991
21
-28.5
0
LINE
8
BLACK
6
CONTINUOUS
10
39.0399999999999991
20
-28.5
11
39.0399999999999991
21
-31.5
0
LINE
8
BLACK
6
CONTINUOUS
10
53.0735479999999953
20
-26.702576999999998
11
53.073563
21
-26.702576999999998
0
LINE
8
BLACK
6
CONTINUOUS
10
53.073563
20
-26.702576999999998
11
53.1996419999999972
21
-26.7363599999999977
0
LINE
8
BLACK
6
CONTINUOUS
10
53.1996419999999972
20
-26.7363599999999977
11
53.3126809999999978
21
-26.8016229999999993
0
LINE
8
BLACK
6
CONTINUOUS
10
53.3126809999999978
20
-26.8016229999999993
11
53.3126959999999954
21
-26.8016380000000005
0
LINE
8
BLACK
6
CONTINUOUS
10
53.3126959999999954
20
-26.8016380000000005
11
53.3618529999999964
21
-26.8447469999999981
0
LINE
8
BLACK
6
CONTINUOUS
10
53.3618529999999964
20
-26.8447469999999981
11
55.7227209999999999
21
-29.2056149999999981
0
LINE
8
BLACK
6
CONTINUOUS
10
55.7227209999999999
20
-29.2056149999999981
11
55.7315860000000001
21
-29.2038519999999977
0
LINE
8
BLACK
6
CONTINUOUS
10
55.7315860000000001
20
-29.2038519999999977
11
55.8884139999999974
21
-29.2038519999999977
0
LINE
8
BLACK
6
CONTINUOUS
10
55.8884139999999974
20
-29.2038519999999977
11
56.0422279999999944
21
-29.2344480000000004
0
LINE
8
BLACK
6
CONTINUOUS
10
56.0422279999999944
20
-29.2344480000000004
11
56.1871170000000006
21
-29.2944630000000004
0
LINE
8
BLACK
6
CONTINUOUS
10
56.1871170000000006
20
-29.2944630000000004
11
56.3175150000000002
21
-29.3815919999999977
0
LINE
8
BLACK
6
CONTINUOUS
10
56.3175150000000002
20
-29.3815919999999977
11
56.4284079999999975
21
-29.4924849999999985
0
LINE
8
BLACK
6
CONTINUOUS
10
56.4284079999999975
20
-29.4924849999999985
11
56.5155369999999948
21
-29.6228829999999981
0
LINE
8
BLACK
6
CONTINUOUS
10
56.5155369999999948
20
-29.6228829999999981
11
56.5755519999999947
21
-29.7677719999999972
0
LINE
8
BLACK
6
CONTINUOUS
10
56.5755519999999947
20
-29.7677719999999972
11
56.6061479999999975
21
-29.9215859999999978
0
LINE
8
BLACK
6
CONTINUOUS
10
56.6061479999999975
20
-29.9215859999999978
11
56.6061479999999975
21
-30.0784139999999987
0
LINE
8
BLACK
6
CONTINUOUS
10
56.6061479999999975
20
-30.0784139999999987
11
56.5755519999999947
21
-30.2322279999999992
0
LINE
8
BLACK
6
CONTINUOUS
10
56.5755519999999947
20
-30.2322279999999992
11
56.5155369999999948
21
-30.3771169999999984
0
LINE
8
BLACK
6
CONTINUOUS
10
56.5155369999999948
20
-30.3771169999999984
11
56.4284079999999975
21
-30.5075149999999979
0
LINE
8
BLACK
6
CONTINUOUS
10
56.4284079999999975
20
-30.5075149999999979
11
56.3175150000000002
21
-30.6184079999999987
0
LINE
8
BLACK
6
CONTINUOUS
10
56.3175150000000002
20
-30.6184079999999987
11
56.1871170000000006
21
-30.7055369999999996
0
LINE
8
BLACK
6
CONTINUOUS
10
56.1871170000000006
20
-30.7055369999999996
11
56.0422279999999944
21
-30.7655519999999996
0
LINE
8
BLACK
6
CONTINUOUS
10
56.0422279999999944
20
-30.7655519999999996
11
55.8884139999999974
21
-30.7961479999999987
0
LINE
8
BLACK
6
CONTINUOUS
10
55.8884139999999974
20
-30.7961479999999987
11
55.7315860000000001
21
-30.7961479999999987
0
LINE
8
BLACK
6
CONTINUOUS
10
55.7315860000000001
20
-30.7961479999999987
11
55.577771999999996
21
-30.7655519999999996
0
LINE
8
BLACK
6
CONTINUOUS
10
55.577771999999996
20
-30.7655519999999996
11
55.4328829999999968
21
-30.7055369999999996
0
LINE
8
BLACK
6
CONTINUOUS
10
55.4328829999999968
20
-30.7055369999999996
11
55.3024849999999972
21
-30.6184079999999987
0
LINE
8
BLACK
6
CONTINUOUS
10
55.3024849999999972
20
-30.6184079999999987
11
55.191592
21
-30.5075149999999979
0
LINE
8
BLACK
6
CONTINUOUS
10
55.191592
20
-30.5075149999999979
11
55.1044629999999955
21
-30.3771169999999984
0
LINE
8
BLACK
6
CONTINUOUS
10
55.1044629999999955
20
-30.3771169999999984
11
55.0444479999999956
21
-30.2322279999999992
0
LINE
8
BLACK
6
CONTINUOUS
10
55.0444479999999956
20
-30.2322279999999992
11
55.013852
21
-30.0784139999999987
0
LINE
8
BLACK
6
CONTINUOUS
10
55.013852
20
-30.0784139999999987
11
55.013852
21
-29.9215859999999978
0
LINE
8
BLACK
6
CONTINUOUS
10
55.013852
20
-29.9215859999999978
11
55.0156149999999968
21
-29.9127209999999977
0
LINE
8
BLACK
6
CONTINUOUS
10
55.0156149999999968
20
-29.9127209999999977
11
52.8011939999999953
21
-27.6982999999999997
0
LINE
8
BLACK
6
CONTINUOUS
10
52.8011939999999953
20
-27.6982999999999997
11
35.4688060000000007
21
-27.6982999999999997
0
LINE
8
BLACK
6
CONTINUOUS
10
35.4688060000000007
20
-27.6982999999999997
11
33.8104820000000004
21
-29.356622999999999
0
LINE
8
BLACK
6
CONTINUOUS
10
33.8104820000000004
20
-29.356622999999999
11
33.8458189999999988
21
-29.4259749999999976
0
LINE
8
BLACK
6
CONTINUOUS
10
33.8458189999999988
20
-29.4259749999999976
11
33.9185549999999978
21
-29.649832
0
LINE
8
BLACK
6
CONTINUOUS
10
33.9185549999999978
20
-29.649832
11
33.9553760000000011
21
-29.8823109999999978
0
LINE
8
BLACK
6
CONTINUOUS
10
33.9553760000000011
20
-29.8823109999999978
11
33.9553760000000011
21
-30.1176889999999986
0
LINE
8
BLACK
6
CONTINUOUS
10
33.9553760000000011
20
-30.1176889999999986
11
33.9185549999999978
21
-30.350168
0
LINE
8
BLACK
6
CONTINUOUS
10
33.9185549999999978
20
-30.350168
11
33.8458189999999988
21
-30.5740249999999989
0
LINE
8
BLACK
6
CONTINUOUS
10
33.8458189999999988
20
-30.5740249999999989
11
33.7389599999999987
21
-30.7837479999999992
0
LINE
8
BLACK
6
CONTINUOUS
10
33.7389599999999987
20
-30.7837479999999992
11
33.6006089999999986
21
-30.9741719999999994
0
LINE
8
BLACK
6
CONTINUOUS
10
33.6006089999999986
20
-30.9741719999999994
11
33.4341719999999967
21
-31.1406089999999978
0
LINE
8
BLACK
6
CONTINUOUS
10
33.4341719999999967
20
-31.1406089999999978
11
33.2437479999999965
21
-31.2789599999999979
0
LINE
8
BLACK
6
CONTINUOUS
10
33.2437479999999965
20
-31.2789599999999979
11
33.0340249999999997
21
-31.3858189999999979
0
LINE
8
BLACK
6
CONTINUOUS
10
33.0340249999999997
20
-31.3858189999999979
11
32.8101679999999973
21
-31.4585549999999969
0
LINE
8
BLACK
6
CONTINUOUS
10
32.8101679999999973
20
-31.4585549999999969
11
32.5776889999999995
21
-31.4953760000000003
0
LINE
8
BLACK
6
CONTINUOUS
10
32.5776889999999995
20
-31.4953760000000003
11
32.3423109999999951
21
-31.4953760000000003
0
LINE
8
BLACK
6
CONTINUOUS
10
32.3423109999999951
20
-31.4953760000000003
11
32.1098319999999973
21
-31.4585549999999969
0
LINE
8
BLACK
6
CONTINUOUS
10
32.1098319999999973
20
-31.4585549999999969
11
31.8859749999999984
21
-31.3858189999999979
0
LINE
8
BLACK
6
CONTINUOUS
10
31.8859749999999984
20
-31.3858189999999979
11
31.6762519999999981
21
-31.2789599999999979
0
LINE
8
BLACK
6
CONTINUOUS
10
31.6762519999999981
20
-31.2789599999999979
11
31.4858279999999979
21
-31.1406089999999978
0
LINE
8
BLACK
6
CONTINUOUS
10
31.4858279999999979
20
-31.1406089999999978
11
31.3193909999999995
21
-30.9741719999999994
0
LINE
8
BLACK
6
CONTINUOUS
10
31.3193909999999995
20
-30.9741719999999994
11
31.1810399999999994
21
-30.7837479999999992
0
LINE
8
BLACK
6
CONTINUOUS
10
31.1810399999999994
20
-30.7837479999999992
11
31.0741809999999994
21
-30.5740249999999989
0
LINE
8
BLACK
6
CONTINUOUS
10
31.0741809999999994
20
-30.5740249999999989
11
31.0014450000000004
21
-30.350168
0
LINE
8
BLACK
6
CONTINUOUS
10
31.0014450000000004
20
-30.350168
11
30.964623999999997
21
-30.1176889999999986
0
LINE
8
BLACK
6
CONTINUOUS
10
30.964623999999997
20
-30.1176889999999986
11
30.964623999999997
21
-29.8823109999999978
0
LINE
8
BLACK
6
CONTINUOUS
10
30.964623999999997
20
-29.8823109999999978
11
31.0014450000000004
21
-29.649832
0
LINE
8
BLACK
6
CONTINUOUS
10
31.0014450000000004
20
-29.649832
11
31.0741809999999994
21
-29.4259749999999976
0
LINE
8
BLACK
6
CONTINUOUS
10
31.0741809999999994
20
-29.4259749999999976
11
31.1810399999999994
21
-29.2162519999999972
0
LINE
8
BLACK
6
CONTINUOUS
10
31.1810399999999994
20
-29.2162519999999972
11
31.3193909999999995
21
-29.0258279999999971
0
LINE
8
BLACK
6
CONTINUOUS
10
31.3193909999999995
20
-29.0258279999999971
11
31.4858279999999979
21
-28.8593909999999987
0
LINE
8
BLACK
6
CONTINUOUS
10
31.4858279999999979
20
-28.8593909999999987
11
31.6762519999999981
21
-28.7210399999999986
0
LINE
8
BLACK
6
CONTINUOUS
10
31.6762519999999981
20
-28.7210399999999986
11
31.8859749999999984
21
-28.6141809999999985
0
LINE
8
BLACK
6
CONTINUOUS
10
31.8859749999999984
20
-28.6141809999999985
11
32.1098319999999973
21
-28.5414449999999995
0
LINE
8
BLACK
6
CONTINUOUS
10
32.1098319999999973
20
-28.5414449999999995
11
32.3423109999999951
21
-28.5046239999999997
0
LINE
8
BLACK
6
CONTINUOUS
10
32.3423109999999951
20
-28.5046239999999997
11
32.5776889999999995
21
-28.5046239999999997
0
LINE
8
BLACK
6
CONTINUOUS
10
32.5776889999999995
20
-28.5046239999999997
11
32.8101679999999973
21
-28.5414449999999995
0
LINE
8
BLACK
6
CONTINUOUS
10
32.8101679999999973
20
-28.5414449999999995
11
33.0340249999999997
21
-28.6141809999999985
0
LINE
8
BLACK
6
CONTINUOUS
10
33.0340249999999997
20
-28.6141809999999985
11
33.1033759999999972
21
-28.6495169999999995
0
LINE
8
BLACK
6
CONTINUOUS
10
33.1033759999999972
20
-28.6495169999999995
11
34.9081469999999996
21
-26.8447469999999981
0
LINE
8
BLACK
6
CONTINUOUS
10
34.9081469999999996
20
-26.8447469999999981
11
34.9573099999999997
21
-26.8016310000000004
0
LINE
8
BLACK
6
CONTINUOUS
10
34.9573099999999997
20
-26.8016310000000004
11
34.9573189999999983
21
-26.8016229999999993
0
LINE
8
BLACK
6
CONTINUOUS
10
34.9573189999999983
20
-26.8016229999999993
11
35.0703579999999988
21
-26.7363599999999977
0
LINE
8
BLACK
6
CONTINUOUS
10
35.0703579999999988
20
-26.7363599999999977
11
35.196436999999996
21
-26.702576999999998
0
LINE
8
BLACK
6
CONTINUOUS
10
35.196436999999996
20
-26.702576999999998
11
35.1964520000000007
21
-26.702576999999998
0
LINE
8
BLACK
6
CONTINUOUS
10
35.1964520000000007
20
-26.702576999999998
11
35.2616999999999976
21
-26.6982999999999997
0
LINE
8
BLACK
6
CONTINUOUS
10
35.2616999999999976
20
-26.6982999999999997
11
53.0082999999999984
21
-26.6982999999999997
0
LINE
8
BLACK
6
CONTINUOUS
10
53.0082999999999984
20
-26.6982999999999997
11
53.0735479999999953
21
-26.702576999999998
0
LINE
8
BLACK
6
CONTINUOUS
10
48.4222279999999969
20
-29.2344480000000004
11
48.5671169999999961
21
-29.2944630000000004
0
LINE
8
BLACK
6
CONTINUOUS
10
48.5671169999999961
20
-29.2944630000000004
11
48.6975149999999957
21
-29.3815919999999977
0
LINE
8
BLACK
6
CONTINUOUS
10
48.6975149999999957
20
-29.3815919999999977
11
48.808408
21
-29.4924849999999985
0
LINE
8
BLACK
6
CONTINUOUS
10
48.808408
20
-29.4924849999999985
11
48.8955369999999974
21
-29.6228829999999981
0
LINE
8
BLACK
6
CONTINUOUS
10
48.8955369999999974
20
-29.6228829999999981
11
48.9555519999999973
21
-29.7677719999999972
0
LINE
8
BLACK
6
CONTINUOUS
10
48.9555519999999973
20
-29.7677719999999972
11
48.986148
21
-29.9215859999999978
0
LINE
8
BLACK
6
CONTINUOUS
10
48.986148
20
-29.9215859999999978
11
48.986148
21
-30.0784139999999987
0
LINE
8
BLACK
6
CONTINUOUS
10
48.986148
20
-30.0784139999999987
11
48.9555519999999973
21
-30.2322279999999992
0
LINE
8
BLACK
6
CONTINUOUS
10
48.9555519999999973
20
-30.2322279999999992
11
48.8955369999999974
21
-30.3771169999999984
0
LINE
8
BLACK
6
CONTINUOUS
10
48.8955369999999974
20
-30.3771169999999984
11
48.808408
21
-30.5075149999999979
0
LINE
8
BLACK
6
CONTINUOUS
10
48.808408
20
-30.5075149999999979
11
48.6975149999999957
21
-30.6184079999999987
0
LINE
8
BLACK
6
CONTINUOUS
10
48.6975149999999957
20
-30.6184079999999987
11
48.5671169999999961
21
-30.7055369999999996
0
LINE
8
BLACK
6
CONTINUOUS
10
48.5671169999999961
20
-30.7055369999999996
11
48.4222279999999969
21
-30.7655519999999996
0
LINE
8
BLACK
6
CONTINUOUS
10
48.4222279999999969
20
-30.7655519999999996
11
48.2684139999999999
21
-30.7961479999999987
0
LINE
8
BLACK
6
CONTINUOUS
10
48.2684139999999999
20
-30.7961479999999987
11
48.1115859999999955
21
-30.7961479999999987
0
LINE
8
BLACK
6
CONTINUOUS
10
48.1115859999999955
20
-30.7961479999999987
11
47.9577719999999985
21
-30.7655519999999996
0
LINE
8
BLACK
6
CONTINUOUS
10
47.9577719999999985
20
-30.7655519999999996
11
47.8128829999999994
21
-30.7055369999999996
0
LINE
8
BLACK
6
CONTINUOUS
10
47.8128829999999994
20
-30.7055369999999996
11
47.6824849999999998
21
-30.6184079999999987
0
LINE
8
BLACK
6
CONTINUOUS
10
47.6824849999999998
20
-30.6184079999999987
11
47.5715919999999954
21
-30.5075149999999979
0
LINE
8
BLACK
6
CONTINUOUS
10
47.5715919999999954
20
-30.5075149999999979
11
47.4844629999999981
21
-30.3771169999999984
0
LINE
8
BLACK
6
CONTINUOUS
10
47.4844629999999981
20
-30.3771169999999984
11
47.4244479999999982
21
-30.2322279999999992
0
LINE
8
BLACK
6
CONTINUOUS
10
47.4244479999999982
20
-30.2322279999999992
11
47.3938519999999954
21
-30.0784139999999987
0
LINE
8
BLACK
6
CONTINUOUS
10
47.3938519999999954
20
-30.0784139999999987
11
47.3938519999999954
21
-29.9215859999999978
0
LINE
8
BLACK
6
CONTINUOUS
10
47.3938519999999954
20
-29.9215859999999978
11
47.4244479999999982
21
-29.7677719999999972
0
LINE
8
BLACK
6
CONTINUOUS
10
47.4244479999999982
20
-29.7677719999999972
11
47.4844629999999981
21
-29.6228829999999981
0
LINE
8
BLACK
6
CONTINUOUS
10
47.4844629999999981
20
-29.6228829999999981
11
47.5715919999999954
21
-29.4924849999999985
0
LINE
8
BLACK
6
CONTINUOUS
10
47.5715919999999954
20
-29.4924849999999985
11
47.6824849999999998
21
-29.3815919999999977
0
LINE
8
BLACK
6
CONTINUOUS
10
47.6824849999999998
20
-29.3815919999999977
11
47.8128829999999994
21
-29.2944630000000004
0
LINE
8
BLACK
6
CONTINUOUS
10
47.8128829999999994
20
-29.2944630000000004
11
47.9577719999999985
21
-29.2344480000000004
0
LINE
8
BLACK
6
CONTINUOUS
10
47.9577719999999985
20
-29.2344480000000004
11
48.1115859999999955
21
-29.2038519999999977
0
LINE
8
BLACK
6
CONTINUOUS
10
48.1115859999999955
20
-29.2038519999999977
11
48.2684139999999999
21
-29.2038519999999977
0
LINE
8
BLACK
6
CONTINUOUS
10
48.2684139999999999
20
-29.2038519999999977
11
48.4222279999999969
21
-29.2344480000000004
0
LINE
8
BLACK
6
CONTINUOUS
10
74.1351269999999971
20
-27.7562099999999994
11
74.1499779999999902
21
-27.7562099999999994
0
LINE
8
BLACK
6
CONTINUOUS
10
74.1499779999999902
20
-27.7562099999999994
11
74.1635519999999957
21
-27.7618319999999983
0
LINE
8
BLACK
6
CONTINUOUS
10
74.1635519999999957
20
-27.7618319999999983
11
74.1779709999999994
21
-27.7646850000000001
0
LINE
8
BLACK
6
CONTINUOUS
10
74.1779709999999994
20
-27.7646850000000001
11
74.1903310000000005
21
-27.7729249999999972
0
LINE
8
BLACK
6
CONTINUOUS
10
74.1903310000000005
20
-27.7729249999999972
11
74.2040499999999952
21
-27.7786079999999984
0
LINE
8
BLACK
6
CONTINUOUS
10
74.2040499999999952
20
-27.7786079999999984
11
74.2144389999999987
21
-27.7889969999999984
0
LINE
8
BLACK
6
CONTINUOUS
10
74.2144389999999987
20
-27.7889969999999984
11
74.2266699999999986
21
-27.7971509999999995
0
LINE
8
BLACK
6
CONTINUOUS
10
74.2266699999999986
20
-27.7971509999999995
11
74.234934999999993
21
-27.8094929999999998
0
LINE
8
BLACK
6
CONTINUOUS
10
74.234934999999993
20
-27.8094929999999998
11
74.245434000000003
21
-27.8199919999999992
0
LINE
8
BLACK
6
CONTINUOUS
10
74.245434000000003
20
-27.8199919999999992
11
74.251057000000003
21
-27.8335679999999996
0
LINE
8
BLACK
6
CONTINUOUS
10
74.251057000000003
20
-27.8335679999999996
11
74.2592360000000014
21
-27.8457809999999988
0
LINE
8
BLACK
6
CONTINUOUS
10
74.2592360000000014
20
-27.8457809999999988
11
74.2621479999999963
21
-27.8603430000000003
0
LINE
8
BLACK
6
CONTINUOUS
10
74.2621479999999963
20
-27.8603430000000003
11
74.2678319999999985
21
-27.8740639999999971
0
LINE
8
BLACK
6
CONTINUOUS
10
74.2678319999999985
20
-27.8740639999999971
11
74.2706829999999911
21
-27.9030159999999974
0
LINE
8
BLACK
6
CONTINUOUS
10
74.2706829999999911
20
-27.9030159999999974
11
74.2707139999999981
21
-27.9031699999999994
0
LINE
8
BLACK
6
CONTINUOUS
10
74.2707139999999981
20
-27.9031699999999994
11
74.2707029999999975
21
-27.9032219999999995
0
LINE
8
BLACK
6
CONTINUOUS
10
74.2707029999999975
20
-27.9032219999999995
11
74.2707139999999981
21
-27.9033279999999984
0
LINE
8
BLACK
6
CONTINUOUS
10
74.2707139999999981
20
-27.9033279999999984
11
74.2707139999999981
21
-29.2533279999999998
0
LINE
8
BLACK
6
CONTINUOUS
10
74.2707139999999981
20
-29.2533279999999998
11
74.5492859999999951
21
-29.2533279999999998
0
LINE
8
BLACK
6
CONTINUOUS
10
74.5492859999999951
20
-29.2533279999999998
11
74.5785499999999928
21
-29.2562099999999994
0
LINE
8
BLACK
6
CONTINUOUS
10
74.5785499999999928
20
-29.2562099999999994
11
74.6326219999999978
21
-29.2786079999999984
0
LINE
8
BLACK
6
CONTINUOUS
10
74.6326219999999978
20
-29.2786079999999984
11
74.6740059999999914
21
-29.3199919999999992
0
LINE
8
BLACK
6
CONTINUOUS
10
74.6740059999999914
20
-29.3199919999999992
11
74.6964040000000011
21
-29.3740639999999971
0
LINE
8
BLACK
6
CONTINUOUS
10
74.6964040000000011
20
-29.3740639999999971
11
74.6964040000000011
21
-29.4325919999999996
0
LINE
8
BLACK
6
CONTINUOUS
10
74.6964040000000011
20
-29.4325919999999996
11
74.6740059999999914
21
-29.4866639999999975
0
LINE
8
BLACK
6
CONTINUOUS
10
74.6740059999999914
20
-29.4866639999999975
11
74.6326219999999978
21
-29.5280479999999983
0
LINE
8
BLACK
6
CONTINUOUS
10
74.6326219999999978
20
-29.5280479999999983
11
74.5785499999999928
21
-29.5504459999999973
0
LINE
8
BLACK
6
CONTINUOUS
10
74.5785499999999928
20
-29.5504459999999973
11
74.5492859999999951
21
-29.5533279999999969
0
LINE
8
BLACK
6
CONTINUOUS
10
74.5492859999999951
20
-29.5533279999999969
11
73.6921430000000015
21
-29.5533279999999969
0
LINE
8
BLACK
6
CONTINUOUS
10
73.6921430000000015
20
-29.5533279999999969
11
73.6628790000000038
21
-29.5504459999999973
0
LINE
8
BLACK
6
CONTINUOUS
10
73.6628790000000038
20
-29.5504459999999973
11
73.6088069999999988
21
-29.5280479999999983
0
LINE
8
BLACK
6
CONTINUOUS
10
73.6088069999999988
20
-29.5280479999999983
11
73.5674229999999909
21
-29.4866639999999975
0
LINE
8
BLACK
6
CONTINUOUS
10
73.5674229999999909
20
-29.4866639999999975
11
73.5450249999999954
21
-29.4325919999999996
0
LINE
8
BLACK
6
CONTINUOUS
10
73.5450249999999954
20
-29.4325919999999996
11
73.5450249999999954
21
-29.3740639999999971
0
LINE
8
BLACK
6
CONTINUOUS
10
73.5450249999999954
20
-29.3740639999999971
11
73.5674229999999909
21
-29.3199919999999992
0
LINE
8
BLACK
6
CONTINUOUS
10
73.5674229999999909
20
-29.3199919999999992
11
73.6088069999999988
21
-29.2786079999999984
0
LINE
8
BLACK
6
CONTINUOUS
10
73.6088069999999988
20
-29.2786079999999984
11
73.6628790000000038
21
-29.2562099999999994
0
LINE
8
BLACK
6
CONTINUOUS
10
73.6628790000000038
20
-29.2562099999999994
11
73.6921430000000015
21
-29.2533279999999998
0
LINE
8
BLACK
6
CONTINUOUS
10
73.6921430000000015
20
-29.2533279999999998
11
73.970714000000001
21
-29.2533279999999998
0
LINE
8
BLACK
6
CONTINUOUS
10
73.970714000000001
20
-29.2533279999999998
11
73.970714000000001
21
-28.3368889999999993
0
LINE
8
BLACK
6
CONTINUOUS
10
73.970714000000001
20
-28.3368889999999993
11
73.9410659999999922
21
-28.3665369999999974
0
LINE
8
BLACK
6
CONTINUOUS
10
73.9410659999999922
20
-28.3665369999999974
11
73.9295639999999992
21
-28.3759759999999979
0
LINE
8
BLACK
6
CONTINUOUS
10
73.9295639999999992
20
-28.3759759999999979
11
73.9269680000000022
21
-28.3789699999999989
0
LINE
8
BLACK
6
CONTINUOUS
10
73.9269680000000022
20
-28.3789699999999989
11
73.9224540000000019
21
-28.381809999999998
0
LINE
8
BLACK
6
CONTINUOUS
10
73.9224540000000019
20
-28.381809999999998
11
73.918334999999999
21
-28.385192
0
LINE
8
BLACK
6
CONTINUOUS
10
73.918334999999999
20
-28.385192
11
73.9146750000000026
21
-28.3867069999999977
0
LINE
8
BLACK
6
CONTINUOUS
10
73.9146750000000026
20
-28.3867069999999977
11
73.9020819999999929
21
-28.3946349999999974
0
LINE
8
BLACK
6
CONTINUOUS
10
73.9020819999999929
20
-28.3946349999999974
11
73.7592250000000007
21
-28.4660639999999994
0
LINE
8
BLACK
6
CONTINUOUS
10
73.7592250000000007
20
-28.4660639999999994
11
73.7317620000000034
21
-28.4765729999999984
0
LINE
8
BLACK
6
CONTINUOUS
10
73.7317620000000034
20
-28.4765729999999984
11
73.6733820000000037
21
-28.4807220000000001
0
LINE
8
BLACK
6
CONTINUOUS
10
73.6733820000000037
20
-28.4807220000000001
11
73.6178589999999957
21
-28.4622150000000005
0
LINE
8
BLACK
6
CONTINUOUS
10
73.6178589999999957
20
-28.4622150000000005
11
73.5736440000000016
21
-28.4238679999999988
0
LINE
8
BLACK
6
CONTINUOUS
10
73.5736440000000016
20
-28.4238679999999988
11
73.5474699999999899
21
-28.3715189999999993
0
LINE
8
BLACK
6
CONTINUOUS
10
73.5474699999999899
20
-28.3715189999999993
11
73.5433209999999917
21
-28.3131389999999996
0
LINE
8
BLACK
6
CONTINUOUS
10
73.5433209999999917
20
-28.3131389999999996
11
73.5618279999999913
21
-28.2576159999999987
0
LINE
8
BLACK
6
CONTINUOUS
10
73.5618279999999913
20
-28.2576159999999987
11
73.600174999999993
21
-28.2134009999999975
0
LINE
8
BLACK
6
CONTINUOUS
10
73.600174999999993
20
-28.2134009999999975
11
73.6250610000000023
21
-28.197735999999999
0
LINE
8
BLACK
6
CONTINUOUS
10
73.6250610000000023
20
-28.197735999999999
11
73.746145999999996
21
-28.1371919999999989
0
LINE
8
BLACK
6
CONTINUOUS
10
73.746145999999996
20
-28.1371919999999989
11
73.8612869999999901
21
-28.0220509999999976
0
LINE
8
BLACK
6
CONTINUOUS
10
73.8612869999999901
20
-28.0220509999999976
11
73.9959070000000025
21
-27.8201229999999988
0
LINE
8
BLACK
6
CONTINUOUS
10
73.9959070000000025
20
-27.8201229999999988
11
73.9959729999999922
21
-27.8200419999999973
0
LINE
8
BLACK
6
CONTINUOUS
10
73.9959729999999922
20
-27.8200419999999973
11
73.995993999999996
21
-27.8199919999999992
0
LINE
8
BLACK
6
CONTINUOUS
10
73.995993999999996
20
-27.8199919999999992
11
73.996105
21
-27.8198799999999977
0
LINE
8
BLACK
6
CONTINUOUS
10
73.996105
20
-27.8198799999999977
11
74.01453699999999
21
-27.7973719999999993
0
LINE
8
BLACK
6
CONTINUOUS
10
74.01453699999999
20
-27.7973719999999993
11
74.0268789999999939
21
-27.7891060000000003
0
LINE
8
BLACK
6
CONTINUOUS
10
74.0268789999999939
20
-27.7891060000000003
11
74.0373779999999897
21
-27.7786079999999984
0
LINE
8
BLACK
6
CONTINUOUS
10
74.0373779999999897
20
-27.7786079999999984
11
74.0509539999999902
21
-27.7729839999999975
0
LINE
8
BLACK
6
CONTINUOUS
10
74.0509539999999902
20
-27.7729839999999975
11
74.0631669999999929
21
-27.7648060000000001
0
LINE
8
BLACK
6
CONTINUOUS
10
74.0631669999999929
20
-27.7648060000000001
11
74.0777279999999934
21
-27.761892999999997
0
LINE
8
BLACK
6
CONTINUOUS
10
74.0777279999999934
20
-27.761892999999997
11
74.0914499999999947
21
-27.7562099999999994
0
LINE
8
BLACK
6
CONTINUOUS
10
74.0914499999999947
20
-27.7562099999999994
11
74.1061469999999929
21
-27.7562099999999994
0
LINE
8
BLACK
6
CONTINUOUS
10
74.1061469999999929
20
-27.7562099999999994
11
74.1205569999999909
21
-27.7533279999999998
0
LINE
8
BLACK
6
CONTINUOUS
10
74.1205569999999909
20
-27.7533279999999998
11
74.1351269999999971
21
-27.7562099999999994
0
LINE
8
BLACK
6
CONTINUOUS
10
75.7214060000000018
20
-27.7562099999999994
11
75.7263829999999984
21
-27.758270999999997
0
LINE
8
BLACK
6
CONTINUOUS
10
75.7263829999999984
20
-27.758270999999997
11
75.7317609999999917
21
-27.7586539999999999
0
LINE
8
BLACK
6
CONTINUOUS
10
75.7317609999999917
20
-27.7586539999999999
11
75.7592240000000032
21
-27.769164
0
LINE
8
BLACK
6
CONTINUOUS
10
75.7592240000000032
20
-27.769164
11
75.9020819999999929
21
-27.8405929999999984
0
LINE
8
BLACK
6
CONTINUOUS
10
75.9020819999999929
20
-27.8405929999999984
11
75.9146750000000026
21
-27.8485199999999971
0
LINE
8
BLACK
6
CONTINUOUS
10
75.9146750000000026
20
-27.8485199999999971
11
75.918334999999999
21
-27.8500359999999993
0
LINE
8
BLACK
6
CONTINUOUS
10
75.918334999999999
20
-27.8500359999999993
11
75.9224540000000019
21
-27.8534170000000003
0
LINE
8
BLACK
6
CONTINUOUS
10
75.9224540000000019
20
-27.8534170000000003
11
75.9269680000000022
21
-27.8562580000000004
0
LINE
8
BLACK
6
CONTINUOUS
10
75.9269680000000022
20
-27.8562580000000004
11
75.9295639999999992
21
-27.8592510000000004
0
LINE
8
BLACK
6
CONTINUOUS
10
75.9295639999999992
20
-27.8592510000000004
11
75.9410659999999922
21
-27.8686909999999983
0
LINE
8
BLACK
6
CONTINUOUS
10
75.9410659999999922
20
-27.8686909999999983
11
76.0124939999999896
21
-27.9401189999999993
0
LINE
8
BLACK
6
CONTINUOUS
10
76.0124939999999896
20
-27.9401189999999993
11
76.0219340000000017
21
-27.9516209999999994
0
LINE
8
BLACK
6
CONTINUOUS
10
76.0219340000000017
20
-27.9516209999999994
11
76.024926999999991
21
-27.9542169999999999
0
LINE
8
BLACK
6
CONTINUOUS
10
76.024926999999991
20
-27.9542169999999999
11
76.0277650000000023
21
-27.9587259999999986
0
LINE
8
BLACK
6
CONTINUOUS
10
76.0277650000000023
20
-27.9587259999999986
11
76.0311489999999992
21
-27.9628489999999985
0
LINE
8
BLACK
6
CONTINUOUS
10
76.0311489999999992
20
-27.9628489999999985
11
76.0326649999999944
21
-27.966510999999997
0
LINE
8
BLACK
6
CONTINUOUS
10
76.0326649999999944
20
-27.966510999999997
11
76.0405919999999895
21
-27.9791029999999985
0
LINE
8
BLACK
6
CONTINUOUS
10
76.0405919999999895
20
-27.9791029999999985
11
76.1120209999999986
21
-28.1219590000000004
0
LINE
8
BLACK
6
CONTINUOUS
10
76.1120209999999986
20
-28.1219590000000004
11
76.1225299999999976
21
-28.1494229999999988
0
LINE
8
BLACK
6
CONTINUOUS
10
76.1225299999999976
20
-28.1494229999999988
11
76.122911000000002
21
-28.1547969999999985
0
LINE
8
BLACK
6
CONTINUOUS
10
76.122911000000002
20
-28.1547969999999985
11
76.1249749999999921
21
-28.1597779999999993
0
LINE
8
BLACK
6
CONTINUOUS
10
76.1249749999999921
20
-28.1597779999999993
11
76.1278569999999917
21
-28.189041999999997
0
LINE
8
BLACK
6
CONTINUOUS
10
76.1278569999999917
20
-28.189041999999997
11
76.1278569999999917
21
-28.3318999999999974
0
LINE
8
BLACK
6
CONTINUOUS
10
76.1278569999999917
20
-28.3318999999999974
11
76.1263979999999947
21
-28.3467109999999991
0
LINE
8
BLACK
6
CONTINUOUS
10
76.1263979999999947
20
-28.3467109999999991
11
76.1266789999999958
21
-28.3506609999999988
0
LINE
8
BLACK
6
CONTINUOUS
10
76.1266789999999958
20
-28.3506609999999988
11
76.1254969999999958
21
-28.3558549999999983
0
LINE
8
BLACK
6
CONTINUOUS
10
76.1254969999999958
20
-28.3558549999999983
11
76.1249749999999921
21
-28.3611639999999987
0
LINE
8
BLACK
6
CONTINUOUS
10
76.1249749999999921
20
-28.3611639999999987
11
76.1234579999999994
21
-28.3648249999999997
0
LINE
8
BLACK
6
CONTINUOUS
10
76.1234579999999994
20
-28.3648249999999997
11
76.120159000000001
21
-28.3793349999999975
0
LINE
8
BLACK
6
CONTINUOUS
10
76.120159000000001
20
-28.3793349999999975
11
76.0487299999999919
21
-28.5936199999999978
0
LINE
8
BLACK
6
CONTINUOUS
10
76.0487299999999919
20
-28.5936199999999978
11
76.0367419999999896
21
-28.6204699999999974
0
LINE
8
BLACK
6
CONTINUOUS
10
76.0367419999999896
20
-28.6204699999999974
11
76.0332119999999918
21
-28.6245389999999986
0
LINE
8
BLACK
6
CONTINUOUS
10
76.0332119999999918
20
-28.6245389999999986
11
76.0311489999999992
21
-28.6295210000000004
0
LINE
8
BLACK
6
CONTINUOUS
10
76.0311489999999992
20
-28.6295210000000004
11
76.0124939999999896
21
-28.6522509999999997
0
LINE
8
BLACK
6
CONTINUOUS
10
76.0124939999999896
20
-28.6522509999999997
11
75.4114170000000001
21
-29.2533279999999998
0
LINE
8
BLACK
6
CONTINUOUS
10
75.4114170000000001
20
-29.2533279999999998
11
75.9778570000000002
21
-29.2533279999999998
0
LINE
8
BLACK
6
CONTINUOUS
10
75.9778570000000002
20
-29.2533279999999998
11
76.0071209999999979
21
-29.2562099999999994
0
LINE
8
BLACK
6
CONTINUOUS
10
76.0071209999999979
20
-29.2562099999999994
11
76.0611930000000029
21
-29.2786079999999984
0
LINE
8
BLACK
6
CONTINUOUS
10
76.0611930000000029
20
-29.2786079999999984
11
76.1025769999999966
21
-29.3199919999999992
0
LINE
8
BLACK
6
CONTINUOUS
10
76.1025769999999966
20
-29.3199919999999992
11
76.1249749999999921
21
-29.3740639999999971
0
LINE
8
BLACK
6
CONTINUOUS
10
76.1249749999999921
20
-29.3740639999999971
11
76.1249749999999921
21
-29.4325919999999996
0
LINE
8
BLACK
6
CONTINUOUS
10
76.1249749999999921
20
-29.4325919999999996
11
76.1025769999999966
21
-29.4866639999999975
0
LINE
8
BLACK
6
CONTINUOUS
10
76.1025769999999966
20
-29.4866639999999975
11
76.0611930000000029
21
-29.5280479999999983
0
LINE
8
BLACK
6
CONTINUOUS
10
76.0611930000000029
20
-29.5280479999999983
11
76.0071209999999979
21
-29.5504459999999973
0
LINE
8
BLACK
6
CONTINUOUS
10
76.0071209999999979
20
-29.5504459999999973
11
75.9778570000000002
21
-29.5533279999999969
0
LINE
8
BLACK
6
CONTINUOUS
10
75.9778570000000002
20
-29.5533279999999969
11
75.0492849999999976
21
-29.5533279999999969
0
LINE
8
BLACK
6
CONTINUOUS
10
75.0492849999999976
20
-29.5533279999999969
11
75.0200209999999998
21
-29.5504459999999973
0
LINE
8
BLACK
6
CONTINUOUS
10
75.0200209999999998
20
-29.5504459999999973
11
74.9963329999999928
21
-29.5406339999999972
0
LINE
8
BLACK
6
CONTINUOUS
10
74.9963329999999928
20
-29.5406339999999972
11
74.9659499999999923
21
-29.5280489999999993
0
LINE
8
BLACK
6
CONTINUOUS
10
74.9659499999999923
20
-29.5280489999999993
11
74.9245639999999895
21
-29.4866630000000001
0
LINE
8
BLACK
6
CONTINUOUS
10
74.9245639999999895
20
-29.4866630000000001
11
74.9021669999999915
21
-29.4325909999999986
0
LINE
8
BLACK
6
CONTINUOUS
10
74.9021669999999915
20
-29.4325909999999986
11
74.9021669999999915
21
-29.3740649999999981
0
LINE
8
BLACK
6
CONTINUOUS
10
74.9021669999999915
20
-29.3740649999999981
11
74.9245639999999895
21
-29.3199930000000002
0
LINE
8
BLACK
6
CONTINUOUS
10
74.9245639999999895
20
-29.3199930000000002
11
74.9432189999999991
21
-29.2972619999999999
0
LINE
8
BLACK
6
CONTINUOUS
10
74.9432189999999991
20
-29.2972619999999999
11
75.7753230000000002
21
-28.4651569999999978
0
LINE
8
BLACK
6
CONTINUOUS
10
75.7753230000000002
20
-28.4651569999999978
11
75.8278569999999945
21
-28.3075589999999977
0
LINE
8
BLACK
6
CONTINUOUS
10
75.8278569999999945
20
-28.3075589999999977
11
75.8278569999999945
21
-28.2244519999999994
0
LINE
8
BLACK
6
CONTINUOUS
10
75.8278569999999945
20
-28.2244519999999994
11
75.783149999999992
21
-28.135038999999999
0
LINE
8
BLACK
6
CONTINUOUS
10
75.783149999999992
20
-28.135038999999999
11
75.746145999999996
21
-28.0980349999999994
0
LINE
8
BLACK
6
CONTINUOUS
10
75.746145999999996
20
-28.0980349999999994
11
75.656731999999991
21
-28.0533280000000005
0
LINE
8
BLACK
6
CONTINUOUS
10
75.656731999999991
20
-28.0533280000000005
11
75.3704099999999926
21
-28.0533280000000005
0
LINE
8
BLACK
6
CONTINUOUS
10
75.3704099999999926
20
-28.0533280000000005
11
75.2809960000000018
21
-28.0980349999999994
0
LINE
8
BLACK
6
CONTINUOUS
10
75.2809960000000018
20
-28.0980349999999994
11
75.2267799999999909
21
-28.1522509999999997
0
LINE
8
BLACK
6
CONTINUOUS
10
75.2267799999999909
20
-28.1522509999999997
11
75.2040489999999977
21
-28.1709059999999987
0
LINE
8
BLACK
6
CONTINUOUS
10
75.2040489999999977
20
-28.1709059999999987
11
75.1499769999999927
21
-28.1933030000000002
0
LINE
8
BLACK
6
CONTINUOUS
10
75.1499769999999927
20
-28.1933030000000002
11
75.0914509999999922
21
-28.1933030000000002
0
LINE
8
BLACK
6
CONTINUOUS
10
75.0914509999999922
20
-28.1933030000000002
11
75.0373790000000014
21
-28.1709059999999987
0
LINE
8
BLACK
6
CONTINUOUS
10
75.0373790000000014
20
-28.1709059999999987
11
74.9959929999999986
21
-28.1295199999999994
0
LINE
8
BLACK
6
CONTINUOUS
10
74.9959929999999986
20
-28.1295199999999994
11
74.9735960000000006
21
-28.075447999999998
0
LINE
8
BLACK
6
CONTINUOUS
10
74.9735960000000006
20
-28.075447999999998
11
74.9735960000000006
21
-28.0169219999999974
0
LINE
8
BLACK
6
CONTINUOUS
10
74.9735960000000006
20
-28.0169219999999974
11
74.9959929999999986
21
-27.9628499999999995
0
LINE
8
BLACK
6
CONTINUOUS
10
74.9959929999999986
20
-27.9628499999999995
11
75.014647999999994
21
-27.9401189999999993
0
LINE
8
BLACK
6
CONTINUOUS
10
75.014647999999994
20
-27.9401189999999993
11
75.0860759999999914
21
-27.8686909999999983
0
LINE
8
BLACK
6
CONTINUOUS
10
75.0860759999999914
20
-27.8686909999999983
11
75.0975779999999986
21
-27.8592499999999994
0
LINE
8
BLACK
6
CONTINUOUS
10
75.0975779999999986
20
-27.8592499999999994
11
75.1001739999999955
21
-27.8562580000000004
0
LINE
8
BLACK
6
CONTINUOUS
10
75.1001739999999955
20
-27.8562580000000004
11
75.1046829999999943
21
-27.8534189999999988
0
LINE
8
BLACK
6
CONTINUOUS
10
75.1046829999999943
20
-27.8534189999999988
11
75.1088060000000013
21
-27.8500359999999993
0
LINE
8
BLACK
6
CONTINUOUS
10
75.1088060000000013
20
-27.8500359999999993
11
75.1124679999999927
21
-27.8485189999999996
0
LINE
8
BLACK
6
CONTINUOUS
10
75.1124679999999927
20
-27.8485189999999996
11
75.1250599999999906
21
-27.8405929999999984
0
LINE
8
BLACK
6
CONTINUOUS
10
75.1250599999999906
20
-27.8405929999999984
11
75.2679179999999945
21
-27.769164
0
LINE
8
BLACK
6
CONTINUOUS
10
75.2679179999999945
20
-27.769164
11
75.2953809999999919
21
-27.7586539999999999
0
LINE
8
BLACK
6
CONTINUOUS
10
75.2953809999999919
20
-27.7586539999999999
11
75.3007580000000019
21
-27.758270999999997
0
LINE
8
BLACK
6
CONTINUOUS
10
75.3007580000000019
20
-27.758270999999997
11
75.305735999999996
21
-27.7562099999999994
0
LINE
8
BLACK
6
CONTINUOUS
10
75.305735999999996
20
-27.7562099999999994
11
75.3349999999999937
21
-27.7533279999999998
0
LINE
8
BLACK
6
CONTINUOUS
10
75.3349999999999937
20
-27.7533279999999998
11
75.6921419999999898
21
-27.7533279999999998
0
LINE
8
BLACK
6
CONTINUOUS
10
75.6921419999999898
20
-27.7533279999999998
11
75.7214060000000018
21
-27.7562099999999994
0
LINE
8
BLACK
6
CONTINUOUS
10
72.8642639999999915
20
-27.7562099999999994
11
72.8692439999999948
21
-27.7582729999999991
0
LINE
8
BLACK
6
CONTINUOUS
10
72.8692439999999948
20
-27.7582729999999991
11
72.8746189999999956
21
-27.7586549999999974
0
LINE
8
BLACK
6
CONTINUOUS
10
72.8746189999999956
20
-27.7586549999999974
11
72.9020819999999929
21
-27.769164
0
LINE
8
BLACK
6
CONTINUOUS
10
72.9020819999999929
20
-27.769164
11
73.0449389999999994
21
-27.8405929999999984
0
LINE
8
BLACK
6
CONTINUOUS
10
73.0449389999999994
20
-27.8405929999999984
11
73.0575339999999898
21
-27.8485209999999981
0
LINE
8
BLACK
6
CONTINUOUS
10
73.0575339999999898
20
-27.8485209999999981
11
73.0611909999999938
21
-27.8500359999999993
0
LINE
8
BLACK
6
CONTINUOUS
10
73.0611909999999938
20
-27.8500359999999993
11
73.0653080000000017
21
-27.8534149999999983
0
LINE
8
BLACK
6
CONTINUOUS
10
73.0653080000000017
20
-27.8534149999999983
11
73.0698249999999945
21
-27.8562580000000004
0
LINE
8
BLACK
6
CONTINUOUS
10
73.0698249999999945
20
-27.8562580000000004
11
73.0724220000000031
21
-27.8592519999999979
0
LINE
8
BLACK
6
CONTINUOUS
10
73.0724220000000031
20
-27.8592519999999979
11
73.0839220000000012
21
-27.8686899999999973
0
LINE
8
BLACK
6
CONTINUOUS
10
73.0839220000000012
20
-27.8686899999999973
11
73.155350999999996
21
-27.9401179999999982
0
LINE
8
BLACK
6
CONTINUOUS
10
73.155350999999996
20
-27.9401179999999982
11
73.1647930000000031
21
-27.9516229999999979
0
LINE
8
BLACK
6
CONTINUOUS
10
73.1647930000000031
20
-27.9516229999999979
11
73.167784999999995
21
-27.9542179999999973
0
LINE
8
BLACK
6
CONTINUOUS
10
73.167784999999995
20
-27.9542179999999973
11
73.1706240000000037
21
-27.9587279999999971
0
LINE
8
BLACK
6
CONTINUOUS
10
73.1706240000000037
20
-27.9587279999999971
11
73.1740059999999914
21
-27.9628489999999985
0
LINE
8
BLACK
6
CONTINUOUS
10
73.1740059999999914
20
-27.9628489999999985
11
73.1755210000000034
21
-27.9665079999999975
0
LINE
8
BLACK
6
CONTINUOUS
10
73.1755210000000034
20
-27.9665079999999975
11
73.1834499999999935
21
-27.9791029999999985
0
LINE
8
BLACK
6
CONTINUOUS
10
73.1834499999999935
20
-27.9791029999999985
11
73.2548779999999908
21
-28.1219609999999989
0
LINE
8
BLACK
6
CONTINUOUS
10
73.2548779999999908
20
-28.1219609999999989
11
73.2653880000000015
21
-28.1494239999999998
0
LINE
8
BLACK
6
CONTINUOUS
10
73.2653880000000015
20
-28.1494239999999998
11
73.2657689999999917
21
-28.154798999999997
0
LINE
8
BLACK
6
CONTINUOUS
10
73.2657689999999917
20
-28.154798999999997
11
73.2678319999999985
21
-28.1597779999999993
0
LINE
8
BLACK
6
CONTINUOUS
10
73.2678319999999985
20
-28.1597779999999993
11
73.2707139999999981
21
-28.189041999999997
0
LINE
8
BLACK
6
CONTINUOUS
10
73.2707139999999981
20
-28.189041999999997
11
73.2707139999999981
21
-28.4033279999999984
0
LINE
8
BLACK
6
CONTINUOUS
10
73.2707139999999981
20
-28.4033279999999984
11
73.2678319999999985
21
-28.4325919999999996
0
LINE
8
BLACK
6
CONTINUOUS
10
73.2678319999999985
20
-28.4325919999999996
11
73.2657689999999917
21
-28.4375699999999973
0
LINE
8
BLACK
6
CONTINUOUS
10
73.2657689999999917
20
-28.4375699999999973
11
73.2653880000000015
21
-28.4429459999999992
0
LINE
8
BLACK
6
CONTINUOUS
10
73.2653880000000015
20
-28.4429459999999992
11
73.2548779999999908
21
-28.4704090000000001
0
LINE
8
BLACK
6
CONTINUOUS
10
73.2548779999999908
20
-28.4704090000000001
11
73.1834499999999935
21
-28.6132670000000005
0
LINE
8
BLACK
6
CONTINUOUS
10
73.1834499999999935
20
-28.6132670000000005
11
73.1755229999999983
21
-28.6258579999999974
0
LINE
8
BLACK
6
CONTINUOUS
10
73.1755229999999983
20
-28.6258579999999974
11
73.1740070000000031
21
-28.6295199999999994
0
LINE
8
BLACK
6
CONTINUOUS
10
73.1740070000000031
20
-28.6295199999999994
11
73.170622999999992
21
-28.6336419999999983
0
LINE
8
BLACK
6
CONTINUOUS
10
73.170622999999992
20
-28.6336419999999983
11
73.167784999999995
21
-28.6381519999999981
0
LINE
8
BLACK
6
CONTINUOUS
10
73.167784999999995
20
-28.6381519999999981
11
73.1647930000000031
21
-28.640746
0
LINE
8
BLACK
6
CONTINUOUS
10
73.1647930000000031
20
-28.640746
11
73.1553519999999935
21
-28.6522509999999997
0
LINE
8
BLACK
6
CONTINUOUS
10
73.1553519999999935
20
-28.6522509999999997
11
73.0839229999999986
21
-28.7236799999999981
0
LINE
8
BLACK
6
CONTINUOUS
10
73.0839229999999986
20
-28.7236799999999981
11
73.0724209999999914
21
-28.7331189999999985
0
LINE
8
BLACK
6
CONTINUOUS
10
73.0724209999999914
20
-28.7331189999999985
11
73.0698249999999945
21
-28.7361129999999996
0
LINE
8
BLACK
6
CONTINUOUS
10
73.0698249999999945
20
-28.7361129999999996
11
73.0653109999999941
21
-28.7389529999999986
0
LINE
8
BLACK
6
CONTINUOUS
10
73.0653109999999941
20
-28.7389529999999986
11
73.0611919999999913
21
-28.7423349999999971
0
LINE
8
BLACK
6
CONTINUOUS
10
73.0611919999999913
20
-28.7423349999999971
11
73.0575319999999948
21
-28.7438499999999983
0
LINE
8
BLACK
6
CONTINUOUS
10
73.0575319999999948
20
-28.7438499999999983
11
73.0449389999999994
21
-28.7517779999999981
0
LINE
8
BLACK
6
CONTINUOUS
10
73.0449389999999994
20
-28.7517779999999981
11
72.9020819999999929
21
-28.823205999999999
0
LINE
8
BLACK
6
CONTINUOUS
10
72.9020819999999929
20
-28.823205999999999
11
72.8986469999999969
21
-28.8245199999999997
0
LINE
8
BLACK
6
CONTINUOUS
10
72.8986469999999969
20
-28.8245199999999997
11
73.2435990000000032
21
-29.3173089999999981
0
LINE
8
BLACK
6
CONTINUOUS
10
73.2435990000000032
20
-29.3173089999999981
11
73.2580200000000019
21
-29.3429349999999971
0
LINE
8
BLACK
6
CONTINUOUS
10
73.2580200000000019
20
-29.3429349999999971
11
73.2706790000000012
21
-29.4000769999999996
0
LINE
8
BLACK
6
CONTINUOUS
10
73.2706790000000012
20
-29.4000769999999996
11
73.2605080000000015
21
-29.4577129999999983
0
LINE
8
BLACK
6
CONTINUOUS
10
73.2605080000000015
20
-29.4577129999999983
11
73.2290550000000025
21
-29.5070699999999988
0
LINE
8
BLACK
6
CONTINUOUS
10
73.2290550000000025
20
-29.5070699999999988
11
73.1811069999999972
21
-29.5406339999999972
0
LINE
8
BLACK
6
CONTINUOUS
10
73.1811069999999972
20
-29.5406339999999972
11
73.1239649999999983
21
-29.553293
0
LINE
8
BLACK
6
CONTINUOUS
10
73.1239649999999983
20
-29.553293
11
73.0663289999999961
21
-29.5431220000000003
0
LINE
8
BLACK
6
CONTINUOUS
10
73.0663289999999961
20
-29.5431220000000003
11
73.0169719999999955
21
-29.5116689999999977
0
LINE
8
BLACK
6
CONTINUOUS
10
73.0169719999999955
20
-29.5116689999999977
11
72.9978289999999959
21
-29.4893469999999986
0
LINE
8
BLACK
6
CONTINUOUS
10
72.9978289999999959
20
-29.4893469999999986
11
72.5426159999999953
21
-28.8390419999999992
0
LINE
8
BLACK
6
CONTINUOUS
10
72.5426159999999953
20
-28.8390419999999992
11
72.4135709999999904
21
-28.8390419999999992
0
LINE
8
BLACK
6
CONTINUOUS
10
72.4135709999999904
20
-28.8390419999999992
11
72.4135709999999904
21
-29.4033279999999984
0
LINE
8
BLACK
6
CONTINUOUS
10
72.4135709999999904
20
-29.4033279999999984
11
72.4106889999999908
21
-29.4325919999999996
0
LINE
8
BLACK
6
CONTINUOUS
10
72.4106889999999908
20
-29.4325919999999996
11
72.3882909999999953
21
-29.4866639999999975
0
LINE
8
BLACK
6
CONTINUOUS
10
72.3882909999999953
20
-29.4866639999999975
11
72.3469070000000016
21
-29.5280479999999983
0
LINE
8
BLACK
6
CONTINUOUS
10
72.3469070000000016
20
-29.5280479999999983
11
72.2928349999999966
21
-29.5504459999999973
0
LINE
8
BLACK
6
CONTINUOUS
10
72.2928349999999966
20
-29.5504459999999973
11
72.2343070000000012
21
-29.5504459999999973
0
LINE
8
BLACK
6
CONTINUOUS
10
72.2343070000000012
20
-29.5504459999999973
11
72.1802349999999961
21
-29.5280479999999983
0
LINE
8
BLACK
6
CONTINUOUS
10
72.1802349999999961
20
-29.5280479999999983
11
72.1388510000000025
21
-29.4866639999999975
0
LINE
8
BLACK
6
CONTINUOUS
10
72.1388510000000025
20
-29.4866639999999975
11
72.1164529999999928
21
-29.4325919999999996
0
LINE
8
BLACK
6
CONTINUOUS
10
72.1164529999999928
20
-29.4325919999999996
11
72.1135709999999932
21
-29.4033279999999984
0
LINE
8
BLACK
6
CONTINUOUS
10
72.1135709999999932
20
-29.4033279999999984
11
72.1135709999999932
21
-27.9033279999999984
0
LINE
8
BLACK
6
CONTINUOUS
10
72.1135709999999932
20
-27.9033279999999984
11
72.1164529999999928
21
-27.8740639999999971
0
LINE
8
BLACK
6
CONTINUOUS
10
72.1164529999999928
20
-27.8740639999999971
11
72.1388510000000025
21
-27.8199919999999992
0
LINE
8
BLACK
6
CONTINUOUS
10
72.1388510000000025
20
-27.8199919999999992
11
72.1802349999999961
21
-27.7786079999999984
0
LINE
8
BLACK
6
CONTINUOUS
10
72.1802349999999961
20
-27.7786079999999984
11
72.2343070000000012
21
-27.7562099999999994
0
LINE
8
BLACK
6
CONTINUOUS
10
72.2343070000000012
20
-27.7562099999999994
11
72.2635709999999989
21
-27.7533279999999998
0
LINE
8
BLACK
6
CONTINUOUS
10
72.2635709999999989
20
-27.7533279999999998
11
72.8349999999999937
21
-27.7533279999999998
0
LINE
8
BLACK
6
CONTINUOUS
10
72.8349999999999937
20
-27.7533279999999998
11
72.8642639999999915
21
-27.7562099999999994
0
LINE
8
BLACK
6
CONTINUOUS
10
72.4135709999999904
20
-28.5390419999999985
11
72.7995899999999949
21
-28.5390419999999985
0
LINE
8
BLACK
6
CONTINUOUS
10
72.7995899999999949
20
-28.5390419999999985
11
72.8890019999999907
21
-28.494335999999997
0
LINE
8
BLACK
6
CONTINUOUS
10
72.8890019999999907
20
-28.494335999999997
11
72.9260069999999985
21
-28.4573309999999999
0
LINE
8
BLACK
6
CONTINUOUS
10
72.9260069999999985
20
-28.4573309999999999
11
72.970714000000001
21
-28.3679179999999995
0
LINE
8
BLACK
6
CONTINUOUS
10
72.970714000000001
20
-28.3679179999999995
11
72.970714000000001
21
-28.2244509999999984
0
LINE
8
BLACK
6
CONTINUOUS
10
72.970714000000001
20
-28.2244509999999984
11
72.9260079999999959
21
-28.135038999999999
0
LINE
8
BLACK
6
CONTINUOUS
10
72.9260079999999959
20
-28.135038999999999
11
72.8890039999999999
21
-28.0980349999999994
0
LINE
8
BLACK
6
CONTINUOUS
10
72.8890039999999999
20
-28.0980349999999994
11
72.7995899999999949
21
-28.0533280000000005
0
LINE
8
BLACK
6
CONTINUOUS
10
72.7995899999999949
20
-28.0533280000000005
11
72.4135709999999904
21
-28.0533280000000005
0
LINE
8
BLACK
6
CONTINUOUS
10
72.4135709999999904
20
-28.0533280000000005
11
72.4135709999999904
21
-28.5390419999999985
0
LINE
8
BLACK
6
CONTINUOUS
10
105.2540970000000016
20
-27.0297859999999979
11
105.2580469999999906
21
-27.0295059999999978
0
LINE
8
BLACK
6
CONTINUOUS
10
105.2580469999999906
20
-27.0295059999999978
11
105.2632409999999936
21
-27.0306870000000004
0
LINE
8
BLACK
6
CONTINUOUS
10
105.2632409999999936
20
-27.0306870000000004
11
105.2685499999999905
21
-27.031209999999998
0
LINE
8
BLACK
6
CONTINUOUS
10
105.2685499999999905
20
-27.031209999999998
11
105.2722119999999961
21
-27.0327269999999977
0
LINE
8
BLACK
6
CONTINUOUS
10
105.2722119999999961
20
-27.0327269999999977
11
105.2867199999999883
21
-27.0360259999999997
0
LINE
8
BLACK
6
CONTINUOUS
10
105.2867199999999883
20
-27.0360259999999997
11
105.5010059999999896
21
-27.1074539999999971
0
LINE
8
BLACK
6
CONTINUOUS
10
105.5010059999999896
20
-27.1074539999999971
11
105.5278569999999974
21
-27.1194430000000004
0
LINE
8
BLACK
6
CONTINUOUS
10
105.5278569999999974
20
-27.1194430000000004
11
105.531926999999996
21
-27.1229729999999982
0
LINE
8
BLACK
6
CONTINUOUS
10
105.531926999999996
20
-27.1229729999999982
11
105.5369069999999994
21
-27.1250359999999979
0
LINE
8
BLACK
6
CONTINUOUS
10
105.5369069999999994
20
-27.1250359999999979
11
105.5596379999999925
21
-27.1436910000000005
0
LINE
8
BLACK
6
CONTINUOUS
10
105.5596379999999925
20
-27.1436910000000005
11
105.6310659999999899
21
-27.2151189999999978
0
LINE
8
BLACK
6
CONTINUOUS
10
105.6310659999999899
20
-27.2151189999999978
11
105.6497209999999995
21
-27.2378489999999971
0
LINE
8
BLACK
6
CONTINUOUS
10
105.6497209999999995
20
-27.2378489999999971
11
105.6721170000000001
21
-27.2919219999999996
0
LINE
8
BLACK
6
CONTINUOUS
10
105.6721170000000001
20
-27.2919219999999996
11
105.6721170000000001
21
-27.3504480000000001
0
LINE
8
BLACK
6
CONTINUOUS
10
105.6721170000000001
20
-27.3504480000000001
11
105.6497209999999995
21
-27.404519999999998
0
LINE
8
BLACK
6
CONTINUOUS
10
105.6497209999999995
20
-27.404519999999998
11
105.6083349999999967
21
-27.4459059999999972
0
LINE
8
BLACK
6
CONTINUOUS
10
105.6083349999999967
20
-27.4459059999999972
11
105.5542629999999917
21
-27.4683019999999978
0
LINE
8
BLACK
6
CONTINUOUS
10
105.5542629999999917
20
-27.4683019999999978
11
105.4957369999999912
21
-27.4683019999999978
0
LINE
8
BLACK
6
CONTINUOUS
10
105.4957369999999912
20
-27.4683019999999978
11
105.4416639999999887
21
-27.4459059999999972
0
LINE
8
BLACK
6
CONTINUOUS
10
105.4416639999999887
20
-27.4459059999999972
11
105.418933999999993
21
-27.4272509999999983
0
LINE
8
BLACK
6
CONTINUOUS
10
105.418933999999993
20
-27.4272509999999983
11
105.3725439999999907
21
-27.3808609999999994
0
LINE
8
BLACK
6
CONTINUOUS
10
105.3725439999999907
20
-27.3808609999999994
11
105.2149459999999976
21
-27.3283279999999991
0
LINE
8
BLACK
6
CONTINUOUS
10
105.2149459999999976
20
-27.3283279999999991
11
105.1207720000000023
21
-27.3283279999999991
0
LINE
8
BLACK
6
CONTINUOUS
10
105.1207720000000023
20
-27.3283279999999991
11
104.963169999999991
21
-27.3808609999999994
0
LINE
8
BLACK
6
CONTINUOUS
10
104.963169999999991
20
-27.3808609999999994
11
104.8625639999999919
21
-27.4814669999999985
0
LINE
8
BLACK
6
CONTINUOUS
10
104.8625639999999919
20
-27.4814669999999985
11
104.8093829999999969
21
-27.5878269999999972
0
LINE
8
BLACK
6
CONTINUOUS
10
104.8093829999999969
20
-27.5878269999999972
11
104.746428999999992
21
-27.8396480000000004
0
LINE
8
BLACK
6
CONTINUOUS
10
104.746428999999992
20
-27.8396480000000004
11
104.746428999999992
21
-28.0170069999999996
0
LINE
8
BLACK
6
CONTINUOUS
10
104.746428999999992
20
-28.0170069999999996
11
104.8093829999999969
21
-28.2688279999999992
0
LINE
8
BLACK
6
CONTINUOUS
10
104.8093829999999969
20
-28.2688279999999992
11
104.8625639999999919
21
-28.3751879999999979
0
LINE
8
BLACK
6
CONTINUOUS
10
104.8625639999999919
20
-28.3751879999999979
11
104.9631689999999935
21
-28.4757939999999969
0
LINE
8
BLACK
6
CONTINUOUS
10
104.9631689999999935
20
-28.4757939999999969
11
105.1207720000000023
21
-28.5283279999999984
0
LINE
8
BLACK
6
CONTINUOUS
10
105.1207720000000023
20
-28.5283279999999984
11
105.214942999999991
21
-28.5283279999999984
0
LINE
8
BLACK
6
CONTINUOUS
10
105.214942999999991
20
-28.5283279999999984
11
105.3725449999999881
21
-28.4757939999999969
0
LINE
8
BLACK
6
CONTINUOUS
10
105.3725449999999881
20
-28.4757939999999969
11
105.4189329999999956
21
-28.4294060000000002
0
LINE
8
BLACK
6
CONTINUOUS
10
105.4189329999999956
20
-28.4294060000000002
11
105.4416639999999887
21
-28.4107509999999976
0
LINE
8
BLACK
6
CONTINUOUS
10
105.4416639999999887
20
-28.4107509999999976
11
105.4957359999999937
21
-28.3883539999999996
0
LINE
8
BLACK
6
CONTINUOUS
10
105.4957359999999937
20
-28.3883539999999996
11
105.5542619999999943
21
-28.3883529999999986
0
LINE
8
BLACK
6
CONTINUOUS
10
105.5542619999999943
20
-28.3883529999999986
11
105.6083339999999993
21
-28.4107500000000002
0
LINE
8
BLACK
6
CONTINUOUS
10
105.6083339999999993
20
-28.4107500000000002
11
105.6497200000000021
21
-28.4521349999999984
0
LINE
8
BLACK
6
CONTINUOUS
10
105.6497200000000021
20
-28.4521349999999984
11
105.6721170000000001
21
-28.5062069999999999
0
LINE
8
BLACK
6
CONTINUOUS
10
105.6721170000000001
20
-28.5062069999999999
11
105.6721179999999976
21
-28.5647330000000004
0
LINE
8
BLACK
6
CONTINUOUS
10
105.6721179999999976
20
-28.5647330000000004
11
105.6497209999999995
21
-28.6188059999999993
0
LINE
8
BLACK
6
CONTINUOUS
10
105.6497209999999995
20
-28.6188059999999993
11
105.6310670000000016
21
-28.6415359999999986
0
LINE
8
BLACK
6
CONTINUOUS
10
105.6310670000000016
20
-28.6415359999999986
11
105.55963899999999
21
-28.712964999999997
0
LINE
8
BLACK
6
CONTINUOUS
10
105.55963899999999
20
-28.712964999999997
11
105.5369079999999968
21
-28.7316199999999995
0
LINE
8
BLACK
6
CONTINUOUS
10
105.5369079999999968
20
-28.7316199999999995
11
105.5319299999999885
21
-28.7336809999999971
0
LINE
8
BLACK
6
CONTINUOUS
10
105.5319299999999885
20
-28.7336809999999971
11
105.5278569999999974
21
-28.7372149999999991
0
LINE
8
BLACK
6
CONTINUOUS
10
105.5278569999999974
20
-28.7372149999999991
11
105.5010059999999896
21
-28.7492029999999978
0
LINE
8
BLACK
6
CONTINUOUS
10
105.5010059999999896
20
-28.7492029999999978
11
105.2867199999999883
21
-28.8206309999999988
0
LINE
8
BLACK
6
CONTINUOUS
10
105.2867199999999883
20
-28.8206309999999988
11
105.2722069999999945
21
-28.8239299999999972
0
LINE
8
BLACK
6
CONTINUOUS
10
105.2722069999999945
20
-28.8239299999999972
11
105.2685499999999905
21
-28.8254459999999995
0
LINE
8
BLACK
6
CONTINUOUS
10
105.2685499999999905
20
-28.8254459999999995
11
105.2632469999999927
21
-28.8259679999999996
0
LINE
8
BLACK
6
CONTINUOUS
10
105.2632469999999927
20
-28.8259679999999996
11
105.2580459999999931
21
-28.8271509999999971
0
LINE
8
BLACK
6
CONTINUOUS
10
105.2580459999999931
20
-28.8271509999999971
11
105.2540909999999883
21
-28.8268689999999985
0
LINE
8
BLACK
6
CONTINUOUS
10
105.2540909999999883
20
-28.8268689999999985
11
105.2392859999999928
21
-28.8283279999999991
0
LINE
8
BLACK
6
CONTINUOUS
10
105.2392859999999928
20
-28.8283279999999991
11
105.0964290000000005
21
-28.8283279999999991
0
LINE
8
BLACK
6
CONTINUOUS
10
105.0964290000000005
20
-28.8283279999999991
11
105.0816229999999933
21
-28.8268689999999985
0
LINE
8
BLACK
6
CONTINUOUS
10
105.0816229999999933
20
-28.8268689999999985
11
105.0776690000000002
21
-28.8271509999999971
0
LINE
8
BLACK
6
CONTINUOUS
10
105.0776690000000002
20
-28.8271509999999971
11
105.072466999999989
21
-28.8259679999999996
0
LINE
8
BLACK
6
CONTINUOUS
10
105.072466999999989
20
-28.8259679999999996
11
105.0671649999999886
21
-28.8254459999999995
0
LINE
8
BLACK
6
CONTINUOUS
10
105.0671649999999886
20
-28.8254459999999995
11
105.0635070000000013
21
-28.8239299999999972
0
LINE
8
BLACK
6
CONTINUOUS
10
105.0635070000000013
20
-28.8239299999999972
11
105.0489949999999908
21
-28.8206309999999988
0
LINE
8
BLACK
6
CONTINUOUS
10
105.0489949999999908
20
-28.8206309999999988
11
104.8347089999999895
21
-28.7492029999999978
0
LINE
8
BLACK
6
CONTINUOUS
10
104.8347089999999895
20
-28.7492029999999978
11
104.807857999999996
21
-28.7372149999999991
0
LINE
8
BLACK
6
CONTINUOUS
10
104.807857999999996
20
-28.7372149999999991
11
104.8037860000000023
21
-28.7336829999999992
0
LINE
8
BLACK
6
CONTINUOUS
10
104.8037860000000023
20
-28.7336829999999992
11
104.7988069999999965
21
-28.731620999999997
0
LINE
8
BLACK
6
CONTINUOUS
10
104.7988069999999965
20
-28.731620999999997
11
104.7760770000000008
21
-28.712965999999998
0
LINE
8
BLACK
6
CONTINUOUS
10
104.7760770000000008
20
-28.712965999999998
11
104.6332199999999943
21
-28.5701079999999976
0
LINE
8
BLACK
6
CONTINUOUS
10
104.6332199999999943
20
-28.5701079999999976
11
104.6237799999999964
21
-28.5586059999999975
0
LINE
8
BLACK
6
CONTINUOUS
10
104.6237799999999964
20
-28.5586059999999975
11
104.6207869999999929
21
-28.556009999999997
0
LINE
8
BLACK
6
CONTINUOUS
10
104.6207869999999929
20
-28.556009999999997
11
104.6179459999999892
21
-28.5514960000000002
0
LINE
8
BLACK
6
CONTINUOUS
10
104.6179459999999892
20
-28.5514960000000002
11
104.6145649999999989
21
-28.5473769999999973
0
LINE
8
BLACK
6
CONTINUOUS
10
104.6145649999999989
20
-28.5473769999999973
11
104.6130489999999895
21
-28.5437169999999973
0
LINE
8
BLACK
6
CONTINUOUS
10
104.6130489999999895
20
-28.5437169999999973
11
104.6051219999999944
21
-28.5311239999999984
0
LINE
8
BLACK
6
CONTINUOUS
10
104.6051219999999944
20
-28.5311239999999984
11
104.5336929999999995
21
-28.388266999999999
0
LINE
8
BLACK
6
CONTINUOUS
10
104.5336929999999995
20
-28.388266999999999
11
104.532872999999995
21
-28.3861259999999973
0
LINE
8
BLACK
6
CONTINUOUS
10
104.532872999999995
20
-28.3861259999999973
11
104.532229000000001
21
-28.3852559999999983
0
LINE
8
BLACK
6
CONTINUOUS
10
104.532229000000001
20
-28.3852559999999983
11
104.5278419999999926
21
-28.3729779999999998
0
LINE
8
BLACK
6
CONTINUOUS
10
104.5278419999999926
20
-28.3729779999999998
11
104.5231840000000005
21
-28.3608039999999981
0
LINE
8
BLACK
6
CONTINUOUS
10
104.5231840000000005
20
-28.3608039999999981
11
104.523106999999996
21
-28.3597229999999989
0
LINE
8
BLACK
6
CONTINUOUS
10
104.523106999999996
20
-28.3597229999999989
11
104.5223359999999957
21
-28.3575649999999975
0
LINE
8
BLACK
6
CONTINUOUS
10
104.5223359999999957
20
-28.3575649999999975
11
104.4509079999999983
21
-28.0718509999999988
0
LINE
8
BLACK
6
CONTINUOUS
10
104.4509079999999983
20
-28.0718509999999988
11
104.4501580000000018
21
-28.0667790000000004
0
LINE
8
BLACK
6
CONTINUOUS
10
104.4501580000000018
20
-28.0667790000000004
11
104.4493109999999945
21
-28.0647349999999989
0
LINE
8
BLACK
6
CONTINUOUS
10
104.4493109999999945
20
-28.0647349999999989
11
104.4482249999999937
21
-28.0537119999999973
0
LINE
8
BLACK
6
CONTINUOUS
10
104.4482249999999937
20
-28.0537119999999973
11
104.4466059999999885
21
-28.0427619999999997
0
LINE
8
BLACK
6
CONTINUOUS
10
104.4466059999999885
20
-28.0427619999999997
11
104.4469309999999922
21
-28.0405739999999994
0
LINE
8
BLACK
6
CONTINUOUS
10
104.4469309999999922
20
-28.0405739999999994
11
104.4464289999999949
21
-28.0354709999999976
0
LINE
8
BLACK
6
CONTINUOUS
10
104.4464289999999949
20
-28.0354709999999976
11
104.4464289999999949
21
-27.8211849999999998
0
LINE
8
BLACK
6
CONTINUOUS
10
104.4464289999999949
20
-27.8211849999999998
11
104.4469309999999922
21
-27.8160810000000005
0
LINE
8
BLACK
6
CONTINUOUS
10
104.4469309999999922
20
-27.8160810000000005
11
104.4466059999999885
21
-27.8138939999999977
0
LINE
8
BLACK
6
CONTINUOUS
10
104.4466059999999885
20
-27.8138939999999977
11
104.4482249999999937
21
-27.8029429999999991
0
LINE
8
BLACK
6
CONTINUOUS
10
104.4482249999999937
20
-27.8029429999999991
11
104.4493109999999945
21
-27.7919209999999985
0
LINE
8
BLACK
6
CONTINUOUS
10
104.4493109999999945
20
-27.7919209999999985
11
104.4501580000000018
21
-27.7898759999999996
0
LINE
8
BLACK
6
CONTINUOUS
10
104.4501580000000018
20
-27.7898759999999996
11
104.4509079999999983
21
-27.7848049999999986
0
LINE
8
BLACK
6
CONTINUOUS
10
104.4509079999999983
20
-27.7848049999999986
11
104.5223359999999957
21
-27.499091
0
LINE
8
BLACK
6
CONTINUOUS
10
104.5223359999999957
20
-27.499091
11
104.523106999999996
21
-27.4969319999999975
0
LINE
8
BLACK
6
CONTINUOUS
10
104.523106999999996
20
-27.4969319999999975
11
104.5231840000000005
21
-27.4958519999999993
0
LINE
8
BLACK
6
CONTINUOUS
10
104.5231840000000005
20
-27.4958519999999993
11
104.5278419999999926
21
-27.4836770000000001
0
LINE
8
BLACK
6
CONTINUOUS
10
104.5278419999999926
20
-27.4836770000000001
11
104.532229000000001
21
-27.4713999999999992
0
LINE
8
BLACK
6
CONTINUOUS
10
104.532229000000001
20
-27.4713999999999992
11
104.532872999999995
21
-27.4705289999999991
0
LINE
8
BLACK
6
CONTINUOUS
10
104.532872999999995
20
-27.4705289999999991
11
104.5336929999999995
21
-27.4683889999999984
0
LINE
8
BLACK
6
CONTINUOUS
10
104.5336929999999995
20
-27.4683889999999984
11
104.6051219999999944
21
-27.325531999999999
0
LINE
8
BLACK
6
CONTINUOUS
10
104.6051219999999944
20
-27.325531999999999
11
104.6130489999999895
21
-27.3129379999999991
0
LINE
8
BLACK
6
CONTINUOUS
10
104.6130489999999895
20
-27.3129379999999991
11
104.6145649999999989
21
-27.3092790000000001
0
LINE
8
BLACK
6
CONTINUOUS
10
104.6145649999999989
20
-27.3092790000000001
11
104.6179459999999892
21
-27.3051589999999997
0
LINE
8
BLACK
6
CONTINUOUS
10
104.6179459999999892
20
-27.3051589999999997
11
104.6207869999999929
21
-27.3006460000000004
0
LINE
8
BLACK
6
CONTINUOUS
10
104.6207869999999929
20
-27.3006460000000004
11
104.6237799999999964
21
-27.2980489999999989
0
LINE
8
BLACK
6
CONTINUOUS
10
104.6237799999999964
20
-27.2980489999999989
11
104.6332199999999943
21
-27.2865479999999998
0
LINE
8
BLACK
6
CONTINUOUS
10
104.6332199999999943
20
-27.2865479999999998
11
104.7760770000000008
21
-27.1436910000000005
0
LINE
8
BLACK
6
CONTINUOUS
10
104.7760770000000008
20
-27.1436910000000005
11
104.7988069999999965
21
-27.1250359999999979
0
LINE
8
BLACK
6
CONTINUOUS
10
104.7988069999999965
20
-27.1250359999999979
11
104.8037879999999973
21
-27.1229719999999972
0
LINE
8
BLACK
6
CONTINUOUS
10
104.8037879999999973
20
-27.1229719999999972
11
104.807857999999996
21
-27.1194430000000004
0
LINE
8
BLACK
6
CONTINUOUS
10
104.807857999999996
20
-27.1194430000000004
11
104.8347089999999895
21
-27.1074549999999981
0
LINE
8
BLACK
6
CONTINUOUS
10
104.8347089999999895
20
-27.1074549999999981
11
105.0489939999999933
21
-27.0360259999999997
0
LINE
8
BLACK
6
CONTINUOUS
10
105.0489939999999933
20
-27.0360259999999997
11
105.0635029999999972
21
-27.0327260000000003
0
LINE
8
BLACK
6
CONTINUOUS
10
105.0635029999999972
20
-27.0327260000000003
11
105.0671649999999886
21
-27.031209999999998
0
LINE
8
BLACK
6
CONTINUOUS
10
105.0671649999999886
20
-27.031209999999998
11
105.0724730000000022
21
-27.0306870000000004
0
LINE
8
BLACK
6
CONTINUOUS
10
105.0724730000000022
20
-27.0306870000000004
11
105.0776679999999885
21
-27.0295059999999978
0
LINE
8
BLACK
6
CONTINUOUS
10
105.0776679999999885
20
-27.0295059999999978
11
105.0816169999999943
21
-27.0297859999999979
0
LINE
8
BLACK
6
CONTINUOUS
10
105.0816169999999943
20
-27.0297859999999979
11
105.0964290000000005
21
-27.0283279999999984
0
LINE
8
BLACK
6
CONTINUOUS
10
105.0964290000000005
20
-27.0283279999999984
11
105.2392859999999928
21
-27.0283279999999984
0
LINE
8
BLACK
6
CONTINUOUS
10
105.2392859999999928
20
-27.0283279999999984
11
105.2540970000000016
21
-27.0297859999999979
0
LINE
8
BLACK
6
CONTINUOUS
10
106.5394129999999961
20
-27.031209999999998
11
106.5542639999999892
21
-27.031209999999998
0
LINE
8
BLACK
6
CONTINUOUS
10
106.5542639999999892
20
-27.031209999999998
11
106.5678379999999947
21
-27.0368320000000004
0
LINE
8
BLACK
6
CONTINUOUS
10
106.5678379999999947
20
-27.0368320000000004
11
106.5822569999999985
21
-27.0396849999999986
0
LINE
8
BLACK
6
CONTINUOUS
10
106.5822569999999985
20
-27.0396849999999986
11
106.5946169999999995
21
-27.0479249999999993
0
LINE
8
BLACK
6
CONTINUOUS
10
106.5946169999999995
20
-27.0479249999999993
11
106.6083359999999942
21
-27.0536080000000005
0
LINE
8
BLACK
6
CONTINUOUS
10
106.6083359999999942
20
-27.0536080000000005
11
106.6187249999999977
21
-27.0639970000000005
0
LINE
8
BLACK
6
CONTINUOUS
10
106.6187249999999977
20
-27.0639970000000005
11
106.6309559999999976
21
-27.0721509999999981
0
LINE
8
BLACK
6
CONTINUOUS
10
106.6309559999999976
20
-27.0721509999999981
11
106.639220999999992
21
-27.0844929999999984
0
LINE
8
BLACK
6
CONTINUOUS
10
106.639220999999992
20
-27.0844929999999984
11
106.6497200000000021
21
-27.0949919999999977
0
LINE
8
BLACK
6
CONTINUOUS
10
106.6497200000000021
20
-27.0949919999999977
11
106.655343000000002
21
-27.1085679999999982
0
LINE
8
BLACK
6
CONTINUOUS
10
106.655343000000002
20
-27.1085679999999982
11
106.6635220000000004
21
-27.1207809999999974
0
LINE
8
BLACK
6
CONTINUOUS
10
106.6635220000000004
20
-27.1207809999999974
11
106.6664339999999953
21
-27.1353429999999989
0
LINE
8
BLACK
6
CONTINUOUS
10
106.6664339999999953
20
-27.1353429999999989
11
106.6721179999999976
21
-27.1490639999999992
0
LINE
8
BLACK
6
CONTINUOUS
10
106.6721179999999976
20
-27.1490639999999992
11
106.6749689999999902
21
-27.1780159999999995
0
LINE
8
BLACK
6
CONTINUOUS
10
106.6749689999999902
20
-27.1780159999999995
11
106.6749999999999972
21
-27.1781699999999979
0
LINE
8
BLACK
6
CONTINUOUS
10
106.6749999999999972
20
-27.1781699999999979
11
106.6749889999999965
21
-27.1782219999999981
0
LINE
8
BLACK
6
CONTINUOUS
10
106.6749889999999965
20
-27.1782219999999981
11
106.6749999999999972
21
-27.1783280000000005
0
LINE
8
BLACK
6
CONTINUOUS
10
106.6749999999999972
20
-27.1783280000000005
11
106.6749999999999972
21
-28.5283279999999984
0
LINE
8
BLACK
6
CONTINUOUS
10
106.6749999999999972
20
-28.5283279999999984
11
106.9535719999999941
21
-28.5283279999999984
0
LINE
8
BLACK
6
CONTINUOUS
10
106.9535719999999941
20
-28.5283279999999984
11
106.9828359999999918
21
-28.531209999999998
0
LINE
8
BLACK
6
CONTINUOUS
10
106.9828359999999918
20
-28.531209999999998
11
107.0369079999999968
21
-28.553607999999997
0
LINE
8
BLACK
6
CONTINUOUS
10
107.0369079999999968
20
-28.553607999999997
11
107.0782919999999905
21
-28.5949919999999977
0
LINE
8
BLACK
6
CONTINUOUS
10
107.0782919999999905
20
-28.5949919999999977
11
107.1006900000000002
21
-28.6490639999999992
0
LINE
8
BLACK
6
CONTINUOUS
10
107.1006900000000002
20
-28.6490639999999992
11
107.1006900000000002
21
-28.7075919999999982
0
LINE
8
BLACK
6
CONTINUOUS
10
107.1006900000000002
20
-28.7075919999999982
11
107.0782919999999905
21
-28.7616639999999997
0
LINE
8
BLACK
6
CONTINUOUS
10
107.0782919999999905
20
-28.7616639999999997
11
107.0369079999999968
21
-28.8030480000000004
0
LINE
8
BLACK
6
CONTINUOUS
10
107.0369079999999968
20
-28.8030480000000004
11
106.9828359999999918
21
-28.8254459999999995
0
LINE
8
BLACK
6
CONTINUOUS
10
106.9828359999999918
20
-28.8254459999999995
11
106.9535719999999941
21
-28.8283279999999991
0
LINE
8
BLACK
6
CONTINUOUS
10
106.9535719999999941
20
-28.8283279999999991
11
106.0964290000000005
21
-28.8283279999999991
0
LINE
8
BLACK
6
CONTINUOUS
10
106.0964290000000005
20
-28.8283279999999991
11
106.0671649999999886
21
-28.8254459999999995
0
LINE
8
BLACK
6
CONTINUOUS
10
106.0671649999999886
20
-28.8254459999999995
11
106.0130929999999978
21
-28.8030480000000004
0
LINE
8
BLACK
6
CONTINUOUS
10
106.0130929999999978
20
-28.8030480000000004
11
105.9717089999999899
21
-28.7616639999999997
0
LINE
8
BLACK
6
CONTINUOUS
10
105.9717089999999899
20
-28.7616639999999997
11
105.9493109999999945
21
-28.7075919999999982
0
LINE
8
BLACK
6
CONTINUOUS
10
105.9493109999999945
20
-28.7075919999999982
11
105.9493109999999945
21
-28.6490639999999992
0
LINE
8
BLACK
6
CONTINUOUS
10
105.9493109999999945
20
-28.6490639999999992
11
105.9717089999999899
21
-28.5949919999999977
0
LINE
8
BLACK
6
CONTINUOUS
10
105.9717089999999899
20
-28.5949919999999977
11
106.0130929999999978
21
-28.553607999999997
0
LINE
8
BLACK
6
CONTINUOUS
10
106.0130929999999978
20
-28.553607999999997
11
106.0671649999999886
21
-28.531209999999998
0
LINE
8
BLACK
6
CONTINUOUS
10
106.0671649999999886
20
-28.531209999999998
11
106.0964290000000005
21
-28.5283279999999984
0
LINE
8
BLACK
6
CONTINUOUS
10
106.0964290000000005
20
-28.5283279999999984
11
106.375
21
-28.5283279999999984
0
LINE
8
BLACK
6
CONTINUOUS
10
106.375
20
-28.5283279999999984
11
106.375
21
-27.6118889999999979
0
LINE
8
BLACK
6
CONTINUOUS
10
106.375
20
-27.6118889999999979
11
106.3453519999999912
21
-27.6415369999999996
0
LINE
8
BLACK
6
CONTINUOUS
10
106.3453519999999912
20
-27.6415369999999996
11
106.3338499999999982
21
-27.650976
0
LINE
8
BLACK
6
CONTINUOUS
10
106.3338499999999982
20
-27.650976
11
106.3312540000000013
21
-27.6539699999999975
0
LINE
8
BLACK
6
CONTINUOUS
10
106.3312540000000013
20
-27.6539699999999975
11
106.3267400000000009
21
-27.6568100000000001
0
LINE
8
BLACK
6
CONTINUOUS
10
106.3267400000000009
20
-27.6568100000000001
11
106.322620999999998
21
-27.6601919999999986
0
LINE
8
BLACK
6
CONTINUOUS
10
106.322620999999998
20
-27.6601919999999986
11
106.3189610000000016
21
-27.6617069999999998
0
LINE
8
BLACK
6
CONTINUOUS
10
106.3189610000000016
20
-27.6617069999999998
11
106.306367999999992
21
-27.6696349999999995
0
LINE
8
BLACK
6
CONTINUOUS
10
106.306367999999992
20
-27.6696349999999995
11
106.1635109999999997
21
-27.7410639999999979
0
LINE
8
BLACK
6
CONTINUOUS
10
106.1635109999999997
20
-27.7410639999999979
11
106.1360479999999882
21
-27.7515730000000005
0
LINE
8
BLACK
6
CONTINUOUS
10
106.1360479999999882
20
-27.7515730000000005
11
106.0776679999999885
21
-27.7557219999999987
0
LINE
8
BLACK
6
CONTINUOUS
10
106.0776679999999885
20
-27.7557219999999987
11
106.0221449999999948
21
-27.7372149999999991
0
LINE
8
BLACK
6
CONTINUOUS
10
106.0221449999999948
20
-27.7372149999999991
11
105.9779300000000006
21
-27.6988679999999974
0
LINE
8
BLACK
6
CONTINUOUS
10
105.9779300000000006
20
-27.6988679999999974
11
105.9517559999999889
21
-27.6465189999999978
0
LINE
8
BLACK
6
CONTINUOUS
10
105.9517559999999889
20
-27.6465189999999978
11
105.9476069999999908
21
-27.5881389999999982
0
LINE
8
BLACK
6
CONTINUOUS
10
105.9476069999999908
20
-27.5881389999999982
11
105.9661139999999904
21
-27.5326159999999973
0
LINE
8
BLACK
6
CONTINUOUS
10
105.9661139999999904
20
-27.5326159999999973
11
106.0044609999999921
21
-27.4884009999999996
0
LINE
8
BLACK
6
CONTINUOUS
10
106.0044609999999921
20
-27.4884009999999996
11
106.0293470000000013
21
-27.4727359999999976
0
LINE
8
BLACK
6
CONTINUOUS
10
106.0293470000000013
20
-27.4727359999999976
11
106.150431999999995
21
-27.4121919999999974
0
LINE
8
BLACK
6
CONTINUOUS
10
106.150431999999995
20
-27.4121919999999974
11
106.2655729999999892
21
-27.2970509999999997
0
LINE
8
BLACK
6
CONTINUOUS
10
106.2655729999999892
20
-27.2970509999999997
11
106.4001930000000016
21
-27.0951229999999974
0
LINE
8
BLACK
6
CONTINUOUS
10
106.4001930000000016
20
-27.0951229999999974
11
106.4002589999999913
21
-27.0950419999999994
0
LINE
8
BLACK
6
CONTINUOUS
10
106.4002589999999913
20
-27.0950419999999994
11
106.4002799999999951
21
-27.0949919999999977
0
LINE
8
BLACK
6
CONTINUOUS
10
106.4002799999999951
20
-27.0949919999999977
11
106.4003909999999991
21
-27.0948799999999999
0
LINE
8
BLACK
6
CONTINUOUS
10
106.4003909999999991
20
-27.0948799999999999
11
106.4188229999999891
21
-27.0723719999999979
0
LINE
8
BLACK
6
CONTINUOUS
10
106.4188229999999891
20
-27.0723719999999979
11
106.4311649999999929
21
-27.0641059999999989
0
LINE
8
BLACK
6
CONTINUOUS
10
106.4311649999999929
20
-27.0641059999999989
11
106.4416639999999887
21
-27.0536080000000005
0
LINE
8
BLACK
6
CONTINUOUS
10
106.4416639999999887
20
-27.0536080000000005
11
106.4552399999999892
21
-27.0479839999999996
0
LINE
8
BLACK
6
CONTINUOUS
10
106.4552399999999892
20
-27.0479839999999996
11
106.4674529999999919
21
-27.0398059999999987
0
LINE
8
BLACK
6
CONTINUOUS
10
106.4674529999999919
20
-27.0398059999999987
11
106.4820139999999924
21
-27.0368929999999992
0
LINE
8
BLACK
6
CONTINUOUS
10
106.4820139999999924
20
-27.0368929999999992
11
106.4957359999999937
21
-27.031209999999998
0
LINE
8
BLACK
6
CONTINUOUS
10
106.4957359999999937
20
-27.031209999999998
11
106.5104329999999919
21
-27.031209999999998
0
LINE
8
BLACK
6
CONTINUOUS
10
106.5104329999999919
20
-27.031209999999998
11
106.52484299999999
21
-27.0283279999999984
0
LINE
8
BLACK
6
CONTINUOUS
10
106.52484299999999
20
-27.0283279999999984
11
106.5394129999999961
21
-27.031209999999998
0
LINE
8
BLACK
6
CONTINUOUS
10
101.7322279999999921
20
-27.2344480000000004
11
101.8771169999999984
21
-27.2944630000000004
0
LINE
8
BLACK
6
CONTINUOUS
10
101.8771169999999984
20
-27.2944630000000004
11
102.0075149999999979
21
-27.3815919999999977
0
LINE
8
BLACK
6
CONTINUOUS
10
102.0075149999999979
20
-27.3815919999999977
11
102.1184080000000023
21
-27.4924849999999985
0
LINE
8
BLACK
6
CONTINUOUS
10
102.1184080000000023
20
-27.4924849999999985
11
102.2055369999999925
21
-27.6228829999999981
0
LINE
8
BLACK
6
CONTINUOUS
10
102.2055369999999925
20
-27.6228829999999981
11
102.2655519999999996
21
-27.7677719999999972
0
LINE
8
BLACK
6
CONTINUOUS
10
102.2655519999999996
20
-27.7677719999999972
11
102.2961480000000023
21
-27.9215859999999978
0
LINE
8
BLACK
6
CONTINUOUS
10
102.2961480000000023
20
-27.9215859999999978
11
102.2961480000000023
21
-28.0784139999999987
0
LINE
8
BLACK
6
CONTINUOUS
10
102.2961480000000023
20
-28.0784139999999987
11
102.2655519999999996
21
-28.2322279999999992
0
LINE
8
BLACK
6
CONTINUOUS
10
102.2655519999999996
20
-28.2322279999999992
11
102.2055369999999925
21
-28.3771169999999984
0
LINE
8
BLACK
6
CONTINUOUS
10
102.2055369999999925
20
-28.3771169999999984
11
102.1184080000000023
21
-28.5075149999999979
0
LINE
8
BLACK
6
CONTINUOUS
10
102.1184080000000023
20
-28.5075149999999979
11
102.0075149999999979
21
-28.6184079999999987
0
LINE
8
BLACK
6
CONTINUOUS
10
102.0075149999999979
20
-28.6184079999999987
11
101.8771169999999984
21
-28.7055369999999996
0
LINE
8
BLACK
6
CONTINUOUS
10
101.8771169999999984
20
-28.7055369999999996
11
101.7322279999999921
21
-28.7655519999999996
0
LINE
8
BLACK
6
CONTINUOUS
10
101.7322279999999921
20
-28.7655519999999996
11
101.5784139999999951
21
-28.7961479999999987
0
LINE
8
BLACK
6
CONTINUOUS
10
101.5784139999999951
20
-28.7961479999999987
11
101.4215859999999907
21
-28.7961479999999987
0
LINE
8
BLACK
6
CONTINUOUS
10
101.4215859999999907
20
-28.7961479999999987
11
101.2677719999999937
21
-28.7655519999999996
0
LINE
8
BLACK
6
CONTINUOUS
10
101.2677719999999937
20
-28.7655519999999996
11
101.1228830000000016
21
-28.7055369999999996
0
LINE
8
BLACK
6
CONTINUOUS
10
101.1228830000000016
20
-28.7055369999999996
11
100.9924850000000021
21
-28.6184079999999987
0
LINE
8
BLACK
6
CONTINUOUS
10
100.9924850000000021
20
-28.6184079999999987
11
100.8815919999999977
21
-28.5075149999999979
0
LINE
8
BLACK
6
CONTINUOUS
10
100.8815919999999977
20
-28.5075149999999979
11
100.7944629999999933
21
-28.3771169999999984
0
LINE
8
BLACK
6
CONTINUOUS
10
100.7944629999999933
20
-28.3771169999999984
11
100.7344480000000004
21
-28.2322279999999992
0
LINE
8
BLACK
6
CONTINUOUS
10
100.7344480000000004
20
-28.2322279999999992
11
100.7038519999999977
21
-28.0784139999999987
0
LINE
8
BLACK
6
CONTINUOUS
10
100.7038519999999977
20
-28.0784139999999987
11
100.7038519999999977
21
-27.9215859999999978
0
LINE
8
BLACK
6
CONTINUOUS
10
100.7038519999999977
20
-27.9215859999999978
11
100.7344480000000004
21
-27.7677719999999972
0
LINE
8
BLACK
6
CONTINUOUS
10
100.7344480000000004
20
-27.7677719999999972
11
100.7944629999999933
21
-27.6228829999999981
0
LINE
8
BLACK
6
CONTINUOUS
10
100.7944629999999933
20
-27.6228829999999981
11
100.8815919999999977
21
-27.4924849999999985
0
LINE
8
BLACK
6
CONTINUOUS
10
100.8815919999999977
20
-27.4924849999999985
11
100.9924850000000021
21
-27.3815919999999977
0
LINE
8
BLACK
6
CONTINUOUS
10
100.9924850000000021
20
-27.3815919999999977
11
101.1228830000000016
21
-27.2944630000000004
0
LINE
8
BLACK
6
CONTINUOUS
10
101.1228830000000016
20
-27.2944630000000004
11
101.2677719999999937
21
-27.2344480000000004
0
LINE
8
BLACK
6
CONTINUOUS
10
101.2677719999999937
20
-27.2344480000000004
11
101.4215859999999907
21
-27.2038519999999977
0
LINE
8
BLACK
6
CONTINUOUS
10
101.4215859999999907
20
-27.2038519999999977
11
101.5784139999999951
21
-27.2038519999999977
0
LINE
8
BLACK
6
CONTINUOUS
10
101.5784139999999951
20
-27.2038519999999977
11
101.7322279999999921
21
-27.2344480000000004
0
LINE
8
BLACK
6
CONTINUOUS
10
62.4222279999999969
20
-23.2344480000000004
11
62.5671169999999961
21
-23.2944630000000004
0
LINE
8
BLACK
6
CONTINUOUS
10
62.5671169999999961
20
-23.2944630000000004
11
62.6975149999999957
21
-23.3815919999999977
0
LINE
8
BLACK
6
CONTINUOUS
10
62.6975149999999957
20
-23.3815919999999977
11
62.808408
21
-23.4924849999999985
0
LINE
8
BLACK
6
CONTINUOUS
10
62.808408
20
-23.4924849999999985
11
62.8955369999999974
21
-23.6228829999999981
0
LINE
8
BLACK
6
CONTINUOUS
10
62.8955369999999974
20
-23.6228829999999981
11
62.9555519999999973
21
-23.7677719999999972
0
LINE
8
BLACK
6
CONTINUOUS
10
62.9555519999999973
20
-23.7677719999999972
11
62.986148
21
-23.9215859999999978
0
LINE
8
BLACK
6
CONTINUOUS
10
62.986148
20
-23.9215859999999978
11
62.986148
21
-24.0784139999999987
0
LINE
8
BLACK
6
CONTINUOUS
10
62.986148
20
-24.0784139999999987
11
62.9555519999999973
21
-24.2322279999999992
0
LINE
8
BLACK
6
CONTINUOUS
10
62.9555519999999973
20
-24.2322279999999992
11
62.8955369999999974
21
-24.3771169999999984
0
LINE
8
BLACK
6
CONTINUOUS
10
62.8955369999999974
20
-24.3771169999999984
11
62.808408
21
-24.5075149999999979
0
LINE
8
BLACK
6
CONTINUOUS
10
62.808408
20
-24.5075149999999979
11
62.6975149999999957
21
-24.6184079999999987
0
LINE
8
BLACK
6
CONTINUOUS
10
62.6975149999999957
20
-24.6184079999999987
11
62.5671169999999961
21
-24.7055369999999996
0
LINE
8
BLACK
6
CONTINUOUS
10
62.5671169999999961
20
-24.7055369999999996
11
62.4222279999999969
21
-24.7655519999999996
0
LINE
8
BLACK
6
CONTINUOUS
10
62.4222279999999969
20
-24.7655519999999996
11
62.2684139999999999
21
-24.7961479999999987
0
LINE
8
BLACK
6
CONTINUOUS
10
62.2684139999999999
20
-24.7961479999999987
11
62.1115859999999955
21
-24.7961479999999987
0
LINE
8
BLACK
6
CONTINUOUS
10
62.1115859999999955
20
-24.7961479999999987
11
61.9577719999999985
21
-24.7655519999999996
0
LINE
8
BLACK
6
CONTINUOUS
10
61.9577719999999985
20
-24.7655519999999996
11
61.8128829999999994
21
-24.7055369999999996
0
LINE
8
BLACK
6
CONTINUOUS
10
61.8128829999999994
20
-24.7055369999999996
11
61.6824849999999998
21
-24.6184079999999987
0
LINE
8
BLACK
6
CONTINUOUS
10
61.6824849999999998
20
-24.6184079999999987
11
61.5715919999999954
21
-24.5075149999999979
0
LINE
8
BLACK
6
CONTINUOUS
10
61.5715919999999954
20
-24.5075149999999979
11
61.4844629999999981
21
-24.3771169999999984
0
LINE
8
BLACK
6
CONTINUOUS
10
61.4844629999999981
20
-24.3771169999999984
11
61.4244479999999982
21
-24.2322279999999992
0
LINE
8
BLACK
6
CONTINUOUS
10
61.4244479999999982
20
-24.2322279999999992
11
61.3938519999999954
21
-24.0784139999999987
0
LINE
8
BLACK
6
CONTINUOUS
10
61.3938519999999954
20
-24.0784139999999987
11
61.3938519999999954
21
-23.9215859999999978
0
LINE
8
BLACK
6
CONTINUOUS
10
61.3938519999999954
20
-23.9215859999999978
11
61.4244479999999982
21
-23.7677719999999972
0
LINE
8
BLACK
6
CONTINUOUS
10
61.4244479999999982
20
-23.7677719999999972
11
61.4844629999999981
21
-23.6228829999999981
0
LINE
8
BLACK
6
CONTINUOUS
10
61.4844629999999981
20
-23.6228829999999981
11
61.5715919999999954
21
-23.4924849999999985
0
LINE
8
BLACK
6
CONTINUOUS
10
61.5715919999999954
20
-23.4924849999999985
11
61.6824849999999998
21
-23.3815919999999977
0
LINE
8
BLACK
6
CONTINUOUS
10
61.6824849999999998
20
-23.3815919999999977
11
61.8128829999999994
21
-23.2944630000000004
0
LINE
8
BLACK
6
CONTINUOUS
10
61.8128829999999994
20
-23.2944630000000004
11
61.9577719999999985
21
-23.2344480000000004
0
LINE
8
BLACK
6
CONTINUOUS
10
61.9577719999999985
20
-23.2344480000000004
11
62.1115859999999955
21
-23.2038519999999977
0
LINE
8
BLACK
6
CONTINUOUS
10
62.1115859999999955
20
-23.2038519999999977
11
62.2684139999999999
21
-23.2038519999999977
0
LINE
8
BLACK
6
CONTINUOUS
10
62.2684139999999999
20
-23.2038519999999977
11
62.4222279999999969
21
-23.2344480000000004
0
LINE
8
BLACK
6
CONTINUOUS
10
70.0422279999999944
20
-23.2344480000000004
11
70.1871170000000006
21
-23.2944630000000004
0
LINE
8
BLACK
6
CONTINUOUS
10
70.1871170000000006
20
-23.2944630000000004
11
70.3175150000000002
21
-23.3815919999999977
0
LINE
8
BLACK
6
CONTINUOUS
10
70.3175150000000002
20
-23.3815919999999977
11
70.4284079999999904
21
-23.4924849999999985
0
LINE
8
BLACK
6
CONTINUOUS
10
70.4284079999999904
20
-23.4924849999999985
11
70.5155369999999948
21
-23.6228829999999981
0
LINE
8
BLACK
6
CONTINUOUS
10
70.5155369999999948
20
-23.6228829999999981
11
70.5755520000000018
21
-23.7677719999999972
0
LINE
8
BLACK
6
CONTINUOUS
10
70.5755520000000018
20
-23.7677719999999972
11
70.6061479999999904
21
-23.9215859999999978
0
LINE
8
BLACK
6
CONTINUOUS
10
70.6061479999999904
20
-23.9215859999999978
11
70.6061479999999904
21
-24.0784139999999987
0
LINE
8
BLACK
6
CONTINUOUS
10
70.6061479999999904
20
-24.0784139999999987
11
70.5755520000000018
21
-24.2322279999999992
0
LINE
8
BLACK
6
CONTINUOUS
10
70.5755520000000018
20
-24.2322279999999992
11
70.5155369999999948
21
-24.3771169999999984
0
LINE
8
BLACK
6
CONTINUOUS
10
70.5155369999999948
20
-24.3771169999999984
11
70.4284079999999904
21
-24.5075149999999979
0
LINE
8
BLACK
6
CONTINUOUS
10
70.4284079999999904
20
-24.5075149999999979
11
70.3175150000000002
21
-24.6184079999999987
0
LINE
8
BLACK
6
CONTINUOUS
10
70.3175150000000002
20
-24.6184079999999987
11
70.1871170000000006
21
-24.7055369999999996
0
LINE
8
BLACK
6
CONTINUOUS
10
70.1871170000000006
20
-24.7055369999999996
11
70.0422279999999944
21
-24.7655519999999996
0
LINE
8
BLACK
6
CONTINUOUS
10
70.0422279999999944
20
-24.7655519999999996
11
69.8884139999999974
21
-24.7961479999999987
0
LINE
8
BLACK
6
CONTINUOUS
10
69.8884139999999974
20
-24.7961479999999987
11
69.731585999999993
21
-24.7961479999999987
0
LINE
8
BLACK
6
CONTINUOUS
10
69.731585999999993
20
-24.7961479999999987
11
69.577771999999996
21
-24.7655519999999996
0
LINE
8
BLACK
6
CONTINUOUS
10
69.577771999999996
20
-24.7655519999999996
11
69.4328830000000039
21
-24.7055369999999996
0
LINE
8
BLACK
6
CONTINUOUS
10
69.4328830000000039
20
-24.7055369999999996
11
69.3024849999999901
21
-24.6184079999999987
0
LINE
8
BLACK
6
CONTINUOUS
10
69.3024849999999901
20
-24.6184079999999987
11
69.191592
21
-24.5075149999999979
0
LINE
8
BLACK
6
CONTINUOUS
10
69.191592
20
-24.5075149999999979
11
69.1044629999999955
21
-24.3771169999999984
0
LINE
8
BLACK
6
CONTINUOUS
10
69.1044629999999955
20
-24.3771169999999984
11
69.0444480000000027
21
-24.2322279999999992
0
LINE
8
BLACK
6
CONTINUOUS
10
69.0444480000000027
20
-24.2322279999999992
11
69.013852
21
-24.0784139999999987
0
LINE
8
BLACK
6
CONTINUOUS
10
69.013852
20
-24.0784139999999987
11
69.013852
21
-23.9215859999999978
0
LINE
8
BLACK
6
CONTINUOUS
10
69.013852
20
-23.9215859999999978
11
69.0444480000000027
21
-23.7677719999999972
0
LINE
8
BLACK
6
CONTINUOUS
10
69.0444480000000027
20
-23.7677719999999972
11
69.1044629999999955
21
-23.6228829999999981
0
LINE
8
BLACK
6
CONTINUOUS
10
69.1044629999999955
20
-23.6228829999999981
11
69.191592
21
-23.4924849999999985
0
LINE
8
BLACK
6
CONTINUOUS
10
69.191592
20
-23.4924849999999985
11
69.3024849999999901
21
-23.3815919999999977
0
LINE
8
BLACK
6
CONTINUOUS
10
69.3024849999999901
20
-23.3815919999999977
11
69.4328830000000039
21
-23.2944630000000004
0
LINE
8
BLACK
6
CONTINUOUS
10
69.4328830000000039
20
-23.2944630000000004
11
69.577771999999996
21
-23.2344480000000004
0
LINE
8
BLACK
6
CONTINUOUS
10
69.577771999999996
20
-23.2344480000000004
11
69.731585999999993
21
-23.2038519999999977
0
LINE
8
BLACK
6
CONTINUOUS
10
69.731585999999993
20
-23.2038519999999977
11
69.8884139999999974
21
-23.2038519999999977
0
LINE
8
BLACK
6
CONTINUOUS
10
69.8884139999999974
20
-23.2038519999999977
11
70.0422279999999944
21
-23.2344480000000004
0
LINE
8
BLACK
6
CONTINUOUS
10
43.9651269999999954
20
-22.8062100000000001
11
43.9799779999999956
21
-22.8062100000000001
0
LINE
8
BLACK
6
CONTINUOUS
10
43.9799779999999956
20
-22.8062100000000001
11
43.9935520000000011
21
-22.811831999999999
0
LINE
8
BLACK
6
CONTINUOUS
10
43.9935520000000011
20
-22.811831999999999
11
44.0079709999999977
21
-22.8146849999999972
0
LINE
8
BLACK
6
CONTINUOUS
10
44.0079709999999977
20
-22.8146849999999972
11
44.0203309999999988
21
-22.8229249999999979
0
LINE
8
BLACK
6
CONTINUOUS
10
44.0203309999999988
20
-22.8229249999999979
11
44.0340500000000006
21
-22.8286079999999991
0
LINE
8
BLACK
6
CONTINUOUS
10
44.0340500000000006
20
-22.8286079999999991
11
44.044438999999997
21
-22.8389969999999991
0
LINE
8
BLACK
6
CONTINUOUS
10
44.044438999999997
20
-22.8389969999999991
11
44.0566699999999969
21
-22.8471510000000002
0
LINE
8
BLACK
6
CONTINUOUS
10
44.0566699999999969
20
-22.8471510000000002
11
44.0649349999999984
21
-22.8594930000000005
0
LINE
8
BLACK
6
CONTINUOUS
10
44.0649349999999984
20
-22.8594930000000005
11
44.0754340000000013
21
-22.8699919999999999
0
LINE
8
BLACK
6
CONTINUOUS
10
44.0754340000000013
20
-22.8699919999999999
11
44.0810570000000013
21
-22.8835680000000004
0
LINE
8
BLACK
6
CONTINUOUS
10
44.0810570000000013
20
-22.8835680000000004
11
44.0892359999999996
21
-22.8957809999999995
0
LINE
8
BLACK
6
CONTINUOUS
10
44.0892359999999996
20
-22.8957809999999995
11
44.0921479999999946
21
-22.9103429999999975
0
LINE
8
BLACK
6
CONTINUOUS
10
44.0921479999999946
20
-22.9103429999999975
11
44.0978319999999968
21
-22.9240639999999978
0
LINE
8
BLACK
6
CONTINUOUS
10
44.0978319999999968
20
-22.9240639999999978
11
44.1006829999999965
21
-22.9530159999999981
0
LINE
8
BLACK
6
CONTINUOUS
10
44.1006829999999965
20
-22.9530159999999981
11
44.1007139999999964
21
-22.9531700000000001
0
LINE
8
BLACK
6
CONTINUOUS
10
44.1007139999999964
20
-22.9531700000000001
11
44.1007029999999958
21
-22.9532220000000002
0
LINE
8
BLACK
6
CONTINUOUS
10
44.1007029999999958
20
-22.9532220000000002
11
44.1007139999999964
21
-22.9533279999999991
0
LINE
8
BLACK
6
CONTINUOUS
10
44.1007139999999964
20
-22.9533279999999991
11
44.1007139999999964
21
-24.3033280000000005
0
LINE
8
BLACK
6
CONTINUOUS
10
44.1007139999999964
20
-24.3033280000000005
11
44.3792860000000005
21
-24.3033280000000005
0
LINE
8
BLACK
6
CONTINUOUS
10
44.3792860000000005
20
-24.3033280000000005
11
44.4085499999999982
21
-24.3062100000000001
0
LINE
8
BLACK
6
CONTINUOUS
10
44.4085499999999982
20
-24.3062100000000001
11
44.4626219999999961
21
-24.3286079999999991
0
LINE
8
BLACK
6
CONTINUOUS
10
44.4626219999999961
20
-24.3286079999999991
11
44.5040059999999968
21
-24.3699919999999999
0
LINE
8
BLACK
6
CONTINUOUS
10
44.5040059999999968
20
-24.3699919999999999
11
44.5264039999999994
21
-24.4240639999999978
0
LINE
8
BLACK
6
CONTINUOUS
10
44.5264039999999994
20
-24.4240639999999978
11
44.5264039999999994
21
-24.4825920000000004
0
LINE
8
BLACK
6
CONTINUOUS
10
44.5264039999999994
20
-24.4825920000000004
11
44.5040059999999968
21
-24.5366639999999983
0
LINE
8
BLACK
6
CONTINUOUS
10
44.5040059999999968
20
-24.5366639999999983
11
44.4626219999999961
21
-24.578047999999999
0
LINE
8
BLACK
6
CONTINUOUS
10
44.4626219999999961
20
-24.578047999999999
11
44.4085499999999982
21
-24.600445999999998
0
LINE
8
BLACK
6
CONTINUOUS
10
44.4085499999999982
20
-24.600445999999998
11
44.3792860000000005
21
-24.6033279999999976
0
LINE
8
BLACK
6
CONTINUOUS
10
44.3792860000000005
20
-24.6033279999999976
11
43.5221429999999998
21
-24.6033279999999976
0
LINE
8
BLACK
6
CONTINUOUS
10
43.5221429999999998
20
-24.6033279999999976
11
43.492878999999995
21
-24.600445999999998
0
LINE
8
BLACK
6
CONTINUOUS
10
43.492878999999995
20
-24.600445999999998
11
43.4388069999999971
21
-24.578047999999999
0
LINE
8
BLACK
6
CONTINUOUS
10
43.4388069999999971
20
-24.578047999999999
11
43.3974229999999963
21
-24.5366639999999983
0
LINE
8
BLACK
6
CONTINUOUS
10
43.3974229999999963
20
-24.5366639999999983
11
43.3750250000000008
21
-24.4825920000000004
0
LINE
8
BLACK
6
CONTINUOUS
10
43.3750250000000008
20
-24.4825920000000004
11
43.3750250000000008
21
-24.4240639999999978
0
LINE
8
BLACK
6
CONTINUOUS
10
43.3750250000000008
20
-24.4240639999999978
11
43.3974229999999963
21
-24.3699919999999999
0
LINE
8
BLACK
6
CONTINUOUS
10
43.3974229999999963
20
-24.3699919999999999
11
43.4388069999999971
21
-24.3286079999999991
0
LINE
8
BLACK
6
CONTINUOUS
10
43.4388069999999971
20
-24.3286079999999991
11
43.492878999999995
21
-24.3062100000000001
0
LINE
8
BLACK
6
CONTINUOUS
10
43.492878999999995
20
-24.3062100000000001
11
43.5221429999999998
21
-24.3033280000000005
0
LINE
8
BLACK
6
CONTINUOUS
10
43.5221429999999998
20
-24.3033280000000005
11
43.8007139999999993
21
-24.3033280000000005
0
LINE
8
BLACK
6
CONTINUOUS
10
43.8007139999999993
20
-24.3033280000000005
11
43.8007139999999993
21
-23.386889
0
LINE
8
BLACK
6
CONTINUOUS
10
43.8007139999999993
20
-23.386889
11
43.7710659999999976
21
-23.4165369999999982
0
LINE
8
BLACK
6
CONTINUOUS
10
43.7710659999999976
20
-23.4165369999999982
11
43.7595639999999975
21
-23.4259759999999986
0
LINE
8
BLACK
6
CONTINUOUS
10
43.7595639999999975
20
-23.4259759999999986
11
43.7569680000000005
21
-23.4289699999999996
0
LINE
8
BLACK
6
CONTINUOUS
10
43.7569680000000005
20
-23.4289699999999996
11
43.7524540000000002
21
-23.4318099999999987
0
LINE
8
BLACK
6
CONTINUOUS
10
43.7524540000000002
20
-23.4318099999999987
11
43.7483349999999973
21
-23.4351920000000007
0
LINE
8
BLACK
6
CONTINUOUS
10
43.7483349999999973
20
-23.4351920000000007
11
43.7446750000000009
21
-23.4367069999999984
0
LINE
8
BLACK
6
CONTINUOUS
10
43.7446750000000009
20
-23.4367069999999984
11
43.7320819999999983
21
-23.4446349999999981
0
LINE
8
BLACK
6
CONTINUOUS
10
43.7320819999999983
20
-23.4446349999999981
11
43.589224999999999
21
-23.5160640000000001
0
LINE
8
BLACK
6
CONTINUOUS
10
43.589224999999999
20
-23.5160640000000001
11
43.5617619999999945
21
-23.5265729999999991
0
LINE
8
BLACK
6
CONTINUOUS
10
43.5617619999999945
20
-23.5265729999999991
11
43.5033819999999949
21
-23.5307219999999973
0
LINE
8
BLACK
6
CONTINUOUS
10
43.5033819999999949
20
-23.5307219999999973
11
43.4478590000000011
21
-23.5122149999999976
0
LINE
8
BLACK
6
CONTINUOUS
10
43.4478590000000011
20
-23.5122149999999976
11
43.4036439999999999
21
-23.4738679999999995
0
LINE
8
BLACK
6
CONTINUOUS
10
43.4036439999999999
20
-23.4738679999999995
11
43.3774699999999953
21
-23.421519
0
LINE
8
BLACK
6
CONTINUOUS
10
43.3774699999999953
20
-23.421519
11
43.3733209999999971
21
-23.3631390000000003
0
LINE
8
BLACK
6
CONTINUOUS
10
43.3733209999999971
20
-23.3631390000000003
11
43.3918279999999967
21
-23.3076159999999994
0
LINE
8
BLACK
6
CONTINUOUS
10
43.3918279999999967
20
-23.3076159999999994
11
43.4301749999999984
21
-23.2634009999999982
0
LINE
8
BLACK
6
CONTINUOUS
10
43.4301749999999984
20
-23.2634009999999982
11
43.4550610000000006
21
-23.2477359999999997
0
LINE
8
BLACK
6
CONTINUOUS
10
43.4550610000000006
20
-23.2477359999999997
11
43.5761460000000014
21
-23.1871919999999996
0
LINE
8
BLACK
6
CONTINUOUS
10
43.5761460000000014
20
-23.1871919999999996
11
43.6912869999999955
21
-23.0720509999999983
0
LINE
8
BLACK
6
CONTINUOUS
10
43.6912869999999955
20
-23.0720509999999983
11
43.8259070000000008
21
-22.8701229999999995
0
LINE
8
BLACK
6
CONTINUOUS
10
43.8259070000000008
20
-22.8701229999999995
11
43.8259729999999976
21
-22.870041999999998
0
LINE
8
BLACK
6
CONTINUOUS
10
43.8259729999999976
20
-22.870041999999998
11
43.8259940000000014
21
-22.8699919999999999
0
LINE
8
BLACK
6
CONTINUOUS
10
43.8259940000000014
20
-22.8699919999999999
11
43.8261049999999983
21
-22.8698799999999984
0
LINE
8
BLACK
6
CONTINUOUS
10
43.8261049999999983
20
-22.8698799999999984
11
43.8445369999999954
21
-22.847372
0
LINE
8
BLACK
6
CONTINUOUS
10
43.8445369999999954
20
-22.847372
11
43.8568789999999993
21
-22.8391059999999975
0
LINE
8
BLACK
6
CONTINUOUS
10
43.8568789999999993
20
-22.8391059999999975
11
43.8673779999999951
21
-22.8286079999999991
0
LINE
8
BLACK
6
CONTINUOUS
10
43.8673779999999951
20
-22.8286079999999991
11
43.8809539999999956
21
-22.8229839999999982
0
LINE
8
BLACK
6
CONTINUOUS
10
43.8809539999999956
20
-22.8229839999999982
11
43.8931669999999983
21
-22.8148059999999973
0
LINE
8
BLACK
6
CONTINUOUS
10
43.8931669999999983
20
-22.8148059999999973
11
43.9077279999999988
21
-22.8118929999999978
0
LINE
8
BLACK
6
CONTINUOUS
10
43.9077279999999988
20
-22.8118929999999978
11
43.9214500000000001
21
-22.8062100000000001
0
LINE
8
BLACK
6
CONTINUOUS
10
43.9214500000000001
20
-22.8062100000000001
11
43.9361469999999983
21
-22.8062100000000001
0
LINE
8
BLACK
6
CONTINUOUS
10
43.9361469999999983
20
-22.8062100000000001
11
43.9505569999999963
21
-22.8033280000000005
0
LINE
8
BLACK
6
CONTINUOUS
10
43.9505569999999963
20
-22.8033280000000005
11
43.9651269999999954
21
-22.8062100000000001
0
LINE
8
BLACK
6
CONTINUOUS
10
45.3936980000000005
20
-22.8062100000000001
11
45.4085490000000007
21
-22.8062100000000001
0
LINE
8
BLACK
6
CONTINUOUS
10
45.4085490000000007
20
-22.8062100000000001
11
45.4221229999999991
21
-22.811831999999999
0
LINE
8
BLACK
6
CONTINUOUS
10
45.4221229999999991
20
-22.811831999999999
11
45.4365419999999958
21
-22.8146849999999972
0
LINE
8
BLACK
6
CONTINUOUS
10
45.4365419999999958
20
-22.8146849999999972
11
45.4489019999999968
21
-22.8229249999999979
0
LINE
8
BLACK
6
CONTINUOUS
10
45.4489019999999968
20
-22.8229249999999979
11
45.4626209999999986
21
-22.8286079999999991
0
LINE
8
BLACK
6
CONTINUOUS
10
45.4626209999999986
20
-22.8286079999999991
11
45.473009999999995
21
-22.8389969999999991
0
LINE
8
BLACK
6
CONTINUOUS
10
45.473009999999995
20
-22.8389969999999991
11
45.4852409999999949
21
-22.8471510000000002
0
LINE
8
BLACK
6
CONTINUOUS
10
45.4852409999999949
20
-22.8471510000000002
11
45.4935059999999964
21
-22.8594930000000005
0
LINE
8
BLACK
6
CONTINUOUS
10
45.4935059999999964
20
-22.8594930000000005
11
45.5040049999999994
21
-22.8699919999999999
0
LINE
8
BLACK
6
CONTINUOUS
10
45.5040049999999994
20
-22.8699919999999999
11
45.5096279999999993
21
-22.8835680000000004
0
LINE
8
BLACK
6
CONTINUOUS
10
45.5096279999999993
20
-22.8835680000000004
11
45.5178069999999977
21
-22.8957809999999995
0
LINE
8
BLACK
6
CONTINUOUS
10
45.5178069999999977
20
-22.8957809999999995
11
45.5207189999999997
21
-22.9103429999999975
0
LINE
8
BLACK
6
CONTINUOUS
10
45.5207189999999997
20
-22.9103429999999975
11
45.5264029999999948
21
-22.9240639999999978
0
LINE
8
BLACK
6
CONTINUOUS
10
45.5264029999999948
20
-22.9240639999999978
11
45.5292539999999946
21
-22.9530159999999981
0
LINE
8
BLACK
6
CONTINUOUS
10
45.5292539999999946
20
-22.9530159999999981
11
45.5292849999999945
21
-22.9531700000000001
0
LINE
8
BLACK
6
CONTINUOUS
10
45.5292849999999945
20
-22.9531700000000001
11
45.5292740000000009
21
-22.9532220000000002
0
LINE
8
BLACK
6
CONTINUOUS
10
45.5292740000000009
20
-22.9532220000000002
11
45.5292849999999945
21
-22.9533279999999991
0
LINE
8
BLACK
6
CONTINUOUS
10
45.5292849999999945
20
-22.9533279999999991
11
45.5292849999999945
21
-24.3033280000000005
0
LINE
8
BLACK
6
CONTINUOUS
10
45.5292849999999945
20
-24.3033280000000005
11
45.8078569999999985
21
-24.3033280000000005
0
LINE
8
BLACK
6
CONTINUOUS
10
45.8078569999999985
20
-24.3033280000000005
11
45.8371209999999962
21
-24.3062100000000001
0
LINE
8
BLACK
6
CONTINUOUS
10
45.8371209999999962
20
-24.3062100000000001
11
45.8911930000000012
21
-24.3286079999999991
0
LINE
8
BLACK
6
CONTINUOUS
10
45.8911930000000012
20
-24.3286079999999991
11
45.9325769999999949
21
-24.3699919999999999
0
LINE
8
BLACK
6
CONTINUOUS
10
45.9325769999999949
20
-24.3699919999999999
11
45.9549749999999975
21
-24.4240639999999978
0
LINE
8
BLACK
6
CONTINUOUS
10
45.9549749999999975
20
-24.4240639999999978
11
45.9549749999999975
21
-24.4825920000000004
0
LINE
8
BLACK
6
CONTINUOUS
10
45.9549749999999975
20
-24.4825920000000004
11
45.9325769999999949
21
-24.5366639999999983
0
LINE
8
BLACK
6
CONTINUOUS
10
45.9325769999999949
20
-24.5366639999999983
11
45.8911930000000012
21
-24.578047999999999
0
LINE
8
BLACK
6
CONTINUOUS
10
45.8911930000000012
20
-24.578047999999999
11
45.8371209999999962
21
-24.600445999999998
0
LINE
8
BLACK
6
CONTINUOUS
10
45.8371209999999962
20
-24.600445999999998
11
45.8078569999999985
21
-24.6033279999999976
0
LINE
8
BLACK
6
CONTINUOUS
10
45.8078569999999985
20
-24.6033279999999976
11
44.9507139999999978
21
-24.6033279999999976
0
LINE
8
BLACK
6
CONTINUOUS
10
44.9507139999999978
20
-24.6033279999999976
11
44.9214500000000001
21
-24.600445999999998
0
LINE
8
BLACK
6
CONTINUOUS
10
44.9214500000000001
20
-24.600445999999998
11
44.8673779999999951
21
-24.578047999999999
0
LINE
8
BLACK
6
CONTINUOUS
10
44.8673779999999951
20
-24.578047999999999
11
44.8259940000000014
21
-24.5366639999999983
0
LINE
8
BLACK
6
CONTINUOUS
10
44.8259940000000014
20
-24.5366639999999983
11
44.8035959999999989
21
-24.4825920000000004
0
LINE
8
BLACK
6
CONTINUOUS
10
44.8035959999999989
20
-24.4825920000000004
11
44.8035959999999989
21
-24.4240639999999978
0
LINE
8
BLACK
6
CONTINUOUS
10
44.8035959999999989
20
-24.4240639999999978
11
44.8259940000000014
21
-24.3699919999999999
0
LINE
8
BLACK
6
CONTINUOUS
10
44.8259940000000014
20
-24.3699919999999999
11
44.8673779999999951
21
-24.3286079999999991
0
LINE
8
BLACK
6
CONTINUOUS
10
44.8673779999999951
20
-24.3286079999999991
11
44.9214500000000001
21
-24.3062100000000001
0
LINE
8
BLACK
6
CONTINUOUS
10
44.9214500000000001
20
-24.3062100000000001
11
44.9507139999999978
21
-24.3033280000000005
0
LINE
8
BLACK
6
CONTINUOUS
10
44.9507139999999978
20
-24.3033280000000005
11
45.2292849999999973
21
-24.3033280000000005
0
LINE
8
BLACK
6
CONTINUOUS
10
45.2292849999999973
20
-24.3033280000000005
11
45.2292849999999973
21
-23.386889
0
LINE
8
BLACK
6
CONTINUOUS
10
45.2292849999999973
20
-23.386889
11
45.1996369999999956
21
-23.4165369999999982
0
LINE
8
BLACK
6
CONTINUOUS
10
45.1996369999999956
20
-23.4165369999999982
11
45.1881349999999955
21
-23.4259759999999986
0
LINE
8
BLACK
6
CONTINUOUS
10
45.1881349999999955
20
-23.4259759999999986
11
45.1855389999999986
21
-23.4289699999999996
0
LINE
8
BLACK
6
CONTINUOUS
10
45.1855389999999986
20
-23.4289699999999996
11
45.1810249999999982
21
-23.4318099999999987
0
LINE
8
BLACK
6
CONTINUOUS
10
45.1810249999999982
20
-23.4318099999999987
11
45.1769059999999953
21
-23.4351920000000007
0
LINE
8
BLACK
6
CONTINUOUS
10
45.1769059999999953
20
-23.4351920000000007
11
45.1732459999999989
21
-23.4367069999999984
0
LINE
8
BLACK
6
CONTINUOUS
10
45.1732459999999989
20
-23.4367069999999984
11
45.1606529999999964
21
-23.4446349999999981
0
LINE
8
BLACK
6
CONTINUOUS
10
45.1606529999999964
20
-23.4446349999999981
11
45.017795999999997
21
-23.5160640000000001
0
LINE
8
BLACK
6
CONTINUOUS
10
45.017795999999997
20
-23.5160640000000001
11
44.9903329999999997
21
-23.5265729999999991
0
LINE
8
BLACK
6
CONTINUOUS
10
44.9903329999999997
20
-23.5265729999999991
11
44.931953
21
-23.5307219999999973
0
LINE
8
BLACK
6
CONTINUOUS
10
44.931953
20
-23.5307219999999973
11
44.8764299999999992
21
-23.5122149999999976
0
LINE
8
BLACK
6
CONTINUOUS
10
44.8764299999999992
20
-23.5122149999999976
11
44.8322149999999979
21
-23.4738679999999995
0
LINE
8
BLACK
6
CONTINUOUS
10
44.8322149999999979
20
-23.4738679999999995
11
44.8060410000000005
21
-23.421519
0
LINE
8
BLACK
6
CONTINUOUS
10
44.8060410000000005
20
-23.421519
11
44.8018919999999952
21
-23.3631390000000003
0
LINE
8
BLACK
6
CONTINUOUS
10
44.8018919999999952
20
-23.3631390000000003
11
44.8203989999999948
21
-23.3076159999999994
0
LINE
8
BLACK
6
CONTINUOUS
10
44.8203989999999948
20
-23.3076159999999994
11
44.8587459999999965
21
-23.2634009999999982
0
LINE
8
BLACK
6
CONTINUOUS
10
44.8587459999999965
20
-23.2634009999999982
11
44.8836319999999986
21
-23.2477359999999997
0
LINE
8
BLACK
6
CONTINUOUS
10
44.8836319999999986
20
-23.2477359999999997
11
45.0047169999999994
21
-23.1871919999999996
0
LINE
8
BLACK
6
CONTINUOUS
10
45.0047169999999994
20
-23.1871919999999996
11
45.1198580000000007
21
-23.0720509999999983
0
LINE
8
BLACK
6
CONTINUOUS
10
45.1198580000000007
20
-23.0720509999999983
11
45.2544779999999989
21
-22.8701229999999995
0
LINE
8
BLACK
6
CONTINUOUS
10
45.2544779999999989
20
-22.8701229999999995
11
45.2545439999999957
21
-22.870041999999998
0
LINE
8
BLACK
6
CONTINUOUS
10
45.2545439999999957
20
-22.870041999999998
11
45.2545649999999995
21
-22.8699919999999999
0
LINE
8
BLACK
6
CONTINUOUS
10
45.2545649999999995
20
-22.8699919999999999
11
45.2546759999999963
21
-22.8698799999999984
0
LINE
8
BLACK
6
CONTINUOUS
10
45.2546759999999963
20
-22.8698799999999984
11
45.2731080000000006
21
-22.847372
0
LINE
8
BLACK
6
CONTINUOUS
10
45.2731080000000006
20
-22.847372
11
45.2854499999999973
21
-22.8391059999999975
0
LINE
8
BLACK
6
CONTINUOUS
10
45.2854499999999973
20
-22.8391059999999975
11
45.2959490000000002
21
-22.8286079999999991
0
LINE
8
BLACK
6
CONTINUOUS
10
45.2959490000000002
20
-22.8286079999999991
11
45.3095250000000007
21
-22.8229839999999982
0
LINE
8
BLACK
6
CONTINUOUS
10
45.3095250000000007
20
-22.8229839999999982
11
45.3217379999999963
21
-22.8148059999999973
0
LINE
8
BLACK
6
CONTINUOUS
10
45.3217379999999963
20
-22.8148059999999973
11
45.3362989999999968
21
-22.8118929999999978
0
LINE
8
BLACK
6
CONTINUOUS
10
45.3362989999999968
20
-22.8118929999999978
11
45.3500209999999981
21
-22.8062100000000001
0
LINE
8
BLACK
6
CONTINUOUS
10
45.3500209999999981
20
-22.8062100000000001
11
45.3647179999999963
21
-22.8062100000000001
0
LINE
8
BLACK
6
CONTINUOUS
10
45.3647179999999963
20
-22.8062100000000001
11
45.3791280000000015
21
-22.8033280000000005
0
LINE
8
BLACK
6
CONTINUOUS
10
45.3791280000000015
20
-22.8033280000000005
11
45.3936980000000005
21
-22.8062100000000001
0
LINE
8
BLACK
6
CONTINUOUS
10
42.6942639999999969
20
-22.8062100000000001
11
42.6992440000000002
21
-22.8082729999999998
0
LINE
8
BLACK
6
CONTINUOUS
10
42.6992440000000002
20
-22.8082729999999998
11
42.704619000000001
21
-22.8086549999999981
0
LINE
8
BLACK
6
CONTINUOUS
10
42.704619000000001
20
-22.8086549999999981
11
42.7320819999999983
21
-22.8191640000000007
0
LINE
8
BLACK
6
CONTINUOUS
10
42.7320819999999983
20
-22.8191640000000007
11
42.8749389999999977
21
-22.8905929999999991
0
LINE
8
BLACK
6
CONTINUOUS
10
42.8749389999999977
20
-22.8905929999999991
11
42.8875339999999952
21
-22.8985209999999988
0
LINE
8
BLACK
6
CONTINUOUS
10
42.8875339999999952
20
-22.8985209999999988
11
42.8911909999999992
21
-22.9000360000000001
0
LINE
8
BLACK
6
CONTINUOUS
10
42.8911909999999992
20
-22.9000360000000001
11
42.895308
21
-22.903414999999999
0
LINE
8
BLACK
6
CONTINUOUS
10
42.895308
20
-22.903414999999999
11
42.8998249999999999
21
-22.9062579999999976
0
LINE
8
BLACK
6
CONTINUOUS
10
42.8998249999999999
20
-22.9062579999999976
11
42.9024220000000014
21
-22.9092519999999986
0
LINE
8
BLACK
6
CONTINUOUS
10
42.9024220000000014
20
-22.9092519999999986
11
42.9139219999999995
21
-22.918689999999998
0
LINE
8
BLACK
6
CONTINUOUS
10
42.9139219999999995
20
-22.918689999999998
11
42.9853510000000014
21
-22.9901179999999989
0
LINE
8
BLACK
6
CONTINUOUS
10
42.9853510000000014
20
-22.9901179999999989
11
42.9947930000000014
21
-23.0016229999999986
0
LINE
8
BLACK
6
CONTINUOUS
10
42.9947930000000014
20
-23.0016229999999986
11
42.9977850000000004
21
-23.0042179999999981
0
LINE
8
BLACK
6
CONTINUOUS
10
42.9977850000000004
20
-23.0042179999999981
11
43.0006239999999949
21
-23.0087279999999978
0
LINE
8
BLACK
6
CONTINUOUS
10
43.0006239999999949
20
-23.0087279999999978
11
43.0040059999999968
21
-23.0128489999999992
0
LINE
8
BLACK
6
CONTINUOUS
10
43.0040059999999968
20
-23.0128489999999992
11
43.0055209999999946
21
-23.0165079999999982
0
LINE
8
BLACK
6
CONTINUOUS
10
43.0055209999999946
20
-23.0165079999999982
11
43.0134499999999989
21
-23.0291029999999992
0
LINE
8
BLACK
6
CONTINUOUS
10
43.0134499999999989
20
-23.0291029999999992
11
43.0848779999999962
21
-23.1719609999999996
0
LINE
8
BLACK
6
CONTINUOUS
10
43.0848779999999962
20
-23.1719609999999996
11
43.0953879999999998
21
-23.1994240000000005
0
LINE
8
BLACK
6
CONTINUOUS
10
43.0953879999999998
20
-23.1994240000000005
11
43.0957689999999971
21
-23.2047989999999977
0
LINE
8
BLACK
6
CONTINUOUS
10
43.0957689999999971
20
-23.2047989999999977
11
43.0978319999999968
21
-23.209778
0
LINE
8
BLACK
6
CONTINUOUS
10
43.0978319999999968
20
-23.209778
11
43.1007139999999964
21
-23.2390419999999978
0
LINE
8
BLACK
6
CONTINUOUS
10
43.1007139999999964
20
-23.2390419999999978
11
43.1007139999999964
21
-23.4533279999999991
0
LINE
8
BLACK
6
CONTINUOUS
10
43.1007139999999964
20
-23.4533279999999991
11
43.0978319999999968
21
-23.4825920000000004
0
LINE
8
BLACK
6
CONTINUOUS
10
43.0978319999999968
20
-23.4825920000000004
11
43.0957689999999971
21
-23.4875699999999981
0
LINE
8
BLACK
6
CONTINUOUS
10
43.0957689999999971
20
-23.4875699999999981
11
43.0953879999999998
21
-23.4929459999999999
0
LINE
8
BLACK
6
CONTINUOUS
10
43.0953879999999998
20
-23.4929459999999999
11
43.0848779999999962
21
-23.5204089999999972
0
LINE
8
BLACK
6
CONTINUOUS
10
43.0848779999999962
20
-23.5204089999999972
11
43.0134499999999989
21
-23.6632669999999976
0
LINE
8
BLACK
6
CONTINUOUS
10
43.0134499999999989
20
-23.6632669999999976
11
43.0055229999999966
21
-23.6758579999999981
0
LINE
8
BLACK
6
CONTINUOUS
10
43.0055229999999966
20
-23.6758579999999981
11
43.0040070000000014
21
-23.6795200000000001
0
LINE
8
BLACK
6
CONTINUOUS
10
43.0040070000000014
20
-23.6795200000000001
11
43.0006229999999974
21
-23.683641999999999
0
LINE
8
BLACK
6
CONTINUOUS
10
43.0006229999999974
20
-23.683641999999999
11
42.9977850000000004
21
-23.6881519999999988
0
LINE
8
BLACK
6
CONTINUOUS
10
42.9977850000000004
20
-23.6881519999999988
11
42.9947930000000014
21
-23.6907459999999972
0
LINE
8
BLACK
6
CONTINUOUS
10
42.9947930000000014
20
-23.6907459999999972
11
42.9853519999999989
21
-23.7022510000000004
0
LINE
8
BLACK
6
CONTINUOUS
10
42.9853519999999989
20
-23.7022510000000004
11
42.9139229999999969
21
-23.7736799999999988
0
LINE
8
BLACK
6
CONTINUOUS
10
42.9139229999999969
20
-23.7736799999999988
11
42.9024209999999968
21
-23.7831189999999992
0
LINE
8
BLACK
6
CONTINUOUS
10
42.9024209999999968
20
-23.7831189999999992
11
42.8998249999999999
21
-23.7861130000000003
0
LINE
8
BLACK
6
CONTINUOUS
10
42.8998249999999999
20
-23.7861130000000003
11
42.8953109999999995
21
-23.7889529999999993
0
LINE
8
BLACK
6
CONTINUOUS
10
42.8953109999999995
20
-23.7889529999999993
11
42.8911919999999967
21
-23.7923349999999978
0
LINE
8
BLACK
6
CONTINUOUS
10
42.8911919999999967
20
-23.7923349999999978
11
42.8875320000000002
21
-23.7938499999999991
0
LINE
8
BLACK
6
CONTINUOUS
10
42.8875320000000002
20
-23.7938499999999991
11
42.8749389999999977
21
-23.8017779999999988
0
LINE
8
BLACK
6
CONTINUOUS
10
42.8749389999999977
20
-23.8017779999999988
11
42.7320819999999983
21
-23.8732059999999997
0
LINE
8
BLACK
6
CONTINUOUS
10
42.7320819999999983
20
-23.8732059999999997
11
42.7286469999999952
21
-23.8745200000000004
0
LINE
8
BLACK
6
CONTINUOUS
10
42.7286469999999952
20
-23.8745200000000004
11
43.0735990000000015
21
-24.3673089999999988
0
LINE
8
BLACK
6
CONTINUOUS
10
43.0735990000000015
20
-24.3673089999999988
11
43.0880200000000002
21
-24.3929349999999978
0
LINE
8
BLACK
6
CONTINUOUS
10
43.0880200000000002
20
-24.3929349999999978
11
43.1006789999999995
21
-24.4500770000000003
0
LINE
8
BLACK
6
CONTINUOUS
10
43.1006789999999995
20
-24.4500770000000003
11
43.0905079999999998
21
-24.507712999999999
0
LINE
8
BLACK
6
CONTINUOUS
10
43.0905079999999998
20
-24.507712999999999
11
43.0590550000000007
21
-24.5570699999999995
0
LINE
8
BLACK
6
CONTINUOUS
10
43.0590550000000007
20
-24.5570699999999995
11
43.0111069999999955
21
-24.5906339999999979
0
LINE
8
BLACK
6
CONTINUOUS
10
43.0111069999999955
20
-24.5906339999999979
11
42.9539649999999966
21
-24.6032929999999972
0
LINE
8
BLACK
6
CONTINUOUS
10
42.9539649999999966
20
-24.6032929999999972
11
42.8963290000000015
21
-24.5931219999999975
0
LINE
8
BLACK
6
CONTINUOUS
10
42.8963290000000015
20
-24.5931219999999975
11
42.8469720000000009
21
-24.5616689999999984
0
LINE
8
BLACK
6
CONTINUOUS
10
42.8469720000000009
20
-24.5616689999999984
11
42.8278290000000013
21
-24.5393469999999994
0
LINE
8
BLACK
6
CONTINUOUS
10
42.8278290000000013
20
-24.5393469999999994
11
42.3726160000000007
21
-23.8890419999999999
0
LINE
8
BLACK
6
CONTINUOUS
10
42.3726160000000007
20
-23.8890419999999999
11
42.2435709999999958
21
-23.8890419999999999
0
LINE
8
BLACK
6
CONTINUOUS
10
42.2435709999999958
20
-23.8890419999999999
11
42.2435709999999958
21
-24.4533279999999991
0
LINE
8
BLACK
6
CONTINUOUS
10
42.2435709999999958
20
-24.4533279999999991
11
42.2406889999999962
21
-24.4825920000000004
0
LINE
8
BLACK
6
CONTINUOUS
10
42.2406889999999962
20
-24.4825920000000004
11
42.2182910000000007
21
-24.5366639999999983
0
LINE
8
BLACK
6
CONTINUOUS
10
42.2182910000000007
20
-24.5366639999999983
11
42.1769069999999999
21
-24.578047999999999
0
LINE
8
BLACK
6
CONTINUOUS
10
42.1769069999999999
20
-24.578047999999999
11
42.1228349999999949
21
-24.600445999999998
0
LINE
8
BLACK
6
CONTINUOUS
10
42.1228349999999949
20
-24.600445999999998
11
42.0643069999999994
21
-24.600445999999998
0
LINE
8
BLACK
6
CONTINUOUS
10
42.0643069999999994
20
-24.600445999999998
11
42.0102350000000015
21
-24.578047999999999
0
LINE
8
BLACK
6
CONTINUOUS
10
42.0102350000000015
20
-24.578047999999999
11
41.9688510000000008
21
-24.5366639999999983
0
LINE
8
BLACK
6
CONTINUOUS
10
41.9688510000000008
20
-24.5366639999999983
11
41.9464529999999982
21
-24.4825920000000004
0
LINE
8
BLACK
6
CONTINUOUS
10
41.9464529999999982
20
-24.4825920000000004
11
41.9435709999999986
21
-24.4533279999999991
0
LINE
8
BLACK
6
CONTINUOUS
10
41.9435709999999986
20
-24.4533279999999991
11
41.9435709999999986
21
-22.9533279999999991
0
LINE
8
BLACK
6
CONTINUOUS
10
41.9435709999999986
20
-22.9533279999999991
11
41.9464529999999982
21
-22.9240639999999978
0
LINE
8
BLACK
6
CONTINUOUS
10
41.9464529999999982
20
-22.9240639999999978
11
41.9688510000000008
21
-22.8699919999999999
0
LINE
8
BLACK
6
CONTINUOUS
10
41.9688510000000008
20
-22.8699919999999999
11
42.0102350000000015
21
-22.8286079999999991
0
LINE
8
BLACK
6
CONTINUOUS
10
42.0102350000000015
20
-22.8286079999999991
11
42.0643069999999994
21
-22.8062100000000001
0
LINE
8
BLACK
6
CONTINUOUS
10
42.0643069999999994
20
-22.8062100000000001
11
42.0935709999999972
21
-22.8033280000000005
0
LINE
8
BLACK
6
CONTINUOUS
10
42.0935709999999972
20
-22.8033280000000005
11
42.6649999999999991
21
-22.8033280000000005
0
LINE
8
BLACK
6
CONTINUOUS
10
42.6649999999999991
20
-22.8033280000000005
11
42.6942639999999969
21
-22.8062100000000001
0
LINE
8
BLACK
6
CONTINUOUS
10
42.2435709999999958
20
-23.5890419999999992
11
42.6295900000000003
21
-23.5890419999999992
0
LINE
8
BLACK
6
CONTINUOUS
10
42.6295900000000003
20
-23.5890419999999992
11
42.7190019999999961
21
-23.5443359999999977
0
LINE
8
BLACK
6
CONTINUOUS
10
42.7190019999999961
20
-23.5443359999999977
11
42.7560069999999968
21
-23.5073310000000006
0
LINE
8
BLACK
6
CONTINUOUS
10
42.7560069999999968
20
-23.5073310000000006
11
42.8007139999999993
21
-23.4179180000000002
0
LINE
8
BLACK
6
CONTINUOUS
10
42.8007139999999993
20
-23.4179180000000002
11
42.8007139999999993
21
-23.2744509999999991
0
LINE
8
BLACK
6
CONTINUOUS
10
42.8007139999999993
20
-23.2744509999999991
11
42.7560080000000013
21
-23.1850389999999997
0
LINE
8
BLACK
6
CONTINUOUS
10
42.7560080000000013
20
-23.1850389999999997
11
42.7190039999999982
21
-23.1480350000000001
0
LINE
8
BLACK
6
CONTINUOUS
10
42.7190039999999982
20
-23.1480350000000001
11
42.6295900000000003
21
-23.1033279999999976
0
LINE
8
BLACK
6
CONTINUOUS
10
42.6295900000000003
20
-23.1033279999999976
11
42.2435709999999958
21
-23.1033279999999976
0
LINE
8
BLACK
6
CONTINUOUS
10
42.2435709999999958
20
-23.1033279999999976
11
42.2435709999999958
21
-23.5890419999999992
0
LINE
8
BLACK
6
CONTINUOUS
10
34.5833359999999956
20
-21.8286079999999991
11
34.6247199999999964
21
-21.8699919999999999
0
LINE
8
BLACK
6
CONTINUOUS
10
34.6247199999999964
20
-21.8699919999999999
11
34.647117999999999
21
-21.9240639999999978
0
LINE
8
BLACK
6
CONTINUOUS
10
34.647117999999999
20
-21.9240639999999978
11
34.6499999999999986
21
-21.9533279999999991
0
LINE
8
BLACK
6
CONTINUOUS
10
34.6499999999999986
20
-21.9533279999999991
11
34.6499999999999986
21
-23.0247569999999975
0
LINE
8
BLACK
6
CONTINUOUS
10
34.6499999999999986
20
-23.0247569999999975
11
34.6485410000000016
21
-23.0395679999999992
0
LINE
8
BLACK
6
CONTINUOUS
10
34.6485410000000016
20
-23.0395679999999992
11
34.6488219999999956
21
-23.0435179999999988
0
LINE
8
BLACK
6
CONTINUOUS
10
34.6488219999999956
20
-23.0435179999999988
11
34.6476399999999956
21
-23.0487119999999983
0
LINE
8
BLACK
6
CONTINUOUS
10
34.6476399999999956
20
-23.0487119999999983
11
34.647117999999999
21
-23.0540209999999988
0
LINE
8
BLACK
6
CONTINUOUS
10
34.647117999999999
20
-23.0540209999999988
11
34.6456009999999992
21
-23.0576819999999998
0
LINE
8
BLACK
6
CONTINUOUS
10
34.6456009999999992
20
-23.0576819999999998
11
34.6423020000000008
21
-23.0721919999999976
0
LINE
8
BLACK
6
CONTINUOUS
10
34.6423020000000008
20
-23.0721919999999976
11
34.5708729999999989
21
-23.2864769999999979
0
LINE
8
BLACK
6
CONTINUOUS
10
34.5708729999999989
20
-23.2864769999999979
11
34.5588849999999965
21
-23.3133269999999975
0
LINE
8
BLACK
6
CONTINUOUS
10
34.5588849999999965
20
-23.3133269999999975
11
34.5553540000000012
21
-23.3173969999999997
0
LINE
8
BLACK
6
CONTINUOUS
10
34.5553540000000012
20
-23.3173969999999997
11
34.553291999999999
21
-23.3223769999999995
0
LINE
8
BLACK
6
CONTINUOUS
10
34.553291999999999
20
-23.3223769999999995
11
34.5346369999999965
21
-23.3451079999999997
0
LINE
8
BLACK
6
CONTINUOUS
10
34.5346369999999965
20
-23.3451079999999997
11
34.3917799999999971
21
-23.4879660000000001
0
LINE
8
BLACK
6
CONTINUOUS
10
34.3917799999999971
20
-23.4879660000000001
11
34.3690500000000014
21
-23.5066209999999991
0
LINE
8
BLACK
6
CONTINUOUS
10
34.3690500000000014
20
-23.5066209999999991
11
34.3640699999999981
21
-23.5086829999999978
0
LINE
8
BLACK
6
CONTINUOUS
10
34.3640699999999981
20
-23.5086829999999978
11
34.359999000000002
21
-23.5122149999999976
0
LINE
8
BLACK
6
CONTINUOUS
10
34.359999000000002
20
-23.5122149999999976
11
34.3331480000000013
21
-23.524203
0
LINE
8
BLACK
6
CONTINUOUS
10
34.3331480000000013
20
-23.524203
11
34.118862
21
-23.5956309999999974
0
LINE
8
BLACK
6
CONTINUOUS
10
34.118862
20
-23.5956309999999974
11
34.1043489999999991
21
-23.5989299999999993
0
LINE
8
BLACK
6
CONTINUOUS
10
34.1043489999999991
20
-23.5989299999999993
11
34.1006919999999951
21
-23.600445999999998
0
LINE
8
BLACK
6
CONTINUOUS
10
34.1006919999999951
20
-23.600445999999998
11
34.0953889999999973
21
-23.6009679999999982
0
LINE
8
BLACK
6
CONTINUOUS
10
34.0953889999999973
20
-23.6009679999999982
11
34.0901879999999977
21
-23.6021509999999992
0
LINE
8
BLACK
6
CONTINUOUS
10
34.0901879999999977
20
-23.6021509999999992
11
34.086233
21
-23.6018690000000007
0
LINE
8
BLACK
6
CONTINUOUS
10
34.086233
20
-23.6018690000000007
11
34.0714279999999974
21
-23.6033279999999976
0
LINE
8
BLACK
6
CONTINUOUS
10
34.0714279999999974
20
-23.6033279999999976
11
33.928570999999998
21
-23.6033279999999976
0
LINE
8
BLACK
6
CONTINUOUS
10
33.928570999999998
20
-23.6033279999999976
11
33.8993070000000003
21
-23.600445999999998
0
LINE
8
BLACK
6
CONTINUOUS
10
33.8993070000000003
20
-23.600445999999998
11
33.8452349999999953
21
-23.578047999999999
0
LINE
8
BLACK
6
CONTINUOUS
10
33.8452349999999953
20
-23.578047999999999
11
33.8038510000000016
21
-23.5366639999999983
0
LINE
8
BLACK
6
CONTINUOUS
10
33.8038510000000016
20
-23.5366639999999983
11
33.7814529999999991
21
-23.4825920000000004
0
LINE
8
BLACK
6
CONTINUOUS
10
33.7814529999999991
20
-23.4825920000000004
11
33.7814529999999991
21
-23.4240639999999978
0
LINE
8
BLACK
6
CONTINUOUS
10
33.7814529999999991
20
-23.4240639999999978
11
33.8038510000000016
21
-23.3699919999999999
0
LINE
8
BLACK
6
CONTINUOUS
10
33.8038510000000016
20
-23.3699919999999999
11
33.8452349999999953
21
-23.3286079999999991
0
LINE
8
BLACK
6
CONTINUOUS
10
33.8452349999999953
20
-23.3286079999999991
11
33.8993070000000003
21
-23.3062100000000001
0
LINE
8
BLACK
6
CONTINUOUS
10
33.8993070000000003
20
-23.3062100000000001
11
33.928570999999998
21
-23.3033280000000005
0
LINE
8
BLACK
6
CONTINUOUS
10
33.928570999999998
20
-23.3033280000000005
11
34.0470849999999956
21
-23.3033280000000005
0
LINE
8
BLACK
6
CONTINUOUS
10
34.0470849999999956
20
-23.3033280000000005
11
34.2046869999999998
21
-23.2507939999999991
0
LINE
8
BLACK
6
CONTINUOUS
10
34.2046869999999998
20
-23.2507939999999991
11
34.297466
21
-23.1580139999999979
0
LINE
8
BLACK
6
CONTINUOUS
10
34.297466
20
-23.1580139999999979
11
34.3500000000000014
21
-23.0004159999999978
0
LINE
8
BLACK
6
CONTINUOUS
10
34.3500000000000014
20
-23.0004159999999978
11
34.3500000000000014
21
-21.9533279999999991
0
LINE
8
BLACK
6
CONTINUOUS
10
34.3500000000000014
20
-21.9533279999999991
11
34.352882000000001
21
-21.9240639999999978
0
LINE
8
BLACK
6
CONTINUOUS
10
34.352882000000001
20
-21.9240639999999978
11
34.3752799999999965
21
-21.8699919999999999
0
LINE
8
BLACK
6
CONTINUOUS
10
34.3752799999999965
20
-21.8699919999999999
11
34.4166639999999973
21
-21.8286079999999991
0
LINE
8
BLACK
6
CONTINUOUS
10
34.4166639999999973
20
-21.8286079999999991
11
34.4707359999999952
21
-21.8062100000000001
0
LINE
8
BLACK
6
CONTINUOUS
10
34.4707359999999952
20
-21.8062100000000001
11
34.5292639999999977
21
-21.8062100000000001
0
LINE
8
BLACK
6
CONTINUOUS
10
34.5292639999999977
20
-21.8062100000000001
11
34.5833359999999956
21
-21.8286079999999991
0
LINE
8
BLACK
6
CONTINUOUS
10
35.5858409999999949
20
-21.8062100000000001
11
35.6006919999999951
21
-21.8062100000000001
0
LINE
8
BLACK
6
CONTINUOUS
10
35.6006919999999951
20
-21.8062100000000001
11
35.6142660000000006
21
-21.811831999999999
0
LINE
8
BLACK
6
CONTINUOUS
10
35.6142660000000006
20
-21.811831999999999
11
35.6286849999999973
21
-21.8146850000000008
0
LINE
8
BLACK
6
CONTINUOUS
10
35.6286849999999973
20
-21.8146850000000008
11
35.6410449999999983
21
-21.8229249999999979
0
LINE
8
BLACK
6
CONTINUOUS
10
35.6410449999999983
20
-21.8229249999999979
11
35.6547640000000001
21
-21.8286079999999991
0
LINE
8
BLACK
6
CONTINUOUS
10
35.6547640000000001
20
-21.8286079999999991
11
35.6651529999999966
21
-21.8389969999999991
0
LINE
8
BLACK
6
CONTINUOUS
10
35.6651529999999966
20
-21.8389969999999991
11
35.6773839999999964
21
-21.8471510000000002
0
LINE
8
BLACK
6
CONTINUOUS
10
35.6773839999999964
20
-21.8471510000000002
11
35.685648999999998
21
-21.8594930000000005
0
LINE
8
BLACK
6
CONTINUOUS
10
35.685648999999998
20
-21.8594930000000005
11
35.6961480000000009
21
-21.8699919999999999
0
LINE
8
BLACK
6
CONTINUOUS
10
35.6961480000000009
20
-21.8699919999999999
11
35.7017710000000008
21
-21.8835680000000004
0
LINE
8
BLACK
6
CONTINUOUS
10
35.7017710000000008
20
-21.8835680000000004
11
35.7099499999999992
21
-21.8957809999999995
0
LINE
8
BLACK
6
CONTINUOUS
10
35.7099499999999992
20
-21.8957809999999995
11
35.7128620000000012
21
-21.9103429999999975
0
LINE
8
BLACK
6
CONTINUOUS
10
35.7128620000000012
20
-21.9103429999999975
11
35.7185459999999964
21
-21.9240639999999978
0
LINE
8
BLACK
6
CONTINUOUS
10
35.7185459999999964
20
-21.9240639999999978
11
35.7213969999999961
21
-21.9530159999999981
0
LINE
8
BLACK
6
CONTINUOUS
10
35.7213969999999961
20
-21.9530159999999981
11
35.721427999999996
21
-21.9531700000000001
0
LINE
8
BLACK
6
CONTINUOUS
10
35.721427999999996
20
-21.9531700000000001
11
35.7214169999999953
21
-21.9532220000000002
0
LINE
8
BLACK
6
CONTINUOUS
10
35.7214169999999953
20
-21.9532220000000002
11
35.721427999999996
21
-21.9533279999999991
0
LINE
8
BLACK
6
CONTINUOUS
10
35.721427999999996
20
-21.9533279999999991
11
35.721427999999996
21
-23.3033280000000005
0
LINE
8
BLACK
6
CONTINUOUS
10
35.721427999999996
20
-23.3033280000000005
11
36.
21
-23.3033280000000005
0
LINE
8
BLACK
6
CONTINUOUS
10
36.
20
-23.3033280000000005
11
36.0292639999999977
21
-23.3062100000000001
0
LINE
8
BLACK
6
CONTINUOUS
10
36.0292639999999977
20
-23.3062100000000001
11
36.0833359999999956
21
-23.3286079999999991
0
LINE
8
BLACK
6
CONTINUOUS
10
36.0833359999999956
20
-23.3286079999999991
11
36.1247199999999964
21
-23.3699919999999999
0
LINE
8
BLACK
6
CONTINUOUS
10
36.1247199999999964
20
-23.3699919999999999
11
36.147117999999999
21
-23.4240639999999978
0
LINE
8
BLACK
6
CONTINUOUS
10
36.147117999999999
20
-23.4240639999999978
11
36.147117999999999
21
-23.4825920000000004
0
LINE
8
BLACK
6
CONTINUOUS
10
36.147117999999999
20
-23.4825920000000004
11
36.1247199999999964
21
-23.5366639999999983
0
LINE
8
BLACK
6
CONTINUOUS
10
36.1247199999999964
20
-23.5366639999999983
11
36.0833359999999956
21
-23.578047999999999
0
LINE
8
BLACK
6
CONTINUOUS
10
36.0833359999999956
20
-23.578047999999999
11
36.0292639999999977
21
-23.600445999999998
0
LINE
8
BLACK
6
CONTINUOUS
10
36.0292639999999977
20
-23.600445999999998
11
36.
21
-23.6033279999999976
0
LINE
8
BLACK
6
CONTINUOUS
10
36.
20
-23.6033279999999976
11
35.1428569999999993
21
-23.6033279999999976
0
LINE
8
BLACK
6
CONTINUOUS
10
35.1428569999999993
20
-23.6033279999999976
11
35.1135930000000016
21
-23.600445999999998
0
LINE
8
BLACK
6
CONTINUOUS
10
35.1135930000000016
20
-23.600445999999998
11
35.0595209999999966
21
-23.578047999999999
0
LINE
8
BLACK
6
CONTINUOUS
10
35.0595209999999966
20
-23.578047999999999
11
35.0181369999999959
21
-23.5366639999999983
0
LINE
8
BLACK
6
CONTINUOUS
10
35.0181369999999959
20
-23.5366639999999983
11
34.9957390000000004
21
-23.4825920000000004
0
LINE
8
BLACK
6
CONTINUOUS
10
34.9957390000000004
20
-23.4825920000000004
11
34.9957390000000004
21
-23.4240639999999978
0
LINE
8
BLACK
6
CONTINUOUS
10
34.9957390000000004
20
-23.4240639999999978
11
35.0181369999999959
21
-23.3699919999999999
0
LINE
8
BLACK
6
CONTINUOUS
10
35.0181369999999959
20
-23.3699919999999999
11
35.0595209999999966
21
-23.3286079999999991
0
LINE
8
BLACK
6
CONTINUOUS
10
35.0595209999999966
20
-23.3286079999999991
11
35.1135930000000016
21
-23.3062100000000001
0
LINE
8
BLACK
6
CONTINUOUS
10
35.1135930000000016
20
-23.3062100000000001
11
35.1428569999999993
21
-23.3033280000000005
0
LINE
8
BLACK
6
CONTINUOUS
10
35.1428569999999993
20
-23.3033280000000005
11
35.4214279999999988
21
-23.3033280000000005
0
LINE
8
BLACK
6
CONTINUOUS
10
35.4214279999999988
20
-23.3033280000000005
11
35.4214279999999988
21
-22.386889
0
LINE
8
BLACK
6
CONTINUOUS
10
35.4214279999999988
20
-22.386889
11
35.3917799999999971
21
-22.4165369999999982
0
LINE
8
BLACK
6
CONTINUOUS
10
35.3917799999999971
20
-22.4165369999999982
11
35.380277999999997
21
-22.4259759999999986
0
LINE
8
BLACK
6
CONTINUOUS
10
35.380277999999997
20
-22.4259759999999986
11
35.3776820000000001
21
-22.4289699999999996
0
LINE
8
BLACK
6
CONTINUOUS
10
35.3776820000000001
20
-22.4289699999999996
11
35.3731679999999997
21
-22.4318099999999987
0
LINE
8
BLACK
6
CONTINUOUS
10
35.3731679999999997
20
-22.4318099999999987
11
35.3690489999999969
21
-22.4351920000000007
0
LINE
8
BLACK
6
CONTINUOUS
10
35.3690489999999969
20
-22.4351920000000007
11
35.3653890000000004
21
-22.4367069999999984
0
LINE
8
BLACK
6
CONTINUOUS
10
35.3653890000000004
20
-22.4367069999999984
11
35.3527959999999979
21
-22.4446349999999981
0
LINE
8
BLACK
6
CONTINUOUS
10
35.3527959999999979
20
-22.4446349999999981
11
35.2099389999999985
21
-22.5160640000000001
0
LINE
8
BLACK
6
CONTINUOUS
10
35.2099389999999985
20
-22.5160640000000001
11
35.1824760000000012
21
-22.5265729999999991
0
LINE
8
BLACK
6
CONTINUOUS
10
35.1824760000000012
20
-22.5265729999999991
11
35.1240960000000015
21
-22.5307219999999973
0
LINE
8
BLACK
6
CONTINUOUS
10
35.1240960000000015
20
-22.5307219999999973
11
35.0685730000000007
21
-22.5122149999999976
0
LINE
8
BLACK
6
CONTINUOUS
10
35.0685730000000007
20
-22.5122149999999976
11
35.0243579999999994
21
-22.4738679999999995
0
LINE
8
BLACK
6
CONTINUOUS
10
35.0243579999999994
20
-22.4738679999999995
11
34.998184000000002
21
-22.421519
0
LINE
8
BLACK
6
CONTINUOUS
10
34.998184000000002
20
-22.421519
11
34.9940349999999967
21
-22.3631390000000003
0
LINE
8
BLACK
6
CONTINUOUS
10
34.9940349999999967
20
-22.3631390000000003
11
35.0125419999999963
21
-22.3076159999999994
0
LINE
8
BLACK
6
CONTINUOUS
10
35.0125419999999963
20
-22.3076159999999994
11
35.050888999999998
21
-22.2634009999999982
0
LINE
8
BLACK
6
CONTINUOUS
10
35.050888999999998
20
-22.2634009999999982
11
35.0757750000000001
21
-22.2477359999999997
0
LINE
8
BLACK
6
CONTINUOUS
10
35.0757750000000001
20
-22.2477359999999997
11
35.1968600000000009
21
-22.1871919999999996
0
LINE
8
BLACK
6
CONTINUOUS
10
35.1968600000000009
20
-22.1871919999999996
11
35.3120009999999951
21
-22.0720509999999983
0
LINE
8
BLACK
6
CONTINUOUS
10
35.3120009999999951
20
-22.0720509999999983
11
35.4466210000000004
21
-21.8701229999999995
0
LINE
8
BLACK
6
CONTINUOUS
10
35.4466210000000004
20
-21.8701229999999995
11
35.4466869999999972
21
-21.870041999999998
0
LINE
8
BLACK
6
CONTINUOUS
10
35.4466869999999972
20
-21.870041999999998
11
35.446708000000001
21
-21.8699919999999999
0
LINE
8
BLACK
6
CONTINUOUS
10
35.446708000000001
20
-21.8699919999999999
11
35.4468189999999979
21
-21.8698799999999984
0
LINE
8
BLACK
6
CONTINUOUS
10
35.4468189999999979
20
-21.8698799999999984
11
35.465250999999995
21
-21.847372
0
LINE
8
BLACK
6
CONTINUOUS
10
35.465250999999995
20
-21.847372
11
35.4775929999999988
21
-21.8391059999999975
0
LINE
8
BLACK
6
CONTINUOUS
10
35.4775929999999988
20
-21.8391059999999975
11
35.4880920000000017
21
-21.8286079999999991
0
LINE
8
BLACK
6
CONTINUOUS
10
35.4880920000000017
20
-21.8286079999999991
11
35.5016679999999951
21
-21.8229839999999982
0
LINE
8
BLACK
6
CONTINUOUS
10
35.5016679999999951
20
-21.8229839999999982
11
35.5138809999999978
21
-21.8148059999999973
0
LINE
8
BLACK
6
CONTINUOUS
10
35.5138809999999978
20
-21.8148059999999973
11
35.5284419999999983
21
-21.8118929999999978
0
LINE
8
BLACK
6
CONTINUOUS
10
35.5284419999999983
20
-21.8118929999999978
11
35.5421639999999996
21
-21.8062100000000001
0
LINE
8
BLACK
6
CONTINUOUS
10
35.5421639999999996
20
-21.8062100000000001
11
35.5568609999999978
21
-21.8062100000000001
0
LINE
8
BLACK
6
CONTINUOUS
10
35.5568609999999978
20
-21.8062100000000001
11
35.5712709999999959
21
-21.8033280000000005
0
LINE
8
BLACK
6
CONTINUOUS
10
35.5712709999999959
20
-21.8033280000000005
11
35.5858409999999949
21
-21.8062100000000001
0
LINE
8
BLACK
6
CONTINUOUS
10
139.4425389999999823
20
-20.5201849999999979
11
139.4882939999999962
21
-20.5729889999999997
0
LINE
8
BLACK
6
CONTINUOUS
10
139.4882939999999962
20
-20.5729889999999997
11
139.4994999999999834
21
-20.6244999999999976
0
LINE
8
BLACK
6
CONTINUOUS
10
139.4994999999999834
20
-20.6244999999999976
11
139.4994999999999834
21
-99.3755000000000024
0
LINE
8
BLACK
6
CONTINUOUS
10
139.4994999999999834
20
-99.3755000000000024
11
139.4798150000000021
21
-99.4425389999999965
0
LINE
8
BLACK
6
CONTINUOUS
10
139.4798150000000021
20
-99.4425389999999965
11
139.4270109999999931
21
-99.4882939999999962
0
LINE
8
BLACK
6
CONTINUOUS
10
139.4270109999999931
20
-99.4882939999999962
11
139.3754999999999882
21
-99.4994999999999976
0
LINE
8
BLACK
6
CONTINUOUS
10
139.3754999999999882
20
-99.4994999999999976
11
20.6244999999999976
21
-99.4994999999999976
0
LINE
8
BLACK
6
CONTINUOUS
10
20.6244999999999976
20
-99.4994999999999976
11
20.557461
21
-99.4798150000000021
0
LINE
8
BLACK
6
CONTINUOUS
10
20.557461
20
-99.4798150000000021
11
20.5117060000000002
21
-99.4270109999999931
0
LINE
8
BLACK
6
CONTINUOUS
10
20.5117060000000002
20
-99.4270109999999931
11
20.5004999999999988
21
-99.3755000000000024
0
LINE
8
BLACK
6
CONTINUOUS
10
20.5004999999999988
20
-99.3755000000000024
11
20.5004999999999988
21
-94.3616549999999989
0
LINE
8
BLACK
6
CONTINUOUS
10
20.5004999999999988
20
-94.3616549999999989
11
20.5004999999999988
21
-87.8740379999999988
0
LINE
8
BLACK
6
CONTINUOUS
10
20.5004999999999988
20
-87.8740379999999988
11
20.5004999999999988
21
-80.2211870000000005
0
LINE
8
BLACK
6
CONTINUOUS
10
20.5004999999999988
20
-80.2211870000000005
11
20.5004999999999988
21
-78.9116549999999961
0
LINE
8
BLACK
6
CONTINUOUS
10
20.5004999999999988
20
-78.9116549999999961
11
20.5004999999999988
21
-71.4116549999999961
0
LINE
8
BLACK
6
CONTINUOUS
10
20.5004999999999988
20
-71.4116549999999961
11
20.5004999999999988
21
-68.3616549999999989
0
LINE
8
BLACK
6
CONTINUOUS
10
20.5004999999999988
20
-68.3616549999999989
11
20.5004999999999988
21
-63.8616549999999989
0
LINE
8
BLACK
6
CONTINUOUS
10
20.5004999999999988
20
-63.8616549999999989
11
20.5004999999999988
21
-54.2211029999999994
0
LINE
8
BLACK
6
CONTINUOUS
10
20.5004999999999988
20
-54.2211029999999994
11
20.5004999999999988
21
-49.8740379999999988
0
LINE
8
BLACK
6
CONTINUOUS
10
20.5004999999999988
20
-49.8740379999999988
11
20.5004999999999988
21
-35.8740379999999988
0
LINE
8
BLACK
6
CONTINUOUS
10
20.5004999999999988
20
-35.8740379999999988
11
20.5004999999999988
21
-32.5805530000000019
0
LINE
8
BLACK
6
CONTINUOUS
10
20.5004999999999988
20
-32.5805530000000019
11
20.5004999999999988
21
-29.8492229999999985
0
LINE
8
BLACK
6
CONTINUOUS
10
20.5004999999999988
20
-29.8492229999999985
11
20.5004999999999988
21
-25.4116549999999997
0
LINE
8
BLACK
6
CONTINUOUS
10
20.5004999999999988
20
-25.4116549999999997
11
20.5004999999999988
21
-24.4105530000000002
0
LINE
8
BLACK
6
CONTINUOUS
10
20.5004999999999988
20
-24.4105530000000002
11
20.5004999999999988
21
-20.6244999999999976
0
LINE
8
BLACK
6
CONTINUOUS
10
20.5004999999999988
20
-20.6244999999999976
11
20.5201849999999979
21
-20.557461
0
LINE
8
BLACK
6
CONTINUOUS
10
20.5201849999999979
20
-20.557461
11
20.5729889999999997
21
-20.5117060000000002
0
LINE
8
BLACK
6
CONTINUOUS
10
20.5729889999999997
20
-20.5117060000000002
11
20.6244999999999976
21
-20.5004999999999988
0
LINE
8
BLACK
6
CONTINUOUS
10
20.6244999999999976
20
-20.5004999999999988
11
139.3754999999999882
21
-20.5004999999999988
0
LINE
8
BLACK
6
CONTINUOUS
10
139.3754999999999882
20
-20.5004999999999988
11
139.4425389999999823
21
-20.5201849999999979
0
LINE
8
BLACK
6
CONTINUOUS
10
68.8500820000000004
20
-94.3616549999999989
11
68.8500820000000004
21
-90.9461029999999937
0
LINE
8
BLACK
6
CONTINUOUS
10
68.8500820000000004
20
-90.9461029999999937
11
63.2230709999999974
21
-90.9461029999999937
0
LINE
8
BLACK
6
CONTINUOUS
10
63.2230709999999974
20
-90.9461029999999937
11
63.2230709999999974
21
-94.3616549999999989
0
LINE
8
BLACK
6
CONTINUOUS
10
63.2230709999999974
20
-94.3616549999999989
11
68.8500820000000004
21
-94.3616549999999989
0
LINE
8
BLACK
6
CONTINUOUS
10
60.5894999999999939
20
-88.1259609999999896
11
60.6289099999999976
21
-88.3747850000000028
0
LINE
8
BLACK
6
CONTINUOUS
10
60.6289099999999976
20
-88.3747850000000028
11
60.7067599999999956
21
-88.6143829999999895
0
LINE
8
BLACK
6
CONTINUOUS
10
60.7067599999999956
20
-88.6143829999999895
11
60.8211319999999986
21
-88.8388479999999987
0
LINE
8
BLACK
6
CONTINUOUS
10
60.8211319999999986
20
-88.8388479999999987
11
60.9692009999999982
21
-89.0426489999999973
0
LINE
8
BLACK
6
CONTINUOUS
10
60.9692009999999982
20
-89.0426489999999973
11
60.9692049999999952
21
-89.0426539999999989
0
LINE
8
BLACK
6
CONTINUOUS
10
60.9692049999999952
20
-89.0426539999999989
11
61.1473449999999943
21
-89.2207939999999979
0
LINE
8
BLACK
6
CONTINUOUS
10
61.1473449999999943
20
-89.2207939999999979
11
61.1473499999999959
21
-89.220798000000002
0
LINE
8
BLACK
6
CONTINUOUS
10
61.1473499999999959
20
-89.220798000000002
11
61.3251169999999988
21
-89.3499520000000018
0
LINE
8
BLACK
6
CONTINUOUS
10
61.3251169999999988
20
-89.3499520000000018
11
61.3511549999999986
21
-89.3688700000000011
0
LINE
8
BLACK
6
CONTINUOUS
10
61.3511549999999986
20
-89.3688700000000011
11
61.4941839999999971
21
-89.4417469999999923
0
LINE
8
BLACK
6
CONTINUOUS
10
61.4941839999999971
20
-89.4417469999999923
11
61.5756159999999966
21
-89.4832389999999975
0
LINE
8
BLACK
6
CONTINUOUS
10
61.5756159999999966
20
-89.4832389999999975
11
61.5756179999999986
21
-89.4832389999999975
0
LINE
8
BLACK
6
CONTINUOUS
10
61.5756179999999986
20
-89.4832389999999975
11
61.5756209999999982
21
-89.4832409999999925
0
LINE
8
BLACK
6
CONTINUOUS
10
61.5756209999999982
20
-89.4832409999999925
11
61.8152149999999949
21
-89.561089999999993
0
LINE
8
BLACK
6
CONTINUOUS
10
61.8152149999999949
20
-89.561089999999993
11
62.0640379999999965
21
-89.6004999999999967
0
LINE
8
BLACK
6
CONTINUOUS
10
62.0640379999999965
20
-89.6004999999999967
11
62.064038999999994
21
-89.6004999999999967
0
LINE
8
BLACK
6
CONTINUOUS
10
62.064038999999994
20
-89.6004999999999967
11
62.3159609999999944
21
-89.6004999999999967
0
LINE
8
BLACK
6
CONTINUOUS
10
62.3159609999999944
20
-89.6004999999999967
11
62.315961999999999
21
-89.6004999999999967
0
LINE
8
BLACK
6
CONTINUOUS
10
62.315961999999999
20
-89.6004999999999967
11
62.5647850000000005
21
-89.561089999999993
0
LINE
8
BLACK
6
CONTINUOUS
10
62.5647850000000005
20
-89.561089999999993
11
62.8043789999999973
21
-89.4832409999999925
0
LINE
8
BLACK
6
CONTINUOUS
10
62.8043789999999973
20
-89.4832409999999925
11
63.0288449999999969
21
-89.3688700000000011
0
LINE
8
BLACK
6
CONTINUOUS
10
63.0288449999999969
20
-89.3688700000000011
11
63.2326559999999986
21
-89.2207930000000005
0
LINE
8
BLACK
6
CONTINUOUS
10
63.2326559999999986
20
-89.2207930000000005
11
63.4107929999999982
21
-89.0426559999999938
0
LINE
8
BLACK
6
CONTINUOUS
10
63.4107929999999982
20
-89.0426559999999938
11
63.5588699999999989
21
-88.8388449999999921
0
LINE
8
BLACK
6
CONTINUOUS
10
63.5588699999999989
20
-88.8388449999999921
11
63.6732409999999973
21
-88.6143789999999996
0
LINE
8
BLACK
6
CONTINUOUS
10
63.6732409999999973
20
-88.6143789999999996
11
63.7510899999999978
21
-88.3747850000000028
0
LINE
8
BLACK
6
CONTINUOUS
10
63.7510899999999978
20
-88.3747850000000028
11
63.7904999999999944
21
-88.1259620000000012
0
LINE
8
BLACK
6
CONTINUOUS
10
63.7904999999999944
20
-88.1259620000000012
11
63.7904999999999944
21
-87.8740379999999988
0
LINE
8
BLACK
6
CONTINUOUS
10
63.7904999999999944
20
-87.8740379999999988
11
63.7510899999999978
21
-87.6252149999999972
0
LINE
8
BLACK
6
CONTINUOUS
10
63.7510899999999978
20
-87.6252149999999972
11
63.6732409999999973
21
-87.3856210000000004
0
LINE
8
BLACK
6
CONTINUOUS
10
63.6732409999999973
20
-87.3856210000000004
11
63.6732389999999953
21
-87.3856179999999938
0
LINE
8
BLACK
6
CONTINUOUS
10
63.6732389999999953
20
-87.3856179999999938
11
63.6732389999999953
21
-87.3856159999999988
0
LINE
8
BLACK
6
CONTINUOUS
10
63.6732389999999953
20
-87.3856159999999988
11
63.6317469999999972
21
-87.3041839999999922
0
LINE
8
BLACK
6
CONTINUOUS
10
63.6317469999999972
20
-87.3041839999999922
11
63.5588699999999989
21
-87.1611549999999937
0
LINE
8
BLACK
6
CONTINUOUS
10
63.5588699999999989
20
-87.1611549999999937
11
63.5399519999999995
21
-87.1351169999999939
0
LINE
8
BLACK
6
CONTINUOUS
10
63.5399519999999995
20
-87.1351169999999939
11
63.4107979999999998
21
-86.957349999999991
0
LINE
8
BLACK
6
CONTINUOUS
10
63.4107979999999998
20
-86.957349999999991
11
63.4107939999999957
21
-86.9573449999999895
0
LINE
8
BLACK
6
CONTINUOUS
10
63.4107939999999957
20
-86.9573449999999895
11
63.2326539999999966
21
-86.7792049999999904
0
LINE
8
BLACK
6
CONTINUOUS
10
63.2326539999999966
20
-86.7792049999999904
11
63.232648999999995
21
-86.7792010000000005
0
LINE
8
BLACK
6
CONTINUOUS
10
63.232648999999995
20
-86.7792010000000005
11
63.0288479999999964
21
-86.6311319999999938
0
LINE
8
BLACK
6
CONTINUOUS
10
63.0288479999999964
20
-86.6311319999999938
11
63.028846999999999
21
-86.6311309999999963
0
LINE
8
BLACK
6
CONTINUOUS
10
63.028846999999999
20
-86.6311309999999963
11
63.0288449999999969
21
-86.6311299999999989
0
LINE
8
BLACK
6
CONTINUOUS
10
63.0288449999999969
20
-86.6311299999999989
11
62.9587469999999954
21
-86.5954129999999935
0
LINE
8
BLACK
6
CONTINUOUS
10
62.9587469999999954
20
-86.5954129999999935
11
62.8043829999999943
21
-86.5167599999999908
0
LINE
8
BLACK
6
CONTINUOUS
10
62.8043829999999943
20
-86.5167599999999908
11
62.5647850000000005
21
-86.4389099999999928
0
LINE
8
BLACK
6
CONTINUOUS
10
62.5647850000000005
20
-86.4389099999999928
11
62.315961999999999
21
-86.3994999999999891
0
LINE
8
BLACK
6
CONTINUOUS
10
62.315961999999999
20
-86.3994999999999891
11
62.0640379999999965
21
-86.3994999999999891
0
LINE
8
BLACK
6
CONTINUOUS
10
62.0640379999999965
20
-86.3994999999999891
11
61.939625999999997
21
-86.4192049999999909
0
LINE
8
BLACK
6
CONTINUOUS
10
61.939625999999997
20
-86.4192049999999909
11
61.8152139999999974
21
-86.4389099999999928
0
LINE
8
BLACK
6
CONTINUOUS
10
61.8152139999999974
20
-86.4389099999999928
11
61.5756159999999966
21
-86.5167599999999908
0
LINE
8
BLACK
6
CONTINUOUS
10
61.5756159999999966
20
-86.5167599999999908
11
61.3511509999999944
21
-86.6311319999999938
0
LINE
8
BLACK
6
CONTINUOUS
10
61.3511509999999944
20
-86.6311319999999938
11
61.1473499999999959
21
-86.7792010000000005
0
LINE
8
BLACK
6
CONTINUOUS
10
61.1473499999999959
20
-86.7792010000000005
11
61.1473449999999943
21
-86.7792049999999904
0
LINE
8
BLACK
6
CONTINUOUS
10
61.1473449999999943
20
-86.7792049999999904
11
60.9692049999999952
21
-86.9573449999999895
0
LINE
8
BLACK
6
CONTINUOUS
10
60.9692049999999952
20
-86.9573449999999895
11
60.9692009999999982
21
-86.957349999999991
0
LINE
8
BLACK
6
CONTINUOUS
10
60.9692009999999982
20
-86.957349999999991
11
60.8211319999999986
21
-87.1611509999999896
0
LINE
8
BLACK
6
CONTINUOUS
10
60.8211319999999986
20
-87.1611509999999896
11
60.7067599999999956
21
-87.3856159999999988
0
LINE
8
BLACK
6
CONTINUOUS
10
60.7067599999999956
20
-87.3856159999999988
11
60.6289099999999976
21
-87.6252139999999997
0
LINE
8
BLACK
6
CONTINUOUS
10
60.6289099999999976
20
-87.6252139999999997
11
60.5894999999999939
21
-87.8740379999999988
0
LINE
8
BLACK
6
CONTINUOUS
10
60.5894999999999939
20
-87.8740379999999988
11
60.5894999999999939
21
-88.1259609999999896
0
LINE
8
BLACK
6
CONTINUOUS
10
68.2094999999999914
20
-88.1259609999999896
11
68.2489099999999951
21
-88.3747850000000028
0
LINE
8
BLACK
6
CONTINUOUS
10
68.2489099999999951
20
-88.3747850000000028
11
68.3267599999999931
21
-88.6143829999999895
0
LINE
8
BLACK
6
CONTINUOUS
10
68.3267599999999931
20
-88.6143829999999895
11
68.4411319999999961
21
-88.8388479999999987
0
LINE
8
BLACK
6
CONTINUOUS
10
68.4411319999999961
20
-88.8388479999999987
11
68.5892010000000028
21
-89.0426489999999973
0
LINE
8
BLACK
6
CONTINUOUS
10
68.5892010000000028
20
-89.0426489999999973
11
68.5892049999999927
21
-89.0426539999999989
0
LINE
8
BLACK
6
CONTINUOUS
10
68.5892049999999927
20
-89.0426539999999989
11
68.7673449999999917
21
-89.2207939999999979
0
LINE
8
BLACK
6
CONTINUOUS
10
68.7673449999999917
20
-89.2207939999999979
11
68.7673499999999933
21
-89.220798000000002
0
LINE
8
BLACK
6
CONTINUOUS
10
68.7673499999999933
20
-89.220798000000002
11
68.9451169999999962
21
-89.3499520000000018
0
LINE
8
BLACK
6
CONTINUOUS
10
68.9451169999999962
20
-89.3499520000000018
11
68.971154999999996
21
-89.3688700000000011
0
LINE
8
BLACK
6
CONTINUOUS
10
68.971154999999996
20
-89.3688700000000011
11
69.1141839999999945
21
-89.4417469999999923
0
LINE
8
BLACK
6
CONTINUOUS
10
69.1141839999999945
20
-89.4417469999999923
11
69.1956160000000011
21
-89.4832389999999975
0
LINE
8
BLACK
6
CONTINUOUS
10
69.1956160000000011
20
-89.4832389999999975
11
69.1956179999999961
21
-89.4832389999999975
0
LINE
8
BLACK
6
CONTINUOUS
10
69.1956179999999961
20
-89.4832389999999975
11
69.1956210000000027
21
-89.4832409999999925
0
LINE
8
BLACK
6
CONTINUOUS
10
69.1956210000000027
20
-89.4832409999999925
11
69.4352149999999995
21
-89.561089999999993
0
LINE
8
BLACK
6
CONTINUOUS
10
69.4352149999999995
20
-89.561089999999993
11
69.684038000000001
21
-89.6004999999999967
0
LINE
8
BLACK
6
CONTINUOUS
10
69.684038000000001
20
-89.6004999999999967
11
69.6840389999999985
21
-89.6004999999999967
0
LINE
8
BLACK
6
CONTINUOUS
10
69.6840389999999985
20
-89.6004999999999967
11
69.9359609999999918
21
-89.6004999999999967
0
LINE
8
BLACK
6
CONTINUOUS
10
69.9359609999999918
20
-89.6004999999999967
11
69.9359620000000035
21
-89.6004999999999967
0
LINE
8
BLACK
6
CONTINUOUS
10
69.9359620000000035
20
-89.6004999999999967
11
70.1847849999999909
21
-89.561089999999993
0
LINE
8
BLACK
6
CONTINUOUS
10
70.1847849999999909
20
-89.561089999999993
11
70.4243790000000018
21
-89.4832409999999925
0
LINE
8
BLACK
6
CONTINUOUS
10
70.4243790000000018
20
-89.4832409999999925
11
70.6488449999999943
21
-89.3688700000000011
0
LINE
8
BLACK
6
CONTINUOUS
10
70.6488449999999943
20
-89.3688700000000011
11
70.8526559999999961
21
-89.2207930000000005
0
LINE
8
BLACK
6
CONTINUOUS
10
70.8526559999999961
20
-89.2207930000000005
11
71.0307930000000027
21
-89.0426559999999938
0
LINE
8
BLACK
6
CONTINUOUS
10
71.0307930000000027
20
-89.0426559999999938
11
71.1788700000000034
21
-88.8388449999999921
0
LINE
8
BLACK
6
CONTINUOUS
10
71.1788700000000034
20
-88.8388449999999921
11
71.2932409999999948
21
-88.6143789999999996
0
LINE
8
BLACK
6
CONTINUOUS
10
71.2932409999999948
20
-88.6143789999999996
11
71.3710899999999953
21
-88.3747850000000028
0
LINE
8
BLACK
6
CONTINUOUS
10
71.3710899999999953
20
-88.3747850000000028
11
71.410499999999999
21
-88.1259620000000012
0
LINE
8
BLACK
6
CONTINUOUS
10
71.410499999999999
20
-88.1259620000000012
11
71.410499999999999
21
-87.8740379999999988
0
LINE
8
BLACK
6
CONTINUOUS
10
71.410499999999999
20
-87.8740379999999988
11
71.3710899999999953
21
-87.6252149999999972
0
LINE
8
BLACK
6
CONTINUOUS
10
71.3710899999999953
20
-87.6252149999999972
11
71.2932409999999948
21
-87.3856210000000004
0
LINE
8
BLACK
6
CONTINUOUS
10
71.2932409999999948
20
-87.3856210000000004
11
71.2932389999999998
21
-87.3856179999999938
0
LINE
8
BLACK
6
CONTINUOUS
10
71.2932389999999998
20
-87.3856179999999938
11
71.2932389999999998
21
-87.3856159999999988
0
LINE
8
BLACK
6
CONTINUOUS
10
71.2932389999999998
20
-87.3856159999999988
11
71.2517469999999946
21
-87.3041839999999922
0
LINE
8
BLACK
6
CONTINUOUS
10
71.2517469999999946
20
-87.3041839999999922
11
71.1788700000000034
21
-87.1611549999999937
0
LINE
8
BLACK
6
CONTINUOUS
10
71.1788700000000034
20
-87.1611549999999937
11
71.1599519999999899
21
-87.1351169999999939
0
LINE
8
BLACK
6
CONTINUOUS
10
71.1599519999999899
20
-87.1351169999999939
11
71.0307979999999901
21
-86.957349999999991
0
LINE
8
BLACK
6
CONTINUOUS
10
71.0307979999999901
20
-86.957349999999991
11
71.0307940000000002
21
-86.9573449999999895
0
LINE
8
BLACK
6
CONTINUOUS
10
71.0307940000000002
20
-86.9573449999999895
11
70.8526540000000011
21
-86.7792049999999904
0
LINE
8
BLACK
6
CONTINUOUS
10
70.8526540000000011
20
-86.7792049999999904
11
70.8526489999999995
21
-86.7792010000000005
0
LINE
8
BLACK
6
CONTINUOUS
10
70.8526489999999995
20
-86.7792010000000005
11
70.648848000000001
21
-86.6311319999999938
0
LINE
8
BLACK
6
CONTINUOUS
10
70.648848000000001
20
-86.6311319999999938
11
70.6488470000000035
21
-86.6311309999999963
0
LINE
8
BLACK
6
CONTINUOUS
10
70.6488470000000035
20
-86.6311309999999963
11
70.6488449999999943
21
-86.6311299999999989
0
LINE
8
BLACK
6
CONTINUOUS
10
70.6488449999999943
20
-86.6311299999999989
11
70.5787469999999928
21
-86.5954129999999935
0
LINE
8
BLACK
6
CONTINUOUS
10
70.5787469999999928
20
-86.5954129999999935
11
70.4243829999999917
21
-86.5167599999999908
0
LINE
8
BLACK
6
CONTINUOUS
10
70.4243829999999917
20
-86.5167599999999908
11
70.1847849999999909
21
-86.4389099999999928
0
LINE
8
BLACK
6
CONTINUOUS
10
70.1847849999999909
20
-86.4389099999999928
11
69.9359620000000035
21
-86.3994999999999891
0
LINE
8
BLACK
6
CONTINUOUS
10
69.9359620000000035
20
-86.3994999999999891
11
69.684038000000001
21
-86.3994999999999891
0
LINE
8
BLACK
6
CONTINUOUS
10
69.684038000000001
20
-86.3994999999999891
11
69.5596259999999944
21
-86.4192049999999909
0
LINE
8
BLACK
6
CONTINUOUS
10
69.5596259999999944
20
-86.4192049999999909
11
69.435214000000002
21
-86.4389099999999928
0
LINE
8
BLACK
6
CONTINUOUS
10
69.435214000000002
20
-86.4389099999999928
11
69.1956160000000011
21
-86.5167599999999908
0
LINE
8
BLACK
6
CONTINUOUS
10
69.1956160000000011
20
-86.5167599999999908
11
68.9711509999999919
21
-86.6311319999999938
0
LINE
8
BLACK
6
CONTINUOUS
10
68.9711509999999919
20
-86.6311319999999938
11
68.7673499999999933
21
-86.7792010000000005
0
LINE
8
BLACK
6
CONTINUOUS
10
68.7673499999999933
20
-86.7792010000000005
11
68.7673449999999917
21
-86.7792049999999904
0
LINE
8
BLACK
6
CONTINUOUS
10
68.7673449999999917
20
-86.7792049999999904
11
68.5892049999999927
21
-86.9573449999999895
0
LINE
8
BLACK
6
CONTINUOUS
10
68.5892049999999927
20
-86.9573449999999895
11
68.5892010000000028
21
-86.957349999999991
0
LINE
8
BLACK
6
CONTINUOUS
10
68.5892010000000028
20
-86.957349999999991
11
68.4411319999999961
21
-87.1611509999999896
0
LINE
8
BLACK
6
CONTINUOUS
10
68.4411319999999961
20
-87.1611509999999896
11
68.3267599999999931
21
-87.3856159999999988
0
LINE
8
BLACK
6
CONTINUOUS
10
68.3267599999999931
20
-87.3856159999999988
11
68.2489099999999951
21
-87.6252139999999997
0
LINE
8
BLACK
6
CONTINUOUS
10
68.2489099999999951
20
-87.6252139999999997
11
68.2094999999999914
21
-87.8740379999999988
0
LINE
8
BLACK
6
CONTINUOUS
10
68.2094999999999914
20
-87.8740379999999988
11
68.2094999999999914
21
-88.1259609999999896
0
LINE
8
BLACK
6
CONTINUOUS
10
32.3092059999999961
20
-79.6995009999999979
11
32.0102329999999995
21
-79.738861
0
LINE
8
BLACK
6
CONTINUOUS
10
32.0102329999999995
20
-79.738861
11
31.7189389999999989
21
-79.8169129999999996
0
LINE
8
BLACK
6
CONTINUOUS
10
31.7189389999999989
20
-79.8169129999999996
11
31.440337999999997
21
-79.932313999999991
0
LINE
8
BLACK
6
CONTINUOUS
10
31.440337999999997
20
-79.932313999999991
11
31.4403279999999974
21
-79.9323179999999951
0
LINE
8
BLACK
6
CONTINUOUS
10
31.4403279999999974
20
-79.9323179999999951
11
31.1791679999999971
21
-80.08309899999999
0
LINE
8
BLACK
6
CONTINUOUS
10
31.1791679999999971
20
-80.08309899999999
11
30.9399209999999982
21
-80.2666789999999963
0
LINE
8
BLACK
6
CONTINUOUS
10
30.9399209999999982
20
-80.2666789999999963
11
30.9399139999999981
21
-80.2666849999999954
0
LINE
8
BLACK
6
CONTINUOUS
10
30.9399139999999981
20
-80.2666849999999954
11
30.7266849999999998
21
-80.4799139999999937
0
LINE
8
BLACK
6
CONTINUOUS
10
30.7266849999999998
20
-80.4799139999999937
11
30.7266789999999972
21
-80.4799209999999903
0
LINE
8
BLACK
6
CONTINUOUS
10
30.7266789999999972
20
-80.4799209999999903
11
30.543098999999998
21
-80.7191679999999963
0
LINE
8
BLACK
6
CONTINUOUS
10
30.543098999999998
20
-80.7191679999999963
11
30.3923179999999995
21
-80.9803280000000001
0
LINE
8
BLACK
6
CONTINUOUS
10
30.3923179999999995
20
-80.9803280000000001
11
30.3923139999999989
21
-80.9803380000000033
0
LINE
8
BLACK
6
CONTINUOUS
10
30.3923139999999989
20
-80.9803380000000033
11
30.2769139999999979
21
-81.2589370000000031
0
LINE
8
BLACK
6
CONTINUOUS
10
30.2769139999999979
20
-81.2589370000000031
11
30.2769129999999969
21
-81.2589419999999905
0
LINE
8
BLACK
6
CONTINUOUS
10
30.2769129999999969
20
-81.2589419999999905
11
30.2429699999999997
21
-81.3856210000000004
0
LINE
8
BLACK
6
CONTINUOUS
10
30.2429699999999997
20
-81.3856210000000004
11
30.2259999999999991
21
-81.448953000000003
0
LINE
8
BLACK
6
CONTINUOUS
10
30.2259999999999991
20
-81.448953000000003
11
30.1896349999999991
21
-81.5086129999999969
0
LINE
8
BLACK
6
CONTINUOUS
10
30.1896349999999991
20
-81.5086129999999969
11
30.1267879999999977
21
-81.5391419999999982
0
LINE
8
BLACK
6
CONTINUOUS
10
30.1267879999999977
20
-81.5391419999999982
11
30.0574119999999994
21
-81.5308469999999943
0
LINE
8
BLACK
6
CONTINUOUS
10
30.0574119999999994
20
-81.5308469999999943
11
30.0035339999999984
21
-81.4863619999999997
0
LINE
8
BLACK
6
CONTINUOUS
10
30.0035339999999984
20
-81.4863619999999997
11
29.9822600000000001
21
-81.4198099999999982
0
LINE
8
BLACK
6
CONTINUOUS
10
29.9822600000000001
20
-81.4198099999999982
11
29.9822249999999997
21
-81.4168590000000023
0
LINE
8
BLACK
6
CONTINUOUS
10
29.9822249999999997
20
-81.4168590000000023
11
29.9822249999999997
21
-80.2211870000000005
0
LINE
8
BLACK
6
CONTINUOUS
10
29.9822249999999997
20
-80.2211870000000005
11
25.9980709999999995
21
-80.2211870000000005
0
LINE
8
BLACK
6
CONTINUOUS
10
25.9980709999999995
20
-80.2211870000000005
11
25.9980709999999995
21
-83.6355530000000016
0
LINE
8
BLACK
6
CONTINUOUS
10
25.9980709999999995
20
-83.6355530000000016
11
29.9822249999999997
21
-83.6355530000000016
0
LINE
8
BLACK
6
CONTINUOUS
10
29.9822249999999997
20
-83.6355530000000016
11
29.9822249999999997
21
-82.5831400000000002
0
LINE
8
BLACK
6
CONTINUOUS
10
29.9822249999999997
20
-82.5831400000000002
11
30.0019099999999987
21
-82.5161009999999919
0
LINE
8
BLACK
6
CONTINUOUS
10
30.0019099999999987
20
-82.5161009999999919
11
30.054713999999997
21
-82.4703459999999922
0
LINE
8
BLACK
6
CONTINUOUS
10
30.054713999999997
20
-82.4703459999999922
11
30.1238719999999986
21
-82.460402000000002
0
LINE
8
BLACK
6
CONTINUOUS
10
30.1238719999999986
20
-82.460402000000002
11
30.187427999999997
21
-82.4894269999999921
0
LINE
8
BLACK
6
CONTINUOUS
10
30.187427999999997
20
-82.4894269999999921
11
30.2252019999999995
21
-82.5482049999999958
0
LINE
8
BLACK
6
CONTINUOUS
10
30.2252019999999995
20
-82.5482049999999958
11
30.2259999999999991
21
-82.551046999999997
0
LINE
8
BLACK
6
CONTINUOUS
10
30.2259999999999991
20
-82.551046999999997
11
30.2769129999999969
21
-82.7410599999999903
0
LINE
8
BLACK
6
CONTINUOUS
10
30.2769129999999969
20
-82.7410599999999903
11
30.3923139999999989
21
-83.0196609999999993
0
LINE
8
BLACK
6
CONTINUOUS
10
30.3923139999999989
20
-83.0196609999999993
11
30.3923179999999995
21
-83.0196710000000024
0
LINE
8
BLACK
6
CONTINUOUS
10
30.3923179999999995
20
-83.0196710000000024
11
30.543098999999998
21
-83.2808309999999921
0
LINE
8
BLACK
6
CONTINUOUS
10
30.543098999999998
20
-83.2808309999999921
11
30.7266789999999972
21
-83.520077999999998
0
LINE
8
BLACK
6
CONTINUOUS
10
30.7266789999999972
20
-83.520077999999998
11
30.7266849999999998
21
-83.5200849999999946
0
LINE
8
BLACK
6
CONTINUOUS
10
30.7266849999999998
20
-83.5200849999999946
11
30.9399139999999981
21
-83.7333139999999929
0
LINE
8
BLACK
6
CONTINUOUS
10
30.9399139999999981
20
-83.7333139999999929
11
30.9399209999999982
21
-83.733319999999992
0
LINE
8
BLACK
6
CONTINUOUS
10
30.9399209999999982
20
-83.733319999999992
11
31.1791679999999971
21
-83.9168999999999983
0
LINE
8
BLACK
6
CONTINUOUS
10
31.1791679999999971
20
-83.9168999999999983
11
31.4403279999999974
21
-84.0676809999999932
0
LINE
8
BLACK
6
CONTINUOUS
10
31.4403279999999974
20
-84.0676809999999932
11
31.4403289999999984
21
-84.0676809999999932
0
LINE
8
BLACK
6
CONTINUOUS
10
31.4403289999999984
20
-84.0676809999999932
11
31.4403319999999979
21
-84.0676830000000024
0
LINE
8
BLACK
6
CONTINUOUS
10
31.4403319999999979
20
-84.0676830000000024
11
31.6260719999999971
21
-84.1446189999999916
0
LINE
8
BLACK
6
CONTINUOUS
10
31.6260719999999971
20
-84.1446189999999916
11
31.7189389999999989
21
-84.183086000000003
0
LINE
8
BLACK
6
CONTINUOUS
10
31.7189389999999989
20
-84.183086000000003
11
31.7189399999999999
21
-84.183086000000003
0
LINE
8
BLACK
6
CONTINUOUS
10
31.7189399999999999
20
-84.183086000000003
11
31.7189419999999984
21
-84.1830870000000004
0
LINE
8
BLACK
6
CONTINUOUS
10
31.7189419999999984
20
-84.1830870000000004
11
32.010232000000002
21
-84.2611380000000025
0
LINE
8
BLACK
6
CONTINUOUS
10
32.010232000000002
20
-84.2611380000000025
11
32.3092169999999967
21
-84.3004999999999995
0
LINE
8
BLACK
6
CONTINUOUS
10
32.3092169999999967
20
-84.3004999999999995
11
32.3092240000000004
21
-84.3004999999999995
0
LINE
8
BLACK
6
CONTINUOUS
10
32.3092240000000004
20
-84.3004999999999995
11
32.6107760000000013
21
-84.3004999999999995
0
LINE
8
BLACK
6
CONTINUOUS
10
32.6107760000000013
20
-84.3004999999999995
11
32.6107829999999979
21
-84.3004999999999995
0
LINE
8
BLACK
6
CONTINUOUS
10
32.6107829999999979
20
-84.3004999999999995
11
32.9097679999999997
21
-84.2611380000000025
0
LINE
8
BLACK
6
CONTINUOUS
10
32.9097679999999997
20
-84.2611380000000025
11
33.2010579999999962
21
-84.1830870000000004
0
LINE
8
BLACK
6
CONTINUOUS
10
33.2010579999999962
20
-84.1830870000000004
11
33.4796679999999967
21
-84.0676830000000024
0
LINE
8
BLACK
6
CONTINUOUS
10
33.4796679999999967
20
-84.0676830000000024
11
33.7408319999999975
21
-83.9168999999999983
0
LINE
8
BLACK
6
CONTINUOUS
10
33.7408319999999975
20
-83.9168999999999983
11
33.980080000000001
21
-83.7333189999999945
0
LINE
8
BLACK
6
CONTINUOUS
10
33.980080000000001
20
-83.7333189999999945
11
34.1933189999999954
21
-83.520079999999993
0
LINE
8
BLACK
6
CONTINUOUS
10
34.1933189999999954
20
-83.520079999999993
11
34.3768999999999991
21
-83.2808319999999895
0
LINE
8
BLACK
6
CONTINUOUS
10
34.3768999999999991
20
-83.2808319999999895
11
34.5276829999999961
21
-83.0196679999999958
0
LINE
8
BLACK
6
CONTINUOUS
10
34.5276829999999961
20
-83.0196679999999958
11
34.6430870000000013
21
-82.7410579999999953
0
LINE
8
BLACK
6
CONTINUOUS
10
34.6430870000000013
20
-82.7410579999999953
11
34.7211379999999963
21
-82.4497679999999917
0
LINE
8
BLACK
6
CONTINUOUS
10
34.7211379999999963
20
-82.4497679999999917
11
34.7605000000000004
21
-82.1507829999999899
0
LINE
8
BLACK
6
CONTINUOUS
10
34.7605000000000004
20
-82.1507829999999899
11
34.7605000000000004
21
-81.8492169999999959
0
LINE
8
BLACK
6
CONTINUOUS
10
34.7605000000000004
20
-81.8492169999999959
11
34.7211379999999963
21
-81.5502319999999941
0
LINE
8
BLACK
6
CONTINUOUS
10
34.7211379999999963
20
-81.5502319999999941
11
34.6430870000000013
21
-81.2589419999999905
0
LINE
8
BLACK
6
CONTINUOUS
10
34.6430870000000013
20
-81.2589419999999905
11
34.5276829999999961
21
-80.98033199999999
0
LINE
8
BLACK
6
CONTINUOUS
10
34.5276829999999961
20
-80.98033199999999
11
34.514413999999995
21
-80.957349999999991
0
LINE
8
BLACK
6
CONTINUOUS
10
34.514413999999995
20
-80.957349999999991
11
34.3768999999999991
21
-80.7191679999999963
0
LINE
8
BLACK
6
CONTINUOUS
10
34.3768999999999991
20
-80.7191679999999963
11
34.2294860000000014
21
-80.5270529999999951
0
LINE
8
BLACK
6
CONTINUOUS
10
34.2294860000000014
20
-80.5270529999999951
11
34.1933199999999999
21
-80.4799209999999903
0
LINE
8
BLACK
6
CONTINUOUS
10
34.1933199999999999
20
-80.4799209999999903
11
34.1933140000000009
21
-80.4799139999999937
0
LINE
8
BLACK
6
CONTINUOUS
10
34.1933140000000009
20
-80.4799139999999937
11
34.1684389999999993
21
-80.4550389999999993
0
LINE
8
BLACK
6
CONTINUOUS
10
34.1684389999999993
20
-80.4550389999999993
11
33.9800849999999954
21
-80.2666849999999954
0
LINE
8
BLACK
6
CONTINUOUS
10
33.9800849999999954
20
-80.2666849999999954
11
33.9800779999999989
21
-80.2666789999999963
0
LINE
8
BLACK
6
CONTINUOUS
10
33.9800779999999989
20
-80.2666789999999963
11
33.740831
21
-80.08309899999999
0
LINE
8
BLACK
6
CONTINUOUS
10
33.740831
20
-80.08309899999999
11
33.4796709999999962
21
-79.9323179999999951
0
LINE
8
BLACK
6
CONTINUOUS
10
33.4796709999999962
20
-79.9323179999999951
11
33.4796610000000001
21
-79.932313999999991
0
LINE
8
BLACK
6
CONTINUOUS
10
33.4796610000000001
20
-79.932313999999991
11
33.2010599999999982
21
-79.8169129999999996
0
LINE
8
BLACK
6
CONTINUOUS
10
33.2010599999999982
20
-79.8169129999999996
11
32.9097659999999976
21
-79.738861
0
LINE
8
BLACK
6
CONTINUOUS
10
32.9097659999999976
20
-79.738861
11
32.610793000000001
21
-79.6995009999999979
0
LINE
8
BLACK
6
CONTINUOUS
10
32.610793000000001
20
-79.6995009999999979
11
32.6107879999999994
21
-79.6995000000000005
0
LINE
8
BLACK
6
CONTINUOUS
10
32.6107879999999994
20
-79.6995000000000005
11
32.6107829999999979
21
-79.6995000000000005
0
LINE
8
BLACK
6
CONTINUOUS
10
32.6107829999999979
20
-79.6995000000000005
11
32.3092169999999967
21
-79.6995000000000005
0
LINE
8
BLACK
6
CONTINUOUS
10
32.3092169999999967
20
-79.6995000000000005
11
32.3092109999999977
21
-79.6995000000000005
0
LINE
8
BLACK
6
CONTINUOUS
10
32.3092109999999977
20
-79.6995000000000005
11
32.3092059999999961
21
-79.6995009999999979
0
LINE
8
BLACK
6
CONTINUOUS
10
35.2394999999999996
20
-83.5449600000000032
11
35.2546299999999988
21
-83.6792489999999987
0
LINE
8
BLACK
6
CONTINUOUS
10
35.2546299999999988
20
-83.6792489999999987
11
35.2546309999999963
21
-83.6792540000000002
0
LINE
8
BLACK
6
CONTINUOUS
10
35.2546309999999963
20
-83.6792540000000002
11
35.3142110000000002
21
-83.8495229999999907
0
LINE
8
BLACK
6
CONTINUOUS
10
35.3142110000000002
20
-83.8495229999999907
11
35.3565469999999991
21
-83.9168999999999983
0
LINE
8
BLACK
6
CONTINUOUS
10
35.3565469999999991
20
-83.9168999999999983
11
35.410184000000001
21
-84.0022620000000018
0
LINE
8
BLACK
6
CONTINUOUS
10
35.410184000000001
20
-84.0022620000000018
11
35.5377379999999974
21
-84.129815999999991
0
LINE
8
BLACK
6
CONTINUOUS
10
35.5377379999999974
20
-84.129815999999991
11
35.6904779999999988
21
-84.2257889999999918
0
LINE
8
BLACK
6
CONTINUOUS
10
35.6904779999999988
20
-84.2257889999999918
11
35.7914999999999992
21
-84.2611380000000025
0
LINE
8
BLACK
6
CONTINUOUS
10
35.7914999999999992
20
-84.2611380000000025
11
35.8607450000000014
21
-84.2853679999999912
0
LINE
8
BLACK
6
CONTINUOUS
10
35.8607450000000014
20
-84.2853679999999912
11
35.8607499999999959
21
-84.2853690000000029
0
LINE
8
BLACK
6
CONTINUOUS
10
35.8607499999999959
20
-84.2853690000000029
11
35.9512459999999976
21
-84.2955649999999963
0
LINE
8
BLACK
6
CONTINUOUS
10
35.9512459999999976
20
-84.2955649999999963
11
35.9950399999999959
21
-84.3004990000000021
0
LINE
8
BLACK
6
CONTINUOUS
10
35.9950399999999959
20
-84.3004990000000021
11
35.9950429999999955
21
-84.3004999999999995
0
LINE
8
BLACK
6
CONTINUOUS
10
35.9950429999999955
20
-84.3004999999999995
11
35.995045999999995
21
-84.3004999999999995
0
LINE
8
BLACK
6
CONTINUOUS
10
35.995045999999995
20
-84.3004999999999995
11
39.0849569999999957
21
-84.3004999999999995
0
LINE
8
BLACK
6
CONTINUOUS
10
39.0849569999999957
20
-84.3004999999999995
11
39.0849580000000003
21
-84.3004990000000021
0
LINE
8
BLACK
6
CONTINUOUS
10
39.0849580000000003
20
-84.3004990000000021
11
39.1521040000000013
21
-84.2929340000000025
0
LINE
8
BLACK
6
CONTINUOUS
10
39.1521040000000013
20
-84.2929340000000025
11
39.2192489999999978
21
-84.2853690000000029
0
LINE
8
BLACK
6
CONTINUOUS
10
39.2192489999999978
20
-84.2853690000000029
11
39.2192519999999973
21
-84.2853679999999912
0
LINE
8
BLACK
6
CONTINUOUS
10
39.2192519999999973
20
-84.2853679999999912
11
39.2192549999999969
21
-84.2853679999999912
0
LINE
8
BLACK
6
CONTINUOUS
10
39.2192549999999969
20
-84.2853679999999912
11
39.3895219999999995
21
-84.2257889999999918
0
LINE
8
BLACK
6
CONTINUOUS
10
39.3895219999999995
20
-84.2257889999999918
11
39.5422620000000009
21
-84.129815999999991
0
LINE
8
BLACK
6
CONTINUOUS
10
39.5422620000000009
20
-84.129815999999991
11
39.6698159999999973
21
-84.0022620000000018
0
LINE
8
BLACK
6
CONTINUOUS
10
39.6698159999999973
20
-84.0022620000000018
11
39.7657889999999981
21
-83.8495219999999932
0
LINE
8
BLACK
6
CONTINUOUS
10
39.7657889999999981
20
-83.8495219999999932
11
39.8214149999999947
21
-83.6905529999999942
0
LINE
8
BLACK
6
CONTINUOUS
10
39.8214149999999947
20
-83.6905529999999942
11
39.8253679999999974
21
-83.6792549999999977
0
LINE
8
BLACK
6
CONTINUOUS
10
39.8253679999999974
20
-83.6792549999999977
11
39.8404999999999987
21
-83.5449539999999899
0
LINE
8
BLACK
6
CONTINUOUS
10
39.8404999999999987
20
-83.5449539999999899
11
39.8404999999999987
21
-81.8740379999999988
0
LINE
8
BLACK
6
CONTINUOUS
10
39.8404999999999987
20
-81.8740379999999988
11
39.8404999999999987
21
-80.4550459999999958
0
LINE
8
BLACK
6
CONTINUOUS
10
39.8404999999999987
20
-80.4550459999999958
11
39.8253679999999974
21
-80.3207450000000023
0
LINE
8
BLACK
6
CONTINUOUS
10
39.8253679999999974
20
-80.3207450000000023
11
39.825367
21
-80.3207419999999956
0
LINE
8
BLACK
6
CONTINUOUS
10
39.825367
20
-80.3207419999999956
11
39.8061059999999998
21
-80.2656949999999938
0
LINE
8
BLACK
6
CONTINUOUS
10
39.8061059999999998
20
-80.2656949999999938
11
39.8061049999999952
21
-80.2656920000000014
0
LINE
8
BLACK
6
CONTINUOUS
10
39.8061049999999952
20
-80.2656920000000014
11
39.7657899999999955
21
-80.1504800000000017
0
LINE
8
BLACK
6
CONTINUOUS
10
39.7657899999999955
20
-80.1504800000000017
11
39.7657889999999981
21
-80.1504779999999926
0
LINE
8
BLACK
6
CONTINUOUS
10
39.7657889999999981
20
-80.1504779999999926
11
39.6698159999999973
21
-79.9977379999999982
0
LINE
8
BLACK
6
CONTINUOUS
10
39.6698159999999973
20
-79.9977379999999982
11
39.5422620000000009
21
-79.8701839999999947
0
LINE
8
BLACK
6
CONTINUOUS
10
39.5422620000000009
20
-79.8701839999999947
11
39.4574819999999988
21
-79.8169129999999996
0
LINE
8
BLACK
6
CONTINUOUS
10
39.4574819999999988
20
-79.8169129999999996
11
39.389522999999997
21
-79.774210999999994
0
LINE
8
BLACK
6
CONTINUOUS
10
39.389522999999997
20
-79.774210999999994
11
39.2192539999999994
21
-79.7146309999999971
0
LINE
8
BLACK
6
CONTINUOUS
10
39.2192539999999994
20
-79.7146309999999971
11
39.2192489999999978
21
-79.7146299999999997
0
LINE
8
BLACK
6
CONTINUOUS
10
39.2192489999999978
20
-79.7146299999999997
11
39.0849599999999953
21
-79.6995000000000005
0
LINE
8
BLACK
6
CONTINUOUS
10
39.0849599999999953
20
-79.6995000000000005
11
39.0849539999999962
21
-79.6995000000000005
0
LINE
8
BLACK
6
CONTINUOUS
10
39.0849539999999962
20
-79.6995000000000005
11
35.995045999999995
21
-79.6995000000000005
0
LINE
8
BLACK
6
CONTINUOUS
10
35.995045999999995
20
-79.6995000000000005
11
35.9950389999999985
21
-79.6995000000000005
0
LINE
8
BLACK
6
CONTINUOUS
10
35.9950389999999985
20
-79.6995000000000005
11
35.8607499999999959
21
-79.7146299999999997
0
LINE
8
BLACK
6
CONTINUOUS
10
35.8607499999999959
20
-79.7146299999999997
11
35.8607450000000014
21
-79.7146309999999971
0
LINE
8
BLACK
6
CONTINUOUS
10
35.8607450000000014
20
-79.7146309999999971
11
35.6904759999999968
21
-79.774210999999994
0
LINE
8
BLACK
6
CONTINUOUS
10
35.6904759999999968
20
-79.774210999999994
11
35.5377369999999999
21
-79.8701839999999947
0
LINE
8
BLACK
6
CONTINUOUS
10
35.5377369999999999
20
-79.8701839999999947
11
35.410184000000001
21
-79.9977370000000008
0
LINE
8
BLACK
6
CONTINUOUS
10
35.410184000000001
20
-79.9977370000000008
11
35.3142110000000002
21
-80.1504759999999976
0
LINE
8
BLACK
6
CONTINUOUS
10
35.3142110000000002
20
-80.1504759999999976
11
35.2546309999999963
21
-80.3207450000000023
0
LINE
8
BLACK
6
CONTINUOUS
10
35.2546309999999963
20
-80.3207450000000023
11
35.2546299999999988
21
-80.3207499999999897
0
LINE
8
BLACK
6
CONTINUOUS
10
35.2546299999999988
20
-80.3207499999999897
11
35.2394999999999996
21
-80.4550389999999993
0
LINE
8
BLACK
6
CONTINUOUS
10
35.2394999999999996
20
-80.4550389999999993
11
35.2394999999999996
21
-83.5449600000000032
0
LINE
8
BLACK
6
CONTINUOUS
10
98.1565109999999947
20
-83.6905529999999942
11
98.1565109999999947
21
-80.276102999999992
0
LINE
8
BLACK
6
CONTINUOUS
10
98.1565109999999947
20
-80.276102999999992
11
93.8849170000000015
21
-80.276102999999992
0
LINE
8
BLACK
6
CONTINUOUS
10
93.8849170000000015
20
-80.276102999999992
11
93.8849170000000015
21
-83.6905529999999942
0
LINE
8
BLACK
6
CONTINUOUS
10
93.8849170000000015
20
-83.6905529999999942
11
98.1565109999999947
21
-83.6905529999999942
0
LINE
8
BLACK
6
CONTINUOUS
10
46.589500000000001
20
-82.1259609999999896
11
46.6289099999999976
21
-82.3747850000000028
0
LINE
8
BLACK
6
CONTINUOUS
10
46.6289099999999976
20
-82.3747850000000028
11
46.7067599999999956
21
-82.6143829999999895
0
LINE
8
BLACK
6
CONTINUOUS
10
46.7067599999999956
20
-82.6143829999999895
11
46.8211319999999986
21
-82.8388479999999987
0
LINE
8
BLACK
6
CONTINUOUS
10
46.8211319999999986
20
-82.8388479999999987
11
46.9692009999999982
21
-83.0426489999999973
0
LINE
8
BLACK
6
CONTINUOUS
10
46.9692009999999982
20
-83.0426489999999973
11
46.9692049999999952
21
-83.0426539999999989
0
LINE
8
BLACK
6
CONTINUOUS
10
46.9692049999999952
20
-83.0426539999999989
11
47.1473450000000014
21
-83.2207939999999979
0
LINE
8
BLACK
6
CONTINUOUS
10
47.1473450000000014
20
-83.2207939999999979
11
47.1473499999999959
21
-83.220798000000002
0
LINE
8
BLACK
6
CONTINUOUS
10
47.1473499999999959
20
-83.220798000000002
11
47.3251169999999988
21
-83.3499520000000018
0
LINE
8
BLACK
6
CONTINUOUS
10
47.3251169999999988
20
-83.3499520000000018
11
47.3511549999999986
21
-83.3688700000000011
0
LINE
8
BLACK
6
CONTINUOUS
10
47.3511549999999986
20
-83.3688700000000011
11
47.4941839999999971
21
-83.4417469999999923
0
LINE
8
BLACK
6
CONTINUOUS
10
47.4941839999999971
20
-83.4417469999999923
11
47.5756159999999966
21
-83.4832389999999975
0
LINE
8
BLACK
6
CONTINUOUS
10
47.5756159999999966
20
-83.4832389999999975
11
47.5756179999999986
21
-83.4832389999999975
0
LINE
8
BLACK
6
CONTINUOUS
10
47.5756179999999986
20
-83.4832389999999975
11
47.5756209999999982
21
-83.4832409999999925
0
LINE
8
BLACK
6
CONTINUOUS
10
47.5756209999999982
20
-83.4832409999999925
11
47.8152149999999949
21
-83.561089999999993
0
LINE
8
BLACK
6
CONTINUOUS
10
47.8152149999999949
20
-83.561089999999993
11
48.0640379999999965
21
-83.6004999999999967
0
LINE
8
BLACK
6
CONTINUOUS
10
48.0640379999999965
20
-83.6004999999999967
11
48.0640390000000011
21
-83.6004999999999967
0
LINE
8
BLACK
6
CONTINUOUS
10
48.0640390000000011
20
-83.6004999999999967
11
48.3159609999999944
21
-83.6004999999999967
0
LINE
8
BLACK
6
CONTINUOUS
10
48.3159609999999944
20
-83.6004999999999967
11
48.315961999999999
21
-83.6004999999999967
0
LINE
8
BLACK
6
CONTINUOUS
10
48.315961999999999
20
-83.6004999999999967
11
48.5647850000000005
21
-83.561089999999993
0
LINE
8
BLACK
6
CONTINUOUS
10
48.5647850000000005
20
-83.561089999999993
11
48.8043789999999973
21
-83.4832409999999925
0
LINE
8
BLACK
6
CONTINUOUS
10
48.8043789999999973
20
-83.4832409999999925
11
49.0288449999999969
21
-83.3688700000000011
0
LINE
8
BLACK
6
CONTINUOUS
10
49.0288449999999969
20
-83.3688700000000011
11
49.2326559999999986
21
-83.2207930000000005
0
LINE
8
BLACK
6
CONTINUOUS
10
49.2326559999999986
20
-83.2207930000000005
11
49.4107929999999982
21
-83.0426559999999938
0
LINE
8
BLACK
6
CONTINUOUS
10
49.4107929999999982
20
-83.0426559999999938
11
49.5588699999999989
21
-82.8388449999999921
0
LINE
8
BLACK
6
CONTINUOUS
10
49.5588699999999989
20
-82.8388449999999921
11
49.6732409999999973
21
-82.6143789999999996
0
LINE
8
BLACK
6
CONTINUOUS
10
49.6732409999999973
20
-82.6143789999999996
11
49.7510899999999978
21
-82.3747850000000028
0
LINE
8
BLACK
6
CONTINUOUS
10
49.7510899999999978
20
-82.3747850000000028
11
49.7904999999999944
21
-82.1259620000000012
0
LINE
8
BLACK
6
CONTINUOUS
10
49.7904999999999944
20
-82.1259620000000012
11
49.7904999999999944
21
-81.8740379999999988
0
LINE
8
BLACK
6
CONTINUOUS
10
49.7904999999999944
20
-81.8740379999999988
11
49.7510899999999978
21
-81.6252149999999972
0
LINE
8
BLACK
6
CONTINUOUS
10
49.7510899999999978
20
-81.6252149999999972
11
49.6732409999999973
21
-81.3856210000000004
0
LINE
8
BLACK
6
CONTINUOUS
10
49.6732409999999973
20
-81.3856210000000004
11
49.6732389999999953
21
-81.3856179999999938
0
LINE
8
BLACK
6
CONTINUOUS
10
49.6732389999999953
20
-81.3856179999999938
11
49.6732389999999953
21
-81.3856159999999988
0
LINE
8
BLACK
6
CONTINUOUS
10
49.6732389999999953
20
-81.3856159999999988
11
49.6086919999999978
21
-81.2589370000000031
0
LINE
8
BLACK
6
CONTINUOUS
10
49.6086919999999978
20
-81.2589370000000031
11
49.5588699999999989
21
-81.1611549999999937
0
LINE
8
BLACK
6
CONTINUOUS
10
49.5588699999999989
20
-81.1611549999999937
11
49.5399519999999995
21
-81.1351169999999939
0
LINE
8
BLACK
6
CONTINUOUS
10
49.5399519999999995
20
-81.1351169999999939
11
49.4107979999999998
21
-80.957349999999991
0
LINE
8
BLACK
6
CONTINUOUS
10
49.4107979999999998
20
-80.957349999999991
11
49.4107939999999957
21
-80.9573449999999895
0
LINE
8
BLACK
6
CONTINUOUS
10
49.4107939999999957
20
-80.9573449999999895
11
49.2326539999999966
21
-80.7792049999999904
0
LINE
8
BLACK
6
CONTINUOUS
10
49.2326539999999966
20
-80.7792049999999904
11
49.232648999999995
21
-80.7792010000000005
0
LINE
8
BLACK
6
CONTINUOUS
10
49.232648999999995
20
-80.7792010000000005
11
49.0288479999999964
21
-80.6311319999999938
0
LINE
8
BLACK
6
CONTINUOUS
10
49.0288479999999964
20
-80.6311319999999938
11
49.028846999999999
21
-80.6311309999999963
0
LINE
8
BLACK
6
CONTINUOUS
10
49.028846999999999
20
-80.6311309999999963
11
49.0288449999999969
21
-80.6311299999999989
0
LINE
8
BLACK
6
CONTINUOUS
10
49.0288449999999969
20
-80.6311299999999989
11
48.9587469999999954
21
-80.5954129999999935
0
LINE
8
BLACK
6
CONTINUOUS
10
48.9587469999999954
20
-80.5954129999999935
11
48.8043829999999943
21
-80.5167599999999908
0
LINE
8
BLACK
6
CONTINUOUS
10
48.8043829999999943
20
-80.5167599999999908
11
48.5647850000000005
21
-80.4389099999999928
0
LINE
8
BLACK
6
CONTINUOUS
10
48.5647850000000005
20
-80.4389099999999928
11
48.315961999999999
21
-80.3995000000000033
0
LINE
8
BLACK
6
CONTINUOUS
10
48.315961999999999
20
-80.3995000000000033
11
48.0640379999999965
21
-80.3995000000000033
0
LINE
8
BLACK
6
CONTINUOUS
10
48.0640379999999965
20
-80.3995000000000033
11
47.939625999999997
21
-80.4192049999999909
0
LINE
8
BLACK
6
CONTINUOUS
10
47.939625999999997
20
-80.4192049999999909
11
47.8152139999999974
21
-80.4389099999999928
0
LINE
8
BLACK
6
CONTINUOUS
10
47.8152139999999974
20
-80.4389099999999928
11
47.5756159999999966
21
-80.5167599999999908
0
LINE
8
BLACK
6
CONTINUOUS
10
47.5756159999999966
20
-80.5167599999999908
11
47.3511509999999944
21
-80.6311319999999938
0
LINE
8
BLACK
6
CONTINUOUS
10
47.3511509999999944
20
-80.6311319999999938
11
47.1473499999999959
21
-80.7792010000000005
0
LINE
8
BLACK
6
CONTINUOUS
10
47.1473499999999959
20
-80.7792010000000005
11
47.1473450000000014
21
-80.7792049999999904
0
LINE
8
BLACK
6
CONTINUOUS
10
47.1473450000000014
20
-80.7792049999999904
11
46.9692049999999952
21
-80.9573449999999895
0
LINE
8
BLACK
6
CONTINUOUS
10
46.9692049999999952
20
-80.9573449999999895
11
46.9692009999999982
21
-80.957349999999991
0
LINE
8
BLACK
6
CONTINUOUS
10
46.9692009999999982
20
-80.957349999999991
11
46.8211319999999986
21
-81.1611509999999896
0
LINE
8
BLACK
6
CONTINUOUS
10
46.8211319999999986
20
-81.1611509999999896
11
46.7067599999999956
21
-81.3856159999999988
0
LINE
8
BLACK
6
CONTINUOUS
10
46.7067599999999956
20
-81.3856159999999988
11
46.6289099999999976
21
-81.6252139999999997
0
LINE
8
BLACK
6
CONTINUOUS
10
46.6289099999999976
20
-81.6252139999999997
11
46.589500000000001
21
-81.8740379999999988
0
LINE
8
BLACK
6
CONTINUOUS
10
46.589500000000001
20
-81.8740379999999988
11
46.589500000000001
21
-82.1259609999999896
0
LINE
8
BLACK
6
CONTINUOUS
10
54.2094999999999985
20
-82.1259609999999896
11
54.2489099999999951
21
-82.3747850000000028
0
LINE
8
BLACK
6
CONTINUOUS
10
54.2489099999999951
20
-82.3747850000000028
11
54.3267600000000002
21
-82.6143829999999895
0
LINE
8
BLACK
6
CONTINUOUS
10
54.3267600000000002
20
-82.6143829999999895
11
54.4411319999999961
21
-82.8388479999999987
0
LINE
8
BLACK
6
CONTINUOUS
10
54.4411319999999961
20
-82.8388479999999987
11
54.5892009999999956
21
-83.0426489999999973
0
LINE
8
BLACK
6
CONTINUOUS
10
54.5892009999999956
20
-83.0426489999999973
11
54.5892049999999998
21
-83.0426539999999989
0
LINE
8
BLACK
6
CONTINUOUS
10
54.5892049999999998
20
-83.0426539999999989
11
54.7673449999999988
21
-83.2207939999999979
0
LINE
8
BLACK
6
CONTINUOUS
10
54.7673449999999988
20
-83.2207939999999979
11
54.7673500000000004
21
-83.220798000000002
0
LINE
8
BLACK
6
CONTINUOUS
10
54.7673500000000004
20
-83.220798000000002
11
54.9451169999999962
21
-83.3499520000000018
0
LINE
8
BLACK
6
CONTINUOUS
10
54.9451169999999962
20
-83.3499520000000018
11
54.971154999999996
21
-83.3688700000000011
0
LINE
8
BLACK
6
CONTINUOUS
10
54.971154999999996
20
-83.3688700000000011
11
55.1141839999999945
21
-83.4417469999999923
0
LINE
8
BLACK
6
CONTINUOUS
10
55.1141839999999945
20
-83.4417469999999923
11
55.195615999999994
21
-83.4832389999999975
0
LINE
8
BLACK
6
CONTINUOUS
10
55.195615999999994
20
-83.4832389999999975
11
55.1956179999999961
21
-83.4832389999999975
0
LINE
8
BLACK
6
CONTINUOUS
10
55.1956179999999961
20
-83.4832389999999975
11
55.1956209999999956
21
-83.4832409999999925
0
LINE
8
BLACK
6
CONTINUOUS
10
55.1956209999999956
20
-83.4832409999999925
11
55.4352149999999995
21
-83.561089999999993
0
LINE
8
BLACK
6
CONTINUOUS
10
55.4352149999999995
20
-83.561089999999993
11
55.6840379999999939
21
-83.6004999999999967
0
LINE
8
BLACK
6
CONTINUOUS
10
55.6840379999999939
20
-83.6004999999999967
11
55.6840389999999985
21
-83.6004999999999967
0
LINE
8
BLACK
6
CONTINUOUS
10
55.6840389999999985
20
-83.6004999999999967
11
55.9359609999999989
21
-83.6004999999999967
0
LINE
8
BLACK
6
CONTINUOUS
10
55.9359609999999989
20
-83.6004999999999967
11
55.9359619999999964
21
-83.6004999999999967
0
LINE
8
BLACK
6
CONTINUOUS
10
55.9359619999999964
20
-83.6004999999999967
11
56.184784999999998
21
-83.561089999999993
0
LINE
8
BLACK
6
CONTINUOUS
10
56.184784999999998
20
-83.561089999999993
11
56.4243789999999947
21
-83.4832409999999925
0
LINE
8
BLACK
6
CONTINUOUS
10
56.4243789999999947
20
-83.4832409999999925
11
56.6488449999999943
21
-83.3688700000000011
0
LINE
8
BLACK
6
CONTINUOUS
10
56.6488449999999943
20
-83.3688700000000011
11
56.8526559999999961
21
-83.2207930000000005
0
LINE
8
BLACK
6
CONTINUOUS
10
56.8526559999999961
20
-83.2207930000000005
11
57.0307929999999956
21
-83.0426559999999938
0
LINE
8
BLACK
6
CONTINUOUS
10
57.0307929999999956
20
-83.0426559999999938
11
57.1788699999999963
21
-82.8388449999999921
0
LINE
8
BLACK
6
CONTINUOUS
10
57.1788699999999963
20
-82.8388449999999921
11
57.2932409999999948
21
-82.6143789999999996
0
LINE
8
BLACK
6
CONTINUOUS
10
57.2932409999999948
20
-82.6143789999999996
11
57.3710899999999953
21
-82.3747850000000028
0
LINE
8
BLACK
6
CONTINUOUS
10
57.3710899999999953
20
-82.3747850000000028
11
57.410499999999999
21
-82.1259620000000012
0
LINE
8
BLACK
6
CONTINUOUS
10
57.410499999999999
20
-82.1259620000000012
11
57.410499999999999
21
-81.8740379999999988
0
LINE
8
BLACK
6
CONTINUOUS
10
57.410499999999999
20
-81.8740379999999988
11
57.3710899999999953
21
-81.6252149999999972
0
LINE
8
BLACK
6
CONTINUOUS
10
57.3710899999999953
20
-81.6252149999999972
11
57.2932409999999948
21
-81.3856210000000004
0
LINE
8
BLACK
6
CONTINUOUS
10
57.2932409999999948
20
-81.3856210000000004
11
57.2932389999999998
21
-81.3856179999999938
0
LINE
8
BLACK
6
CONTINUOUS
10
57.2932389999999998
20
-81.3856179999999938
11
57.2932389999999998
21
-81.3856159999999988
0
LINE
8
BLACK
6
CONTINUOUS
10
57.2932389999999998
20
-81.3856159999999988
11
57.2286919999999952
21
-81.2589370000000031
0
LINE
8
BLACK
6
CONTINUOUS
10
57.2286919999999952
20
-81.2589370000000031
11
57.1788699999999963
21
-81.1611549999999937
0
LINE
8
BLACK
6
CONTINUOUS
10
57.1788699999999963
20
-81.1611549999999937
11
57.159951999999997
21
-81.1351169999999939
0
LINE
8
BLACK
6
CONTINUOUS
10
57.159951999999997
20
-81.1351169999999939
11
57.0307979999999972
21
-80.957349999999991
0
LINE
8
BLACK
6
CONTINUOUS
10
57.0307979999999972
20
-80.957349999999991
11
57.0307940000000002
21
-80.9573449999999895
0
LINE
8
BLACK
6
CONTINUOUS
10
57.0307940000000002
20
-80.9573449999999895
11
56.852653999999994
21
-80.7792049999999904
0
LINE
8
BLACK
6
CONTINUOUS
10
56.852653999999994
20
-80.7792049999999904
11
56.8526489999999995
21
-80.7792010000000005
0
LINE
8
BLACK
6
CONTINUOUS
10
56.8526489999999995
20
-80.7792010000000005
11
56.648848000000001
21
-80.6311319999999938
0
LINE
8
BLACK
6
CONTINUOUS
10
56.648848000000001
20
-80.6311319999999938
11
56.6488469999999964
21
-80.6311309999999963
0
LINE
8
BLACK
6
CONTINUOUS
10
56.6488469999999964
20
-80.6311309999999963
11
56.6488449999999943
21
-80.6311299999999989
0
LINE
8
BLACK
6
CONTINUOUS
10
56.6488449999999943
20
-80.6311299999999989
11
56.5787469999999999
21
-80.5954129999999935
0
LINE
8
BLACK
6
CONTINUOUS
10
56.5787469999999999
20
-80.5954129999999935
11
56.4243829999999988
21
-80.5167599999999908
0
LINE
8
BLACK
6
CONTINUOUS
10
56.4243829999999988
20
-80.5167599999999908
11
56.184784999999998
21
-80.4389099999999928
0
LINE
8
BLACK
6
CONTINUOUS
10
56.184784999999998
20
-80.4389099999999928
11
55.9359619999999964
21
-80.3995000000000033
0
LINE
8
BLACK
6
CONTINUOUS
10
55.9359619999999964
20
-80.3995000000000033
11
55.6840379999999939
21
-80.3995000000000033
0
LINE
8
BLACK
6
CONTINUOUS
10
55.6840379999999939
20
-80.3995000000000033
11
55.5596259999999944
21
-80.4192049999999909
0
LINE
8
BLACK
6
CONTINUOUS
10
55.5596259999999944
20
-80.4192049999999909
11
55.4352139999999949
21
-80.4389099999999928
0
LINE
8
BLACK
6
CONTINUOUS
10
55.4352139999999949
20
-80.4389099999999928
11
55.195615999999994
21
-80.5167599999999908
0
LINE
8
BLACK
6
CONTINUOUS
10
55.195615999999994
20
-80.5167599999999908
11
54.971150999999999
21
-80.6311319999999938
0
LINE
8
BLACK
6
CONTINUOUS
10
54.971150999999999
20
-80.6311319999999938
11
54.7673500000000004
21
-80.7792010000000005
0
LINE
8
BLACK
6
CONTINUOUS
10
54.7673500000000004
20
-80.7792010000000005
11
54.7673449999999988
21
-80.7792049999999904
0
LINE
8
BLACK
6
CONTINUOUS
10
54.7673449999999988
20
-80.7792049999999904
11
54.5892049999999998
21
-80.9573449999999895
0
LINE
8
BLACK
6
CONTINUOUS
10
54.5892049999999998
20
-80.9573449999999895
11
54.5892009999999956
21
-80.957349999999991
0
LINE
8
BLACK
6
CONTINUOUS
10
54.5892009999999956
20
-80.957349999999991
11
54.4411319999999961
21
-81.1611509999999896
0
LINE
8
BLACK
6
CONTINUOUS
10
54.4411319999999961
20
-81.1611509999999896
11
54.3267600000000002
21
-81.3856159999999988
0
LINE
8
BLACK
6
CONTINUOUS
10
54.3267600000000002
20
-81.3856159999999988
11
54.2489099999999951
21
-81.6252139999999997
0
LINE
8
BLACK
6
CONTINUOUS
10
54.2489099999999951
20
-81.6252139999999997
11
54.2094999999999985
21
-81.8740379999999988
0
LINE
8
BLACK
6
CONTINUOUS
10
54.2094999999999985
20
-81.8740379999999988
11
54.2094999999999985
21
-82.1259609999999896
0
LINE
8
BLACK
6
CONTINUOUS
10
46.7633569999999992
20
-78.9116549999999961
11
46.7633569999999992
21
-75.8740379999999988
0
LINE
8
BLACK
6
CONTINUOUS
10
46.7633569999999992
20
-75.8740379999999988
11
46.7633569999999992
21
-75.4949840000000023
0
LINE
8
BLACK
6
CONTINUOUS
10
46.7633569999999992
20
-75.4949840000000023
11
41.1380709999999965
21
-75.4949840000000023
0
LINE
8
BLACK
6
CONTINUOUS
10
41.1380709999999965
20
-75.4949840000000023
11
41.1380709999999965
21
-78.9116549999999961
0
LINE
8
BLACK
6
CONTINUOUS
10
41.1380709999999965
20
-78.9116549999999961
11
46.7633569999999992
21
-78.9116549999999961
0
LINE
8
BLACK
6
CONTINUOUS
10
60.5894999999999939
20
-76.1259609999999896
11
60.6289099999999976
21
-76.3747850000000028
0
LINE
8
BLACK
6
CONTINUOUS
10
60.6289099999999976
20
-76.3747850000000028
11
60.7067599999999956
21
-76.6143829999999895
0
LINE
8
BLACK
6
CONTINUOUS
10
60.7067599999999956
20
-76.6143829999999895
11
60.8211319999999986
21
-76.8388479999999987
0
LINE
8
BLACK
6
CONTINUOUS
10
60.8211319999999986
20
-76.8388479999999987
11
60.9692009999999982
21
-77.0426489999999973
0
LINE
8
BLACK
6
CONTINUOUS
10
60.9692009999999982
20
-77.0426489999999973
11
60.9692049999999952
21
-77.0426539999999989
0
LINE
8
BLACK
6
CONTINUOUS
10
60.9692049999999952
20
-77.0426539999999989
11
61.1473449999999943
21
-77.2207939999999979
0
LINE
8
BLACK
6
CONTINUOUS
10
61.1473449999999943
20
-77.2207939999999979
11
61.1473499999999959
21
-77.220798000000002
0
LINE
8
BLACK
6
CONTINUOUS
10
61.1473499999999959
20
-77.220798000000002
11
61.2470599999999976
21
-77.2932409999999948
0
LINE
8
BLACK
6
CONTINUOUS
10
61.2470599999999976
20
-77.2932409999999948
11
61.3511549999999986
21
-77.3688700000000011
0
LINE
8
BLACK
6
CONTINUOUS
10
61.3511549999999986
20
-77.3688700000000011
11
61.4328590000000005
21
-77.410499999999999
0
LINE
8
BLACK
6
CONTINUOUS
10
61.4328590000000005
20
-77.410499999999999
11
61.5756159999999966
21
-77.4832389999999975
0
LINE
8
BLACK
6
CONTINUOUS
10
61.5756159999999966
20
-77.4832389999999975
11
61.5756179999999986
21
-77.4832389999999975
0
LINE
8
BLACK
6
CONTINUOUS
10
61.5756179999999986
20
-77.4832389999999975
11
61.5756209999999982
21
-77.4832409999999925
0
LINE
8
BLACK
6
CONTINUOUS
10
61.5756209999999982
20
-77.4832409999999925
11
61.8152149999999949
21
-77.561089999999993
0
LINE
8
BLACK
6
CONTINUOUS
10
61.8152149999999949
20
-77.561089999999993
11
62.0640379999999965
21
-77.6004999999999967
0
LINE
8
BLACK
6
CONTINUOUS
10
62.0640379999999965
20
-77.6004999999999967
11
62.064038999999994
21
-77.6004999999999967
0
LINE
8
BLACK
6
CONTINUOUS
10
62.064038999999994
20
-77.6004999999999967
11
62.3159609999999944
21
-77.6004999999999967
0
LINE
8
BLACK
6
CONTINUOUS
10
62.3159609999999944
20
-77.6004999999999967
11
62.315961999999999
21
-77.6004999999999967
0
LINE
8
BLACK
6
CONTINUOUS
10
62.315961999999999
20
-77.6004999999999967
11
62.5647850000000005
21
-77.561089999999993
0
LINE
8
BLACK
6
CONTINUOUS
10
62.5647850000000005
20
-77.561089999999993
11
62.8043789999999973
21
-77.4832409999999925
0
LINE
8
BLACK
6
CONTINUOUS
10
62.8043789999999973
20
-77.4832409999999925
11
63.0288449999999969
21
-77.3688700000000011
0
LINE
8
BLACK
6
CONTINUOUS
10
63.0288449999999969
20
-77.3688700000000011
11
63.2326559999999986
21
-77.2207930000000005
0
LINE
8
BLACK
6
CONTINUOUS
10
63.2326559999999986
20
-77.2207930000000005
11
63.4107929999999982
21
-77.0426559999999938
0
LINE
8
BLACK
6
CONTINUOUS
10
63.4107929999999982
20
-77.0426559999999938
11
63.5588699999999989
21
-76.8388449999999921
0
LINE
8
BLACK
6
CONTINUOUS
10
63.5588699999999989
20
-76.8388449999999921
11
63.6732409999999973
21
-76.6143789999999996
0
LINE
8
BLACK
6
CONTINUOUS
10
63.6732409999999973
20
-76.6143789999999996
11
63.7510899999999978
21
-76.3747850000000028
0
LINE
8
BLACK
6
CONTINUOUS
10
63.7510899999999978
20
-76.3747850000000028
11
63.7904999999999944
21
-76.1259620000000012
0
LINE
8
BLACK
6
CONTINUOUS
10
63.7904999999999944
20
-76.1259620000000012
11
63.7904999999999944
21
-75.8740379999999988
0
LINE
8
BLACK
6
CONTINUOUS
10
63.7904999999999944
20
-75.8740379999999988
11
63.7510899999999978
21
-75.6252149999999972
0
LINE
8
BLACK
6
CONTINUOUS
10
63.7510899999999978
20
-75.6252149999999972
11
63.6732409999999973
21
-75.3856210000000004
0
LINE
8
BLACK
6
CONTINUOUS
10
63.6732409999999973
20
-75.3856210000000004
11
63.6732389999999953
21
-75.3856179999999938
0
LINE
8
BLACK
6
CONTINUOUS
10
63.6732389999999953
20
-75.3856179999999938
11
63.6732389999999953
21
-75.3856159999999988
0
LINE
8
BLACK
6
CONTINUOUS
10
63.6732389999999953
20
-75.3856159999999988
11
63.5764309999999995
21
-75.1956210000000027
0
LINE
8
BLACK
6
CONTINUOUS
10
63.5764309999999995
20
-75.1956210000000027
11
63.5588699999999989
21
-75.1611549999999937
0
LINE
8
BLACK
6
CONTINUOUS
10
63.5588699999999989
20
-75.1611549999999937
11
63.5399519999999995
21
-75.1351169999999939
0
LINE
8
BLACK
6
CONTINUOUS
10
63.5399519999999995
20
-75.1351169999999939
11
63.4107979999999998
21
-74.957349999999991
0
LINE
8
BLACK
6
CONTINUOUS
10
63.4107979999999998
20
-74.957349999999991
11
63.4107939999999957
21
-74.9573450000000037
0
LINE
8
BLACK
6
CONTINUOUS
10
63.4107939999999957
20
-74.9573450000000037
11
63.2326539999999966
21
-74.7792049999999904
0
LINE
8
BLACK
6
CONTINUOUS
10
63.2326539999999966
20
-74.7792049999999904
11
63.232648999999995
21
-74.7792010000000005
0
LINE
8
BLACK
6
CONTINUOUS
10
63.232648999999995
20
-74.7792010000000005
11
63.0288479999999964
21
-74.6311319999999938
0
LINE
8
BLACK
6
CONTINUOUS
10
63.0288479999999964
20
-74.6311319999999938
11
63.028846999999999
21
-74.6311309999999963
0
LINE
8
BLACK
6
CONTINUOUS
10
63.028846999999999
20
-74.6311309999999963
11
63.0288449999999969
21
-74.6311299999999989
0
LINE
8
BLACK
6
CONTINUOUS
10
63.0288449999999969
20
-74.6311299999999989
11
62.9587469999999954
21
-74.5954129999999935
0
LINE
8
BLACK
6
CONTINUOUS
10
62.9587469999999954
20
-74.5954129999999935
11
62.8043829999999943
21
-74.5167599999999908
0
LINE
8
BLACK
6
CONTINUOUS
10
62.8043829999999943
20
-74.5167599999999908
11
62.5647850000000005
21
-74.4389099999999928
0
LINE
8
BLACK
6
CONTINUOUS
10
62.5647850000000005
20
-74.4389099999999928
11
62.315961999999999
21
-74.3995000000000033
0
LINE
8
BLACK
6
CONTINUOUS
10
62.315961999999999
20
-74.3995000000000033
11
62.0640379999999965
21
-74.3995000000000033
0
LINE
8
BLACK
6
CONTINUOUS
10
62.0640379999999965
20
-74.3995000000000033
11
61.939625999999997
21
-74.4192049999999909
0
LINE
8
BLACK
6
CONTINUOUS
10
61.939625999999997
20
-74.4192049999999909
11
61.8152139999999974
21
-74.4389099999999928
0
LINE
8
BLACK
6
CONTINUOUS
10
61.8152139999999974
20
-74.4389099999999928
11
61.5756159999999966
21
-74.5167599999999908
0
LINE
8
BLACK
6
CONTINUOUS
10
61.5756159999999966
20
-74.5167599999999908
11
61.3511509999999944
21
-74.6311319999999938
0
LINE
8
BLACK
6
CONTINUOUS
10
61.3511509999999944
20
-74.6311319999999938
11
61.1473499999999959
21
-74.7792010000000005
0
LINE
8
BLACK
6
CONTINUOUS
10
61.1473499999999959
20
-74.7792010000000005
11
61.1473449999999943
21
-74.7792049999999904
0
LINE
8
BLACK
6
CONTINUOUS
10
61.1473449999999943
20
-74.7792049999999904
11
60.9692049999999952
21
-74.9573450000000037
0
LINE
8
BLACK
6
CONTINUOUS
10
60.9692049999999952
20
-74.9573450000000037
11
60.9692009999999982
21
-74.957349999999991
0
LINE
8
BLACK
6
CONTINUOUS
10
60.9692009999999982
20
-74.957349999999991
11
60.8211319999999986
21
-75.1611509999999896
0
LINE
8
BLACK
6
CONTINUOUS
10
60.8211319999999986
20
-75.1611509999999896
11
60.7067599999999956
21
-75.3856159999999988
0
LINE
8
BLACK
6
CONTINUOUS
10
60.7067599999999956
20
-75.3856159999999988
11
60.6289099999999976
21
-75.6252139999999997
0
LINE
8
BLACK
6
CONTINUOUS
10
60.6289099999999976
20
-75.6252139999999997
11
60.5894999999999939
21
-75.8740379999999988
0
LINE
8
BLACK
6
CONTINUOUS
10
60.5894999999999939
20
-75.8740379999999988
11
60.5894999999999939
21
-76.1259609999999896
0
LINE
8
BLACK
6
CONTINUOUS
10
68.2094999999999914
20
-76.1259609999999896
11
68.2489099999999951
21
-76.3747850000000028
0
LINE
8
BLACK
6
CONTINUOUS
10
68.2489099999999951
20
-76.3747850000000028
11
68.3267599999999931
21
-76.6143829999999895
0
LINE
8
BLACK
6
CONTINUOUS
10
68.3267599999999931
20
-76.6143829999999895
11
68.4411319999999961
21
-76.8388479999999987
0
LINE
8
BLACK
6
CONTINUOUS
10
68.4411319999999961
20
-76.8388479999999987
11
68.5892010000000028
21
-77.0426489999999973
0
LINE
8
BLACK
6
CONTINUOUS
10
68.5892010000000028
20
-77.0426489999999973
11
68.5892049999999927
21
-77.0426539999999989
0
LINE
8
BLACK
6
CONTINUOUS
10
68.5892049999999927
20
-77.0426539999999989
11
68.7673449999999917
21
-77.2207939999999979
0
LINE
8
BLACK
6
CONTINUOUS
10
68.7673449999999917
20
-77.2207939999999979
11
68.7673499999999933
21
-77.220798000000002
0
LINE
8
BLACK
6
CONTINUOUS
10
68.7673499999999933
20
-77.220798000000002
11
68.8670599999999951
21
-77.2932409999999948
0
LINE
8
BLACK
6
CONTINUOUS
10
68.8670599999999951
20
-77.2932409999999948
11
68.971154999999996
21
-77.3688700000000011
0
LINE
8
BLACK
6
CONTINUOUS
10
68.971154999999996
20
-77.3688700000000011
11
69.052858999999998
21
-77.410499999999999
0
LINE
8
BLACK
6
CONTINUOUS
10
69.052858999999998
20
-77.410499999999999
11
69.1956160000000011
21
-77.4832389999999975
0
LINE
8
BLACK
6
CONTINUOUS
10
69.1956160000000011
20
-77.4832389999999975
11
69.1956179999999961
21
-77.4832389999999975
0
LINE
8
BLACK
6
CONTINUOUS
10
69.1956179999999961
20
-77.4832389999999975
11
69.1956210000000027
21
-77.4832409999999925
0
LINE
8
BLACK
6
CONTINUOUS
10
69.1956210000000027
20
-77.4832409999999925
11
69.4352149999999995
21
-77.561089999999993
0
LINE
8
BLACK
6
CONTINUOUS
10
69.4352149999999995
20
-77.561089999999993
11
69.684038000000001
21
-77.6004999999999967
0
LINE
8
BLACK
6
CONTINUOUS
10
69.684038000000001
20
-77.6004999999999967
11
69.6840389999999985
21
-77.6004999999999967
0
LINE
8
BLACK
6
CONTINUOUS
10
69.6840389999999985
20
-77.6004999999999967
11
69.9359609999999918
21
-77.6004999999999967
0
LINE
8
BLACK
6
CONTINUOUS
10
69.9359609999999918
20
-77.6004999999999967
11
69.9359620000000035
21
-77.6004999999999967
0
LINE
8
BLACK
6
CONTINUOUS
10
69.9359620000000035
20
-77.6004999999999967
11
70.1847849999999909
21
-77.561089999999993
0
LINE
8
BLACK
6
CONTINUOUS
10
70.1847849999999909
20
-77.561089999999993
11
70.4243790000000018
21
-77.4832409999999925
0
LINE
8
BLACK
6
CONTINUOUS
10
70.4243790000000018
20
-77.4832409999999925
11
70.6488449999999943
21
-77.3688700000000011
0
LINE
8
BLACK
6
CONTINUOUS
10
70.6488449999999943
20
-77.3688700000000011
11
70.8526559999999961
21
-77.2207930000000005
0
LINE
8
BLACK
6
CONTINUOUS
10
70.8526559999999961
20
-77.2207930000000005
11
71.0307930000000027
21
-77.0426559999999938
0
LINE
8
BLACK
6
CONTINUOUS
10
71.0307930000000027
20
-77.0426559999999938
11
71.1788700000000034
21
-76.8388449999999921
0
LINE
8
BLACK
6
CONTINUOUS
10
71.1788700000000034
20
-76.8388449999999921
11
71.2932409999999948
21
-76.6143789999999996
0
LINE
8
BLACK
6
CONTINUOUS
10
71.2932409999999948
20
-76.6143789999999996
11
71.3710899999999953
21
-76.3747850000000028
0
LINE
8
BLACK
6
CONTINUOUS
10
71.3710899999999953
20
-76.3747850000000028
11
71.410499999999999
21
-76.1259620000000012
0
LINE
8
BLACK
6
CONTINUOUS
10
71.410499999999999
20
-76.1259620000000012
11
71.410499999999999
21
-75.8740379999999988
0
LINE
8
BLACK
6
CONTINUOUS
10
71.410499999999999
20
-75.8740379999999988
11
71.3710899999999953
21
-75.6252149999999972
0
LINE
8
BLACK
6
CONTINUOUS
10
71.3710899999999953
20
-75.6252149999999972
11
71.2932409999999948
21
-75.3856210000000004
0
LINE
8
BLACK
6
CONTINUOUS
10
71.2932409999999948
20
-75.3856210000000004
11
71.2932389999999998
21
-75.3856179999999938
0
LINE
8
BLACK
6
CONTINUOUS
10
71.2932389999999998
20
-75.3856179999999938
11
71.2932389999999998
21
-75.3856159999999988
0
LINE
8
BLACK
6
CONTINUOUS
10
71.2932389999999998
20
-75.3856159999999988
11
71.1964309999999898
21
-75.1956210000000027
0
LINE
8
BLACK
6
CONTINUOUS
10
71.1964309999999898
20
-75.1956210000000027
11
71.1788700000000034
21
-75.1611549999999937
0
LINE
8
BLACK
6
CONTINUOUS
10
71.1788700000000034
20
-75.1611549999999937
11
71.1599519999999899
21
-75.1351169999999939
0
LINE
8
BLACK
6
CONTINUOUS
10
71.1599519999999899
20
-75.1351169999999939
11
71.0307979999999901
21
-74.957349999999991
0
LINE
8
BLACK
6
CONTINUOUS
10
71.0307979999999901
20
-74.957349999999991
11
71.0307940000000002
21
-74.9573450000000037
0
LINE
8
BLACK
6
CONTINUOUS
10
71.0307940000000002
20
-74.9573450000000037
11
70.8526540000000011
21
-74.7792049999999904
0
LINE
8
BLACK
6
CONTINUOUS
10
70.8526540000000011
20
-74.7792049999999904
11
70.8526489999999995
21
-74.7792010000000005
0
LINE
8
BLACK
6
CONTINUOUS
10
70.8526489999999995
20
-74.7792010000000005
11
70.648848000000001
21
-74.6311319999999938
0
LINE
8
BLACK
6
CONTINUOUS
10
70.648848000000001
20
-74.6311319999999938
11
70.6488470000000035
21
-74.6311309999999963
0
LINE
8
BLACK
6
CONTINUOUS
10
70.6488470000000035
20
-74.6311309999999963
11
70.6488449999999943
21
-74.6311299999999989
0
LINE
8
BLACK
6
CONTINUOUS
10
70.6488449999999943
20
-74.6311299999999989
11
70.5787469999999928
21
-74.5954129999999935
0
LINE
8
BLACK
6
CONTINUOUS
10
70.5787469999999928
20
-74.5954129999999935
11
70.4243829999999917
21
-74.5167599999999908
0
LINE
8
BLACK
6
CONTINUOUS
10
70.4243829999999917
20
-74.5167599999999908
11
70.1847849999999909
21
-74.4389099999999928
0
LINE
8
BLACK
6
CONTINUOUS
10
70.1847849999999909
20
-74.4389099999999928
11
69.9359620000000035
21
-74.3995000000000033
0
LINE
8
BLACK
6
CONTINUOUS
10
69.9359620000000035
20
-74.3995000000000033
11
69.684038000000001
21
-74.3995000000000033
0
LINE
8
BLACK
6
CONTINUOUS
10
69.684038000000001
20
-74.3995000000000033
11
69.5596259999999944
21
-74.4192049999999909
0
LINE
8
BLACK
6
CONTINUOUS
10
69.5596259999999944
20
-74.4192049999999909
11
69.435214000000002
21
-74.4389099999999928
0
LINE
8
BLACK
6
CONTINUOUS
10
69.435214000000002
20
-74.4389099999999928
11
69.1956160000000011
21
-74.5167599999999908
0
LINE
8
BLACK
6
CONTINUOUS
10
69.1956160000000011
20
-74.5167599999999908
11
68.9711509999999919
21
-74.6311319999999938
0
LINE
8
BLACK
6
CONTINUOUS
10
68.9711509999999919
20
-74.6311319999999938
11
68.7673499999999933
21
-74.7792010000000005
0
LINE
8
BLACK
6
CONTINUOUS
10
68.7673499999999933
20
-74.7792010000000005
11
68.7673449999999917
21
-74.7792049999999904
0
LINE
8
BLACK
6
CONTINUOUS
10
68.7673449999999917
20
-74.7792049999999904
11
68.5892049999999927
21
-74.9573450000000037
0
LINE
8
BLACK
6
CONTINUOUS
10
68.5892049999999927
20
-74.9573450000000037
11
68.5892010000000028
21
-74.957349999999991
0
LINE
8
BLACK
6
CONTINUOUS
10
68.5892010000000028
20
-74.957349999999991
11
68.4411319999999961
21
-75.1611509999999896
0
LINE
8
BLACK
6
CONTINUOUS
10
68.4411319999999961
20
-75.1611509999999896
11
68.3267599999999931
21
-75.3856159999999988
0
LINE
8
BLACK
6
CONTINUOUS
10
68.3267599999999931
20
-75.3856159999999988
11
68.2489099999999951
21
-75.6252139999999997
0
LINE
8
BLACK
6
CONTINUOUS
10
68.2489099999999951
20
-75.6252139999999997
11
68.2094999999999914
21
-75.8740379999999988
0
LINE
8
BLACK
6
CONTINUOUS
10
68.2094999999999914
20
-75.8740379999999988
11
68.2094999999999914
21
-76.1259609999999896
0
LINE
8
BLACK
6
CONTINUOUS
10
80.1894999999999953
20
-68.7916079999999965
11
80.194502
21
-68.8423980000000029
0
LINE
8
BLACK
6
CONTINUOUS
10
80.194502
20
-68.8423980000000029
11
80.2046989999999909
21
-68.9459319999999991
0
LINE
8
BLACK
6
CONTINUOUS
10
80.2046989999999909
20
-68.9459319999999991
11
80.2047000000000025
21
-68.9459339999999941
0
LINE
8
BLACK
6
CONTINUOUS
10
80.2047000000000025
20
-68.9459339999999941
11
80.2647679999999895
21
-69.1439539999999937
0
LINE
8
BLACK
6
CONTINUOUS
10
80.2647679999999895
20
-69.1439539999999937
11
80.3623149999999953
21
-69.3264499999999941
0
LINE
8
BLACK
6
CONTINUOUS
10
80.3623149999999953
20
-69.3264499999999941
11
80.4187510000000003
21
-69.3952179999999998
0
LINE
8
BLACK
6
CONTINUOUS
10
80.4187510000000003
20
-69.3952179999999998
11
80.4935899999999975
21
-69.4864099999999922
0
LINE
8
BLACK
6
CONTINUOUS
10
80.4935899999999975
20
-69.4864099999999922
11
80.5420489999999916
21
-69.5261799999999965
0
LINE
8
BLACK
6
CONTINUOUS
10
80.5420489999999916
20
-69.5261799999999965
11
80.5813830000000024
21
-69.5839259999999911
0
LINE
8
BLACK
6
CONTINUOUS
10
80.5813830000000024
20
-69.5839259999999911
11
80.5832539999999966
21
-69.6537699999999944
0
LINE
8
BLACK
6
CONTINUOUS
10
80.5832539999999966
20
-69.6537699999999944
11
80.5637029999999896
21
-69.6949180000000013
0
LINE
8
BLACK
6
CONTINUOUS
10
80.5637029999999896
20
-69.6949180000000013
11
80.4211289999999934
21
-69.8911549999999977
0
LINE
8
BLACK
6
CONTINUOUS
10
80.4211289999999934
20
-69.8911549999999977
11
80.306759999999997
21
-70.1156160000000028
0
LINE
8
BLACK
6
CONTINUOUS
10
80.306759999999997
20
-70.1156160000000028
11
80.2289099999999991
21
-70.3552140000000037
0
LINE
8
BLACK
6
CONTINUOUS
10
80.2289099999999991
20
-70.3552140000000037
11
80.1894999999999953
21
-70.6040380000000027
0
LINE
8
BLACK
6
CONTINUOUS
10
80.1894999999999953
20
-70.6040380000000027
11
80.1894999999999953
21
-70.8559609999999935
0
LINE
8
BLACK
6
CONTINUOUS
10
80.1894999999999953
20
-70.8559609999999935
11
80.2289099999999991
21
-71.1047849999999926
0
LINE
8
BLACK
6
CONTINUOUS
10
80.2289099999999991
20
-71.1047849999999926
11
80.306759999999997
21
-71.3443829999999934
0
LINE
8
BLACK
6
CONTINUOUS
10
80.306759999999997
20
-71.3443829999999934
11
80.4211320000000001
21
-71.5688480000000027
0
LINE
8
BLACK
6
CONTINUOUS
10
80.4211320000000001
20
-71.5688480000000027
11
80.5692009999999925
21
-71.7726490000000013
0
LINE
8
BLACK
6
CONTINUOUS
10
80.5692009999999925
20
-71.7726490000000013
11
80.5692049999999966
21
-71.7726540000000028
0
LINE
8
BLACK
6
CONTINUOUS
10
80.5692049999999966
20
-71.7726540000000028
11
80.7088699999999903
21
-71.9123189999999965
0
LINE
8
BLACK
6
CONTINUOUS
10
80.7088699999999903
20
-71.9123189999999965
11
80.7423550000000034
21
-71.9736419999999981
0
LINE
8
BLACK
6
CONTINUOUS
10
80.7423550000000034
20
-71.9736419999999981
11
80.737370999999996
21
-72.0433340000000015
0
LINE
8
BLACK
6
CONTINUOUS
10
80.737370999999996
20
-72.0433340000000015
11
80.7088699999999903
21
-72.0876810000000035
0
LINE
8
BLACK
6
CONTINUOUS
10
80.7088699999999903
20
-72.0876810000000035
11
80.5692049999999966
21
-72.2273449999999997
0
LINE
8
BLACK
6
CONTINUOUS
10
80.5692049999999966
20
-72.2273449999999997
11
80.5692009999999925
21
-72.2273500000000013
0
LINE
8
BLACK
6
CONTINUOUS
10
80.5692009999999925
20
-72.2273500000000013
11
80.4211320000000001
21
-72.4311509999999998
0
LINE
8
BLACK
6
CONTINUOUS
10
80.4211320000000001
20
-72.4311509999999998
11
80.306759999999997
21
-72.6556159999999949
0
LINE
8
BLACK
6
CONTINUOUS
10
80.306759999999997
20
-72.6556159999999949
11
80.2289099999999991
21
-72.8952139999999957
0
LINE
8
BLACK
6
CONTINUOUS
10
80.2289099999999991
20
-72.8952139999999957
11
80.1894999999999953
21
-73.1440379999999948
0
LINE
8
BLACK
6
CONTINUOUS
10
80.1894999999999953
20
-73.1440379999999948
11
80.1894999999999953
21
-73.3959609999999998
0
LINE
8
BLACK
6
CONTINUOUS
10
80.1894999999999953
20
-73.3959609999999998
11
80.2289099999999991
21
-73.6447849999999988
0
LINE
8
BLACK
6
CONTINUOUS
10
80.2289099999999991
20
-73.6447849999999988
11
80.306759999999997
21
-73.8843829999999997
0
LINE
8
BLACK
6
CONTINUOUS
10
80.306759999999997
20
-73.8843829999999997
11
80.4211320000000001
21
-74.1088479999999947
0
LINE
8
BLACK
6
CONTINUOUS
10
80.4211320000000001
20
-74.1088479999999947
11
80.5692009999999925
21
-74.3126489999999933
0
LINE
8
BLACK
6
CONTINUOUS
10
80.5692009999999925
20
-74.3126489999999933
11
80.5692049999999966
21
-74.3126539999999949
0
LINE
8
BLACK
6
CONTINUOUS
10
80.5692049999999966
20
-74.3126539999999949
11
80.7088699999999903
21
-74.4523190000000028
0
LINE
8
BLACK
6
CONTINUOUS
10
80.7088699999999903
20
-74.4523190000000028
11
80.7423550000000034
21
-74.5136419999999902
0
LINE
8
BLACK
6
CONTINUOUS
10
80.7423550000000034
20
-74.5136419999999902
11
80.737370999999996
21
-74.5833339999999936
0
LINE
8
BLACK
6
CONTINUOUS
10
80.737370999999996
20
-74.5833339999999936
11
80.7088699999999903
21
-74.6276809999999955
0
LINE
8
BLACK
6
CONTINUOUS
10
80.7088699999999903
20
-74.6276809999999955
11
80.5692049999999966
21
-74.7673449999999917
0
LINE
8
BLACK
6
CONTINUOUS
10
80.5692049999999966
20
-74.7673449999999917
11
80.5692009999999925
21
-74.7673499999999933
0
LINE
8
BLACK
6
CONTINUOUS
10
80.5692009999999925
20
-74.7673499999999933
11
80.4211320000000001
21
-74.9711509999999919
0
LINE
8
BLACK
6
CONTINUOUS
10
80.4211320000000001
20
-74.9711509999999919
11
80.306759999999997
21
-75.1956160000000011
0
LINE
8
BLACK
6
CONTINUOUS
10
80.306759999999997
20
-75.1956160000000011
11
80.2289099999999991
21
-75.435214000000002
0
LINE
8
BLACK
6
CONTINUOUS
10
80.2289099999999991
20
-75.435214000000002
11
80.1894999999999953
21
-75.684038000000001
0
LINE
8
BLACK
6
CONTINUOUS
10
80.1894999999999953
20
-75.684038000000001
11
80.1894999999999953
21
-75.9359609999999918
0
LINE
8
BLACK
6
CONTINUOUS
10
80.1894999999999953
20
-75.9359609999999918
11
80.2289099999999991
21
-76.1847849999999909
0
LINE
8
BLACK
6
CONTINUOUS
10
80.2289099999999991
20
-76.1847849999999909
11
80.306759999999997
21
-76.4243829999999917
0
LINE
8
BLACK
6
CONTINUOUS
10
80.306759999999997
20
-76.4243829999999917
11
80.4211320000000001
21
-76.648848000000001
0
LINE
8
BLACK
6
CONTINUOUS
10
80.4211320000000001
20
-76.648848000000001
11
80.5692009999999925
21
-76.8526489999999995
0
LINE
8
BLACK
6
CONTINUOUS
10
80.5692009999999925
20
-76.8526489999999995
11
80.5692049999999966
21
-76.8526540000000011
0
LINE
8
BLACK
6
CONTINUOUS
10
80.5692049999999966
20
-76.8526540000000011
11
80.7473449999999957
21
-77.0307940000000002
0
LINE
8
BLACK
6
CONTINUOUS
10
80.7473449999999957
20
-77.0307940000000002
11
80.7473499999999973
21
-77.0307979999999901
0
LINE
8
BLACK
6
CONTINUOUS
10
80.7473499999999973
20
-77.0307979999999901
11
80.9251170000000002
21
-77.1599519999999899
0
LINE
8
BLACK
6
CONTINUOUS
10
80.9251170000000002
20
-77.1599519999999899
11
80.951155
21
-77.1788700000000034
0
LINE
8
BLACK
6
CONTINUOUS
10
80.951155
20
-77.1788700000000034
11
81.0941839999999985
21
-77.2517469999999946
0
LINE
8
BLACK
6
CONTINUOUS
10
81.0941839999999985
20
-77.2517469999999946
11
81.1756159999999909
21
-77.2932389999999998
0
LINE
8
BLACK
6
CONTINUOUS
10
81.1756159999999909
20
-77.2932389999999998
11
81.1756180000000001
21
-77.2932389999999998
0
LINE
8
BLACK
6
CONTINUOUS
10
81.1756180000000001
20
-77.2932389999999998
11
81.1756209999999925
21
-77.2932409999999948
0
LINE
8
BLACK
6
CONTINUOUS
10
81.1756209999999925
20
-77.2932409999999948
11
81.4152149999999892
21
-77.3710899999999953
0
LINE
8
BLACK
6
CONTINUOUS
10
81.4152149999999892
20
-77.3710899999999953
11
81.6640379999999908
21
-77.410499999999999
0
LINE
8
BLACK
6
CONTINUOUS
10
81.6640379999999908
20
-77.410499999999999
11
81.6640390000000025
21
-77.410499999999999
0
LINE
8
BLACK
6
CONTINUOUS
10
81.6640390000000025
20
-77.410499999999999
11
82.715960999999993
21
-77.410499999999999
0
LINE
8
BLACK
6
CONTINUOUS
10
82.715960999999993
20
-77.410499999999999
11
82.7159619999999904
21
-77.410499999999999
0
LINE
8
BLACK
6
CONTINUOUS
10
82.7159619999999904
20
-77.410499999999999
11
82.964784999999992
21
-77.3710899999999953
0
LINE
8
BLACK
6
CONTINUOUS
10
82.964784999999992
20
-77.3710899999999953
11
83.204379000000003
21
-77.2932409999999948
0
LINE
8
BLACK
6
CONTINUOUS
10
83.204379000000003
20
-77.2932409999999948
11
83.4288449999999955
21
-77.1788700000000034
0
LINE
8
BLACK
6
CONTINUOUS
10
83.4288449999999955
20
-77.1788700000000034
11
83.6326559999999972
21
-77.0307930000000027
0
LINE
8
BLACK
6
CONTINUOUS
10
83.6326559999999972
20
-77.0307930000000027
11
83.8107929999999897
21
-76.8526559999999961
0
LINE
8
BLACK
6
CONTINUOUS
10
83.8107929999999897
20
-76.8526559999999961
11
83.9588699999999903
21
-76.6488449999999943
0
LINE
8
BLACK
6
CONTINUOUS
10
83.9588699999999903
20
-76.6488449999999943
11
84.0732409999999959
21
-76.4243790000000018
0
LINE
8
BLACK
6
CONTINUOUS
10
84.0732409999999959
20
-76.4243790000000018
11
84.1510899999999964
21
-76.1847849999999909
0
LINE
8
BLACK
6
CONTINUOUS
10
84.1510899999999964
20
-76.1847849999999909
11
84.1905000000000001
21
-75.9359620000000035
0
LINE
8
BLACK
6
CONTINUOUS
10
84.1905000000000001
20
-75.9359620000000035
11
84.1905000000000001
21
-75.684038000000001
0
LINE
8
BLACK
6
CONTINUOUS
10
84.1905000000000001
20
-75.684038000000001
11
84.1510899999999964
21
-75.4352149999999995
0
LINE
8
BLACK
6
CONTINUOUS
10
84.1510899999999964
20
-75.4352149999999995
11
84.0732409999999959
21
-75.1956210000000027
0
LINE
8
BLACK
6
CONTINUOUS
10
84.0732409999999959
20
-75.1956210000000027
11
84.0732390000000009
21
-75.1956179999999961
0
LINE
8
BLACK
6
CONTINUOUS
10
84.0732390000000009
20
-75.1956179999999961
11
84.0732390000000009
21
-75.1956160000000011
0
LINE
8
BLACK
6
CONTINUOUS
10
84.0732390000000009
20
-75.1956160000000011
11
84.0317469999999958
21
-75.1141839999999945
0
LINE
8
BLACK
6
CONTINUOUS
10
84.0317469999999958
20
-75.1141839999999945
11
83.9588699999999903
21
-74.971154999999996
0
LINE
8
BLACK
6
CONTINUOUS
10
83.9588699999999903
20
-74.971154999999996
11
83.939951999999991
21
-74.9451169999999962
0
LINE
8
BLACK
6
CONTINUOUS
10
83.939951999999991
20
-74.9451169999999962
11
83.8107979999999912
21
-74.7673499999999933
0
LINE
8
BLACK
6
CONTINUOUS
10
83.8107979999999912
20
-74.7673499999999933
11
83.8107940000000013
21
-74.7673449999999917
0
LINE
8
BLACK
6
CONTINUOUS
10
83.8107940000000013
20
-74.7673449999999917
11
83.6711299999999909
21
-74.6276809999999955
0
LINE
8
BLACK
6
CONTINUOUS
10
83.6711299999999909
20
-74.6276809999999955
11
83.637644999999992
21
-74.5663579999999939
0
LINE
8
BLACK
6
CONTINUOUS
10
83.637644999999992
20
-74.5663579999999939
11
83.6426289999999995
21
-74.4966659999999905
0
LINE
8
BLACK
6
CONTINUOUS
10
83.6426289999999995
20
-74.4966659999999905
11
83.6711299999999909
21
-74.4523190000000028
0
LINE
8
BLACK
6
CONTINUOUS
10
83.6711299999999909
20
-74.4523190000000028
11
83.7239489999999904
21
-74.3995000000000033
0
LINE
8
BLACK
6
CONTINUOUS
10
83.7239489999999904
20
-74.3995000000000033
11
83.8107929999999897
21
-74.3126559999999898
0
LINE
8
BLACK
6
CONTINUOUS
10
83.8107929999999897
20
-74.3126559999999898
11
83.9588699999999903
21
-74.1088450000000023
0
LINE
8
BLACK
6
CONTINUOUS
10
83.9588699999999903
20
-74.1088450000000023
11
84.0732409999999959
21
-73.8843789999999956
0
LINE
8
BLACK
6
CONTINUOUS
10
84.0732409999999959
20
-73.8843789999999956
11
84.1510899999999964
21
-73.6447849999999988
0
LINE
8
BLACK
6
CONTINUOUS
10
84.1510899999999964
20
-73.6447849999999988
11
84.1905000000000001
21
-73.3959619999999973
0
LINE
8
BLACK
6
CONTINUOUS
10
84.1905000000000001
20
-73.3959619999999973
11
84.1905000000000001
21
-73.1440379999999948
0
LINE
8
BLACK
6
CONTINUOUS
10
84.1905000000000001
20
-73.1440379999999948
11
84.1510899999999964
21
-72.8952149999999932
0
LINE
8
BLACK
6
CONTINUOUS
10
84.1510899999999964
20
-72.8952149999999932
11
84.0732409999999959
21
-72.6556209999999965
0
LINE
8
BLACK
6
CONTINUOUS
10
84.0732409999999959
20
-72.6556209999999965
11
84.0732390000000009
21
-72.6556179999999898
0
LINE
8
BLACK
6
CONTINUOUS
10
84.0732390000000009
20
-72.6556179999999898
11
84.0732390000000009
21
-72.6556159999999949
0
LINE
8
BLACK
6
CONTINUOUS
10
84.0732390000000009
20
-72.6556159999999949
11
84.0317469999999958
21
-72.5741840000000025
0
LINE
8
BLACK
6
CONTINUOUS
10
84.0317469999999958
20
-72.5741840000000025
11
83.9588699999999903
21
-72.4311549999999897
0
LINE
8
BLACK
6
CONTINUOUS
10
83.9588699999999903
20
-72.4311549999999897
11
83.939951999999991
21
-72.40511699999999
0
LINE
8
BLACK
6
CONTINUOUS
10
83.939951999999991
20
-72.40511699999999
11
83.8107979999999912
21
-72.2273500000000013
0
LINE
8
BLACK
6
CONTINUOUS
10
83.8107979999999912
20
-72.2273500000000013
11
83.8107940000000013
21
-72.2273449999999997
0
LINE
8
BLACK
6
CONTINUOUS
10
83.8107940000000013
20
-72.2273449999999997
11
83.6711299999999909
21
-72.0876810000000035
0
LINE
8
BLACK
6
CONTINUOUS
10
83.6711299999999909
20
-72.0876810000000035
11
83.637644999999992
21
-72.0263580000000019
0
LINE
8
BLACK
6
CONTINUOUS
10
83.637644999999992
20
-72.0263580000000019
11
83.6426289999999995
21
-71.9566659999999985
0
LINE
8
BLACK
6
CONTINUOUS
10
83.6426289999999995
20
-71.9566659999999985
11
83.6711299999999909
21
-71.9123189999999965
0
LINE
8
BLACK
6
CONTINUOUS
10
83.6711299999999909
20
-71.9123189999999965
11
83.8107929999999897
21
-71.7726559999999978
0
LINE
8
BLACK
6
CONTINUOUS
10
83.8107929999999897
20
-71.7726559999999978
11
83.9588699999999903
21
-71.568844999999996
0
LINE
8
BLACK
6
CONTINUOUS
10
83.9588699999999903
20
-71.568844999999996
11
84.0732409999999959
21
-71.3443790000000035
0
LINE
8
BLACK
6
CONTINUOUS
10
84.0732409999999959
20
-71.3443790000000035
11
84.1510899999999964
21
-71.1047849999999926
0
LINE
8
BLACK
6
CONTINUOUS
10
84.1510899999999964
20
-71.1047849999999926
11
84.1905000000000001
21
-70.855961999999991
0
LINE
8
BLACK
6
CONTINUOUS
10
84.1905000000000001
20
-70.855961999999991
11
84.1905000000000001
21
-70.6040380000000027
0
LINE
8
BLACK
6
CONTINUOUS
10
84.1905000000000001
20
-70.6040380000000027
11
84.1510899999999964
21
-70.3552150000000012
0
LINE
8
BLACK
6
CONTINUOUS
10
84.1510899999999964
20
-70.3552150000000012
11
84.0732409999999959
21
-70.1156209999999902
0
LINE
8
BLACK
6
CONTINUOUS
10
84.0732409999999959
20
-70.1156209999999902
11
84.0732390000000009
21
-70.1156179999999978
0
LINE
8
BLACK
6
CONTINUOUS
10
84.0732390000000009
20
-70.1156179999999978
11
84.0732390000000009
21
-70.1156160000000028
0
LINE
8
BLACK
6
CONTINUOUS
10
84.0732390000000009
20
-70.1156160000000028
11
84.0317469999999958
21
-70.0341839999999962
0
LINE
8
BLACK
6
CONTINUOUS
10
84.0317469999999958
20
-70.0341839999999962
11
83.9588699999999903
21
-69.8911549999999977
0
LINE
8
BLACK
6
CONTINUOUS
10
83.9588699999999903
20
-69.8911549999999977
11
83.8162959999999941
21
-69.6949180000000013
0
LINE
8
BLACK
6
CONTINUOUS
10
83.8162959999999941
20
-69.6949180000000013
11
83.792816000000002
21
-69.6291119999999921
0
LINE
8
BLACK
6
CONTINUOUS
10
83.792816000000002
20
-69.6291119999999921
11
83.8086409999999944
21
-69.5610580000000027
0
LINE
8
BLACK
6
CONTINUOUS
10
83.8086409999999944
20
-69.5610580000000027
11
83.8379479999999973
21
-69.526180999999994
0
LINE
8
BLACK
6
CONTINUOUS
10
83.8379479999999973
20
-69.526180999999994
11
83.8864099999999979
21
-69.4864099999999922
0
LINE
8
BLACK
6
CONTINUOUS
10
83.8864099999999979
20
-69.4864099999999922
11
84.0176850000000002
21
-69.3264499999999941
0
LINE
8
BLACK
6
CONTINUOUS
10
84.0176850000000002
20
-69.3264499999999941
11
84.1152319999999918
21
-69.1439539999999937
0
LINE
8
BLACK
6
CONTINUOUS
10
84.1152319999999918
20
-69.1439539999999937
11
84.1752999999999929
21
-68.9459339999999941
0
LINE
8
BLACK
6
CONTINUOUS
10
84.1752999999999929
20
-68.9459339999999941
11
84.1905000000000001
21
-68.7916079999999965
0
LINE
8
BLACK
6
CONTINUOUS
10
84.1905000000000001
20
-68.7916079999999965
11
84.1905000000000001
21
-67.5883919999999989
0
LINE
8
BLACK
6
CONTINUOUS
10
84.1905000000000001
20
-67.5883919999999989
11
84.1752999999999929
21
-67.4340660000000014
0
LINE
8
BLACK
6
CONTINUOUS
10
84.1752999999999929
20
-67.4340660000000014
11
84.1152319999999918
21
-67.2360460000000018
0
LINE
8
BLACK
6
CONTINUOUS
10
84.1152319999999918
20
-67.2360460000000018
11
84.0176850000000002
21
-67.0535500000000013
0
LINE
8
BLACK
6
CONTINUOUS
10
84.0176850000000002
20
-67.0535500000000013
11
83.9484619999999921
21
-66.9692009999999982
0
LINE
8
BLACK
6
CONTINUOUS
10
83.9484619999999921
20
-66.9692009999999982
11
83.8864099999999979
21
-66.8935889999999915
0
LINE
8
BLACK
6
CONTINUOUS
10
83.8864099999999979
20
-66.8935889999999915
11
83.7264519999999948
21
-66.7623169999999959
0
LINE
8
BLACK
6
CONTINUOUS
10
83.7264519999999948
20
-66.7623169999999959
11
83.7264529999999922
21
-66.7623169999999959
0
LINE
8
BLACK
6
CONTINUOUS
10
83.7264529999999922
20
-66.7623169999999959
11
83.7264499999999998
21
-66.762315000000001
0
LINE
8
BLACK
6
CONTINUOUS
10
83.7264499999999998
20
-66.762315000000001
11
83.5439539999999994
21
-66.6647679999999951
0
LINE
8
BLACK
6
CONTINUOUS
10
83.5439539999999994
20
-66.6647679999999951
11
83.3459339999999997
21
-66.604699999999994
0
LINE
8
BLACK
6
CONTINUOUS
10
83.3459339999999997
20
-66.604699999999994
11
83.3459319999999906
21
-66.6046989999999965
0
LINE
8
BLACK
6
CONTINUOUS
10
83.3459319999999906
20
-66.6046989999999965
11
83.3459339999999997
21
-66.6046989999999965
0
LINE
8
BLACK
6
CONTINUOUS
10
83.3459339999999997
20
-66.6046989999999965
11
83.2268049999999988
21
-66.5929659999999899
0
LINE
8
BLACK
6
CONTINUOUS
10
83.2268049999999988
20
-66.5929659999999899
11
83.1916080000000022
21
-66.589500000000001
0
LINE
8
BLACK
6
CONTINUOUS
10
83.1916080000000022
20
-66.589500000000001
11
81.1883919999999932
21
-66.589500000000001
0
LINE
8
BLACK
6
CONTINUOUS
10
81.1883919999999932
20
-66.589500000000001
11
81.1502979999999923
21
-66.5932509999999951
0
LINE
8
BLACK
6
CONTINUOUS
10
81.1502979999999923
20
-66.5932509999999951
11
81.0340669999999932
21
-66.6046989999999965
0
LINE
8
BLACK
6
CONTINUOUS
10
81.0340669999999932
20
-66.6046989999999965
11
80.8360429999999894
21
-66.6647689999999926
0
LINE
8
BLACK
6
CONTINUOUS
10
80.8360429999999894
20
-66.6647689999999926
11
80.7283449999999903
21
-66.7223359999999985
0
LINE
8
BLACK
6
CONTINUOUS
10
80.7283449999999903
20
-66.7223359999999985
11
80.6535499999999956
21
-66.762315000000001
0
LINE
8
BLACK
6
CONTINUOUS
10
80.6535499999999956
20
-66.762315000000001
11
80.6535480000000007
21
-66.7623159999999984
0
LINE
8
BLACK
6
CONTINUOUS
10
80.6535480000000007
20
-66.7623159999999984
11
80.6535470000000032
21
-66.7623169999999959
0
LINE
8
BLACK
6
CONTINUOUS
10
80.6535470000000032
20
-66.7623169999999959
11
80.4935890000000001
21
-66.8935889999999915
0
LINE
8
BLACK
6
CONTINUOUS
10
80.4935890000000001
20
-66.8935889999999915
11
80.3623169999999902
21
-67.0535469999999947
0
LINE
8
BLACK
6
CONTINUOUS
10
80.3623169999999902
20
-67.0535469999999947
11
80.2647690000000011
21
-67.2360429999999951
0
LINE
8
BLACK
6
CONTINUOUS
10
80.2647690000000011
20
-67.2360429999999951
11
80.2046989999999909
21
-67.4340669999999989
0
LINE
8
BLACK
6
CONTINUOUS
10
80.2046989999999909
20
-67.4340669999999989
11
80.1932509999999894
21
-67.550297999999998
0
LINE
8
BLACK
6
CONTINUOUS
10
80.1932509999999894
20
-67.550297999999998
11
80.1894999999999953
21
-67.5883919999999989
0
LINE
8
BLACK
6
CONTINUOUS
10
80.1894999999999953
20
-67.5883919999999989
11
80.1894999999999953
21
-68.7916079999999965
0
LINE
8
BLACK
6
CONTINUOUS
10
80.1894999999999953
20
-37.7916079999999965
11
80.194502
21
-37.8423979999999958
0
LINE
8
BLACK
6
CONTINUOUS
10
80.194502
20
-37.8423979999999958
11
80.2046989999999909
21
-37.9459319999999991
0
LINE
8
BLACK
6
CONTINUOUS
10
80.2046989999999909
20
-37.9459319999999991
11
80.2047000000000025
21
-37.9459340000000012
0
LINE
8
BLACK
6
CONTINUOUS
10
80.2047000000000025
20
-37.9459340000000012
11
80.2647679999999895
21
-38.1439540000000008
0
LINE
8
BLACK
6
CONTINUOUS
10
80.2647679999999895
20
-38.1439540000000008
11
80.3623149999999953
21
-38.3264500000000012
0
LINE
8
BLACK
6
CONTINUOUS
10
80.3623149999999953
20
-38.3264500000000012
11
80.4187510000000003
21
-38.3952179999999998
0
LINE
8
BLACK
6
CONTINUOUS
10
80.4187510000000003
20
-38.3952179999999998
11
80.4935899999999975
21
-38.4864099999999993
0
LINE
8
BLACK
6
CONTINUOUS
10
80.4935899999999975
20
-38.4864099999999993
11
80.5420489999999916
21
-38.5261799999999965
0
LINE
8
BLACK
6
CONTINUOUS
10
80.5420489999999916
20
-38.5261799999999965
11
80.5813830000000024
21
-38.5839259999999982
0
LINE
8
BLACK
6
CONTINUOUS
10
80.5813830000000024
20
-38.5839259999999982
11
80.5832539999999966
21
-38.6537700000000015
0
LINE
8
BLACK
6
CONTINUOUS
10
80.5832539999999966
20
-38.6537700000000015
11
80.5637029999999896
21
-38.6949180000000013
0
LINE
8
BLACK
6
CONTINUOUS
10
80.5637029999999896
20
-38.6949180000000013
11
80.4211289999999934
21
-38.8911549999999977
0
LINE
8
BLACK
6
CONTINUOUS
10
80.4211289999999934
20
-38.8911549999999977
11
80.306759999999997
21
-39.1156159999999957
0
LINE
8
BLACK
6
CONTINUOUS
10
80.306759999999997
20
-39.1156159999999957
11
80.2289099999999991
21
-39.3552139999999966
0
LINE
8
BLACK
6
CONTINUOUS
10
80.2289099999999991
20
-39.3552139999999966
11
80.1894999999999953
21
-39.6040379999999956
0
LINE
8
BLACK
6
CONTINUOUS
10
80.1894999999999953
20
-39.6040379999999956
11
80.1894999999999953
21
-39.8559610000000006
0
LINE
8
BLACK
6
CONTINUOUS
10
80.1894999999999953
20
-39.8559610000000006
11
80.2289099999999991
21
-40.1047849999999997
0
LINE
8
BLACK
6
CONTINUOUS
10
80.2289099999999991
20
-40.1047849999999997
11
80.306759999999997
21
-40.3443830000000005
0
LINE
8
BLACK
6
CONTINUOUS
10
80.306759999999997
20
-40.3443830000000005
11
80.4211320000000001
21
-40.5688479999999956
0
LINE
8
BLACK
6
CONTINUOUS
10
80.4211320000000001
20
-40.5688479999999956
11
80.5692009999999925
21
-40.7726490000000013
0
LINE
8
BLACK
6
CONTINUOUS
10
80.5692009999999925
20
-40.7726490000000013
11
80.5692049999999966
21
-40.7726539999999957
0
LINE
8
BLACK
6
CONTINUOUS
10
80.5692049999999966
20
-40.7726539999999957
11
80.7088699999999903
21
-40.9123189999999965
0
LINE
8
BLACK
6
CONTINUOUS
10
80.7088699999999903
20
-40.9123189999999965
11
80.7423550000000034
21
-40.9736419999999981
0
LINE
8
BLACK
6
CONTINUOUS
10
80.7423550000000034
20
-40.9736419999999981
11
80.737370999999996
21
-41.0433340000000015
0
LINE
8
BLACK
6
CONTINUOUS
10
80.737370999999996
20
-41.0433340000000015
11
80.7088699999999903
21
-41.0876809999999963
0
LINE
8
BLACK
6
CONTINUOUS
10
80.7088699999999903
20
-41.0876809999999963
11
80.5692049999999966
21
-41.2273449999999997
0
LINE
8
BLACK
6
CONTINUOUS
10
80.5692049999999966
20
-41.2273449999999997
11
80.5692009999999925
21
-41.2273500000000013
0
LINE
8
BLACK
6
CONTINUOUS
10
80.5692009999999925
20
-41.2273500000000013
11
80.4211320000000001
21
-41.4311509999999998
0
LINE
8
BLACK
6
CONTINUOUS
10
80.4211320000000001
20
-41.4311509999999998
11
80.306759999999997
21
-41.6556159999999949
0
LINE
8
BLACK
6
CONTINUOUS
10
80.306759999999997
20
-41.6556159999999949
11
80.2289099999999991
21
-41.8952139999999957
0
LINE
8
BLACK
6
CONTINUOUS
10
80.2289099999999991
20
-41.8952139999999957
11
80.1894999999999953
21
-42.1440379999999948
0
LINE
8
BLACK
6
CONTINUOUS
10
80.1894999999999953
20
-42.1440379999999948
11
80.1894999999999953
21
-42.3959609999999998
0
LINE
8
BLACK
6
CONTINUOUS
10
80.1894999999999953
20
-42.3959609999999998
11
80.2289099999999991
21
-42.6447849999999988
0
LINE
8
BLACK
6
CONTINUOUS
10
80.2289099999999991
20
-42.6447849999999988
11
80.306759999999997
21
-42.8843829999999997
0
LINE
8
BLACK
6
CONTINUOUS
10
80.306759999999997
20
-42.8843829999999997
11
80.4211320000000001
21
-43.1088479999999947
0
LINE
8
BLACK
6
CONTINUOUS
10
80.4211320000000001
20
-43.1088479999999947
11
80.5692009999999925
21
-43.3126490000000004
0
LINE
8
BLACK
6
CONTINUOUS
10
80.5692009999999925
20
-43.3126490000000004
11
80.5692049999999966
21
-43.3126539999999949
0
LINE
8
BLACK
6
CONTINUOUS
10
80.5692049999999966
20
-43.3126539999999949
11
80.7088699999999903
21
-43.4523189999999957
0
LINE
8
BLACK
6
CONTINUOUS
10
80.7088699999999903
20
-43.4523189999999957
11
80.7423550000000034
21
-43.5136419999999973
0
LINE
8
BLACK
6
CONTINUOUS
10
80.7423550000000034
20
-43.5136419999999973
11
80.737370999999996
21
-43.5833340000000007
0
LINE
8
BLACK
6
CONTINUOUS
10
80.737370999999996
20
-43.5833340000000007
11
80.7088699999999903
21
-43.6276809999999955
0
LINE
8
BLACK
6
CONTINUOUS
10
80.7088699999999903
20
-43.6276809999999955
11
80.5692049999999966
21
-43.7673449999999988
0
LINE
8
BLACK
6
CONTINUOUS
10
80.5692049999999966
20
-43.7673449999999988
11
80.5692009999999925
21
-43.7673500000000004
0
LINE
8
BLACK
6
CONTINUOUS
10
80.5692009999999925
20
-43.7673500000000004
11
80.4211320000000001
21
-43.971150999999999
0
LINE
8
BLACK
6
CONTINUOUS
10
80.4211320000000001
20
-43.971150999999999
11
80.306759999999997
21
-44.1956160000000011
0
LINE
8
BLACK
6
CONTINUOUS
10
80.306759999999997
20
-44.1956160000000011
11
80.2289099999999991
21
-44.4352139999999949
0
LINE
8
BLACK
6
CONTINUOUS
10
80.2289099999999991
20
-44.4352139999999949
11
80.1894999999999953
21
-44.684038000000001
0
LINE
8
BLACK
6
CONTINUOUS
10
80.1894999999999953
20
-44.684038000000001
11
80.1894999999999953
21
-44.9359609999999989
0
LINE
8
BLACK
6
CONTINUOUS
10
80.1894999999999953
20
-44.9359609999999989
11
80.2289099999999991
21
-45.184784999999998
0
LINE
8
BLACK
6
CONTINUOUS
10
80.2289099999999991
20
-45.184784999999998
11
80.306759999999997
21
-45.4243829999999988
0
LINE
8
BLACK
6
CONTINUOUS
10
80.306759999999997
20
-45.4243829999999988
11
80.4211320000000001
21
-45.648848000000001
0
LINE
8
BLACK
6
CONTINUOUS
10
80.4211320000000001
20
-45.648848000000001
11
80.5692009999999925
21
-45.8526489999999995
0
LINE
8
BLACK
6
CONTINUOUS
10
80.5692009999999925
20
-45.8526489999999995
11
80.5692049999999966
21
-45.8526540000000011
0
LINE
8
BLACK
6
CONTINUOUS
10
80.5692049999999966
20
-45.8526540000000011
11
80.7473449999999957
21
-46.0307940000000002
0
LINE
8
BLACK
6
CONTINUOUS
10
80.7473449999999957
20
-46.0307940000000002
11
80.7473499999999973
21
-46.0307979999999972
0
LINE
8
BLACK
6
CONTINUOUS
10
80.7473499999999973
20
-46.0307979999999972
11
80.907039999999995
21
-46.1468190000000007
0
LINE
8
BLACK
6
CONTINUOUS
10
80.907039999999995
20
-46.1468190000000007
11
80.951155
21
-46.1788699999999963
0
LINE
8
BLACK
6
CONTINUOUS
10
80.951155
20
-46.1788699999999963
11
81.091393999999994
21
-46.2503249999999966
0
LINE
8
BLACK
6
CONTINUOUS
10
81.091393999999994
20
-46.2503249999999966
11
81.1756159999999909
21
-46.2932389999999998
0
LINE
8
BLACK
6
CONTINUOUS
10
81.1756159999999909
20
-46.2932389999999998
11
81.1756180000000001
21
-46.2932389999999998
0
LINE
8
BLACK
6
CONTINUOUS
10
81.1756180000000001
20
-46.2932389999999998
11
81.1756209999999925
21
-46.2932409999999948
0
LINE
8
BLACK
6
CONTINUOUS
10
81.1756209999999925
20
-46.2932409999999948
11
81.4152149999999892
21
-46.3710899999999953
0
LINE
8
BLACK
6
CONTINUOUS
10
81.4152149999999892
20
-46.3710899999999953
11
81.6640379999999908
21
-46.410499999999999
0
LINE
8
BLACK
6
CONTINUOUS
10
81.6640379999999908
20
-46.410499999999999
11
81.6640390000000025
21
-46.410499999999999
0
LINE
8
BLACK
6
CONTINUOUS
10
81.6640390000000025
20
-46.410499999999999
11
82.715960999999993
21
-46.410499999999999
0
LINE
8
BLACK
6
CONTINUOUS
10
82.715960999999993
20
-46.410499999999999
11
82.7159619999999904
21
-46.410499999999999
0
LINE
8
BLACK
6
CONTINUOUS
10
82.7159619999999904
20
-46.410499999999999
11
82.964784999999992
21
-46.3710899999999953
0
LINE
8
BLACK
6
CONTINUOUS
10
82.964784999999992
20
-46.3710899999999953
11
83.204379000000003
21
-46.2932409999999948
0
LINE
8
BLACK
6
CONTINUOUS
10
83.204379000000003
20
-46.2932409999999948
11
83.4288449999999955
21
-46.1788699999999963
0
LINE
8
BLACK
6
CONTINUOUS
10
83.4288449999999955
20
-46.1788699999999963
11
83.4903529999999989
21
-46.1341809999999981
0
LINE
8
BLACK
6
CONTINUOUS
10
83.4903529999999989
20
-46.1341809999999981
11
83.5561579999999964
21
-46.1107019999999963
0
LINE
8
BLACK
6
CONTINUOUS
10
83.5561579999999964
20
-46.1107019999999963
11
83.5632379999999984
21
-46.1104999999999947
0
LINE
8
BLACK
6
CONTINUOUS
10
83.5632379999999984
20
-46.1104999999999947
11
84.1016529999999989
21
-46.1104999999999947
0
LINE
8
BLACK
6
CONTINUOUS
10
84.1016529999999989
20
-46.1104999999999947
11
84.168691999999993
21
-46.1301849999999973
0
LINE
8
BLACK
6
CONTINUOUS
10
84.168691999999993
20
-46.1301849999999973
11
84.1893340000000023
21
-46.1468190000000007
0
LINE
8
BLACK
6
CONTINUOUS
10
84.1893340000000023
20
-46.1468190000000007
11
86.6846859999999992
21
-48.6421709999999976
0
LINE
8
BLACK
6
CONTINUOUS
10
86.6846859999999992
20
-48.6421709999999976
11
86.8396489999999943
21
-48.7547560000000004
0
LINE
8
BLACK
6
CONTINUOUS
10
86.8396489999999943
20
-48.7547560000000004
11
86.8502900000000011
21
-48.7624870000000001
0
LINE
8
BLACK
6
CONTINUOUS
10
86.8502900000000011
20
-48.7624870000000001
11
86.9665069999999929
21
-48.8217029999999994
0
LINE
8
BLACK
6
CONTINUOUS
10
86.9665069999999929
20
-48.8217029999999994
11
87.032675999999995
21
-48.8554180000000002
0
LINE
8
BLACK
6
CONTINUOUS
10
87.032675999999995
20
-48.8554180000000002
11
87.03267799999999
21
-48.8554180000000002
0
LINE
8
BLACK
6
CONTINUOUS
10
87.03267799999999
20
-48.8554180000000002
11
87.0326809999999966
21
-48.8554199999999952
0
LINE
8
BLACK
6
CONTINUOUS
10
87.0326809999999966
20
-48.8554199999999952
11
87.1370369999999923
21
-48.8893269999999944
0
LINE
8
BLACK
6
CONTINUOUS
10
87.1370369999999923
20
-48.8893269999999944
11
87.2273649999999918
21
-48.9186769999999953
0
LINE
8
BLACK
6
CONTINUOUS
10
87.2273649999999918
20
-48.9186769999999953
11
87.3284570000000002
21
-48.9346880000000013
0
LINE
8
BLACK
6
CONTINUOUS
10
87.3284570000000002
20
-48.9346880000000013
11
87.4295479999999969
21
-48.9506999999999977
0
LINE
8
BLACK
6
CONTINUOUS
10
87.4295479999999969
20
-48.9506999999999977
11
87.6342509999999919
21
-48.9506999999999977
0
LINE
8
BLACK
6
CONTINUOUS
10
87.6342509999999919
20
-48.9506999999999977
11
92.5601529999999997
21
-48.9506999999999977
0
LINE
8
BLACK
6
CONTINUOUS
10
92.5601529999999997
20
-48.9506999999999977
11
92.6271919999999938
21
-48.9703850000000003
0
LINE
8
BLACK
6
CONTINUOUS
10
92.6271919999999938
20
-48.9703850000000003
11
92.6478339999999889
21
-48.9870189999999965
0
LINE
8
BLACK
6
CONTINUOUS
10
92.6478339999999889
20
-48.9870189999999965
11
99.8922230000000013
21
-56.2314079999999947
0
LINE
8
BLACK
6
CONTINUOUS
10
99.8922230000000013
20
-56.2314079999999947
11
99.9257080000000002
21
-56.2927309999999963
0
LINE
8
BLACK
6
CONTINUOUS
10
99.9257080000000002
20
-56.2927309999999963
11
99.9270149999999973
21
-56.2996890000000008
0
LINE
8
BLACK
6
CONTINUOUS
10
99.9270149999999973
20
-56.2996890000000008
11
99.9389089999999953
21
-56.3747830000000008
0
LINE
8
BLACK
6
CONTINUOUS
10
99.9389089999999953
20
-56.3747830000000008
11
99.9667290000000008
21
-56.4604019999999949
0
LINE
8
BLACK
6
CONTINUOUS
10
99.9667290000000008
20
-56.4604019999999949
11
99.9848259999999982
21
-56.516100999999999
0
LINE
8
BLACK
6
CONTINUOUS
10
99.9848259999999982
20
-56.516100999999999
11
100.0167599999999908
21
-56.6143809999999945
0
LINE
8
BLACK
6
CONTINUOUS
10
100.0167599999999908
20
-56.6143809999999945
11
100.0200839999999971
21
-56.6209050000000005
0
LINE
8
BLACK
6
CONTINUOUS
10
100.0200839999999971
20
-56.6209050000000005
11
100.0329799999999949
21
-56.6895740000000004
0
LINE
8
BLACK
6
CONTINUOUS
10
100.0329799999999949
20
-56.6895740000000004
11
100.0067039999999992
21
-56.7543149999999983
0
LINE
8
BLACK
6
CONTINUOUS
10
100.0067039999999992
20
-56.7543149999999983
11
99.9495969999999971
21
-56.7945719999999952
0
LINE
8
BLACK
6
CONTINUOUS
10
99.9495969999999971
20
-56.7945719999999952
11
99.909599
21
-56.8011999999999944
0
LINE
8
BLACK
6
CONTINUOUS
10
99.909599
20
-56.8011999999999944
11
99.1917459999999949
21
-56.8011999999999944
0
LINE
8
BLACK
6
CONTINUOUS
10
99.1917459999999949
20
-56.8011999999999944
11
99.1247070000000008
21
-56.7815149999999988
0
LINE
8
BLACK
6
CONTINUOUS
10
99.1247070000000008
20
-56.7815149999999988
11
99.1040649999999914
21
-56.7648809999999955
0
LINE
8
BLACK
6
CONTINUOUS
10
99.1040649999999914
20
-56.7648809999999955
11
98.1077749999999895
21
-55.7685899999999961
0
LINE
8
BLACK
6
CONTINUOUS
10
98.1077749999999895
20
-55.7685899999999961
11
98.0742899999999906
21
-55.7072669999999945
0
LINE
8
BLACK
6
CONTINUOUS
10
98.0742899999999906
20
-55.7072669999999945
11
98.0729829999999936
21
-55.7003059999999977
0
LINE
8
BLACK
6
CONTINUOUS
10
98.0729829999999936
20
-55.7003059999999977
11
98.061089999999993
21
-55.6252139999999997
0
LINE
8
BLACK
6
CONTINUOUS
10
98.061089999999993
20
-55.6252139999999997
11
97.9972099999999955
21
-55.4286139999999961
0
LINE
8
BLACK
6
CONTINUOUS
10
97.9972099999999955
20
-55.4286139999999961
11
97.9832409999999925
21
-55.3856210000000004
0
LINE
8
BLACK
6
CONTINUOUS
10
97.9832409999999925
20
-55.3856210000000004
11
97.9832389999999975
21
-55.3856180000000009
0
LINE
8
BLACK
6
CONTINUOUS
10
97.9832389999999975
20
-55.3856180000000009
11
97.9832389999999975
21
-55.3856159999999988
0
LINE
8
BLACK
6
CONTINUOUS
10
97.9832389999999975
20
-55.3856159999999988
11
97.9022489999999976
21
-55.2266659999999945
0
LINE
8
BLACK
6
CONTINUOUS
10
97.9022489999999976
20
-55.2266659999999945
11
97.8688700000000011
21
-55.1611550000000008
0
LINE
8
BLACK
6
CONTINUOUS
10
97.8688700000000011
20
-55.1611550000000008
11
97.8064409999999924
21
-55.0752290000000002
0
LINE
8
BLACK
6
CONTINUOUS
10
97.8064409999999924
20
-55.0752290000000002
11
97.720798000000002
21
-54.9573499999999981
0
LINE
8
BLACK
6
CONTINUOUS
10
97.720798000000002
20
-54.9573499999999981
11
97.7207939999999979
21
-54.9573449999999966
0
LINE
8
BLACK
6
CONTINUOUS
10
97.7207939999999979
20
-54.9573449999999966
11
97.5426539999999989
21
-54.7792049999999975
0
LINE
8
BLACK
6
CONTINUOUS
10
97.5426539999999989
20
-54.7792049999999975
11
97.5426489999999973
21
-54.7792010000000005
0
LINE
8
BLACK
6
CONTINUOUS
10
97.5426489999999973
20
-54.7792010000000005
11
97.3388479999999987
21
-54.6311320000000009
0
LINE
8
BLACK
6
CONTINUOUS
10
97.3388479999999987
20
-54.6311320000000009
11
97.3388470000000012
21
-54.6311309999999963
0
LINE
8
BLACK
6
CONTINUOUS
10
97.3388470000000012
20
-54.6311309999999963
11
97.3388449999999921
21
-54.6311299999999989
0
LINE
8
BLACK
6
CONTINUOUS
10
97.3388449999999921
20
-54.6311299999999989
11
97.2687469999999905
21
-54.5954130000000006
0
LINE
8
BLACK
6
CONTINUOUS
10
97.2687469999999905
20
-54.5954130000000006
11
97.1143829999999895
21
-54.5167599999999979
0
LINE
8
BLACK
6
CONTINUOUS
10
97.1143829999999895
20
-54.5167599999999979
11
96.8747849999999886
21
-54.4389099999999999
0
LINE
8
BLACK
6
CONTINUOUS
10
96.8747849999999886
20
-54.4389099999999999
11
96.8747789999999895
21
-54.4389089999999953
0
LINE
8
BLACK
6
CONTINUOUS
10
96.8747789999999895
20
-54.4389089999999953
11
96.6259620000000012
21
-54.3994999999999962
0
LINE
8
BLACK
6
CONTINUOUS
10
96.6259620000000012
20
-54.3994999999999962
11
96.3740379999999988
21
-54.3994999999999962
0
LINE
8
BLACK
6
CONTINUOUS
10
96.3740379999999988
20
-54.3994999999999962
11
96.2496259999999921
21
-54.4192049999999981
0
LINE
8
BLACK
6
CONTINUOUS
10
96.2496259999999921
20
-54.4192049999999981
11
96.1252139999999997
21
-54.4389099999999999
0
LINE
8
BLACK
6
CONTINUOUS
10
96.1252139999999997
20
-54.4389099999999999
11
95.8856159999999988
21
-54.5167599999999979
0
LINE
8
BLACK
6
CONTINUOUS
10
95.8856159999999988
20
-54.5167599999999979
11
95.6611509999999896
21
-54.6311320000000009
0
LINE
8
BLACK
6
CONTINUOUS
10
95.6611509999999896
20
-54.6311320000000009
11
95.457349999999991
21
-54.7792010000000005
0
LINE
8
BLACK
6
CONTINUOUS
10
95.457349999999991
20
-54.7792010000000005
11
95.4573449999999895
21
-54.7792049999999975
0
LINE
8
BLACK
6
CONTINUOUS
10
95.4573449999999895
20
-54.7792049999999975
11
95.2792049999999904
21
-54.9573449999999966
0
LINE
8
BLACK
6
CONTINUOUS
10
95.2792049999999904
20
-54.9573449999999966
11
95.2792010000000005
21
-54.9573499999999981
0
LINE
8
BLACK
6
CONTINUOUS
10
95.2792010000000005
20
-54.9573499999999981
11
95.1311319999999938
21
-55.1611509999999967
0
LINE
8
BLACK
6
CONTINUOUS
10
95.1311319999999938
20
-55.1611509999999967
11
95.0167599999999908
21
-55.3856180000000009
0
LINE
8
BLACK
6
CONTINUOUS
10
95.0167599999999908
20
-55.3856180000000009
11
94.9389089999999953
21
-55.6252159999999947
0
LINE
8
BLACK
6
CONTINUOUS
10
94.9389089999999953
20
-55.6252159999999947
11
94.9270149999999973
21
-55.7003099999999947
0
LINE
8
BLACK
6
CONTINUOUS
10
94.9270149999999973
20
-55.7003099999999947
11
94.8970849999999899
21
-55.7634439999999998
0
LINE
8
BLACK
6
CONTINUOUS
10
94.8970849999999899
20
-55.7634439999999998
11
94.8922230000000013
21
-55.7685910000000007
0
LINE
8
BLACK
6
CONTINUOUS
10
94.8922230000000013
20
-55.7685910000000007
11
91.3197359999999918
21
-59.341077999999996
0
LINE
8
BLACK
6
CONTINUOUS
10
91.3197359999999918
20
-59.341077999999996
11
91.1994129999999927
21
-59.5066879999999969
0
LINE
8
BLACK
6
CONTINUOUS
10
91.1994129999999927
20
-59.5066879999999969
11
91.152946
21
-59.597884999999998
0
LINE
8
BLACK
6
CONTINUOUS
10
91.152946
20
-59.597884999999998
11
91.1529450000000026
21
-59.5978840000000005
0
LINE
8
BLACK
6
CONTINUOUS
10
91.1529450000000026
20
-59.5978840000000005
11
91.1064789999999931
21
-59.6890809999999945
0
LINE
8
BLACK
6
CONTINUOUS
10
91.1064789999999931
20
-59.6890809999999945
11
91.1064769999999982
21
-59.6890849999999986
0
LINE
8
BLACK
6
CONTINUOUS
10
91.1064769999999982
20
-59.6890849999999986
11
91.0829140000000024
21
-59.761609
0
LINE
8
BLACK
6
CONTINUOUS
10
91.0829140000000024
20
-59.761609
11
91.0829140000000024
21
-59.7616099999999975
0
LINE
8
BLACK
6
CONTINUOUS
10
91.0829140000000024
20
-59.7616099999999975
11
91.0432220000000001
21
-59.8837679999999963
0
LINE
8
BLACK
6
CONTINUOUS
10
91.0432220000000001
20
-59.8837679999999963
11
91.0335159999999917
21
-59.9450509999999994
0
LINE
8
BLACK
6
CONTINUOUS
10
91.0335159999999917
20
-59.9450509999999994
11
91.0112000000000023
21
-60.0859479999999948
0
LINE
8
BLACK
6
CONTINUOUS
10
91.0112000000000023
20
-60.0859479999999948
11
91.0112000000000023
21
-66.5995980000000003
0
LINE
8
BLACK
6
CONTINUOUS
10
91.0112000000000023
20
-66.5995980000000003
11
90.9915149999999926
21
-66.6666369999999944
0
LINE
8
BLACK
6
CONTINUOUS
10
90.9915149999999926
20
-66.6666369999999944
11
90.9387109999999979
21
-66.7123919999999941
0
LINE
8
BLACK
6
CONTINUOUS
10
90.9387109999999979
20
-66.7123919999999941
11
90.8695529999999962
21
-66.7223359999999985
0
LINE
8
BLACK
6
CONTINUOUS
10
90.8695529999999962
20
-66.7223359999999985
11
90.8309129999999953
21
-66.7100870000000015
0
LINE
8
BLACK
6
CONTINUOUS
10
90.8309129999999953
20
-66.7100870000000015
11
90.8243779999999958
21
-66.7067579999999936
0
LINE
8
BLACK
6
CONTINUOUS
10
90.8243779999999958
20
-66.7067579999999936
11
90.5847869999999915
21
-66.6289099999999905
0
LINE
8
BLACK
6
CONTINUOUS
10
90.5847869999999915
20
-66.6289099999999905
11
90.3997179999999929
21
-66.5995980000000003
0
LINE
8
BLACK
6
CONTINUOUS
10
90.3997179999999929
20
-66.5995980000000003
11
90.335961999999995
21
-66.589500000000001
0
LINE
8
BLACK
6
CONTINUOUS
10
90.335961999999995
20
-66.589500000000001
11
89.2840379999999953
21
-66.589500000000001
0
LINE
8
BLACK
6
CONTINUOUS
10
89.2840379999999953
20
-66.589500000000001
11
89.1880759999999952
21
-66.6046989999999965
0
LINE
8
BLACK
6
CONTINUOUS
10
89.1880759999999952
20
-66.6046989999999965
11
89.0352139999999963
21
-66.6289099999999905
0
LINE
8
BLACK
6
CONTINUOUS
10
89.0352139999999963
20
-66.6289099999999905
11
88.7956159999999954
21
-66.7067600000000027
0
LINE
8
BLACK
6
CONTINUOUS
10
88.7956159999999954
20
-66.7067600000000027
11
88.5711510000000004
21
-66.8211319999999915
0
LINE
8
BLACK
6
CONTINUOUS
10
88.5711510000000004
20
-66.8211319999999915
11
88.3673500000000018
21
-66.9692009999999982
0
LINE
8
BLACK
6
CONTINUOUS
10
88.3673500000000018
20
-66.9692009999999982
11
88.3673450000000003
21
-66.9692050000000023
0
LINE
8
BLACK
6
CONTINUOUS
10
88.3673450000000003
20
-66.9692050000000023
11
88.1892050000000012
21
-67.1473450000000014
0
LINE
8
BLACK
6
CONTINUOUS
10
88.1892050000000012
20
-67.1473450000000014
11
88.1892009999999971
21
-67.147350000000003
0
LINE
8
BLACK
6
CONTINUOUS
10
88.1892009999999971
20
-67.147350000000003
11
88.0411319999999904
21
-67.3511510000000015
0
LINE
8
BLACK
6
CONTINUOUS
10
88.0411319999999904
20
-67.3511510000000015
11
87.9267600000000016
21
-67.5756159999999966
0
LINE
8
BLACK
6
CONTINUOUS
10
87.9267600000000016
20
-67.5756159999999966
11
87.8489099999999894
21
-67.8152139999999974
0
LINE
8
BLACK
6
CONTINUOUS
10
87.8489099999999894
20
-67.8152139999999974
11
87.8094999999999999
21
-68.0640379999999965
0
LINE
8
BLACK
6
CONTINUOUS
10
87.8094999999999999
20
-68.0640379999999965
11
87.8094999999999999
21
-68.3159610000000015
0
LINE
8
BLACK
6
CONTINUOUS
10
87.8094999999999999
20
-68.3159610000000015
11
87.8489099999999894
21
-68.5647850000000005
0
LINE
8
BLACK
6
CONTINUOUS
10
87.8489099999999894
20
-68.5647850000000005
11
87.9267600000000016
21
-68.8043830000000014
0
LINE
8
BLACK
6
CONTINUOUS
10
87.9267600000000016
20
-68.8043830000000014
11
88.0411319999999904
21
-69.0288479999999964
0
LINE
8
BLACK
6
CONTINUOUS
10
88.0411319999999904
20
-69.0288479999999964
11
88.1892009999999971
21
-69.232648999999995
0
LINE
8
BLACK
6
CONTINUOUS
10
88.1892009999999971
20
-69.232648999999995
11
88.1892050000000012
21
-69.2326539999999966
0
LINE
8
BLACK
6
CONTINUOUS
10
88.1892050000000012
20
-69.2326539999999966
11
88.3288699999999949
21
-69.3723189999999903
0
LINE
8
BLACK
6
CONTINUOUS
10
88.3288699999999949
20
-69.3723189999999903
11
88.3623549999999938
21
-69.4336419999999919
0
LINE
8
BLACK
6
CONTINUOUS
10
88.3623549999999938
20
-69.4336419999999919
11
88.3573710000000005
21
-69.5033339999999953
0
LINE
8
BLACK
6
CONTINUOUS
10
88.3573710000000005
20
-69.5033339999999953
11
88.3288699999999949
21
-69.5476809999999972
0
LINE
8
BLACK
6
CONTINUOUS
10
88.3288699999999949
20
-69.5476809999999972
11
88.1892050000000012
21
-69.6873449999999934
0
LINE
8
BLACK
6
CONTINUOUS
10
88.1892050000000012
20
-69.6873449999999934
11
88.1892009999999971
21
-69.687349999999995
0
LINE
8
BLACK
6
CONTINUOUS
10
88.1892009999999971
20
-69.687349999999995
11
88.0411319999999904
21
-69.8911509999999936
0
LINE
8
BLACK
6
CONTINUOUS
10
88.0411319999999904
20
-69.8911509999999936
11
87.9267600000000016
21
-70.1156160000000028
0
LINE
8
BLACK
6
CONTINUOUS
10
87.9267600000000016
20
-70.1156160000000028
11
87.8489099999999894
21
-70.3552140000000037
0
LINE
8
BLACK
6
CONTINUOUS
10
87.8489099999999894
20
-70.3552140000000037
11
87.8094999999999999
21
-70.6040380000000027
0
LINE
8
BLACK
6
CONTINUOUS
10
87.8094999999999999
20
-70.6040380000000027
11
87.8094999999999999
21
-70.8559609999999935
0
LINE
8
BLACK
6
CONTINUOUS
10
87.8094999999999999
20
-70.8559609999999935
11
87.8489099999999894
21
-71.1047849999999926
0
LINE
8
BLACK
6
CONTINUOUS
10
87.8489099999999894
20
-71.1047849999999926
11
87.9267600000000016
21
-71.3443829999999934
0
LINE
8
BLACK
6
CONTINUOUS
10
87.9267600000000016
20
-71.3443829999999934
11
88.0411319999999904
21
-71.5688480000000027
0
LINE
8
BLACK
6
CONTINUOUS
10
88.0411319999999904
20
-71.5688480000000027
11
88.1892009999999971
21
-71.7726490000000013
0
LINE
8
BLACK
6
CONTINUOUS
10
88.1892009999999971
20
-71.7726490000000013
11
88.1892050000000012
21
-71.7726540000000028
0
LINE
8
BLACK
6
CONTINUOUS
10
88.1892050000000012
20
-71.7726540000000028
11
88.3288699999999949
21
-71.9123189999999965
0
LINE
8
BLACK
6
CONTINUOUS
10
88.3288699999999949
20
-71.9123189999999965
11
88.3623549999999938
21
-71.9736419999999981
0
LINE
8
BLACK
6
CONTINUOUS
10
88.3623549999999938
20
-71.9736419999999981
11
88.3573710000000005
21
-72.0433340000000015
0
LINE
8
BLACK
6
CONTINUOUS
10
88.3573710000000005
20
-72.0433340000000015
11
88.3288699999999949
21
-72.0876810000000035
0
LINE
8
BLACK
6
CONTINUOUS
10
88.3288699999999949
20
-72.0876810000000035
11
88.1892050000000012
21
-72.2273449999999997
0
LINE
8
BLACK
6
CONTINUOUS
10
88.1892050000000012
20
-72.2273449999999997
11
88.1892009999999971
21
-72.2273500000000013
0
LINE
8
BLACK
6
CONTINUOUS
10
88.1892009999999971
20
-72.2273500000000013
11
88.0411319999999904
21
-72.4311509999999998
0
LINE
8
BLACK
6
CONTINUOUS
10
88.0411319999999904
20
-72.4311509999999998
11
87.9267600000000016
21
-72.6556159999999949
0
LINE
8
BLACK
6
CONTINUOUS
10
87.9267600000000016
20
-72.6556159999999949
11
87.8489099999999894
21
-72.8952139999999957
0
LINE
8
BLACK
6
CONTINUOUS
10
87.8489099999999894
20
-72.8952139999999957
11
87.8094999999999999
21
-73.1440379999999948
0
LINE
8
BLACK
6
CONTINUOUS
10
87.8094999999999999
20
-73.1440379999999948
11
87.8094999999999999
21
-73.3959609999999998
0
LINE
8
BLACK
6
CONTINUOUS
10
87.8094999999999999
20
-73.3959609999999998
11
87.8489099999999894
21
-73.6447849999999988
0
LINE
8
BLACK
6
CONTINUOUS
10
87.8489099999999894
20
-73.6447849999999988
11
87.9267600000000016
21
-73.8843829999999997
0
LINE
8
BLACK
6
CONTINUOUS
10
87.9267600000000016
20
-73.8843829999999997
11
88.0411319999999904
21
-74.1088479999999947
0
LINE
8
BLACK
6
CONTINUOUS
10
88.0411319999999904
20
-74.1088479999999947
11
88.1892009999999971
21
-74.3126489999999933
0
LINE
8
BLACK
6
CONTINUOUS
10
88.1892009999999971
20
-74.3126489999999933
11
88.1892050000000012
21
-74.3126539999999949
0
LINE
8
BLACK
6
CONTINUOUS
10
88.1892050000000012
20
-74.3126539999999949
11
88.3288699999999949
21
-74.4523190000000028
0
LINE
8
BLACK
6
CONTINUOUS
10
88.3288699999999949
20
-74.4523190000000028
11
88.3623549999999938
21
-74.5136419999999902
0
LINE
8
BLACK
6
CONTINUOUS
10
88.3623549999999938
20
-74.5136419999999902
11
88.3573710000000005
21
-74.5833339999999936
0
LINE
8
BLACK
6
CONTINUOUS
10
88.3573710000000005
20
-74.5833339999999936
11
88.3288699999999949
21
-74.6276809999999955
0
LINE
8
BLACK
6
CONTINUOUS
10
88.3288699999999949
20
-74.6276809999999955
11
88.1892050000000012
21
-74.7673449999999917
0
LINE
8
BLACK
6
CONTINUOUS
10
88.1892050000000012
20
-74.7673449999999917
11
88.1892009999999971
21
-74.7673499999999933
0
LINE
8
BLACK
6
CONTINUOUS
10
88.1892009999999971
20
-74.7673499999999933
11
88.0411319999999904
21
-74.9711509999999919
0
LINE
8
BLACK
6
CONTINUOUS
10
88.0411319999999904
20
-74.9711509999999919
11
87.9267600000000016
21
-75.1956160000000011
0
LINE
8
BLACK
6
CONTINUOUS
10
87.9267600000000016
20
-75.1956160000000011
11
87.8489099999999894
21
-75.435214000000002
0
LINE
8
BLACK
6
CONTINUOUS
10
87.8489099999999894
20
-75.435214000000002
11
87.8094999999999999
21
-75.684038000000001
0
LINE
8
BLACK
6
CONTINUOUS
10
87.8094999999999999
20
-75.684038000000001
11
87.8094999999999999
21
-75.9359609999999918
0
LINE
8
BLACK
6
CONTINUOUS
10
87.8094999999999999
20
-75.9359609999999918
11
87.8489099999999894
21
-76.1847849999999909
0
LINE
8
BLACK
6
CONTINUOUS
10
87.8489099999999894
20
-76.1847849999999909
11
87.9267600000000016
21
-76.4243829999999917
0
LINE
8
BLACK
6
CONTINUOUS
10
87.9267600000000016
20
-76.4243829999999917
11
88.0411319999999904
21
-76.648848000000001
0
LINE
8
BLACK
6
CONTINUOUS
10
88.0411319999999904
20
-76.648848000000001
11
88.1892009999999971
21
-76.8526489999999995
0
LINE
8
BLACK
6
CONTINUOUS
10
88.1892009999999971
20
-76.8526489999999995
11
88.1892050000000012
21
-76.8526540000000011
0
LINE
8
BLACK
6
CONTINUOUS
10
88.1892050000000012
20
-76.8526540000000011
11
88.3673450000000003
21
-77.0307940000000002
0
LINE
8
BLACK
6
CONTINUOUS
10
88.3673450000000003
20
-77.0307940000000002
11
88.3673500000000018
21
-77.0307979999999901
0
LINE
8
BLACK
6
CONTINUOUS
10
88.3673500000000018
20
-77.0307979999999901
11
88.5451169999999905
21
-77.1599519999999899
0
LINE
8
BLACK
6
CONTINUOUS
10
88.5451169999999905
20
-77.1599519999999899
11
88.5711549999999903
21
-77.1788700000000034
0
LINE
8
BLACK
6
CONTINUOUS
10
88.5711549999999903
20
-77.1788700000000034
11
88.714184000000003
21
-77.2517469999999946
0
LINE
8
BLACK
6
CONTINUOUS
10
88.714184000000003
20
-77.2517469999999946
11
88.7956159999999954
21
-77.2932389999999998
0
LINE
8
BLACK
6
CONTINUOUS
10
88.7956159999999954
20
-77.2932389999999998
11
88.7956179999999904
21
-77.2932389999999998
0
LINE
8
BLACK
6
CONTINUOUS
10
88.7956179999999904
20
-77.2932389999999998
11
88.795620999999997
21
-77.2932409999999948
0
LINE
8
BLACK
6
CONTINUOUS
10
88.795620999999997
20
-77.2932409999999948
11
89.0352149999999938
21
-77.3710899999999953
0
LINE
8
BLACK
6
CONTINUOUS
10
89.0352149999999938
20
-77.3710899999999953
11
89.2840379999999953
21
-77.410499999999999
0
LINE
8
BLACK
6
CONTINUOUS
10
89.2840379999999953
20
-77.410499999999999
11
89.2840389999999928
21
-77.410499999999999
0
LINE
8
BLACK
6
CONTINUOUS
10
89.2840389999999928
20
-77.410499999999999
11
90.3359609999999975
21
-77.410499999999999
0
LINE
8
BLACK
6
CONTINUOUS
10
90.3359609999999975
20
-77.410499999999999
11
90.335961999999995
21
-77.410499999999999
0
LINE
8
BLACK
6
CONTINUOUS
10
90.335961999999995
20
-77.410499999999999
11
90.5847849999999966
21
-77.3710899999999953
0
LINE
8
BLACK
6
CONTINUOUS
10
90.5847849999999966
20
-77.3710899999999953
11
90.8243789999999933
21
-77.2932409999999948
0
LINE
8
BLACK
6
CONTINUOUS
10
90.8243789999999933
20
-77.2932409999999948
11
91.048845
21
-77.1788700000000034
0
LINE
8
BLACK
6
CONTINUOUS
10
91.048845
20
-77.1788700000000034
11
91.2526560000000018
21
-77.0307930000000027
0
LINE
8
BLACK
6
CONTINUOUS
10
91.2526560000000018
20
-77.0307930000000027
11
91.4307929999999942
21
-76.8526559999999961
0
LINE
8
BLACK
6
CONTINUOUS
10
91.4307929999999942
20
-76.8526559999999961
11
91.5788699999999949
21
-76.6488449999999943
0
LINE
8
BLACK
6
CONTINUOUS
10
91.5788699999999949
20
-76.6488449999999943
11
91.6932410000000004
21
-76.4243790000000018
0
LINE
8
BLACK
6
CONTINUOUS
10
91.6932410000000004
20
-76.4243790000000018
11
91.7710900000000009
21
-76.1847849999999909
0
LINE
8
BLACK
6
CONTINUOUS
10
91.7710900000000009
20
-76.1847849999999909
11
91.8104999999999905
21
-75.9359620000000035
0
LINE
8
BLACK
6
CONTINUOUS
10
91.8104999999999905
20
-75.9359620000000035
11
91.8104999999999905
21
-75.684038000000001
0
LINE
8
BLACK
6
CONTINUOUS
10
91.8104999999999905
20
-75.684038000000001
11
91.7710900000000009
21
-75.4352149999999995
0
LINE
8
BLACK
6
CONTINUOUS
10
91.7710900000000009
20
-75.4352149999999995
11
91.6932410000000004
21
-75.1956210000000027
0
LINE
8
BLACK
6
CONTINUOUS
10
91.6932410000000004
20
-75.1956210000000027
11
91.6932389999999913
21
-75.1956179999999961
0
LINE
8
BLACK
6
CONTINUOUS
10
91.6932389999999913
20
-75.1956179999999961
11
91.6932389999999913
21
-75.1956160000000011
0
LINE
8
BLACK
6
CONTINUOUS
10
91.6932389999999913
20
-75.1956160000000011
11
91.6517470000000003
21
-75.1141839999999945
0
LINE
8
BLACK
6
CONTINUOUS
10
91.6517470000000003
20
-75.1141839999999945
11
91.5788699999999949
21
-74.971154999999996
0
LINE
8
BLACK
6
CONTINUOUS
10
91.5788699999999949
20
-74.971154999999996
11
91.5599519999999956
21
-74.9451169999999962
0
LINE
8
BLACK
6
CONTINUOUS
10
91.5599519999999956
20
-74.9451169999999962
11
91.4307979999999958
21
-74.7673499999999933
0
LINE
8
BLACK
6
CONTINUOUS
10
91.4307979999999958
20
-74.7673499999999933
11
91.4307939999999917
21
-74.7673449999999917
0
LINE
8
BLACK
6
CONTINUOUS
10
91.4307939999999917
20
-74.7673449999999917
11
91.2911299999999954
21
-74.6276809999999955
0
LINE
8
BLACK
6
CONTINUOUS
10
91.2911299999999954
20
-74.6276809999999955
11
91.2576449999999966
21
-74.5663579999999939
0
LINE
8
BLACK
6
CONTINUOUS
10
91.2576449999999966
20
-74.5663579999999939
11
91.2626289999999898
21
-74.4966659999999905
0
LINE
8
BLACK
6
CONTINUOUS
10
91.2626289999999898
20
-74.4966659999999905
11
91.2911299999999954
21
-74.4523190000000028
0
LINE
8
BLACK
6
CONTINUOUS
10
91.2911299999999954
20
-74.4523190000000028
11
91.343948999999995
21
-74.3995000000000033
0
LINE
8
BLACK
6
CONTINUOUS
10
91.343948999999995
20
-74.3995000000000033
11
91.4307929999999942
21
-74.3126559999999898
0
LINE
8
BLACK
6
CONTINUOUS
10
91.4307929999999942
20
-74.3126559999999898
11
91.5788699999999949
21
-74.1088450000000023
0
LINE
8
BLACK
6
CONTINUOUS
10
91.5788699999999949
20
-74.1088450000000023
11
91.6932410000000004
21
-73.8843789999999956
0
LINE
8
BLACK
6
CONTINUOUS
10
91.6932410000000004
20
-73.8843789999999956
11
91.7710900000000009
21
-73.6447849999999988
0
LINE
8
BLACK
6
CONTINUOUS
10
91.7710900000000009
20
-73.6447849999999988
11
91.8104999999999905
21
-73.3959619999999973
0
LINE
8
BLACK
6
CONTINUOUS
10
91.8104999999999905
20
-73.3959619999999973
11
91.8104999999999905
21
-73.1440379999999948
0
LINE
8
BLACK
6
CONTINUOUS
10
91.8104999999999905
20
-73.1440379999999948
11
91.7710900000000009
21
-72.8952149999999932
0
LINE
8
BLACK
6
CONTINUOUS
10
91.7710900000000009
20
-72.8952149999999932
11
91.6932410000000004
21
-72.6556209999999965
0
LINE
8
BLACK
6
CONTINUOUS
10
91.6932410000000004
20
-72.6556209999999965
11
91.6932389999999913
21
-72.6556179999999898
0
LINE
8
BLACK
6
CONTINUOUS
10
91.6932389999999913
20
-72.6556179999999898
11
91.6932389999999913
21
-72.6556159999999949
0
LINE
8
BLACK
6
CONTINUOUS
10
91.6932389999999913
20
-72.6556159999999949
11
91.6517470000000003
21
-72.5741840000000025
0
LINE
8
BLACK
6
CONTINUOUS
10
91.6517470000000003
20
-72.5741840000000025
11
91.5788699999999949
21
-72.4311549999999897
0
LINE
8
BLACK
6
CONTINUOUS
10
91.5788699999999949
20
-72.4311549999999897
11
91.5599519999999956
21
-72.40511699999999
0
LINE
8
BLACK
6
CONTINUOUS
10
91.5599519999999956
20
-72.40511699999999
11
91.4307979999999958
21
-72.2273500000000013
0
LINE
8
BLACK
6
CONTINUOUS
10
91.4307979999999958
20
-72.2273500000000013
11
91.4307939999999917
21
-72.2273449999999997
0
LINE
8
BLACK
6
CONTINUOUS
10
91.4307939999999917
20
-72.2273449999999997
11
91.2911299999999954
21
-72.0876810000000035
0
LINE
8
BLACK
6
CONTINUOUS
10
91.2911299999999954
20
-72.0876810000000035
11
91.2576449999999966
21
-72.0263580000000019
0
LINE
8
BLACK
6
CONTINUOUS
10
91.2576449999999966
20
-72.0263580000000019
11
91.2626289999999898
21
-71.9566659999999985
0
LINE
8
BLACK
6
CONTINUOUS
10
91.2626289999999898
20
-71.9566659999999985
11
91.2911299999999954
21
-71.9123189999999965
0
LINE
8
BLACK
6
CONTINUOUS
10
91.2911299999999954
20
-71.9123189999999965
11
91.4307929999999942
21
-71.7726559999999978
0
LINE
8
BLACK
6
CONTINUOUS
10
91.4307929999999942
20
-71.7726559999999978
11
91.5788699999999949
21
-71.568844999999996
0
LINE
8
BLACK
6
CONTINUOUS
10
91.5788699999999949
20
-71.568844999999996
11
91.6932410000000004
21
-71.3443790000000035
0
LINE
8
BLACK
6
CONTINUOUS
10
91.6932410000000004
20
-71.3443790000000035
11
91.7710900000000009
21
-71.1047849999999926
0
LINE
8
BLACK
6
CONTINUOUS
10
91.7710900000000009
20
-71.1047849999999926
11
91.8104999999999905
21
-70.855961999999991
0
LINE
8
BLACK
6
CONTINUOUS
10
91.8104999999999905
20
-70.855961999999991
11
91.8104999999999905
21
-70.6040380000000027
0
LINE
8
BLACK
6
CONTINUOUS
10
91.8104999999999905
20
-70.6040380000000027
11
91.7710900000000009
21
-70.3552150000000012
0
LINE
8
BLACK
6
CONTINUOUS
10
91.7710900000000009
20
-70.3552150000000012
11
91.6932410000000004
21
-70.1156209999999902
0
LINE
8
BLACK
6
CONTINUOUS
10
91.6932410000000004
20
-70.1156209999999902
11
91.6932389999999913
21
-70.1156179999999978
0
LINE
8
BLACK
6
CONTINUOUS
10
91.6932389999999913
20
-70.1156179999999978
11
91.6932389999999913
21
-70.1156160000000028
0
LINE
8
BLACK
6
CONTINUOUS
10
91.6932389999999913
20
-70.1156160000000028
11
91.6517470000000003
21
-70.0341839999999962
0
LINE
8
BLACK
6
CONTINUOUS
10
91.6517470000000003
20
-70.0341839999999962
11
91.5788699999999949
21
-69.8911549999999977
0
LINE
8
BLACK
6
CONTINUOUS
10
91.5788699999999949
20
-69.8911549999999977
11
91.5682269999999932
21
-69.876505999999992
0
LINE
8
BLACK
6
CONTINUOUS
10
91.5682269999999932
20
-69.876505999999992
11
91.4308240000000012
21
-69.6873849999999919
0
LINE
8
BLACK
6
CONTINUOUS
10
91.4308240000000012
20
-69.6873849999999919
11
91.4073439999999948
21
-69.621578999999997
0
LINE
8
BLACK
6
CONTINUOUS
10
91.4073439999999948
20
-69.621578999999997
11
91.4231699999999989
21
-69.5535249999999934
0
LINE
8
BLACK
6
CONTINUOUS
10
91.4231699999999989
20
-69.5535249999999934
11
91.4732759999999985
21
-69.5048299999999983
0
LINE
8
BLACK
6
CONTINUOUS
10
91.4732759999999985
20
-69.5048299999999983
11
91.5311420000000027
21
-69.4904999999999973
0
LINE
8
BLACK
6
CONTINUOUS
10
91.5311420000000027
20
-69.4904999999999973
11
92.4140510000000006
21
-69.4904999999999973
0
LINE
8
BLACK
6
CONTINUOUS
10
92.4140510000000006
20
-69.4904999999999973
11
92.4140519999999981
21
-69.4904999999999973
0
LINE
8
BLACK
6
CONTINUOUS
10
92.4140519999999981
20
-69.4904999999999973
11
92.6162339999999915
21
-69.458477000000002
0
LINE
8
BLACK
6
CONTINUOUS
10
92.6162339999999915
20
-69.458477000000002
11
92.8109189999999984
21
-69.3952199999999948
0
LINE
8
BLACK
6
CONTINUOUS
10
92.8109189999999984
20
-69.3952199999999948
11
92.9933099999999939
21
-69.3022869999999926
0
LINE
8
BLACK
6
CONTINUOUS
10
92.9933099999999939
20
-69.3022869999999926
11
93.0891589999999951
21
-69.232648999999995
0
LINE
8
BLACK
6
CONTINUOUS
10
93.0891589999999951
20
-69.232648999999995
11
93.1589129999999983
21
-69.1819709999999901
0
LINE
8
BLACK
6
CONTINUOUS
10
93.1589129999999983
20
-69.1819709999999901
11
93.1589149999999933
21
-69.1819679999999977
0
LINE
8
BLACK
6
CONTINUOUS
10
93.1589149999999933
20
-69.1819679999999977
11
93.1589189999999974
21
-69.1819660000000027
0
LINE
8
BLACK
6
CONTINUOUS
10
93.1589189999999974
20
-69.1819660000000027
11
93.3036659999999927
21
-69.0372189999999932
0
LINE
8
BLACK
6
CONTINUOUS
10
93.3036659999999927
20
-69.0372189999999932
11
93.3036680000000018
21
-69.0372150000000033
0
LINE
8
BLACK
6
CONTINUOUS
10
93.3036680000000018
20
-69.0372150000000033
11
93.3036709999999943
21
-69.0372129999999942
0
LINE
8
BLACK
6
CONTINUOUS
10
93.3036709999999943
20
-69.0372129999999942
11
93.3699889999999897
21
-68.9459319999999991
0
LINE
8
BLACK
6
CONTINUOUS
10
93.3699889999999897
20
-68.9459319999999991
11
93.4239869999999968
21
-68.8716099999999898
0
LINE
8
BLACK
6
CONTINUOUS
10
93.4239869999999968
20
-68.8716099999999898
11
93.5169199999999989
21
-68.6892189999999943
0
LINE
8
BLACK
6
CONTINUOUS
10
93.5169199999999989
20
-68.6892189999999943
11
93.5801769999999919
21
-68.4945340000000016
0
LINE
8
BLACK
6
CONTINUOUS
10
93.5801769999999919
20
-68.4945340000000016
11
93.6122000000000014
21
-68.292351999999994
0
LINE
8
BLACK
6
CONTINUOUS
10
93.6122000000000014
20
-68.292351999999994
11
93.6122000000000014
21
-63.8605529999999959
0
LINE
8
BLACK
6
CONTINUOUS
10
93.6122000000000014
20
-63.8605529999999959
11
93.6122000000000014
21
-60.7783449999999945
0
LINE
8
BLACK
6
CONTINUOUS
10
93.6122000000000014
20
-60.7783449999999945
11
93.6318849999999969
21
-60.7113060000000004
0
LINE
8
BLACK
6
CONTINUOUS
10
93.6318849999999969
20
-60.7113060000000004
11
93.6485139999999916
21
-60.6906689999999998
0
LINE
8
BLACK
6
CONTINUOUS
10
93.6485139999999916
20
-60.6906689999999998
11
96.412319999999994
21
-57.9268619999999999
0
LINE
8
BLACK
6
CONTINUOUS
10
96.412319999999994
20
-57.9268619999999999
11
96.4736410000000006
21
-57.8933789999999959
0
LINE
8
BLACK
6
CONTINUOUS
10
96.4736410000000006
20
-57.8933789999999959
11
96.5433329999999899
21
-57.8983629999999962
0
LINE
8
BLACK
6
CONTINUOUS
10
96.5433329999999899
20
-57.8983629999999962
11
96.5876769999999993
21
-57.9268619999999999
0
LINE
8
BLACK
6
CONTINUOUS
10
96.5876769999999993
20
-57.9268619999999999
11
97.1072389999999928
21
-58.4464229999999958
0
LINE
8
BLACK
6
CONTINUOUS
10
97.1072389999999928
20
-58.4464229999999958
11
97.6066079999999943
21
-58.9457919999999973
0
LINE
8
BLACK
6
CONTINUOUS
10
97.6066079999999943
20
-58.9457919999999973
11
97.6066220000000015
21
-58.945806999999995
0
LINE
8
BLACK
6
CONTINUOUS
10
97.6066220000000015
20
-58.945806999999995
11
97.6097329999999914
21
-58.948917999999999
0
LINE
8
BLACK
6
CONTINUOUS
10
97.6097329999999914
20
-58.948917999999999
11
97.6097339999999889
21
-58.9489189999999965
0
LINE
8
BLACK
6
CONTINUOUS
10
97.6097339999999889
20
-58.9489189999999965
11
97.7544809999999984
21
-59.0936659999999989
0
LINE
8
BLACK
6
CONTINUOUS
10
97.7544809999999984
20
-59.0936659999999989
11
97.7544839999999908
21
-59.0936679999999939
0
LINE
8
BLACK
6
CONTINUOUS
10
97.7544839999999908
20
-59.0936679999999939
11
97.7544869999999975
21
-59.0936710000000005
0
LINE
8
BLACK
6
CONTINUOUS
10
97.7544869999999975
20
-59.0936710000000005
11
97.8400369999999953
21
-59.1558250000000001
0
LINE
8
BLACK
6
CONTINUOUS
10
97.8400369999999953
20
-59.1558250000000001
11
97.8765479999999997
21
-59.1823519999999945
0
LINE
8
BLACK
6
CONTINUOUS
10
97.8765479999999997
20
-59.1823519999999945
11
97.9200900000000019
21
-59.2139869999999959
0
LINE
8
BLACK
6
CONTINUOUS
10
97.9200900000000019
20
-59.2139869999999959
11
98.0069349999999986
21
-59.2582369999999941
0
LINE
8
BLACK
6
CONTINUOUS
10
98.0069349999999986
20
-59.2582369999999941
11
98.1024809999999974
21
-59.3069209999999956
0
LINE
8
BLACK
6
CONTINUOUS
10
98.1024809999999974
20
-59.3069209999999956
11
98.1024839999999898
21
-59.3069220000000001
0
LINE
8
BLACK
6
CONTINUOUS
10
98.1024839999999898
20
-59.3069220000000001
11
98.199821
21
-59.3385479999999959
0
LINE
8
BLACK
6
CONTINUOUS
10
98.199821
20
-59.3385479999999959
11
98.29716599999999
21
-59.3701769999999982
0
LINE
8
BLACK
6
CONTINUOUS
10
98.29716599999999
20
-59.3701769999999982
11
98.4993479999999977
21
-59.4022000000000006
0
LINE
8
BLACK
6
CONTINUOUS
10
98.4993479999999977
20
-59.4022000000000006
11
98.4993489999999952
21
-59.4022000000000006
0
LINE
8
BLACK
6
CONTINUOUS
10
98.4993489999999952
20
-59.4022000000000006
11
102.4729509999999948
21
-59.4022000000000006
0
LINE
8
BLACK
6
CONTINUOUS
10
102.4729509999999948
20
-59.4022000000000006
11
102.4729519999999923
21
-59.4022000000000006
0
LINE
8
BLACK
6
CONTINUOUS
10
102.4729519999999923
20
-59.4022000000000006
11
102.6751349999999974
21
-59.3701769999999982
0
LINE
8
BLACK
6
CONTINUOUS
10
102.6751349999999974
20
-59.3701769999999982
11
102.7627030000000019
21
-59.3417229999999947
0
LINE
8
BLACK
6
CONTINUOUS
10
102.7627030000000019
20
-59.3417229999999947
11
102.7678259999999995
21
-59.3400589999999966
0
LINE
8
BLACK
6
CONTINUOUS
10
102.7678259999999995
20
-59.3400589999999966
11
102.7678259999999995
21
-59.3400579999999991
0
LINE
8
BLACK
6
CONTINUOUS
10
102.7678259999999995
20
-59.3400579999999991
11
102.7724759999999975
21
-59.3385479999999959
0
LINE
8
BLACK
6
CONTINUOUS
10
102.7724759999999975
20
-59.3385479999999959
11
102.8698189999999926
21
-59.3069199999999981
0
LINE
8
BLACK
6
CONTINUOUS
10
102.8698189999999926
20
-59.3069199999999981
11
102.9610139999999916
21
-59.2604529999999983
0
LINE
8
BLACK
6
CONTINUOUS
10
102.9610139999999916
20
-59.2604529999999983
11
103.0522109999999998
21
-59.2139869999999959
0
LINE
8
BLACK
6
CONTINUOUS
10
103.0522109999999998
20
-59.2139869999999959
11
103.2178189999999915
21
-59.0936659999999989
0
LINE
8
BLACK
6
CONTINUOUS
10
103.2178189999999915
20
-59.0936659999999989
11
112.054665
21
-50.2568179999999955
0
LINE
8
BLACK
6
CONTINUOUS
10
112.054665
20
-50.2568179999999955
11
112.1159880000000015
21
-50.2233340000000013
0
LINE
8
BLACK
6
CONTINUOUS
10
112.1159880000000015
20
-50.2233340000000013
11
112.1423459999999892
21
-50.2205000000000013
0
LINE
8
BLACK
6
CONTINUOUS
10
112.1423459999999892
20
-50.2205000000000013
11
123.4191900000000004
21
-50.2205000000000013
0
LINE
8
BLACK
6
CONTINUOUS
10
123.4191900000000004
20
-50.2205000000000013
11
123.4491579999999971
21
-50.2292989999999975
0
LINE
8
BLACK
6
CONTINUOUS
10
123.4491579999999971
20
-50.2292989999999975
11
123.4796240000000012
21
-50.236224
0
LINE
8
BLACK
6
CONTINUOUS
10
123.4796240000000012
20
-50.236224
11
123.4832699999999903
21
-50.2393159999999952
0
LINE
8
BLACK
6
CONTINUOUS
10
123.4832699999999903
20
-50.2393159999999952
11
123.4862289999999945
21
-50.2401849999999968
0
LINE
8
BLACK
6
CONTINUOUS
10
123.4862289999999945
20
-50.2401849999999968
11
123.5076809999999909
21
-50.257635999999998
0
LINE
8
BLACK
6
CONTINUOUS
10
123.5076809999999909
20
-50.257635999999998
11
123.5168859999999995
21
-50.2670129999999986
0
LINE
8
BLACK
6
CONTINUOUS
10
123.5168859999999995
20
-50.2670129999999986
11
123.5201840000000004
21
-50.2722619999999978
0
LINE
8
BLACK
6
CONTINUOUS
10
123.5201840000000004
20
-50.2722619999999978
11
123.6210119999999932
21
-50.3730899999999977
0
LINE
8
BLACK
6
CONTINUOUS
10
123.6210119999999932
20
-50.3730899999999977
11
123.6213860000000011
21
-50.373470999999995
0
LINE
8
BLACK
6
CONTINUOUS
10
123.6213860000000011
20
-50.373470999999995
11
123.6376109999999926
21
-50.403850999999996
0
LINE
8
BLACK
6
CONTINUOUS
10
123.6376109999999926
20
-50.403850999999996
11
123.6540609999999987
21
-50.4339769999999987
0
LINE
8
BLACK
6
CONTINUOUS
10
123.6540609999999987
20
-50.4339769999999987
11
123.6540179999999935
21
-50.4345719999999957
0
LINE
8
BLACK
6
CONTINUOUS
10
123.6540179999999935
20
-50.4345719999999957
11
123.6543009999999896
21
-50.4351020000000005
0
LINE
8
BLACK
6
CONTINUOUS
10
123.6543009999999896
20
-50.4351020000000005
11
123.6515269999999873
21
-50.4694089999999989
0
LINE
8
BLACK
6
CONTINUOUS
10
123.6515269999999873
20
-50.4694089999999989
11
123.6490769999999912
21
-50.503668999999995
0
LINE
8
BLACK
6
CONTINUOUS
10
123.6490769999999912
20
-50.503668999999995
11
123.648699999999991
21
-50.5043699999999944
0
LINE
8
BLACK
6
CONTINUOUS
10
123.648699999999991
20
-50.5043699999999944
11
123.6486699999999956
21
-50.5047449999999998
0
LINE
8
BLACK
6
CONTINUOUS
10
123.6486699999999956
20
-50.5047449999999998
11
123.6480940000000004
21
-50.5054979999999958
0
LINE
8
BLACK
6
CONTINUOUS
10
123.6480940000000004
20
-50.5054979999999958
11
123.6332139999999953
21
-50.5332189999999954
0
LINE
8
BLACK
6
CONTINUOUS
10
123.6332139999999953
20
-50.5332189999999954
11
123.588366999999991
21
-50.5949460000000002
0
LINE
8
BLACK
6
CONTINUOUS
10
123.588366999999991
20
-50.5949460000000002
11
123.4704219999999992
21
-50.8264229999999984
0
LINE
8
BLACK
6
CONTINUOUS
10
123.4704219999999992
20
-50.8264229999999984
11
123.3901399999999882
21
-51.0735059999999947
0
LINE
8
BLACK
6
CONTINUOUS
10
123.3901399999999882
20
-51.0735059999999947
11
123.3494999999999919
21
-51.330096999999995
0
LINE
8
BLACK
6
CONTINUOUS
10
123.3494999999999919
20
-51.330096999999995
11
123.3494999999999919
21
-51.589901999999995
0
LINE
8
BLACK
6
CONTINUOUS
10
123.3494999999999919
20
-51.589901999999995
11
123.3901399999999882
21
-51.8464929999999953
0
LINE
8
BLACK
6
CONTINUOUS
10
123.3901399999999882
20
-51.8464929999999953
11
123.4704219999999992
21
-52.0935759999999988
0
LINE
8
BLACK
6
CONTINUOUS
10
123.4704219999999992
20
-52.0935759999999988
11
123.5883679999999885
21
-52.3250539999999944
0
LINE
8
BLACK
6
CONTINUOUS
10
123.5883679999999885
20
-52.3250539999999944
11
123.7410659999999893
21
-52.535224999999997
0
LINE
8
BLACK
6
CONTINUOUS
10
123.7410659999999893
20
-52.535224999999997
11
123.7410709999999909
21
-52.535230999999996
0
LINE
8
BLACK
6
CONTINUOUS
10
123.7410709999999909
20
-52.535230999999996
11
123.8481589999999954
21
-52.6423190000000005
0
LINE
8
BLACK
6
CONTINUOUS
10
123.8481589999999954
20
-52.6423190000000005
11
123.8816439999999943
21
-52.703641999999995
0
LINE
8
BLACK
6
CONTINUOUS
10
123.8816439999999943
20
-52.703641999999995
11
123.8766600000000011
21
-52.7733339999999984
0
LINE
8
BLACK
6
CONTINUOUS
10
123.8766600000000011
20
-52.7733339999999984
11
123.8481589999999954
21
-52.8176810000000003
0
LINE
8
BLACK
6
CONTINUOUS
10
123.8481589999999954
20
-52.8176810000000003
11
123.7410709999999909
21
-52.9247680000000003
0
LINE
8
BLACK
6
CONTINUOUS
10
123.7410709999999909
20
-52.9247680000000003
11
123.7410659999999893
21
-52.9247739999999993
0
LINE
8
BLACK
6
CONTINUOUS
10
123.7410659999999893
20
-52.9247739999999993
11
123.5883679999999885
21
-53.1349449999999948
0
LINE
8
BLACK
6
CONTINUOUS
10
123.5883679999999885
20
-53.1349449999999948
11
123.4704219999999992
21
-53.3664229999999975
0
LINE
8
BLACK
6
CONTINUOUS
10
123.4704219999999992
20
-53.3664229999999975
11
123.3901399999999882
21
-53.613506000000001
0
LINE
8
BLACK
6
CONTINUOUS
10
123.3901399999999882
20
-53.613506000000001
11
123.3494999999999919
21
-53.8700969999999941
0
LINE
8
BLACK
6
CONTINUOUS
10
123.3494999999999919
20
-53.8700969999999941
11
123.3494999999999919
21
-54.1299019999999942
0
LINE
8
BLACK
6
CONTINUOUS
10
123.3494999999999919
20
-54.1299019999999942
11
123.3901399999999882
21
-54.3864929999999944
0
LINE
8
BLACK
6
CONTINUOUS
10
123.3901399999999882
20
-54.3864929999999944
11
123.4704219999999992
21
-54.6335759999999979
0
LINE
8
BLACK
6
CONTINUOUS
10
123.4704219999999992
20
-54.6335759999999979
11
123.5883679999999885
21
-54.8650540000000007
0
LINE
8
BLACK
6
CONTINUOUS
10
123.5883679999999885
20
-54.8650540000000007
11
123.7410659999999893
21
-55.0752249999999961
0
LINE
8
BLACK
6
CONTINUOUS
10
123.7410659999999893
20
-55.0752249999999961
11
123.7410709999999909
21
-55.0752309999999952
0
LINE
8
BLACK
6
CONTINUOUS
10
123.7410709999999909
20
-55.0752309999999952
11
123.8481589999999954
21
-55.1823189999999997
0
LINE
8
BLACK
6
CONTINUOUS
10
123.8481589999999954
20
-55.1823189999999997
11
123.8816439999999943
21
-55.2436419999999941
0
LINE
8
BLACK
6
CONTINUOUS
10
123.8816439999999943
20
-55.2436419999999941
11
123.8766600000000011
21
-55.3133339999999976
0
LINE
8
BLACK
6
CONTINUOUS
10
123.8766600000000011
20
-55.3133339999999976
11
123.8481589999999954
21
-55.3576809999999995
0
LINE
8
BLACK
6
CONTINUOUS
10
123.8481589999999954
20
-55.3576809999999995
11
123.7410709999999909
21
-55.4647679999999994
0
LINE
8
BLACK
6
CONTINUOUS
10
123.7410709999999909
20
-55.4647679999999994
11
123.7410659999999893
21
-55.4647739999999985
0
LINE
8
BLACK
6
CONTINUOUS
10
123.7410659999999893
20
-55.4647739999999985
11
123.5883679999999885
21
-55.674945000000001
0
LINE
8
BLACK
6
CONTINUOUS
10
123.5883679999999885
20
-55.674945000000001
11
123.4704219999999992
21
-55.9064229999999966
0
LINE
8
BLACK
6
CONTINUOUS
10
123.4704219999999992
20
-55.9064229999999966
11
123.3901399999999882
21
-56.1535060000000001
0
LINE
8
BLACK
6
CONTINUOUS
10
123.3901399999999882
20
-56.1535060000000001
11
123.3494999999999919
21
-56.4100970000000004
0
LINE
8
BLACK
6
CONTINUOUS
10
123.3494999999999919
20
-56.4100970000000004
11
123.3494999999999919
21
-56.6699020000000004
0
LINE
8
BLACK
6
CONTINUOUS
10
123.3494999999999919
20
-56.6699020000000004
11
123.3901399999999882
21
-56.9264930000000007
0
LINE
8
BLACK
6
CONTINUOUS
10
123.3901399999999882
20
-56.9264930000000007
11
123.4704219999999992
21
-57.1735759999999971
0
LINE
8
BLACK
6
CONTINUOUS
10
123.4704219999999992
20
-57.1735759999999971
11
123.5883679999999885
21
-57.4050539999999998
0
LINE
8
BLACK
6
CONTINUOUS
10
123.5883679999999885
20
-57.4050539999999998
11
123.7410659999999893
21
-57.6152249999999952
0
LINE
8
BLACK
6
CONTINUOUS
10
123.7410659999999893
20
-57.6152249999999952
11
123.7410709999999909
21
-57.6152309999999943
0
LINE
8
BLACK
6
CONTINUOUS
10
123.7410709999999909
20
-57.6152309999999943
11
123.8481589999999954
21
-57.7223189999999988
0
LINE
8
BLACK
6
CONTINUOUS
10
123.8481589999999954
20
-57.7223189999999988
11
123.8816439999999943
21
-57.7836420000000004
0
LINE
8
BLACK
6
CONTINUOUS
10
123.8816439999999943
20
-57.7836420000000004
11
123.8766600000000011
21
-57.8533339999999967
0
LINE
8
BLACK
6
CONTINUOUS
10
123.8766600000000011
20
-57.8533339999999967
11
123.8481589999999954
21
-57.8976809999999986
0
LINE
8
BLACK
6
CONTINUOUS
10
123.8481589999999954
20
-57.8976809999999986
11
123.7410709999999909
21
-58.0047679999999986
0
LINE
8
BLACK
6
CONTINUOUS
10
123.7410709999999909
20
-58.0047679999999986
11
123.7410659999999893
21
-58.0047739999999976
0
LINE
8
BLACK
6
CONTINUOUS
10
123.7410659999999893
20
-58.0047739999999976
11
123.5883679999999885
21
-58.2149450000000002
0
LINE
8
BLACK
6
CONTINUOUS
10
123.5883679999999885
20
-58.2149450000000002
11
123.4704219999999992
21
-58.4464229999999958
0
LINE
8
BLACK
6
CONTINUOUS
10
123.4704219999999992
20
-58.4464229999999958
11
123.3901399999999882
21
-58.6935059999999993
0
LINE
8
BLACK
6
CONTINUOUS
10
123.3901399999999882
20
-58.6935059999999993
11
123.3494999999999919
21
-58.9500969999999995
0
LINE
8
BLACK
6
CONTINUOUS
10
123.3494999999999919
20
-58.9500969999999995
11
123.3494999999999919
21
-59.2099019999999996
0
LINE
8
BLACK
6
CONTINUOUS
10
123.3494999999999919
20
-59.2099019999999996
11
123.3901399999999882
21
-59.4664929999999998
0
LINE
8
BLACK
6
CONTINUOUS
10
123.3901399999999882
20
-59.4664929999999998
11
123.4704219999999992
21
-59.7135759999999962
0
LINE
8
BLACK
6
CONTINUOUS
10
123.4704219999999992
20
-59.7135759999999962
11
123.5515339999999895
21
-59.8727639999999965
0
LINE
8
BLACK
6
CONTINUOUS
10
123.5515339999999895
20
-59.8727639999999965
11
123.5883659999999935
21
-59.9450509999999994
0
LINE
8
BLACK
6
CONTINUOUS
10
123.5883659999999935
20
-59.9450509999999994
11
123.741068999999996
21
-60.1552289999999985
0
LINE
8
BLACK
6
CONTINUOUS
10
123.741068999999996
20
-60.1552289999999985
11
123.9247709999999927
21
-60.3389309999999952
0
LINE
8
BLACK
6
CONTINUOUS
10
123.9247709999999927
20
-60.3389309999999952
11
124.1349489999999918
21
-60.4916339999999977
0
LINE
8
BLACK
6
CONTINUOUS
10
124.1349489999999918
20
-60.4916339999999977
11
124.2824449999999956
21
-60.5667869999999979
0
LINE
8
BLACK
6
CONTINUOUS
10
124.2824449999999956
20
-60.5667869999999979
11
124.3664229999999975
21
-60.6095769999999945
0
LINE
8
BLACK
6
CONTINUOUS
10
124.3664229999999975
20
-60.6095769999999945
11
124.3664249999999925
21
-60.6095769999999945
0
LINE
8
BLACK
6
CONTINUOUS
10
124.3664249999999925
20
-60.6095769999999945
11
124.3664279999999991
21
-60.6095789999999965
0
LINE
8
BLACK
6
CONTINUOUS
10
124.3664279999999991
20
-60.6095789999999965
11
124.6135069999999985
21
-60.6898599999999959
0
LINE
8
BLACK
6
CONTINUOUS
10
124.6135069999999985
20
-60.6898599999999959
11
124.7457059999999984
21
-60.7107969999999995
0
LINE
8
BLACK
6
CONTINUOUS
10
124.7457059999999984
20
-60.7107969999999995
11
124.8700979999999987
21
-60.7304999999999993
0
LINE
8
BLACK
6
CONTINUOUS
10
124.8700979999999987
20
-60.7304999999999993
11
124.8701030000000003
21
-60.7304999999999993
0
LINE
8
BLACK
6
CONTINUOUS
10
124.8701030000000003
20
-60.7304999999999993
11
125.1299020000000013
21
-60.7304999999999993
0
LINE
8
BLACK
6
CONTINUOUS
10
125.1299020000000013
20
-60.7304999999999993
11
125.2432979999999958
21
-60.7125389999999996
0
LINE
8
BLACK
6
CONTINUOUS
10
125.2432979999999958
20
-60.7125389999999996
11
125.3864929999999873
21
-60.6898599999999959
0
LINE
8
BLACK
6
CONTINUOUS
10
125.3864929999999873
20
-60.6898599999999959
11
125.6335720000000009
21
-60.6095789999999965
0
LINE
8
BLACK
6
CONTINUOUS
10
125.6335720000000009
20
-60.6095789999999965
11
125.865050999999994
21
-60.4916339999999977
0
LINE
8
BLACK
6
CONTINUOUS
10
125.865050999999994
20
-60.4916339999999977
11
126.0752289999999931
21
-60.3389309999999952
0
LINE
8
BLACK
6
CONTINUOUS
10
126.0752289999999931
20
-60.3389309999999952
11
126.2589309999999898
21
-60.1552289999999985
0
LINE
8
BLACK
6
CONTINUOUS
10
126.2589309999999898
20
-60.1552289999999985
11
126.4116339999999923
21
-59.9450509999999994
0
LINE
8
BLACK
6
CONTINUOUS
10
126.4116339999999923
20
-59.9450509999999994
11
126.5295789999999982
21
-59.7135719999999992
0
LINE
8
BLACK
6
CONTINUOUS
10
126.5295789999999982
20
-59.7135719999999992
11
126.6098599999999976
21
-59.4664929999999998
0
LINE
8
BLACK
6
CONTINUOUS
10
126.6098599999999976
20
-59.4664929999999998
11
126.6428439999999966
21
-59.2582369999999941
0
LINE
8
BLACK
6
CONTINUOUS
10
126.6428439999999966
20
-59.2582369999999941
11
126.6504999999999939
21
-59.2099019999999996
0
LINE
8
BLACK
6
CONTINUOUS
10
126.6504999999999939
20
-59.2099019999999996
11
126.6504999999999939
21
-58.9500969999999995
0
LINE
8
BLACK
6
CONTINUOUS
10
126.6504999999999939
20
-58.9500969999999995
11
126.6289469999999966
21
-58.8140209999999968
0
LINE
8
BLACK
6
CONTINUOUS
10
126.6289469999999966
20
-58.8140209999999968
11
126.6098599999999976
21
-58.6935069999999968
0
LINE
8
BLACK
6
CONTINUOUS
10
126.6098599999999976
20
-58.6935069999999968
11
126.5295789999999982
21
-58.4464279999999974
0
LINE
8
BLACK
6
CONTINUOUS
10
126.5295789999999982
20
-58.4464279999999974
11
126.5295769999999891
21
-58.4464249999999979
0
LINE
8
BLACK
6
CONTINUOUS
10
126.5295769999999891
20
-58.4464249999999979
11
126.5295769999999891
21
-58.4464229999999958
0
LINE
8
BLACK
6
CONTINUOUS
10
126.5295769999999891
20
-58.4464229999999958
11
126.4867869999999925
21
-58.3624449999999939
0
LINE
8
BLACK
6
CONTINUOUS
10
126.4867869999999925
20
-58.3624449999999939
11
126.4116339999999923
21
-58.2149489999999972
0
LINE
8
BLACK
6
CONTINUOUS
10
126.4116339999999923
20
-58.2149489999999972
11
126.2589309999999898
21
-58.0047709999999981
0
LINE
8
BLACK
6
CONTINUOUS
10
126.2589309999999898
20
-58.0047709999999981
11
126.1518409999999903
21
-57.8976809999999986
0
LINE
8
BLACK
6
CONTINUOUS
10
126.1518409999999903
20
-57.8976809999999986
11
126.1183559999999915
21
-57.836357999999997
0
LINE
8
BLACK
6
CONTINUOUS
10
126.1183559999999915
20
-57.836357999999997
11
126.1233399999999989
21
-57.7666660000000007
0
LINE
8
BLACK
6
CONTINUOUS
10
126.1233399999999989
20
-57.7666660000000007
11
126.1518409999999903
21
-57.7223189999999988
0
LINE
8
BLACK
6
CONTINUOUS
10
126.1518409999999903
20
-57.7223189999999988
11
126.1949109999999905
21
-57.6792489999999987
0
LINE
8
BLACK
6
CONTINUOUS
10
126.1949109999999905
20
-57.6792489999999987
11
126.2589309999999898
21
-57.6152289999999994
0
LINE
8
BLACK
6
CONTINUOUS
10
126.2589309999999898
20
-57.6152289999999994
11
126.4116339999999923
21
-57.4050510000000003
0
LINE
8
BLACK
6
CONTINUOUS
10
126.4116339999999923
20
-57.4050510000000003
11
126.5295789999999982
21
-57.1735720000000001
0
LINE
8
BLACK
6
CONTINUOUS
10
126.5295789999999982
20
-57.1735720000000001
11
126.6098599999999976
21
-56.9264930000000007
0
LINE
8
BLACK
6
CONTINUOUS
10
126.6098599999999976
20
-56.9264930000000007
11
126.6392290000000003
21
-56.7410599999999974
0
LINE
8
BLACK
6
CONTINUOUS
10
126.6392290000000003
20
-56.7410599999999974
11
126.6504999999999939
21
-56.6699020000000004
0
LINE
8
BLACK
6
CONTINUOUS
10
126.6504999999999939
20
-56.6699020000000004
11
126.6504999999999939
21
-56.4100970000000004
0
LINE
8
BLACK
6
CONTINUOUS
10
126.6504999999999939
20
-56.4100970000000004
11
126.6221979999999974
21
-56.2314079999999947
0
LINE
8
BLACK
6
CONTINUOUS
10
126.6221979999999974
20
-56.2314079999999947
11
126.6098599999999976
21
-56.1535069999999976
0
LINE
8
BLACK
6
CONTINUOUS
10
126.6098599999999976
20
-56.1535069999999976
11
126.5295789999999982
21
-55.9064279999999982
0
LINE
8
BLACK
6
CONTINUOUS
10
126.5295789999999982
20
-55.9064279999999982
11
126.5295769999999891
21
-55.9064249999999987
0
LINE
8
BLACK
6
CONTINUOUS
10
126.5295769999999891
20
-55.9064249999999987
11
126.5295769999999891
21
-55.9064229999999966
0
LINE
8
BLACK
6
CONTINUOUS
10
126.5295769999999891
20
-55.9064229999999966
11
126.459346999999994
21
-55.7685910000000007
0
LINE
8
BLACK
6
CONTINUOUS
10
126.459346999999994
20
-55.7685910000000007
11
126.4116339999999923
21
-55.674948999999998
0
LINE
8
BLACK
6
CONTINUOUS
10
126.4116339999999923
20
-55.674948999999998
11
126.2589309999999898
21
-55.4647709999999989
0
LINE
8
BLACK
6
CONTINUOUS
10
126.2589309999999898
20
-55.4647709999999989
11
126.1518409999999903
21
-55.3576809999999995
0
LINE
8
BLACK
6
CONTINUOUS
10
126.1518409999999903
20
-55.3576809999999995
11
126.1183559999999915
21
-55.2963579999999979
0
LINE
8
BLACK
6
CONTINUOUS
10
126.1183559999999915
20
-55.2963579999999979
11
126.1233399999999989
21
-55.2266659999999945
0
LINE
8
BLACK
6
CONTINUOUS
10
126.1233399999999989
20
-55.2266659999999945
11
126.1518409999999903
21
-55.1823189999999997
0
LINE
8
BLACK
6
CONTINUOUS
10
126.1518409999999903
20
-55.1823189999999997
11
126.1730089999999933
21
-55.1611509999999967
0
LINE
8
BLACK
6
CONTINUOUS
10
126.1730089999999933
20
-55.1611509999999967
11
126.2589309999999898
21
-55.0752290000000002
0
LINE
8
BLACK
6
CONTINUOUS
10
126.2589309999999898
20
-55.0752290000000002
11
126.4116339999999923
21
-54.865050999999994
0
LINE
8
BLACK
6
CONTINUOUS
10
126.4116339999999923
20
-54.865050999999994
11
126.5295789999999982
21
-54.6335720000000009
0
LINE
8
BLACK
6
CONTINUOUS
10
126.5295789999999982
20
-54.6335720000000009
11
126.6098599999999976
21
-54.3864929999999944
0
LINE
8
BLACK
6
CONTINUOUS
10
126.6098599999999976
20
-54.3864929999999944
11
126.6360549999999989
21
-54.2211029999999994
0
LINE
8
BLACK
6
CONTINUOUS
10
126.6360549999999989
20
-54.2211029999999994
11
126.6504999999999939
21
-54.1299019999999942
0
LINE
8
BLACK
6
CONTINUOUS
10
126.6504999999999939
20
-54.1299019999999942
11
126.6504999999999939
21
-53.8700969999999941
0
LINE
8
BLACK
6
CONTINUOUS
10
126.6504999999999939
20
-53.8700969999999941
11
126.6234800000000007
21
-53.6995009999999979
0
LINE
8
BLACK
6
CONTINUOUS
10
126.6234800000000007
20
-53.6995009999999979
11
126.6098599999999976
21
-53.6135069999999985
0
LINE
8
BLACK
6
CONTINUOUS
10
126.6098599999999976
20
-53.6135069999999985
11
126.5295789999999982
21
-53.3664279999999991
0
LINE
8
BLACK
6
CONTINUOUS
10
126.5295789999999982
20
-53.3664279999999991
11
126.5295769999999891
21
-53.3664249999999996
0
LINE
8
BLACK
6
CONTINUOUS
10
126.5295769999999891
20
-53.3664249999999996
11
126.5295769999999891
21
-53.3664229999999975
0
LINE
8
BLACK
6
CONTINUOUS
10
126.5295769999999891
20
-53.3664229999999975
11
126.4867869999999925
21
-53.2824449999999956
0
LINE
8
BLACK
6
CONTINUOUS
10
126.4867869999999925
20
-53.2824449999999956
11
126.4116339999999923
21
-53.1349489999999989
0
LINE
8
BLACK
6
CONTINUOUS
10
126.4116339999999923
20
-53.1349489999999989
11
126.2589309999999898
21
-52.9247709999999998
0
LINE
8
BLACK
6
CONTINUOUS
10
126.2589309999999898
20
-52.9247709999999998
11
126.1518409999999903
21
-52.8176810000000003
0
LINE
8
BLACK
6
CONTINUOUS
10
126.1518409999999903
20
-52.8176810000000003
11
126.1183559999999915
21
-52.7563579999999988
0
LINE
8
BLACK
6
CONTINUOUS
10
126.1183559999999915
20
-52.7563579999999988
11
126.1233399999999989
21
-52.6866659999999953
0
LINE
8
BLACK
6
CONTINUOUS
10
126.1233399999999989
20
-52.6866659999999953
11
126.1518409999999903
21
-52.6423190000000005
0
LINE
8
BLACK
6
CONTINUOUS
10
126.1518409999999903
20
-52.6423190000000005
11
126.2589309999999898
21
-52.5352290000000011
0
LINE
8
BLACK
6
CONTINUOUS
10
126.2589309999999898
20
-52.5352290000000011
11
126.4116339999999923
21
-52.3250509999999949
0
LINE
8
BLACK
6
CONTINUOUS
10
126.4116339999999923
20
-52.3250509999999949
11
126.5295789999999982
21
-52.0935719999999947
0
LINE
8
BLACK
6
CONTINUOUS
10
126.5295789999999982
20
-52.0935719999999947
11
126.6098599999999976
21
-51.8464929999999953
0
LINE
8
BLACK
6
CONTINUOUS
10
126.6098599999999976
20
-51.8464929999999953
11
126.6488209999999981
21
-51.6004999999999967
0
LINE
8
BLACK
6
CONTINUOUS
10
126.6488209999999981
20
-51.6004999999999967
11
126.6504999999999939
21
-51.589901999999995
0
LINE
8
BLACK
6
CONTINUOUS
10
126.6504999999999939
20
-51.589901999999995
11
126.6504999999999939
21
-51.330096999999995
0
LINE
8
BLACK
6
CONTINUOUS
10
126.6504999999999939
20
-51.330096999999995
11
126.6289469999999966
21
-51.1940209999999993
0
LINE
8
BLACK
6
CONTINUOUS
10
126.6289469999999966
20
-51.1940209999999993
11
126.6098599999999976
21
-51.0735069999999993
0
LINE
8
BLACK
6
CONTINUOUS
10
126.6098599999999976
20
-51.0735069999999993
11
126.5295789999999982
21
-50.8264279999999999
0
LINE
8
BLACK
6
CONTINUOUS
10
126.5295789999999982
20
-50.8264279999999999
11
126.5295769999999891
21
-50.8264250000000004
0
LINE
8
BLACK
6
CONTINUOUS
10
126.5295769999999891
20
-50.8264250000000004
11
126.5295769999999891
21
-50.8264229999999984
0
LINE
8
BLACK
6
CONTINUOUS
10
126.5295769999999891
20
-50.8264229999999984
11
126.4116329999999948
21
-50.5949479999999951
0
LINE
8
BLACK
6
CONTINUOUS
10
126.4116329999999948
20
-50.5949479999999951
11
126.4116319999999973
21
-50.5949460000000002
0
LINE
8
BLACK
6
CONTINUOUS
10
126.4116319999999973
20
-50.5949460000000002
11
126.366784999999993
21
-50.5332189999999954
0
LINE
8
BLACK
6
CONTINUOUS
10
126.366784999999993
20
-50.5332189999999954
11
126.3433059999999983
21
-50.4674160000000001
0
LINE
8
BLACK
6
CONTINUOUS
10
126.3433059999999983
20
-50.4674160000000001
11
126.3591309999999908
21
-50.3993619999999964
0
LINE
8
BLACK
6
CONTINUOUS
10
126.3591309999999908
20
-50.3993619999999964
11
126.3794229999999885
21
-50.3726549999999946
0
LINE
8
BLACK
6
CONTINUOUS
10
126.3794229999999885
20
-50.3726549999999946
11
126.4798159999999996
21
-50.2722619999999978
0
LINE
8
BLACK
6
CONTINUOUS
10
126.4798159999999996
20
-50.2722619999999978
11
126.5757890000000003
21
-50.1195219999999964
0
LINE
8
BLACK
6
CONTINUOUS
10
126.5757890000000003
20
-50.1195219999999964
11
126.6353679999999997
21
-49.9492550000000008
0
LINE
8
BLACK
6
CONTINUOUS
10
126.6353679999999997
20
-49.9492550000000008
11
126.6504999999999939
21
-49.8149540000000002
0
LINE
8
BLACK
6
CONTINUOUS
10
126.6504999999999939
20
-49.8149540000000002
11
126.6504999999999939
21
-48.0250459999999961
0
LINE
8
BLACK
6
CONTINUOUS
10
126.6504999999999939
20
-48.0250459999999961
11
126.6455649999999906
21
-47.9812459999999987
0
LINE
8
BLACK
6
CONTINUOUS
10
126.6455649999999906
20
-47.9812459999999987
11
126.6353689999999972
21
-47.890749999999997
0
LINE
8
BLACK
6
CONTINUOUS
10
126.6353689999999972
20
-47.890749999999997
11
126.6353679999999997
21
-47.8907449999999955
0
LINE
8
BLACK
6
CONTINUOUS
10
126.6353679999999997
20
-47.8907449999999955
11
126.5757890000000003
21
-47.720478
0
LINE
8
BLACK
6
CONTINUOUS
10
126.5757890000000003
20
-47.720478
11
126.5722069999999917
21
-47.7147779999999955
0
LINE
8
BLACK
6
CONTINUOUS
10
126.5722069999999917
20
-47.7147779999999955
11
126.4798149999999879
21
-47.567737000000001
0
LINE
8
BLACK
6
CONTINUOUS
10
126.4798149999999879
20
-47.567737000000001
11
126.3522619999999961
21
-47.440183999999995
0
LINE
8
BLACK
6
CONTINUOUS
10
126.3522619999999961
20
-47.440183999999995
11
126.1995209999999901
21
-47.3442099999999968
0
LINE
8
BLACK
6
CONTINUOUS
10
126.1995209999999901
20
-47.3442099999999968
11
126.0777329999999949
21
-47.3015949999999989
0
LINE
8
BLACK
6
CONTINUOUS
10
126.0777329999999949
20
-47.3015949999999989
11
126.0209559999999982
21
-47.2608729999999966
0
LINE
8
BLACK
6
CONTINUOUS
10
126.0209559999999982
20
-47.2608729999999966
11
125.9952089999999885
21
-47.195920000000001
0
LINE
8
BLACK
6
CONTINUOUS
10
125.9952089999999885
20
-47.195920000000001
11
126.0086649999999935
21
-47.1273589999999984
0
LINE
8
BLACK
6
CONTINUOUS
10
126.0086649999999935
20
-47.1273589999999984
11
126.0570519999999988
21
-47.0769559999999956
0
LINE
8
BLACK
6
CONTINUOUS
10
126.0570519999999988
20
-47.0769559999999956
11
126.1186869999999942
21
-47.0605529999999987
0
LINE
8
BLACK
6
CONTINUOUS
10
126.1186869999999942
20
-47.0605529999999987
11
127.0269279999999981
21
-47.0605529999999987
0
LINE
8
BLACK
6
CONTINUOUS
10
127.0269279999999981
20
-47.0605529999999987
11
127.0269279999999981
21
-43.5746759999999966
0
LINE
8
BLACK
6
CONTINUOUS
10
127.0269279999999981
20
-43.5746759999999966
11
122.9730709999999902
21
-43.5746759999999966
0
LINE
8
BLACK
6
CONTINUOUS
10
122.9730709999999902
20
-43.5746759999999966
11
122.9730709999999902
21
-47.0605529999999987
0
LINE
8
BLACK
6
CONTINUOUS
10
122.9730709999999902
20
-47.0605529999999987
11
123.8813129999999916
21
-47.0605529999999987
0
LINE
8
BLACK
6
CONTINUOUS
10
123.8813129999999916
20
-47.0605529999999987
11
123.9483519999999999
21
-47.0802380000000014
0
LINE
8
BLACK
6
CONTINUOUS
10
123.9483519999999999
20
-47.0802380000000014
11
123.9941069999999996
21
-47.1330419999999961
0
LINE
8
BLACK
6
CONTINUOUS
10
123.9941069999999996
20
-47.1330419999999961
11
124.0040509999999898
21
-47.2021999999999977
0
LINE
8
BLACK
6
CONTINUOUS
10
124.0040509999999898
20
-47.2021999999999977
11
123.9750259999999997
21
-47.2657559999999961
0
LINE
8
BLACK
6
CONTINUOUS
10
123.9750259999999997
20
-47.2657559999999961
11
123.9222669999999908
21
-47.3015949999999989
0
LINE
8
BLACK
6
CONTINUOUS
10
123.9222669999999908
20
-47.3015949999999989
11
123.8004779999999982
21
-47.3442099999999968
0
LINE
8
BLACK
6
CONTINUOUS
10
123.8004779999999982
20
-47.3442099999999968
11
123.6477369999999922
21
-47.440183999999995
0
LINE
8
BLACK
6
CONTINUOUS
10
123.6477369999999922
20
-47.440183999999995
11
123.5201829999999887
21
-47.5677379999999985
0
LINE
8
BLACK
6
CONTINUOUS
10
123.5201829999999887
20
-47.5677379999999985
11
123.5161349999999914
21
-47.5728149999999985
0
LINE
8
BLACK
6
CONTINUOUS
10
123.5161349999999914
20
-47.5728149999999985
11
123.4589459999999974
21
-47.6129539999999949
0
LINE
8
BLACK
6
CONTINUOUS
10
123.4589459999999974
20
-47.6129539999999949
11
123.4191900000000004
21
-47.6194999999999951
0
LINE
8
BLACK
6
CONTINUOUS
10
123.4191900000000004
20
-47.6194999999999951
11
111.449947999999992
21
-47.6194999999999951
0
LINE
8
BLACK
6
CONTINUOUS
10
111.449947999999992
20
-47.6194999999999951
11
111.382553999999999
21
-47.6301739999999967
0
LINE
8
BLACK
6
CONTINUOUS
10
111.382553999999999
20
-47.6301739999999967
11
111.2477639999999894
21
-47.6515229999999974
0
LINE
8
BLACK
6
CONTINUOUS
10
111.2477639999999894
20
-47.6515229999999974
11
111.0530839999999984
21
-47.714776999999998
0
LINE
8
BLACK
6
CONTINUOUS
10
111.0530839999999984
20
-47.714776999999998
11
111.0530809999999917
21
-47.7147779999999955
0
LINE
8
BLACK
6
CONTINUOUS
10
111.0530809999999917
20
-47.7147779999999955
11
110.978950999999995
21
-47.7525509999999969
0
LINE
8
BLACK
6
CONTINUOUS
10
110.978950999999995
20
-47.7525509999999969
11
110.8706859999999921
21
-47.8077149999999946
0
LINE
8
BLACK
6
CONTINUOUS
10
110.8706859999999921
20
-47.8077149999999946
11
110.7050859999999943
21
-47.9280279999999976
0
LINE
8
BLACK
6
CONTINUOUS
10
110.7050859999999943
20
-47.9280279999999976
11
110.7050819999999902
21
-47.9280319999999946
0
LINE
8
BLACK
6
CONTINUOUS
10
110.7050819999999902
20
-47.9280319999999946
11
110.5603309999999908
21
-48.0727839999999986
0
LINE
8
BLACK
6
CONTINUOUS
10
110.5603309999999908
20
-48.0727839999999986
11
103.191127999999992
21
-55.4419849999999954
0
LINE
8
BLACK
6
CONTINUOUS
10
103.191127999999992
20
-55.4419849999999954
11
103.1298049999999904
21
-55.4754699999999943
0
LINE
8
BLACK
6
CONTINUOUS
10
103.1298049999999904
20
-55.4754699999999943
11
103.0601130000000012
21
-55.470485999999994
0
LINE
8
BLACK
6
CONTINUOUS
10
103.0601130000000012
20
-55.470485999999994
11
103.004179999999991
21
-55.4286139999999961
0
LINE
8
BLACK
6
CONTINUOUS
10
103.004179999999991
20
-55.4286139999999961
11
102.9855159999999898
21
-55.3926209999999983
0
LINE
8
BLACK
6
CONTINUOUS
10
102.9855159999999898
20
-55.3926209999999983
11
102.9832430000000016
21
-55.3856259999999949
0
LINE
8
BLACK
6
CONTINUOUS
10
102.9832430000000016
20
-55.3856259999999949
11
102.9832409999999925
21
-55.3856199999999959
0
LINE
8
BLACK
6
CONTINUOUS
10
102.9832409999999925
20
-55.3856199999999959
11
102.9022489999999976
21
-55.2266659999999945
0
LINE
8
BLACK
6
CONTINUOUS
10
102.9022489999999976
20
-55.2266659999999945
11
102.8688700000000011
21
-55.1611550000000008
0
LINE
8
BLACK
6
CONTINUOUS
10
102.8688700000000011
20
-55.1611550000000008
11
102.8064409999999924
21
-55.0752290000000002
0
LINE
8
BLACK
6
CONTINUOUS
10
102.8064409999999924
20
-55.0752290000000002
11
102.720798000000002
21
-54.9573499999999981
0
LINE
8
BLACK
6
CONTINUOUS
10
102.720798000000002
20
-54.9573499999999981
11
102.7207939999999979
21
-54.9573449999999966
0
LINE
8
BLACK
6
CONTINUOUS
10
102.7207939999999979
20
-54.9573449999999966
11
102.5426539999999989
21
-54.7792049999999975
0
LINE
8
BLACK
6
CONTINUOUS
10
102.5426539999999989
20
-54.7792049999999975
11
102.5426489999999973
21
-54.7792010000000005
0
LINE
8
BLACK
6
CONTINUOUS
10
102.5426489999999973
20
-54.7792010000000005
11
102.3388479999999987
21
-54.6311320000000009
0
LINE
8
BLACK
6
CONTINUOUS
10
102.3388479999999987
20
-54.6311320000000009
11
102.3388470000000012
21
-54.6311309999999963
0
LINE
8
BLACK
6
CONTINUOUS
10
102.3388470000000012
20
-54.6311309999999963
11
102.3388449999999921
21
-54.6311299999999989
0
LINE
8
BLACK
6
CONTINUOUS
10
102.3388449999999921
20
-54.6311299999999989
11
102.1143789999999996
21
-54.5167590000000004
0
LINE
8
BLACK
6
CONTINUOUS
10
102.1143789999999996
20
-54.5167590000000004
11
101.9945819999999941
21
-54.4778339999999943
0
LINE
8
BLACK
6
CONTINUOUS
10
101.9945819999999941
20
-54.4778339999999943
11
101.8747829999999936
21
-54.4389089999999953
0
LINE
8
BLACK
6
CONTINUOUS
10
101.8747829999999936
20
-54.4389089999999953
11
101.7996890000000008
21
-54.4270149999999973
0
LINE
8
BLACK
6
CONTINUOUS
10
101.7996890000000008
20
-54.4270149999999973
11
101.7365549999999956
21
-54.397084999999997
0
LINE
8
BLACK
6
CONTINUOUS
10
101.7365549999999956
20
-54.397084999999997
11
101.7314080000000018
21
-54.3922229999999942
0
LINE
8
BLACK
6
CONTINUOUS
10
101.7314080000000018
20
-54.3922229999999942
11
93.9974210000000028
21
-46.6582359999999952
0
LINE
8
BLACK
6
CONTINUOUS
10
93.9974210000000028
20
-46.6582359999999952
11
93.9974189999999936
21
-46.6582340000000002
0
LINE
8
BLACK
6
CONTINUOUS
10
93.9974189999999936
20
-46.6582340000000002
11
93.8318110000000019
21
-46.5379129999999961
0
LINE
8
BLACK
6
CONTINUOUS
10
93.8318110000000019
20
-46.5379129999999961
11
93.7406139999999937
21
-46.4914459999999963
0
LINE
8
BLACK
6
CONTINUOUS
10
93.7406139999999937
20
-46.4914459999999963
11
93.6494229999999988
21
-46.4449809999999985
0
LINE
8
BLACK
6
CONTINUOUS
10
93.6494229999999988
20
-46.4449809999999985
11
93.6027149999999892
21
-46.4298039999999972
0
LINE
8
BLACK
6
CONTINUOUS
10
93.6027149999999892
20
-46.4298039999999972
11
93.5520759999999996
21
-46.4133509999999987
0
LINE
8
BLACK
6
CONTINUOUS
10
93.5520759999999996
20
-46.4133509999999987
11
93.5282029999999907
21
-46.4055940000000007
0
LINE
8
BLACK
6
CONTINUOUS
10
93.5282029999999907
20
-46.4055940000000007
11
93.4547349999999994
21
-46.3817219999999963
0
LINE
8
BLACK
6
CONTINUOUS
10
93.4547349999999994
20
-46.3817219999999963
11
93.280194999999992
21
-46.3540780000000012
0
LINE
8
BLACK
6
CONTINUOUS
10
93.280194999999992
20
-46.3540780000000012
11
93.2525519999999943
21
-46.3496999999999986
0
LINE
8
BLACK
6
CONTINUOUS
10
93.2525519999999943
20
-46.3496999999999986
11
93.2525509999999969
21
-46.3496999999999986
0
LINE
8
BLACK
6
CONTINUOUS
10
93.2525509999999969
20
-46.3496999999999986
11
91.1953510000000023
21
-46.3496999999999986
0
LINE
8
BLACK
6
CONTINUOUS
10
91.1953510000000023
20
-46.3496999999999986
11
91.128311999999994
21
-46.330014999999996
0
LINE
8
BLACK
6
CONTINUOUS
10
91.128311999999994
20
-46.330014999999996
11
91.0825569999999942
21
-46.2772110000000012
0
LINE
8
BLACK
6
CONTINUOUS
10
91.0825569999999942
20
-46.2772110000000012
11
91.0726129999999898
21
-46.2080529999999996
0
LINE
8
BLACK
6
CONTINUOUS
10
91.0726129999999898
20
-46.2080529999999996
11
91.1016379999999941
21
-46.1444970000000012
0
LINE
8
BLACK
6
CONTINUOUS
10
91.1016379999999941
20
-46.1444970000000012
11
91.1224660000000029
21
-46.1253819999999948
0
LINE
8
BLACK
6
CONTINUOUS
10
91.1224660000000029
20
-46.1253819999999948
11
91.252648999999991
21
-46.0307979999999972
0
LINE
8
BLACK
6
CONTINUOUS
10
91.252648999999991
20
-46.0307979999999972
11
91.2526469999999961
21
-46.0307979999999972
0
LINE
8
BLACK
6
CONTINUOUS
10
91.2526469999999961
20
-46.0307979999999972
11
91.2526560000000018
21
-46.0307929999999956
0
LINE
8
BLACK
6
CONTINUOUS
10
91.2526560000000018
20
-46.0307929999999956
11
91.4307929999999942
21
-45.8526559999999961
0
LINE
8
BLACK
6
CONTINUOUS
10
91.4307929999999942
20
-45.8526559999999961
11
91.5788699999999949
21
-45.6488450000000014
0
LINE
8
BLACK
6
CONTINUOUS
10
91.5788699999999949
20
-45.6488450000000014
11
91.6932410000000004
21
-45.4243789999999947
0
LINE
8
BLACK
6
CONTINUOUS
10
91.6932410000000004
20
-45.4243789999999947
11
91.7710900000000009
21
-45.184784999999998
0
LINE
8
BLACK
6
CONTINUOUS
10
91.7710900000000009
20
-45.184784999999998
11
91.8104999999999905
21
-44.9359619999999964
0
LINE
8
BLACK
6
CONTINUOUS
10
91.8104999999999905
20
-44.9359619999999964
11
91.8104999999999905
21
-44.684038000000001
0
LINE
8
BLACK
6
CONTINUOUS
10
91.8104999999999905
20
-44.684038000000001
11
91.7710900000000009
21
-44.4352149999999995
0
LINE
8
BLACK
6
CONTINUOUS
10
91.7710900000000009
20
-44.4352149999999995
11
91.6932410000000004
21
-44.1956209999999956
0
LINE
8
BLACK
6
CONTINUOUS
10
91.6932410000000004
20
-44.1956209999999956
11
91.6932389999999913
21
-44.1956179999999961
0
LINE
8
BLACK
6
CONTINUOUS
10
91.6932389999999913
20
-44.1956179999999961
11
91.6932389999999913
21
-44.1956160000000011
0
LINE
8
BLACK
6
CONTINUOUS
10
91.6932389999999913
20
-44.1956160000000011
11
91.6517470000000003
21
-44.1141839999999945
0
LINE
8
BLACK
6
CONTINUOUS
10
91.6517470000000003
20
-44.1141839999999945
11
91.5788699999999949
21
-43.971154999999996
0
LINE
8
BLACK
6
CONTINUOUS
10
91.5788699999999949
20
-43.971154999999996
11
91.467622999999989
21
-43.8180359999999993
0
LINE
8
BLACK
6
CONTINUOUS
10
91.467622999999989
20
-43.8180359999999993
11
91.4307979999999958
21
-43.7673500000000004
0
LINE
8
BLACK
6
CONTINUOUS
10
91.4307979999999958
20
-43.7673500000000004
11
91.4307939999999917
21
-43.7673449999999988
0
LINE
8
BLACK
6
CONTINUOUS
10
91.4307939999999917
20
-43.7673449999999988
11
91.2911299999999954
21
-43.6276809999999955
0
LINE
8
BLACK
6
CONTINUOUS
10
91.2911299999999954
20
-43.6276809999999955
11
91.2576449999999966
21
-43.566358000000001
0
LINE
8
BLACK
6
CONTINUOUS
10
91.2576449999999966
20
-43.566358000000001
11
91.2626289999999898
21
-43.4966659999999976
0
LINE
8
BLACK
6
CONTINUOUS
10
91.2626289999999898
20
-43.4966659999999976
11
91.2911299999999954
21
-43.4523189999999957
0
LINE
8
BLACK
6
CONTINUOUS
10
91.2911299999999954
20
-43.4523189999999957
11
91.306438
21
-43.4370109999999983
0
LINE
8
BLACK
6
CONTINUOUS
10
91.306438
20
-43.4370109999999983
11
91.4307929999999942
21
-43.3126559999999969
0
LINE
8
BLACK
6
CONTINUOUS
10
91.4307929999999942
20
-43.3126559999999969
11
91.5788699999999949
21
-43.1088449999999952
0
LINE
8
BLACK
6
CONTINUOUS
10
91.5788699999999949
20
-43.1088449999999952
11
91.6932410000000004
21
-42.8843789999999956
0
LINE
8
BLACK
6
CONTINUOUS
10
91.6932410000000004
20
-42.8843789999999956
11
91.7710900000000009
21
-42.6447849999999988
0
LINE
8
BLACK
6
CONTINUOUS
10
91.7710900000000009
20
-42.6447849999999988
11
91.8104999999999905
21
-42.3959619999999973
0
LINE
8
BLACK
6
CONTINUOUS
10
91.8104999999999905
20
-42.3959619999999973
11
91.8104999999999905
21
-42.1440379999999948
0
LINE
8
BLACK
6
CONTINUOUS
10
91.8104999999999905
20
-42.1440379999999948
11
91.7710900000000009
21
-41.8952150000000003
0
LINE
8
BLACK
6
CONTINUOUS
10
91.7710900000000009
20
-41.8952150000000003
11
91.6932410000000004
21
-41.6556209999999965
0
LINE
8
BLACK
6
CONTINUOUS
10
91.6932410000000004
20
-41.6556209999999965
11
91.6932389999999913
21
-41.6556179999999969
0
LINE
8
BLACK
6
CONTINUOUS
10
91.6932389999999913
20
-41.6556179999999969
11
91.6932389999999913
21
-41.6556159999999949
0
LINE
8
BLACK
6
CONTINUOUS
10
91.6932389999999913
20
-41.6556159999999949
11
91.6517470000000003
21
-41.5741839999999954
0
LINE
8
BLACK
6
CONTINUOUS
10
91.6517470000000003
20
-41.5741839999999954
11
91.5788699999999949
21
-41.4311549999999968
0
LINE
8
BLACK
6
CONTINUOUS
10
91.5788699999999949
20
-41.4311549999999968
11
91.5599519999999956
21
-41.4051169999999971
0
LINE
8
BLACK
6
CONTINUOUS
10
91.5599519999999956
20
-41.4051169999999971
11
91.4307979999999958
21
-41.2273500000000013
0
LINE
8
BLACK
6
CONTINUOUS
10
91.4307979999999958
20
-41.2273500000000013
11
91.4307939999999917
21
-41.2273449999999997
0
LINE
8
BLACK
6
CONTINUOUS
10
91.4307939999999917
20
-41.2273449999999997
11
91.2911299999999954
21
-41.0876809999999963
0
LINE
8
BLACK
6
CONTINUOUS
10
91.2911299999999954
20
-41.0876809999999963
11
91.2576449999999966
21
-41.0263579999999948
0
LINE
8
BLACK
6
CONTINUOUS
10
91.2576449999999966
20
-41.0263579999999948
11
91.2626289999999898
21
-40.9566659999999985
0
LINE
8
BLACK
6
CONTINUOUS
10
91.2626289999999898
20
-40.9566659999999985
11
91.2911299999999954
21
-40.9123189999999965
0
LINE
8
BLACK
6
CONTINUOUS
10
91.2911299999999954
20
-40.9123189999999965
11
91.4307929999999942
21
-40.7726559999999978
0
LINE
8
BLACK
6
CONTINUOUS
10
91.4307929999999942
20
-40.7726559999999978
11
91.5788699999999949
21
-40.568844999999996
0
LINE
8
BLACK
6
CONTINUOUS
10
91.5788699999999949
20
-40.568844999999996
11
91.6932410000000004
21
-40.3443789999999964
0
LINE
8
BLACK
6
CONTINUOUS
10
91.6932410000000004
20
-40.3443789999999964
11
91.7710900000000009
21
-40.1047849999999997
0
LINE
8
BLACK
6
CONTINUOUS
10
91.7710900000000009
20
-40.1047849999999997
11
91.8104999999999905
21
-39.8559619999999981
0
LINE
8
BLACK
6
CONTINUOUS
10
91.8104999999999905
20
-39.8559619999999981
11
91.8104999999999905
21
-39.6040379999999956
0
LINE
8
BLACK
6
CONTINUOUS
10
91.8104999999999905
20
-39.6040379999999956
11
91.7710900000000009
21
-39.3552150000000012
0
LINE
8
BLACK
6
CONTINUOUS
10
91.7710900000000009
20
-39.3552150000000012
11
91.6932410000000004
21
-39.1156209999999973
0
LINE
8
BLACK
6
CONTINUOUS
10
91.6932410000000004
20
-39.1156209999999973
11
91.6932389999999913
21
-39.1156179999999978
0
LINE
8
BLACK
6
CONTINUOUS
10
91.6932389999999913
20
-39.1156179999999978
11
91.6932389999999913
21
-39.1156159999999957
0
LINE
8
BLACK
6
CONTINUOUS
10
91.6932389999999913
20
-39.1156159999999957
11
91.6517470000000003
21
-39.0341839999999962
0
LINE
8
BLACK
6
CONTINUOUS
10
91.6517470000000003
20
-39.0341839999999962
11
91.5788699999999949
21
-38.8911549999999977
0
LINE
8
BLACK
6
CONTINUOUS
10
91.5788699999999949
20
-38.8911549999999977
11
91.5682269999999932
21
-38.8765059999999991
0
LINE
8
BLACK
6
CONTINUOUS
10
91.5682269999999932
20
-38.8765059999999991
11
91.4308240000000012
21
-38.687384999999999
0
LINE
8
BLACK
6
CONTINUOUS
10
91.4308240000000012
20
-38.687384999999999
11
91.4073439999999948
21
-38.621578999999997
0
LINE
8
BLACK
6
CONTINUOUS
10
91.4073439999999948
20
-38.621578999999997
11
91.4231699999999989
21
-38.5535250000000005
0
LINE
8
BLACK
6
CONTINUOUS
10
91.4231699999999989
20
-38.5535250000000005
11
91.4732759999999985
21
-38.5048299999999983
0
LINE
8
BLACK
6
CONTINUOUS
10
91.4732759999999985
20
-38.5048299999999983
11
91.5311420000000027
21
-38.4904999999999973
0
LINE
8
BLACK
6
CONTINUOUS
10
91.5311420000000027
20
-38.4904999999999973
11
92.4140510000000006
21
-38.4904999999999973
0
LINE
8
BLACK
6
CONTINUOUS
10
92.4140510000000006
20
-38.4904999999999973
11
92.4140519999999981
21
-38.4904999999999973
0
LINE
8
BLACK
6
CONTINUOUS
10
92.4140519999999981
20
-38.4904999999999973
11
92.6162339999999915
21
-38.4584769999999949
0
LINE
8
BLACK
6
CONTINUOUS
10
92.6162339999999915
20
-38.4584769999999949
11
92.8109189999999984
21
-38.3952199999999948
0
LINE
8
BLACK
6
CONTINUOUS
10
92.8109189999999984
20
-38.3952199999999948
11
92.9933099999999939
21
-38.3022869999999998
0
LINE
8
BLACK
6
CONTINUOUS
10
92.9933099999999939
20
-38.3022869999999998
11
93.0891589999999951
21
-38.232648999999995
0
LINE
8
BLACK
6
CONTINUOUS
10
93.0891589999999951
20
-38.232648999999995
11
93.1589129999999983
21
-38.1819709999999972
0
LINE
8
BLACK
6
CONTINUOUS
10
93.1589129999999983
20
-38.1819709999999972
11
93.1589149999999933
21
-38.1819679999999977
0
LINE
8
BLACK
6
CONTINUOUS
10
93.1589149999999933
20
-38.1819679999999977
11
93.1589189999999974
21
-38.1819659999999956
0
LINE
8
BLACK
6
CONTINUOUS
10
93.1589189999999974
20
-38.1819659999999956
11
93.3036659999999927
21
-38.0372190000000003
0
LINE
8
BLACK
6
CONTINUOUS
10
93.3036659999999927
20
-38.0372190000000003
11
93.3036680000000018
21
-38.0372149999999962
0
LINE
8
BLACK
6
CONTINUOUS
10
93.3036680000000018
20
-38.0372149999999962
11
93.3036709999999943
21
-38.0372130000000013
0
LINE
8
BLACK
6
CONTINUOUS
10
93.3036709999999943
20
-38.0372130000000013
11
93.3699889999999897
21
-37.9459319999999991
0
LINE
8
BLACK
6
CONTINUOUS
10
93.3699889999999897
20
-37.9459319999999991
11
93.4239869999999968
21
-37.8716099999999969
0
LINE
8
BLACK
6
CONTINUOUS
10
93.4239869999999968
20
-37.8716099999999969
11
93.5169199999999989
21
-37.6892190000000014
0
LINE
8
BLACK
6
CONTINUOUS
10
93.5169199999999989
20
-37.6892190000000014
11
93.5801769999999919
21
-37.4945340000000016
0
LINE
8
BLACK
6
CONTINUOUS
10
93.5801769999999919
20
-37.4945340000000016
11
93.6122000000000014
21
-37.2923520000000011
0
LINE
8
BLACK
6
CONTINUOUS
10
93.6122000000000014
20
-37.2923520000000011
11
93.6122000000000014
21
-32.7783450000000016
0
LINE
8
BLACK
6
CONTINUOUS
10
93.6122000000000014
20
-32.7783450000000016
11
93.6318849999999969
21
-32.7113060000000004
0
LINE
8
BLACK
6
CONTINUOUS
10
93.6318849999999969
20
-32.7113060000000004
11
93.6485139999999916
21
-32.6906689999999998
0
LINE
8
BLACK
6
CONTINUOUS
10
93.6485139999999916
20
-32.6906689999999998
11
96.7036289999999923
21
-29.635552999999998
0
LINE
8
BLACK
6
CONTINUOUS
10
96.7036289999999923
20
-29.635552999999998
11
96.7314089999999993
21
-29.6077729999999981
0
LINE
8
BLACK
6
CONTINUOUS
10
96.7314089999999993
20
-29.6077729999999981
11
96.7927299999999917
21
-29.5742899999999977
0
LINE
8
BLACK
6
CONTINUOUS
10
96.7927299999999917
20
-29.5742899999999977
11
96.7996490000000023
21
-29.5729889999999997
0
LINE
8
BLACK
6
CONTINUOUS
10
96.7996490000000023
20
-29.5729889999999997
11
96.8747849999999886
21
-29.5610900000000001
0
LINE
8
BLACK
6
CONTINUOUS
10
96.8747849999999886
20
-29.5610900000000001
11
97.1143789999999996
21
-29.4832409999999996
0
LINE
8
BLACK
6
CONTINUOUS
10
97.1143789999999996
20
-29.4832409999999996
11
97.3388449999999921
21
-29.3688699999999976
0
LINE
8
BLACK
6
CONTINUOUS
10
97.3388449999999921
20
-29.3688699999999976
11
97.5426559999999938
21
-29.2207929999999969
0
LINE
8
BLACK
6
CONTINUOUS
10
97.5426559999999938
20
-29.2207929999999969
11
97.7207930000000005
21
-29.0426559999999974
0
LINE
8
BLACK
6
CONTINUOUS
10
97.7207930000000005
20
-29.0426559999999974
11
97.8688700000000011
21
-28.8388449999999992
0
LINE
8
BLACK
6
CONTINUOUS
10
97.8688700000000011
20
-28.8388449999999992
11
97.9832409999999925
21
-28.6143789999999996
0
LINE
8
BLACK
6
CONTINUOUS
10
97.9832409999999925
20
-28.6143789999999996
11
98.061089999999993
21
-28.3747849999999993
0
LINE
8
BLACK
6
CONTINUOUS
10
98.061089999999993
20
-28.3747849999999993
11
98.1004999999999967
21
-28.1259619999999977
0
LINE
8
BLACK
6
CONTINUOUS
10
98.1004999999999967
20
-28.1259619999999977
11
98.1004999999999967
21
-27.8740379999999988
0
LINE
8
BLACK
6
CONTINUOUS
10
98.1004999999999967
20
-27.8740379999999988
11
98.061089999999993
21
-27.6252149999999972
0
LINE
8
BLACK
6
CONTINUOUS
10
98.061089999999993
20
-27.6252149999999972
11
97.9832409999999925
21
-27.3856210000000004
0
LINE
8
BLACK
6
CONTINUOUS
10
97.9832409999999925
20
-27.3856210000000004
11
97.9832389999999975
21
-27.3856179999999974
0
LINE
8
BLACK
6
CONTINUOUS
10
97.9832389999999975
20
-27.3856179999999974
11
97.9832389999999975
21
-27.3856159999999988
0
LINE
8
BLACK
6
CONTINUOUS
10
97.9832389999999975
20
-27.3856159999999988
11
97.9417469999999923
21
-27.3041839999999993
0
LINE
8
BLACK
6
CONTINUOUS
10
97.9417469999999923
20
-27.3041839999999993
11
97.8688700000000011
21
-27.1611549999999973
0
LINE
8
BLACK
6
CONTINUOUS
10
97.8688700000000011
20
-27.1611549999999973
11
97.8499520000000018
21
-27.1351169999999975
0
LINE
8
BLACK
6
CONTINUOUS
10
97.8499520000000018
20
-27.1351169999999975
11
97.720798000000002
21
-26.9573499999999981
0
LINE
8
BLACK
6
CONTINUOUS
10
97.720798000000002
20
-26.9573499999999981
11
97.7207939999999979
21
-26.9573450000000001
0
LINE
8
BLACK
6
CONTINUOUS
10
97.7207939999999979
20
-26.9573450000000001
11
97.5426539999999989
21
-26.7792049999999975
0
LINE
8
BLACK
6
CONTINUOUS
10
97.5426539999999989
20
-26.7792049999999975
11
97.5426489999999973
21
-26.7792010000000005
0
LINE
8
BLACK
6
CONTINUOUS
10
97.5426489999999973
20
-26.7792010000000005
11
97.3388479999999987
21
-26.6311319999999974
0
LINE
8
BLACK
6
CONTINUOUS
10
97.3388479999999987
20
-26.6311319999999974
11
97.3388470000000012
21
-26.6311309999999999
0
LINE
8
BLACK
6
CONTINUOUS
10
97.3388470000000012
20
-26.6311309999999999
11
97.3388449999999921
21
-26.6311299999999989
0
LINE
8
BLACK
6
CONTINUOUS
10
97.3388449999999921
20
-26.6311299999999989
11
97.2687469999999905
21
-26.5954129999999971
0
LINE
8
BLACK
6
CONTINUOUS
10
97.2687469999999905
20
-26.5954129999999971
11
97.1143829999999895
21
-26.5167599999999979
0
LINE
8
BLACK
6
CONTINUOUS
10
97.1143829999999895
20
-26.5167599999999979
11
96.8747849999999886
21
-26.4389099999999999
0
LINE
8
BLACK
6
CONTINUOUS
10
96.8747849999999886
20
-26.4389099999999999
11
96.6259620000000012
21
-26.3994999999999997
0
LINE
8
BLACK
6
CONTINUOUS
10
96.6259620000000012
20
-26.3994999999999997
11
96.3740379999999988
21
-26.3994999999999997
0
LINE
8
BLACK
6
CONTINUOUS
10
96.3740379999999988
20
-26.3994999999999997
11
96.2496259999999921
21
-26.4192049999999981
0
LINE
8
BLACK
6
CONTINUOUS
10
96.2496259999999921
20
-26.4192049999999981
11
96.1252139999999997
21
-26.4389099999999999
0
LINE
8
BLACK
6
CONTINUOUS
10
96.1252139999999997
20
-26.4389099999999999
11
95.8856159999999988
21
-26.5167599999999979
0
LINE
8
BLACK
6
CONTINUOUS
10
95.8856159999999988
20
-26.5167599999999979
11
95.6611509999999896
21
-26.6311319999999974
0
LINE
8
BLACK
6
CONTINUOUS
10
95.6611509999999896
20
-26.6311319999999974
11
95.457349999999991
21
-26.7792010000000005
0
LINE
8
BLACK
6
CONTINUOUS
10
95.457349999999991
20
-26.7792010000000005
11
95.4573449999999895
21
-26.7792049999999975
0
LINE
8
BLACK
6
CONTINUOUS
10
95.4573449999999895
20
-26.7792049999999975
11
95.2792049999999904
21
-26.9573450000000001
0
LINE
8
BLACK
6
CONTINUOUS
10
95.2792049999999904
20
-26.9573450000000001
11
95.2792010000000005
21
-26.9573499999999981
0
LINE
8
BLACK
6
CONTINUOUS
10
95.2792010000000005
20
-26.9573499999999981
11
95.1311319999999938
21
-27.1611510000000003
0
LINE
8
BLACK
6
CONTINUOUS
10
95.1311319999999938
20
-27.1611510000000003
11
95.0167599999999908
21
-27.3856179999999974
0
LINE
8
BLACK
6
CONTINUOUS
10
95.0167599999999908
20
-27.3856179999999974
11
94.9389089999999953
21
-27.6252159999999982
0
LINE
8
BLACK
6
CONTINUOUS
10
94.9389089999999953
20
-27.6252159999999982
11
94.9270149999999973
21
-27.7003099999999982
0
LINE
8
BLACK
6
CONTINUOUS
10
94.9270149999999973
20
-27.7003099999999982
11
94.8970849999999899
21
-27.7634439999999998
0
LINE
8
BLACK
6
CONTINUOUS
10
94.8970849999999899
20
-27.7634439999999998
11
94.8922230000000013
21
-27.7685909999999971
0
LINE
8
BLACK
6
CONTINUOUS
10
94.8922230000000013
20
-27.7685909999999971
11
91.3197359999999918
21
-31.3410779999999995
0
LINE
8
BLACK
6
CONTINUOUS
10
91.3197359999999918
20
-31.3410779999999995
11
91.1994159999999994
21
-31.5066839999999999
0
LINE
8
BLACK
6
CONTINUOUS
10
91.1994159999999994
20
-31.5066839999999999
11
91.1994100000000003
21
-31.5066929999999985
0
LINE
8
BLACK
6
CONTINUOUS
10
91.1994100000000003
20
-31.5066929999999985
11
91.1925889999999981
21
-31.5200789999999991
0
LINE
8
BLACK
6
CONTINUOUS
10
91.1925889999999981
20
-31.5200789999999991
11
91.1925899999999956
21
-31.5200800000000001
0
LINE
8
BLACK
6
CONTINUOUS
10
91.1925899999999956
20
-31.5200800000000001
11
91.106031999999999
21
-31.6899579999999972
0
LINE
8
BLACK
6
CONTINUOUS
10
91.106031999999999
20
-31.6899579999999972
11
91.1049719999999894
21
-31.693719999999999
0
LINE
8
BLACK
6
CONTINUOUS
10
91.1049719999999894
20
-31.693719999999999
11
91.0543499999999995
21
-31.8495199999999983
0
LINE
8
BLACK
6
CONTINUOUS
10
91.0543499999999995
20
-31.8495199999999983
11
91.043223999999995
21
-31.8837589999999977
0
LINE
8
BLACK
6
CONTINUOUS
10
91.043223999999995
20
-31.8837589999999977
11
91.0432220000000001
21
-31.8837709999999994
0
LINE
8
BLACK
6
CONTINUOUS
10
91.0432220000000001
20
-31.8837709999999994
11
91.0112000000000023
21
-32.0859480000000019
0
LINE
8
BLACK
6
CONTINUOUS
10
91.0112000000000023
20
-32.0859480000000019
11
91.0112000000000023
21
-35.5995980000000003
0
LINE
8
BLACK
6
CONTINUOUS
10
91.0112000000000023
20
-35.5995980000000003
11
90.9915149999999926
21
-35.6666370000000015
0
LINE
8
BLACK
6
CONTINUOUS
10
90.9915149999999926
20
-35.6666370000000015
11
90.9387109999999979
21
-35.7123920000000012
0
LINE
8
BLACK
6
CONTINUOUS
10
90.9387109999999979
20
-35.7123920000000012
11
90.8695529999999962
21
-35.7223359999999985
0
LINE
8
BLACK
6
CONTINUOUS
10
90.8695529999999962
20
-35.7223359999999985
11
90.8309129999999953
21
-35.7100870000000015
0
LINE
8
BLACK
6
CONTINUOUS
10
90.8309129999999953
20
-35.7100870000000015
11
90.8243779999999958
21
-35.7067580000000007
0
LINE
8
BLACK
6
CONTINUOUS
10
90.8243779999999958
20
-35.7067580000000007
11
90.5847869999999915
21
-35.6289099999999976
0
LINE
8
BLACK
6
CONTINUOUS
10
90.5847869999999915
20
-35.6289099999999976
11
90.3997179999999929
21
-35.5995980000000003
0
LINE
8
BLACK
6
CONTINUOUS
10
90.3997179999999929
20
-35.5995980000000003
11
90.335961999999995
21
-35.589500000000001
0
LINE
8
BLACK
6
CONTINUOUS
10
90.335961999999995
20
-35.589500000000001
11
89.2840379999999953
21
-35.589500000000001
0
LINE
8
BLACK
6
CONTINUOUS
10
89.2840379999999953
20
-35.589500000000001
11
89.1880759999999952
21
-35.6046989999999965
0
LINE
8
BLACK
6
CONTINUOUS
10
89.1880759999999952
20
-35.6046989999999965
11
89.0352139999999963
21
-35.6289099999999976
0
LINE
8
BLACK
6
CONTINUOUS
10
89.0352139999999963
20
-35.6289099999999976
11
88.7956159999999954
21
-35.7067599999999956
0
LINE
8
BLACK
6
CONTINUOUS
10
88.7956159999999954
20
-35.7067599999999956
11
88.5711510000000004
21
-35.8211319999999986
0
LINE
8
BLACK
6
CONTINUOUS
10
88.5711510000000004
20
-35.8211319999999986
11
88.3673500000000018
21
-35.9692009999999982
0
LINE
8
BLACK
6
CONTINUOUS
10
88.3673500000000018
20
-35.9692009999999982
11
88.3673450000000003
21
-35.9692049999999952
0
LINE
8
BLACK
6
CONTINUOUS
10
88.3673450000000003
20
-35.9692049999999952
11
88.1892050000000012
21
-36.1473450000000014
0
LINE
8
BLACK
6
CONTINUOUS
10
88.1892050000000012
20
-36.1473450000000014
11
88.1892009999999971
21
-36.1473499999999959
0
LINE
8
BLACK
6
CONTINUOUS
10
88.1892009999999971
20
-36.1473499999999959
11
88.0411319999999904
21
-36.3511510000000015
0
LINE
8
BLACK
6
CONTINUOUS
10
88.0411319999999904
20
-36.3511510000000015
11
87.9267600000000016
21
-36.5756159999999966
0
LINE
8
BLACK
6
CONTINUOUS
10
87.9267600000000016
20
-36.5756159999999966
11
87.9141639999999995
21
-36.6143829999999966
0
LINE
8
BLACK
6
CONTINUOUS
10
87.9141639999999995
20
-36.6143829999999966
11
87.8489099999999894
21
-36.8152149999999949
0
LINE
8
BLACK
6
CONTINUOUS
10
87.8489099999999894
20
-36.8152149999999949
11
87.8094999999999999
21
-37.0640379999999965
0
LINE
8
BLACK
6
CONTINUOUS
10
87.8094999999999999
20
-37.0640379999999965
11
87.8094999999999999
21
-37.315961999999999
0
LINE
8
BLACK
6
CONTINUOUS
10
87.8094999999999999
20
-37.315961999999999
11
87.8178800000000024
21
-37.3688700000000011
0
LINE
8
BLACK
6
CONTINUOUS
10
87.8178800000000024
20
-37.3688700000000011
11
87.8489099999999894
21
-37.5647850000000005
0
LINE
8
BLACK
6
CONTINUOUS
10
87.8489099999999894
20
-37.5647850000000005
11
87.9267600000000016
21
-37.8043830000000014
0
LINE
8
BLACK
6
CONTINUOUS
10
87.9267600000000016
20
-37.8043830000000014
11
88.0411319999999904
21
-38.0288479999999964
0
LINE
8
BLACK
6
CONTINUOUS
10
88.0411319999999904
20
-38.0288479999999964
11
88.1892009999999971
21
-38.232648999999995
0
LINE
8
BLACK
6
CONTINUOUS
10
88.1892009999999971
20
-38.232648999999995
11
88.1892050000000012
21
-38.2326539999999966
0
LINE
8
BLACK
6
CONTINUOUS
10
88.1892050000000012
20
-38.2326539999999966
11
88.3288699999999949
21
-38.3723189999999974
0
LINE
8
BLACK
6
CONTINUOUS
10
88.3288699999999949
20
-38.3723189999999974
11
88.3623549999999938
21
-38.433641999999999
0
LINE
8
BLACK
6
CONTINUOUS
10
88.3623549999999938
20
-38.433641999999999
11
88.3573710000000005
21
-38.5033339999999953
0
LINE
8
BLACK
6
CONTINUOUS
10
88.3573710000000005
20
-38.5033339999999953
11
88.3288699999999949
21
-38.5476809999999972
0
LINE
8
BLACK
6
CONTINUOUS
10
88.3288699999999949
20
-38.5476809999999972
11
88.1892050000000012
21
-38.6873450000000005
0
LINE
8
BLACK
6
CONTINUOUS
10
88.1892050000000012
20
-38.6873450000000005
11
88.1892009999999971
21
-38.687349999999995
0
LINE
8
BLACK
6
CONTINUOUS
10
88.1892009999999971
20
-38.687349999999995
11
88.0411319999999904
21
-38.8911510000000007
0
LINE
8
BLACK
6
CONTINUOUS
10
88.0411319999999904
20
-38.8911510000000007
11
87.9267600000000016
21
-39.1156159999999957
0
LINE
8
BLACK
6
CONTINUOUS
10
87.9267600000000016
20
-39.1156159999999957
11
87.8489099999999894
21
-39.3552139999999966
0
LINE
8
BLACK
6
CONTINUOUS
10
87.8489099999999894
20
-39.3552139999999966
11
87.8094999999999999
21
-39.6040379999999956
0
LINE
8
BLACK
6
CONTINUOUS
10
87.8094999999999999
20
-39.6040379999999956
11
87.8094999999999999
21
-39.8559610000000006
0
LINE
8
BLACK
6
CONTINUOUS
10
87.8094999999999999
20
-39.8559610000000006
11
87.8489099999999894
21
-40.1047849999999997
0
LINE
8
BLACK
6
CONTINUOUS
10
87.8489099999999894
20
-40.1047849999999997
11
87.9267600000000016
21
-40.3443830000000005
0
LINE
8
BLACK
6
CONTINUOUS
10
87.9267600000000016
20
-40.3443830000000005
11
88.0411319999999904
21
-40.5688479999999956
0
LINE
8
BLACK
6
CONTINUOUS
10
88.0411319999999904
20
-40.5688479999999956
11
88.1892009999999971
21
-40.7726490000000013
0
LINE
8
BLACK
6
CONTINUOUS
10
88.1892009999999971
20
-40.7726490000000013
11
88.1892050000000012
21
-40.7726539999999957
0
LINE
8
BLACK
6
CONTINUOUS
10
88.1892050000000012
20
-40.7726539999999957
11
88.3288699999999949
21
-40.9123189999999965
0
LINE
8
BLACK
6
CONTINUOUS
10
88.3288699999999949
20
-40.9123189999999965
11
88.3623549999999938
21
-40.9736419999999981
0
LINE
8
BLACK
6
CONTINUOUS
10
88.3623549999999938
20
-40.9736419999999981
11
88.3573710000000005
21
-41.0433340000000015
0
LINE
8
BLACK
6
CONTINUOUS
10
88.3573710000000005
20
-41.0433340000000015
11
88.3288699999999949
21
-41.0876809999999963
0
LINE
8
BLACK
6
CONTINUOUS
10
88.3288699999999949
20
-41.0876809999999963
11
88.1892050000000012
21
-41.2273449999999997
0
LINE
8
BLACK
6
CONTINUOUS
10
88.1892050000000012
20
-41.2273449999999997
11
88.1892009999999971
21
-41.2273500000000013
0
LINE
8
BLACK
6
CONTINUOUS
10
88.1892009999999971
20
-41.2273500000000013
11
88.0411319999999904
21
-41.4311509999999998
0
LINE
8
BLACK
6
CONTINUOUS
10
88.0411319999999904
20
-41.4311509999999998
11
87.9267600000000016
21
-41.6556159999999949
0
LINE
8
BLACK
6
CONTINUOUS
10
87.9267600000000016
20
-41.6556159999999949
11
87.8489099999999894
21
-41.8952139999999957
0
LINE
8
BLACK
6
CONTINUOUS
10
87.8489099999999894
20
-41.8952139999999957
11
87.8094999999999999
21
-42.1440379999999948
0
LINE
8
BLACK
6
CONTINUOUS
10
87.8094999999999999
20
-42.1440379999999948
11
87.8094999999999999
21
-42.3959609999999998
0
LINE
8
BLACK
6
CONTINUOUS
10
87.8094999999999999
20
-42.3959609999999998
11
87.8489099999999894
21
-42.6447849999999988
0
LINE
8
BLACK
6
CONTINUOUS
10
87.8489099999999894
20
-42.6447849999999988
11
87.9267600000000016
21
-42.8843829999999997
0
LINE
8
BLACK
6
CONTINUOUS
10
87.9267600000000016
20
-42.8843829999999997
11
88.0411319999999904
21
-43.1088479999999947
0
LINE
8
BLACK
6
CONTINUOUS
10
88.0411319999999904
20
-43.1088479999999947
11
88.1892009999999971
21
-43.3126490000000004
0
LINE
8
BLACK
6
CONTINUOUS
10
88.1892009999999971
20
-43.3126490000000004
11
88.1892050000000012
21
-43.3126539999999949
0
LINE
8
BLACK
6
CONTINUOUS
10
88.1892050000000012
20
-43.3126539999999949
11
88.3288699999999949
21
-43.4523189999999957
0
LINE
8
BLACK
6
CONTINUOUS
10
88.3288699999999949
20
-43.4523189999999957
11
88.3623549999999938
21
-43.5136419999999973
0
LINE
8
BLACK
6
CONTINUOUS
10
88.3623549999999938
20
-43.5136419999999973
11
88.3573710000000005
21
-43.5833340000000007
0
LINE
8
BLACK
6
CONTINUOUS
10
88.3573710000000005
20
-43.5833340000000007
11
88.3288699999999949
21
-43.6276809999999955
0
LINE
8
BLACK
6
CONTINUOUS
10
88.3288699999999949
20
-43.6276809999999955
11
88.1892050000000012
21
-43.7673449999999988
0
LINE
8
BLACK
6
CONTINUOUS
10
88.1892050000000012
20
-43.7673449999999988
11
88.1892009999999971
21
-43.7673500000000004
0
LINE
8
BLACK
6
CONTINUOUS
10
88.1892009999999971
20
-43.7673500000000004
11
88.0411319999999904
21
-43.971150999999999
0
LINE
8
BLACK
6
CONTINUOUS
10
88.0411319999999904
20
-43.971150999999999
11
87.9267600000000016
21
-44.1956160000000011
0
LINE
8
BLACK
6
CONTINUOUS
10
87.9267600000000016
20
-44.1956160000000011
11
87.8489099999999894
21
-44.4352139999999949
0
LINE
8
BLACK
6
CONTINUOUS
10
87.8489099999999894
20
-44.4352139999999949
11
87.8094999999999999
21
-44.684038000000001
0
LINE
8
BLACK
6
CONTINUOUS
10
87.8094999999999999
20
-44.684038000000001
11
87.8094999999999999
21
-44.9359609999999989
0
LINE
8
BLACK
6
CONTINUOUS
10
87.8094999999999999
20
-44.9359609999999989
11
87.8489099999999894
21
-45.184784999999998
0
LINE
8
BLACK
6
CONTINUOUS
10
87.8489099999999894
20
-45.184784999999998
11
87.9267600000000016
21
-45.4243829999999988
0
LINE
8
BLACK
6
CONTINUOUS
10
87.9267600000000016
20
-45.4243829999999988
11
88.0411319999999904
21
-45.648848000000001
0
LINE
8
BLACK
6
CONTINUOUS
10
88.0411319999999904
20
-45.648848000000001
11
88.1892009999999971
21
-45.8526489999999995
0
LINE
8
BLACK
6
CONTINUOUS
10
88.1892009999999971
20
-45.8526489999999995
11
88.1892050000000012
21
-45.8526540000000011
0
LINE
8
BLACK
6
CONTINUOUS
10
88.1892050000000012
20
-45.8526540000000011
11
88.3673450000000003
21
-46.0307940000000002
0
LINE
8
BLACK
6
CONTINUOUS
10
88.3673450000000003
20
-46.0307940000000002
11
88.3673500000000018
21
-46.0307979999999972
0
LINE
8
BLACK
6
CONTINUOUS
10
88.3673500000000018
20
-46.0307979999999972
11
88.4975340000000017
21
-46.1253819999999948
0
LINE
8
BLACK
6
CONTINUOUS
10
88.4975340000000017
20
-46.1253819999999948
11
88.5401999999999987
21
-46.1807119999999998
0
LINE
8
BLACK
6
CONTINUOUS
10
88.5401999999999987
20
-46.1807119999999998
11
88.5461789999999951
21
-46.2503249999999966
0
LINE
8
BLACK
6
CONTINUOUS
10
88.5461789999999951
20
-46.2503249999999966
11
88.5135739999999913
21
-46.3121200000000002
0
LINE
8
BLACK
6
CONTINUOUS
10
88.5135739999999913
20
-46.3121200000000002
11
88.4527349999999899
21
-46.3464770000000001
0
LINE
8
BLACK
6
CONTINUOUS
10
88.4527349999999899
20
-46.3464770000000001
11
88.4246490000000023
21
-46.3496999999999986
0
LINE
8
BLACK
6
CONTINUOUS
10
88.4246490000000023
20
-46.3496999999999986
11
88.1219469999999916
21
-46.3496999999999986
0
LINE
8
BLACK
6
CONTINUOUS
10
88.1219469999999916
20
-46.3496999999999986
11
88.0549079999999975
21
-46.330014999999996
0
LINE
8
BLACK
6
CONTINUOUS
10
88.0549079999999975
20
-46.330014999999996
11
88.0342660000000024
21
-46.3133809999999997
0
LINE
8
BLACK
6
CONTINUOUS
10
88.0342660000000024
20
-46.3133809999999997
11
85.538921000000002
21
-43.8180359999999993
0
LINE
8
BLACK
6
CONTINUOUS
10
85.538921000000002
20
-43.8180359999999993
11
85.5389189999999928
21
-43.8180339999999973
0
LINE
8
BLACK
6
CONTINUOUS
10
85.5389189999999928
20
-43.8180339999999973
11
85.3733110000000011
21
-43.6977130000000002
0
LINE
8
BLACK
6
CONTINUOUS
10
85.3733110000000011
20
-43.6977130000000002
11
85.2578239999999994
21
-43.6388699999999972
0
LINE
8
BLACK
6
CONTINUOUS
10
85.2578239999999994
20
-43.6388699999999972
11
85.2578209999999928
21
-43.6388679999999951
0
LINE
8
BLACK
6
CONTINUOUS
10
85.2578209999999928
20
-43.6388679999999951
11
85.190922999999998
21
-43.6047809999999956
0
LINE
8
BLACK
6
CONTINUOUS
10
85.190922999999998
20
-43.6047809999999956
11
85.142990999999995
21
-43.5892069999999947
0
LINE
8
BLACK
6
CONTINUOUS
10
85.142990999999995
20
-43.5892069999999947
11
85.0935759999999988
21
-43.5731509999999957
0
LINE
8
BLACK
6
CONTINUOUS
10
85.0935759999999988
20
-43.5731509999999957
11
85.0697029999999899
21
-43.5653939999999977
0
LINE
8
BLACK
6
CONTINUOUS
10
85.0697029999999899
20
-43.5653939999999977
11
84.9962349999999986
21
-43.5415220000000005
0
LINE
8
BLACK
6
CONTINUOUS
10
84.9962349999999986
20
-43.5415220000000005
11
84.8202029999999922
21
-43.5136419999999973
0
LINE
8
BLACK
6
CONTINUOUS
10
84.8202029999999922
20
-43.5136419999999973
11
84.7940519999999935
21
-43.5094999999999956
0
LINE
8
BLACK
6
CONTINUOUS
10
84.7940519999999935
20
-43.5094999999999956
11
84.7940509999999961
21
-43.5094999999999956
0
LINE
8
BLACK
6
CONTINUOUS
10
84.7940509999999961
20
-43.5094999999999956
11
83.9111419999999981
21
-43.5094999999999956
0
LINE
8
BLACK
6
CONTINUOUS
10
83.9111419999999981
20
-43.5094999999999956
11
83.8441029999999898
21
-43.4898150000000001
0
LINE
8
BLACK
6
CONTINUOUS
10
83.8441029999999898
20
-43.4898150000000001
11
83.7983479999999901
21
-43.4370109999999983
0
LINE
8
BLACK
6
CONTINUOUS
10
83.7983479999999901
20
-43.4370109999999983
11
83.7884039999999999
21
-43.3678529999999967
0
LINE
8
BLACK
6
CONTINUOUS
10
83.7884039999999999
20
-43.3678529999999967
11
83.8108239999999967
21
-43.312615000000001
0
LINE
8
BLACK
6
CONTINUOUS
10
83.8108239999999967
20
-43.312615000000001
11
83.8991029999999967
21
-43.1911059999999978
0
LINE
8
BLACK
6
CONTINUOUS
10
83.8991029999999967
20
-43.1911059999999978
11
83.9588699999999903
21
-43.1088449999999952
0
LINE
8
BLACK
6
CONTINUOUS
10
83.9588699999999903
20
-43.1088449999999952
11
84.0732409999999959
21
-42.8843789999999956
0
LINE
8
BLACK
6
CONTINUOUS
10
84.0732409999999959
20
-42.8843789999999956
11
84.1510899999999964
21
-42.6447849999999988
0
LINE
8
BLACK
6
CONTINUOUS
10
84.1510899999999964
20
-42.6447849999999988
11
84.1905000000000001
21
-42.3959619999999973
0
LINE
8
BLACK
6
CONTINUOUS
10
84.1905000000000001
20
-42.3959619999999973
11
84.1905000000000001
21
-42.1440379999999948
0
LINE
8
BLACK
6
CONTINUOUS
10
84.1905000000000001
20
-42.1440379999999948
11
84.1510899999999964
21
-41.8952150000000003
0
LINE
8
BLACK
6
CONTINUOUS
10
84.1510899999999964
20
-41.8952150000000003
11
84.0732409999999959
21
-41.6556209999999965
0
LINE
8
BLACK
6
CONTINUOUS
10
84.0732409999999959
20
-41.6556209999999965
11
84.0732390000000009
21
-41.6556179999999969
0
LINE
8
BLACK
6
CONTINUOUS
10
84.0732390000000009
20
-41.6556179999999969
11
84.0732390000000009
21
-41.6556159999999949
0
LINE
8
BLACK
6
CONTINUOUS
10
84.0732390000000009
20
-41.6556159999999949
11
84.0317469999999958
21
-41.5741839999999954
0
LINE
8
BLACK
6
CONTINUOUS
10
84.0317469999999958
20
-41.5741839999999954
11
83.9588699999999903
21
-41.4311549999999968
0
LINE
8
BLACK
6
CONTINUOUS
10
83.9588699999999903
20
-41.4311549999999968
11
83.939951999999991
21
-41.4051169999999971
0
LINE
8
BLACK
6
CONTINUOUS
10
83.939951999999991
20
-41.4051169999999971
11
83.8107979999999912
21
-41.2273500000000013
0
LINE
8
BLACK
6
CONTINUOUS
10
83.8107979999999912
20
-41.2273500000000013
11
83.8107940000000013
21
-41.2273449999999997
0
LINE
8
BLACK
6
CONTINUOUS
10
83.8107940000000013
20
-41.2273449999999997
11
83.6711299999999909
21
-41.0876809999999963
0
LINE
8
BLACK
6
CONTINUOUS
10
83.6711299999999909
20
-41.0876809999999963
11
83.637644999999992
21
-41.0263579999999948
0
LINE
8
BLACK
6
CONTINUOUS
10
83.637644999999992
20
-41.0263579999999948
11
83.6426289999999995
21
-40.9566659999999985
0
LINE
8
BLACK
6
CONTINUOUS
10
83.6426289999999995
20
-40.9566659999999985
11
83.6711299999999909
21
-40.9123189999999965
0
LINE
8
BLACK
6
CONTINUOUS
10
83.6711299999999909
20
-40.9123189999999965
11
83.8107929999999897
21
-40.7726559999999978
0
LINE
8
BLACK
6
CONTINUOUS
10
83.8107929999999897
20
-40.7726559999999978
11
83.9588699999999903
21
-40.568844999999996
0
LINE
8
BLACK
6
CONTINUOUS
10
83.9588699999999903
20
-40.568844999999996
11
84.0732409999999959
21
-40.3443789999999964
0
LINE
8
BLACK
6
CONTINUOUS
10
84.0732409999999959
20
-40.3443789999999964
11
84.1510899999999964
21
-40.1047849999999997
0
LINE
8
BLACK
6
CONTINUOUS
10
84.1510899999999964
20
-40.1047849999999997
11
84.1905000000000001
21
-39.8559619999999981
0
LINE
8
BLACK
6
CONTINUOUS
10
84.1905000000000001
20
-39.8559619999999981
11
84.1905000000000001
21
-39.6040379999999956
0
LINE
8
BLACK
6
CONTINUOUS
10
84.1905000000000001
20
-39.6040379999999956
11
84.1510899999999964
21
-39.3552150000000012
0
LINE
8
BLACK
6
CONTINUOUS
10
84.1510899999999964
20
-39.3552150000000012
11
84.0732409999999959
21
-39.1156209999999973
0
LINE
8
BLACK
6
CONTINUOUS
10
84.0732409999999959
20
-39.1156209999999973
11
84.0732390000000009
21
-39.1156179999999978
0
LINE
8
BLACK
6
CONTINUOUS
10
84.0732390000000009
20
-39.1156179999999978
11
84.0732390000000009
21
-39.1156159999999957
0
LINE
8
BLACK
6
CONTINUOUS
10
84.0732390000000009
20
-39.1156159999999957
11
84.0317469999999958
21
-39.0341839999999962
0
LINE
8
BLACK
6
CONTINUOUS
10
84.0317469999999958
20
-39.0341839999999962
11
83.9588699999999903
21
-38.8911549999999977
0
LINE
8
BLACK
6
CONTINUOUS
10
83.9588699999999903
20
-38.8911549999999977
11
83.8162959999999941
21
-38.6949180000000013
0
LINE
8
BLACK
6
CONTINUOUS
10
83.8162959999999941
20
-38.6949180000000013
11
83.792816000000002
21
-38.6291119999999992
0
LINE
8
BLACK
6
CONTINUOUS
10
83.792816000000002
20
-38.6291119999999992
11
83.8086409999999944
21
-38.5610579999999956
0
LINE
8
BLACK
6
CONTINUOUS
10
83.8086409999999944
20
-38.5610579999999956
11
83.8379479999999973
21
-38.5261810000000011
0
LINE
8
BLACK
6
CONTINUOUS
10
83.8379479999999973
20
-38.5261810000000011
11
83.8864099999999979
21
-38.4864099999999993
0
LINE
8
BLACK
6
CONTINUOUS
10
83.8864099999999979
20
-38.4864099999999993
11
84.0176850000000002
21
-38.3264500000000012
0
LINE
8
BLACK
6
CONTINUOUS
10
84.0176850000000002
20
-38.3264500000000012
11
84.1152319999999918
21
-38.1439540000000008
0
LINE
8
BLACK
6
CONTINUOUS
10
84.1152319999999918
20
-38.1439540000000008
11
84.1752999999999929
21
-37.9459340000000012
0
LINE
8
BLACK
6
CONTINUOUS
10
84.1752999999999929
20
-37.9459340000000012
11
84.1905000000000001
21
-37.7916079999999965
0
LINE
8
BLACK
6
CONTINUOUS
10
84.1905000000000001
20
-37.7916079999999965
11
84.1905000000000001
21
-36.5883919999999989
0
LINE
8
BLACK
6
CONTINUOUS
10
84.1905000000000001
20
-36.5883919999999989
11
84.1752999999999929
21
-36.4340660000000014
0
LINE
8
BLACK
6
CONTINUOUS
10
84.1752999999999929
20
-36.4340660000000014
11
84.1152319999999918
21
-36.2360460000000018
0
LINE
8
BLACK
6
CONTINUOUS
10
84.1152319999999918
20
-36.2360460000000018
11
84.0176850000000002
21
-36.0535500000000013
0
LINE
8
BLACK
6
CONTINUOUS
10
84.0176850000000002
20
-36.0535500000000013
11
83.9484619999999921
21
-35.9692009999999982
0
LINE
8
BLACK
6
CONTINUOUS
10
83.9484619999999921
20
-35.9692009999999982
11
83.8864099999999979
21
-35.8935889999999986
0
LINE
8
BLACK
6
CONTINUOUS
10
83.8864099999999979
20
-35.8935889999999986
11
83.7264519999999948
21
-35.7623169999999959
0
LINE
8
BLACK
6
CONTINUOUS
10
83.7264519999999948
20
-35.7623169999999959
11
83.7264529999999922
21
-35.7623169999999959
0
LINE
8
BLACK
6
CONTINUOUS
10
83.7264529999999922
20
-35.7623169999999959
11
83.7264499999999998
21
-35.762315000000001
0
LINE
8
BLACK
6
CONTINUOUS
10
83.7264499999999998
20
-35.762315000000001
11
83.5439539999999994
21
-35.6647679999999951
0
LINE
8
BLACK
6
CONTINUOUS
10
83.5439539999999994
20
-35.6647679999999951
11
83.3459339999999997
21
-35.6047000000000011
0
LINE
8
BLACK
6
CONTINUOUS
10
83.3459339999999997
20
-35.6047000000000011
11
83.3459319999999906
21
-35.6046989999999965
0
LINE
8
BLACK
6
CONTINUOUS
10
83.3459319999999906
20
-35.6046989999999965
11
83.3459339999999997
21
-35.6046989999999965
0
LINE
8
BLACK
6
CONTINUOUS
10
83.3459339999999997
20
-35.6046989999999965
11
83.2268049999999988
21
-35.592965999999997
0
LINE
8
BLACK
6
CONTINUOUS
10
83.2268049999999988
20
-35.592965999999997
11
83.1916080000000022
21
-35.589500000000001
0
LINE
8
BLACK
6
CONTINUOUS
10
83.1916080000000022
20
-35.589500000000001
11
81.1883919999999932
21
-35.589500000000001
0
LINE
8
BLACK
6
CONTINUOUS
10
81.1883919999999932
20
-35.589500000000001
11
81.1502979999999923
21
-35.5932509999999951
0
LINE
8
BLACK
6
CONTINUOUS
10
81.1502979999999923
20
-35.5932509999999951
11
81.0340669999999932
21
-35.6046989999999965
0
LINE
8
BLACK
6
CONTINUOUS
10
81.0340669999999932
20
-35.6046989999999965
11
80.8360429999999894
21
-35.6647689999999997
0
LINE
8
BLACK
6
CONTINUOUS
10
80.8360429999999894
20
-35.6647689999999997
11
80.7283449999999903
21
-35.7223359999999985
0
LINE
8
BLACK
6
CONTINUOUS
10
80.7283449999999903
20
-35.7223359999999985
11
80.6535499999999956
21
-35.762315000000001
0
LINE
8
BLACK
6
CONTINUOUS
10
80.6535499999999956
20
-35.762315000000001
11
80.6535480000000007
21
-35.7623159999999984
0
LINE
8
BLACK
6
CONTINUOUS
10
80.6535480000000007
20
-35.7623159999999984
11
80.6535470000000032
21
-35.7623169999999959
0
LINE
8
BLACK
6
CONTINUOUS
10
80.6535470000000032
20
-35.7623169999999959
11
80.4935890000000001
21
-35.8935889999999986
0
LINE
8
BLACK
6
CONTINUOUS
10
80.4935890000000001
20
-35.8935889999999986
11
80.3623169999999902
21
-36.0535470000000018
0
LINE
8
BLACK
6
CONTINUOUS
10
80.3623169999999902
20
-36.0535470000000018
11
80.2647690000000011
21
-36.2360429999999951
0
LINE
8
BLACK
6
CONTINUOUS
10
80.2647690000000011
20
-36.2360429999999951
11
80.2046989999999909
21
-36.4340669999999989
0
LINE
8
BLACK
6
CONTINUOUS
10
80.2046989999999909
20
-36.4340669999999989
11
80.1935739999999981
21
-36.5470289999999949
0
LINE
8
BLACK
6
CONTINUOUS
10
80.1935739999999981
20
-36.5470289999999949
11
80.1894999999999953
21
-36.5883919999999989
0
LINE
8
BLACK
6
CONTINUOUS
10
80.1894999999999953
20
-36.5883919999999989
11
80.1894999999999953
21
-37.7916079999999965
0
LINE
8
BLACK
6
CONTINUOUS
10
78.4350819999999942
20
-71.4116549999999961
11
78.4350819999999942
21
-67.9961029999999909
0
LINE
8
BLACK
6
CONTINUOUS
10
78.4350819999999942
20
-67.9961029999999909
11
72.8080709999999982
21
-67.9961029999999909
0
LINE
8
BLACK
6
CONTINUOUS
10
72.8080709999999982
20
-67.9961029999999909
11
72.8080709999999982
21
-71.4116549999999961
0
LINE
8
BLACK
6
CONTINUOUS
10
72.8080709999999982
20
-71.4116549999999961
11
78.4350819999999942
21
-71.4116549999999961
0
LINE
8
BLACK
6
CONTINUOUS
10
68.8500820000000004
20
-68.3616549999999989
11
68.8500820000000004
21
-67.5883919999999989
0
LINE
8
BLACK
6
CONTINUOUS
10
68.8500820000000004
20
-67.5883919999999989
11
68.8500820000000004
21
-64.9461029999999937
0
LINE
8
BLACK
6
CONTINUOUS
10
68.8500820000000004
20
-64.9461029999999937
11
63.2230709999999974
21
-64.9461029999999937
0
LINE
8
BLACK
6
CONTINUOUS
10
63.2230709999999974
20
-64.9461029999999937
11
63.2230709999999974
21
-68.3616549999999989
0
LINE
8
BLACK
6
CONTINUOUS
10
63.2230709999999974
20
-68.3616549999999989
11
68.8500820000000004
21
-68.3616549999999989
0
LINE
8
BLACK
6
CONTINUOUS
10
54.848357
20
-63.8616549999999989
11
54.848357
21
-61.8740379999999988
0
LINE
8
BLACK
6
CONTINUOUS
10
54.848357
20
-61.8740379999999988
11
54.848357
21
-60.444983999999998
0
LINE
8
BLACK
6
CONTINUOUS
10
54.848357
20
-60.444983999999998
11
49.2230709999999974
21
-60.444983999999998
0
LINE
8
BLACK
6
CONTINUOUS
10
49.2230709999999974
20
-60.444983999999998
11
49.2230709999999974
21
-63.8616549999999989
0
LINE
8
BLACK
6
CONTINUOUS
10
49.2230709999999974
20
-63.8616549999999989
11
54.848357
21
-63.8616549999999989
0
LINE
8
BLACK
6
CONTINUOUS
10
109.4107969999999881
20
-63.8605529999999959
11
109.4107969999999881
21
-60.4461030000000008
0
LINE
8
BLACK
6
CONTINUOUS
10
109.4107969999999881
20
-60.4461030000000008
11
105.1382249999999914
21
-60.4461030000000008
0
LINE
8
BLACK
6
CONTINUOUS
10
105.1382249999999914
20
-60.4461030000000008
11
105.1382249999999914
21
-63.8605529999999959
0
LINE
8
BLACK
6
CONTINUOUS
10
105.1382249999999914
20
-63.8605529999999959
11
109.4107969999999881
21
-63.8605529999999959
0
LINE
8
BLACK
6
CONTINUOUS
10
60.5894999999999939
20
-62.1259609999999967
11
60.6289099999999976
21
-62.3747849999999957
0
LINE
8
BLACK
6
CONTINUOUS
10
60.6289099999999976
20
-62.3747849999999957
11
60.7067599999999956
21
-62.6143829999999966
0
LINE
8
BLACK
6
CONTINUOUS
10
60.7067599999999956
20
-62.6143829999999966
11
60.8211319999999986
21
-62.8388479999999987
0
LINE
8
BLACK
6
CONTINUOUS
10
60.8211319999999986
20
-62.8388479999999987
11
60.9692009999999982
21
-63.0426489999999973
0
LINE
8
BLACK
6
CONTINUOUS
10
60.9692009999999982
20
-63.0426489999999973
11
60.9692049999999952
21
-63.0426539999999989
0
LINE
8
BLACK
6
CONTINUOUS
10
60.9692049999999952
20
-63.0426539999999989
11
61.1473449999999943
21
-63.2207939999999979
0
LINE
8
BLACK
6
CONTINUOUS
10
61.1473449999999943
20
-63.2207939999999979
11
61.1473499999999959
21
-63.2207979999999949
0
LINE
8
BLACK
6
CONTINUOUS
10
61.1473499999999959
20
-63.2207979999999949
11
61.3251169999999988
21
-63.3499519999999947
0
LINE
8
BLACK
6
CONTINUOUS
10
61.3251169999999988
20
-63.3499519999999947
11
61.3511549999999986
21
-63.368869999999994
0
LINE
8
BLACK
6
CONTINUOUS
10
61.3511549999999986
20
-63.368869999999994
11
61.4941839999999971
21
-63.4417469999999994
0
LINE
8
BLACK
6
CONTINUOUS
10
61.4941839999999971
20
-63.4417469999999994
11
61.5756159999999966
21
-63.4832389999999975
0
LINE
8
BLACK
6
CONTINUOUS
10
61.5756159999999966
20
-63.4832389999999975
11
61.5756179999999986
21
-63.4832389999999975
0
LINE
8
BLACK
6
CONTINUOUS
10
61.5756179999999986
20
-63.4832389999999975
11
61.5756209999999982
21
-63.4832409999999996
0
LINE
8
BLACK
6
CONTINUOUS
10
61.5756209999999982
20
-63.4832409999999996
11
61.8152149999999949
21
-63.5610900000000001
0
LINE
8
BLACK
6
CONTINUOUS
10
61.8152149999999949
20
-63.5610900000000001
11
62.0640379999999965
21
-63.6004999999999967
0
LINE
8
BLACK
6
CONTINUOUS
10
62.0640379999999965
20
-63.6004999999999967
11
62.064038999999994
21
-63.6004999999999967
0
LINE
8
BLACK
6
CONTINUOUS
10
62.064038999999994
20
-63.6004999999999967
11
62.3159609999999944
21
-63.6004999999999967
0
LINE
8
BLACK
6
CONTINUOUS
10
62.3159609999999944
20
-63.6004999999999967
11
62.315961999999999
21
-63.6004999999999967
0
LINE
8
BLACK
6
CONTINUOUS
10
62.315961999999999
20
-63.6004999999999967
11
62.5647850000000005
21
-63.5610900000000001
0
LINE
8
BLACK
6
CONTINUOUS
10
62.5647850000000005
20
-63.5610900000000001
11
62.8043789999999973
21
-63.4832409999999996
0
LINE
8
BLACK
6
CONTINUOUS
10
62.8043789999999973
20
-63.4832409999999996
11
63.0288449999999969
21
-63.368869999999994
0
LINE
8
BLACK
6
CONTINUOUS
10
63.0288449999999969
20
-63.368869999999994
11
63.2326559999999986
21
-63.2207930000000005
0
LINE
8
BLACK
6
CONTINUOUS
10
63.2326559999999986
20
-63.2207930000000005
11
63.4107929999999982
21
-63.0426559999999938
0
LINE
8
BLACK
6
CONTINUOUS
10
63.4107929999999982
20
-63.0426559999999938
11
63.5588699999999989
21
-62.8388449999999992
0
LINE
8
BLACK
6
CONTINUOUS
10
63.5588699999999989
20
-62.8388449999999992
11
63.6732409999999973
21
-62.6143789999999996
0
LINE
8
BLACK
6
CONTINUOUS
10
63.6732409999999973
20
-62.6143789999999996
11
63.7510899999999978
21
-62.3747849999999957
0
LINE
8
BLACK
6
CONTINUOUS
10
63.7510899999999978
20
-62.3747849999999957
11
63.7904999999999944
21
-62.1259619999999941
0
LINE
8
BLACK
6
CONTINUOUS
10
63.7904999999999944
20
-62.1259619999999941
11
63.7904999999999944
21
-61.8740379999999988
0
LINE
8
BLACK
6
CONTINUOUS
10
63.7904999999999944
20
-61.8740379999999988
11
63.7510899999999978
21
-61.6252149999999972
0
LINE
8
BLACK
6
CONTINUOUS
10
63.7510899999999978
20
-61.6252149999999972
11
63.6732409999999973
21
-61.3856210000000004
0
LINE
8
BLACK
6
CONTINUOUS
10
63.6732409999999973
20
-61.3856210000000004
11
63.6732389999999953
21
-61.3856179999999938
0
LINE
8
BLACK
6
CONTINUOUS
10
63.6732389999999953
20
-61.3856179999999938
11
63.6732389999999953
21
-61.3856159999999988
0
LINE
8
BLACK
6
CONTINUOUS
10
63.6732389999999953
20
-61.3856159999999988
11
63.6317469999999972
21
-61.3041839999999993
0
LINE
8
BLACK
6
CONTINUOUS
10
63.6317469999999972
20
-61.3041839999999993
11
63.5588699999999989
21
-61.1611549999999937
0
LINE
8
BLACK
6
CONTINUOUS
10
63.5588699999999989
20
-61.1611549999999937
11
63.5399519999999995
21
-61.1351169999999939
0
LINE
8
BLACK
6
CONTINUOUS
10
63.5399519999999995
20
-61.1351169999999939
11
63.4107979999999998
21
-60.9573499999999981
0
LINE
8
BLACK
6
CONTINUOUS
10
63.4107979999999998
20
-60.9573499999999981
11
63.4107939999999957
21
-60.9573449999999966
0
LINE
8
BLACK
6
CONTINUOUS
10
63.4107939999999957
20
-60.9573449999999966
11
63.2326539999999966
21
-60.7792049999999975
0
LINE
8
BLACK
6
CONTINUOUS
10
63.2326539999999966
20
-60.7792049999999975
11
63.232648999999995
21
-60.7792010000000005
0
LINE
8
BLACK
6
CONTINUOUS
10
63.232648999999995
20
-60.7792010000000005
11
63.0288479999999964
21
-60.6311319999999938
0
LINE
8
BLACK
6
CONTINUOUS
10
63.0288479999999964
20
-60.6311319999999938
11
63.028846999999999
21
-60.6311309999999963
0
LINE
8
BLACK
6
CONTINUOUS
10
63.028846999999999
20
-60.6311309999999963
11
63.0288449999999969
21
-60.6311299999999989
0
LINE
8
BLACK
6
CONTINUOUS
10
63.0288449999999969
20
-60.6311299999999989
11
62.9587469999999954
21
-60.5954130000000006
0
LINE
8
BLACK
6
CONTINUOUS
10
62.9587469999999954
20
-60.5954130000000006
11
62.8043829999999943
21
-60.5167599999999979
0
LINE
8
BLACK
6
CONTINUOUS
10
62.8043829999999943
20
-60.5167599999999979
11
62.5647850000000005
21
-60.4389099999999999
0
LINE
8
BLACK
6
CONTINUOUS
10
62.5647850000000005
20
-60.4389099999999999
11
62.315961999999999
21
-60.3994999999999962
0
LINE
8
BLACK
6
CONTINUOUS
10
62.315961999999999
20
-60.3994999999999962
11
62.0640379999999965
21
-60.3994999999999962
0
LINE
8
BLACK
6
CONTINUOUS
10
62.0640379999999965
20
-60.3994999999999962
11
61.939625999999997
21
-60.4192049999999981
0
LINE
8
BLACK
6
CONTINUOUS
10
61.939625999999997
20
-60.4192049999999981
11
61.8152139999999974
21
-60.4389099999999999
0
LINE
8
BLACK
6
CONTINUOUS
10
61.8152139999999974
20
-60.4389099999999999
11
61.5756159999999966
21
-60.5167599999999979
0
LINE
8
BLACK
6
CONTINUOUS
10
61.5756159999999966
20
-60.5167599999999979
11
61.3511509999999944
21
-60.6311319999999938
0
LINE
8
BLACK
6
CONTINUOUS
10
61.3511509999999944
20
-60.6311319999999938
11
61.1473499999999959
21
-60.7792010000000005
0
LINE
8
BLACK
6
CONTINUOUS
10
61.1473499999999959
20
-60.7792010000000005
11
61.1473449999999943
21
-60.7792049999999975
0
LINE
8
BLACK
6
CONTINUOUS
10
61.1473449999999943
20
-60.7792049999999975
11
60.9692049999999952
21
-60.9573449999999966
0
LINE
8
BLACK
6
CONTINUOUS
10
60.9692049999999952
20
-60.9573449999999966
11
60.9692009999999982
21
-60.9573499999999981
0
LINE
8
BLACK
6
CONTINUOUS
10
60.9692009999999982
20
-60.9573499999999981
11
60.8211319999999986
21
-61.1611509999999967
0
LINE
8
BLACK
6
CONTINUOUS
10
60.8211319999999986
20
-61.1611509999999967
11
60.7067599999999956
21
-61.3856159999999988
0
LINE
8
BLACK
6
CONTINUOUS
10
60.7067599999999956
20
-61.3856159999999988
11
60.6289099999999976
21
-61.6252139999999997
0
LINE
8
BLACK
6
CONTINUOUS
10
60.6289099999999976
20
-61.6252139999999997
11
60.5894999999999939
21
-61.8740379999999988
0
LINE
8
BLACK
6
CONTINUOUS
10
60.5894999999999939
20
-61.8740379999999988
11
60.5894999999999939
21
-62.1259609999999967
0
LINE
8
BLACK
6
CONTINUOUS
10
68.2094999999999914
20
-62.1259609999999967
11
68.2489099999999951
21
-62.3747849999999957
0
LINE
8
BLACK
6
CONTINUOUS
10
68.2489099999999951
20
-62.3747849999999957
11
68.3267599999999931
21
-62.6143829999999966
0
LINE
8
BLACK
6
CONTINUOUS
10
68.3267599999999931
20
-62.6143829999999966
11
68.4411319999999961
21
-62.8388479999999987
0
LINE
8
BLACK
6
CONTINUOUS
10
68.4411319999999961
20
-62.8388479999999987
11
68.5892010000000028
21
-63.0426489999999973
0
LINE
8
BLACK
6
CONTINUOUS
10
68.5892010000000028
20
-63.0426489999999973
11
68.5892049999999927
21
-63.0426539999999989
0
LINE
8
BLACK
6
CONTINUOUS
10
68.5892049999999927
20
-63.0426539999999989
11
68.7673449999999917
21
-63.2207939999999979
0
LINE
8
BLACK
6
CONTINUOUS
10
68.7673449999999917
20
-63.2207939999999979
11
68.7673499999999933
21
-63.2207979999999949
0
LINE
8
BLACK
6
CONTINUOUS
10
68.7673499999999933
20
-63.2207979999999949
11
68.9451169999999962
21
-63.3499519999999947
0
LINE
8
BLACK
6
CONTINUOUS
10
68.9451169999999962
20
-63.3499519999999947
11
68.971154999999996
21
-63.368869999999994
0
LINE
8
BLACK
6
CONTINUOUS
10
68.971154999999996
20
-63.368869999999994
11
69.1141839999999945
21
-63.4417469999999994
0
LINE
8
BLACK
6
CONTINUOUS
10
69.1141839999999945
20
-63.4417469999999994
11
69.1956160000000011
21
-63.4832389999999975
0
LINE
8
BLACK
6
CONTINUOUS
10
69.1956160000000011
20
-63.4832389999999975
11
69.1956179999999961
21
-63.4832389999999975
0
LINE
8
BLACK
6
CONTINUOUS
10
69.1956179999999961
20
-63.4832389999999975
11
69.1956210000000027
21
-63.4832409999999996
0
LINE
8
BLACK
6
CONTINUOUS
10
69.1956210000000027
20
-63.4832409999999996
11
69.4352149999999995
21
-63.5610900000000001
0
LINE
8
BLACK
6
CONTINUOUS
10
69.4352149999999995
20
-63.5610900000000001
11
69.684038000000001
21
-63.6004999999999967
0
LINE
8
BLACK
6
CONTINUOUS
10
69.684038000000001
20
-63.6004999999999967
11
69.6840389999999985
21
-63.6004999999999967
0
LINE
8
BLACK
6
CONTINUOUS
10
69.6840389999999985
20
-63.6004999999999967
11
69.9359609999999918
21
-63.6004999999999967
0
LINE
8
BLACK
6
CONTINUOUS
10
69.9359609999999918
20
-63.6004999999999967
11
69.9359620000000035
21
-63.6004999999999967
0
LINE
8
BLACK
6
CONTINUOUS
10
69.9359620000000035
20
-63.6004999999999967
11
70.1847849999999909
21
-63.5610900000000001
0
LINE
8
BLACK
6
CONTINUOUS
10
70.1847849999999909
20
-63.5610900000000001
11
70.4243790000000018
21
-63.4832409999999996
0
LINE
8
BLACK
6
CONTINUOUS
10
70.4243790000000018
20
-63.4832409999999996
11
70.6488449999999943
21
-63.368869999999994
0
LINE
8
BLACK
6
CONTINUOUS
10
70.6488449999999943
20
-63.368869999999994
11
70.8526559999999961
21
-63.2207930000000005
0
LINE
8
BLACK
6
CONTINUOUS
10
70.8526559999999961
20
-63.2207930000000005
11
71.0307930000000027
21
-63.0426559999999938
0
LINE
8
BLACK
6
CONTINUOUS
10
71.0307930000000027
20
-63.0426559999999938
11
71.1788700000000034
21
-62.8388449999999992
0
LINE
8
BLACK
6
CONTINUOUS
10
71.1788700000000034
20
-62.8388449999999992
11
71.2932409999999948
21
-62.6143789999999996
0
LINE
8
BLACK
6
CONTINUOUS
10
71.2932409999999948
20
-62.6143789999999996
11
71.3710899999999953
21
-62.3747849999999957
0
LINE
8
BLACK
6
CONTINUOUS
10
71.3710899999999953
20
-62.3747849999999957
11
71.410499999999999
21
-62.1259619999999941
0
LINE
8
BLACK
6
CONTINUOUS
10
71.410499999999999
20
-62.1259619999999941
11
71.410499999999999
21
-61.8740379999999988
0
LINE
8
BLACK
6
CONTINUOUS
10
71.410499999999999
20
-61.8740379999999988
11
71.3710899999999953
21
-61.6252149999999972
0
LINE
8
BLACK
6
CONTINUOUS
10
71.3710899999999953
20
-61.6252149999999972
11
71.2932409999999948
21
-61.3856210000000004
0
LINE
8
BLACK
6
CONTINUOUS
10
71.2932409999999948
20
-61.3856210000000004
11
71.2932389999999998
21
-61.3856179999999938
0
LINE
8
BLACK
6
CONTINUOUS
10
71.2932389999999998
20
-61.3856179999999938
11
71.2932389999999998
21
-61.3856159999999988
0
LINE
8
BLACK
6
CONTINUOUS
10
71.2932389999999998
20
-61.3856159999999988
11
71.2517469999999946
21
-61.3041839999999993
0
LINE
8
BLACK
6
CONTINUOUS
10
71.2517469999999946
20
-61.3041839999999993
11
71.1788700000000034
21
-61.1611549999999937
0
LINE
8
BLACK
6
CONTINUOUS
10
71.1788700000000034
20
-61.1611549999999937
11
71.1599519999999899
21
-61.1351169999999939
0
LINE
8
BLACK
6
CONTINUOUS
10
71.1599519999999899
20
-61.1351169999999939
11
71.0307979999999901
21
-60.9573499999999981
0
LINE
8
BLACK
6
CONTINUOUS
10
71.0307979999999901
20
-60.9573499999999981
11
71.0307940000000002
21
-60.9573449999999966
0
LINE
8
BLACK
6
CONTINUOUS
10
71.0307940000000002
20
-60.9573449999999966
11
70.8526540000000011
21
-60.7792049999999975
0
LINE
8
BLACK
6
CONTINUOUS
10
70.8526540000000011
20
-60.7792049999999975
11
70.8526489999999995
21
-60.7792010000000005
0
LINE
8
BLACK
6
CONTINUOUS
10
70.8526489999999995
20
-60.7792010000000005
11
70.648848000000001
21
-60.6311319999999938
0
LINE
8
BLACK
6
CONTINUOUS
10
70.648848000000001
20
-60.6311319999999938
11
70.6488470000000035
21
-60.6311309999999963
0
LINE
8
BLACK
6
CONTINUOUS
10
70.6488470000000035
20
-60.6311309999999963
11
70.6488449999999943
21
-60.6311299999999989
0
LINE
8
BLACK
6
CONTINUOUS
10
70.6488449999999943
20
-60.6311299999999989
11
70.5787469999999928
21
-60.5954130000000006
0
LINE
8
BLACK
6
CONTINUOUS
10
70.5787469999999928
20
-60.5954130000000006
11
70.4243829999999917
21
-60.5167599999999979
0
LINE
8
BLACK
6
CONTINUOUS
10
70.4243829999999917
20
-60.5167599999999979
11
70.1847849999999909
21
-60.4389099999999999
0
LINE
8
BLACK
6
CONTINUOUS
10
70.1847849999999909
20
-60.4389099999999999
11
69.9359620000000035
21
-60.3994999999999962
0
LINE
8
BLACK
6
CONTINUOUS
10
69.9359620000000035
20
-60.3994999999999962
11
69.684038000000001
21
-60.3994999999999962
0
LINE
8
BLACK
6
CONTINUOUS
10
69.684038000000001
20
-60.3994999999999962
11
69.5596259999999944
21
-60.4192049999999981
0
LINE
8
BLACK
6
CONTINUOUS
10
69.5596259999999944
20
-60.4192049999999981
11
69.435214000000002
21
-60.4389099999999999
0
LINE
8
BLACK
6
CONTINUOUS
10
69.435214000000002
20
-60.4389099999999999
11
69.1956160000000011
21
-60.5167599999999979
0
LINE
8
BLACK
6
CONTINUOUS
10
69.1956160000000011
20
-60.5167599999999979
11
68.9711509999999919
21
-60.6311319999999938
0
LINE
8
BLACK
6
CONTINUOUS
10
68.9711509999999919
20
-60.6311319999999938
11
68.7673499999999933
21
-60.7792010000000005
0
LINE
8
BLACK
6
CONTINUOUS
10
68.7673499999999933
20
-60.7792010000000005
11
68.7673449999999917
21
-60.7792049999999975
0
LINE
8
BLACK
6
CONTINUOUS
10
68.7673449999999917
20
-60.7792049999999975
11
68.5892049999999927
21
-60.9573449999999966
0
LINE
8
BLACK
6
CONTINUOUS
10
68.5892049999999927
20
-60.9573449999999966
11
68.5892010000000028
21
-60.9573499999999981
0
LINE
8
BLACK
6
CONTINUOUS
10
68.5892010000000028
20
-60.9573499999999981
11
68.4411319999999961
21
-61.1611509999999967
0
LINE
8
BLACK
6
CONTINUOUS
10
68.4411319999999961
20
-61.1611509999999967
11
68.3267599999999931
21
-61.3856159999999988
0
LINE
8
BLACK
6
CONTINUOUS
10
68.3267599999999931
20
-61.3856159999999988
11
68.2489099999999951
21
-61.6252139999999997
0
LINE
8
BLACK
6
CONTINUOUS
10
68.2489099999999951
20
-61.6252139999999997
11
68.2094999999999914
21
-61.8740379999999988
0
LINE
8
BLACK
6
CONTINUOUS
10
68.2094999999999914
20
-61.8740379999999988
11
68.2094999999999914
21
-62.1259609999999967
0
LINE
8
BLACK
6
CONTINUOUS
10
32.3092059999999961
20
-53.6995009999999979
11
32.0102329999999995
21
-53.738861
0
LINE
8
BLACK
6
CONTINUOUS
10
32.0102329999999995
20
-53.738861
11
31.7189389999999989
21
-53.8169129999999996
0
LINE
8
BLACK
6
CONTINUOUS
10
31.7189389999999989
20
-53.8169129999999996
11
31.440337999999997
21
-53.9323139999999981
0
LINE
8
BLACK
6
CONTINUOUS
10
31.440337999999997
20
-53.9323139999999981
11
31.4403279999999974
21
-53.9323179999999951
0
LINE
8
BLACK
6
CONTINUOUS
10
31.4403279999999974
20
-53.9323179999999951
11
31.1791679999999971
21
-54.0830989999999971
0
LINE
8
BLACK
6
CONTINUOUS
10
31.1791679999999971
20
-54.0830989999999971
11
30.9399209999999982
21
-54.2666789999999963
0
LINE
8
BLACK
6
CONTINUOUS
10
30.9399209999999982
20
-54.2666789999999963
11
30.9399139999999981
21
-54.2666849999999954
0
LINE
8
BLACK
6
CONTINUOUS
10
30.9399139999999981
20
-54.2666849999999954
11
30.7266849999999998
21
-54.4799140000000008
0
LINE
8
BLACK
6
CONTINUOUS
10
30.7266849999999998
20
-54.4799140000000008
11
30.7266789999999972
21
-54.4799209999999974
0
LINE
8
BLACK
6
CONTINUOUS
10
30.7266789999999972
20
-54.4799209999999974
11
30.543098999999998
21
-54.7191679999999963
0
LINE
8
BLACK
6
CONTINUOUS
10
30.543098999999998
20
-54.7191679999999963
11
30.3923179999999995
21
-54.9803280000000001
0
LINE
8
BLACK
6
CONTINUOUS
10
30.3923179999999995
20
-54.9803280000000001
11
30.3923139999999989
21
-54.9803379999999962
0
LINE
8
BLACK
6
CONTINUOUS
10
30.3923139999999989
20
-54.9803379999999962
11
30.2769139999999979
21
-55.258936999999996
0
LINE
8
BLACK
6
CONTINUOUS
10
30.2769139999999979
20
-55.258936999999996
11
30.2769129999999969
21
-55.2589419999999976
0
LINE
8
BLACK
6
CONTINUOUS
10
30.2769129999999969
20
-55.2589419999999976
11
30.2314499999999988
21
-55.4286139999999961
0
LINE
8
BLACK
6
CONTINUOUS
10
30.2314499999999988
20
-55.4286139999999961
11
30.2259999999999991
21
-55.4489529999999959
0
LINE
8
BLACK
6
CONTINUOUS
10
30.2259999999999991
20
-55.4489529999999959
11
30.1896349999999991
21
-55.5086129999999969
0
LINE
8
BLACK
6
CONTINUOUS
10
30.1896349999999991
20
-55.5086129999999969
11
30.1267879999999977
21
-55.5391419999999982
0
LINE
8
BLACK
6
CONTINUOUS
10
30.1267879999999977
20
-55.5391419999999982
11
30.0574119999999994
21
-55.5308469999999943
0
LINE
8
BLACK
6
CONTINUOUS
10
30.0574119999999994
20
-55.5308469999999943
11
30.0035339999999984
21
-55.4863619999999997
0
LINE
8
BLACK
6
CONTINUOUS
10
30.0035339999999984
20
-55.4863619999999997
11
29.9822600000000001
21
-55.4198099999999982
0
LINE
8
BLACK
6
CONTINUOUS
10
29.9822600000000001
20
-55.4198099999999982
11
29.9822249999999997
21
-55.4168589999999952
0
LINE
8
BLACK
6
CONTINUOUS
10
29.9822249999999997
20
-55.4168589999999952
11
29.9822249999999997
21
-54.2211029999999994
0
LINE
8
BLACK
6
CONTINUOUS
10
29.9822249999999997
20
-54.2211029999999994
11
25.9980709999999995
21
-54.2211029999999994
0
LINE
8
BLACK
6
CONTINUOUS
10
25.9980709999999995
20
-54.2211029999999994
11
25.9980709999999995
21
-57.6355529999999945
0
LINE
8
BLACK
6
CONTINUOUS
10
25.9980709999999995
20
-57.6355529999999945
11
29.9822249999999997
21
-57.6355529999999945
0
LINE
8
BLACK
6
CONTINUOUS
10
29.9822249999999997
20
-57.6355529999999945
11
29.9822249999999997
21
-56.5831400000000002
0
LINE
8
BLACK
6
CONTINUOUS
10
29.9822249999999997
20
-56.5831400000000002
11
30.0019099999999987
21
-56.516100999999999
0
LINE
8
BLACK
6
CONTINUOUS
10
30.0019099999999987
20
-56.516100999999999
11
30.054713999999997
21
-56.4703459999999993
0
LINE
8
BLACK
6
CONTINUOUS
10
30.054713999999997
20
-56.4703459999999993
11
30.1238719999999986
21
-56.4604019999999949
0
LINE
8
BLACK
6
CONTINUOUS
10
30.1238719999999986
20
-56.4604019999999949
11
30.187427999999997
21
-56.4894269999999992
0
LINE
8
BLACK
6
CONTINUOUS
10
30.187427999999997
20
-56.4894269999999992
11
30.2252019999999995
21
-56.5482049999999958
0
LINE
8
BLACK
6
CONTINUOUS
10
30.2252019999999995
20
-56.5482049999999958
11
30.2259999999999991
21
-56.551046999999997
0
LINE
8
BLACK
6
CONTINUOUS
10
30.2259999999999991
20
-56.551046999999997
11
30.2769129999999969
21
-56.7410599999999974
0
LINE
8
BLACK
6
CONTINUOUS
10
30.2769129999999969
20
-56.7410599999999974
11
30.3923139999999989
21
-57.0196609999999993
0
LINE
8
BLACK
6
CONTINUOUS
10
30.3923139999999989
20
-57.0196609999999993
11
30.3923179999999995
21
-57.0196709999999953
0
LINE
8
BLACK
6
CONTINUOUS
10
30.3923179999999995
20
-57.0196709999999953
11
30.543098999999998
21
-57.2808309999999992
0
LINE
8
BLACK
6
CONTINUOUS
10
30.543098999999998
20
-57.2808309999999992
11
30.7266789999999972
21
-57.520077999999998
0
LINE
8
BLACK
6
CONTINUOUS
10
30.7266789999999972
20
-57.520077999999998
11
30.7266849999999998
21
-57.5200849999999946
0
LINE
8
BLACK
6
CONTINUOUS
10
30.7266849999999998
20
-57.5200849999999946
11
30.9399139999999981
21
-57.733314
0
LINE
8
BLACK
6
CONTINUOUS
10
30.9399139999999981
20
-57.733314
11
30.9399209999999982
21
-57.7333199999999991
0
LINE
8
BLACK
6
CONTINUOUS
10
30.9399209999999982
20
-57.7333199999999991
11
31.1791679999999971
21
-57.9168999999999983
0
LINE
8
BLACK
6
CONTINUOUS
10
31.1791679999999971
20
-57.9168999999999983
11
31.4403279999999974
21
-58.0676810000000003
0
LINE
8
BLACK
6
CONTINUOUS
10
31.4403279999999974
20
-58.0676810000000003
11
31.4403289999999984
21
-58.0676810000000003
0
LINE
8
BLACK
6
CONTINUOUS
10
31.4403289999999984
20
-58.0676810000000003
11
31.4403319999999979
21
-58.0676829999999953
0
LINE
8
BLACK
6
CONTINUOUS
10
31.4403319999999979
20
-58.0676829999999953
11
31.6260719999999971
21
-58.1446189999999987
0
LINE
8
BLACK
6
CONTINUOUS
10
31.6260719999999971
20
-58.1446189999999987
11
31.7189389999999989
21
-58.1830859999999959
0
LINE
8
BLACK
6
CONTINUOUS
10
31.7189389999999989
20
-58.1830859999999959
11
31.7189399999999999
21
-58.1830859999999959
0
LINE
8
BLACK
6
CONTINUOUS
10
31.7189399999999999
20
-58.1830859999999959
11
31.7189419999999984
21
-58.1830870000000004
0
LINE
8
BLACK
6
CONTINUOUS
10
31.7189419999999984
20
-58.1830870000000004
11
32.010232000000002
21
-58.2611379999999954
0
LINE
8
BLACK
6
CONTINUOUS
10
32.010232000000002
20
-58.2611379999999954
11
32.3092169999999967
21
-58.3004999999999995
0
LINE
8
BLACK
6
CONTINUOUS
10
32.3092169999999967
20
-58.3004999999999995
11
32.3092240000000004
21
-58.3004999999999995
0
LINE
8
BLACK
6
CONTINUOUS
10
32.3092240000000004
20
-58.3004999999999995
11
32.6107760000000013
21
-58.3004999999999995
0
LINE
8
BLACK
6
CONTINUOUS
10
32.6107760000000013
20
-58.3004999999999995
11
32.6107829999999979
21
-58.3004999999999995
0
LINE
8
BLACK
6
CONTINUOUS
10
32.6107829999999979
20
-58.3004999999999995
11
32.9097679999999997
21
-58.2611379999999954
0
LINE
8
BLACK
6
CONTINUOUS
10
32.9097679999999997
20
-58.2611379999999954
11
33.2010579999999962
21
-58.1830870000000004
0
LINE
8
BLACK
6
CONTINUOUS
10
33.2010579999999962
20
-58.1830870000000004
11
33.4796679999999967
21
-58.0676829999999953
0
LINE
8
BLACK
6
CONTINUOUS
10
33.4796679999999967
20
-58.0676829999999953
11
33.7408319999999975
21
-57.9168999999999983
0
LINE
8
BLACK
6
CONTINUOUS
10
33.7408319999999975
20
-57.9168999999999983
11
33.980080000000001
21
-57.7333189999999945
0
LINE
8
BLACK
6
CONTINUOUS
10
33.980080000000001
20
-57.7333189999999945
11
34.1933189999999954
21
-57.5200800000000001
0
LINE
8
BLACK
6
CONTINUOUS
10
34.1933189999999954
20
-57.5200800000000001
11
34.3768999999999991
21
-57.2808319999999966
0
LINE
8
BLACK
6
CONTINUOUS
10
34.3768999999999991
20
-57.2808319999999966
11
34.5276829999999961
21
-57.0196679999999958
0
LINE
8
BLACK
6
CONTINUOUS
10
34.5276829999999961
20
-57.0196679999999958
11
34.6430870000000013
21
-56.7410579999999953
0
LINE
8
BLACK
6
CONTINUOUS
10
34.6430870000000013
20
-56.7410579999999953
11
34.7211379999999963
21
-56.4497679999999988
0
LINE
8
BLACK
6
CONTINUOUS
10
34.7211379999999963
20
-56.4497679999999988
11
34.7605000000000004
21
-56.150782999999997
0
LINE
8
BLACK
6
CONTINUOUS
10
34.7605000000000004
20
-56.150782999999997
11
34.7605000000000004
21
-55.8492169999999959
0
LINE
8
BLACK
6
CONTINUOUS
10
34.7605000000000004
20
-55.8492169999999959
11
34.7211379999999963
21
-55.5502319999999941
0
LINE
8
BLACK
6
CONTINUOUS
10
34.7211379999999963
20
-55.5502319999999941
11
34.6430870000000013
21
-55.2589419999999976
0
LINE
8
BLACK
6
CONTINUOUS
10
34.6430870000000013
20
-55.2589419999999976
11
34.6430819999999997
21
-55.2589309999999969
0
LINE
8
BLACK
6
CONTINUOUS
10
34.6430819999999997
20
-55.2589309999999969
11
34.5669910000000016
21
-55.0752309999999952
0
LINE
8
BLACK
6
CONTINUOUS
10
34.5669910000000016
20
-55.0752309999999952
11
34.5276829999999961
21
-54.9803319999999971
0
LINE
8
BLACK
6
CONTINUOUS
10
34.5276829999999961
20
-54.9803319999999971
11
34.514413999999995
21
-54.9573499999999981
0
LINE
8
BLACK
6
CONTINUOUS
10
34.514413999999995
20
-54.9573499999999981
11
34.3768999999999991
21
-54.7191679999999963
0
LINE
8
BLACK
6
CONTINUOUS
10
34.3768999999999991
20
-54.7191679999999963
11
34.2294860000000014
21
-54.5270529999999951
0
LINE
8
BLACK
6
CONTINUOUS
10
34.2294860000000014
20
-54.5270529999999951
11
34.1933199999999999
21
-54.4799209999999974
0
LINE
8
BLACK
6
CONTINUOUS
10
34.1933199999999999
20
-54.4799209999999974
11
34.1933140000000009
21
-54.4799140000000008
0
LINE
8
BLACK
6
CONTINUOUS
10
34.1933140000000009
20
-54.4799140000000008
11
34.1684389999999993
21
-54.4550389999999993
0
LINE
8
BLACK
6
CONTINUOUS
10
34.1684389999999993
20
-54.4550389999999993
11
33.9800849999999954
21
-54.2666849999999954
0
LINE
8
BLACK
6
CONTINUOUS
10
33.9800849999999954
20
-54.2666849999999954
11
33.9800779999999989
21
-54.2666789999999963
0
LINE
8
BLACK
6
CONTINUOUS
10
33.9800779999999989
20
-54.2666789999999963
11
33.740831
21
-54.0830989999999971
0
LINE
8
BLACK
6
CONTINUOUS
10
33.740831
20
-54.0830989999999971
11
33.4796709999999962
21
-53.9323179999999951
0
LINE
8
BLACK
6
CONTINUOUS
10
33.4796709999999962
20
-53.9323179999999951
11
33.4796610000000001
21
-53.9323139999999981
0
LINE
8
BLACK
6
CONTINUOUS
10
33.4796610000000001
20
-53.9323139999999981
11
33.2010599999999982
21
-53.8169129999999996
0
LINE
8
BLACK
6
CONTINUOUS
10
33.2010599999999982
20
-53.8169129999999996
11
32.9097659999999976
21
-53.738861
0
LINE
8
BLACK
6
CONTINUOUS
10
32.9097659999999976
20
-53.738861
11
32.610793000000001
21
-53.6995009999999979
0
LINE
8
BLACK
6
CONTINUOUS
10
32.610793000000001
20
-53.6995009999999979
11
32.6107879999999994
21
-53.6995000000000005
0
LINE
8
BLACK
6
CONTINUOUS
10
32.6107879999999994
20
-53.6995000000000005
11
32.6107829999999979
21
-53.6995000000000005
0
LINE
8
BLACK
6
CONTINUOUS
10
32.6107829999999979
20
-53.6995000000000005
11
32.3092169999999967
21
-53.6995000000000005
0
LINE
8
BLACK
6
CONTINUOUS
10
32.3092169999999967
20
-53.6995000000000005
11
32.3092109999999977
21
-53.6995000000000005
0
LINE
8
BLACK
6
CONTINUOUS
10
32.3092109999999977
20
-53.6995000000000005
11
32.3092059999999961
21
-53.6995009999999979
0
LINE
8
BLACK
6
CONTINUOUS
10
35.2394999999999996
20
-57.5449599999999961
11
35.2546299999999988
21
-57.6792489999999987
0
LINE
8
BLACK
6
CONTINUOUS
10
35.2546299999999988
20
-57.6792489999999987
11
35.2546309999999963
21
-57.6792540000000002
0
LINE
8
BLACK
6
CONTINUOUS
10
35.2546309999999963
20
-57.6792540000000002
11
35.3142110000000002
21
-57.8495229999999978
0
LINE
8
BLACK
6
CONTINUOUS
10
35.3142110000000002
20
-57.8495229999999978
11
35.3565469999999991
21
-57.9168999999999983
0
LINE
8
BLACK
6
CONTINUOUS
10
35.3565469999999991
20
-57.9168999999999983
11
35.410184000000001
21
-58.0022619999999947
0
LINE
8
BLACK
6
CONTINUOUS
10
35.410184000000001
20
-58.0022619999999947
11
35.5377379999999974
21
-58.1298159999999982
0
LINE
8
BLACK
6
CONTINUOUS
10
35.5377379999999974
20
-58.1298159999999982
11
35.6904779999999988
21
-58.2257889999999989
0
LINE
8
BLACK
6
CONTINUOUS
10
35.6904779999999988
20
-58.2257889999999989
11
35.7914999999999992
21
-58.2611379999999954
0
LINE
8
BLACK
6
CONTINUOUS
10
35.7914999999999992
20
-58.2611379999999954
11
35.8607450000000014
21
-58.2853679999999983
0
LINE
8
BLACK
6
CONTINUOUS
10
35.8607450000000014
20
-58.2853679999999983
11
35.8607499999999959
21
-58.2853689999999958
0
LINE
8
BLACK
6
CONTINUOUS
10
35.8607499999999959
20
-58.2853689999999958
11
35.9512459999999976
21
-58.2955649999999963
0
LINE
8
BLACK
6
CONTINUOUS
10
35.9512459999999976
20
-58.2955649999999963
11
35.9950399999999959
21
-58.300498999999995
0
LINE
8
BLACK
6
CONTINUOUS
10
35.9950399999999959
20
-58.300498999999995
11
35.9950429999999955
21
-58.3004999999999995
0
LINE
8
BLACK
6
CONTINUOUS
10
35.9950429999999955
20
-58.3004999999999995
11
35.995045999999995
21
-58.3004999999999995
0
LINE
8
BLACK
6
CONTINUOUS
10
35.995045999999995
20
-58.3004999999999995
11
39.0849569999999957
21
-58.3004999999999995
0
LINE
8
BLACK
6
CONTINUOUS
10
39.0849569999999957
20
-58.3004999999999995
11
39.0849580000000003
21
-58.300498999999995
0
LINE
8
BLACK
6
CONTINUOUS
10
39.0849580000000003
20
-58.300498999999995
11
39.1521040000000013
21
-58.2929339999999954
0
LINE
8
BLACK
6
CONTINUOUS
10
39.1521040000000013
20
-58.2929339999999954
11
39.2192489999999978
21
-58.2853689999999958
0
LINE
8
BLACK
6
CONTINUOUS
10
39.2192489999999978
20
-58.2853689999999958
11
39.2192519999999973
21
-58.2853679999999983
0
LINE
8
BLACK
6
CONTINUOUS
10
39.2192519999999973
20
-58.2853679999999983
11
39.2192549999999969
21
-58.2853679999999983
0
LINE
8
BLACK
6
CONTINUOUS
10
39.2192549999999969
20
-58.2853679999999983
11
39.3895219999999995
21
-58.2257889999999989
0
LINE
8
BLACK
6
CONTINUOUS
10
39.3895219999999995
20
-58.2257889999999989
11
39.5422620000000009
21
-58.1298159999999982
0
LINE
8
BLACK
6
CONTINUOUS
10
39.5422620000000009
20
-58.1298159999999982
11
39.6698159999999973
21
-58.0022619999999947
0
LINE
8
BLACK
6
CONTINUOUS
10
39.6698159999999973
20
-58.0022619999999947
11
39.7581649999999982
21
-57.8616549999999989
0
LINE
8
BLACK
6
CONTINUOUS
10
39.7581649999999982
20
-57.8616549999999989
11
39.7657889999999981
21
-57.8495220000000003
0
LINE
8
BLACK
6
CONTINUOUS
10
39.7657889999999981
20
-57.8495220000000003
11
39.8253679999999974
21
-57.6792549999999977
0
LINE
8
BLACK
6
CONTINUOUS
10
39.8253679999999974
20
-57.6792549999999977
11
39.8404999999999987
21
-57.5449539999999971
0
LINE
8
BLACK
6
CONTINUOUS
10
39.8404999999999987
20
-57.5449539999999971
11
39.8404999999999987
21
-55.8740379999999988
0
LINE
8
BLACK
6
CONTINUOUS
10
39.8404999999999987
20
-55.8740379999999988
11
39.8404999999999987
21
-54.4550459999999958
0
LINE
8
BLACK
6
CONTINUOUS
10
39.8404999999999987
20
-54.4550459999999958
11
39.8253679999999974
21
-54.3207449999999952
0
LINE
8
BLACK
6
CONTINUOUS
10
39.8253679999999974
20
-54.3207449999999952
11
39.7657889999999981
21
-54.1504779999999997
0
LINE
8
BLACK
6
CONTINUOUS
10
39.7657889999999981
20
-54.1504779999999997
11
39.6698159999999973
21
-53.9977379999999982
0
LINE
8
BLACK
6
CONTINUOUS
10
39.6698159999999973
20
-53.9977379999999982
11
39.5422620000000009
21
-53.8701839999999947
0
LINE
8
BLACK
6
CONTINUOUS
10
39.5422620000000009
20
-53.8701839999999947
11
39.4574819999999988
21
-53.8169129999999996
0
LINE
8
BLACK
6
CONTINUOUS
10
39.4574819999999988
20
-53.8169129999999996
11
39.389522999999997
21
-53.7742110000000011
0
LINE
8
BLACK
6
CONTINUOUS
10
39.389522999999997
20
-53.7742110000000011
11
39.2192539999999994
21
-53.7146309999999971
0
LINE
8
BLACK
6
CONTINUOUS
10
39.2192539999999994
20
-53.7146309999999971
11
39.2192489999999978
21
-53.7146299999999997
0
LINE
8
BLACK
6
CONTINUOUS
10
39.2192489999999978
20
-53.7146299999999997
11
39.0849599999999953
21
-53.6995000000000005
0
LINE
8
BLACK
6
CONTINUOUS
10
39.0849599999999953
20
-53.6995000000000005
11
39.0849539999999962
21
-53.6995000000000005
0
LINE
8
BLACK
6
CONTINUOUS
10
39.0849539999999962
20
-53.6995000000000005
11
35.995045999999995
21
-53.6995000000000005
0
LINE
8
BLACK
6
CONTINUOUS
10
35.995045999999995
20
-53.6995000000000005
11
35.9950389999999985
21
-53.6995000000000005
0
LINE
8
BLACK
6
CONTINUOUS
10
35.9950389999999985
20
-53.6995000000000005
11
35.8607499999999959
21
-53.7146299999999997
0
LINE
8
BLACK
6
CONTINUOUS
10
35.8607499999999959
20
-53.7146299999999997
11
35.8607450000000014
21
-53.7146309999999971
0
LINE
8
BLACK
6
CONTINUOUS
10
35.8607450000000014
20
-53.7146309999999971
11
35.6904759999999968
21
-53.7742110000000011
0
LINE
8
BLACK
6
CONTINUOUS
10
35.6904759999999968
20
-53.7742110000000011
11
35.5377369999999999
21
-53.8701839999999947
0
LINE
8
BLACK
6
CONTINUOUS
10
35.5377369999999999
20
-53.8701839999999947
11
35.410184000000001
21
-53.9977370000000008
0
LINE
8
BLACK
6
CONTINUOUS
10
35.410184000000001
20
-53.9977370000000008
11
35.3142110000000002
21
-54.1504759999999976
0
LINE
8
BLACK
6
CONTINUOUS
10
35.3142110000000002
20
-54.1504759999999976
11
35.2546309999999963
21
-54.3207449999999952
0
LINE
8
BLACK
6
CONTINUOUS
10
35.2546309999999963
20
-54.3207449999999952
11
35.2546299999999988
21
-54.3207499999999968
0
LINE
8
BLACK
6
CONTINUOUS
10
35.2546299999999988
20
-54.3207499999999968
11
35.2394999999999996
21
-54.4550389999999993
0
LINE
8
BLACK
6
CONTINUOUS
10
35.2394999999999996
20
-54.4550389999999993
11
35.2394999999999996
21
-57.5449599999999961
0
LINE
8
BLACK
6
CONTINUOUS
10
78.4350819999999942
20
-57.8616549999999989
11
78.4350819999999942
21
-54.4461030000000008
0
LINE
8
BLACK
6
CONTINUOUS
10
78.4350819999999942
20
-54.4461030000000008
11
72.8080709999999982
21
-54.4461030000000008
0
LINE
8
BLACK
6
CONTINUOUS
10
72.8080709999999982
20
-54.4461030000000008
11
72.8080709999999982
21
-57.8616549999999989
0
LINE
8
BLACK
6
CONTINUOUS
10
72.8080709999999982
20
-57.8616549999999989
11
78.4350819999999942
21
-57.8616549999999989
0
LINE
8
BLACK
6
CONTINUOUS
10
46.589500000000001
20
-56.1259609999999967
11
46.6289099999999976
21
-56.3747849999999957
0
LINE
8
BLACK
6
CONTINUOUS
10
46.6289099999999976
20
-56.3747849999999957
11
46.7067599999999956
21
-56.6143829999999966
0
LINE
8
BLACK
6
CONTINUOUS
10
46.7067599999999956
20
-56.6143829999999966
11
46.8211319999999986
21
-56.8388479999999987
0
LINE
8
BLACK
6
CONTINUOUS
10
46.8211319999999986
20
-56.8388479999999987
11
46.9692009999999982
21
-57.0426489999999973
0
LINE
8
BLACK
6
CONTINUOUS
10
46.9692009999999982
20
-57.0426489999999973
11
46.9692049999999952
21
-57.0426539999999989
0
LINE
8
BLACK
6
CONTINUOUS
10
46.9692049999999952
20
-57.0426539999999989
11
47.1473450000000014
21
-57.2207939999999979
0
LINE
8
BLACK
6
CONTINUOUS
10
47.1473450000000014
20
-57.2207939999999979
11
47.1473499999999959
21
-57.2207979999999949
0
LINE
8
BLACK
6
CONTINUOUS
10
47.1473499999999959
20
-57.2207979999999949
11
47.3251169999999988
21
-57.3499519999999947
0
LINE
8
BLACK
6
CONTINUOUS
10
47.3251169999999988
20
-57.3499519999999947
11
47.3511549999999986
21
-57.368869999999994
0
LINE
8
BLACK
6
CONTINUOUS
10
47.3511549999999986
20
-57.368869999999994
11
47.4941839999999971
21
-57.4417469999999994
0
LINE
8
BLACK
6
CONTINUOUS
10
47.4941839999999971
20
-57.4417469999999994
11
47.5756159999999966
21
-57.4832389999999975
0
LINE
8
BLACK
6
CONTINUOUS
10
47.5756159999999966
20
-57.4832389999999975
11
47.5756179999999986
21
-57.4832389999999975
0
LINE
8
BLACK
6
CONTINUOUS
10
47.5756179999999986
20
-57.4832389999999975
11
47.5756209999999982
21
-57.4832409999999996
0
LINE
8
BLACK
6
CONTINUOUS
10
47.5756209999999982
20
-57.4832409999999996
11
47.8152149999999949
21
-57.5610900000000001
0
LINE
8
BLACK
6
CONTINUOUS
10
47.8152149999999949
20
-57.5610900000000001
11
48.0640379999999965
21
-57.6004999999999967
0
LINE
8
BLACK
6
CONTINUOUS
10
48.0640379999999965
20
-57.6004999999999967
11
48.0640390000000011
21
-57.6004999999999967
0
LINE
8
BLACK
6
CONTINUOUS
10
48.0640390000000011
20
-57.6004999999999967
11
48.3159609999999944
21
-57.6004999999999967
0
LINE
8
BLACK
6
CONTINUOUS
10
48.3159609999999944
20
-57.6004999999999967
11
48.315961999999999
21
-57.6004999999999967
0
LINE
8
BLACK
6
CONTINUOUS
10
48.315961999999999
20
-57.6004999999999967
11
48.5647850000000005
21
-57.5610900000000001
0
LINE
8
BLACK
6
CONTINUOUS
10
48.5647850000000005
20
-57.5610900000000001
11
48.8043789999999973
21
-57.4832409999999996
0
LINE
8
BLACK
6
CONTINUOUS
10
48.8043789999999973
20
-57.4832409999999996
11
49.0288449999999969
21
-57.368869999999994
0
LINE
8
BLACK
6
CONTINUOUS
10
49.0288449999999969
20
-57.368869999999994
11
49.2326559999999986
21
-57.2207930000000005
0
LINE
8
BLACK
6
CONTINUOUS
10
49.2326559999999986
20
-57.2207930000000005
11
49.4107929999999982
21
-57.0426560000000009
0
LINE
8
BLACK
6
CONTINUOUS
10
49.4107929999999982
20
-57.0426560000000009
11
49.5588699999999989
21
-56.8388449999999992
0
LINE
8
BLACK
6
CONTINUOUS
10
49.5588699999999989
20
-56.8388449999999992
11
49.6732409999999973
21
-56.6143789999999996
0
LINE
8
BLACK
6
CONTINUOUS
10
49.6732409999999973
20
-56.6143789999999996
11
49.7510899999999978
21
-56.3747849999999957
0
LINE
8
BLACK
6
CONTINUOUS
10
49.7510899999999978
20
-56.3747849999999957
11
49.7904999999999944
21
-56.1259619999999941
0
LINE
8
BLACK
6
CONTINUOUS
10
49.7904999999999944
20
-56.1259619999999941
11
49.7904999999999944
21
-55.8740379999999988
0
LINE
8
BLACK
6
CONTINUOUS
10
49.7904999999999944
20
-55.8740379999999988
11
49.7510899999999978
21
-55.6252149999999972
0
LINE
8
BLACK
6
CONTINUOUS
10
49.7510899999999978
20
-55.6252149999999972
11
49.6732409999999973
21
-55.3856210000000004
0
LINE
8
BLACK
6
CONTINUOUS
10
49.6732409999999973
20
-55.3856210000000004
11
49.6732389999999953
21
-55.3856180000000009
0
LINE
8
BLACK
6
CONTINUOUS
10
49.6732389999999953
20
-55.3856180000000009
11
49.6732389999999953
21
-55.3856159999999988
0
LINE
8
BLACK
6
CONTINUOUS
10
49.6732389999999953
20
-55.3856159999999988
11
49.5922489999999954
21
-55.2266659999999945
0
LINE
8
BLACK
6
CONTINUOUS
10
49.5922489999999954
20
-55.2266659999999945
11
49.5588699999999989
21
-55.1611550000000008
0
LINE
8
BLACK
6
CONTINUOUS
10
49.5588699999999989
20
-55.1611550000000008
11
49.4964409999999972
21
-55.0752290000000002
0
LINE
8
BLACK
6
CONTINUOUS
10
49.4964409999999972
20
-55.0752290000000002
11
49.4107979999999998
21
-54.9573499999999981
0
LINE
8
BLACK
6
CONTINUOUS
10
49.4107979999999998
20
-54.9573499999999981
11
49.4107939999999957
21
-54.9573449999999966
0
LINE
8
BLACK
6
CONTINUOUS
10
49.4107939999999957
20
-54.9573449999999966
11
49.2326539999999966
21
-54.7792049999999975
0
LINE
8
BLACK
6
CONTINUOUS
10
49.2326539999999966
20
-54.7792049999999975
11
49.232648999999995
21
-54.7792010000000005
0
LINE
8
BLACK
6
CONTINUOUS
10
49.232648999999995
20
-54.7792010000000005
11
49.0288479999999964
21
-54.6311320000000009
0
LINE
8
BLACK
6
CONTINUOUS
10
49.0288479999999964
20
-54.6311320000000009
11
49.028846999999999
21
-54.6311309999999963
0
LINE
8
BLACK
6
CONTINUOUS
10
49.028846999999999
20
-54.6311309999999963
11
49.0288449999999969
21
-54.6311299999999989
0
LINE
8
BLACK
6
CONTINUOUS
10
49.0288449999999969
20
-54.6311299999999989
11
48.9587469999999954
21
-54.5954130000000006
0
LINE
8
BLACK
6
CONTINUOUS
10
48.9587469999999954
20
-54.5954130000000006
11
48.8043829999999943
21
-54.5167599999999979
0
LINE
8
BLACK
6
CONTINUOUS
10
48.8043829999999943
20
-54.5167599999999979
11
48.5647850000000005
21
-54.4389099999999999
0
LINE
8
BLACK
6
CONTINUOUS
10
48.5647850000000005
20
-54.4389099999999999
11
48.5647789999999944
21
-54.4389089999999953
0
LINE
8
BLACK
6
CONTINUOUS
10
48.5647789999999944
20
-54.4389089999999953
11
48.315961999999999
21
-54.3994999999999962
0
LINE
8
BLACK
6
CONTINUOUS
10
48.315961999999999
20
-54.3994999999999962
11
48.0640379999999965
21
-54.3994999999999962
0
LINE
8
BLACK
6
CONTINUOUS
10
48.0640379999999965
20
-54.3994999999999962
11
47.939625999999997
21
-54.4192049999999981
0
LINE
8
BLACK
6
CONTINUOUS
10
47.939625999999997
20
-54.4192049999999981
11
47.8152139999999974
21
-54.4389099999999999
0
LINE
8
BLACK
6
CONTINUOUS
10
47.8152139999999974
20
-54.4389099999999999
11
47.5756159999999966
21
-54.5167599999999979
0
LINE
8
BLACK
6
CONTINUOUS
10
47.5756159999999966
20
-54.5167599999999979
11
47.3511509999999944
21
-54.6311320000000009
0
LINE
8
BLACK
6
CONTINUOUS
10
47.3511509999999944
20
-54.6311320000000009
11
47.1473499999999959
21
-54.7792010000000005
0
LINE
8
BLACK
6
CONTINUOUS
10
47.1473499999999959
20
-54.7792010000000005
11
47.1473450000000014
21
-54.7792049999999975
0
LINE
8
BLACK
6
CONTINUOUS
10
47.1473450000000014
20
-54.7792049999999975
11
46.9692049999999952
21
-54.9573449999999966
0
LINE
8
BLACK
6
CONTINUOUS
10
46.9692049999999952
20
-54.9573449999999966
11
46.9692009999999982
21
-54.9573499999999981
0
LINE
8
BLACK
6
CONTINUOUS
10
46.9692009999999982
20
-54.9573499999999981
11
46.8211319999999986
21
-55.1611509999999967
0
LINE
8
BLACK
6
CONTINUOUS
10
46.8211319999999986
20
-55.1611509999999967
11
46.7067599999999956
21
-55.3856159999999988
0
LINE
8
BLACK
6
CONTINUOUS
10
46.7067599999999956
20
-55.3856159999999988
11
46.6289099999999976
21
-55.6252139999999997
0
LINE
8
BLACK
6
CONTINUOUS
10
46.6289099999999976
20
-55.6252139999999997
11
46.589500000000001
21
-55.8740379999999988
0
LINE
8
BLACK
6
CONTINUOUS
10
46.589500000000001
20
-55.8740379999999988
11
46.589500000000001
21
-56.1259609999999967
0
LINE
8
BLACK
6
CONTINUOUS
10
54.2094999999999985
20
-56.1259609999999967
11
54.2489099999999951
21
-56.3747849999999957
0
LINE
8
BLACK
6
CONTINUOUS
10
54.2489099999999951
20
-56.3747849999999957
11
54.3267600000000002
21
-56.6143829999999966
0
LINE
8
BLACK
6
CONTINUOUS
10
54.3267600000000002
20
-56.6143829999999966
11
54.4411319999999961
21
-56.8388479999999987
0
LINE
8
BLACK
6
CONTINUOUS
10
54.4411319999999961
20
-56.8388479999999987
11
54.5892009999999956
21
-57.0426489999999973
0
LINE
8
BLACK
6
CONTINUOUS
10
54.5892009999999956
20
-57.0426489999999973
11
54.5892049999999998
21
-57.0426539999999989
0
LINE
8
BLACK
6
CONTINUOUS
10
54.5892049999999998
20
-57.0426539999999989
11
54.7673449999999988
21
-57.2207939999999979
0
LINE
8
BLACK
6
CONTINUOUS
10
54.7673449999999988
20
-57.2207939999999979
11
54.7673500000000004
21
-57.2207979999999949
0
LINE
8
BLACK
6
CONTINUOUS
10
54.7673500000000004
20
-57.2207979999999949
11
54.9451169999999962
21
-57.3499519999999947
0
LINE
8
BLACK
6
CONTINUOUS
10
54.9451169999999962
20
-57.3499519999999947
11
54.971154999999996
21
-57.368869999999994
0
LINE
8
BLACK
6
CONTINUOUS
10
54.971154999999996
20
-57.368869999999994
11
55.1141839999999945
21
-57.4417469999999994
0
LINE
8
BLACK
6
CONTINUOUS
10
55.1141839999999945
20
-57.4417469999999994
11
55.195615999999994
21
-57.4832389999999975
0
LINE
8
BLACK
6
CONTINUOUS
10
55.195615999999994
20
-57.4832389999999975
11
55.1956179999999961
21
-57.4832389999999975
0
LINE
8
BLACK
6
CONTINUOUS
10
55.1956179999999961
20
-57.4832389999999975
11
55.1956209999999956
21
-57.4832409999999996
0
LINE
8
BLACK
6
CONTINUOUS
10
55.1956209999999956
20
-57.4832409999999996
11
55.4352149999999995
21
-57.5610900000000001
0
LINE
8
BLACK
6
CONTINUOUS
10
55.4352149999999995
20
-57.5610900000000001
11
55.6840379999999939
21
-57.6004999999999967
0
LINE
8
BLACK
6
CONTINUOUS
10
55.6840379999999939
20
-57.6004999999999967
11
55.6840389999999985
21
-57.6004999999999967
0
LINE
8
BLACK
6
CONTINUOUS
10
55.6840389999999985
20
-57.6004999999999967
11
55.9359609999999989
21
-57.6004999999999967
0
LINE
8
BLACK
6
CONTINUOUS
10
55.9359609999999989
20
-57.6004999999999967
11
55.9359619999999964
21
-57.6004999999999967
0
LINE
8
BLACK
6
CONTINUOUS
10
55.9359619999999964
20
-57.6004999999999967
11
56.184784999999998
21
-57.5610900000000001
0
LINE
8
BLACK
6
CONTINUOUS
10
56.184784999999998
20
-57.5610900000000001
11
56.4243789999999947
21
-57.4832409999999996
0
LINE
8
BLACK
6
CONTINUOUS
10
56.4243789999999947
20
-57.4832409999999996
11
56.6488449999999943
21
-57.368869999999994
0
LINE
8
BLACK
6
CONTINUOUS
10
56.6488449999999943
20
-57.368869999999994
11
56.8526559999999961
21
-57.2207930000000005
0
LINE
8
BLACK
6
CONTINUOUS
10
56.8526559999999961
20
-57.2207930000000005
11
57.0307929999999956
21
-57.0426560000000009
0
LINE
8
BLACK
6
CONTINUOUS
10
57.0307929999999956
20
-57.0426560000000009
11
57.1788699999999963
21
-56.8388449999999992
0
LINE
8
BLACK
6
CONTINUOUS
10
57.1788699999999963
20
-56.8388449999999992
11
57.2932409999999948
21
-56.6143789999999996
0
LINE
8
BLACK
6
CONTINUOUS
10
57.2932409999999948
20
-56.6143789999999996
11
57.3710899999999953
21
-56.3747849999999957
0
LINE
8
BLACK
6
CONTINUOUS
10
57.3710899999999953
20
-56.3747849999999957
11
57.410499999999999
21
-56.1259619999999941
0
LINE
8
BLACK
6
CONTINUOUS
10
57.410499999999999
20
-56.1259619999999941
11
57.410499999999999
21
-55.8740379999999988
0
LINE
8
BLACK
6
CONTINUOUS
10
57.410499999999999
20
-55.8740379999999988
11
57.3710899999999953
21
-55.6252149999999972
0
LINE
8
BLACK
6
CONTINUOUS
10
57.3710899999999953
20
-55.6252149999999972
11
57.2932409999999948
21
-55.3856210000000004
0
LINE
8
BLACK
6
CONTINUOUS
10
57.2932409999999948
20
-55.3856210000000004
11
57.2932389999999998
21
-55.3856180000000009
0
LINE
8
BLACK
6
CONTINUOUS
10
57.2932389999999998
20
-55.3856180000000009
11
57.2932389999999998
21
-55.3856159999999988
0
LINE
8
BLACK
6
CONTINUOUS
10
57.2932389999999998
20
-55.3856159999999988
11
57.2122489999999999
21
-55.2266659999999945
0
LINE
8
BLACK
6
CONTINUOUS
10
57.2122489999999999
20
-55.2266659999999945
11
57.1788699999999963
21
-55.1611550000000008
0
LINE
8
BLACK
6
CONTINUOUS
10
57.1788699999999963
20
-55.1611550000000008
11
57.1164409999999947
21
-55.0752290000000002
0
LINE
8
BLACK
6
CONTINUOUS
10
57.1164409999999947
20
-55.0752290000000002
11
57.0307979999999972
21
-54.9573499999999981
0
LINE
8
BLACK
6
CONTINUOUS
10
57.0307979999999972
20
-54.9573499999999981
11
57.0307940000000002
21
-54.9573449999999966
0
LINE
8
BLACK
6
CONTINUOUS
10
57.0307940000000002
20
-54.9573449999999966
11
56.852653999999994
21
-54.7792049999999975
0
LINE
8
BLACK
6
CONTINUOUS
10
56.852653999999994
20
-54.7792049999999975
11
56.8526489999999995
21
-54.7792010000000005
0
LINE
8
BLACK
6
CONTINUOUS
10
56.8526489999999995
20
-54.7792010000000005
11
56.648848000000001
21
-54.6311320000000009
0
LINE
8
BLACK
6
CONTINUOUS
10
56.648848000000001
20
-54.6311320000000009
11
56.6488469999999964
21
-54.6311309999999963
0
LINE
8
BLACK
6
CONTINUOUS
10
56.6488469999999964
20
-54.6311309999999963
11
56.6488449999999943
21
-54.6311299999999989
0
LINE
8
BLACK
6
CONTINUOUS
10
56.6488449999999943
20
-54.6311299999999989
11
56.5787469999999999
21
-54.5954130000000006
0
LINE
8
BLACK
6
CONTINUOUS
10
56.5787469999999999
20
-54.5954130000000006
11
56.4243829999999988
21
-54.5167599999999979
0
LINE
8
BLACK
6
CONTINUOUS
10
56.4243829999999988
20
-54.5167599999999979
11
56.4196649999999948
21
-54.5152269999999959
0
LINE
8
BLACK
6
CONTINUOUS
10
56.4196649999999948
20
-54.5152269999999959
11
56.184784999999998
21
-54.4389099999999999
0
LINE
8
BLACK
6
CONTINUOUS
10
56.184784999999998
20
-54.4389099999999999
11
55.9359619999999964
21
-54.3994999999999962
0
LINE
8
BLACK
6
CONTINUOUS
10
55.9359619999999964
20
-54.3994999999999962
11
55.6840379999999939
21
-54.3994999999999962
0
LINE
8
BLACK
6
CONTINUOUS
10
55.6840379999999939
20
-54.3994999999999962
11
55.5596259999999944
21
-54.4192049999999981
0
LINE
8
BLACK
6
CONTINUOUS
10
55.5596259999999944
20
-54.4192049999999981
11
55.4352139999999949
21
-54.4389099999999999
0
LINE
8
BLACK
6
CONTINUOUS
10
55.4352139999999949
20
-54.4389099999999999
11
55.195615999999994
21
-54.5167599999999979
0
LINE
8
BLACK
6
CONTINUOUS
10
55.195615999999994
20
-54.5167599999999979
11
54.971150999999999
21
-54.6311320000000009
0
LINE
8
BLACK
6
CONTINUOUS
10
54.971150999999999
20
-54.6311320000000009
11
54.7673500000000004
21
-54.7792010000000005
0
LINE
8
BLACK
6
CONTINUOUS
10
54.7673500000000004
20
-54.7792010000000005
11
54.7673449999999988
21
-54.7792049999999975
0
LINE
8
BLACK
6
CONTINUOUS
10
54.7673449999999988
20
-54.7792049999999975
11
54.5892049999999998
21
-54.9573449999999966
0
LINE
8
BLACK
6
CONTINUOUS
10
54.5892049999999998
20
-54.9573449999999966
11
54.5892009999999956
21
-54.9573499999999981
0
LINE
8
BLACK
6
CONTINUOUS
10
54.5892009999999956
20
-54.9573499999999981
11
54.4411319999999961
21
-55.1611509999999967
0
LINE
8
BLACK
6
CONTINUOUS
10
54.4411319999999961
20
-55.1611509999999967
11
54.3267600000000002
21
-55.3856159999999988
0
LINE
8
BLACK
6
CONTINUOUS
10
54.3267600000000002
20
-55.3856159999999988
11
54.2489099999999951
21
-55.6252139999999997
0
LINE
8
BLACK
6
CONTINUOUS
10
54.2489099999999951
20
-55.6252139999999997
11
54.2094999999999985
21
-55.8740379999999988
0
LINE
8
BLACK
6
CONTINUOUS
10
54.2094999999999985
20
-55.8740379999999988
11
54.2094999999999985
21
-56.1259609999999967
0
LINE
8
BLACK
6
CONTINUOUS
10
60.5894999999999939
20
-50.1259620000000012
11
60.6049219999999949
21
-50.2233340000000013
0
LINE
8
BLACK
6
CONTINUOUS
10
60.6049219999999949
20
-50.2233340000000013
11
60.6289099999999976
21
-50.3747849999999957
0
LINE
8
BLACK
6
CONTINUOUS
10
60.6289099999999976
20
-50.3747849999999957
11
60.7067599999999956
21
-50.6143829999999966
0
LINE
8
BLACK
6
CONTINUOUS
10
60.7067599999999956
20
-50.6143829999999966
11
60.7854129999999984
21
-50.7687469999999976
0
LINE
8
BLACK
6
CONTINUOUS
10
60.7854129999999984
20
-50.7687469999999976
11
60.8148029999999977
21
-50.8264279999999999
0
LINE
8
BLACK
6
CONTINUOUS
10
60.8148029999999977
20
-50.8264279999999999
11
60.8211319999999986
21
-50.8388479999999987
0
LINE
8
BLACK
6
CONTINUOUS
10
60.8211319999999986
20
-50.8388479999999987
11
60.9692009999999982
21
-51.0426489999999973
0
LINE
8
BLACK
6
CONTINUOUS
10
60.9692009999999982
20
-51.0426489999999973
11
60.9692049999999952
21
-51.0426539999999989
0
LINE
8
BLACK
6
CONTINUOUS
10
60.9692049999999952
20
-51.0426539999999989
11
61.1473449999999943
21
-51.2207939999999979
0
LINE
8
BLACK
6
CONTINUOUS
10
61.1473449999999943
20
-51.2207939999999979
11
61.1473499999999959
21
-51.2207979999999949
0
LINE
8
BLACK
6
CONTINUOUS
10
61.1473499999999959
20
-51.2207979999999949
11
61.2977879999999971
21
-51.330096999999995
0
LINE
8
BLACK
6
CONTINUOUS
10
61.2977879999999971
20
-51.330096999999995
11
61.3511549999999986
21
-51.3688700000000011
0
LINE
8
BLACK
6
CONTINUOUS
10
61.3511549999999986
20
-51.3688700000000011
11
61.4941839999999971
21
-51.4417469999999994
0
LINE
8
BLACK
6
CONTINUOUS
10
61.4941839999999971
20
-51.4417469999999994
11
61.5756159999999966
21
-51.4832389999999975
0
LINE
8
BLACK
6
CONTINUOUS
10
61.5756159999999966
20
-51.4832389999999975
11
61.5756179999999986
21
-51.4832389999999975
0
LINE
8
BLACK
6
CONTINUOUS
10
61.5756179999999986
20
-51.4832389999999975
11
61.5756209999999982
21
-51.4832409999999996
0
LINE
8
BLACK
6
CONTINUOUS
10
61.5756209999999982
20
-51.4832409999999996
11
61.8152149999999949
21
-51.5610900000000001
0
LINE
8
BLACK
6
CONTINUOUS
10
61.8152149999999949
20
-51.5610900000000001
11
62.0640379999999965
21
-51.6004999999999967
0
LINE
8
BLACK
6
CONTINUOUS
10
62.0640379999999965
20
-51.6004999999999967
11
62.064038999999994
21
-51.6004999999999967
0
LINE
8
BLACK
6
CONTINUOUS
10
62.064038999999994
20
-51.6004999999999967
11
62.3159609999999944
21
-51.6004999999999967
0
LINE
8
BLACK
6
CONTINUOUS
10
62.3159609999999944
20
-51.6004999999999967
11
62.315961999999999
21
-51.6004999999999967
0
LINE
8
BLACK
6
CONTINUOUS
10
62.315961999999999
20
-51.6004999999999967
11
62.5647850000000005
21
-51.5610900000000001
0
LINE
8
BLACK
6
CONTINUOUS
10
62.5647850000000005
20
-51.5610900000000001
11
62.8043789999999973
21
-51.4832409999999996
0
LINE
8
BLACK
6
CONTINUOUS
10
62.8043789999999973
20
-51.4832409999999996
11
63.0288449999999969
21
-51.3688700000000011
0
LINE
8
BLACK
6
CONTINUOUS
10
63.0288449999999969
20
-51.3688700000000011
11
63.2326559999999986
21
-51.2207930000000005
0
LINE
8
BLACK
6
CONTINUOUS
10
63.2326559999999986
20
-51.2207930000000005
11
63.4107929999999982
21
-51.0426560000000009
0
LINE
8
BLACK
6
CONTINUOUS
10
63.4107929999999982
20
-51.0426560000000009
11
63.5588699999999989
21
-50.8388449999999992
0
LINE
8
BLACK
6
CONTINUOUS
10
63.5588699999999989
20
-50.8388449999999992
11
63.6732409999999973
21
-50.6143789999999996
0
LINE
8
BLACK
6
CONTINUOUS
10
63.6732409999999973
20
-50.6143789999999996
11
63.7510899999999978
21
-50.3747849999999957
0
LINE
8
BLACK
6
CONTINUOUS
10
63.7510899999999978
20
-50.3747849999999957
11
63.7904999999999944
21
-50.1259620000000012
0
LINE
8
BLACK
6
CONTINUOUS
10
63.7904999999999944
20
-50.1259620000000012
11
63.7904999999999944
21
-49.8740379999999988
0
LINE
8
BLACK
6
CONTINUOUS
10
63.7904999999999944
20
-49.8740379999999988
11
63.7510899999999978
21
-49.6252149999999972
0
LINE
8
BLACK
6
CONTINUOUS
10
63.7510899999999978
20
-49.6252149999999972
11
63.6732409999999973
21
-49.3856210000000004
0
LINE
8
BLACK
6
CONTINUOUS
10
63.6732409999999973
20
-49.3856210000000004
11
63.6732389999999953
21
-49.3856180000000009
0
LINE
8
BLACK
6
CONTINUOUS
10
63.6732389999999953
20
-49.3856180000000009
11
63.6732389999999953
21
-49.3856159999999988
0
LINE
8
BLACK
6
CONTINUOUS
10
63.6732389999999953
20
-49.3856159999999988
11
63.6317469999999972
21
-49.3041839999999993
0
LINE
8
BLACK
6
CONTINUOUS
10
63.6317469999999972
20
-49.3041839999999993
11
63.5588699999999989
21
-49.1611550000000008
0
LINE
8
BLACK
6
CONTINUOUS
10
63.5588699999999989
20
-49.1611550000000008
11
63.5399519999999995
21
-49.135117000000001
0
LINE
8
BLACK
6
CONTINUOUS
10
63.5399519999999995
20
-49.135117000000001
11
63.4107979999999998
21
-48.9573499999999981
0
LINE
8
BLACK
6
CONTINUOUS
10
63.4107979999999998
20
-48.9573499999999981
11
63.4107939999999957
21
-48.9573449999999966
0
LINE
8
BLACK
6
CONTINUOUS
10
63.4107939999999957
20
-48.9573449999999966
11
63.2326539999999966
21
-48.7792049999999975
0
LINE
8
BLACK
6
CONTINUOUS
10
63.2326539999999966
20
-48.7792049999999975
11
63.232648999999995
21
-48.7792010000000005
0
LINE
8
BLACK
6
CONTINUOUS
10
63.232648999999995
20
-48.7792010000000005
11
63.0288479999999964
21
-48.6311320000000009
0
LINE
8
BLACK
6
CONTINUOUS
10
63.0288479999999964
20
-48.6311320000000009
11
63.028846999999999
21
-48.6311309999999963
0
LINE
8
BLACK
6
CONTINUOUS
10
63.028846999999999
20
-48.6311309999999963
11
63.0288449999999969
21
-48.6311299999999989
0
LINE
8
BLACK
6
CONTINUOUS
10
63.0288449999999969
20
-48.6311299999999989
11
62.9587469999999954
21
-48.5954130000000006
0
LINE
8
BLACK
6
CONTINUOUS
10
62.9587469999999954
20
-48.5954130000000006
11
62.8043829999999943
21
-48.5167599999999979
0
LINE
8
BLACK
6
CONTINUOUS
10
62.8043829999999943
20
-48.5167599999999979
11
62.5647850000000005
21
-48.4389099999999999
0
LINE
8
BLACK
6
CONTINUOUS
10
62.5647850000000005
20
-48.4389099999999999
11
62.315961999999999
21
-48.3994999999999962
0
LINE
8
BLACK
6
CONTINUOUS
10
62.315961999999999
20
-48.3994999999999962
11
62.0640379999999965
21
-48.3994999999999962
0
LINE
8
BLACK
6
CONTINUOUS
10
62.0640379999999965
20
-48.3994999999999962
11
61.939625999999997
21
-48.4192049999999981
0
LINE
8
BLACK
6
CONTINUOUS
10
61.939625999999997
20
-48.4192049999999981
11
61.8152139999999974
21
-48.4389099999999999
0
LINE
8
BLACK
6
CONTINUOUS
10
61.8152139999999974
20
-48.4389099999999999
11
61.5756159999999966
21
-48.5167599999999979
0
LINE
8
BLACK
6
CONTINUOUS
10
61.5756159999999966
20
-48.5167599999999979
11
61.3511509999999944
21
-48.6311320000000009
0
LINE
8
BLACK
6
CONTINUOUS
10
61.3511509999999944
20
-48.6311320000000009
11
61.1473499999999959
21
-48.7792010000000005
0
LINE
8
BLACK
6
CONTINUOUS
10
61.1473499999999959
20
-48.7792010000000005
11
61.1473449999999943
21
-48.7792049999999975
0
LINE
8
BLACK
6
CONTINUOUS
10
61.1473449999999943
20
-48.7792049999999975
11
60.9692049999999952
21
-48.9573449999999966
0
LINE
8
BLACK
6
CONTINUOUS
10
60.9692049999999952
20
-48.9573449999999966
11
60.9692009999999982
21
-48.9573499999999981
0
LINE
8
BLACK
6
CONTINUOUS
10
60.9692009999999982
20
-48.9573499999999981
11
60.8211319999999986
21
-49.1611509999999967
0
LINE
8
BLACK
6
CONTINUOUS
10
60.8211319999999986
20
-49.1611509999999967
11
60.7067599999999956
21
-49.3856159999999988
0
LINE
8
BLACK
6
CONTINUOUS
10
60.7067599999999956
20
-49.3856159999999988
11
60.6289099999999976
21
-49.6252139999999997
0
LINE
8
BLACK
6
CONTINUOUS
10
60.6289099999999976
20
-49.6252139999999997
11
60.6289099999999976
21
-49.6252149999999972
0
LINE
8
BLACK
6
CONTINUOUS
10
60.6289099999999976
20
-49.6252149999999972
11
60.5894999999999939
21
-49.8740379999999988
0
LINE
8
BLACK
6
CONTINUOUS
10
60.5894999999999939
20
-49.8740379999999988
11
60.5894999999999939
21
-50.1259620000000012
0
LINE
8
BLACK
6
CONTINUOUS
10
68.2094999999999914
20
-50.1259620000000012
11
68.2249219999999923
21
-50.2233340000000013
0
LINE
8
BLACK
6
CONTINUOUS
10
68.2249219999999923
20
-50.2233340000000013
11
68.2489099999999951
21
-50.3747849999999957
0
LINE
8
BLACK
6
CONTINUOUS
10
68.2489099999999951
20
-50.3747849999999957
11
68.3267599999999931
21
-50.6143829999999966
0
LINE
8
BLACK
6
CONTINUOUS
10
68.3267599999999931
20
-50.6143829999999966
11
68.4054129999999958
21
-50.7687469999999976
0
LINE
8
BLACK
6
CONTINUOUS
10
68.4054129999999958
20
-50.7687469999999976
11
68.4348030000000023
21
-50.8264279999999999
0
LINE
8
BLACK
6
CONTINUOUS
10
68.4348030000000023
20
-50.8264279999999999
11
68.4411319999999961
21
-50.8388479999999987
0
LINE
8
BLACK
6
CONTINUOUS
10
68.4411319999999961
20
-50.8388479999999987
11
68.5892010000000028
21
-51.0426489999999973
0
LINE
8
BLACK
6
CONTINUOUS
10
68.5892010000000028
20
-51.0426489999999973
11
68.5892049999999927
21
-51.0426539999999989
0
LINE
8
BLACK
6
CONTINUOUS
10
68.5892049999999927
20
-51.0426539999999989
11
68.7673449999999917
21
-51.2207939999999979
0
LINE
8
BLACK
6
CONTINUOUS
10
68.7673449999999917
20
-51.2207939999999979
11
68.7673499999999933
21
-51.2207979999999949
0
LINE
8
BLACK
6
CONTINUOUS
10
68.7673499999999933
20
-51.2207979999999949
11
68.9177880000000016
21
-51.330096999999995
0
LINE
8
BLACK
6
CONTINUOUS
10
68.9177880000000016
20
-51.330096999999995
11
68.971154999999996
21
-51.3688700000000011
0
LINE
8
BLACK
6
CONTINUOUS
10
68.971154999999996
20
-51.3688700000000011
11
69.1141839999999945
21
-51.4417469999999994
0
LINE
8
BLACK
6
CONTINUOUS
10
69.1141839999999945
20
-51.4417469999999994
11
69.1956160000000011
21
-51.4832389999999975
0
LINE
8
BLACK
6
CONTINUOUS
10
69.1956160000000011
20
-51.4832389999999975
11
69.1956179999999961
21
-51.4832389999999975
0
LINE
8
BLACK
6
CONTINUOUS
10
69.1956179999999961
20
-51.4832389999999975
11
69.1956210000000027
21
-51.4832409999999996
0
LINE
8
BLACK
6
CONTINUOUS
10
69.1956210000000027
20
-51.4832409999999996
11
69.4352149999999995
21
-51.5610900000000001
0
LINE
8
BLACK
6
CONTINUOUS
10
69.4352149999999995
20
-51.5610900000000001
11
69.684038000000001
21
-51.6004999999999967
0
LINE
8
BLACK
6
CONTINUOUS
10
69.684038000000001
20
-51.6004999999999967
11
69.6840389999999985
21
-51.6004999999999967
0
LINE
8
BLACK
6
CONTINUOUS
10
69.6840389999999985
20
-51.6004999999999967
11
69.9359609999999918
21
-51.6004999999999967
0
LINE
8
BLACK
6
CONTINUOUS
10
69.9359609999999918
20
-51.6004999999999967
11
69.9359620000000035
21
-51.6004999999999967
0
LINE
8
BLACK
6
CONTINUOUS
10
69.9359620000000035
20
-51.6004999999999967
11
70.1847849999999909
21
-51.5610900000000001
0
LINE
8
BLACK
6
CONTINUOUS
10
70.1847849999999909
20
-51.5610900000000001
11
70.4243790000000018
21
-51.4832409999999996
0
LINE
8
BLACK
6
CONTINUOUS
10
70.4243790000000018
20
-51.4832409999999996
11
70.6488449999999943
21
-51.3688700000000011
0
LINE
8
BLACK
6
CONTINUOUS
10
70.6488449999999943
20
-51.3688700000000011
11
70.8526559999999961
21
-51.2207930000000005
0
LINE
8
BLACK
6
CONTINUOUS
10
70.8526559999999961
20
-51.2207930000000005
11
71.0307930000000027
21
-51.0426560000000009
0
LINE
8
BLACK
6
CONTINUOUS
10
71.0307930000000027
20
-51.0426560000000009
11
71.1788700000000034
21
-50.8388449999999992
0
LINE
8
BLACK
6
CONTINUOUS
10
71.1788700000000034
20
-50.8388449999999992
11
71.2932409999999948
21
-50.6143789999999996
0
LINE
8
BLACK
6
CONTINUOUS
10
71.2932409999999948
20
-50.6143789999999996
11
71.3710899999999953
21
-50.3747849999999957
0
LINE
8
BLACK
6
CONTINUOUS
10
71.3710899999999953
20
-50.3747849999999957
11
71.410499999999999
21
-50.1259620000000012
0
LINE
8
BLACK
6
CONTINUOUS
10
71.410499999999999
20
-50.1259620000000012
11
71.410499999999999
21
-49.8740379999999988
0
LINE
8
BLACK
6
CONTINUOUS
10
71.410499999999999
20
-49.8740379999999988
11
71.3710899999999953
21
-49.6252149999999972
0
LINE
8
BLACK
6
CONTINUOUS
10
71.3710899999999953
20
-49.6252149999999972
11
71.2932409999999948
21
-49.3856210000000004
0
LINE
8
BLACK
6
CONTINUOUS
10
71.2932409999999948
20
-49.3856210000000004
11
71.2932389999999998
21
-49.3856180000000009
0
LINE
8
BLACK
6
CONTINUOUS
10
71.2932389999999998
20
-49.3856180000000009
11
71.2932389999999998
21
-49.3856159999999988
0
LINE
8
BLACK
6
CONTINUOUS
10
71.2932389999999998
20
-49.3856159999999988
11
71.2517469999999946
21
-49.3041839999999993
0
LINE
8
BLACK
6
CONTINUOUS
10
71.2517469999999946
20
-49.3041839999999993
11
71.1788700000000034
21
-49.1611550000000008
0
LINE
8
BLACK
6
CONTINUOUS
10
71.1788700000000034
20
-49.1611550000000008
11
71.1599519999999899
21
-49.135117000000001
0
LINE
8
BLACK
6
CONTINUOUS
10
71.1599519999999899
20
-49.135117000000001
11
71.0307979999999901
21
-48.9573499999999981
0
LINE
8
BLACK
6
CONTINUOUS
10
71.0307979999999901
20
-48.9573499999999981
11
71.0307940000000002
21
-48.9573449999999966
0
LINE
8
BLACK
6
CONTINUOUS
10
71.0307940000000002
20
-48.9573449999999966
11
70.8526540000000011
21
-48.7792049999999975
0
LINE
8
BLACK
6
CONTINUOUS
10
70.8526540000000011
20
-48.7792049999999975
11
70.8526489999999995
21
-48.7792010000000005
0
LINE
8
BLACK
6
CONTINUOUS
10
70.8526489999999995
20
-48.7792010000000005
11
70.648848000000001
21
-48.6311320000000009
0
LINE
8
BLACK
6
CONTINUOUS
10
70.648848000000001
20
-48.6311320000000009
11
70.6488470000000035
21
-48.6311309999999963
0
LINE
8
BLACK
6
CONTINUOUS
10
70.6488470000000035
20
-48.6311309999999963
11
70.6488449999999943
21
-48.6311299999999989
0
LINE
8
BLACK
6
CONTINUOUS
10
70.6488449999999943
20
-48.6311299999999989
11
70.5787469999999928
21
-48.5954130000000006
0
LINE
8
BLACK
6
CONTINUOUS
10
70.5787469999999928
20
-48.5954130000000006
11
70.4243829999999917
21
-48.5167599999999979
0
LINE
8
BLACK
6
CONTINUOUS
10
70.4243829999999917
20
-48.5167599999999979
11
70.1847849999999909
21
-48.4389099999999999
0
LINE
8
BLACK
6
CONTINUOUS
10
70.1847849999999909
20
-48.4389099999999999
11
69.9359620000000035
21
-48.3994999999999962
0
LINE
8
BLACK
6
CONTINUOUS
10
69.9359620000000035
20
-48.3994999999999962
11
69.684038000000001
21
-48.3994999999999962
0
LINE
8
BLACK
6
CONTINUOUS
10
69.684038000000001
20
-48.3994999999999962
11
69.5596259999999944
21
-48.4192049999999981
0
LINE
8
BLACK
6
CONTINUOUS
10
69.5596259999999944
20
-48.4192049999999981
11
69.435214000000002
21
-48.4389099999999999
0
LINE
8
BLACK
6
CONTINUOUS
10
69.435214000000002
20
-48.4389099999999999
11
69.1956160000000011
21
-48.5167599999999979
0
LINE
8
BLACK
6
CONTINUOUS
10
69.1956160000000011
20
-48.5167599999999979
11
68.9711509999999919
21
-48.6311320000000009
0
LINE
8
BLACK
6
CONTINUOUS
10
68.9711509999999919
20
-48.6311320000000009
11
68.7673499999999933
21
-48.7792010000000005
0
LINE
8
BLACK
6
CONTINUOUS
10
68.7673499999999933
20
-48.7792010000000005
11
68.7673449999999917
21
-48.7792049999999975
0
LINE
8
BLACK
6
CONTINUOUS
10
68.7673449999999917
20
-48.7792049999999975
11
68.5892049999999927
21
-48.9573449999999966
0
LINE
8
BLACK
6
CONTINUOUS
10
68.5892049999999927
20
-48.9573449999999966
11
68.5892010000000028
21
-48.9573499999999981
0
LINE
8
BLACK
6
CONTINUOUS
10
68.5892010000000028
20
-48.9573499999999981
11
68.4411319999999961
21
-49.1611509999999967
0
LINE
8
BLACK
6
CONTINUOUS
10
68.4411319999999961
20
-49.1611509999999967
11
68.3267599999999931
21
-49.3856159999999988
0
LINE
8
BLACK
6
CONTINUOUS
10
68.3267599999999931
20
-49.3856159999999988
11
68.2489099999999951
21
-49.6252139999999997
0
LINE
8
BLACK
6
CONTINUOUS
10
68.2489099999999951
20
-49.6252139999999997
11
68.2489099999999951
21
-49.6252149999999972
0
LINE
8
BLACK
6
CONTINUOUS
10
68.2489099999999951
20
-49.6252149999999972
11
68.2094999999999914
21
-49.8740379999999988
0
LINE
8
BLACK
6
CONTINUOUS
10
68.2094999999999914
20
-49.8740379999999988
11
68.2094999999999914
21
-50.1259620000000012
0
LINE
8
BLACK
6
CONTINUOUS
10
60.5894999999999939
20
-36.1259609999999967
11
60.6289099999999976
21
-36.3747849999999957
0
LINE
8
BLACK
6
CONTINUOUS
10
60.6289099999999976
20
-36.3747849999999957
11
60.7067599999999956
21
-36.6143829999999966
0
LINE
8
BLACK
6
CONTINUOUS
10
60.7067599999999956
20
-36.6143829999999966
11
60.7854129999999984
21
-36.7687469999999976
0
LINE
8
BLACK
6
CONTINUOUS
10
60.7854129999999984
20
-36.7687469999999976
11
60.8090890000000002
21
-36.8152139999999974
0
LINE
8
BLACK
6
CONTINUOUS
10
60.8090890000000002
20
-36.8152139999999974
11
60.8211319999999986
21
-36.8388479999999987
0
LINE
8
BLACK
6
CONTINUOUS
10
60.8211319999999986
20
-36.8388479999999987
11
60.9692009999999982
21
-37.0426489999999973
0
LINE
8
BLACK
6
CONTINUOUS
10
60.9692009999999982
20
-37.0426489999999973
11
60.9692049999999952
21
-37.0426539999999989
0
LINE
8
BLACK
6
CONTINUOUS
10
60.9692049999999952
20
-37.0426539999999989
11
61.1473449999999943
21
-37.2207939999999979
0
LINE
8
BLACK
6
CONTINUOUS
10
61.1473449999999943
20
-37.2207939999999979
11
61.1473499999999959
21
-37.2207979999999949
0
LINE
8
BLACK
6
CONTINUOUS
10
61.1473499999999959
20
-37.2207979999999949
11
61.2783319999999989
21
-37.3159610000000015
0
LINE
8
BLACK
6
CONTINUOUS
10
61.2783319999999989
20
-37.3159610000000015
11
61.3511549999999986
21
-37.3688700000000011
0
LINE
8
BLACK
6
CONTINUOUS
10
61.3511549999999986
20
-37.3688700000000011
11
61.4941839999999971
21
-37.4417469999999994
0
LINE
8
BLACK
6
CONTINUOUS
10
61.4941839999999971
20
-37.4417469999999994
11
61.5756159999999966
21
-37.4832389999999975
0
LINE
8
BLACK
6
CONTINUOUS
10
61.5756159999999966
20
-37.4832389999999975
11
61.5756179999999986
21
-37.4832389999999975
0
LINE
8
BLACK
6
CONTINUOUS
10
61.5756179999999986
20
-37.4832389999999975
11
61.5756209999999982
21
-37.4832409999999996
0
LINE
8
BLACK
6
CONTINUOUS
10
61.5756209999999982
20
-37.4832409999999996
11
61.8152149999999949
21
-37.5610900000000001
0
LINE
8
BLACK
6
CONTINUOUS
10
61.8152149999999949
20
-37.5610900000000001
11
62.0640379999999965
21
-37.6004999999999967
0
LINE
8
BLACK
6
CONTINUOUS
10
62.0640379999999965
20
-37.6004999999999967
11
62.064038999999994
21
-37.6004999999999967
0
LINE
8
BLACK
6
CONTINUOUS
10
62.064038999999994
20
-37.6004999999999967
11
62.3159609999999944
21
-37.6004999999999967
0
LINE
8
BLACK
6
CONTINUOUS
10
62.3159609999999944
20
-37.6004999999999967
11
62.315961999999999
21
-37.6004999999999967
0
LINE
8
BLACK
6
CONTINUOUS
10
62.315961999999999
20
-37.6004999999999967
11
62.5647850000000005
21
-37.5610900000000001
0
LINE
8
BLACK
6
CONTINUOUS
10
62.5647850000000005
20
-37.5610900000000001
11
62.8043789999999973
21
-37.4832409999999996
0
LINE
8
BLACK
6
CONTINUOUS
10
62.8043789999999973
20
-37.4832409999999996
11
63.0288449999999969
21
-37.3688700000000011
0
LINE
8
BLACK
6
CONTINUOUS
10
63.0288449999999969
20
-37.3688700000000011
11
63.2326559999999986
21
-37.2207930000000005
0
LINE
8
BLACK
6
CONTINUOUS
10
63.2326559999999986
20
-37.2207930000000005
11
63.4107929999999982
21
-37.0426560000000009
0
LINE
8
BLACK
6
CONTINUOUS
10
63.4107929999999982
20
-37.0426560000000009
11
63.5588699999999989
21
-36.8388449999999992
0
LINE
8
BLACK
6
CONTINUOUS
10
63.5588699999999989
20
-36.8388449999999992
11
63.6732409999999973
21
-36.6143789999999996
0
LINE
8
BLACK
6
CONTINUOUS
10
63.6732409999999973
20
-36.6143789999999996
11
63.7510899999999978
21
-36.3747849999999957
0
LINE
8
BLACK
6
CONTINUOUS
10
63.7510899999999978
20
-36.3747849999999957
11
63.7904999999999944
21
-36.1259620000000012
0
LINE
8
BLACK
6
CONTINUOUS
10
63.7904999999999944
20
-36.1259620000000012
11
63.7904999999999944
21
-35.8740379999999988
0
LINE
8
BLACK
6
CONTINUOUS
10
63.7904999999999944
20
-35.8740379999999988
11
63.7510899999999978
21
-35.6252149999999972
0
LINE
8
BLACK
6
CONTINUOUS
10
63.7510899999999978
20
-35.6252149999999972
11
63.6732409999999973
21
-35.3856210000000004
0
LINE
8
BLACK
6
CONTINUOUS
10
63.6732409999999973
20
-35.3856210000000004
11
63.6732389999999953
21
-35.3856180000000009
0
LINE
8
BLACK
6
CONTINUOUS
10
63.6732389999999953
20
-35.3856180000000009
11
63.6732389999999953
21
-35.3856159999999988
0
LINE
8
BLACK
6
CONTINUOUS
10
63.6732389999999953
20
-35.3856159999999988
11
63.6317469999999972
21
-35.3041839999999993
0
LINE
8
BLACK
6
CONTINUOUS
10
63.6317469999999972
20
-35.3041839999999993
11
63.5588699999999989
21
-35.1611550000000008
0
LINE
8
BLACK
6
CONTINUOUS
10
63.5588699999999989
20
-35.1611550000000008
11
63.5399519999999995
21
-35.135117000000001
0
LINE
8
BLACK
6
CONTINUOUS
10
63.5399519999999995
20
-35.135117000000001
11
63.4107979999999998
21
-34.9573499999999981
0
LINE
8
BLACK
6
CONTINUOUS
10
63.4107979999999998
20
-34.9573499999999981
11
63.4107939999999957
21
-34.9573449999999966
0
LINE
8
BLACK
6
CONTINUOUS
10
63.4107939999999957
20
-34.9573449999999966
11
63.2326539999999966
21
-34.7792049999999975
0
LINE
8
BLACK
6
CONTINUOUS
10
63.2326539999999966
20
-34.7792049999999975
11
63.232648999999995
21
-34.7792010000000005
0
LINE
8
BLACK
6
CONTINUOUS
10
63.232648999999995
20
-34.7792010000000005
11
63.0288479999999964
21
-34.6311320000000009
0
LINE
8
BLACK
6
CONTINUOUS
10
63.0288479999999964
20
-34.6311320000000009
11
63.028846999999999
21
-34.6311309999999963
0
LINE
8
BLACK
6
CONTINUOUS
10
63.028846999999999
20
-34.6311309999999963
11
63.0288449999999969
21
-34.6311299999999989
0
LINE
8
BLACK
6
CONTINUOUS
10
63.0288449999999969
20
-34.6311299999999989
11
62.9587469999999954
21
-34.5954130000000006
0
LINE
8
BLACK
6
CONTINUOUS
10
62.9587469999999954
20
-34.5954130000000006
11
62.8043829999999943
21
-34.5167599999999979
0
LINE
8
BLACK
6
CONTINUOUS
10
62.8043829999999943
20
-34.5167599999999979
11
62.5647850000000005
21
-34.4389099999999999
0
LINE
8
BLACK
6
CONTINUOUS
10
62.5647850000000005
20
-34.4389099999999999
11
62.315961999999999
21
-34.3994999999999962
0
LINE
8
BLACK
6
CONTINUOUS
10
62.315961999999999
20
-34.3994999999999962
11
62.0640379999999965
21
-34.3994999999999962
0
LINE
8
BLACK
6
CONTINUOUS
10
62.0640379999999965
20
-34.3994999999999962
11
61.939625999999997
21
-34.4192049999999981
0
LINE
8
BLACK
6
CONTINUOUS
10
61.939625999999997
20
-34.4192049999999981
11
61.8152139999999974
21
-34.4389099999999999
0
LINE
8
BLACK
6
CONTINUOUS
10
61.8152139999999974
20
-34.4389099999999999
11
61.5756159999999966
21
-34.5167599999999979
0
LINE
8
BLACK
6
CONTINUOUS
10
61.5756159999999966
20
-34.5167599999999979
11
61.3511509999999944
21
-34.6311320000000009
0
LINE
8
BLACK
6
CONTINUOUS
10
61.3511509999999944
20
-34.6311320000000009
11
61.1473499999999959
21
-34.7792010000000005
0
LINE
8
BLACK
6
CONTINUOUS
10
61.1473499999999959
20
-34.7792010000000005
11
61.1473449999999943
21
-34.7792049999999975
0
LINE
8
BLACK
6
CONTINUOUS
10
61.1473449999999943
20
-34.7792049999999975
11
60.9692049999999952
21
-34.9573449999999966
0
LINE
8
BLACK
6
CONTINUOUS
10
60.9692049999999952
20
-34.9573449999999966
11
60.9692009999999982
21
-34.9573499999999981
0
LINE
8
BLACK
6
CONTINUOUS
10
60.9692009999999982
20
-34.9573499999999981
11
60.8211319999999986
21
-35.1611509999999967
0
LINE
8
BLACK
6
CONTINUOUS
10
60.8211319999999986
20
-35.1611509999999967
11
60.7067599999999956
21
-35.3856159999999988
0
LINE
8
BLACK
6
CONTINUOUS
10
60.7067599999999956
20
-35.3856159999999988
11
60.6289099999999976
21
-35.6252139999999997
0
LINE
8
BLACK
6
CONTINUOUS
10
60.6289099999999976
20
-35.6252139999999997
11
60.5894999999999939
21
-35.8740379999999988
0
LINE
8
BLACK
6
CONTINUOUS
10
60.5894999999999939
20
-35.8740379999999988
11
60.5894999999999939
21
-36.1259609999999967
0
LINE
8
BLACK
6
CONTINUOUS
10
68.2094999999999914
20
-36.1259609999999967
11
68.2489099999999951
21
-36.3747849999999957
0
LINE
8
BLACK
6
CONTINUOUS
10
68.2489099999999951
20
-36.3747849999999957
11
68.3267599999999931
21
-36.6143829999999966
0
LINE
8
BLACK
6
CONTINUOUS
10
68.3267599999999931
20
-36.6143829999999966
11
68.4054129999999958
21
-36.7687469999999976
0
LINE
8
BLACK
6
CONTINUOUS
10
68.4054129999999958
20
-36.7687469999999976
11
68.4290889999999905
21
-36.8152139999999974
0
LINE
8
BLACK
6
CONTINUOUS
10
68.4290889999999905
20
-36.8152139999999974
11
68.4411319999999961
21
-36.8388479999999987
0
LINE
8
BLACK
6
CONTINUOUS
10
68.4411319999999961
20
-36.8388479999999987
11
68.5892010000000028
21
-37.0426489999999973
0
LINE
8
BLACK
6
CONTINUOUS
10
68.5892010000000028
20
-37.0426489999999973
11
68.5892049999999927
21
-37.0426539999999989
0
LINE
8
BLACK
6
CONTINUOUS
10
68.5892049999999927
20
-37.0426539999999989
11
68.7673449999999917
21
-37.2207939999999979
0
LINE
8
BLACK
6
CONTINUOUS
10
68.7673449999999917
20
-37.2207939999999979
11
68.7673499999999933
21
-37.2207979999999949
0
LINE
8
BLACK
6
CONTINUOUS
10
68.7673499999999933
20
-37.2207979999999949
11
68.8983319999999964
21
-37.3159610000000015
0
LINE
8
BLACK
6
CONTINUOUS
10
68.8983319999999964
20
-37.3159610000000015
11
68.971154999999996
21
-37.3688700000000011
0
LINE
8
BLACK
6
CONTINUOUS
10
68.971154999999996
20
-37.3688700000000011
11
69.1141839999999945
21
-37.4417469999999994
0
LINE
8
BLACK
6
CONTINUOUS
10
69.1141839999999945
20
-37.4417469999999994
11
69.1956160000000011
21
-37.4832389999999975
0
LINE
8
BLACK
6
CONTINUOUS
10
69.1956160000000011
20
-37.4832389999999975
11
69.1956179999999961
21
-37.4832389999999975
0
LINE
8
BLACK
6
CONTINUOUS
10
69.1956179999999961
20
-37.4832389999999975
11
69.1956210000000027
21
-37.4832409999999996
0
LINE
8
BLACK
6
CONTINUOUS
10
69.1956210000000027
20
-37.4832409999999996
11
69.4352149999999995
21
-37.5610900000000001
0
LINE
8
BLACK
6
CONTINUOUS
10
69.4352149999999995
20
-37.5610900000000001
11
69.684038000000001
21
-37.6004999999999967
0
LINE
8
BLACK
6
CONTINUOUS
10
69.684038000000001
20
-37.6004999999999967
11
69.6840389999999985
21
-37.6004999999999967
0
LINE
8
BLACK
6
CONTINUOUS
10
69.6840389999999985
20
-37.6004999999999967
11
69.9359609999999918
21
-37.6004999999999967
0
LINE
8
BLACK
6
CONTINUOUS
10
69.9359609999999918
20
-37.6004999999999967
11
69.9359620000000035
21
-37.6004999999999967
0
LINE
8
BLACK
6
CONTINUOUS
10
69.9359620000000035
20
-37.6004999999999967
11
70.1847849999999909
21
-37.5610900000000001
0
LINE
8
BLACK
6
CONTINUOUS
10
70.1847849999999909
20
-37.5610900000000001
11
70.4243790000000018
21
-37.4832409999999996
0
LINE
8
BLACK
6
CONTINUOUS
10
70.4243790000000018
20
-37.4832409999999996
11
70.6488449999999943
21
-37.3688700000000011
0
LINE
8
BLACK
6
CONTINUOUS
10
70.6488449999999943
20
-37.3688700000000011
11
70.8526559999999961
21
-37.2207930000000005
0
LINE
8
BLACK
6
CONTINUOUS
10
70.8526559999999961
20
-37.2207930000000005
11
71.0307930000000027
21
-37.0426560000000009
0
LINE
8
BLACK
6
CONTINUOUS
10
71.0307930000000027
20
-37.0426560000000009
11
71.1788700000000034
21
-36.8388449999999992
0
LINE
8
BLACK
6
CONTINUOUS
10
71.1788700000000034
20
-36.8388449999999992
11
71.2932409999999948
21
-36.6143789999999996
0
LINE
8
BLACK
6
CONTINUOUS
10
71.2932409999999948
20
-36.6143789999999996
11
71.301684999999992
21
-36.5883919999999989
0
LINE
8
BLACK
6
CONTINUOUS
10
71.301684999999992
20
-36.5883919999999989
11
71.3710899999999953
21
-36.3747849999999957
0
LINE
8
BLACK
6
CONTINUOUS
10
71.3710899999999953
20
-36.3747849999999957
11
71.410499999999999
21
-36.1259620000000012
0
LINE
8
BLACK
6
CONTINUOUS
10
71.410499999999999
20
-36.1259620000000012
11
71.410499999999999
21
-35.8740379999999988
0
LINE
8
BLACK
6
CONTINUOUS
10
71.410499999999999
20
-35.8740379999999988
11
71.3710899999999953
21
-35.6252149999999972
0
LINE
8
BLACK
6
CONTINUOUS
10
71.3710899999999953
20
-35.6252149999999972
11
71.2932409999999948
21
-35.3856210000000004
0
LINE
8
BLACK
6
CONTINUOUS
10
71.2932409999999948
20
-35.3856210000000004
11
71.2932389999999998
21
-35.3856180000000009
0
LINE
8
BLACK
6
CONTINUOUS
10
71.2932389999999998
20
-35.3856180000000009
11
71.2932389999999998
21
-35.3856159999999988
0
LINE
8
BLACK
6
CONTINUOUS
10
71.2932389999999998
20
-35.3856159999999988
11
71.2517469999999946
21
-35.3041839999999993
0
LINE
8
BLACK
6
CONTINUOUS
10
71.2517469999999946
20
-35.3041839999999993
11
71.1788700000000034
21
-35.1611550000000008
0
LINE
8
BLACK
6
CONTINUOUS
10
71.1788700000000034
20
-35.1611550000000008
11
71.1599519999999899
21
-35.135117000000001
0
LINE
8
BLACK
6
CONTINUOUS
10
71.1599519999999899
20
-35.135117000000001
11
71.0307979999999901
21
-34.9573499999999981
0
LINE
8
BLACK
6
CONTINUOUS
10
71.0307979999999901
20
-34.9573499999999981
11
71.0307940000000002
21
-34.9573449999999966
0
LINE
8
BLACK
6
CONTINUOUS
10
71.0307940000000002
20
-34.9573449999999966
11
70.8526540000000011
21
-34.7792049999999975
0
LINE
8
BLACK
6
CONTINUOUS
10
70.8526540000000011
20
-34.7792049999999975
11
70.8526489999999995
21
-34.7792010000000005
0
LINE
8
BLACK
6
CONTINUOUS
10
70.8526489999999995
20
-34.7792010000000005
11
70.648848000000001
21
-34.6311320000000009
0
LINE
8
BLACK
6
CONTINUOUS
10
70.648848000000001
20
-34.6311320000000009
11
70.6488470000000035
21
-34.6311309999999963
0
LINE
8
BLACK
6
CONTINUOUS
10
70.6488470000000035
20
-34.6311309999999963
11
70.6488449999999943
21
-34.6311299999999989
0
LINE
8
BLACK
6
CONTINUOUS
10
70.6488449999999943
20
-34.6311299999999989
11
70.5787469999999928
21
-34.5954130000000006
0
LINE
8
BLACK
6
CONTINUOUS
10
70.5787469999999928
20
-34.5954130000000006
11
70.4243829999999917
21
-34.5167599999999979
0
LINE
8
BLACK
6
CONTINUOUS
10
70.4243829999999917
20
-34.5167599999999979
11
70.1847849999999909
21
-34.4389099999999999
0
LINE
8
BLACK
6
CONTINUOUS
10
70.1847849999999909
20
-34.4389099999999999
11
69.9359620000000035
21
-34.3994999999999962
0
LINE
8
BLACK
6
CONTINUOUS
10
69.9359620000000035
20
-34.3994999999999962
11
69.684038000000001
21
-34.3994999999999962
0
LINE
8
BLACK
6
CONTINUOUS
10
69.684038000000001
20
-34.3994999999999962
11
69.5596259999999944
21
-34.4192049999999981
0
LINE
8
BLACK
6
CONTINUOUS
10
69.5596259999999944
20
-34.4192049999999981
11
69.435214000000002
21
-34.4389099999999999
0
LINE
8
BLACK
6
CONTINUOUS
10
69.435214000000002
20
-34.4389099999999999
11
69.1956160000000011
21
-34.5167599999999979
0
LINE
8
BLACK
6
CONTINUOUS
10
69.1956160000000011
20
-34.5167599999999979
11
68.9711509999999919
21
-34.6311320000000009
0
LINE
8
BLACK
6
CONTINUOUS
10
68.9711509999999919
20
-34.6311320000000009
11
68.7673499999999933
21
-34.7792010000000005
0
LINE
8
BLACK
6
CONTINUOUS
10
68.7673499999999933
20
-34.7792010000000005
11
68.7673449999999917
21
-34.7792049999999975
0
LINE
8
BLACK
6
CONTINUOUS
10
68.7673449999999917
20
-34.7792049999999975
11
68.5892049999999927
21
-34.9573449999999966
0
LINE
8
BLACK
6
CONTINUOUS
10
68.5892049999999927
20
-34.9573449999999966
11
68.5892010000000028
21
-34.9573499999999981
0
LINE
8
BLACK
6
CONTINUOUS
10
68.5892010000000028
20
-34.9573499999999981
11
68.4411319999999961
21
-35.1611509999999967
0
LINE
8
BLACK
6
CONTINUOUS
10
68.4411319999999961
20
-35.1611509999999967
11
68.3267599999999931
21
-35.3856159999999988
0
LINE
8
BLACK
6
CONTINUOUS
10
68.3267599999999931
20
-35.3856159999999988
11
68.2489099999999951
21
-35.6252139999999997
0
LINE
8
BLACK
6
CONTINUOUS
10
68.2489099999999951
20
-35.6252139999999997
11
68.2094999999999914
21
-35.8740379999999988
0
LINE
8
BLACK
6
CONTINUOUS
10
68.2094999999999914
20
-35.8740379999999988
11
68.2094999999999914
21
-36.1259609999999967
0
LINE
8
BLACK
6
CONTINUOUS
10
88.169786000000002
20
-32.5805530000000019
11
88.169786000000002
21
-29.1649839999999969
0
LINE
8
BLACK
6
CONTINUOUS
10
88.169786000000002
20
-29.1649839999999969
11
83.8999170000000021
21
-29.1649839999999969
0
LINE
8
BLACK
6
CONTINUOUS
10
83.8999170000000021
20
-29.1649839999999969
11
83.8999170000000021
21
-32.5805530000000019
0
LINE
8
BLACK
6
CONTINUOUS
10
83.8999170000000021
20
-32.5805530000000019
11
88.169786000000002
21
-32.5805530000000019
0
LINE
8
BLACK
6
CONTINUOUS
10
30.1594999999999978
20
-30.1507759999999969
11
30.1595009999999988
21
-30.1507930000000002
0
LINE
8
BLACK
6
CONTINUOUS
10
30.1595009999999988
20
-30.1507930000000002
11
30.1988609999999973
21
-30.4497660000000003
0
LINE
8
BLACK
6
CONTINUOUS
10
30.1988609999999973
20
-30.4497660000000003
11
30.2769129999999969
21
-30.7410599999999974
0
LINE
8
BLACK
6
CONTINUOUS
10
30.2769129999999969
20
-30.7410599999999974
11
30.3923139999999989
21
-31.0196609999999993
0
LINE
8
BLACK
6
CONTINUOUS
10
30.3923139999999989
20
-31.0196609999999993
11
30.3923179999999995
21
-31.0196709999999989
0
LINE
8
BLACK
6
CONTINUOUS
10
30.3923179999999995
20
-31.0196709999999989
11
30.543098999999998
21
-31.2808309999999992
0
LINE
8
BLACK
6
CONTINUOUS
10
30.543098999999998
20
-31.2808309999999992
11
30.7266789999999972
21
-31.520077999999998
0
LINE
8
BLACK
6
CONTINUOUS
10
30.7266789999999972
20
-31.520077999999998
11
30.7266829999999977
21
-31.5200829999999996
0
LINE
8
BLACK
6
CONTINUOUS
10
30.7266829999999977
20
-31.5200829999999996
11
30.9399139999999981
21
-31.733314
0
LINE
8
BLACK
6
CONTINUOUS
10
30.9399139999999981
20
-31.733314
11
30.9399209999999982
21
-31.7333199999999991
0
LINE
8
BLACK
6
CONTINUOUS
10
30.9399209999999982
20
-31.7333199999999991
11
31.1791679999999971
21
-31.9168999999999983
0
LINE
8
BLACK
6
CONTINUOUS
10
31.1791679999999971
20
-31.9168999999999983
11
31.4403279999999974
21
-32.0676810000000003
0
LINE
8
BLACK
6
CONTINUOUS
10
31.4403279999999974
20
-32.0676810000000003
11
31.4403289999999984
21
-32.0676810000000003
0
LINE
8
BLACK
6
CONTINUOUS
10
31.4403289999999984
20
-32.0676810000000003
11
31.4403319999999979
21
-32.0676829999999953
0
LINE
8
BLACK
6
CONTINUOUS
10
31.4403319999999979
20
-32.0676829999999953
11
31.6260719999999971
21
-32.1446189999999987
0
LINE
8
BLACK
6
CONTINUOUS
10
31.6260719999999971
20
-32.1446189999999987
11
31.7189389999999989
21
-32.1830859999999959
0
LINE
8
BLACK
6
CONTINUOUS
10
31.7189389999999989
20
-32.1830859999999959
11
31.7189399999999999
21
-32.1830859999999959
0
LINE
8
BLACK
6
CONTINUOUS
10
31.7189399999999999
20
-32.1830859999999959
11
31.7189419999999984
21
-32.1830870000000004
0
LINE
8
BLACK
6
CONTINUOUS
10
31.7189419999999984
20
-32.1830870000000004
11
32.010232000000002
21
-32.2611379999999954
0
LINE
8
BLACK
6
CONTINUOUS
10
32.010232000000002
20
-32.2611379999999954
11
32.3092169999999967
21
-32.3004999999999995
0
LINE
8
BLACK
6
CONTINUOUS
10
32.3092169999999967
20
-32.3004999999999995
11
32.3092240000000004
21
-32.3004999999999995
0
LINE
8
BLACK
6
CONTINUOUS
10
32.3092240000000004
20
-32.3004999999999995
11
32.6107760000000013
21
-32.3004999999999995
0
LINE
8
BLACK
6
CONTINUOUS
10
32.6107760000000013
20
-32.3004999999999995
11
32.6107829999999979
21
-32.3004999999999995
0
LINE
8
BLACK
6
CONTINUOUS
10
32.6107829999999979
20
-32.3004999999999995
11
32.9097679999999997
21
-32.2611379999999954
0
LINE
8
BLACK
6
CONTINUOUS
10
32.9097679999999997
20
-32.2611379999999954
11
33.2010579999999962
21
-32.1830870000000004
0
LINE
8
BLACK
6
CONTINUOUS
10
33.2010579999999962
20
-32.1830870000000004
11
33.4796679999999967
21
-32.0676829999999953
0
LINE
8
BLACK
6
CONTINUOUS
10
33.4796679999999967
20
-32.0676829999999953
11
33.7408319999999975
21
-31.9168999999999983
0
LINE
8
BLACK
6
CONTINUOUS
10
33.7408319999999975
20
-31.9168999999999983
11
33.980080000000001
21
-31.7333189999999981
0
LINE
8
BLACK
6
CONTINUOUS
10
33.980080000000001
20
-31.7333189999999981
11
34.0341499999999968
21
-31.6792489999999987
0
LINE
8
BLACK
6
CONTINUOUS
10
34.0341499999999968
20
-31.6792489999999987
11
34.1933170000000004
21
-31.5200829999999996
0
LINE
8
BLACK
6
CONTINUOUS
10
34.1933170000000004
20
-31.5200829999999996
11
34.1933189999999954
21
-31.5200800000000001
0
LINE
8
BLACK
6
CONTINUOUS
10
34.1933189999999954
20
-31.5200800000000001
11
34.3768999999999991
21
-31.2808320000000002
0
LINE
8
BLACK
6
CONTINUOUS
10
34.3768999999999991
20
-31.2808320000000002
11
34.5276829999999961
21
-31.0196679999999994
0
LINE
8
BLACK
6
CONTINUOUS
10
34.5276829999999961
20
-31.0196679999999994
11
34.6430870000000013
21
-30.7410579999999989
0
LINE
8
BLACK
6
CONTINUOUS
10
34.6430870000000013
20
-30.7410579999999989
11
34.7211379999999963
21
-30.4497679999999988
0
LINE
8
BLACK
6
CONTINUOUS
10
34.7211379999999963
20
-30.4497679999999988
11
34.7605000000000004
21
-30.150782999999997
0
LINE
8
BLACK
6
CONTINUOUS
10
34.7605000000000004
20
-30.150782999999997
11
34.7605000000000004
21
-29.8492169999999994
0
LINE
8
BLACK
6
CONTINUOUS
10
34.7605000000000004
20
-29.8492169999999994
11
34.7323540000000008
21
-29.6354340000000001
0
LINE
8
BLACK
6
CONTINUOUS
10
34.7323540000000008
20
-29.6354340000000001
11
34.7431190000000001
21
-29.5664029999999975
0
LINE
8
BLACK
6
CONTINUOUS
10
34.7431190000000001
20
-29.5664029999999975
11
34.7676090000000002
21
-29.5315739999999991
0
LINE
8
BLACK
6
CONTINUOUS
10
34.7676090000000002
20
-29.5315739999999991
11
35.0278199999999984
21
-29.2713639999999984
0
LINE
8
BLACK
6
CONTINUOUS
10
35.0278199999999984
20
-29.2713639999999984
11
35.0891419999999954
21
-29.237879999999997
0
LINE
8
BLACK
6
CONTINUOUS
10
35.0891419999999954
20
-29.237879999999997
11
35.1588339999999988
21
-29.2428639999999973
0
LINE
8
BLACK
6
CONTINUOUS
10
35.1588339999999988
20
-29.2428639999999973
11
35.2147670000000019
21
-29.2847359999999988
0
LINE
8
BLACK
6
CONTINUOUS
10
35.2147670000000019
20
-29.2847359999999988
11
35.2391840000000016
21
-29.3501999999999974
0
LINE
8
BLACK
6
CONTINUOUS
10
35.2391840000000016
20
-29.3501999999999974
11
35.2394999999999996
21
-29.3590459999999993
0
LINE
8
BLACK
6
CONTINUOUS
10
35.2394999999999996
20
-29.3590459999999993
11
35.2394999999999996
21
-31.5449599999999997
0
LINE
8
BLACK
6
CONTINUOUS
10
35.2394999999999996
20
-31.5449599999999997
11
35.2546299999999988
21
-31.6792489999999987
0
LINE
8
BLACK
6
CONTINUOUS
10
35.2546299999999988
20
-31.6792489999999987
11
35.2546309999999963
21
-31.6792540000000002
0
LINE
8
BLACK
6
CONTINUOUS
10
35.2546309999999963
20
-31.6792540000000002
11
35.3142110000000002
21
-31.8495229999999978
0
LINE
8
BLACK
6
CONTINUOUS
10
35.3142110000000002
20
-31.8495229999999978
11
35.3357309999999956
21
-31.8837709999999994
0
LINE
8
BLACK
6
CONTINUOUS
10
35.3357309999999956
20
-31.8837709999999994
11
35.410184000000001
21
-32.0022620000000018
0
LINE
8
BLACK
6
CONTINUOUS
10
35.410184000000001
20
-32.0022620000000018
11
35.5377379999999974
21
-32.1298159999999982
0
LINE
8
BLACK
6
CONTINUOUS
10
35.5377379999999974
20
-32.1298159999999982
11
35.6904779999999988
21
-32.2257889999999989
0
LINE
8
BLACK
6
CONTINUOUS
10
35.6904779999999988
20
-32.2257889999999989
11
35.7914999999999992
21
-32.2611379999999954
0
LINE
8
BLACK
6
CONTINUOUS
10
35.7914999999999992
20
-32.2611379999999954
11
35.8607450000000014
21
-32.2853679999999983
0
LINE
8
BLACK
6
CONTINUOUS
10
35.8607450000000014
20
-32.2853679999999983
11
35.8607499999999959
21
-32.2853689999999958
0
LINE
8
BLACK
6
CONTINUOUS
10
35.8607499999999959
20
-32.2853689999999958
11
35.9512459999999976
21
-32.2955649999999963
0
LINE
8
BLACK
6
CONTINUOUS
10
35.9512459999999976
20
-32.2955649999999963
11
35.9950399999999959
21
-32.3004990000000021
0
LINE
8
BLACK
6
CONTINUOUS
10
35.9950399999999959
20
-32.3004990000000021
11
35.9950429999999955
21
-32.3004999999999995
0
LINE
8
BLACK
6
CONTINUOUS
10
35.9950429999999955
20
-32.3004999999999995
11
35.995045999999995
21
-32.3004999999999995
0
LINE
8
BLACK
6
CONTINUOUS
10
35.995045999999995
20
-32.3004999999999995
11
39.0849569999999957
21
-32.3004999999999995
0
LINE
8
BLACK
6
CONTINUOUS
10
39.0849569999999957
20
-32.3004999999999995
11
39.0849580000000003
21
-32.3004990000000021
0
LINE
8
BLACK
6
CONTINUOUS
10
39.0849580000000003
20
-32.3004990000000021
11
39.1521040000000013
21
-32.2929339999999954
0
LINE
8
BLACK
6
CONTINUOUS
10
39.1521040000000013
20
-32.2929339999999954
11
39.2192489999999978
21
-32.2853689999999958
0
LINE
8
BLACK
6
CONTINUOUS
10
39.2192489999999978
20
-32.2853689999999958
11
39.2192519999999973
21
-32.2853679999999983
0
LINE
8
BLACK
6
CONTINUOUS
10
39.2192519999999973
20
-32.2853679999999983
11
39.2192549999999969
21
-32.2853679999999983
0
LINE
8
BLACK
6
CONTINUOUS
10
39.2192549999999969
20
-32.2853679999999983
11
39.3895219999999995
21
-32.2257889999999989
0
LINE
8
BLACK
6
CONTINUOUS
10
39.3895219999999995
20
-32.2257889999999989
11
39.5422620000000009
21
-32.1298159999999982
0
LINE
8
BLACK
6
CONTINUOUS
10
39.5422620000000009
20
-32.1298159999999982
11
39.6698159999999973
21
-32.0022620000000018
0
LINE
8
BLACK
6
CONTINUOUS
10
39.6698159999999973
20
-32.0022620000000018
11
39.7657889999999981
21
-31.8495220000000003
0
LINE
8
BLACK
6
CONTINUOUS
10
39.7657889999999981
20
-31.8495220000000003
11
39.8253679999999974
21
-31.6792549999999977
0
LINE
8
BLACK
6
CONTINUOUS
10
39.8253679999999974
20
-31.6792549999999977
11
39.8404999999999987
21
-31.5449539999999971
0
LINE
8
BLACK
6
CONTINUOUS
10
39.8404999999999987
20
-31.5449539999999971
11
39.8404999999999987
21
-28.622799999999998
0
LINE
8
BLACK
6
CONTINUOUS
10
39.8404999999999987
20
-28.622799999999998
11
39.8601850000000013
21
-28.5557610000000004
0
LINE
8
BLACK
6
CONTINUOUS
10
39.8601850000000013
20
-28.5557610000000004
11
39.9129889999999961
21
-28.5100059999999971
0
LINE
8
BLACK
6
CONTINUOUS
10
39.9129889999999961
20
-28.5100059999999971
11
39.964500000000001
21
-28.4987999999999992
0
LINE
8
BLACK
6
CONTINUOUS
10
39.964500000000001
20
-28.4987999999999992
11
47.1516579999999976
21
-28.4987999999999992
0
LINE
8
BLACK
6
CONTINUOUS
10
47.1516579999999976
20
-28.4987999999999992
11
47.2186969999999988
21
-28.5184849999999983
0
LINE
8
BLACK
6
CONTINUOUS
10
47.2186969999999988
20
-28.5184849999999983
11
47.2644519999999986
21
-28.5712890000000002
0
LINE
8
BLACK
6
CONTINUOUS
10
47.2644519999999986
20
-28.5712890000000002
11
47.2743959999999959
21
-28.6404469999999982
0
LINE
8
BLACK
6
CONTINUOUS
10
47.2743959999999959
20
-28.6404469999999982
11
47.2453709999999987
21
-28.7040030000000002
0
LINE
8
BLACK
6
CONTINUOUS
10
47.2453709999999987
20
-28.7040030000000002
11
47.2245429999999971
21
-28.7231179999999995
0
LINE
8
BLACK
6
CONTINUOUS
10
47.2245429999999971
20
-28.7231179999999995
11
47.1473499999999959
21
-28.7792009999999969
0
LINE
8
BLACK
6
CONTINUOUS
10
47.1473499999999959
20
-28.7792009999999969
11
47.1473450000000014
21
-28.7792049999999975
0
LINE
8
BLACK
6
CONTINUOUS
10
47.1473450000000014
20
-28.7792049999999975
11
46.9692049999999952
21
-28.9573450000000001
0
LINE
8
BLACK
6
CONTINUOUS
10
46.9692049999999952
20
-28.9573450000000001
11
46.9692009999999982
21
-28.9573499999999981
0
LINE
8
BLACK
6
CONTINUOUS
10
46.9692009999999982
20
-28.9573499999999981
11
46.8211319999999986
21
-29.1611510000000003
0
LINE
8
BLACK
6
CONTINUOUS
10
46.8211319999999986
20
-29.1611510000000003
11
46.7067599999999956
21
-29.3856159999999988
0
LINE
8
BLACK
6
CONTINUOUS
10
46.7067599999999956
20
-29.3856159999999988
11
46.6289099999999976
21
-29.6252139999999997
0
LINE
8
BLACK
6
CONTINUOUS
10
46.6289099999999976
20
-29.6252139999999997
11
46.589500000000001
21
-29.8740379999999988
0
LINE
8
BLACK
6
CONTINUOUS
10
46.589500000000001
20
-29.8740379999999988
11
46.589500000000001
21
-30.1259610000000002
0
LINE
8
BLACK
6
CONTINUOUS
10
46.589500000000001
20
-30.1259610000000002
11
46.6289099999999976
21
-30.3747849999999993
0
LINE
8
BLACK
6
CONTINUOUS
10
46.6289099999999976
20
-30.3747849999999993
11
46.7067599999999956
21
-30.6143830000000001
0
LINE
8
BLACK
6
CONTINUOUS
10
46.7067599999999956
20
-30.6143830000000001
11
46.8211319999999986
21
-30.8388479999999987
0
LINE
8
BLACK
6
CONTINUOUS
10
46.8211319999999986
20
-30.8388479999999987
11
46.9692009999999982
21
-31.0426489999999973
0
LINE
8
BLACK
6
CONTINUOUS
10
46.9692009999999982
20
-31.0426489999999973
11
46.9692049999999952
21
-31.0426539999999989
0
LINE
8
BLACK
6
CONTINUOUS
10
46.9692049999999952
20
-31.0426539999999989
11
47.1473450000000014
21
-31.2207939999999979
0
LINE
8
BLACK
6
CONTINUOUS
10
47.1473450000000014
20
-31.2207939999999979
11
47.1473499999999959
21
-31.2207979999999985
0
LINE
8
BLACK
6
CONTINUOUS
10
47.1473499999999959
20
-31.2207979999999985
11
47.3129069999999956
21
-31.3410809999999991
0
LINE
8
BLACK
6
CONTINUOUS
10
47.3129069999999956
20
-31.3410809999999991
11
47.3511549999999986
21
-31.3688699999999976
0
LINE
8
BLACK
6
CONTINUOUS
10
47.3511549999999986
20
-31.3688699999999976
11
47.4941839999999971
21
-31.4417469999999994
0
LINE
8
BLACK
6
CONTINUOUS
10
47.4941839999999971
20
-31.4417469999999994
11
47.5756159999999966
21
-31.4832389999999975
0
LINE
8
BLACK
6
CONTINUOUS
10
47.5756159999999966
20
-31.4832389999999975
11
47.5756179999999986
21
-31.4832389999999975
0
LINE
8
BLACK
6
CONTINUOUS
10
47.5756179999999986
20
-31.4832389999999975
11
47.5756209999999982
21
-31.4832409999999996
0
LINE
8
BLACK
6
CONTINUOUS
10
47.5756209999999982
20
-31.4832409999999996
11
47.8152149999999949
21
-31.5610900000000001
0
LINE
8
BLACK
6
CONTINUOUS
10
47.8152149999999949
20
-31.5610900000000001
11
48.0640379999999965
21
-31.6005000000000003
0
LINE
8
BLACK
6
CONTINUOUS
10
48.0640379999999965
20
-31.6005000000000003
11
48.0640390000000011
21
-31.6005000000000003
0
LINE
8
BLACK
6
CONTINUOUS
10
48.0640390000000011
20
-31.6005000000000003
11
48.3159609999999944
21
-31.6005000000000003
0
LINE
8
BLACK
6
CONTINUOUS
10
48.3159609999999944
20
-31.6005000000000003
11
48.315961999999999
21
-31.6005000000000003
0
LINE
8
BLACK
6
CONTINUOUS
10
48.315961999999999
20
-31.6005000000000003
11
48.5647850000000005
21
-31.5610900000000001
0
LINE
8
BLACK
6
CONTINUOUS
10
48.5647850000000005
20
-31.5610900000000001
11
48.8043789999999973
21
-31.4832409999999996
0
LINE
8
BLACK
6
CONTINUOUS
10
48.8043789999999973
20
-31.4832409999999996
11
49.0288449999999969
21
-31.3688699999999976
0
LINE
8
BLACK
6
CONTINUOUS
10
49.0288449999999969
20
-31.3688699999999976
11
49.2326559999999986
21
-31.2207929999999969
0
LINE
8
BLACK
6
CONTINUOUS
10
49.2326559999999986
20
-31.2207929999999969
11
49.4107929999999982
21
-31.0426559999999974
0
LINE
8
BLACK
6
CONTINUOUS
10
49.4107929999999982
20
-31.0426559999999974
11
49.5588699999999989
21
-30.8388449999999992
0
LINE
8
BLACK
6
CONTINUOUS
10
49.5588699999999989
20
-30.8388449999999992
11
49.6732409999999973
21
-30.6143789999999996
0
LINE
8
BLACK
6
CONTINUOUS
10
49.6732409999999973
20
-30.6143789999999996
11
49.7510899999999978
21
-30.3747849999999993
0
LINE
8
BLACK
6
CONTINUOUS
10
49.7510899999999978
20
-30.3747849999999993
11
49.7904999999999944
21
-30.1259619999999977
0
LINE
8
BLACK
6
CONTINUOUS
10
49.7904999999999944
20
-30.1259619999999977
11
49.7904999999999944
21
-29.8740379999999988
0
LINE
8
BLACK
6
CONTINUOUS
10
49.7904999999999944
20
-29.8740379999999988
11
49.7510899999999978
21
-29.6252149999999972
0
LINE
8
BLACK
6
CONTINUOUS
10
49.7510899999999978
20
-29.6252149999999972
11
49.6732409999999973
21
-29.3856210000000004
0
LINE
8
BLACK
6
CONTINUOUS
10
49.6732409999999973
20
-29.3856210000000004
11
49.6732389999999953
21
-29.3856179999999974
0
LINE
8
BLACK
6
CONTINUOUS
10
49.6732389999999953
20
-29.3856179999999974
11
49.6732389999999953
21
-29.3856159999999988
0
LINE
8
BLACK
6
CONTINUOUS
10
49.6732389999999953
20
-29.3856159999999988
11
49.6317469999999972
21
-29.3041839999999993
0
LINE
8
BLACK
6
CONTINUOUS
10
49.6317469999999972
20
-29.3041839999999993
11
49.5588699999999989
21
-29.1611549999999973
0
LINE
8
BLACK
6
CONTINUOUS
10
49.5588699999999989
20
-29.1611549999999973
11
49.4727759999999961
21
-29.0426559999999974
0
LINE
8
BLACK
6
CONTINUOUS
10
49.4727759999999961
20
-29.0426559999999974
11
49.4107979999999998
21
-28.9573499999999981
0
LINE
8
BLACK
6
CONTINUOUS
10
49.4107979999999998
20
-28.9573499999999981
11
49.4107939999999957
21
-28.9573450000000001
0
LINE
8
BLACK
6
CONTINUOUS
10
49.4107939999999957
20
-28.9573450000000001
11
49.2326539999999966
21
-28.7792049999999975
0
LINE
8
BLACK
6
CONTINUOUS
10
49.2326539999999966
20
-28.7792049999999975
11
49.232648999999995
21
-28.7792009999999969
0
LINE
8
BLACK
6
CONTINUOUS
10
49.232648999999995
20
-28.7792009999999969
11
49.1554569999999984
21
-28.7231179999999995
0
LINE
8
BLACK
6
CONTINUOUS
10
49.1554569999999984
20
-28.7231179999999995
11
49.1127909999999943
21
-28.6677889999999991
0
LINE
8
BLACK
6
CONTINUOUS
10
49.1127909999999943
20
-28.6677889999999991
11
49.1068119999999979
21
-28.5981749999999977
0
LINE
8
BLACK
6
CONTINUOUS
10
49.1068119999999979
20
-28.5981749999999977
11
49.1394169999999946
21
-28.5363799999999976
0
LINE
8
BLACK
6
CONTINUOUS
10
49.1394169999999946
20
-28.5363799999999976
11
49.200255999999996
21
-28.5020229999999977
0
LINE
8
BLACK
6
CONTINUOUS
10
49.200255999999996
20
-28.5020229999999977
11
49.2283419999999978
21
-28.4987999999999992
0
LINE
8
BLACK
6
CONTINUOUS
10
49.2283419999999978
20
-28.4987999999999992
11
52.418253
21
-28.4987999999999992
0
LINE
8
BLACK
6
CONTINUOUS
10
52.418253
20
-28.4987999999999992
11
52.4852920000000012
21
-28.5184849999999983
0
LINE
8
BLACK
6
CONTINUOUS
10
52.4852920000000012
20
-28.5184849999999983
11
52.5059339999999963
21
-28.5351189999999981
0
LINE
8
BLACK
6
CONTINUOUS
10
52.5059339999999963
20
-28.5351189999999981
11
54.2022229999999965
21
-30.2314079999999983
0
LINE
8
BLACK
6
CONTINUOUS
10
54.2022229999999965
20
-30.2314079999999983
11
54.2357079999999954
21
-30.2927309999999999
0
LINE
8
BLACK
6
CONTINUOUS
10
54.2357079999999954
20
-30.2927309999999999
11
54.2370149999999995
21
-30.2996889999999972
0
LINE
8
BLACK
6
CONTINUOUS
10
54.2370149999999995
20
-30.2996889999999972
11
54.2489089999999976
21
-30.3747829999999972
0
LINE
8
BLACK
6
CONTINUOUS
10
54.2489089999999976
20
-30.3747829999999972
11
54.3267600000000002
21
-30.6143809999999981
0
LINE
8
BLACK
6
CONTINUOUS
10
54.3267600000000002
20
-30.6143809999999981
11
54.4411319999999961
21
-30.8388479999999987
0
LINE
8
BLACK
6
CONTINUOUS
10
54.4411319999999961
20
-30.8388479999999987
11
54.5892009999999956
21
-31.0426489999999973
0
LINE
8
BLACK
6
CONTINUOUS
10
54.5892009999999956
20
-31.0426489999999973
11
54.5892049999999998
21
-31.0426539999999989
0
LINE
8
BLACK
6
CONTINUOUS
10
54.5892049999999998
20
-31.0426539999999989
11
54.7673449999999988
21
-31.2207939999999979
0
LINE
8
BLACK
6
CONTINUOUS
10
54.7673449999999988
20
-31.2207939999999979
11
54.7673500000000004
21
-31.2207979999999985
0
LINE
8
BLACK
6
CONTINUOUS
10
54.7673500000000004
20
-31.2207979999999985
11
54.9329070000000002
21
-31.3410809999999991
0
LINE
8
BLACK
6
CONTINUOUS
10
54.9329070000000002
20
-31.3410809999999991
11
54.971154999999996
21
-31.3688699999999976
0
LINE
8
BLACK
6
CONTINUOUS
10
54.971154999999996
20
-31.3688699999999976
11
55.1141839999999945
21
-31.4417469999999994
0
LINE
8
BLACK
6
CONTINUOUS
10
55.1141839999999945
20
-31.4417469999999994
11
55.195615999999994
21
-31.4832389999999975
0
LINE
8
BLACK
6
CONTINUOUS
10
55.195615999999994
20
-31.4832389999999975
11
55.1956179999999961
21
-31.4832389999999975
0
LINE
8
BLACK
6
CONTINUOUS
10
55.1956179999999961
20
-31.4832389999999975
11
55.1956209999999956
21
-31.4832409999999996
0
LINE
8
BLACK
6
CONTINUOUS
10
55.1956209999999956
20
-31.4832409999999996
11
55.4352149999999995
21
-31.5610900000000001
0
LINE
8
BLACK
6
CONTINUOUS
10
55.4352149999999995
20
-31.5610900000000001
11
55.6840379999999939
21
-31.6005000000000003
0
LINE
8
BLACK
6
CONTINUOUS
10
55.6840379999999939
20
-31.6005000000000003
11
55.6840389999999985
21
-31.6005000000000003
0
LINE
8
BLACK
6
CONTINUOUS
10
55.6840389999999985
20
-31.6005000000000003
11
55.9359609999999989
21
-31.6005000000000003
0
LINE
8
BLACK
6
CONTINUOUS
10
55.9359609999999989
20
-31.6005000000000003
11
55.9359619999999964
21
-31.6005000000000003
0
LINE
8
BLACK
6
CONTINUOUS
10
55.9359619999999964
20
-31.6005000000000003
11
56.184784999999998
21
-31.5610900000000001
0
LINE
8
BLACK
6
CONTINUOUS
10
56.184784999999998
20
-31.5610900000000001
11
56.4243789999999947
21
-31.4832409999999996
0
LINE
8
BLACK
6
CONTINUOUS
10
56.4243789999999947
20
-31.4832409999999996
11
56.6488449999999943
21
-31.3688699999999976
0
LINE
8
BLACK
6
CONTINUOUS
10
56.6488449999999943
20
-31.3688699999999976
11
56.8526559999999961
21
-31.2207929999999969
0
LINE
8
BLACK
6
CONTINUOUS
10
56.8526559999999961
20
-31.2207929999999969
11
57.0307929999999956
21
-31.0426559999999974
0
LINE
8
BLACK
6
CONTINUOUS
10
57.0307929999999956
20
-31.0426559999999974
11
57.1788699999999963
21
-30.8388449999999992
0
LINE
8
BLACK
6
CONTINUOUS
10
57.1788699999999963
20
-30.8388449999999992
11
57.2932409999999948
21
-30.6143789999999996
0
LINE
8
BLACK
6
CONTINUOUS
10
57.2932409999999948
20
-30.6143789999999996
11
57.3710899999999953
21
-30.3747849999999993
0
LINE
8
BLACK
6
CONTINUOUS
10
57.3710899999999953
20
-30.3747849999999993
11
57.3731699999999947
21
-30.3616549999999989
0
LINE
8
BLACK
6
CONTINUOUS
10
57.3731699999999947
20
-30.3616549999999989
11
57.410499999999999
21
-30.1259619999999977
0
LINE
8
BLACK
6
CONTINUOUS
10
57.410499999999999
20
-30.1259619999999977
11
57.410499999999999
21
-29.8740379999999988
0
LINE
8
BLACK
6
CONTINUOUS
10
57.410499999999999
20
-29.8740379999999988
11
57.3710899999999953
21
-29.6252149999999972
0
LINE
8
BLACK
6
CONTINUOUS
10
57.3710899999999953
20
-29.6252149999999972
11
57.2932409999999948
21
-29.3856210000000004
0
LINE
8
BLACK
6
CONTINUOUS
10
57.2932409999999948
20
-29.3856210000000004
11
57.2932389999999998
21
-29.3856179999999974
0
LINE
8
BLACK
6
CONTINUOUS
10
57.2932389999999998
20
-29.3856179999999974
11
57.2932389999999998
21
-29.3856159999999988
0
LINE
8
BLACK
6
CONTINUOUS
10
57.2932389999999998
20
-29.3856159999999988
11
57.2517469999999946
21
-29.3041839999999993
0
LINE
8
BLACK
6
CONTINUOUS
10
57.2517469999999946
20
-29.3041839999999993
11
57.1788699999999963
21
-29.1611549999999973
0
LINE
8
BLACK
6
CONTINUOUS
10
57.1788699999999963
20
-29.1611549999999973
11
57.0927760000000006
21
-29.0426559999999974
0
LINE
8
BLACK
6
CONTINUOUS
10
57.0927760000000006
20
-29.0426559999999974
11
57.0307979999999972
21
-28.9573499999999981
0
LINE
8
BLACK
6
CONTINUOUS
10
57.0307979999999972
20
-28.9573499999999981
11
57.0307940000000002
21
-28.9573450000000001
0
LINE
8
BLACK
6
CONTINUOUS
10
57.0307940000000002
20
-28.9573450000000001
11
56.852653999999994
21
-28.7792049999999975
0
LINE
8
BLACK
6
CONTINUOUS
10
56.852653999999994
20
-28.7792049999999975
11
56.8526489999999995
21
-28.7792009999999969
0
LINE
8
BLACK
6
CONTINUOUS
10
56.8526489999999995
20
-28.7792009999999969
11
56.648848000000001
21
-28.6311319999999974
0
LINE
8
BLACK
6
CONTINUOUS
10
56.648848000000001
20
-28.6311319999999974
11
56.6488469999999964
21
-28.6311309999999999
0
LINE
8
BLACK
6
CONTINUOUS
10
56.6488469999999964
20
-28.6311309999999999
11
56.6488449999999943
21
-28.6311299999999989
0
LINE
8
BLACK
6
CONTINUOUS
10
56.6488449999999943
20
-28.6311299999999989
11
56.4243789999999947
21
-28.5167590000000004
0
LINE
8
BLACK
6
CONTINUOUS
10
56.4243789999999947
20
-28.5167590000000004
11
56.3045819999999964
21
-28.4778339999999979
0
LINE
8
BLACK
6
CONTINUOUS
10
56.3045819999999964
20
-28.4778339999999979
11
56.1847829999999959
21
-28.4389089999999989
0
LINE
8
BLACK
6
CONTINUOUS
10
56.1847829999999959
20
-28.4389089999999989
11
56.1096889999999959
21
-28.4270149999999973
0
LINE
8
BLACK
6
CONTINUOUS
10
56.1096889999999959
20
-28.4270149999999973
11
56.0465549999999979
21
-28.397084999999997
0
LINE
8
BLACK
6
CONTINUOUS
10
56.0465549999999979
20
-28.397084999999997
11
56.041407999999997
21
-28.3922229999999978
0
LINE
8
BLACK
6
CONTINUOUS
10
56.041407999999997
20
-28.3922229999999978
11
53.855520999999996
21
-26.2063360000000003
0
LINE
8
BLACK
6
CONTINUOUS
10
53.855520999999996
20
-26.2063360000000003
11
53.855519000000001
21
-26.2063339999999982
0
LINE
8
BLACK
6
CONTINUOUS
10
53.855519000000001
20
-26.2063339999999982
11
53.6899109999999951
21
-26.0860129999999977
0
LINE
8
BLACK
6
CONTINUOUS
10
53.6899109999999951
20
-26.0860129999999977
11
53.5987140000000011
21
-26.0395459999999979
0
LINE
8
BLACK
6
CONTINUOUS
10
53.5987140000000011
20
-26.0395459999999979
11
53.598711999999999
21
-26.0395450000000004
0
LINE
8
BLACK
6
CONTINUOUS
10
53.598711999999999
20
-26.0395450000000004
11
53.5075229999999991
21
-25.9930810000000001
0
LINE
8
BLACK
6
CONTINUOUS
10
53.5075229999999991
20
-25.9930810000000001
11
53.4608149999999966
21
-25.9779039999999988
0
LINE
8
BLACK
6
CONTINUOUS
10
53.4608149999999966
20
-25.9779039999999988
11
53.4101759999999999
21
-25.9614510000000003
0
LINE
8
BLACK
6
CONTINUOUS
10
53.4101759999999999
20
-25.9614510000000003
11
53.3863029999999981
21
-25.9536939999999987
0
LINE
8
BLACK
6
CONTINUOUS
10
53.3863029999999981
20
-25.9536939999999987
11
53.3128349999999998
21
-25.9298219999999979
0
LINE
8
BLACK
6
CONTINUOUS
10
53.3128349999999998
20
-25.9298219999999979
11
53.1382949999999994
21
-25.9021779999999993
0
LINE
8
BLACK
6
CONTINUOUS
10
53.1382949999999994
20
-25.9021779999999993
11
53.1106519999999946
21
-25.8978000000000002
0
LINE
8
BLACK
6
CONTINUOUS
10
53.1106519999999946
20
-25.8978000000000002
11
35.3640509999999963
21
-25.8978000000000002
0
LINE
8
BLACK
6
CONTINUOUS
10
35.3640509999999963
20
-25.8978000000000002
11
35.1593480000000014
21
-25.8978000000000002
0
LINE
8
BLACK
6
CONTINUOUS
10
35.1593480000000014
20
-25.8978000000000002
11
35.0919529999999966
21
-25.9084739999999982
0
LINE
8
BLACK
6
CONTINUOUS
10
35.0919529999999966
20
-25.9084739999999982
11
34.9571630000000013
21
-25.929822999999999
0
LINE
8
BLACK
6
CONTINUOUS
10
34.9571630000000013
20
-25.929822999999999
11
34.8598229999999987
21
-25.9614499999999992
0
LINE
8
BLACK
6
CONTINUOUS
10
34.8598229999999987
20
-25.9614499999999992
11
34.8598229999999987
21
-25.9614510000000003
0
LINE
8
BLACK
6
CONTINUOUS
10
34.8598229999999987
20
-25.9614510000000003
11
34.8070519999999988
21
-25.9785969999999971
0
LINE
8
BLACK
6
CONTINUOUS
10
34.8070519999999988
20
-25.9785969999999971
11
34.7624739999999974
21
-25.9930819999999976
0
LINE
8
BLACK
6
CONTINUOUS
10
34.7624739999999974
20
-25.9930819999999976
11
34.671284
21
-26.0395450000000004
0
LINE
8
BLACK
6
CONTINUOUS
10
34.671284
20
-26.0395450000000004
11
34.6712849999999975
21
-26.0395459999999979
0
LINE
8
BLACK
6
CONTINUOUS
10
34.6712849999999975
20
-26.0395459999999979
11
34.5800879999999964
21
-26.0860129999999977
0
LINE
8
BLACK
6
CONTINUOUS
10
34.5800879999999964
20
-26.0860129999999977
11
34.4144779999999955
21
-26.2063360000000003
0
LINE
8
BLACK
6
CONTINUOUS
10
34.4144779999999955
20
-26.2063360000000003
11
32.9284269999999992
21
-27.6923859999999991
0
LINE
8
BLACK
6
CONTINUOUS
10
32.9284269999999992
20
-27.6923859999999991
11
32.8671039999999977
21
-27.7258709999999979
0
LINE
8
BLACK
6
CONTINUOUS
10
32.8671039999999977
20
-27.7258709999999979
11
32.8245609999999957
21
-27.727643999999998
0
LINE
8
BLACK
6
CONTINUOUS
10
32.8245609999999957
20
-27.727643999999998
11
32.610793000000001
21
-27.6995009999999979
0
LINE
8
BLACK
6
CONTINUOUS
10
32.610793000000001
20
-27.6995009999999979
11
32.6107879999999994
21
-27.6995000000000005
0
LINE
8
BLACK
6
CONTINUOUS
10
32.6107879999999994
20
-27.6995000000000005
11
32.6107829999999979
21
-27.6995000000000005
0
LINE
8
BLACK
6
CONTINUOUS
10
32.6107829999999979
20
-27.6995000000000005
11
32.3092169999999967
21
-27.6995000000000005
0
LINE
8
BLACK
6
CONTINUOUS
10
32.3092169999999967
20
-27.6995000000000005
11
32.3092109999999977
21
-27.6995000000000005
0
LINE
8
BLACK
6
CONTINUOUS
10
32.3092109999999977
20
-27.6995000000000005
11
32.3092059999999961
21
-27.6995009999999979
0
LINE
8
BLACK
6
CONTINUOUS
10
32.3092059999999961
20
-27.6995009999999979
11
32.0102329999999995
21
-27.738861
0
LINE
8
BLACK
6
CONTINUOUS
10
32.0102329999999995
20
-27.738861
11
31.7189389999999989
21
-27.8169129999999996
0
LINE
8
BLACK
6
CONTINUOUS
10
31.7189389999999989
20
-27.8169129999999996
11
31.440337999999997
21
-27.9323139999999981
0
LINE
8
BLACK
6
CONTINUOUS
10
31.440337999999997
20
-27.9323139999999981
11
31.4403279999999974
21
-27.9323179999999986
0
LINE
8
BLACK
6
CONTINUOUS
10
31.4403279999999974
20
-27.9323179999999986
11
31.1791679999999971
21
-28.0830989999999971
0
LINE
8
BLACK
6
CONTINUOUS
10
31.1791679999999971
20
-28.0830989999999971
11
30.9399209999999982
21
-28.2666789999999999
0
LINE
8
BLACK
6
CONTINUOUS
10
30.9399209999999982
20
-28.2666789999999999
11
30.9399139999999981
21
-28.266684999999999
0
LINE
8
BLACK
6
CONTINUOUS
10
30.9399139999999981
20
-28.266684999999999
11
30.7266849999999998
21
-28.4799139999999973
0
LINE
8
BLACK
6
CONTINUOUS
10
30.7266849999999998
20
-28.4799139999999973
11
30.7266789999999972
21
-28.4799209999999974
0
LINE
8
BLACK
6
CONTINUOUS
10
30.7266789999999972
20
-28.4799209999999974
11
30.543098999999998
21
-28.7191679999999998
0
LINE
8
BLACK
6
CONTINUOUS
10
30.543098999999998
20
-28.7191679999999998
11
30.3923179999999995
21
-28.9803280000000001
0
LINE
8
BLACK
6
CONTINUOUS
10
30.3923179999999995
20
-28.9803280000000001
11
30.3923139999999989
21
-28.9803379999999997
0
LINE
8
BLACK
6
CONTINUOUS
10
30.3923139999999989
20
-28.9803379999999997
11
30.2769129999999969
21
-29.258938999999998
0
LINE
8
BLACK
6
CONTINUOUS
10
30.2769129999999969
20
-29.258938999999998
11
30.1988609999999973
21
-29.5502329999999986
0
LINE
8
BLACK
6
CONTINUOUS
10
30.1988609999999973
20
-29.5502329999999986
11
30.1595009999999988
21
-29.8492059999999988
0
LINE
8
BLACK
6
CONTINUOUS
10
30.1595009999999988
20
-29.8492059999999988
11
30.1594999999999978
21
-29.8492229999999985
0
LINE
8
BLACK
6
CONTINUOUS
10
30.1594999999999978
20
-29.8492229999999985
11
30.1594999999999978
21
-30.1507759999999969
0
LINE
8
BLACK
6
CONTINUOUS
10
76.9350819999999942
20
-30.3616549999999989
11
76.9350819999999942
21
-26.944983999999998
0
LINE
8
BLACK
6
CONTINUOUS
10
76.9350819999999942
20
-26.944983999999998
11
71.3080709999999982
21
-26.944983999999998
0
LINE
8
BLACK
6
CONTINUOUS
10
71.3080709999999982
20
-26.944983999999998
11
71.3080709999999982
21
-30.3616549999999989
0
LINE
8
BLACK
6
CONTINUOUS
10
71.3080709999999982
20
-30.3616549999999989
11
76.9350819999999942
21
-30.3616549999999989
0
LINE
8
BLACK
6
CONTINUOUS
10
107.9090719999999948
20
-29.635552999999998
11
107.9090719999999948
21
-26.2199840000000002
0
LINE
8
BLACK
6
CONTINUOUS
10
107.9090719999999948
20
-26.2199840000000002
11
103.6382249999999914
21
-26.2199840000000002
0
LINE
8
BLACK
6
CONTINUOUS
10
103.6382249999999914
20
-26.2199840000000002
11
103.6382249999999914
21
-29.635552999999998
0
LINE
8
BLACK
6
CONTINUOUS
10
103.6382249999999914
20
-29.635552999999998
11
107.9090719999999948
21
-29.635552999999998
0
LINE
8
BLACK
6
CONTINUOUS
10
99.8994999999999891
20
-28.1259610000000002
11
99.9389099999999928
21
-28.3747849999999993
0
LINE
8
BLACK
6
CONTINUOUS
10
99.9389099999999928
20
-28.3747849999999993
11
100.0167599999999908
21
-28.6143830000000001
0
LINE
8
BLACK
6
CONTINUOUS
10
100.0167599999999908
20
-28.6143830000000001
11
100.1311319999999938
21
-28.8388479999999987
0
LINE
8
BLACK
6
CONTINUOUS
10
100.1311319999999938
20
-28.8388479999999987
11
100.2792010000000005
21
-29.0426489999999973
0
LINE
8
BLACK
6
CONTINUOUS
10
100.2792010000000005
20
-29.0426489999999973
11
100.2792049999999904
21
-29.0426539999999989
0
LINE
8
BLACK
6
CONTINUOUS
10
100.2792049999999904
20
-29.0426539999999989
11
100.4573449999999895
21
-29.2207939999999979
0
LINE
8
BLACK
6
CONTINUOUS
10
100.4573449999999895
20
-29.2207939999999979
11
100.457349999999991
21
-29.2207979999999985
0
LINE
8
BLACK
6
CONTINUOUS
10
100.457349999999991
20
-29.2207979999999985
11
100.545353999999989
21
-29.2847359999999988
0
LINE
8
BLACK
6
CONTINUOUS
10
100.545353999999989
20
-29.2847359999999988
11
100.6611549999999937
21
-29.3688699999999976
0
LINE
8
BLACK
6
CONTINUOUS
10
100.6611549999999937
20
-29.3688699999999976
11
100.8041839999999922
21
-29.4417469999999994
0
LINE
8
BLACK
6
CONTINUOUS
10
100.8041839999999922
20
-29.4417469999999994
11
100.8856159999999988
21
-29.4832389999999975
0
LINE
8
BLACK
6
CONTINUOUS
10
100.8856159999999988
20
-29.4832389999999975
11
100.8856179999999938
21
-29.4832389999999975
0
LINE
8
BLACK
6
CONTINUOUS
10
100.8856179999999938
20
-29.4832389999999975
11
100.8856210000000004
21
-29.4832409999999996
0
LINE
8
BLACK
6
CONTINUOUS
10
100.8856210000000004
20
-29.4832409999999996
11
101.1252149999999972
21
-29.5610900000000001
0
LINE
8
BLACK
6
CONTINUOUS
10
101.1252149999999972
20
-29.5610900000000001
11
101.3740379999999988
21
-29.6005000000000003
0
LINE
8
BLACK
6
CONTINUOUS
10
101.3740379999999988
20
-29.6005000000000003
11
101.3740389999999962
21
-29.6005000000000003
0
LINE
8
BLACK
6
CONTINUOUS
10
101.3740389999999962
20
-29.6005000000000003
11
101.6259609999999896
21
-29.6005000000000003
0
LINE
8
BLACK
6
CONTINUOUS
10
101.6259609999999896
20
-29.6005000000000003
11
101.6259620000000012
21
-29.6005000000000003
0
LINE
8
BLACK
6
CONTINUOUS
10
101.6259620000000012
20
-29.6005000000000003
11
101.8747849999999886
21
-29.5610900000000001
0
LINE
8
BLACK
6
CONTINUOUS
10
101.8747849999999886
20
-29.5610900000000001
11
102.1143789999999996
21
-29.4832409999999996
0
LINE
8
BLACK
6
CONTINUOUS
10
102.1143789999999996
20
-29.4832409999999996
11
102.3388449999999921
21
-29.3688699999999976
0
LINE
8
BLACK
6
CONTINUOUS
10
102.3388449999999921
20
-29.3688699999999976
11
102.5426559999999938
21
-29.2207929999999969
0
LINE
8
BLACK
6
CONTINUOUS
10
102.5426559999999938
20
-29.2207929999999969
11
102.7207930000000005
21
-29.0426559999999974
0
LINE
8
BLACK
6
CONTINUOUS
10
102.7207930000000005
20
-29.0426559999999974
11
102.8688700000000011
21
-28.8388449999999992
0
LINE
8
BLACK
6
CONTINUOUS
10
102.8688700000000011
20
-28.8388449999999992
11
102.9832409999999925
21
-28.6143789999999996
0
LINE
8
BLACK
6
CONTINUOUS
10
102.9832409999999925
20
-28.6143789999999996
11
103.061089999999993
21
-28.3747849999999993
0
LINE
8
BLACK
6
CONTINUOUS
10
103.061089999999993
20
-28.3747849999999993
11
103.1004999999999967
21
-28.1259619999999977
0
LINE
8
BLACK
6
CONTINUOUS
10
103.1004999999999967
20
-28.1259619999999977
11
103.1004999999999967
21
-27.8740379999999988
0
LINE
8
BLACK
6
CONTINUOUS
10
103.1004999999999967
20
-27.8740379999999988
11
103.061089999999993
21
-27.6252149999999972
0
LINE
8
BLACK
6
CONTINUOUS
10
103.061089999999993
20
-27.6252149999999972
11
102.9832409999999925
21
-27.3856210000000004
0
LINE
8
BLACK
6
CONTINUOUS
10
102.9832409999999925
20
-27.3856210000000004
11
102.9832389999999975
21
-27.3856179999999974
0
LINE
8
BLACK
6
CONTINUOUS
10
102.9832389999999975
20
-27.3856179999999974
11
102.9832389999999975
21
-27.3856159999999988
0
LINE
8
BLACK
6
CONTINUOUS
10
102.9832389999999975
20
-27.3856159999999988
11
102.9417469999999923
21
-27.3041839999999993
0
LINE
8
BLACK
6
CONTINUOUS
10
102.9417469999999923
20
-27.3041839999999993
11
102.8688700000000011
21
-27.1611549999999973
0
LINE
8
BLACK
6
CONTINUOUS
10
102.8688700000000011
20
-27.1611549999999973
11
102.8499520000000018
21
-27.1351169999999975
0
LINE
8
BLACK
6
CONTINUOUS
10
102.8499520000000018
20
-27.1351169999999975
11
102.720798000000002
21
-26.9573499999999981
0
LINE
8
BLACK
6
CONTINUOUS
10
102.720798000000002
20
-26.9573499999999981
11
102.7207939999999979
21
-26.9573450000000001
0
LINE
8
BLACK
6
CONTINUOUS
10
102.7207939999999979
20
-26.9573450000000001
11
102.5426539999999989
21
-26.7792049999999975
0
LINE
8
BLACK
6
CONTINUOUS
10
102.5426539999999989
20
-26.7792049999999975
11
102.5426489999999973
21
-26.7792010000000005
0
LINE
8
BLACK
6
CONTINUOUS
10
102.5426489999999973
20
-26.7792010000000005
11
102.3388479999999987
21
-26.6311319999999974
0
LINE
8
BLACK
6
CONTINUOUS
10
102.3388479999999987
20
-26.6311319999999974
11
102.3388470000000012
21
-26.6311309999999999
0
LINE
8
BLACK
6
CONTINUOUS
10
102.3388470000000012
20
-26.6311309999999999
11
102.3388449999999921
21
-26.6311299999999989
0
LINE
8
BLACK
6
CONTINUOUS
10
102.3388449999999921
20
-26.6311299999999989
11
102.2687469999999905
21
-26.5954129999999971
0
LINE
8
BLACK
6
CONTINUOUS
10
102.2687469999999905
20
-26.5954129999999971
11
102.1143829999999895
21
-26.5167599999999979
0
LINE
8
BLACK
6
CONTINUOUS
10
102.1143829999999895
20
-26.5167599999999979
11
101.8747849999999886
21
-26.4389099999999999
0
LINE
8
BLACK
6
CONTINUOUS
10
101.8747849999999886
20
-26.4389099999999999
11
101.6259620000000012
21
-26.3994999999999997
0
LINE
8
BLACK
6
CONTINUOUS
10
101.6259620000000012
20
-26.3994999999999997
11
101.3740379999999988
21
-26.3994999999999997
0
LINE
8
BLACK
6
CONTINUOUS
10
101.3740379999999988
20
-26.3994999999999997
11
101.2496259999999921
21
-26.4192049999999981
0
LINE
8
BLACK
6
CONTINUOUS
10
101.2496259999999921
20
-26.4192049999999981
11
101.1252139999999997
21
-26.4389099999999999
0
LINE
8
BLACK
6
CONTINUOUS
10
101.1252139999999997
20
-26.4389099999999999
11
100.8856159999999988
21
-26.5167599999999979
0
LINE
8
BLACK
6
CONTINUOUS
10
100.8856159999999988
20
-26.5167599999999979
11
100.6611509999999896
21
-26.6311319999999974
0
LINE
8
BLACK
6
CONTINUOUS
10
100.6611509999999896
20
-26.6311319999999974
11
100.457349999999991
21
-26.7792010000000005
0
LINE
8
BLACK
6
CONTINUOUS
10
100.457349999999991
20
-26.7792010000000005
11
100.4573449999999895
21
-26.7792049999999975
0
LINE
8
BLACK
6
CONTINUOUS
10
100.4573449999999895
20
-26.7792049999999975
11
100.2792049999999904
21
-26.9573450000000001
0
LINE
8
BLACK
6
CONTINUOUS
10
100.2792049999999904
20
-26.9573450000000001
11
100.2792010000000005
21
-26.9573499999999981
0
LINE
8
BLACK
6
CONTINUOUS
10
100.2792010000000005
20
-26.9573499999999981
11
100.1311319999999938
21
-27.1611510000000003
0
LINE
8
BLACK
6
CONTINUOUS
10
100.1311319999999938
20
-27.1611510000000003
11
100.0167599999999908
21
-27.3856159999999988
0
LINE
8
BLACK
6
CONTINUOUS
10
100.0167599999999908
20
-27.3856159999999988
11
99.9389099999999928
21
-27.6252139999999997
0
LINE
8
BLACK
6
CONTINUOUS
10
99.9389099999999928
20
-27.6252139999999997
11
99.8994999999999891
21
-27.8740379999999988
0
LINE
8
BLACK
6
CONTINUOUS
10
99.8994999999999891
20
-27.8740379999999988
11
99.8994999999999891
21
-28.1259610000000002
0
LINE
8
BLACK
6
CONTINUOUS
10
60.5894999999999939
20
-24.1259610000000002
11
60.6289099999999976
21
-24.3747849999999993
0
LINE
8
BLACK
6
CONTINUOUS
10
60.6289099999999976
20
-24.3747849999999993
11
60.7067599999999956
21
-24.6143830000000001
0
LINE
8
BLACK
6
CONTINUOUS
10
60.7067599999999956
20
-24.6143830000000001
11
60.8211319999999986
21
-24.8388479999999987
0
LINE
8
BLACK
6
CONTINUOUS
10
60.8211319999999986
20
-24.8388479999999987
11
60.9692009999999982
21
-25.0426489999999973
0
LINE
8
BLACK
6
CONTINUOUS
10
60.9692009999999982
20
-25.0426489999999973
11
60.9692049999999952
21
-25.0426539999999989
0
LINE
8
BLACK
6
CONTINUOUS
10
60.9692049999999952
20
-25.0426539999999989
11
61.1473449999999943
21
-25.2207939999999979
0
LINE
8
BLACK
6
CONTINUOUS
10
61.1473449999999943
20
-25.2207939999999979
11
61.1473499999999959
21
-25.2207979999999985
0
LINE
8
BLACK
6
CONTINUOUS
10
61.1473499999999959
20
-25.2207979999999985
11
61.3251169999999988
21
-25.3499519999999983
0
LINE
8
BLACK
6
CONTINUOUS
10
61.3251169999999988
20
-25.3499519999999983
11
61.3511549999999986
21
-25.3688699999999976
0
LINE
8
BLACK
6
CONTINUOUS
10
61.3511549999999986
20
-25.3688699999999976
11
61.4941839999999971
21
-25.4417469999999994
0
LINE
8
BLACK
6
CONTINUOUS
10
61.4941839999999971
20
-25.4417469999999994
11
61.5756159999999966
21
-25.4832389999999975
0
LINE
8
BLACK
6
CONTINUOUS
10
61.5756159999999966
20
-25.4832389999999975
11
61.5756179999999986
21
-25.4832389999999975
0
LINE
8
BLACK
6
CONTINUOUS
10
61.5756179999999986
20
-25.4832389999999975
11
61.5756209999999982
21
-25.4832409999999996
0
LINE
8
BLACK
6
CONTINUOUS
10
61.5756209999999982
20
-25.4832409999999996
11
61.8152149999999949
21
-25.5610900000000001
0
LINE
8
BLACK
6
CONTINUOUS
10
61.8152149999999949
20
-25.5610900000000001
11
62.0640379999999965
21
-25.6005000000000003
0
LINE
8
BLACK
6
CONTINUOUS
10
62.0640379999999965
20
-25.6005000000000003
11
62.064038999999994
21
-25.6005000000000003
0
LINE
8
BLACK
6
CONTINUOUS
10
62.064038999999994
20
-25.6005000000000003
11
62.3159609999999944
21
-25.6005000000000003
0
LINE
8
BLACK
6
CONTINUOUS
10
62.3159609999999944
20
-25.6005000000000003
11
62.315961999999999
21
-25.6005000000000003
0
LINE
8
BLACK
6
CONTINUOUS
10
62.315961999999999
20
-25.6005000000000003
11
62.5647850000000005
21
-25.5610900000000001
0
LINE
8
BLACK
6
CONTINUOUS
10
62.5647850000000005
20
-25.5610900000000001
11
62.8043789999999973
21
-25.4832409999999996
0
LINE
8
BLACK
6
CONTINUOUS
10
62.8043789999999973
20
-25.4832409999999996
11
63.0288449999999969
21
-25.3688699999999976
0
LINE
8
BLACK
6
CONTINUOUS
10
63.0288449999999969
20
-25.3688699999999976
11
63.2326559999999986
21
-25.2207930000000005
0
LINE
8
BLACK
6
CONTINUOUS
10
63.2326559999999986
20
-25.2207930000000005
11
63.4107929999999982
21
-25.0426559999999974
0
LINE
8
BLACK
6
CONTINUOUS
10
63.4107929999999982
20
-25.0426559999999974
11
63.5588699999999989
21
-24.8388449999999992
0
LINE
8
BLACK
6
CONTINUOUS
10
63.5588699999999989
20
-24.8388449999999992
11
63.6732409999999973
21
-24.6143789999999996
0
LINE
8
BLACK
6
CONTINUOUS
10
63.6732409999999973
20
-24.6143789999999996
11
63.7510899999999978
21
-24.3747849999999993
0
LINE
8
BLACK
6
CONTINUOUS
10
63.7510899999999978
20
-24.3747849999999993
11
63.7904999999999944
21
-24.1259619999999977
0
LINE
8
BLACK
6
CONTINUOUS
10
63.7904999999999944
20
-24.1259619999999977
11
63.7904999999999944
21
-23.8740379999999988
0
LINE
8
BLACK
6
CONTINUOUS
10
63.7904999999999944
20
-23.8740379999999988
11
63.7510899999999978
21
-23.6252149999999972
0
LINE
8
BLACK
6
CONTINUOUS
10
63.7510899999999978
20
-23.6252149999999972
11
63.6732409999999973
21
-23.3856210000000004
0
LINE
8
BLACK
6
CONTINUOUS
10
63.6732409999999973
20
-23.3856210000000004
11
63.6732389999999953
21
-23.3856179999999974
0
LINE
8
BLACK
6
CONTINUOUS
10
63.6732389999999953
20
-23.3856179999999974
11
63.6732389999999953
21
-23.3856159999999988
0
LINE
8
BLACK
6
CONTINUOUS
10
63.6732389999999953
20
-23.3856159999999988
11
63.6317469999999972
21
-23.3041839999999993
0
LINE
8
BLACK
6
CONTINUOUS
10
63.6317469999999972
20
-23.3041839999999993
11
63.5588699999999989
21
-23.1611549999999973
0
LINE
8
BLACK
6
CONTINUOUS
10
63.5588699999999989
20
-23.1611549999999973
11
63.5399519999999995
21
-23.1351169999999975
0
LINE
8
BLACK
6
CONTINUOUS
10
63.5399519999999995
20
-23.1351169999999975
11
63.4107979999999998
21
-22.9573499999999981
0
LINE
8
BLACK
6
CONTINUOUS
10
63.4107979999999998
20
-22.9573499999999981
11
63.4107939999999957
21
-22.9573450000000001
0
LINE
8
BLACK
6
CONTINUOUS
10
63.4107939999999957
20
-22.9573450000000001
11
63.2326539999999966
21
-22.7792049999999975
0
LINE
8
BLACK
6
CONTINUOUS
10
63.2326539999999966
20
-22.7792049999999975
11
63.232648999999995
21
-22.7792010000000005
0
LINE
8
BLACK
6
CONTINUOUS
10
63.232648999999995
20
-22.7792010000000005
11
63.0288479999999964
21
-22.6311319999999974
0
LINE
8
BLACK
6
CONTINUOUS
10
63.0288479999999964
20
-22.6311319999999974
11
63.028846999999999
21
-22.6311309999999999
0
LINE
8
BLACK
6
CONTINUOUS
10
63.028846999999999
20
-22.6311309999999999
11
63.0288449999999969
21
-22.6311299999999989
0
LINE
8
BLACK
6
CONTINUOUS
10
63.0288449999999969
20
-22.6311299999999989
11
62.9587469999999954
21
-22.5954130000000006
0
LINE
8
BLACK
6
CONTINUOUS
10
62.9587469999999954
20
-22.5954130000000006
11
62.8043829999999943
21
-22.5167599999999979
0
LINE
8
BLACK
6
CONTINUOUS
10
62.8043829999999943
20
-22.5167599999999979
11
62.5647850000000005
21
-22.4389099999999999
0
LINE
8
BLACK
6
CONTINUOUS
10
62.5647850000000005
20
-22.4389099999999999
11
62.315961999999999
21
-22.3994999999999997
0
LINE
8
BLACK
6
CONTINUOUS
10
62.315961999999999
20
-22.3994999999999997
11
62.0640379999999965
21
-22.3994999999999997
0
LINE
8
BLACK
6
CONTINUOUS
10
62.0640379999999965
20
-22.3994999999999997
11
61.939625999999997
21
-22.4192049999999981
0
LINE
8
BLACK
6
CONTINUOUS
10
61.939625999999997
20
-22.4192049999999981
11
61.8152139999999974
21
-22.4389099999999999
0
LINE
8
BLACK
6
CONTINUOUS
10
61.8152139999999974
20
-22.4389099999999999
11
61.5756159999999966
21
-22.5167599999999979
0
LINE
8
BLACK
6
CONTINUOUS
10
61.5756159999999966
20
-22.5167599999999979
11
61.3511509999999944
21
-22.6311319999999974
0
LINE
8
BLACK
6
CONTINUOUS
10
61.3511509999999944
20
-22.6311319999999974
11
61.1473499999999959
21
-22.7792010000000005
0
LINE
8
BLACK
6
CONTINUOUS
10
61.1473499999999959
20
-22.7792010000000005
11
61.1473449999999943
21
-22.7792049999999975
0
LINE
8
BLACK
6
CONTINUOUS
10
61.1473449999999943
20
-22.7792049999999975
11
60.9692049999999952
21
-22.9573450000000001
0
LINE
8
BLACK
6
CONTINUOUS
10
60.9692049999999952
20
-22.9573450000000001
11
60.9692009999999982
21
-22.9573499999999981
0
LINE
8
BLACK
6
CONTINUOUS
10
60.9692009999999982
20
-22.9573499999999981
11
60.8211319999999986
21
-23.1611510000000003
0
LINE
8
BLACK
6
CONTINUOUS
10
60.8211319999999986
20
-23.1611510000000003
11
60.7067599999999956
21
-23.3856159999999988
0
LINE
8
BLACK
6
CONTINUOUS
10
60.7067599999999956
20
-23.3856159999999988
11
60.6289099999999976
21
-23.6252139999999997
0
LINE
8
BLACK
6
CONTINUOUS
10
60.6289099999999976
20
-23.6252139999999997
11
60.5894999999999939
21
-23.8740379999999988
0
LINE
8
BLACK
6
CONTINUOUS
10
60.5894999999999939
20
-23.8740379999999988
11
60.5894999999999939
21
-24.1259610000000002
0
LINE
8
BLACK
6
CONTINUOUS
10
68.2094999999999914
20
-24.1259610000000002
11
68.2489099999999951
21
-24.3747849999999993
0
LINE
8
BLACK
6
CONTINUOUS
10
68.2489099999999951
20
-24.3747849999999993
11
68.3267599999999931
21
-24.6143830000000001
0
LINE
8
BLACK
6
CONTINUOUS
10
68.3267599999999931
20
-24.6143830000000001
11
68.4411319999999961
21
-24.8388479999999987
0
LINE
8
BLACK
6
CONTINUOUS
10
68.4411319999999961
20
-24.8388479999999987
11
68.5892010000000028
21
-25.0426489999999973
0
LINE
8
BLACK
6
CONTINUOUS
10
68.5892010000000028
20
-25.0426489999999973
11
68.5892049999999927
21
-25.0426539999999989
0
LINE
8
BLACK
6
CONTINUOUS
10
68.5892049999999927
20
-25.0426539999999989
11
68.7673449999999917
21
-25.2207939999999979
0
LINE
8
BLACK
6
CONTINUOUS
10
68.7673449999999917
20
-25.2207939999999979
11
68.7673499999999933
21
-25.2207979999999985
0
LINE
8
BLACK
6
CONTINUOUS
10
68.7673499999999933
20
-25.2207979999999985
11
68.9451169999999962
21
-25.3499519999999983
0
LINE
8
BLACK
6
CONTINUOUS
10
68.9451169999999962
20
-25.3499519999999983
11
68.971154999999996
21
-25.3688699999999976
0
LINE
8
BLACK
6
CONTINUOUS
10
68.971154999999996
20
-25.3688699999999976
11
69.1141839999999945
21
-25.4417469999999994
0
LINE
8
BLACK
6
CONTINUOUS
10
69.1141839999999945
20
-25.4417469999999994
11
69.1956160000000011
21
-25.4832389999999975
0
LINE
8
BLACK
6
CONTINUOUS
10
69.1956160000000011
20
-25.4832389999999975
11
69.1956179999999961
21
-25.4832389999999975
0
LINE
8
BLACK
6
CONTINUOUS
10
69.1956179999999961
20
-25.4832389999999975
11
69.1956210000000027
21
-25.4832409999999996
0
LINE
8
BLACK
6
CONTINUOUS
10
69.1956210000000027
20
-25.4832409999999996
11
69.4352149999999995
21
-25.5610900000000001
0
LINE
8
BLACK
6
CONTINUOUS
10
69.4352149999999995
20
-25.5610900000000001
11
69.684038000000001
21
-25.6005000000000003
0
LINE
8
BLACK
6
CONTINUOUS
10
69.684038000000001
20
-25.6005000000000003
11
69.6840389999999985
21
-25.6005000000000003
0
LINE
8
BLACK
6
CONTINUOUS
10
69.6840389999999985
20
-25.6005000000000003
11
69.9359609999999918
21
-25.6005000000000003
0
LINE
8
BLACK
6
CONTINUOUS
10
69.9359609999999918
20
-25.6005000000000003
11
69.9359620000000035
21
-25.6005000000000003
0
LINE
8
BLACK
6
CONTINUOUS
10
69.9359620000000035
20
-25.6005000000000003
11
70.1847849999999909
21
-25.5610900000000001
0
LINE
8
BLACK
6
CONTINUOUS
10
70.1847849999999909
20
-25.5610900000000001
11
70.4243790000000018
21
-25.4832409999999996
0
LINE
8
BLACK
6
CONTINUOUS
10
70.4243790000000018
20
-25.4832409999999996
11
70.6488449999999943
21
-25.3688699999999976
0
LINE
8
BLACK
6
CONTINUOUS
10
70.6488449999999943
20
-25.3688699999999976
11
70.8526559999999961
21
-25.2207930000000005
0
LINE
8
BLACK
6
CONTINUOUS
10
70.8526559999999961
20
-25.2207930000000005
11
71.0307930000000027
21
-25.0426559999999974
0
LINE
8
BLACK
6
CONTINUOUS
10
71.0307930000000027
20
-25.0426559999999974
11
71.1788700000000034
21
-24.8388449999999992
0
LINE
8
BLACK
6
CONTINUOUS
10
71.1788700000000034
20
-24.8388449999999992
11
71.2932409999999948
21
-24.6143789999999996
0
LINE
8
BLACK
6
CONTINUOUS
10
71.2932409999999948
20
-24.6143789999999996
11
71.3710899999999953
21
-24.3747849999999993
0
LINE
8
BLACK
6
CONTINUOUS
10
71.3710899999999953
20
-24.3747849999999993
11
71.410499999999999
21
-24.1259619999999977
0
LINE
8
BLACK
6
CONTINUOUS
10
71.410499999999999
20
-24.1259619999999977
11
71.410499999999999
21
-23.8740379999999988
0
LINE
8
BLACK
6
CONTINUOUS
10
71.410499999999999
20
-23.8740379999999988
11
71.3710899999999953
21
-23.6252149999999972
0
LINE
8
BLACK
6
CONTINUOUS
10
71.3710899999999953
20
-23.6252149999999972
11
71.2932409999999948
21
-23.3856210000000004
0
LINE
8
BLACK
6
CONTINUOUS
10
71.2932409999999948
20
-23.3856210000000004
11
71.2932389999999998
21
-23.3856179999999974
0
LINE
8
BLACK
6
CONTINUOUS
10
71.2932389999999998
20
-23.3856179999999974
11
71.2932389999999998
21
-23.3856159999999988
0
LINE
8
BLACK
6
CONTINUOUS
10
71.2932389999999998
20
-23.3856159999999988
11
71.2517469999999946
21
-23.3041839999999993
0
LINE
8
BLACK
6
CONTINUOUS
10
71.2517469999999946
20
-23.3041839999999993
11
71.1788700000000034
21
-23.1611549999999973
0
LINE
8
BLACK
6
CONTINUOUS
10
71.1788700000000034
20
-23.1611549999999973
11
71.1599519999999899
21
-23.1351169999999975
0
LINE
8
BLACK
6
CONTINUOUS
10
71.1599519999999899
20
-23.1351169999999975
11
71.0307979999999901
21
-22.9573499999999981
0
LINE
8
BLACK
6
CONTINUOUS
10
71.0307979999999901
20
-22.9573499999999981
11
71.0307940000000002
21
-22.9573450000000001
0
LINE
8
BLACK
6
CONTINUOUS
10
71.0307940000000002
20
-22.9573450000000001
11
70.8526540000000011
21
-22.7792049999999975
0
LINE
8
BLACK
6
CONTINUOUS
10
70.8526540000000011
20
-22.7792049999999975
11
70.8526489999999995
21
-22.7792010000000005
0
LINE
8
BLACK
6
CONTINUOUS
10
70.8526489999999995
20
-22.7792010000000005
11
70.648848000000001
21
-22.6311319999999974
0
LINE
8
BLACK
6
CONTINUOUS
10
70.648848000000001
20
-22.6311319999999974
11
70.6488470000000035
21
-22.6311309999999999
0
LINE
8
BLACK
6
CONTINUOUS
10
70.6488470000000035
20
-22.6311309999999999
11
70.6488449999999943
21
-22.6311299999999989
0
LINE
8
BLACK
6
CONTINUOUS
10
70.6488449999999943
20
-22.6311299999999989
11
70.5787469999999928
21
-22.5954130000000006
0
LINE
8
BLACK
6
CONTINUOUS
10
70.5787469999999928
20
-22.5954130000000006
11
70.4243829999999917
21
-22.5167599999999979
0
LINE
8
BLACK
6
CONTINUOUS
10
70.4243829999999917
20
-22.5167599999999979
11
70.1847849999999909
21
-22.4389099999999999
0
LINE
8
BLACK
6
CONTINUOUS
10
70.1847849999999909
20
-22.4389099999999999
11
69.9359620000000035
21
-22.3994999999999997
0
LINE
8
BLACK
6
CONTINUOUS
10
69.9359620000000035
20
-22.3994999999999997
11
69.684038000000001
21
-22.3994999999999997
0
LINE
8
BLACK
6
CONTINUOUS
10
69.684038000000001
20
-22.3994999999999997
11
69.5596259999999944
21
-22.4192049999999981
0
LINE
8
BLACK
6
CONTINUOUS
10
69.5596259999999944
20
-22.4192049999999981
11
69.435214000000002
21
-22.4389099999999999
0
LINE
8
BLACK
6
CONTINUOUS
10
69.435214000000002
20
-22.4389099999999999
11
69.1956160000000011
21
-22.5167599999999979
0
LINE
8
BLACK
6
CONTINUOUS
10
69.1956160000000011
20
-22.5167599999999979
11
68.9711509999999919
21
-22.6311319999999974
0
LINE
8
BLACK
6
CONTINUOUS
10
68.9711509999999919
20
-22.6311319999999974
11
68.7673499999999933
21
-22.7792010000000005
0
LINE
8
BLACK
6
CONTINUOUS
10
68.7673499999999933
20
-22.7792010000000005
11
68.7673449999999917
21
-22.7792049999999975
0
LINE
8
BLACK
6
CONTINUOUS
10
68.7673449999999917
20
-22.7792049999999975
11
68.5892049999999927
21
-22.9573450000000001
0
LINE
8
BLACK
6
CONTINUOUS
10
68.5892049999999927
20
-22.9573450000000001
11
68.5892010000000028
21
-22.9573499999999981
0
LINE
8
BLACK
6
CONTINUOUS
10
68.5892010000000028
20
-22.9573499999999981
11
68.4411319999999961
21
-23.1611510000000003
0
LINE
8
BLACK
6
CONTINUOUS
10
68.4411319999999961
20
-23.1611510000000003
11
68.3267599999999931
21
-23.3856159999999988
0
LINE
8
BLACK
6
CONTINUOUS
10
68.3267599999999931
20
-23.3856159999999988
11
68.2489099999999951
21
-23.6252139999999997
0
LINE
8
BLACK
6
CONTINUOUS
10
68.2489099999999951
20
-23.6252139999999997
11
68.2094999999999914
21
-23.8740379999999988
0
LINE
8
BLACK
6
CONTINUOUS
10
68.2094999999999914
20
-23.8740379999999988
11
68.2094999999999914
21
-24.1259610000000002
0
LINE
8
BLACK
6
CONTINUOUS
10
46.7633569999999992
20
-25.4116549999999997
11
46.7633569999999992
21
-23.8740379999999988
0
LINE
8
BLACK
6
CONTINUOUS
10
46.7633569999999992
20
-23.8740379999999988
11
46.7633569999999992
21
-21.9949839999999988
0
LINE
8
BLACK
6
CONTINUOUS
10
46.7633569999999992
20
-21.9949839999999988
11
41.1380709999999965
21
-21.9949839999999988
0
LINE
8
BLACK
6
CONTINUOUS
10
41.1380709999999965
20
-21.9949839999999988
11
41.1380709999999965
21
-25.4116549999999997
0
LINE
8
BLACK
6
CONTINUOUS
10
41.1380709999999965
20
-25.4116549999999997
11
46.7633569999999992
21
-25.4116549999999997
0
LINE
8
BLACK
6
CONTINUOUS
10
36.9555000000000007
20
-24.4105530000000002
11
36.9555000000000007
21
-20.9949839999999988
0
LINE
8
BLACK
6
CONTINUOUS
10
36.9555000000000007
20
-20.9949839999999988
11
32.9730709999999974
21
-20.9949839999999988
0
LINE
8
BLACK
6
CONTINUOUS
10
32.9730709999999974
20
-20.9949839999999988
11
32.9730709999999974
21
-24.4105530000000002
0
LINE
8
BLACK
6
CONTINUOUS
10
32.9730709999999974
20
-24.4105530000000002
11
36.9555000000000007
21
-24.4105530000000002
0
CIRCLE
8
BLACK
10
96.5
20
-56.
40
0.175
0
CIRCLE
8
BLACK
10
101.5
20
-56.
40
0.175
0
CIRCLE
8
BLACK
10
62.1899999999999977
20
-76.
40
0.175
0
CIRCLE
8
BLACK
10
69.8100000000000023
20
-76.
40
0.175
0
CIRCLE
8
BLACK
10
62.1899999999999977
20
-24.
40
0.175
0
CIRCLE
8
BLACK
10
69.8100000000000023
20
-24.
40
0.175
0
CIRCLE
8
BLACK
10
96.5
20
-28.
40
0.175
0
CIRCLE
8
BLACK
10
101.5
20
-28.
40
0.175
0
CIRCLE
8
BLACK
10
82.1899999999999977
20
-37.1899999999999977
40
0.175
0
CIRCLE
8
BLACK
10
82.1899999999999977
20
-39.7299999999999969
40
0.175
0
CIRCLE
8
BLACK
10
82.1899999999999977
20
-42.269999999999996
40
0.175
0
CIRCLE
8
BLACK
10
82.1899999999999977
20
-44.8099999999999952
40
0.175
0
CIRCLE
8
BLACK
10
89.8100000000000023
20
-44.8099999999999952
40
0.175
0
CIRCLE
8
BLACK
10
89.8100000000000023
20
-42.269999999999996
40
0.175
0
CIRCLE
8
BLACK
10
89.8100000000000023
20
-39.7299999999999969
40
0.175
0
CIRCLE
8
BLACK
10
89.8100000000000023
20
-37.1899999999999977
40
0.175
0
CIRCLE
8
BLACK
10
37.5399999999999991
20
-82.
40
0.175
0
CIRCLE
8
BLACK
10
32.4600000000000009
20
-82.
40
0.175
0
CIRCLE
8
BLACK
10
37.5399999999999991
20
-30.
40
0.175
0
CIRCLE
8
BLACK
10
32.4600000000000009
20
-30.
40
0.175
0
CIRCLE
8
BLACK
10
62.1899999999999977
20
-62.
40
0.175
0
CIRCLE
8
BLACK
10
69.8100000000000023
20
-62.
40
0.175
0
CIRCLE
8
BLACK
10
37.5399999999999991
20
-56.
40
0.175
0
CIRCLE
8
BLACK
10
32.4600000000000009
20
-56.
40
0.175
0
CIRCLE
8
BLACK
10
48.1899999999999977
20
-82.
40
0.175
0
CIRCLE
8
BLACK
10
55.8099999999999952
20
-82.
40
0.175
0
CIRCLE
8
BLACK
10
62.1899999999999977
20
-88.
40
0.175
0
CIRCLE
8
BLACK
10
69.8100000000000023
20
-88.
40
0.175
0
CIRCLE
8
BLACK
10
62.1899999999999977
20
-36.
40
0.175
0
CIRCLE
8
BLACK
10
69.8100000000000023
20
-36.
40
0.175
0
CIRCLE
8
BLACK
10
62.1899999999999977
20
-50.
40
0.175
0
CIRCLE
8
BLACK
10
69.8100000000000023
20
-50.
40
0.175
0
CIRCLE
8
BLACK
10
48.1899999999999977
20
-56.
40
0.175
0
CIRCLE
8
BLACK
10
55.8099999999999952
20
-56.
40
0.175
0
CIRCLE
8
BLACK
10
48.1899999999999977
20
-30.
40
0.175
0
CIRCLE
8
BLACK
10
55.8099999999999952
20
-30.
40
0.175
0
CIRCLE
8
BLACK
10
82.1899999999999977
20
-68.1899999999999977
40
0.175
0
CIRCLE
8
BLACK
10
82.1899999999999977
20
-70.7299999999999898
40
0.175
0
CIRCLE
8
BLACK
10
82.1899999999999977
20
-73.269999999999996
40
0.175
0
CIRCLE
8
BLACK
10
82.1899999999999977
20
-75.8100000000000023
40
0.175
0
CIRCLE
8
BLACK
10
89.8100000000000023
20
-75.8100000000000023
40
0.175
0
CIRCLE
8
BLACK
10
89.8100000000000023
20
-73.269999999999996
40
0.175
0
CIRCLE
8
BLACK
10
89.8100000000000023
20
-70.7299999999999898
40
0.175
0
CIRCLE
8
BLACK
10
89.8100000000000023
20
-68.1899999999999977
40
0.175
0
CIRCLE
8
BLACK
10
125.
20
-48.9199999999999946
40
0.175
0
CIRCLE
8
BLACK
10
125.
20
-51.4600000000000009
40
0.175
0
CIRCLE
8
BLACK
10
125.
20
-54.
40
0.175
0
CIRCLE
8
BLACK
10
125.
20
-56.5399999999999991
40
0.175
0
CIRCLE
8
BLACK
10
125.
20
-59.0799999999999983
40
0.175
0
LINE
8
WHITE
6
CONTINUOUS
10
20.
20
-20.
11
140.
21
-20.
0
LINE
8
WHITE
6
CONTINUOUS
10
140.
20
-20.
11
140.
21
-100.
0
LINE
8
WHITE
6
CONTINUOUS
10
140.
20
-100.
11
20.
21
-100.
0
LINE
8
WHITE
6
CONTINUOUS
10
20.
20
-100.
11
20.
21
-20.
0
CIRCLE
8
WHITE
10
96.5
20
-56.
40
0.175
0
CIRCLE
8
WHITE
10
101.5
20
-56.
40
0.175
0
CIRCLE
8
WHITE
10
62.1899999999999977
20
-76.
40
0.175
0
CIRCLE
8
WHITE
10
69.8100000000000023
20
-76.
40
0.175
0
CIRCLE
8
WHITE
10
62.1899999999999977
20
-24.
40
0.175
0
CIRCLE
8
WHITE
10
69.8100000000000023
20
-24.
40
0.175
0
CIRCLE
8
WHITE
10
96.5
20
-28.
40
0.175
0
CIRCLE
8
WHITE
10
101.5
20
-28.
40
0.175
0
CIRCLE
8
WHITE
10
82.1899999999999977
20
-37.1899999999999977
40
0.175
0
CIRCLE
8
WHITE
10
82.1899999999999977
20
-39.7299999999999969
40
0.175
0
CIRCLE
8
WHITE
10
82.1899999999999977
20
-42.269999999999996
40
0.175
0
CIRCLE
8
WHITE
10
82.1899999999999977
20
-44.8099999999999952
40
0.175
0
CIRCLE
8
WHITE
10
89.8100000000000023
20
-44.8099999999999952
40
0.175
0
CIRCLE
8
WHITE
10
89.8100000000000023
20
-42.269999999999996
40
0.175
0
CIRCLE
8
WHITE
10
89.8100000000000023
20
-39.7299999999999969
40
0.175
0
CIRCLE
8
WHITE
10
89.8100000000000023
20
-37.1899999999999977
40
0.175
0
CIRCLE
8
WHITE
10
37.5399999999999991
20
-82.
40
0.175
0
CIRCLE
8
WHITE
10
32.4600000000000009
20
-82.
40
0.175
0
CIRCLE
8
WHITE
10
37.5399999999999991
20
-30.
40
0.175
0
CIRCLE
8
WHITE
10
32.4600000000000009
20
-30.
40
0.175
0
CIRCLE
8
WHITE
10
62.1899999999999977
20
-62.
40
0.175
0
CIRCLE
8
WHITE
10
69.8100000000000023
20
-62.
40
0.175
0
CIRCLE
8
WHITE
10
37.5399999999999991
20
-56.
40
0.175
0
CIRCLE
8
WHITE
10
32.4600000000000009
20
-56.
40
0.175
0
CIRCLE
8
WHITE
10
48.1899999999999977
20
-82.
40
0.175
0
CIRCLE
8
WHITE
10
55.8099999999999952
20
-82.
40
0.175
0
CIRCLE
8
WHITE
10
62.1899999999999977
20
-88.
40
0.175
0
CIRCLE
8
WHITE
10
69.8100000000000023
20
-88.
40
0.175
0
CIRCLE
8
WHITE
10
62.1899999999999977
20
-36.
40
0.175
0
CIRCLE
8
WHITE
10
69.8100000000000023
20
-36.
40
0.175
0
CIRCLE
8
WHITE
10
62.1899999999999977
20
-50.
40
0.175
0
CIRCLE
8
WHITE
10
69.8100000000000023
20
-50.
40
0.175
0
CIRCLE
8
WHITE
10
48.1899999999999977
20
-56.
40
0.175
0
CIRCLE
8
WHITE
10
55.8099999999999952
20
-56.
40
0.175
0
CIRCLE
8
WHITE
10
48.1899999999999977
20
-30.
40
0.175
0
CIRCLE
8
WHITE
10
55.8099999999999952
20
-30.
40
0.175
0
CIRCLE
8
WHITE
10
82.1899999999999977
20
-68.1899999999999977
40
0.175
0
CIRCLE
8
WHITE
10
82.1899999999999977
20
-70.7299999999999898
40
0.175
0
CIRCLE
8
WHITE
10
82.1899999999999977
20
-73.269999999999996
40
0.175
0
CIRCLE
8
WHITE
10
82.1899999999999977
20
-75.8100000000000023
40
0.175
0
CIRCLE
8
WHITE
10
89.8100000000000023
20
-75.8100000000000023
40
0.175
0
CIRCLE
8
WHITE
10
89.8100000000000023
20
-73.269999999999996
40
0.175
0
CIRCLE
8
WHITE
10
89.8100000000000023
20
-70.7299999999999898
40
0.175
0
CIRCLE
8
WHITE
10
89.8100000000000023
20
-68.1899999999999977
40
0.175
0
CIRCLE
8
WHITE
10
125.
20
-48.9199999999999946
40
0.175
0
CIRCLE
8
WHITE
10
125.
20
-51.4600000000000009
40
0.175
0
CIRCLE
8
WHITE
10
125.
20
-54.
40
0.175
0
CIRCLE
8
WHITE
10
125.
20
-56.5399999999999991
40
0.175
0
CIRCLE
8
WHITE
10
125.
20
-59.0799999999999983
40
0.175
  0
ENDSEC
  0
EOF
